activation_ge_10pct,activation_ge_1pct,activation_ge_25pct,activation_ge_5pct,activation_n50,activation_n80,activation_n80_fraction,activation_n90,activation_observed,activation_occurrences,all_predictions_correct_for_source_label,class_id,images,selected_occurrences_outside_vocabulary,selected_threshold_joint_occurrences,selection_ge_10pct,selection_ge_1pct,selection_ge_25pct,selection_ge_5pct,selection_n50,selection_n80,selection_n80_fraction,selection_n90,selection_observed,selection_occurrences,source_label,split,vocabulary_size_physical,vocabulary_size_signed
1,1,1,1,1,1,1.0,1,1,1266,True,0,1266,0,1266,1,1,1,1,1,1,1.0,1,1,1266,0,train,1,1
1,1,1,1,1,1,0.5,1,2,1297,True,1,1291,0,1292,1,1,1,1,1,1,0.5,1,2,1292,1,train,2,2
4,7,2,6,2,3,0.375,4,8,2946,True,2,1211,0,1250,1,4,1,2,1,1,0.125,2,8,1250,2,train,8,8
1,2,1,1,1,1,0.5,1,2,1229,True,3,1211,0,1217,1,1,1,1,1,1,0.5,1,2,1217,3,train,2,2
2,7,2,3,2,2,0.2222222222222222,3,9,2696,True,4,1239,0,1443,2,3,1,2,1,1,0.1111111111111111,2,9,1443,4,train,9,9
11,17,8,13,4,8,0.36363636363636365,10,22,5561,True,5,1093,0,1806,2,11,2,4,1,3,0.13636363636363635,5,22,1806,5,train,22,22
2,2,1,2,1,2,0.6666666666666666,2,3,1525,True,6,1242,0,1243,2,2,1,2,1,1,0.3333333333333333,2,3,1243,6,train,3,3
4,6,4,5,2,3,0.3,4,10,3344,True,7,1186,0,1621,3,3,3,3,2,3,0.3,3,10,1621,7,train,10,10
4,5,4,5,2,3,0.5,4,6,3112,True,8,1171,0,1270,1,3,1,1,1,1,0.16666666666666666,1,6,1270,8,train,6,6
2,2,2,2,1,2,1.0,2,2,1557,True,9,1295,0,1295,2,2,2,2,1,2,1.0,2,2,1295,9,train,2,2
1,1,1,1,1,1,1.0,1,1,1271,True,10,1271,0,1271,1,1,1,1,1,1,1.0,1,1,1271,10,train,1,1
1,1,1,1,1,1,0.5,1,2,1303,True,11,1296,0,1298,1,1,1,1,1,1,0.5,1,2,1298,11,train,2,2
1,2,1,1,1,1,0.5,1,2,1324,True,12,1281,0,1296,1,2,1,1,1,1,0.5,1,2,1296,12,train,2,2
8,10,5,9,3,5,0.45454545454545453,6,11,5601,True,13,1285,0,2446,2,9,2,3,2,2,0.18181818181818182,3,11,2446,13,train,11,11
1,2,1,2,1,1,0.5,1,2,1359,True,14,1291,0,1291,1,2,1,1,1,1,0.5,1,2,1291,14,train,2,2
6,7,5,7,3,4,0.4444444444444444,5,9,5469,True,15,1284,0,1337,1,5,1,1,1,1,0.1111111111111111,1,9,1337,15,train,9,9
2,2,2,2,1,2,1.0,2,2,2490,True,16,1295,0,1295,2,2,1,2,1,2,1.0,2,2,1295,16,train,2,2
1,1,1,1,1,1,1.0,1,1,1287,True,17,1287,0,1287,1,1,1,1,1,1,1.0,1,1,1287,17,train,1,1
2,4,2,3,1,2,0.2857142857142857,2,7,2137,True,18,1271,0,1282,1,1,1,1,1,1,0.14285714285714285,1,7,1282,18,train,7,7
3,4,3,4,2,3,0.5,3,6,3253,True,19,1296,0,1322,1,2,1,1,1,1,0.16666666666666666,1,6,1322,19,train,6,6
2,2,1,2,1,1,0.5,2,2,1399,True,20,1266,0,1266,1,2,1,1,1,1,0.5,1,2,1266,20,train,2,2
2,8,2,5,1,3,0.2727272727272727,4,11,2072,True,21,1249,0,1298,1,3,1,1,1,1,0.09090909090909091,1,11,1298,21,train,11,11
2,3,1,2,1,2,0.4,2,5,1602,True,22,1279,0,1293,1,1,1,1,1,1,0.2,1,5,1293,22,train,5,5
3,6,3,3,2,3,0.42857142857142855,3,7,2733,True,23,1270,0,1344,1,3,1,2,1,1,0.14285714285714285,2,7,1344,23,train,7,7
1,1,1,1,1,1,1.0,1,1,1291,True,24,1291,0,1291,1,1,1,1,1,1,1.0,1,1,1291,24,train,1,1
2,2,2,2,1,2,0.6666666666666666,2,3,2233,True,25,1264,0,1266,1,1,1,1,1,1,0.3333333333333333,1,3,1266,25,train,3,3
19,30,13,23,6,13,0.3939393939393939,17,33,8452,True,26,1080,0,2427,3,12,2,5,2,3,0.09090909090909091,5,33,2427,26,train,33,33
1,1,1,1,1,1,0.25,1,4,1224,True,27,1210,0,1216,1,1,1,1,1,1,0.25,1,4,1216,27,train,4,4
2,2,2,2,1,2,0.5,2,4,2326,True,28,1229,0,1591,2,2,2,2,1,2,0.5,2,4,1591,28,train,4,4
1,1,1,1,1,1,0.5,1,2,1276,True,29,1275,0,1275,1,1,1,1,1,1,0.5,1,2,1275,29,train,2,2
3,3,1,3,1,2,0.5,3,4,1678,True,30,1210,0,1219,1,1,1,1,1,1,0.25,1,4,1219,30,train,4,4
1,1,1,1,1,1,0.5,1,2,1255,True,31,1252,0,1253,1,1,1,1,1,1,0.5,1,2,1253,31,train,2,2
1,1,1,1,1,1,1.0,1,1,1157,True,32,1157,0,1157,1,1,1,1,1,1,1.0,1,1,1157,32,train,1,1
1,1,1,1,1,1,1.0,1,1,1239,True,33,1239,0,1239,1,1,1,1,1,1,1.0,1,1,1239,33,train,1,1
12,31,6,18,4,10,0.18867924528301888,16,53,6520,True,34,1127,0,1447,1,7,1,2,1,2,0.03773584905660377,5,53,1447,34,train,53,53
7,13,6,8,3,5,0.2631578947368421,6,19,5065,True,35,1119,0,2257,3,7,2,3,2,2,0.10526315789473684,3,19,2257,35,train,19,19
9,16,5,11,3,5,0.16666666666666666,8,30,5375,True,36,1015,0,1993,3,6,2,5,2,2,0.06666666666666667,4,30,1993,36,train,30,30
1,1,1,1,1,1,1.0,1,1,1230,True,37,1230,0,1230,1,1,1,1,1,1,1.0,1,1,1230,37,train,1,1
2,10,2,3,1,2,0.16666666666666666,5,12,2158,True,38,1200,0,1231,1,1,1,1,1,1,0.08333333333333333,1,12,1231,38,train,12,12
1,1,1,1,1,1,1.0,1,1,1252,True,39,1252,0,1252,1,1,1,1,1,1,1.0,1,1,1252,39,train,1,1
1,1,1,1,1,1,1.0,1,1,1204,True,40,1204,0,1204,1,1,1,1,1,1,1.0,1,1,1204,40,train,1,1
2,3,1,2,1,1,0.2,2,5,1469,True,41,1196,0,1210,1,3,1,1,1,1,0.2,1,5,1210,41,train,5,5
3,3,1,3,1,2,0.6666666666666666,2,3,1593,True,42,1235,0,1270,1,2,1,1,1,1,0.3333333333333333,1,3,1270,42,train,3,3
2,2,2,2,1,2,0.5,2,4,1446,True,43,1051,0,1121,1,2,1,2,1,1,0.25,1,4,1121,43,train,4,4
7,13,4,9,2,4,0.25,7,16,4053,True,44,1167,0,1259,1,2,1,2,1,1,0.0625,1,16,1259,44,train,16,16
1,1,1,1,1,1,1.0,1,1,1271,True,45,1271,0,1271,1,1,1,1,1,1,1.0,1,1,1271,45,train,1,1
37,68,21,48,12,26,0.2736842105263158,35,95,12030,True,46,735,0,2878,9,36,3,16,3,14,0.14736842105263157,24,95,2878,46,train,95,95
1,1,1,1,1,1,1.0,1,1,1271,True,47,1271,0,1271,1,1,1,1,1,1,1.0,1,1,1271,47,train,1,1
1,1,1,1,1,1,1.0,1,1,1291,True,48,1291,0,1291,1,1,1,1,1,1,1.0,1,1,1291,48,train,1,1
6,10,3,9,2,5,0.45454545454545453,7,11,2875,True,49,1226,0,1264,1,2,1,1,1,1,0.09090909090909091,1,11,1264,49,train,11,11
2,3,2,2,1,2,0.4,2,5,2049,True,50,1251,0,1255,1,1,1,1,1,1,0.2,1,5,1255,50,train,5,5
2,2,2,2,1,2,1.0,2,2,1643,True,51,1262,0,1262,2,2,2,2,1,2,1.0,2,2,1262,51,train,2,2
3,6,2,5,1,3,0.3,4,10,1856,True,52,1127,0,1139,1,1,1,1,1,1,0.1,1,10,1139,52,train,10,10
2,3,1,2,1,1,0.2,2,5,1475,True,53,1203,0,1205,1,2,1,1,1,1,0.2,1,5,1205,53,train,5,5
4,5,4,5,2,3,0.3333333333333333,4,9,2590,True,54,1138,0,1315,3,3,1,3,1,2,0.2222222222222222,3,9,1315,54,train,9,9
7,8,5,7,2,4,0.3076923076923077,6,13,3959,True,55,1035,0,2142,4,6,2,4,2,3,0.23076923076923078,3,13,2142,55,train,13,13
2,3,1,2,1,1,0.25,2,4,1427,True,56,1248,0,1258,1,1,1,1,1,1,0.25,1,4,1258,56,train,4,4
1,1,1,1,1,1,1.0,1,1,1289,True,57,1289,0,1289,1,1,1,1,1,1,1.0,1,1,1289,57,train,1,1
3,10,2,8,2,3,0.2727272727272727,5,11,2913,True,58,1157,0,1198,2,3,2,2,1,2,0.18181818181818182,2,11,1198,58,train,11,11
1,1,1,1,1,1,0.5,1,2,1159,True,59,1158,0,1159,1,1,1,1,1,1,0.5,1,2,1159,59,train,2,2
17,31,10,24,6,11,0.3142857142857143,16,35,7135,True,60,862,0,1263,3,8,2,4,2,3,0.08571428571428572,5,35,1263,60,train,35,35
9,17,6,9,3,6,0.16666666666666666,8,36,5250,True,61,1193,0,1323,2,3,1,2,1,1,0.027777777777777776,2,36,1323,61,train,36,36
2,4,2,2,1,2,0.5,2,4,1155,True,62,909,0,944,1,4,1,1,1,1,0.25,1,4,944,62,train,4,4
3,4,3,3,2,3,0.5,3,6,2370,True,63,1251,0,1487,3,3,1,3,1,2,0.3333333333333333,3,6,1487,63,train,6,6
2,4,2,2,1,2,0.3333333333333333,2,6,2134,True,64,1166,0,1443,2,2,1,2,1,1,0.16666666666666666,2,6,1443,64,train,6,6
1,1,1,1,1,1,1.0,1,1,1218,True,65,1218,0,1218,1,1,1,1,1,1,1.0,1,1,1218,65,train,1,1
7,9,5,8,2,5,0.38461538461538464,6,13,2906,True,66,917,0,934,1,1,1,1,1,1,0.07692307692307693,1,13,934,66,train,13,13
7,7,6,7,3,5,0.45454545454545453,6,11,5010,True,67,1142,0,1864,3,6,2,4,1,2,0.18181818181818182,4,11,1864,67,train,11,11
20,33,13,24,7,13,0.25,19,52,6174,True,68,768,0,2403,7,17,4,10,3,6,0.11538461538461539,9,52,2403,68,train,52,52
1,1,1,1,1,1,1.0,1,1,1269,True,69,1269,0,1269,1,1,1,1,1,1,1.0,1,1,1269,69,train,1,1
4,4,4,4,2,3,0.375,4,8,3410,True,70,1252,0,1490,2,4,1,3,1,2,0.25,2,8,1490,70,train,8,8
1,1,1,1,1,1,0.5,1,2,1281,True,71,1279,0,1279,1,1,1,1,1,1,0.5,1,2,1279,71,train,2,2
3,4,3,4,2,3,0.75,3,4,2814,True,72,1251,0,1283,1,3,1,1,1,1,0.25,1,4,1283,72,train,4,4
10,16,8,12,4,7,0.3684210526315789,8,19,6272,True,73,982,0,1396,2,8,2,5,1,4,0.21052631578947367,6,19,1396,73,train,19,19
11,20,9,14,4,7,0.2916666666666667,9,24,4963,True,74,715,0,2297,5,12,5,5,3,4,0.16666666666666666,5,24,2297,74,train,24,24
2,2,2,2,1,2,1.0,2,2,2374,True,75,1273,0,1273,2,2,2,2,1,2,1.0,2,2,1273,75,train,2,2
1,1,1,1,1,1,1.0,1,1,1261,True,76,1261,0,1261,1,1,1,1,1,1,1.0,1,1,1261,76,train,1,1
1,1,1,1,1,1,1.0,1,1,1210,True,77,1210,0,1210,1,1,1,1,1,1,1.0,1,1,1210,77,train,1,1
2,4,2,2,1,2,0.25,2,8,1801,True,78,1248,0,1259,1,2,1,2,1,1,0.125,1,8,1259,78,train,8,8
1,1,1,1,1,1,1.0,1,1,1282,True,79,1282,0,1282,1,1,1,1,1,1,1.0,1,1,1282,79,train,1,1
2,2,1,2,1,1,0.3333333333333333,2,3,1359,True,80,1215,0,1225,1,1,1,1,1,1,0.3333333333333333,1,3,1225,80,train,3,3
1,1,1,1,1,1,1.0,1,1,1266,True,81,1266,0,1266,1,1,1,1,1,1,1.0,1,1,1266,81,train,1,1
11,24,7,14,3,8,0.22857142857142856,11,35,4205,True,82,831,0,1778,2,7,2,2,2,2,0.05714285714285714,2,35,1778,82,train,35,35
1,3,1,2,1,1,0.25,1,4,1314,True,83,1203,0,1205,1,1,1,1,1,1,0.25,1,4,1205,83,train,4,4
1,1,1,1,1,1,0.5,1,2,1299,True,84,1298,0,1299,1,1,1,1,1,1,0.5,1,2,1299,84,train,2,2
1,1,1,1,1,1,0.5,1,2,1240,True,85,1237,0,1239,1,1,1,1,1,1,0.5,1,2,1239,85,train,2,2
1,1,1,1,1,1,1.0,1,1,1150,True,86,1150,0,1150,1,1,1,1,1,1,1.0,1,1,1150,86,train,1,1
1,1,1,1,1,1,1.0,1,1,1293,True,87,1293,0,1293,1,1,1,1,1,1,1.0,1,1,1293,87,train,1,1
1,2,1,2,1,1,0.5,1,2,1399,True,88,1288,0,1288,1,2,1,1,1,1,0.5,1,2,1288,88,train,2,2
1,2,1,1,1,1,0.1111111111111111,1,9,1355,True,89,1292,0,1299,1,1,1,1,1,1,0.1111111111111111,1,9,1299,89,train,9,9
1,1,1,1,1,1,1.0,1,1,1298,True,90,1298,0,1298,1,1,1,1,1,1,1.0,1,1,1298,90,train,1,1
1,1,1,1,1,1,1.0,1,1,1275,True,91,1275,0,1275,1,1,1,1,1,1,1.0,1,1,1275,91,train,1,1
1,1,1,1,1,1,0.25,1,4,1297,True,92,1288,0,1291,1,1,1,1,1,1,0.25,1,4,1291,92,train,4,4
2,2,2,2,1,2,1.0,2,2,2051,True,93,1286,0,1286,2,2,1,2,1,2,1.0,2,2,1286,93,train,2,2
1,1,1,1,1,1,0.5,1,2,1279,True,94,1278,0,1279,1,1,1,1,1,1,0.5,1,2,1279,94,train,2,2
1,1,1,1,1,1,0.3333333333333333,1,3,1288,True,95,1287,0,1288,1,1,1,1,1,1,0.3333333333333333,1,3,1288,95,train,3,3
2,2,1,2,1,1,0.2,2,5,1556,True,96,1280,0,1284,1,1,1,1,1,1,0.2,1,5,1284,96,train,5,5
3,3,3,3,2,2,0.3333333333333333,3,6,2767,True,97,1276,0,1371,1,3,1,2,1,1,0.16666666666666666,1,6,1371,97,train,6,6
2,2,2,2,1,2,0.5,2,4,2182,True,98,1122,0,1127,2,2,1,2,1,1,0.25,2,4,1127,98,train,4,4
2,3,2,2,1,2,0.4,2,5,2461,True,99,1263,0,1268,2,2,2,2,1,2,0.4,2,5,1268,99,train,5,5
1,1,1,1,1,1,0.5,1,2,1294,True,100,1293,0,1294,1,1,1,1,1,1,0.5,1,2,1294,100,train,2,2
11,22,7,15,4,8,0.25,11,32,6367,True,101,1028,0,2098,5,8,3,5,2,4,0.125,5,32,2098,101,train,32,32
1,1,1,1,1,1,1.0,1,1,1299,True,102,1299,0,1299,1,1,1,1,1,1,1.0,1,1,1299,102,train,1,1
2,2,2,2,1,2,0.6666666666666666,2,3,1765,True,103,1236,0,1237,2,2,1,2,1,2,0.6666666666666666,2,3,1237,103,train,3,3
2,5,2,2,1,2,0.3333333333333333,2,6,2037,True,104,1273,0,1279,2,2,1,2,1,1,0.16666666666666666,2,6,1279,104,train,6,6
1,1,1,1,1,1,1.0,1,1,1295,True,105,1295,0,1295,1,1,1,1,1,1,1.0,1,1,1295,105,train,1,1
1,2,1,1,1,1,0.2,1,5,1315,True,106,1260,0,1263,1,1,1,1,1,1,0.2,1,5,1263,106,train,5,5
1,1,1,1,1,1,1.0,1,1,1288,True,107,1288,0,1288,1,1,1,1,1,1,1.0,1,1,1288,107,train,1,1
7,12,6,7,3,5,0.4166666666666667,6,12,5510,True,108,1132,0,1936,4,6,2,4,2,3,0.25,4,12,1936,108,train,12,12
2,2,1,2,1,1,0.3333333333333333,2,3,1467,True,109,1259,0,1261,2,2,1,2,1,1,0.3333333333333333,2,3,1261,109,train,3,3
1,1,1,1,1,1,0.5,1,2,1249,True,110,1249,0,1249,1,1,1,1,1,1,0.5,1,2,1249,110,train,2,2
2,2,2,2,1,2,1.0,2,2,1535,True,111,1274,0,1274,2,2,2,2,1,2,1.0,2,2,1274,111,train,2,2
2,2,2,2,1,2,1.0,2,2,1721,True,112,1228,0,1228,2,2,1,2,1,2,1.0,2,2,1228,112,train,2,2
2,2,2,2,1,2,1.0,2,2,2033,True,113,1243,0,1243,2,2,2,2,1,2,1.0,2,2,1243,113,train,2,2
3,8,2,4,1,3,0.2727272727272727,4,11,1980,True,114,1236,0,1253,1,1,1,1,1,1,0.09090909090909091,1,11,1253,114,train,11,11
2,2,2,2,1,2,0.5,2,4,1969,True,115,1266,0,1270,1,2,1,2,1,1,0.25,1,4,1270,115,train,4,4
2,2,1,2,1,1,0.3333333333333333,2,3,1546,True,116,1266,0,1267,1,2,1,2,1,1,0.3333333333333333,1,3,1267,116,train,3,3
2,2,2,2,1,2,1.0,2,2,1740,True,117,1291,0,1291,2,2,2,2,1,2,1.0,2,2,1291,117,train,2,2
4,5,4,4,2,3,0.3333333333333333,4,9,3800,True,118,1176,0,1648,4,4,3,4,2,3,0.3333333333333333,4,9,1648,118,train,9,9
3,4,1,4,1,2,0.2857142857142857,3,7,1647,True,119,1160,0,1166,1,3,1,1,1,1,0.14285714285714285,1,7,1166,119,train,7,7
2,4,1,2,1,1,0.16666666666666666,2,6,1513,True,120,1242,0,1246,1,2,1,1,1,1,0.16666666666666666,1,6,1246,120,train,6,6
10,26,7,12,4,7,0.18421052631578946,11,38,6053,True,121,1111,0,1380,1,6,1,2,1,1,0.02631578947368421,3,38,1380,121,train,38,38
1,1,1,1,1,1,0.25,1,4,1246,True,122,1240,0,1242,1,1,1,1,1,1,0.25,1,4,1242,122,train,4,4
1,2,1,1,1,1,0.5,1,2,1219,True,123,1199,0,1199,1,1,1,1,1,1,0.5,1,2,1199,123,train,2,2
14,20,8,16,4,8,0.25,11,32,6949,True,124,1132,0,1688,5,7,1,5,1,3,0.09375,5,32,1688,124,train,32,32
4,6,3,4,1,3,0.3,3,10,2333,True,125,1263,0,1284,1,1,1,1,1,1,0.1,1,10,1284,125,train,10,10
2,2,2,2,1,2,1.0,2,2,1560,True,126,1239,0,1239,2,2,1,2,1,2,1.0,2,2,1239,126,train,2,2
4,5,2,4,2,2,0.16666666666666666,3,12,2887,True,127,1232,0,1985,2,3,2,2,1,2,0.16666666666666666,2,12,1985,127,train,12,12
1,2,1,1,1,1,0.25,1,4,1276,True,128,1225,0,1235,1,1,1,1,1,1,0.25,1,4,1235,128,train,4,4
2,2,2,2,1,2,0.5,2,4,1792,True,129,1287,0,1288,2,2,1,2,1,1,0.25,2,4,1288,129,train,4,4
1,1,1,1,1,1,1.0,1,1,1297,True,130,1297,0,1297,1,1,1,1,1,1,1.0,1,1,1297,130,train,1,1
2,2,2,2,1,2,0.6666666666666666,2,3,2143,True,131,1245,0,1339,1,2,1,2,1,1,0.3333333333333333,1,3,1339,131,train,3,3
2,3,2,2,1,2,0.15384615384615385,2,13,2024,True,132,1246,0,1262,1,1,1,1,1,1,0.07692307692307693,1,13,1262,132,train,13,13
1,2,1,1,1,1,0.3333333333333333,1,3,1340,True,133,1291,0,1292,1,1,1,1,1,1,0.3333333333333333,1,3,1292,133,train,3,3
10,24,4,14,3,8,0.2857142857142857,12,28,4831,True,134,1138,0,1236,1,2,1,1,1,1,0.03571428571428571,1,28,1236,134,train,28,28
1,1,1,1,1,1,0.5,1,2,1286,True,135,1285,0,1286,1,1,1,1,1,1,0.5,1,2,1286,135,train,2,2
1,1,1,1,1,1,0.5,1,2,1271,True,136,1269,0,1269,1,1,1,1,1,1,0.5,1,2,1269,136,train,2,2
3,4,2,3,2,2,0.2857142857142857,3,7,2674,True,137,1268,0,1313,1,3,1,1,1,1,0.14285714285714285,1,7,1313,137,train,7,7
1,2,1,1,1,1,0.5,1,2,1296,True,138,1274,0,1274,1,1,1,1,1,1,0.5,1,2,1274,138,train,2,2
3,6,3,3,2,3,0.3,3,10,3473,True,139,1270,0,1415,2,2,1,2,1,1,0.1,2,10,1415,139,train,10,10
4,5,4,4,2,3,0.6,4,5,3849,True,140,1265,0,1369,1,3,1,2,1,1,0.2,1,5,1369,140,train,5,5
3,4,3,3,2,3,0.42857142857142855,3,7,3836,True,141,1275,0,1782,2,4,2,2,1,2,0.2857142857142857,2,7,1782,141,train,7,7
2,2,1,2,1,1,0.25,2,4,1524,True,142,1266,0,1269,1,2,1,1,1,1,0.25,1,4,1269,142,train,4,4
3,3,3,3,2,2,0.3333333333333333,3,6,2803,True,143,1288,0,1290,2,3,1,3,1,2,0.3333333333333333,3,6,1290,143,train,6,6
4,12,1,6,1,4,0.25,6,16,2370,True,144,1279,0,1305,1,1,1,1,1,1,0.0625,1,16,1305,144,train,16,16
1,1,1,1,1,1,1.0,1,1,1296,True,145,1296,0,1296,1,1,1,1,1,1,1.0,1,1,1296,145,train,1,1
1,1,1,1,1,1,1.0,1,1,1285,True,146,1285,0,1285,1,1,1,1,1,1,1.0,1,1,1285,146,train,1,1
7,9,3,9,2,5,0.5,7,10,2874,True,147,1099,0,1129,1,2,1,1,1,1,0.1,1,10,1129,147,train,10,10
1,3,1,1,1,1,0.25,1,4,1380,True,148,1276,0,1300,1,2,1,1,1,1,0.25,1,4,1300,148,train,4,4
1,3,1,1,1,1,0.25,1,4,1336,True,149,1278,0,1279,1,1,1,1,1,1,0.25,1,4,1279,149,train,4,4
1,2,1,1,1,1,0.25,1,4,1286,True,150,1255,0,1257,1,1,1,1,1,1,0.25,1,4,1257,150,train,4,4
2,3,2,3,2,2,0.5,2,4,2375,True,151,1143,0,1154,2,2,2,2,1,2,0.5,2,4,1154,151,train,4,4
9,14,8,11,3,6,0.3157894736842105,8,19,3701,True,152,672,0,1544,4,8,3,6,2,3,0.15789473684210525,5,19,1544,152,train,19,19
7,7,5,7,3,5,0.625,6,8,4534,True,153,1222,0,1373,2,3,1,2,1,1,0.125,2,8,1373,153,train,8,8
2,4,2,2,1,2,0.3333333333333333,2,6,1596,True,154,1231,0,1244,1,1,1,1,1,1,0.16666666666666666,1,6,1244,154,train,6,6
10,21,6,16,4,7,0.25,10,28,6852,True,155,1136,0,2522,3,7,3,5,2,3,0.10714285714285714,3,28,2522,155,train,28,28
7,11,5,8,3,4,0.25,6,16,5445,True,156,1268,0,2656,4,8,3,4,2,3,0.1875,4,16,2656,156,train,16,16
5,10,3,5,2,3,0.2,4,15,3703,True,157,1228,0,1375,2,4,2,3,1,2,0.13333333333333333,3,15,1375,157,train,15,15
12,21,9,14,5,8,0.2962962962962963,10,27,5090,True,158,709,0,1412,4,11,2,7,2,5,0.18518518518518517,7,27,1412,158,train,27,27
7,8,5,7,3,5,0.38461538461538464,6,13,4530,True,159,1138,0,1694,3,4,3,4,1,3,0.23076923076923078,3,13,1694,159,train,13,13
6,11,5,8,3,5,0.3125,5,16,5586,True,160,1251,0,1286,3,4,2,4,2,3,0.1875,3,16,1286,160,train,16,16
7,9,6,8,3,5,0.35714285714285715,6,14,5543,True,161,1222,0,2458,3,7,2,5,2,2,0.14285714285714285,4,14,2458,161,train,14,14
11,19,5,12,3,7,0.28,10,25,6304,True,162,1192,0,2613,4,7,2,4,2,2,0.08,4,25,2613,162,train,25,25
4,7,3,6,2,3,0.3333333333333333,4,9,2930,True,163,1146,0,1199,2,5,1,2,1,2,0.2222222222222222,2,9,1199,163,train,9,9
1,3,1,1,1,1,0.2,1,5,1164,True,164,1082,0,1087,1,1,1,1,1,1,0.2,1,5,1087,164,train,5,5
15,29,7,21,5,10,0.2777777777777778,15,36,4626,True,165,624,0,1744,4,16,4,8,2,4,0.1111111111111111,7,36,1744,165,train,36,36
6,9,3,7,2,4,0.36363636363636365,6,11,2269,True,166,789,0,817,1,2,1,1,1,1,0.09090909090909091,1,11,817,166,train,11,11
5,9,3,8,2,4,0.4,5,10,1524,True,167,561,0,572,1,1,1,1,1,1,0.1,1,10,572,167,train,10,10
19,32,13,22,6,13,0.2653061224489796,17,49,9791,True,168,1139,0,3539,6,20,3,12,3,7,0.14285714285714285,13,49,3539,168,train,49,49
3,5,2,4,1,2,0.4,3,5,1924,True,169,1236,0,1239,1,1,1,1,1,1,0.2,1,5,1239,169,train,5,5
5,8,3,6,2,3,0.2727272727272727,4,11,3175,True,170,1196,0,1595,2,2,2,2,1,2,0.18181818181818182,2,11,1595,170,train,11,11
2,2,2,2,2,2,0.4,2,5,2387,True,171,1190,0,1280,1,2,1,2,1,1,0.2,1,5,1280,171,train,5,5
9,16,7,12,4,7,0.25925925925925924,8,27,7081,True,172,1160,0,1806,3,7,2,4,1,2,0.07407407407407407,4,27,1806,172,train,27,27
12,16,9,13,4,8,0.36363636363636365,10,22,6779,True,173,1196,0,2783,5,10,3,6,2,4,0.18181818181818182,6,22,2783,173,train,22,22
1,1,1,1,1,1,0.5,1,2,1246,True,174,1245,0,1246,1,1,1,1,1,1,0.5,1,2,1246,174,train,2,2
6,11,5,7,3,4,0.21052631578947367,5,19,2644,True,175,656,0,1469,5,6,3,5,2,3,0.15789473684210525,4,19,1469,175,train,19,19
1,1,1,1,1,1,0.3333333333333333,1,3,1230,True,176,1220,0,1221,1,1,1,1,1,1,0.3333333333333333,1,3,1221,176,train,3,3
10,13,8,11,4,6,0.375,8,16,6739,True,177,1190,0,2436,5,8,3,7,2,4,0.25,5,16,2436,177,train,16,16
1,1,1,1,1,1,1.0,1,1,1246,True,178,1246,0,1246,1,1,1,1,1,1,1.0,1,1,1246,178,train,1,1
7,12,5,8,3,4,0.19047619047619047,6,21,4766,True,179,1110,0,2148,3,9,2,5,2,3,0.14285714285714285,4,21,2148,179,train,21,21
14,17,9,14,4,9,0.47368421052631576,12,19,5352,True,180,1045,0,1078,1,1,1,1,1,1,0.05263157894736842,1,19,1078,180,train,19,19
1,1,1,1,1,1,1.0,1,1,1231,True,181,1231,0,1231,1,1,1,1,1,1,1.0,1,1,1231,181,train,1,1
2,2,2,2,1,2,0.4,2,5,2370,True,182,1254,0,1256,2,2,2,2,1,2,0.4,2,5,1256,182,train,5,5
5,6,4,5,2,3,0.3333333333333333,4,9,3736,True,183,1203,0,1355,1,4,1,3,1,1,0.1111111111111111,3,9,1355,183,train,9,9
9,16,6,12,3,6,0.3157894736842105,8,19,6105,True,184,1111,0,1903,3,9,2,3,2,3,0.15789473684210525,3,19,1903,184,train,19,19
14,19,7,14,4,9,0.2647058823529412,11,34,7085,True,185,1117,0,2640,6,15,3,8,3,5,0.14705882352941177,8,34,2640,185,train,34,34
7,11,6,8,3,5,0.22727272727272727,6,22,5029,True,186,1159,0,1501,3,7,2,4,1,3,0.13636363636363635,4,22,1501,186,train,22,22
6,6,5,6,2,4,0.6666666666666666,5,6,3875,True,187,1166,0,1274,2,5,2,2,1,2,0.3333333333333333,2,6,1274,187,train,6,6
6,12,4,7,2,4,0.2,6,20,2754,True,188,840,0,982,1,4,1,2,1,1,0.05,2,20,982,188,train,20,20
10,18,8,15,4,8,0.2962962962962963,10,27,6387,True,189,1117,0,2448,5,11,2,7,2,5,0.18518518518518517,7,27,2448,189,train,27,27
8,9,6,8,3,6,0.46153846153846156,6,13,3461,True,190,868,0,1599,6,8,4,6,3,5,0.38461538461538464,6,13,1599,190,train,13,13
4,4,3,4,2,3,0.5,3,6,3257,True,191,1227,0,1480,3,4,2,3,2,2,0.3333333333333333,3,6,1480,191,train,6,6
8,10,7,8,3,5,0.45454545454545453,7,11,5454,True,192,1191,0,2263,3,7,3,6,2,3,0.2727272727272727,4,11,2263,192,train,11,11
13,21,8,16,4,8,0.23529411764705882,12,34,5930,True,193,1036,0,2534,5,10,4,6,2,4,0.11764705882352941,5,34,2534,193,train,34,34
9,18,7,10,3,6,0.2608695652173913,8,23,5760,True,194,1078,0,1867,4,8,2,4,2,3,0.13043478260869565,4,23,1867,194,train,23,23
4,7,3,4,2,3,0.2727272727272727,3,11,3744,True,195,1225,0,1254,1,3,1,2,1,1,0.09090909090909091,2,11,1254,195,train,11,11
7,15,4,12,3,5,0.29411764705882354,8,17,4448,True,196,1152,0,1348,1,6,1,3,1,1,0.058823529411764705,3,17,1348,196,train,17,17
12,21,10,16,5,9,0.391304347826087,11,23,8375,True,197,1082,0,2004,6,10,1,9,2,5,0.21739130434782608,7,23,2004,197,train,23,23
10,17,7,12,4,6,0.3,8,20,6012,True,198,1097,0,2480,5,10,3,6,2,3,0.15,5,20,2480,198,train,20,20
7,10,4,9,3,4,0.3076923076923077,6,13,4674,True,199,1214,0,1895,4,5,2,4,2,3,0.23076923076923078,4,13,1895,199,train,13,13
18,27,11,21,6,11,0.3142857142857143,15,35,9140,True,200,1121,0,3126,8,18,4,11,3,7,0.2,10,35,3126,200,train,35,35
16,28,10,19,5,11,0.2972972972972973,15,37,7973,True,201,1120,0,2644,4,15,4,8,3,6,0.16216216216216217,9,37,2644,201,train,37,37
14,20,10,14,5,9,0.36,11,25,7745,True,202,1167,0,2384,7,13,2,9,3,6,0.24,8,25,2384,202,train,25,25
7,12,6,10,3,5,0.29411764705882354,6,17,5673,True,203,1230,0,2296,3,8,3,5,2,3,0.17647058823529413,4,17,2296,203,train,17,17
7,10,6,9,3,5,0.3125,6,16,3630,True,204,1052,0,1208,1,6,1,2,1,1,0.0625,3,16,1208,204,train,16,16
4,7,4,4,2,3,0.3333333333333333,4,9,3719,True,205,1211,0,1690,3,4,2,4,1,2,0.2222222222222222,3,9,1690,205,train,9,9
7,9,6,8,3,5,0.3333333333333333,6,15,5944,True,206,1135,0,2388,5,6,4,6,3,4,0.26666666666666666,5,15,2388,206,train,15,15
7,11,5,8,3,5,0.3333333333333333,6,15,4641,True,207,1203,0,1644,3,6,1,4,1,2,0.13333333333333333,4,15,1644,207,train,15,15
13,19,9,14,4,9,0.3103448275862069,11,29,6409,True,208,1131,0,2531,6,11,4,9,3,5,0.1724137931034483,7,29,2531,208,train,29,29
5,7,5,5,2,4,0.4,5,10,4046,True,209,1231,0,1337,2,5,1,2,1,2,0.2,2,10,1337,209,train,10,10
2,4,1,2,1,1,0.25,2,4,1554,True,210,1257,0,1309,1,2,1,1,1,1,0.25,1,4,1309,210,train,4,4
4,4,4,4,2,4,0.6666666666666666,4,6,3701,True,211,1198,0,1699,4,4,3,4,2,3,0.5,4,6,1699,211,train,6,6
3,7,3,5,2,3,0.2,4,15,2896,True,212,1207,0,1246,2,4,2,2,1,2,0.13333333333333333,2,15,1246,212,train,15,15
2,4,1,3,1,2,0.4,2,5,1616,True,213,1245,0,1253,1,1,1,1,1,1,0.2,1,5,1253,213,train,5,5
9,13,9,10,4,7,0.35,8,20,7094,True,214,1238,0,2579,6,10,3,7,2,4,0.2,6,20,2579,214,train,20,20
6,8,4,6,2,4,0.5,5,8,3767,True,215,1192,0,1363,2,4,1,3,1,2,0.25,3,8,1363,215,train,8,8
5,9,5,6,2,4,0.21052631578947367,5,19,4109,True,216,1223,0,1308,2,5,2,2,1,2,0.10526315789473684,2,19,1308,216,train,19,19
12,18,11,12,5,9,0.375,11,24,9664,True,217,1220,0,3111,7,12,4,9,3,5,0.20833333333333334,7,24,3111,217,train,24,24
10,12,6,11,3,6,0.42857142857142855,8,14,6755,True,218,1227,0,2729,4,8,2,5,2,2,0.14285714285714285,4,14,2729,218,train,14,14
3,7,1,4,1,3,0.3,4,10,1851,True,219,1144,0,1175,1,1,1,1,1,1,0.1,1,10,1175,219,train,10,10
8,12,8,8,3,6,0.4,7,15,4878,True,220,1123,0,2292,5,9,3,7,2,4,0.26666666666666666,6,15,2292,220,train,15,15
1,1,1,1,1,1,1.0,1,1,929,True,221,929,0,929,1,1,1,1,1,1,1.0,1,1,929,221,train,1,1
8,9,7,8,3,6,0.42857142857142855,7,14,5939,True,222,1179,0,1532,3,4,1,3,1,2,0.14285714285714285,3,14,1532,222,train,14,14
3,8,3,4,2,3,0.16666666666666666,3,18,3283,True,223,1233,0,1283,1,3,1,1,1,1,0.05555555555555555,1,18,1283,223,train,18,18
11,18,10,12,4,8,0.3333333333333333,10,24,7865,True,224,1232,0,1704,2,9,1,5,1,3,0.125,5,24,1704,224,train,24,24
5,6,2,5,2,3,0.42857142857142855,4,7,2830,True,225,1228,0,1244,1,2,1,1,1,1,0.14285714285714285,1,7,1244,225,train,7,7
5,9,5,6,2,4,0.3333333333333333,5,12,2988,True,226,1186,0,1264,1,4,1,2,1,1,0.08333333333333333,3,12,1264,226,train,12,12
7,9,4,8,2,4,0.3333333333333333,6,12,3638,True,227,1138,0,1292,3,6,2,4,2,3,0.25,4,12,1292,227,train,12,12
3,3,2,3,1,2,0.3333333333333333,2,6,2322,True,228,1277,0,1337,1,3,1,1,1,1,0.16666666666666666,1,6,1337,228,train,6,6
5,6,2,5,1,3,0.5,4,6,2422,True,229,1252,0,1348,1,3,1,2,1,1,0.16666666666666666,2,6,1348,229,train,6,6
7,12,6,8,3,5,0.3333333333333333,6,15,4706,True,230,1188,0,1291,1,5,1,2,1,1,0.06666666666666667,2,15,1291,230,train,15,15
24,40,13,29,7,15,0.28846153846153844,21,52,8451,True,231,808,0,1372,3,15,1,5,1,6,0.11538461538461539,12,52,1372,231,train,52,52
17,25,12,20,5,11,0.2894736842105263,15,38,9580,True,232,1204,0,2915,3,11,3,5,2,3,0.07894736842105263,5,38,2915,232,train,38,38
7,19,5,9,2,5,0.21739130434782608,8,23,4386,True,233,1203,0,1655,2,8,1,3,1,2,0.08695652173913043,3,23,1655,233,train,23,23
9,17,7,10,4,7,0.23333333333333334,8,30,7391,True,234,1229,0,2916,6,7,3,7,2,4,0.13333333333333333,5,30,2916,234,train,30,30
13,18,9,13,4,7,0.28,9,25,8719,True,235,1194,0,3134,7,12,4,9,2,5,0.2,8,25,3134,235,train,25,25
3,5,2,4,1,2,0.2857142857142857,3,7,1903,True,236,1159,0,1182,1,1,1,1,1,1,0.14285714285714285,1,7,1182,236,train,7,7
12,19,9,12,4,8,0.34782608695652173,10,23,7455,True,237,1203,0,2509,3,8,3,3,2,3,0.13043478260869565,3,23,2509,237,train,23,23
14,28,11,17,5,9,0.16666666666666666,12,54,9927,True,238,1104,0,3916,7,18,6,9,3,6,0.1111111111111111,8,54,3916,238,train,54,54
2,3,2,2,1,2,0.5,2,4,2304,True,239,1259,0,1496,2,2,1,2,1,1,0.25,2,4,1496,239,train,4,4
6,12,5,7,3,4,0.23529411764705882,6,17,3708,True,240,960,0,1227,3,5,1,4,1,2,0.11764705882352941,3,17,1227,240,train,17,17
13,18,7,13,4,7,0.3181818181818182,10,22,6447,True,241,1063,0,2055,2,10,2,5,2,2,0.09090909090909091,5,22,2055,241,train,22,22
13,26,9,18,5,9,0.2647058823529412,13,34,8154,True,242,1199,0,1995,2,10,2,6,1,4,0.11764705882352941,6,34,1995,242,train,34,34
10,13,9,10,4,7,0.4117647058823529,8,17,6621,True,243,1183,0,2178,5,10,3,6,2,4,0.23529411764705882,6,17,2178,243,train,17,17
3,5,3,4,2,3,0.42857142857142855,3,7,3203,True,244,1229,0,1245,3,3,3,3,2,3,0.42857142857142855,3,7,1245,244,train,7,7
8,13,7,9,4,6,0.3157894736842105,7,19,6957,True,245,1216,0,2644,5,8,4,6,2,4,0.21052631578947367,5,19,2644,245,train,19,19
4,6,4,4,2,3,0.3,4,10,3448,True,246,1187,0,1228,3,4,2,3,1,2,0.2,3,10,1228,246,train,10,10
4,4,4,4,2,3,0.6,4,5,3813,True,247,1260,0,2034,3,4,3,3,1,3,0.6,3,5,2034,247,train,5,5
27,45,17,35,8,17,0.2537313432835821,24,67,10035,True,248,752,0,2703,7,19,6,10,3,6,0.08955223880597014,10,67,2703,248,train,67,67
8,16,6,11,4,5,0.16129032258064516,7,31,6680,True,249,1171,0,2865,5,9,5,5,2,4,0.12903225806451613,5,31,2865,249,train,31,31
2,4,2,3,1,2,0.4,2,5,1162,True,250,848,0,856,1,1,1,1,1,1,0.2,1,5,856,250,train,5,5
1,1,1,1,1,1,1.0,1,1,1279,True,251,1279,0,1279,1,1,1,1,1,1,1.0,1,1,1279,251,train,1,1
9,13,7,10,3,6,0.4,7,15,4815,True,252,889,0,2177,4,10,2,6,2,3,0.2,4,15,2177,252,train,15,15
5,8,4,6,2,3,0.3333333333333333,4,9,3837,True,253,1216,0,1245,4,4,2,4,2,3,0.3333333333333333,4,9,1245,253,train,9,9
7,10,5,9,3,5,0.29411764705882354,6,17,5819,True,254,1265,0,1471,2,4,1,2,1,1,0.058823529411764705,2,17,1471,254,train,17,17
5,9,4,5,2,4,0.4,4,10,4854,True,255,1258,0,2542,3,5,3,4,2,3,0.3,3,10,2542,255,train,10,10
13,20,12,16,5,9,0.34615384615384615,12,26,9440,True,256,1213,0,2040,3,9,3,5,2,3,0.11538461538461539,5,26,2040,256,train,26,26
20,37,15,22,7,12,0.2222222222222222,16,54,13791,True,257,1188,0,3650,7,13,4,8,3,6,0.1111111111111111,7,54,3650,257,train,54,54
3,4,3,3,2,3,0.75,3,4,3182,True,258,1264,0,1913,2,3,2,3,1,2,0.5,2,4,1913,258,train,4,4
3,4,3,3,2,3,0.6,3,5,2755,True,259,1252,0,1280,1,3,1,2,1,1,0.2,1,5,1280,259,train,5,5
3,3,2,3,1,2,0.6666666666666666,3,3,2194,True,260,1267,0,1296,1,3,1,1,1,1,0.3333333333333333,1,3,1296,260,train,3,3
4,4,2,4,2,2,0.4,3,5,2943,True,261,1271,0,1712,2,4,2,2,1,2,0.4,2,5,1712,261,train,5,5
3,4,3,4,2,2,0.3333333333333333,3,6,2086,True,262,1020,0,1077,1,2,1,2,1,1,0.16666666666666666,1,6,1077,262,train,6,6
2,2,2,2,1,2,0.5,2,4,2117,True,263,1190,0,1192,1,1,1,1,1,1,0.25,1,4,1192,263,train,4,4
7,14,5,9,3,5,0.25,7,20,4628,True,264,1119,0,2035,4,7,3,4,2,3,0.15,4,20,2035,264,train,20,20
12,15,7,13,3,7,0.3333333333333333,9,21,5873,True,265,1060,0,1614,2,9,2,3,1,2,0.09523809523809523,4,21,1614,265,train,21,21
30,55,18,41,9,21,0.3,30,70,13743,True,266,979,0,4516,9,26,7,15,4,8,0.11428571428571428,13,70,4516,266,train,70,70
2,2,2,2,1,2,1.0,2,2,1801,True,267,1144,0,1144,2,2,1,2,1,2,1.0,2,2,1144,267,train,2,2
1,1,1,1,1,1,1.0,1,1,726,True,268,726,0,726,1,1,1,1,1,1,1.0,1,1,726,268,train,1,1
10,14,6,12,3,6,0.35294117647058826,9,17,5509,True,269,1111,0,1781,2,3,2,2,1,2,0.11764705882352941,2,17,1781,269,train,17,17
11,18,8,14,4,7,0.3684210526315789,9,19,7936,True,270,1153,0,1627,3,6,1,3,1,2,0.10526315789473684,3,19,1627,270,train,19,19
18,25,9,20,5,12,0.3870967741935484,16,31,7247,True,271,1102,0,1496,4,5,1,4,1,3,0.0967741935483871,4,31,1496,271,train,31,31
2,3,2,2,2,2,0.3333333333333333,2,6,2339,True,272,1147,0,1455,2,2,2,2,1,2,0.3333333333333333,2,6,1455,272,train,6,6
7,14,5,8,2,5,0.2631578947368421,7,19,4016,True,273,1120,0,1210,1,6,1,1,1,1,0.05263157894736842,1,19,1210,273,train,19,19
2,8,2,4,1,2,0.11764705882352941,5,17,2051,True,274,1191,0,1273,1,3,1,1,1,1,0.058823529411764705,1,17,1273,274,train,17,17
1,1,1,1,1,1,1.0,1,1,1244,True,275,1244,0,1244,1,1,1,1,1,1,1.0,1,1,1244,275,train,1,1
5,8,4,6,2,4,0.4444444444444444,4,9,4594,True,276,1271,0,1660,2,4,1,3,1,2,0.2222222222222222,2,9,1660,276,train,9,9
2,5,2,3,1,2,0.2857142857142857,2,7,2138,True,277,1091,0,1096,1,1,1,1,1,1,0.14285714285714285,1,7,1096,277,train,7,7
18,27,8,22,5,10,0.2702702702702703,15,37,9308,True,278,1098,0,3342,7,16,5,8,3,6,0.16216216216216217,8,37,3342,278,train,37,37
1,4,1,1,1,1,0.16666666666666666,1,6,1383,True,279,1257,0,1266,1,1,1,1,1,1,0.16666666666666666,1,6,1266,279,train,6,6
5,13,5,7,2,4,0.17391304347826086,5,23,4123,True,280,1114,0,1759,3,4,2,3,1,2,0.08695652173913043,3,23,1759,280,train,23,23
8,15,6,9,3,5,0.22727272727272727,7,22,5062,True,281,1081,0,2299,2,6,2,2,2,2,0.09090909090909091,2,22,2299,281,train,22,22
13,25,7,15,4,8,0.2,12,40,3935,True,282,657,0,803,1,6,1,1,1,1,0.025,5,40,803,282,train,40,40
2,4,2,2,1,2,0.4,2,5,2029,True,283,1271,0,1304,1,2,1,1,1,1,0.2,1,5,1304,283,train,5,5
1,2,1,2,1,1,0.5,1,2,1349,True,284,1282,0,1304,1,2,1,1,1,1,0.5,1,2,1304,284,train,2,2
19,30,9,21,5,11,0.21153846153846154,16,52,9029,True,285,1055,0,2592,5,11,4,7,2,5,0.09615384615384616,6,52,2592,285,train,52,52
4,4,4,4,2,3,0.5,4,6,4256,True,286,1261,0,1389,2,4,2,3,1,2,0.3333333333333333,3,6,1389,286,train,6,6
6,9,4,8,2,4,0.4,5,10,4042,True,287,1232,0,1489,2,7,1,4,1,2,0.2,4,10,1489,287,train,10,10
9,14,7,11,4,6,0.35294117647058826,7,17,6946,True,288,1116,0,3066,5,8,3,5,2,3,0.17647058823529413,4,17,3066,288,train,17,17
2,2,2,2,1,2,0.6666666666666666,2,3,2551,True,289,1283,0,1385,1,2,1,2,1,1,0.3333333333333333,1,3,1385,289,train,3,3
1,2,1,2,1,1,0.5,1,2,1286,True,290,1194,0,1199,1,1,1,1,1,1,0.5,1,2,1199,290,train,2,2
2,2,2,2,1,2,1.0,2,2,1702,True,291,1290,0,1290,1,2,1,2,1,1,0.5,1,2,1290,291,train,2,2
1,1,1,1,1,1,1.0,1,1,1289,True,292,1289,0,1289,1,1,1,1,1,1,1.0,1,1,1289,292,train,1,1
1,1,1,1,1,1,1.0,1,1,1271,True,293,1271,0,1271,1,1,1,1,1,1,1.0,1,1,1271,293,train,1,1
1,3,1,1,1,1,0.3333333333333333,1,3,1335,True,294,1255,0,1267,1,1,1,1,1,1,0.3333333333333333,1,3,1267,294,train,3,3
1,2,1,1,1,1,0.16666666666666666,1,6,1310,True,295,1248,0,1251,1,1,1,1,1,1,0.16666666666666666,1,6,1251,295,train,6,6
1,1,1,1,1,1,0.5,1,2,1281,True,296,1280,0,1280,1,1,1,1,1,1,0.5,1,2,1280,296,train,2,2
8,10,7,8,3,5,0.2777777777777778,7,18,6236,True,297,1249,0,2628,3,7,2,5,2,2,0.1111111111111111,4,18,2628,297,train,18,18
11,20,7,15,4,7,0.28,10,25,6440,True,298,1125,0,1570,3,4,3,3,2,3,0.12,3,25,1570,298,train,25,25
1,2,1,1,1,1,0.5,1,2,1326,True,299,1283,0,1283,1,2,1,1,1,1,0.5,1,2,1283,299,train,2,2
4,6,4,5,2,3,0.42857142857142855,4,7,4094,True,300,1252,0,1819,3,4,2,3,1,2,0.2857142857142857,3,7,1819,300,train,7,7
1,2,1,1,1,1,0.3333333333333333,1,3,1274,True,301,1259,0,1260,1,1,1,1,1,1,0.3333333333333333,1,3,1260,301,train,3,3
1,1,1,1,1,1,1.0,1,1,1132,True,302,1132,0,1132,1,1,1,1,1,1,1.0,1,1,1132,302,train,1,1
2,3,2,2,1,2,0.5,2,4,1907,True,303,1241,0,1249,1,2,1,1,1,1,0.25,1,4,1249,303,train,4,4
15,21,9,17,5,9,0.391304347826087,13,23,8492,True,304,1061,0,2624,4,9,4,4,2,3,0.13043478260869565,4,23,2624,304,train,23,23
1,1,1,1,1,1,0.125,1,8,1263,True,305,1236,0,1242,1,1,1,1,1,1,0.125,1,8,1242,305,train,8,8
1,1,1,1,1,1,1.0,1,1,1261,True,306,1261,0,1261,1,1,1,1,1,1,1.0,1,1,1261,306,train,1,1
1,1,1,1,1,1,1.0,1,1,1264,True,307,1264,0,1264,1,1,1,1,1,1,1.0,1,1,1264,307,train,1,1
1,1,1,1,1,1,1.0,1,1,1251,True,308,1251,0,1251,1,1,1,1,1,1,1.0,1,1,1251,308,train,1,1
3,4,2,3,1,2,0.5,3,4,1824,True,309,1221,0,1233,1,2,1,1,1,1,0.25,1,4,1233,309,train,4,4
3,6,3,3,2,3,0.3333333333333333,3,9,2282,True,310,1233,0,1245,2,2,2,2,1,2,0.2222222222222222,2,9,1245,310,train,9,9
1,1,1,1,1,1,1.0,1,1,1126,True,311,1126,0,1126,1,1,1,1,1,1,1.0,1,1,1126,311,train,1,1
9,15,8,9,3,6,0.3333333333333333,7,18,5405,True,312,1037,0,2246,3,7,2,3,2,2,0.1111111111111111,3,18,2246,312,train,18,18
4,4,3,4,2,3,0.75,3,4,2515,True,313,1232,0,1232,3,4,2,3,1,2,0.5,3,4,1232,313,train,4,4
1,1,1,1,1,1,1.0,1,1,1239,True,314,1239,0,1239,1,1,1,1,1,1,1.0,1,1,1239,314,train,1,1
1,1,1,1,1,1,1.0,1,1,1272,True,315,1272,0,1272,1,1,1,1,1,1,1.0,1,1,1272,315,train,1,1
2,2,2,2,1,2,1.0,2,2,2110,True,316,1275,0,1275,2,2,2,2,1,2,1.0,2,2,1275,316,train,2,2
1,3,1,1,1,1,0.3333333333333333,1,3,1293,True,317,1252,0,1256,1,1,1,1,1,1,0.3333333333333333,1,3,1256,317,train,3,3
1,1,1,1,1,1,0.5,1,2,1272,True,318,1271,0,1272,1,1,1,1,1,1,0.5,1,2,1272,318,train,2,2
2,3,2,2,2,2,0.3333333333333333,2,6,2233,True,319,1114,0,1133,1,2,1,1,1,1,0.16666666666666666,1,6,1133,319,train,6,6
5,8,3,6,2,3,0.25,4,12,3903,True,320,1254,0,2508,2,5,2,2,1,2,0.16666666666666666,2,12,2508,320,train,12,12
1,1,1,1,1,1,1.0,1,1,1300,True,321,1300,0,1300,1,1,1,1,1,1,1.0,1,1,1300,321,train,1,1
1,1,1,1,1,1,1.0,1,1,1272,True,322,1272,0,1272,1,1,1,1,1,1,1.0,1,1,1272,322,train,1,1
3,3,3,3,2,2,0.5,3,4,3052,True,323,1297,0,1311,1,1,1,1,1,1,0.25,1,4,1311,323,train,4,4
1,2,1,1,1,1,0.5,1,2,1287,True,324,1276,0,1276,1,1,1,1,1,1,0.5,1,2,1276,324,train,2,2
3,5,2,4,2,2,0.2222222222222222,3,9,2913,True,325,1267,0,1284,1,1,1,1,1,1,0.1111111111111111,1,9,1284,325,train,9,9
1,1,1,1,1,1,1.0,1,1,1283,True,326,1283,0,1283,1,1,1,1,1,1,1.0,1,1,1283,326,train,1,1
2,2,2,2,1,2,0.6666666666666666,2,3,2007,True,327,1265,0,1266,2,2,1,2,1,2,0.6666666666666666,2,3,1266,327,train,3,3
1,1,1,1,1,1,0.3333333333333333,1,3,1265,True,328,1254,0,1256,1,1,1,1,1,1,0.3333333333333333,1,3,1256,328,train,3,3
1,1,1,1,1,1,0.3333333333333333,1,3,1268,True,329,1262,0,1264,1,1,1,1,1,1,0.3333333333333333,1,3,1264,329,train,3,3
1,1,1,1,1,1,1.0,1,1,1214,True,330,1214,0,1214,1,1,1,1,1,1,1.0,1,1,1214,330,train,1,1
7,14,7,9,3,6,0.25,7,24,5850,True,331,1121,0,2483,3,6,2,4,2,2,0.08333333333333333,3,24,2483,331,train,24,24
3,5,2,4,2,2,0.4,3,5,2664,True,332,1274,0,1274,2,4,1,3,1,2,0.4,3,5,1274,332,train,5,5
1,1,1,1,1,1,1.0,1,1,1283,True,333,1283,0,1283,1,1,1,1,1,1,1.0,1,1,1283,333,train,1,1
2,4,2,3,1,2,0.2857142857142857,2,7,1973,True,334,1271,0,1300,1,3,1,1,1,1,0.14285714285714285,1,7,1300,334,train,7,7
4,8,4,5,2,4,0.3333333333333333,4,12,4203,True,335,1175,0,1840,4,5,3,4,2,3,0.25,4,12,1840,335,train,12,12
1,5,1,2,1,1,0.2,2,5,1474,True,336,1275,0,1296,1,2,1,1,1,1,0.2,1,5,1296,336,train,5,5
2,6,1,5,1,2,0.2222222222222222,4,9,1700,True,337,1201,0,1214,1,1,1,1,1,1,0.1111111111111111,1,9,1214,337,train,9,9
1,1,1,1,1,1,1.0,1,1,1284,True,338,1284,0,1284,1,1,1,1,1,1,1.0,1,1,1284,338,train,1,1
2,2,2,2,1,2,1.0,2,2,1690,True,339,1297,0,1297,1,2,1,2,1,1,0.5,1,2,1297,339,train,2,2
1,1,1,1,1,1,1.0,1,1,1289,True,340,1289,0,1289,1,1,1,1,1,1,1.0,1,1,1289,340,train,1,1
2,2,1,2,1,1,0.5,2,2,1046,True,341,942,0,942,1,2,1,1,1,1,0.5,1,2,942,341,train,2,2
15,34,9,22,5,10,0.24390243902439024,16,41,9890,True,342,1167,0,3705,5,16,3,7,2,4,0.0975609756097561,8,41,3705,342,train,41,41
2,3,1,3,1,1,0.2,2,5,1541,True,343,1259,0,1263,1,2,1,1,1,1,0.2,1,5,1263,343,train,5,5
2,2,1,2,1,1,0.5,2,2,1459,True,344,1288,0,1288,1,2,1,2,1,1,0.5,1,2,1288,344,train,2,2
32,64,16,48,10,27,0.30337078651685395,39,89,11454,True,345,941,0,2206,5,17,3,7,3,7,0.07865168539325842,19,89,2206,345,train,89,89
1,1,1,1,1,1,1.0,1,1,1251,True,346,1251,0,1251,1,1,1,1,1,1,1.0,1,1,1251,346,train,1,1
2,2,2,2,1,2,0.5,2,4,2515,True,347,1288,0,1439,2,2,1,2,1,1,0.25,2,4,1439,347,train,4,4
3,3,3,3,1,2,0.5,3,4,1789,True,348,1001,0,1036,2,3,1,2,1,2,0.5,2,4,1036,348,train,4,4
19,37,8,24,5,13,0.34210526315789475,20,38,8532,True,349,1168,0,2529,3,12,3,5,2,3,0.07894736842105263,5,38,2529,349,train,38,38
2,3,2,2,1,2,0.6666666666666666,2,3,1888,True,350,1272,0,1311,1,2,1,1,1,1,0.3333333333333333,1,3,1311,350,train,3,3
1,3,1,2,1,1,0.25,1,4,1343,True,351,1259,0,1261,1,1,1,1,1,1,0.25,1,4,1261,351,train,4,4
1,2,1,1,1,1,0.25,1,4,1263,True,352,1201,0,1203,1,1,1,1,1,1,0.25,1,4,1203,352,train,4,4
7,15,3,11,2,5,0.2631578947368421,8,19,4073,True,353,1075,0,1761,2,4,2,2,1,2,0.10526315789473684,2,19,1761,353,train,19,19
1,1,1,1,1,1,1.0,1,1,1291,True,354,1291,0,1291,1,1,1,1,1,1,1.0,1,1,1291,354,train,1,1
2,2,2,2,1,2,1.0,2,2,1726,True,355,1283,0,1283,2,2,2,2,1,2,1.0,2,2,1283,355,train,2,2
20,47,6,30,5,17,0.23943661971830985,26,71,6208,True,356,764,0,1967,4,17,2,5,2,4,0.056338028169014086,10,71,1967,356,train,71,71
5,7,5,6,3,4,0.36363636363636365,5,11,4619,True,357,1138,0,1345,2,5,1,3,1,2,0.18181818181818182,3,11,1345,357,train,11,11
11,24,10,15,4,8,0.1509433962264151,10,53,6693,True,358,960,0,2989,6,10,4,6,2,4,0.07547169811320754,5,53,2989,358,train,53,53
3,5,3,4,2,3,0.42857142857142855,3,7,2826,True,359,1154,0,1171,2,2,1,2,1,2,0.2857142857142857,2,7,1171,359,train,7,7
4,10,2,6,2,3,0.21428571428571427,5,14,2583,True,360,1231,0,1307,1,2,1,2,1,1,0.07142857142857142,1,14,1307,360,train,14,14
1,1,1,1,1,1,0.5,1,2,1278,True,361,1273,0,1273,1,1,1,1,1,1,0.5,1,2,1273,361,train,2,2
1,1,1,1,1,1,0.5,1,2,1265,True,362,1264,0,1265,1,1,1,1,1,1,0.5,1,2,1265,362,train,2,2
1,1,1,1,1,1,1.0,1,1,1284,True,363,1284,0,1284,1,1,1,1,1,1,1.0,1,1,1284,363,train,1,1
1,1,1,1,1,1,0.5,1,2,1289,True,364,1289,0,1289,1,1,1,1,1,1,0.5,1,2,1289,364,train,2,2
2,2,2,2,1,2,0.4,2,5,1871,True,365,1275,0,1281,1,1,1,1,1,1,0.2,1,5,1281,365,train,5,5
2,5,2,3,2,2,0.4,2,5,2633,True,366,1257,0,1273,1,2,1,1,1,1,0.2,1,5,1273,366,train,5,5
2,2,1,2,1,1,0.5,2,2,1462,True,367,1236,0,1259,1,2,1,1,1,1,0.5,1,2,1259,367,train,2,2
5,9,4,7,2,3,0.2,5,15,4406,True,368,1202,0,2155,3,4,2,3,2,2,0.13333333333333333,3,15,2155,368,train,15,15
1,1,1,1,1,1,0.5,1,2,1220,True,369,1219,0,1220,1,1,1,1,1,1,0.5,1,2,1220,369,train,2,2
2,5,1,2,1,1,0.16666666666666666,2,6,1301,True,370,1119,0,1136,1,2,1,1,1,1,0.16666666666666666,1,6,1136,370,train,6,6
11,18,8,14,4,7,0.2692307692307692,10,26,6712,True,371,1076,0,1569,2,7,1,4,1,3,0.11538461538461539,5,26,1569,371,train,26,26
1,1,1,1,1,1,1.0,1,1,1261,True,372,1261,0,1261,1,1,1,1,1,1,1.0,1,1,1261,372,train,1,1
5,6,5,5,3,4,0.5,5,8,5154,True,373,1223,0,2131,3,4,2,3,1,2,0.25,2,8,2131,373,train,8,8
5,8,4,6,2,4,0.3076923076923077,4,13,4644,True,374,1229,0,1503,3,4,1,4,1,3,0.23076923076923078,3,13,1503,374,train,13,13
1,1,1,1,1,1,1.0,1,1,1249,True,375,1249,0,1249,1,1,1,1,1,1,1.0,1,1,1249,375,train,1,1
2,2,2,2,1,2,1.0,2,2,1727,True,376,1288,0,1288,2,2,1,2,1,1,0.5,2,2,1288,376,train,2,2
1,1,1,1,1,1,0.5,1,2,1197,True,377,1196,0,1197,1,1,1,1,1,1,0.5,1,2,1197,377,train,2,2
8,14,7,10,4,6,0.2727272727272727,7,22,7416,True,378,1209,0,2950,5,8,3,5,2,3,0.13636363636363635,5,22,2950,378,train,22,22
1,3,1,1,1,1,0.14285714285714285,1,7,1293,True,379,1200,0,1224,1,1,1,1,1,1,0.14285714285714285,1,7,1224,379,train,7,7
15,25,12,17,5,10,0.30303030303030304,13,33,6682,True,380,822,0,2305,6,14,5,9,3,5,0.15151515151515152,7,33,2305,380,train,33,33
12,19,8,14,4,7,0.25,9,28,5957,True,381,987,0,1458,3,7,1,3,1,3,0.10714285714285714,3,28,1458,381,train,28,28
1,1,1,1,1,1,1.0,1,1,1199,True,382,1199,0,1199,1,1,1,1,1,1,1.0,1,1,1199,382,train,1,1
2,2,2,2,1,2,1.0,2,2,2045,True,383,1235,0,1235,1,2,1,1,1,1,0.5,1,2,1235,383,train,2,2
9,16,8,10,4,7,0.4375,8,16,6404,True,384,1193,0,1738,3,6,2,4,1,3,0.1875,4,16,1738,384,train,16,16
1,1,1,1,1,1,1.0,1,1,1110,True,385,1110,0,1110,1,1,1,1,1,1,1.0,1,1,1110,385,train,1,1
10,14,8,10,4,6,0.3157894736842105,8,19,6734,True,386,1119,0,2242,3,7,2,4,2,2,0.10526315789473684,3,19,2242,386,train,19,19
1,1,1,1,1,1,1.0,1,1,1291,True,387,1291,0,1291,1,1,1,1,1,1,1.0,1,1,1291,387,train,1,1
3,6,3,5,2,3,0.42857142857142855,3,7,3206,True,388,1293,0,2502,2,4,2,3,2,2,0.2857142857142857,2,7,2502,388,train,7,7
2,3,2,3,1,2,0.5,2,4,1862,True,389,1224,0,1225,2,3,1,3,1,1,0.25,2,4,1225,389,train,4,4
1,2,1,2,1,1,0.5,1,2,1170,True,390,1107,0,1107,1,2,1,1,1,1,0.5,1,2,1107,390,train,2,2
1,2,1,1,1,1,0.3333333333333333,1,3,1340,True,391,1276,0,1284,1,1,1,1,1,1,0.3333333333333333,1,3,1284,391,train,3,3
1,1,1,1,1,1,1.0,1,1,945,True,392,945,0,945,1,1,1,1,1,1,1.0,1,1,945,392,train,1,1
1,2,1,1,1,1,0.3333333333333333,1,3,1306,True,393,1254,0,1255,1,1,1,1,1,1,0.3333333333333333,1,3,1255,393,train,3,3
5,6,3,5,2,3,0.2727272727272727,4,11,2604,True,394,1250,0,1276,1,1,1,1,1,1,0.09090909090909091,1,11,1276,394,train,11,11
10,13,4,10,2,6,0.3,9,20,4159,True,395,1222,0,1686,2,5,2,4,1,2,0.1,3,20,1686,395,train,20,20
1,1,1,1,1,1,1.0,1,1,1271,True,396,1271,0,1271,1,1,1,1,1,1,1.0,1,1,1271,396,train,1,1
1,1,1,1,1,1,0.5,1,2,1295,True,397,1294,0,1295,1,1,1,1,1,1,0.5,1,2,1295,397,train,2,2
1,3,1,1,1,1,0.3333333333333333,1,3,1315,True,398,1274,0,1279,1,1,1,1,1,1,0.3333333333333333,1,3,1279,398,train,3,3
1,1,1,1,1,1,1.0,1,1,1215,True,399,1215,0,1215,1,1,1,1,1,1,1.0,1,1,1215,399,train,1,1
14,28,9,18,5,10,0.2222222222222222,14,45,6990,True,400,1107,0,1661,3,6,1,4,1,3,0.06666666666666667,4,45,1661,400,train,45,45
1,2,1,1,1,1,0.09090909090909091,1,11,1303,True,401,1239,0,1259,1,1,1,1,1,1,0.09090909090909091,1,11,1259,401,train,11,11
5,10,4,6,3,4,0.23529411764705882,5,17,4434,True,402,1187,0,1437,2,3,1,2,1,1,0.058823529411764705,2,17,1437,402,train,17,17
2,2,2,2,1,2,0.6666666666666666,2,3,2147,True,403,1269,0,1269,2,2,2,2,1,2,0.6666666666666666,2,3,1269,403,train,3,3
2,3,2,2,1,2,0.5,2,4,2350,True,404,1269,0,1544,2,2,1,2,1,1,0.25,2,4,1544,404,train,4,4
1,4,1,2,1,1,0.16666666666666666,1,6,1383,True,405,1262,0,1271,1,1,1,1,1,1,0.16666666666666666,1,6,1271,405,train,6,6
3,3,3,3,1,2,0.4,3,5,2298,True,406,1205,0,1370,3,3,1,3,1,2,0.4,3,5,1370,406,train,5,5
1,2,1,1,1,1,0.5,1,2,1244,True,407,1211,0,1219,1,1,1,1,1,1,0.5,1,2,1219,407,train,2,2
2,2,2,2,1,2,0.6666666666666666,2,3,1861,True,408,1202,0,1202,2,2,1,2,1,2,0.6666666666666666,2,3,1202,408,train,3,3
16,42,10,22,5,13,0.20634920634920634,19,63,7516,True,409,1024,0,3007,6,15,4,10,3,6,0.09523809523809523,10,63,3007,409,train,63,63
3,4,3,4,2,3,0.75,3,4,1780,True,410,1273,0,1273,3,4,2,3,2,2,0.5,3,4,1273,410,train,4,4
3,8,2,3,1,2,0.18181818181818182,3,11,2228,True,411,1238,0,1268,2,2,2,2,1,2,0.18181818181818182,2,11,1268,411,train,11,11
3,9,1,5,1,3,0.25,5,12,1807,True,412,1108,0,1129,1,1,1,1,1,1,0.08333333333333333,1,12,1129,412,train,12,12
5,9,3,8,2,4,0.25,6,16,3028,True,413,1104,0,1360,2,6,1,4,1,2,0.125,4,16,1360,413,train,16,16
4,7,2,4,1,3,0.3333333333333333,4,9,2048,True,414,1139,0,1163,1,2,1,1,1,1,0.1111111111111111,1,9,1163,414,train,9,9
5,9,3,7,2,4,0.2857142857142857,6,14,2312,True,415,1100,0,1284,3,6,1,4,1,3,0.21428571428571427,4,14,1284,415,train,14,14
5,7,3,6,2,3,0.42857142857142855,4,7,3145,True,416,1248,0,1309,2,4,2,2,1,2,0.2857142857142857,2,7,1309,416,train,7,7
2,2,1,2,1,1,0.5,2,2,1325,True,417,1267,0,1267,1,2,1,2,1,1,0.5,1,2,1267,417,train,2,2
18,29,13,20,6,12,0.2857142857142857,15,42,8121,True,418,1028,0,1913,7,14,2,8,3,6,0.14285714285714285,9,42,1913,418,train,42,42
6,18,1,7,2,5,0.21739130434782608,8,23,2463,True,419,1129,0,1164,1,3,1,2,1,1,0.043478260869565216,2,23,1164,419,train,23,23
3,5,2,4,1,2,0.2857142857142857,3,7,1947,True,420,1249,0,1297,1,2,1,1,1,1,0.14285714285714285,1,7,1297,420,train,7,7
8,24,5,10,3,6,0.15789473684210525,10,38,5050,True,421,1132,0,1854,5,6,3,5,2,3,0.07894736842105263,5,38,1854,421,train,38,38
11,32,7,19,4,10,0.1694915254237288,16,59,7001,True,422,1154,0,1765,3,9,1,3,1,3,0.05084745762711865,6,59,1765,422,train,59,59
12,39,4,20,4,14,0.2692307692307692,21,52,5675,True,423,1163,0,1565,2,8,2,3,2,3,0.057692307692307696,9,52,1565,423,train,52,52
7,16,6,10,4,6,0.2608695652173913,8,23,3786,True,424,1128,0,1256,2,5,2,3,1,2,0.08695652173913043,3,23,1256,424,train,23,23
1,1,1,1,1,1,0.5,1,2,1261,True,425,1250,0,1252,1,1,1,1,1,1,0.5,1,2,1252,425,train,2,2
6,7,6,6,2,5,0.45454545454545453,5,11,3544,True,426,1119,0,1292,2,6,1,4,1,2,0.18181818181818182,3,11,1292,426,train,11,11
19,51,9,31,6,20,0.3076923076923077,30,65,8051,True,427,1125,0,1894,3,10,2,5,2,4,0.06153846153846154,7,65,1894,427,train,65,65
5,12,3,7,2,4,0.23529411764705882,6,17,2924,True,428,1189,0,1210,1,1,1,1,1,1,0.058823529411764705,1,17,1210,428,train,17,17
11,19,5,14,4,9,0.36,11,25,4435,True,429,1216,0,1702,5,6,1,5,1,4,0.16,5,25,1702,429,train,25,25
3,4,3,4,2,3,0.5,3,6,2430,True,430,1281,0,1390,2,4,1,3,1,2,0.3333333333333333,3,6,1390,430,train,6,6
4,7,4,5,2,4,0.5,4,8,3339,True,431,1172,0,1410,3,3,2,3,1,2,0.25,3,8,1410,431,train,8,8
3,7,2,5,1,2,0.16666666666666666,4,12,2347,True,432,1193,0,1286,1,3,1,2,1,1,0.08333333333333333,2,12,1286,432,train,12,12
3,4,3,4,1,3,0.75,3,4,1841,True,433,1215,0,1228,3,4,1,3,1,2,0.5,3,4,1228,433,train,4,4
3,9,2,3,2,2,0.14285714285714285,3,14,2071,True,434,1194,0,1214,2,3,2,2,1,2,0.14285714285714285,2,14,1214,434,train,14,14
11,40,6,23,5,14,0.24561403508771928,21,57,6101,True,435,1011,0,2260,5,10,4,6,2,4,0.07017543859649122,6,57,2260,435,train,57,57
10,11,9,10,4,7,0.5,8,14,7870,True,436,1129,0,2131,4,8,3,6,2,3,0.21428571428571427,5,14,2131,436,train,14,14
1,2,1,2,1,1,0.25,1,4,1357,True,437,1228,0,1231,1,1,1,1,1,1,0.25,1,4,1231,437,train,4,4
11,19,7,15,4,8,0.36363636363636365,10,22,6620,True,438,1189,0,1374,1,5,1,1,1,1,0.045454545454545456,3,22,1374,438,train,22,22
8,17,5,12,3,6,0.25,10,24,4258,True,439,1161,0,1231,2,3,1,2,1,2,0.08333333333333333,2,24,1231,439,train,24,24
7,9,7,7,3,5,0.2631578947368421,6,19,5728,True,440,1140,0,1414,4,6,2,4,2,3,0.15789473684210525,4,19,1414,440,train,19,19
6,9,4,7,2,4,0.4,5,10,3538,True,441,1217,0,1323,2,6,1,4,1,2,0.2,3,10,1323,441,train,10,10
11,14,6,13,3,7,0.3333333333333333,9,21,5714,True,442,1197,0,1509,3,5,2,4,2,2,0.09523809523809523,3,21,1509,442,train,21,21
3,5,2,3,1,2,0.2857142857142857,3,7,1879,True,443,1242,0,1251,1,3,1,1,1,1,0.14285714285714285,1,7,1251,443,train,7,7
3,4,2,4,1,2,0.4,3,5,2276,True,444,1240,0,1403,2,3,1,2,1,1,0.2,2,5,1403,444,train,5,5
2,4,2,3,1,2,0.5,2,4,1800,True,445,1143,0,1190,2,4,1,3,1,1,0.25,2,4,1190,445,train,4,4
14,32,9,19,5,11,0.28205128205128205,16,39,6690,True,446,1175,0,1680,4,12,2,4,2,5,0.1282051282051282,9,39,1680,446,train,39,39
2,6,2,2,1,2,0.2857142857142857,2,7,1408,True,447,1219,0,1221,2,2,1,2,1,2,0.2857142857142857,2,7,1221,447,train,7,7
1,1,1,1,1,1,0.5,1,2,1264,True,448,1259,0,1260,1,1,1,1,1,1,0.5,1,2,1260,448,train,2,2
6,9,3,6,2,4,0.4,5,10,4028,True,449,1179,0,1437,2,4,1,2,1,2,0.2,2,10,1437,449,train,10,10
3,5,2,4,1,2,0.2222222222222222,3,9,2283,True,450,1271,0,1281,2,3,2,2,1,2,0.2222222222222222,2,9,1281,450,train,9,9
3,3,2,3,1,2,0.5,2,4,2218,True,451,1250,0,1256,2,2,2,2,1,2,0.5,2,4,1256,451,train,4,4
2,3,2,2,1,2,0.4,2,5,2198,True,452,1207,0,1218,2,2,2,2,1,2,0.4,2,5,1218,452,train,5,5
15,20,11,18,5,10,0.35714285714285715,12,28,8361,True,453,1152,0,2221,3,8,2,5,2,3,0.10714285714285714,5,28,2221,453,train,28,28
12,18,7,13,3,8,0.34782608695652173,10,23,5534,True,454,1125,0,1757,4,7,2,5,1,4,0.17391304347826086,5,23,1757,454,train,23,23
2,2,2,2,1,2,1.0,2,2,2038,True,455,1246,0,1246,2,2,2,2,1,2,1.0,2,2,1246,455,train,2,2
2,3,2,2,1,2,0.5,2,4,1581,True,456,1207,0,1208,1,3,1,2,1,1,0.25,1,4,1208,456,train,4,4
9,28,4,12,4,10,0.29411764705882354,16,34,4336,True,457,1161,0,1230,1,1,1,1,1,1,0.029411764705882353,1,34,1230,457,train,34,34
2,2,2,2,1,2,1.0,2,2,2021,True,458,1257,0,1257,2,2,1,2,1,1,0.5,2,2,1257,458,train,2,2
8,15,6,12,3,6,0.35294117647058826,8,17,4581,True,459,1172,0,1468,3,5,2,4,1,3,0.17647058823529413,4,17,1468,459,train,17,17
3,6,2,5,1,3,0.2727272727272727,4,11,1948,True,460,1122,0,1187,1,3,1,1,1,1,0.09090909090909091,1,11,1187,460,train,11,11
10,27,7,14,4,8,0.17391304347826086,13,46,4592,True,461,955,0,1366,3,8,1,4,1,3,0.06521739130434782,6,46,1366,461,train,46,46
3,12,2,3,1,3,0.15,6,20,2038,True,462,1182,0,1333,2,3,1,3,1,1,0.05,2,20,1333,462,train,20,20
2,4,2,2,1,2,0.25,2,8,1454,True,463,1107,0,1135,1,2,1,1,1,1,0.125,1,8,1135,463,train,8,8
7,13,5,8,3,5,0.29411764705882354,7,17,3558,True,464,1144,0,1403,3,5,2,4,1,3,0.17647058823529413,3,17,1403,464,train,17,17
2,4,1,2,1,1,0.14285714285714285,2,7,1371,True,465,1106,0,1135,1,2,1,1,1,1,0.14285714285714285,1,7,1135,465,train,7,7
1,4,1,1,1,1,0.25,1,4,1378,True,466,1291,0,1291,1,2,1,1,1,1,0.25,1,4,1291,466,train,4,4
1,3,1,3,1,1,0.25,2,4,1494,True,467,1252,0,1272,1,2,1,1,1,1,0.25,1,4,1272,467,train,4,4
6,12,4,9,2,5,0.3333333333333333,7,15,3181,True,468,1195,0,1276,1,3,1,1,1,1,0.06666666666666667,1,15,1276,468,train,15,15
4,8,2,5,2,2,0.2,4,10,2420,True,469,1166,0,1268,2,3,1,3,1,2,0.2,2,10,1268,469,train,10,10
2,4,2,3,1,2,0.5,2,4,1817,True,470,1225,0,1235,2,3,2,2,1,2,0.5,2,4,1235,470,train,4,4
1,1,1,1,1,1,1.0,1,1,1216,True,471,1216,0,1216,1,1,1,1,1,1,1.0,1,1,1216,471,train,1,1
1,1,1,1,1,1,1.0,1,1,1226,True,472,1226,0,1226,1,1,1,1,1,1,1.0,1,1,1226,472,train,1,1
21,29,7,23,6,14,0.4827586206896552,19,29,7766,True,473,1155,0,1258,3,4,2,3,2,3,0.10344827586206896,3,29,1258,473,train,29,29
1,2,1,2,1,1,0.5,1,2,1315,True,474,1225,0,1225,1,2,1,1,1,1,0.5,1,2,1225,474,train,2,2
1,2,1,2,1,1,0.3333333333333333,1,3,1384,True,475,1267,0,1267,1,2,1,1,1,1,0.3333333333333333,1,3,1267,475,train,3,3
2,3,2,3,2,2,0.6666666666666666,2,3,2051,True,476,1285,0,1285,2,3,2,2,1,2,0.6666666666666666,2,3,1285,476,train,3,3
2,6,2,3,1,2,0.2857142857142857,2,7,2215,True,477,1162,0,1174,2,2,2,2,1,2,0.2857142857142857,2,7,1174,477,train,7,7
4,5,3,4,1,3,0.6,4,5,1927,True,478,1163,0,1200,2,4,1,2,1,1,0.2,2,5,1200,478,train,5,5
19,43,10,29,6,16,0.2807017543859649,24,57,7789,True,479,990,0,1259,2,11,2,2,2,3,0.05263157894736842,12,57,1259,479,train,57,57
2,2,2,2,1,2,0.6666666666666666,2,3,1598,True,480,1239,0,1240,2,2,2,2,1,2,0.6666666666666666,2,3,1240,480,train,3,3
2,6,1,2,1,2,0.2,3,10,1425,True,481,1058,0,1144,1,4,1,2,1,1,0.1,1,10,1144,481,train,10,10
29,52,17,35,8,19,0.2602739726027397,27,73,9725,True,482,756,0,2464,8,20,5,9,3,7,0.0958904109589041,11,73,2464,482,train,73,73
1,1,1,1,1,1,0.5,1,2,1216,True,483,1215,0,1215,1,1,1,1,1,1,0.5,1,2,1215,483,train,2,2
3,9,3,4,2,3,0.23076923076923078,3,13,2942,True,484,1164,0,1888,3,3,2,3,1,2,0.15384615384615385,2,13,1888,484,train,13,13
17,26,11,19,6,11,0.3548387096774194,14,31,7632,True,485,1078,0,2512,6,16,3,9,2,6,0.1935483870967742,8,31,2512,485,train,31,31
6,10,4,7,2,4,0.2857142857142857,5,14,4076,True,486,1168,0,1604,2,3,2,2,1,2,0.14285714285714285,2,14,1604,486,train,14,14
3,4,3,3,2,3,0.3,3,10,2809,True,487,1145,0,1172,2,3,2,2,1,2,0.2,2,10,1172,487,train,10,10
10,16,7,13,4,7,0.3181818181818182,10,22,5115,True,488,1129,0,1324,2,4,2,4,1,2,0.09090909090909091,3,22,1324,488,train,22,22
4,4,3,4,2,3,0.5,3,6,2242,True,489,1216,0,1234,3,4,3,3,2,3,0.5,3,6,1234,489,train,6,6
5,13,4,11,3,5,0.22727272727272727,9,22,3653,True,490,1213,0,1400,2,2,1,2,1,1,0.045454545454545456,2,22,1400,490,train,22,22
4,7,2,5,2,2,0.2222222222222222,3,9,2666,True,491,1165,0,1202,2,3,2,2,1,2,0.2222222222222222,2,9,1202,491,train,9,9
11,13,7,12,4,8,0.6153846153846154,10,13,5006,True,492,1180,0,1550,4,7,1,4,1,3,0.23076923076923078,4,13,1550,492,train,13,13
1,1,1,1,1,1,1.0,1,1,1229,True,493,1229,0,1229,1,1,1,1,1,1,1.0,1,1,1229,493,train,1,1
34,79,14,49,12,31,0.2818181818181818,45,110,11810,True,494,1003,0,1290,2,5,2,2,1,4,0.03636363636363636,22,110,1290,494,train,110,110
2,3,2,2,1,2,0.4,2,5,1927,True,495,1240,0,1245,1,2,1,2,1,1,0.2,1,5,1245,495,train,5,5
1,1,1,1,1,1,1.0,1,1,1271,True,496,1271,0,1271,1,1,1,1,1,1,1.0,1,1,1271,496,train,1,1
9,18,8,12,4,7,0.28,9,25,5918,True,497,1080,0,2111,5,9,2,7,2,4,0.16,6,25,2111,497,train,25,25
6,15,4,9,3,5,0.2631578947368421,7,19,3688,True,498,1193,0,1374,2,6,1,2,1,2,0.10526315789473684,3,19,1374,498,train,19,19
2,2,2,2,1,2,0.5,2,4,1750,True,499,959,0,961,2,2,1,2,1,2,0.5,2,4,961,499,train,4,4
4,6,4,4,2,3,0.42857142857142855,4,7,3696,True,500,1274,0,1765,2,3,2,2,1,2,0.2857142857142857,2,7,1765,500,train,7,7
4,6,2,4,1,2,0.3333333333333333,4,6,1419,True,501,821,0,904,1,2,1,2,1,1,0.16666666666666666,1,6,904,501,train,6,6
6,8,5,7,3,5,0.45454545454545453,5,11,3373,True,502,1204,0,1316,4,5,2,5,2,3,0.2727272727272727,4,11,1316,502,train,11,11
4,4,2,4,2,2,0.5,3,4,2122,True,503,1067,0,1067,2,3,1,3,1,2,0.5,2,4,1067,503,train,4,4
7,13,4,8,3,4,0.25,6,16,3948,True,504,1073,0,1375,3,6,1,4,1,3,0.1875,4,16,1375,504,train,16,16
11,18,11,13,5,9,0.2903225806451613,11,31,6696,True,505,1104,0,2426,9,11,3,9,3,7,0.22580645161290322,8,31,2426,505,train,31,31
7,9,5,7,3,5,0.4166666666666667,6,12,3096,True,506,1253,0,1304,3,7,1,5,2,3,0.25,5,12,1304,506,train,12,12
3,3,3,3,1,3,0.6,3,5,2008,True,507,1116,0,1119,3,3,1,3,1,2,0.4,3,5,1119,507,train,5,5
4,17,2,7,2,5,0.20833333333333334,8,24,2375,True,508,1050,0,1099,1,2,1,1,1,1,0.041666666666666664,1,24,1099,508,train,24,24
8,14,5,9,3,5,0.3125,7,16,4059,True,509,1118,0,1316,1,7,1,3,1,1,0.0625,3,16,1316,509,train,16,16
1,2,1,2,1,1,0.5,1,2,1367,True,510,1273,0,1278,1,1,1,1,1,1,0.5,1,2,1278,510,train,2,2
11,11,8,11,4,7,0.4666666666666667,8,15,7582,True,511,1189,0,2321,5,8,4,6,3,5,0.3333333333333333,6,15,2321,511,train,15,15
3,9,1,6,1,3,0.2727272727272727,5,11,1999,True,512,1209,0,1237,1,2,1,1,1,1,0.09090909090909091,1,11,1237,512,train,11,11
4,11,2,6,2,3,0.14285714285714285,6,21,2558,True,513,1110,0,1134,2,2,2,2,1,2,0.09523809523809523,2,21,1134,513,train,21,21
2,4,2,3,2,2,0.2222222222222222,2,9,2314,True,514,1173,0,1183,2,3,2,2,1,2,0.2222222222222222,2,9,1183,514,train,9,9
2,8,2,2,1,2,0.18181818181818182,3,11,1633,True,515,1124,0,1141,1,1,1,1,1,1,0.09090909090909091,1,11,1141,515,train,11,11
3,4,3,4,2,3,0.75,3,4,2313,True,516,1052,0,1251,3,3,2,3,1,2,0.5,3,4,1251,516,train,4,4
1,2,1,1,1,1,0.25,1,4,1223,True,517,1195,0,1200,1,1,1,1,1,1,0.25,1,4,1200,517,train,4,4
9,13,4,11,3,7,0.3684210526315789,9,19,3128,True,518,1161,0,1304,2,6,1,2,1,2,0.10526315789473684,3,19,1304,518,train,19,19
4,5,2,5,2,2,0.4,3,5,2268,True,519,1180,0,1206,2,4,1,3,1,2,0.4,2,5,1206,519,train,5,5
2,3,2,2,1,2,0.5,2,4,2282,True,520,1199,0,1225,2,3,2,2,1,2,0.5,2,4,1225,520,train,4,4
2,2,2,2,1,2,0.5,2,4,1830,True,521,1115,0,1118,1,2,1,1,1,1,0.25,1,4,1118,521,train,4,4
2,5,1,2,1,2,0.2857142857142857,2,7,1629,True,522,1257,0,1262,1,1,1,1,1,1,0.14285714285714285,1,7,1262,522,train,7,7
1,1,1,1,1,1,0.5,1,2,1166,True,523,1162,0,1162,1,1,1,1,1,1,0.5,1,2,1162,523,train,2,2
19,49,9,27,7,16,0.24242424242424243,24,66,7835,True,524,1023,0,1991,2,13,2,5,2,4,0.06060606060606061,10,66,1991,524,train,66,66
2,2,2,2,1,2,0.4,2,5,1906,True,525,1246,0,1248,2,2,2,2,1,2,0.4,2,5,1248,525,train,5,5
27,41,18,36,9,18,0.4,24,45,11920,True,526,966,0,3266,10,26,4,15,4,10,0.2222222222222222,14,45,3266,526,train,45,45
12,16,9,13,4,7,0.3888888888888889,9,18,5281,True,527,906,0,2015,5,11,4,6,2,4,0.2222222222222222,5,18,2015,527,train,18,18
3,3,2,3,1,2,0.6666666666666666,2,3,2016,True,528,1240,0,1240,2,3,1,2,1,2,0.6666666666666666,2,3,1240,528,train,3,3
9,9,7,9,3,6,0.5454545454545454,7,11,4294,True,529,1179,0,1520,4,9,2,6,2,4,0.36363636363636365,5,11,1520,529,train,11,11
1,1,1,1,1,1,1.0,1,1,1187,True,530,1187,0,1187,1,1,1,1,1,1,1.0,1,1,1187,530,train,1,1
4,4,3,4,2,2,0.4,3,5,1839,True,531,805,0,828,2,3,2,2,1,2,0.4,2,5,828,531,train,5,5
6,10,3,8,2,4,0.25,6,16,3444,True,532,1188,0,1353,1,6,1,1,1,1,0.0625,4,16,1353,532,train,16,16
1,1,1,1,1,1,1.0,1,1,1286,True,533,1286,0,1286,1,1,1,1,1,1,1.0,1,1,1286,533,train,1,1
4,7,3,5,2,4,0.5,4,8,2086,True,534,1194,0,1360,3,4,2,3,1,2,0.25,3,8,1360,534,train,8,8
19,30,12,25,6,13,0.38235294117647056,17,34,10235,True,535,1230,0,1842,3,10,1,4,1,3,0.08823529411764706,6,34,1842,535,train,34,34
14,22,10,16,4,9,0.36,13,25,5985,True,536,950,0,1659,3,14,1,7,1,6,0.24,9,25,1659,536,train,25,25
1,2,1,1,1,1,0.5,1,2,1318,True,537,1278,0,1284,1,1,1,1,1,1,0.5,1,2,1284,537,train,2,2
10,12,4,11,3,7,0.5,9,14,4033,True,538,1146,0,1193,1,1,1,1,1,1,0.07142857142857142,1,14,1193,538,train,14,14
2,4,2,3,1,2,0.2857142857142857,2,7,1931,True,539,1185,0,1188,2,3,1,2,1,1,0.14285714285714285,2,7,1188,539,train,7,7
2,4,1,3,1,1,0.2,2,5,1517,True,540,1257,0,1302,1,4,1,1,1,1,0.2,1,5,1302,540,train,5,5
3,8,3,4,2,3,0.25,3,12,2604,True,541,1120,0,1138,3,3,3,3,2,3,0.25,3,12,1138,541,train,12,12
9,15,4,11,3,7,0.3888888888888889,9,18,3642,True,542,1115,0,1369,3,4,1,3,1,2,0.1111111111111111,3,18,1369,542,train,18,18
2,2,2,2,1,2,1.0,2,2,1488,True,543,1210,0,1210,2,2,2,2,1,2,1.0,2,2,1210,543,train,2,2
4,7,3,5,2,3,0.3,4,10,2713,True,544,1206,0,1279,2,5,1,2,1,2,0.2,2,10,1279,544,train,10,10
8,12,5,9,3,5,0.2631578947368421,7,19,4806,True,545,1230,0,1258,2,4,1,4,1,2,0.10526315789473684,3,19,1258,545,train,19,19
3,5,3,5,2,3,0.5,3,6,2680,True,546,1206,0,1255,3,4,3,3,2,3,0.5,3,6,1255,546,train,6,6
3,3,3,3,1,3,1.0,3,3,2426,True,547,1253,0,1356,1,3,1,2,1,1,0.3333333333333333,1,3,1356,547,train,3,3
11,18,11,15,4,8,0.32,10,25,8814,True,548,1188,0,2469,4,6,3,4,2,3,0.12,4,25,2469,548,train,25,25
8,11,2,10,2,6,0.375,8,16,3217,True,549,1185,0,1319,2,8,1,2,1,2,0.125,3,16,1319,549,train,16,16
19,25,11,20,6,11,0.3793103448275862,15,29,8113,True,550,1022,0,1388,2,8,1,3,1,3,0.10344827586206896,5,29,1388,550,train,29,29
8,20,4,13,3,7,0.2916666666666667,11,24,3679,True,551,1018,0,1232,1,5,1,4,1,2,0.08333333333333333,4,24,1232,551,train,24,24
1,1,1,1,1,1,1.0,1,1,1259,True,552,1259,0,1259,1,1,1,1,1,1,1.0,1,1,1259,552,train,1,1
6,16,2,11,2,6,0.35294117647058826,10,17,2842,True,553,1144,0,1227,1,4,1,1,1,1,0.058823529411764705,1,17,1227,553,train,17,17
2,3,2,2,1,2,0.5,2,4,1607,True,554,1265,0,1268,2,2,2,2,1,2,0.5,2,4,1268,554,train,4,4
2,2,2,2,1,2,0.5,2,4,2404,True,555,1255,0,1257,2,2,2,2,1,2,0.5,2,4,1257,555,train,4,4
8,14,5,11,2,6,0.375,8,16,4056,True,556,1187,0,1259,3,5,2,3,2,2,0.125,3,16,1259,556,train,16,16
2,3,2,2,1,2,0.6666666666666666,2,3,2125,True,557,1204,0,1213,2,2,1,2,1,1,0.3333333333333333,2,3,1213,557,train,3,3
3,4,1,3,1,2,0.2857142857142857,3,7,1554,True,558,1193,0,1201,1,2,1,1,1,1,0.14285714285714285,1,7,1201,558,train,7,7
3,4,3,3,2,3,0.5,3,6,2435,True,559,1186,0,1426,3,3,1,3,1,2,0.3333333333333333,3,6,1426,559,train,6,6
2,3,2,2,1,2,0.6666666666666666,2,3,1926,True,560,1284,0,1284,2,2,2,2,1,2,0.6666666666666666,2,3,1284,560,train,3,3
2,2,2,2,1,2,1.0,2,2,2186,True,561,1255,0,1255,2,2,1,2,1,2,1.0,2,2,1255,561,train,2,2
3,5,3,4,2,3,0.25,3,12,2759,True,562,1258,0,1274,2,2,2,2,1,2,0.16666666666666666,2,12,1274,562,train,12,12
3,4,2,3,1,2,0.5,2,4,1679,True,563,1245,0,1251,2,3,1,2,1,1,0.25,2,4,1251,563,train,4,4
2,2,1,2,1,1,0.5,2,2,1459,True,564,1247,0,1247,2,2,1,2,1,1,0.5,2,2,1247,564,train,2,2
3,3,2,3,1,2,0.6666666666666666,2,3,2168,True,565,1233,0,1264,2,3,2,2,2,2,0.6666666666666666,2,3,1264,565,train,3,3
5,6,4,6,2,4,0.5,4,8,4488,True,566,1239,0,1509,2,4,1,2,1,2,0.25,2,8,1509,566,train,8,8
14,23,11,18,5,10,0.29411764705882354,13,34,7440,True,567,1050,0,2492,8,14,5,10,4,7,0.20588235294117646,9,34,2492,567,train,34,34
1,1,1,1,1,1,1.0,1,1,1247,True,568,1247,0,1247,1,1,1,1,1,1,1.0,1,1,1247,568,train,1,1
4,4,2,4,2,2,0.4,3,5,2527,True,569,1249,0,1357,1,4,1,2,1,1,0.2,2,5,1357,569,train,5,5
3,5,3,3,2,3,0.6,3,5,2919,True,570,1206,0,1619,3,3,3,3,2,3,0.6,3,5,1619,570,train,5,5
3,3,3,3,2,3,1.0,3,3,1876,True,571,1270,0,1270,3,3,2,3,1,3,1.0,3,3,1270,571,train,3,3
5,10,3,7,2,3,0.1875,5,16,3572,True,572,1129,0,1201,2,4,2,2,1,2,0.125,2,16,1201,572,train,16,16
1,1,1,1,1,1,1.0,1,1,1282,True,573,1282,0,1282,1,1,1,1,1,1,1.0,1,1,1282,573,train,1,1
1,1,1,1,1,1,1.0,1,1,1274,True,574,1274,0,1274,1,1,1,1,1,1,1.0,1,1,1274,574,train,1,1
1,3,1,1,1,1,0.3333333333333333,1,3,1324,True,575,1275,0,1275,1,1,1,1,1,1,0.3333333333333333,1,3,1275,575,train,3,3
1,3,1,3,1,1,0.3333333333333333,2,3,1461,True,576,1293,0,1293,1,3,1,1,1,1,0.3333333333333333,1,3,1293,576,train,3,3
1,2,1,2,1,1,0.5,1,2,1304,True,577,1209,0,1209,1,1,1,1,1,1,0.5,1,2,1209,577,train,2,2
21,36,12,24,6,13,0.24528301886792453,19,53,9792,True,578,1073,0,2275,4,14,3,5,2,4,0.07547169811320754,7,53,2275,578,train,53,53
6,19,4,12,3,6,0.23076923076923078,10,26,5124,True,579,1216,0,1488,2,4,1,2,1,2,0.07692307692307693,2,26,1488,579,train,26,26
4,9,2,4,2,2,0.2,4,10,2833,True,580,1218,0,1251,2,3,1,2,1,2,0.2,2,10,1251,580,train,10,10
11,17,8,13,4,8,0.4,10,20,5751,True,581,1087,0,1178,2,4,1,2,1,2,0.1,2,20,1178,581,train,20,20
16,33,11,27,6,13,0.3333333333333333,20,39,6423,True,582,1003,0,1448,4,12,3,4,2,4,0.10256410256410256,8,39,1448,582,train,39,39
1,5,1,1,1,1,0.2,1,5,1277,True,583,1221,0,1232,1,2,1,1,1,1,0.2,1,5,1232,583,train,5,5
4,4,3,4,2,3,0.75,3,4,1935,True,584,1217,0,1217,4,4,2,4,2,3,0.75,4,4,1217,584,train,4,4
14,27,10,17,5,10,0.24390243902439024,14,41,4688,True,585,770,0,1665,4,14,4,7,3,5,0.12195121951219512,9,41,1665,585,train,41,41
5,7,3,5,2,3,0.3333333333333333,4,9,2758,True,586,1238,0,1389,2,5,1,2,1,1,0.1111111111111111,2,9,1389,586,train,9,9
5,7,4,6,2,4,0.36363636363636365,5,11,2729,True,587,1119,0,1133,2,2,2,2,1,2,0.18181818181818182,2,11,1133,587,train,11,11
5,18,4,5,2,4,0.14814814814814814,8,27,3437,True,588,1207,0,1392,3,3,2,3,1,2,0.07407407407407407,3,27,1392,588,train,27,27
6,11,3,9,2,5,0.29411764705882354,7,17,3211,True,589,1189,0,1216,1,2,1,1,1,1,0.058823529411764705,1,17,1216,589,train,17,17
11,17,5,12,3,7,0.30434782608695654,9,23,4483,True,590,952,0,1122,3,5,1,3,1,2,0.08695652173913043,3,23,1122,590,train,23,23
1,1,1,1,1,1,1.0,1,1,1171,True,591,1171,0,1171,1,1,1,1,1,1,1.0,1,1,1171,591,train,1,1
2,13,2,6,1,5,0.2777777777777778,8,18,2264,True,592,1216,0,1380,1,7,1,2,1,1,0.05555555555555555,3,18,1380,592,train,18,18
3,5,2,3,1,2,0.2857142857142857,3,7,2098,True,593,1218,0,1251,2,4,1,2,1,2,0.2857142857142857,2,7,1251,593,train,7,7
1,1,1,1,1,1,1.0,1,1,1282,True,594,1282,0,1282,1,1,1,1,1,1,1.0,1,1,1282,594,train,1,1
13,22,9,20,4,10,0.4166666666666667,14,24,5602,True,595,1067,0,1411,3,6,2,3,1,2,0.08333333333333333,3,24,1411,595,train,24,24
2,4,1,3,1,2,0.3333333333333333,2,6,982,True,596,740,0,759,1,3,1,1,1,1,0.16666666666666666,1,6,759,596,train,6,6
1,2,1,1,1,1,0.5,1,2,1268,True,597,1232,0,1236,1,1,1,1,1,1,0.5,1,2,1236,597,train,2,2
5,7,3,5,2,3,0.2727272727272727,4,11,2708,True,598,1132,0,1235,2,4,2,3,1,2,0.18181818181818182,2,11,1235,598,train,11,11
11,32,6,16,4,10,0.2127659574468085,15,47,7015,True,599,1205,0,1821,3,5,1,4,1,3,0.06382978723404255,4,47,1821,599,train,47,47
5,14,3,8,2,4,0.23529411764705882,7,17,2674,True,600,980,0,1001,2,4,2,3,2,2,0.11764705882352941,3,17,1001,600,train,17,17
5,7,3,5,2,3,0.375,4,8,3013,True,601,1097,0,1119,2,3,1,2,1,1,0.125,2,8,1119,601,train,8,8
9,15,5,11,3,6,0.3333333333333333,8,18,4933,True,602,1108,0,1783,4,6,3,4,2,3,0.16666666666666666,4,18,1783,602,train,18,18
4,7,3,5,2,3,0.3,4,10,2915,True,603,1268,0,1305,1,3,1,2,1,1,0.1,1,10,1305,603,train,10,10
1,1,1,1,1,1,1.0,1,1,1275,True,604,1275,0,1275,1,1,1,1,1,1,1.0,1,1,1275,604,train,1,1
3,5,3,5,2,3,0.5,3,6,2509,True,605,1228,0,1244,2,3,1,2,1,2,0.3333333333333333,2,6,1244,605,train,6,6
3,3,3,3,2,2,0.4,3,5,2329,True,606,1220,0,1222,3,3,2,3,1,2,0.4,3,5,1222,606,train,5,5
1,1,1,1,1,1,1.0,1,1,1294,True,607,1294,0,1294,1,1,1,1,1,1,1.0,1,1,1294,607,train,1,1
3,4,3,3,1,2,0.3333333333333333,3,6,1792,True,608,1149,0,1155,3,3,1,3,1,2,0.3333333333333333,3,6,1155,608,train,6,6
1,1,1,1,1,1,0.5,1,2,1260,True,609,1256,0,1258,1,1,1,1,1,1,0.5,1,2,1258,609,train,2,2
3,5,1,3,1,2,0.3333333333333333,3,6,1468,True,610,1169,0,1188,1,2,1,1,1,1,0.16666666666666666,1,6,1188,610,train,6,6
3,3,3,3,2,3,0.6,3,5,1759,True,611,1274,0,1279,3,3,2,3,2,3,0.6,3,5,1279,611,train,5,5
5,6,3,5,2,3,0.375,4,8,2841,True,612,1263,0,1297,1,2,1,1,1,1,0.125,1,8,1297,612,train,8,8
1,3,1,2,1,1,0.14285714285714285,1,7,1271,True,613,1158,0,1170,1,1,1,1,1,1,0.14285714285714285,1,7,1170,613,train,7,7
2,2,2,2,1,2,0.6666666666666666,2,3,2125,True,614,1232,0,1233,2,2,2,2,1,2,0.6666666666666666,2,3,1233,614,train,3,3
4,11,4,5,2,4,0.3076923076923077,4,13,2813,True,615,1187,0,1207,3,4,2,4,2,3,0.23076923076923078,4,13,1207,615,train,13,13
1,1,1,1,1,1,0.5,1,2,1238,True,616,1237,0,1237,1,1,1,1,1,1,0.5,1,2,1237,616,train,2,2
1,1,1,1,1,1,0.5,1,2,1195,True,617,1191,0,1193,1,1,1,1,1,1,0.5,1,2,1193,617,train,2,2
7,13,4,9,2,4,0.16666666666666666,7,24,3349,True,618,1026,0,1200,4,5,1,4,1,3,0.125,4,24,1200,618,train,24,24
5,6,4,5,2,4,0.2857142857142857,4,14,2918,True,619,1033,0,1064,1,3,1,1,1,1,0.07142857142857142,1,14,1064,619,train,14,14
14,41,6,22,5,13,0.2653061224489796,20,49,5894,True,620,887,0,1246,4,7,2,4,2,3,0.061224489795918366,4,49,1246,620,train,49,49
2,2,2,2,1,2,0.5,2,4,2051,True,621,1215,0,1217,2,2,1,2,1,1,0.25,2,4,1217,621,train,4,4
10,21,4,14,4,9,0.3103448275862069,13,29,3989,True,622,1201,0,1331,1,4,1,1,1,1,0.034482758620689655,2,29,1331,622,train,29,29
14,23,10,17,5,9,0.2903225806451613,12,31,6468,True,623,796,0,1523,4,12,4,6,2,4,0.12903225806451613,6,31,1523,623,train,31,31
10,21,6,12,4,7,0.21212121212121213,10,33,5260,True,624,1128,0,1399,3,10,1,3,1,4,0.12121212121212122,7,33,1399,624,train,33,33
1,1,1,1,1,1,0.5,1,2,1256,True,625,1250,0,1252,1,1,1,1,1,1,0.5,1,2,1252,625,train,2,2
5,7,3,6,2,3,0.42857142857142855,5,7,2168,True,626,1184,0,1195,3,4,2,3,1,2,0.2857142857142857,3,7,1195,626,train,7,7
3,5,2,4,2,2,0.25,3,8,2450,True,627,1236,0,1241,3,3,2,3,2,2,0.25,3,8,1241,627,train,8,8
2,3,1,3,1,2,0.5,2,4,1570,True,628,1245,0,1273,1,3,1,1,1,1,0.25,1,4,1273,628,train,4,4
2,5,1,3,1,2,0.2857142857142857,2,7,1565,True,629,1227,0,1277,1,3,1,1,1,1,0.14285714285714285,1,7,1277,629,train,7,7
5,11,3,6,2,3,0.23076923076923078,5,13,2683,True,630,1053,0,1202,2,8,1,3,1,2,0.15384615384615385,4,13,1202,630,train,13,13
37,68,23,51,12,26,0.3333333333333333,37,78,16077,True,631,1003,0,3159,5,17,4,10,2,6,0.07692307692307693,9,78,3159,631,train,78,78
13,22,6,19,4,10,0.3333333333333333,13,30,5409,True,632,1092,0,1242,1,7,1,1,1,1,0.03333333333333333,3,30,1242,632,train,30,30
4,6,4,5,2,4,0.6666666666666666,4,6,2541,True,633,1203,0,1313,2,4,2,4,1,2,0.3333333333333333,3,6,1313,633,train,6,6
3,3,2,3,1,2,0.4,3,5,1941,True,634,1224,0,1226,2,3,2,2,1,2,0.4,2,5,1226,634,train,5,5
2,3,1,2,1,1,0.2,2,5,1256,True,635,1089,0,1118,1,2,1,1,1,1,0.2,1,5,1118,635,train,5,5
17,29,11,22,5,11,0.2619047619047619,16,42,7954,True,636,1028,0,2593,6,14,4,8,3,5,0.11904761904761904,8,42,2593,636,train,42,42
5,6,4,5,2,4,0.4444444444444444,4,9,2652,True,637,1205,0,1220,2,2,2,2,1,2,0.2222222222222222,2,9,1220,637,train,9,9
36,69,19,50,11,25,0.2808988764044944,37,89,11066,True,638,693,0,3690,14,36,7,16,5,12,0.1348314606741573,18,89,3690,638,train,89,89
19,30,10,23,6,13,0.35135135135135137,18,37,6916,True,639,978,0,1112,1,4,1,2,1,1,0.02702702702702703,2,37,1112,639,train,37,37
1,1,1,1,1,1,1.0,1,1,1287,True,640,1287,0,1287,1,1,1,1,1,1,1.0,1,1,1287,640,train,1,1
4,7,1,4,1,3,0.3,4,10,1830,True,641,1191,0,1203,1,2,1,1,1,1,0.1,1,10,1203,641,train,10,10
2,2,1,2,1,1,0.5,1,2,1401,True,642,1274,0,1274,1,2,1,1,1,1,0.5,1,2,1274,642,train,2,2
1,1,1,1,1,1,1.0,1,1,1133,True,643,1133,0,1133,1,1,1,1,1,1,1.0,1,1,1133,643,train,1,1
2,3,2,2,1,2,0.5,2,4,1601,True,644,1243,0,1247,2,2,1,2,1,2,0.5,2,4,1247,644,train,4,4
1,1,1,1,1,1,1.0,1,1,1293,True,645,1293,0,1293,1,1,1,1,1,1,1.0,1,1,1293,645,train,1,1
2,2,2,2,1,2,1.0,2,2,1696,True,646,1257,0,1257,2,2,2,2,1,2,1.0,2,2,1257,646,train,2,2
1,3,1,2,1,1,0.25,1,4,1240,True,647,1181,0,1185,1,2,1,1,1,1,0.25,1,4,1185,647,train,4,4
4,9,2,6,2,4,0.23529411764705882,6,17,2087,True,648,1176,0,1196,2,2,2,2,1,2,0.11764705882352941,2,17,1196,648,train,17,17
1,1,1,1,1,1,0.3333333333333333,1,3,1260,True,649,1250,0,1253,1,1,1,1,1,1,0.3333333333333333,1,3,1253,649,train,3,3
6,20,3,11,3,7,0.2692307692307692,11,26,3037,True,650,1090,0,1335,2,5,1,3,1,2,0.07692307692307693,4,26,1335,650,train,26,26
2,4,2,2,1,2,0.3333333333333333,2,6,1722,True,651,1202,0,1206,2,2,2,2,1,2,0.3333333333333333,2,6,1206,651,train,6,6
3,4,2,3,1,2,0.25,3,8,1592,True,652,1152,0,1170,2,2,2,2,1,2,0.25,2,8,1170,652,train,8,8
1,2,1,1,1,1,0.5,1,2,1057,True,653,1033,0,1033,1,1,1,1,1,1,0.5,1,2,1033,653,train,2,2
10,15,6,11,3,6,0.2857142857142857,8,21,5856,True,654,1146,0,1699,4,5,2,5,2,3,0.14285714285714285,4,21,1699,654,train,21,21
6,11,5,6,3,5,0.2631578947368421,6,19,4149,True,655,1164,0,1420,3,6,2,5,2,3,0.15789473684210525,4,19,1420,655,train,19,19
7,12,6,10,3,5,0.2777777777777778,6,18,4902,True,656,1083,0,1463,3,8,1,4,1,3,0.16666666666666666,4,18,1463,656,train,18,18
20,55,9,30,7,18,0.225,28,80,8450,True,657,937,0,2881,5,17,4,9,3,7,0.0875,12,80,2881,657,train,80,80
1,1,1,1,1,1,0.5,1,2,1257,True,658,1251,0,1256,1,1,1,1,1,1,0.5,1,2,1256,658,train,2,2
17,32,11,19,6,12,0.25,17,48,7546,True,659,1125,0,1510,3,7,2,5,2,3,0.0625,5,48,1510,659,train,48,48
4,5,2,4,2,2,0.16666666666666666,3,12,2708,True,660,1178,0,1193,2,2,2,2,1,2,0.16666666666666666,2,12,1193,660,train,12,12
1,1,1,1,1,1,1.0,1,1,1279,True,661,1279,0,1279,1,1,1,1,1,1,1.0,1,1,1279,661,train,1,1
14,23,9,16,5,9,0.2903225806451613,12,31,5408,True,662,930,0,1305,3,12,1,6,1,5,0.16129032258064516,8,31,1305,662,train,31,31
5,8,2,6,2,4,0.4444444444444444,5,9,2108,True,663,919,0,926,1,4,1,2,1,1,0.1111111111111111,2,9,926,663,train,9,9
4,8,3,4,2,3,0.3333333333333333,4,9,2113,True,664,828,0,866,3,5,2,3,2,3,0.3333333333333333,3,9,866,664,train,9,9
15,32,9,18,5,9,0.2,14,45,8269,True,665,1015,0,2919,4,10,4,5,2,4,0.08888888888888889,4,45,2919,665,train,45,45
4,4,3,4,2,2,0.25,3,8,2753,True,666,1230,0,1239,2,2,2,2,1,2,0.25,2,8,1239,666,train,8,8
4,11,3,7,2,3,0.21428571428571427,6,14,2645,True,667,1081,0,1094,1,2,1,2,1,1,0.07142857142857142,1,14,1094,667,train,14,14
1,2,1,1,1,1,0.3333333333333333,1,3,1329,True,668,1272,0,1292,1,2,1,1,1,1,0.3333333333333333,1,3,1292,668,train,3,3
1,1,1,1,1,1,1.0,1,1,1245,True,669,1245,0,1245,1,1,1,1,1,1,1.0,1,1,1245,669,train,1,1
2,3,2,2,1,2,0.4,2,5,1615,True,670,1187,0,1192,1,2,1,1,1,1,0.2,1,5,1192,670,train,5,5
11,16,7,12,3,7,0.4117647058823529,9,17,5950,True,671,1234,0,1344,1,5,1,1,1,1,0.058823529411764705,2,17,1344,671,train,17,17
2,2,1,2,1,1,0.14285714285714285,2,7,1500,True,672,1263,0,1268,1,1,1,1,1,1,0.14285714285714285,1,7,1268,672,train,7,7
16,27,7,19,5,12,0.34285714285714286,16,35,5122,True,673,1014,0,1305,1,9,1,2,1,2,0.05714285714285714,6,35,1305,673,train,35,35
2,7,1,4,1,2,0.16666666666666666,3,12,1613,True,674,1231,0,1285,1,3,1,1,1,1,0.08333333333333333,1,12,1285,674,train,12,12
3,5,3,4,2,3,0.5,3,6,2030,True,675,1033,0,1052,2,2,1,2,1,1,0.16666666666666666,2,6,1052,675,train,6,6
1,1,1,1,1,1,1.0,1,1,1046,True,676,1046,0,1046,1,1,1,1,1,1,1.0,1,1,1046,676,train,1,1
7,13,4,8,3,4,0.21052631578947367,6,19,4398,True,677,1159,0,1551,4,5,2,4,2,4,0.21052631578947367,4,19,1551,677,train,19,19
4,12,2,7,2,4,0.21052631578947367,7,19,2292,True,678,1088,0,1124,1,1,1,1,1,1,0.05263157894736842,1,19,1124,678,train,19,19
3,5,2,4,2,2,0.2857142857142857,3,7,2619,True,679,1256,0,1286,2,3,2,2,1,2,0.2857142857142857,2,7,1286,679,train,7,7
2,4,1,2,1,1,0.2,2,5,1462,True,680,1211,0,1248,1,3,1,1,1,1,0.2,1,5,1248,680,train,5,5
22,50,13,32,7,18,0.26865671641791045,25,67,9222,True,681,968,0,2382,4,17,3,4,2,4,0.05970149253731343,10,67,2382,681,train,67,67
1,1,1,1,1,1,0.5,1,2,1284,True,682,1276,0,1276,1,1,1,1,1,1,0.5,1,2,1276,682,train,2,2
3,3,2,3,1,2,0.4,2,5,1828,True,683,1162,0,1195,2,3,2,2,1,2,0.4,2,5,1195,683,train,5,5
1,2,1,1,1,1,0.25,1,4,1338,True,684,1262,0,1269,1,1,1,1,1,1,0.25,1,4,1269,684,train,4,4
2,2,2,2,1,2,1.0,2,2,1731,True,685,1288,0,1288,2,2,2,2,1,2,1.0,2,2,1288,685,train,2,2
3,3,2,3,2,2,0.5,2,4,1617,True,686,1082,0,1083,3,3,2,3,2,2,0.5,3,4,1083,686,train,4,4
3,3,1,3,1,2,0.6666666666666666,2,3,1431,True,687,1281,0,1281,2,3,1,2,1,1,0.3333333333333333,2,3,1281,687,train,3,3
2,2,2,2,1,2,0.6666666666666666,2,3,1998,True,688,1227,0,1230,2,2,2,2,1,2,0.6666666666666666,2,3,1230,688,train,3,3
30,42,19,36,9,19,0.3584905660377358,25,53,9460,True,689,746,0,3496,12,32,4,17,4,11,0.20754716981132076,16,53,3496,689,train,53,53
1,1,1,1,1,1,1.0,1,1,1248,True,690,1248,0,1248,1,1,1,1,1,1,1.0,1,1,1248,690,train,1,1
5,9,4,8,2,4,0.3333333333333333,5,12,3226,True,691,1207,0,1217,2,3,2,3,1,2,0.16666666666666666,2,12,1217,691,train,12,12
14,32,10,18,5,11,0.275,15,40,6777,True,692,1055,0,1303,1,9,1,2,1,2,0.05,5,40,1303,692,train,40,40
9,19,4,14,3,8,0.3333333333333333,11,24,4751,True,693,1106,0,1280,2,6,2,2,1,2,0.08333333333333333,3,24,1280,693,train,24,24
3,3,1,3,1,2,0.5,3,4,1684,True,694,1274,0,1277,2,3,1,2,1,1,0.25,2,4,1277,694,train,4,4
4,4,3,4,2,3,0.42857142857142855,3,7,2930,True,695,1185,0,1436,3,4,1,3,1,2,0.2857142857142857,3,7,1436,695,train,7,7
3,4,2,4,1,2,0.4,3,5,1720,True,696,1154,0,1165,2,2,1,2,1,2,0.4,2,5,1165,696,train,5,5
4,13,2,7,2,4,0.21052631578947367,7,19,2516,True,697,1218,0,1248,2,2,1,2,1,2,0.10526315789473684,2,19,1248,697,train,19,19
23,31,16,25,7,14,0.3684210526315789,18,38,11812,True,698,1110,0,2956,6,18,4,10,3,6,0.15789473684210525,10,38,2956,698,train,38,38
2,4,1,2,1,1,0.2,2,5,1455,True,699,1272,0,1280,1,1,1,1,1,1,0.2,1,5,1280,699,train,5,5
7,14,4,10,3,6,0.25,8,24,3776,True,700,1059,0,1264,2,3,1,2,1,1,0.041666666666666664,2,24,1264,700,train,24,24
1,2,1,2,1,1,0.25,1,4,1370,True,701,1258,0,1291,1,2,1,1,1,1,0.25,1,4,1291,701,train,4,4
9,17,7,10,3,6,0.2727272727272727,7,22,5419,True,702,1088,0,1671,4,5,2,4,1,3,0.13636363636363635,4,22,1671,702,train,22,22
2,7,1,3,1,2,0.2,3,10,1550,True,703,1226,0,1242,1,2,1,1,1,1,0.1,1,10,1242,703,train,10,10
2,3,2,2,1,2,0.4,2,5,2001,True,704,1238,0,1242,2,2,2,2,1,2,0.4,2,5,1242,704,train,5,5
2,3,2,3,1,2,0.5,2,4,1790,True,705,1087,0,1089,1,2,1,2,1,1,0.25,1,4,1089,705,train,4,4
7,11,4,9,3,5,0.38461538461538464,7,13,3219,True,706,1009,0,1177,1,7,1,2,1,2,0.15384615384615385,4,13,1177,706,train,13,13
7,18,5,13,3,7,0.2692307692307692,10,26,3769,True,707,1224,0,1357,1,3,1,1,1,1,0.038461538461538464,1,26,1357,707,train,26,26
2,4,2,2,1,2,0.2857142857142857,2,7,1380,True,708,1038,0,1044,2,3,2,2,1,2,0.2857142857142857,2,7,1044,708,train,7,7
12,17,7,15,4,8,0.38095238095238093,11,21,5827,True,709,1174,0,1799,6,10,3,6,3,5,0.23809523809523808,6,21,1799,709,train,21,21
5,13,4,6,2,4,0.21052631578947367,6,19,2902,True,710,1194,0,1390,3,5,1,3,1,2,0.10526315789473684,3,19,1390,710,train,19,19
3,5,3,3,1,2,0.3333333333333333,3,6,2238,True,711,1155,0,1171,2,3,1,3,1,2,0.3333333333333333,3,6,1171,711,train,6,6
1,1,1,1,1,1,1.0,1,1,924,True,712,924,0,924,1,1,1,1,1,1,1.0,1,1,924,712,train,1,1
4,8,3,5,2,3,0.3333333333333333,4,9,2344,True,713,1159,0,1172,1,1,1,1,1,1,0.1111111111111111,1,9,1172,713,train,9,9
7,15,1,7,2,6,0.25,9,24,2371,True,714,1048,0,1114,1,3,1,1,1,1,0.041666666666666664,1,24,1114,714,train,24,24
2,2,1,2,1,1,0.5,2,2,1317,True,715,1276,0,1276,2,2,1,2,1,1,0.5,2,2,1276,715,train,2,2
7,16,3,12,2,6,0.2727272727272727,10,22,3684,True,716,1187,0,1248,2,2,1,2,1,1,0.045454545454545456,2,22,1248,716,train,22,22
5,9,4,7,2,4,0.4,5,10,3788,True,717,1195,0,1453,3,4,2,4,1,3,0.3,3,10,1453,717,train,10,10
16,21,11,18,5,10,0.38461538461538464,13,26,7716,True,718,1056,0,2090,5,11,4,5,2,4,0.15384615384615385,5,26,2090,718,train,26,26
1,2,1,1,1,1,0.14285714285714285,1,7,1303,True,719,1268,0,1276,1,1,1,1,1,1,0.14285714285714285,1,7,1276,719,train,7,7
2,2,2,2,1,2,0.6666666666666666,2,3,2000,True,720,1207,0,1209,2,2,2,2,1,2,0.6666666666666666,2,3,1209,720,train,3,3
5,8,3,6,2,4,0.2857142857142857,5,14,2518,True,721,1184,0,1256,1,4,1,1,1,1,0.07142857142857142,1,14,1256,721,train,14,14
3,3,2,3,2,2,0.3333333333333333,3,6,1959,True,722,1218,0,1223,2,2,2,2,1,2,0.3333333333333333,2,6,1223,722,train,6,6
1,1,1,1,1,1,1.0,1,1,1105,True,723,1105,0,1105,1,1,1,1,1,1,1.0,1,1,1105,723,train,1,1
2,2,2,2,1,2,1.0,2,2,1589,True,724,1031,0,1031,1,2,1,2,1,1,0.5,1,2,1031,724,train,2,2
9,13,7,10,3,6,0.3333333333333333,7,18,5218,True,725,1033,0,1986,3,8,3,4,2,3,0.16666666666666666,4,18,1986,725,train,18,18
2,3,2,2,1,2,0.6666666666666666,2,3,1740,True,726,1275,0,1275,2,3,1,2,1,1,0.3333333333333333,2,3,1275,726,train,3,3
1,2,1,2,1,1,0.2,1,5,1356,True,727,1250,0,1253,1,2,1,2,1,1,0.2,1,5,1253,727,train,5,5
1,2,1,1,1,1,0.5,1,2,966,True,728,954,0,955,1,1,1,1,1,1,0.5,1,2,955,728,train,2,2
5,12,3,8,2,4,0.25,6,16,2820,True,729,992,0,1223,3,5,1,4,1,2,0.125,3,16,1223,729,train,16,16
2,2,2,2,1,2,1.0,2,2,1312,True,730,1198,0,1198,2,2,2,2,1,2,1.0,2,2,1198,730,train,2,2
5,11,3,7,2,4,0.18181818181818182,5,22,2783,True,731,1074,0,1224,1,4,1,3,1,1,0.045454545454545456,3,22,1224,731,train,22,22
3,3,2,3,1,2,0.6666666666666666,3,3,1774,True,732,1255,0,1255,1,3,1,2,1,1,0.3333333333333333,2,3,1255,732,train,3,3
21,47,12,34,9,19,0.296875,28,64,7706,True,733,934,0,1860,5,17,2,7,2,7,0.109375,12,64,1860,733,train,64,64
11,16,7,11,4,6,0.3333333333333333,9,18,7327,True,734,1232,0,1825,4,10,2,4,2,3,0.16666666666666666,4,18,1825,734,train,18,18
3,4,3,3,2,3,0.75,3,4,2142,True,735,1224,0,1234,3,3,1,3,1,2,0.5,3,4,1234,735,train,4,4
1,1,1,1,1,1,0.5,1,2,1276,True,736,1274,0,1275,1,1,1,1,1,1,0.5,1,2,1275,736,train,2,2
4,4,2,4,2,2,0.5,3,4,2254,True,737,1163,0,1243,2,4,1,3,1,2,0.5,2,4,1243,737,train,4,4
7,12,5,8,3,5,0.3125,7,16,3849,True,738,1206,0,1315,1,3,1,1,1,1,0.0625,2,16,1315,738,train,16,16
1,4,1,2,1,1,0.2,1,5,1403,True,739,1273,0,1275,1,1,1,1,1,1,0.2,1,5,1275,739,train,5,5
4,14,2,7,2,5,0.23809523809523808,7,21,1734,True,740,819,0,879,1,2,1,1,1,1,0.047619047619047616,1,21,879,740,train,21,21
1,1,1,1,1,1,0.5,1,2,1250,True,741,1246,0,1247,1,1,1,1,1,1,0.5,1,2,1247,741,train,2,2
2,2,1,2,1,1,0.2,2,5,1222,True,742,1086,0,1090,1,1,1,1,1,1,0.2,1,5,1090,742,train,5,5
10,17,5,11,3,6,0.35294117647058826,9,17,4372,True,743,1206,0,1360,3,6,2,5,2,3,0.17647058823529413,5,17,1360,743,train,17,17
27,58,9,35,7,22,0.3013698630136986,32,73,7291,True,744,778,0,1465,4,16,1,4,1,7,0.0958904109589041,14,73,1465,744,train,73,73
3,7,2,3,1,2,0.2857142857142857,3,7,1580,True,745,1206,0,1219,2,3,1,2,1,2,0.2857142857142857,2,7,1219,745,train,7,7
3,3,2,3,1,2,0.3333333333333333,3,6,1493,True,746,1272,0,1291,2,3,2,2,1,2,0.3333333333333333,2,6,1291,746,train,6,6
1,4,1,2,1,1,0.14285714285714285,2,7,1343,True,747,1162,0,1173,1,1,1,1,1,1,0.14285714285714285,1,7,1173,747,train,7,7
18,28,11,20,5,11,0.36666666666666664,16,30,7511,True,748,1023,0,1321,3,10,2,5,2,4,0.13333333333333333,7,30,1321,748,train,30,30
1,2,1,2,1,1,0.3333333333333333,1,3,1332,True,749,1233,0,1237,1,1,1,1,1,1,0.3333333333333333,1,3,1237,749,train,3,3
4,6,2,5,1,3,0.5,4,6,1783,True,750,1155,0,1176,2,4,2,2,1,2,0.3333333333333333,2,6,1176,750,train,6,6
3,3,2,3,1,2,0.4,2,5,2150,True,751,1147,0,1501,3,3,2,3,1,2,0.4,2,5,1501,751,train,5,5
14,20,9,17,5,9,0.4090909090909091,12,22,6793,True,752,1244,0,1497,2,6,2,3,2,2,0.09090909090909091,4,22,1497,752,train,22,22
2,3,2,2,1,2,0.3333333333333333,2,6,1267,True,753,1184,0,1188,2,2,2,2,1,2,0.3333333333333333,2,6,1188,753,train,6,6
22,38,10,26,7,16,0.3076923076923077,21,52,6657,True,754,884,0,1423,5,16,3,6,3,6,0.11538461538461539,11,52,1423,754,train,52,52
1,1,1,1,1,1,1.0,1,1,1277,True,755,1277,0,1277,1,1,1,1,1,1,1.0,1,1,1277,755,train,1,1
2,4,2,3,2,2,0.5,2,4,2110,True,756,1196,0,1202,2,2,2,2,1,2,0.5,2,4,1202,756,train,4,4
3,6,1,5,1,3,0.2727272727272727,4,11,1935,True,757,1223,0,1258,1,2,1,1,1,1,0.09090909090909091,1,11,1258,757,train,11,11
4,5,4,4,2,3,0.42857142857142855,4,7,2857,True,758,1213,0,1236,2,2,2,2,1,2,0.2857142857142857,2,7,1236,758,train,7,7
1,2,1,1,1,1,0.5,1,2,1282,True,759,1235,0,1238,1,1,1,1,1,1,0.5,1,2,1238,759,train,2,2
3,5,2,3,1,2,0.4,3,5,1434,True,760,1181,0,1191,2,2,2,2,1,2,0.4,2,5,1191,760,train,5,5
1,3,1,1,1,1,0.16666666666666666,1,6,1237,True,761,1180,0,1187,1,1,1,1,1,1,0.16666666666666666,1,6,1187,761,train,6,6
9,21,4,13,3,7,0.18421052631578946,11,38,4808,True,762,1093,0,1323,2,9,1,4,1,3,0.07894736842105263,6,38,1323,762,train,38,38
2,2,1,2,1,1,0.3333333333333333,2,3,1497,True,763,1226,0,1226,1,2,1,2,1,1,0.3333333333333333,1,3,1226,763,train,3,3
31,79,18,46,10,26,0.24528301886792453,39,106,13051,True,764,942,0,3249,7,26,3,11,3,10,0.09433962264150944,20,106,3249,764,train,106,106
4,8,2,5,2,2,0.18181818181818182,4,11,2759,True,765,1226,0,1241,2,2,2,2,1,2,0.18181818181818182,2,11,1241,765,train,11,11
1,3,1,2,1,1,0.25,2,4,1404,True,766,1264,0,1276,1,1,1,1,1,1,0.25,1,4,1276,766,train,4,4
9,13,5,12,3,7,0.4375,9,16,4008,True,767,1151,0,1268,3,7,3,3,2,3,0.1875,3,16,1268,767,train,16,16
5,8,3,6,2,3,0.3333333333333333,5,9,3745,True,768,1272,0,1444,3,5,2,3,1,2,0.2222222222222222,3,9,1444,768,train,9,9
2,2,2,2,1,2,1.0,2,2,1512,True,769,1170,0,1170,2,2,2,2,1,2,1.0,2,2,1170,769,train,2,2
1,1,1,1,1,1,0.5,1,2,1252,True,770,1249,0,1250,1,1,1,1,1,1,0.5,1,2,1250,770,train,2,2
28,53,16,36,9,21,0.31343283582089554,28,67,9541,True,771,879,0,2220,5,20,3,10,3,9,0.13432835820895522,15,67,2220,771,train,67,67
3,3,2,3,2,2,0.4,2,5,1806,True,772,1167,0,1174,2,2,2,2,1,2,0.4,2,5,1174,772,train,5,5
9,14,4,10,3,5,0.25,8,20,4555,True,773,1228,0,1435,4,5,2,4,2,3,0.15,4,20,1435,773,train,20,20
6,10,4,7,2,4,0.21052631578947367,5,19,4013,True,774,1199,0,1558,2,5,1,4,1,2,0.10526315789473684,3,19,1558,774,train,19,19
4,9,2,4,1,3,0.23076923076923078,4,13,2312,True,775,1187,0,1209,1,1,1,1,1,1,0.07692307692307693,1,13,1209,775,train,13,13
3,7,2,4,2,3,0.375,4,8,2532,True,776,1222,0,1246,1,1,1,1,1,1,0.125,1,8,1246,776,train,8,8
2,2,2,2,1,2,1.0,2,2,2004,True,777,1211,0,1211,2,2,2,2,1,2,1.0,2,2,1211,777,train,2,2
4,8,3,4,2,3,0.3333333333333333,4,9,2212,True,778,1212,0,1238,3,5,2,3,2,3,0.3333333333333333,3,9,1238,778,train,9,9
1,1,1,1,1,1,1.0,1,1,1269,True,779,1269,0,1269,1,1,1,1,1,1,1.0,1,1,1269,779,train,1,1
5,8,4,6,2,3,0.21428571428571427,4,14,2949,True,780,1153,0,1384,2,3,1,2,1,1,0.07142857142857142,2,14,1384,780,train,14,14
2,3,2,3,1,2,0.6666666666666666,2,3,1822,True,781,1276,0,1276,1,3,1,2,1,1,0.3333333333333333,2,3,1276,781,train,3,3
39,72,23,52,12,27,0.25961538461538464,40,104,11871,True,782,702,0,3233,9,33,6,17,4,12,0.11538461538461539,21,104,3233,782,train,104,104
12,29,6,16,4,10,0.19607843137254902,14,51,5259,True,783,1178,0,1354,1,4,1,1,1,1,0.0196078431372549,3,51,1354,783,train,51,51
3,8,2,5,2,2,0.125,4,16,2441,True,784,1110,0,1136,2,3,2,2,1,2,0.125,2,16,1136,784,train,16,16
3,4,3,3,2,3,0.6,3,5,3061,True,785,1221,0,1234,3,3,2,3,2,2,0.4,3,5,1234,785,train,5,5
4,4,4,4,2,3,0.75,4,4,2736,True,786,1256,0,1256,3,4,3,4,2,3,0.75,3,4,1256,786,train,4,4
4,7,4,5,2,3,0.42857142857142855,4,7,2700,True,787,1201,0,1377,4,4,2,4,2,3,0.42857142857142855,4,7,1377,787,train,7,7
5,5,2,5,2,3,0.42857142857142855,4,7,2235,True,788,1154,0,1195,2,4,2,2,1,2,0.2857142857142857,2,7,1195,788,train,7,7
1,2,1,1,1,1,0.5,1,2,1210,True,789,1168,0,1168,1,2,1,1,1,1,0.5,1,2,1168,789,train,2,2
15,30,7,19,5,13,0.3170731707317073,17,41,5827,True,790,1171,0,1430,2,7,1,3,1,2,0.04878048780487805,4,41,1430,790,train,41,41
1,1,1,1,1,1,1.0,1,1,1237,True,791,1237,0,1237,1,1,1,1,1,1,1.0,1,1,1237,791,train,1,1
5,16,4,7,2,4,0.21052631578947367,6,19,3398,True,792,1160,0,1403,4,5,2,4,1,3,0.15789473684210525,4,19,1403,792,train,19,19
1,2,1,1,1,1,0.5,1,2,1266,True,793,1234,0,1235,1,1,1,1,1,1,0.5,1,2,1235,793,train,2,2
9,11,7,10,3,6,0.5,8,12,4611,True,794,1199,0,1344,2,6,1,2,1,2,0.16666666666666666,2,12,1344,794,train,12,12
3,3,3,3,2,3,0.75,3,4,2192,True,795,1247,0,1254,2,3,1,2,1,2,0.5,2,4,1254,795,train,4,4
1,4,1,1,1,1,0.1,1,10,1334,True,796,1208,0,1219,1,1,1,1,1,1,0.1,1,10,1219,796,train,10,10
3,6,2,6,1,3,0.375,4,8,1996,True,797,1166,0,1219,1,4,1,1,1,1,0.125,1,8,1219,797,train,8,8
1,1,1,1,1,1,1.0,1,1,1136,True,798,1136,0,1136,1,1,1,1,1,1,1.0,1,1,1136,798,train,1,1
14,25,9,16,4,10,0.3448275862068966,13,29,6895,True,799,1045,0,1452,2,13,1,4,1,4,0.13793103448275862,8,29,1452,799,train,29,29
1,1,1,1,1,1,1.0,1,1,1279,True,800,1279,0,1279,1,1,1,1,1,1,1.0,1,1,1279,800,train,1,1
3,7,2,4,1,3,0.3333333333333333,4,9,2126,True,801,1244,0,1260,1,1,1,1,1,1,0.1111111111111111,1,9,1260,801,train,9,9
2,4,2,2,1,2,0.4,2,5,1855,True,802,1275,0,1295,1,3,1,1,1,1,0.2,1,5,1295,802,train,5,5
7,10,4,8,2,4,0.3333333333333333,6,12,3949,True,803,1274,0,1312,1,1,1,1,1,1,0.08333333333333333,1,12,1312,803,train,12,12
8,9,5,9,3,6,0.5,7,12,3235,True,804,1132,0,1168,3,4,2,3,1,2,0.16666666666666666,3,12,1168,804,train,12,12
3,5,1,3,1,2,0.2222222222222222,3,9,1770,True,805,1234,0,1264,1,3,1,1,1,1,0.1111111111111111,1,9,1264,805,train,9,9
2,2,2,2,1,2,0.4,2,5,1881,True,806,1212,0,1217,1,1,1,1,1,1,0.2,1,5,1217,806,train,5,5
2,2,2,2,1,2,1.0,2,2,1552,True,807,1232,0,1232,2,2,2,2,1,2,1.0,2,2,1232,807,train,2,2
9,24,5,14,3,7,0.1891891891891892,11,37,5632,True,808,1188,0,1356,1,5,1,2,1,1,0.02702702702702703,2,37,1356,808,train,37,37
12,18,9,15,4,8,0.4,10,20,5608,True,809,1087,0,1471,3,5,1,4,1,3,0.15,3,20,1471,809,train,20,20
12,20,8,13,4,8,0.3076923076923077,10,26,4060,True,810,721,0,1259,5,9,2,6,2,4,0.15384615384615385,6,26,1259,810,train,26,26
2,3,2,2,1,2,0.6666666666666666,2,3,1382,True,811,896,0,910,2,3,2,2,1,2,0.6666666666666666,2,3,910,811,train,3,3
2,2,2,2,1,2,0.5,2,4,1696,True,812,1213,0,1214,2,2,2,2,1,2,0.5,2,4,1214,812,train,4,4
9,15,5,12,3,7,0.30434782608695654,9,23,3806,True,813,1060,0,1117,2,2,2,2,1,2,0.08695652173913043,2,23,1117,813,train,23,23
3,4,2,3,1,2,0.4,3,5,2363,True,814,1252,0,1271,1,2,1,2,1,1,0.2,2,5,1271,814,train,5,5
2,2,2,2,1,2,1.0,2,2,1625,True,815,1179,0,1179,2,2,2,2,1,2,1.0,2,2,1179,815,train,2,2
3,3,3,3,2,3,1.0,3,3,2279,True,816,1274,0,1274,3,3,2,3,2,2,0.6666666666666666,3,3,1274,816,train,3,3
3,4,3,3,2,2,0.5,3,4,1983,True,817,1051,0,1119,2,3,1,3,1,2,0.5,2,4,1119,817,train,4,4
8,16,2,10,3,7,0.3181818181818182,10,22,2943,True,818,1078,0,1266,3,6,1,3,1,3,0.13636363636363635,4,22,1266,818,train,22,22
7,13,5,9,3,5,0.35714285714285715,7,14,4433,True,819,1158,0,1352,3,5,2,4,2,3,0.21428571428571427,4,14,1352,819,train,14,14
2,2,1,2,1,1,0.5,1,2,1429,True,820,1289,0,1290,1,1,1,1,1,1,0.5,1,2,1290,820,train,2,2
2,3,2,2,1,2,0.4,2,5,2111,True,821,1086,0,1312,2,2,1,2,1,1,0.2,2,5,1312,821,train,5,5
1,2,1,2,1,1,0.3333333333333333,1,3,1323,True,822,1254,0,1264,1,1,1,1,1,1,0.3333333333333333,1,3,1264,822,train,3,3
2,2,2,2,1,2,1.0,2,2,1622,True,823,1176,0,1176,2,2,2,2,1,2,1.0,2,2,1176,823,train,2,2
2,7,1,3,1,2,0.2857142857142857,3,7,1455,True,824,1096,0,1115,1,1,1,1,1,1,0.14285714285714285,1,7,1115,824,train,7,7
3,4,3,3,1,3,0.5,3,6,2078,True,825,1259,0,1265,1,1,1,1,1,1,0.16666666666666666,1,6,1265,825,train,6,6
11,16,5,13,3,7,0.3181818181818182,11,22,3603,True,826,953,0,1482,3,3,3,3,2,3,0.13636363636363635,3,22,1482,826,train,22,22
4,5,4,5,2,3,0.5,4,6,2572,True,827,1188,0,1279,2,5,2,3,1,2,0.3333333333333333,3,6,1279,827,train,6,6
4,5,3,4,2,3,0.375,4,8,2229,True,828,1165,0,1176,2,2,2,2,1,2,0.25,2,8,1176,828,train,8,8
2,5,2,3,1,2,0.4,2,5,2202,True,829,1258,0,1265,1,1,1,1,1,1,0.2,1,5,1265,829,train,5,5
3,4,3,4,1,2,0.5,3,4,1935,True,830,1189,0,1205,2,4,1,3,1,1,0.25,2,4,1205,830,train,4,4
4,6,2,4,1,2,0.3333333333333333,3,6,1885,True,831,1175,0,1201,1,2,1,1,1,1,0.16666666666666666,1,6,1201,831,train,6,6
1,1,1,1,1,1,1.0,1,1,1284,True,832,1284,0,1284,1,1,1,1,1,1,1.0,1,1,1284,832,train,1,1
1,2,1,1,1,1,0.5,1,2,1290,True,833,1262,0,1266,1,1,1,1,1,1,0.5,1,2,1266,833,train,2,2
6,10,5,10,3,4,0.26666666666666666,6,15,4407,True,834,1134,0,1272,2,4,2,2,2,2,0.13333333333333333,3,15,1272,834,train,15,15
3,6,2,4,1,2,0.2857142857142857,3,7,2375,True,835,1254,0,1460,2,3,1,2,1,1,0.14285714285714285,2,7,1460,835,train,7,7
21,60,9,36,9,25,0.26881720430107525,37,93,7009,True,836,878,0,2438,7,30,2,10,3,11,0.11827956989247312,22,93,2438,836,train,93,93
3,5,1,3,1,2,0.2857142857142857,3,7,1230,True,837,899,0,908,1,1,1,1,1,1,0.14285714285714285,1,7,908,837,train,7,7
4,11,2,6,2,4,0.3333333333333333,6,12,1721,True,838,958,0,985,3,4,2,3,1,2,0.16666666666666666,3,12,985,838,train,12,12
3,3,1,3,1,2,0.5,3,4,1556,True,839,1205,0,1206,2,3,1,2,1,2,0.5,2,4,1206,839,train,4,4
3,3,3,3,1,3,0.75,3,4,2094,True,840,1190,0,1191,3,3,2,3,1,3,0.75,3,4,1191,840,train,4,4
9,17,5,10,3,6,0.2727272727272727,8,22,3414,True,841,791,0,907,4,6,3,5,2,3,0.13636363636363635,4,22,907,841,train,22,22
4,11,4,9,2,4,0.2222222222222222,5,18,3630,True,842,1174,0,1541,4,5,4,4,2,4,0.2222222222222222,4,18,1541,842,train,18,18
3,5,2,3,2,2,0.2857142857142857,3,7,2260,True,843,1250,0,1261,2,3,2,2,1,2,0.2857142857142857,2,7,1261,843,train,7,7
5,6,3,5,2,3,0.21428571428571427,4,14,2316,True,844,1203,0,1220,2,2,2,2,1,2,0.14285714285714285,2,14,1220,844,train,14,14
2,5,2,2,1,2,0.3333333333333333,2,6,2103,True,845,1190,0,1200,2,2,2,2,1,2,0.3333333333333333,2,6,1200,845,train,6,6
22,36,12,30,7,16,0.3137254901960784,22,51,8685,True,846,1085,0,2415,2,15,2,3,2,3,0.058823529411764705,8,51,2415,846,train,51,51
3,8,2,5,2,2,0.2222222222222222,3,9,2772,True,847,1254,0,1264,2,2,1,2,1,1,0.1111111111111111,2,9,1264,847,train,9,9
25,46,15,33,8,18,0.32727272727272727,24,55,8813,True,848,762,0,1363,5,10,1,6,2,5,0.09090909090909091,8,55,1363,848,train,55,55
3,5,2,4,2,2,0.25,3,8,2404,True,849,1197,0,1203,2,3,2,2,1,2,0.25,2,8,1203,849,train,8,8
2,2,2,2,1,2,1.0,2,2,1970,True,850,1231,0,1231,2,2,2,2,1,2,1.0,2,2,1231,850,train,2,2
8,21,5,11,3,6,0.17142857142857143,9,35,4456,True,851,1001,0,1526,4,5,3,4,2,4,0.11428571428571428,4,35,1526,851,train,35,35
2,2,2,2,1,2,0.4,2,5,1618,True,852,1135,0,1139,1,2,1,2,1,1,0.2,1,5,1139,852,train,5,5
1,2,1,1,1,1,0.5,1,2,1301,True,853,1268,0,1268,1,1,1,1,1,1,0.5,1,2,1268,853,train,2,2
3,3,2,3,2,2,0.6666666666666666,2,3,2308,True,854,1188,0,1219,2,3,2,2,2,2,0.6666666666666666,2,3,1219,854,train,3,3
2,4,2,2,1,2,0.3333333333333333,2,6,2155,True,855,1249,0,1255,2,2,1,2,1,1,0.16666666666666666,2,6,1255,855,train,6,6
10,21,7,14,3,8,0.32,11,25,5201,True,856,1141,0,2054,3,10,3,7,2,4,0.16,7,25,2054,856,train,25,25
1,1,1,1,1,1,1.0,1,1,937,True,857,937,0,937,1,1,1,1,1,1,1.0,1,1,937,857,train,1,1
2,2,2,2,1,2,0.6666666666666666,2,3,1803,True,858,1266,0,1268,2,2,2,2,1,2,0.6666666666666666,2,3,1268,858,train,3,3
2,6,2,3,2,2,0.2222222222222222,2,9,2408,True,859,1199,0,1231,2,3,2,2,1,2,0.2222222222222222,2,9,1231,859,train,9,9
4,4,3,4,2,3,0.5,4,6,2176,True,860,1077,0,1080,3,4,1,4,2,3,0.5,3,6,1080,860,train,6,6
2,2,2,2,1,2,1.0,2,2,1811,True,861,1204,0,1204,2,2,2,2,1,2,1.0,2,2,1204,861,train,2,2
3,3,3,3,2,2,0.5,3,4,2031,True,862,1248,0,1248,2,2,2,2,1,2,0.5,2,4,1248,862,train,4,4
1,1,1,1,1,1,1.0,1,1,1266,True,863,1266,0,1266,1,1,1,1,1,1,1.0,1,1,1266,863,train,1,1
5,10,5,8,2,4,0.36363636363636365,5,11,3896,True,864,1154,0,1284,1,3,1,2,1,1,0.09090909090909091,2,11,1284,864,train,11,11
9,19,8,12,4,7,0.3181818181818182,9,22,6618,True,865,1167,0,1515,3,5,2,3,1,3,0.13636363636363635,3,22,1515,865,train,22,22
7,8,4,8,2,4,0.4,6,10,3968,True,866,1112,0,1487,2,5,2,3,1,2,0.2,3,10,1487,866,train,10,10
6,8,6,6,3,4,0.3333333333333333,5,12,4470,True,867,1150,0,1971,4,5,4,4,2,3,0.25,4,12,1971,867,train,12,12
9,26,5,15,4,9,0.2727272727272727,13,33,3994,True,868,1092,0,1244,1,8,1,2,1,1,0.030303030303030304,5,33,1244,868,train,33,33
1,4,1,1,1,1,0.2,1,5,1071,True,869,976,0,979,1,1,1,1,1,1,0.2,1,5,979,869,train,5,5
2,2,2,2,1,2,0.5,2,4,1604,True,870,1220,0,1223,2,2,2,2,1,2,0.5,2,4,1223,870,train,4,4
2,2,2,2,1,2,0.6666666666666666,2,3,1707,True,871,1093,0,1094,2,2,2,2,1,2,0.6666666666666666,2,3,1094,871,train,3,3
1,2,1,1,1,1,0.5,1,2,1086,True,872,1073,0,1075,1,1,1,1,1,1,0.5,1,2,1075,872,train,2,2
3,6,2,4,2,2,0.25,3,8,2930,True,873,1254,0,1446,2,4,1,2,1,1,0.125,2,8,1446,873,train,8,8
4,6,3,4,2,3,0.5,3,6,3112,True,874,1263,0,1435,2,3,1,2,1,1,0.16666666666666666,2,6,1435,874,train,6,6
5,8,3,5,2,3,0.23076923076923078,4,13,3097,True,875,1194,0,1741,2,2,2,2,1,2,0.15384615384615385,2,13,1741,875,train,13,13
21,48,9,33,8,20,0.3448275862068966,28,58,6684,True,876,893,0,1544,2,15,1,5,1,5,0.08620689655172414,11,58,1544,876,train,58,58
2,2,2,2,1,2,0.6666666666666666,2,3,1483,True,877,1271,0,1272,2,2,2,2,1,2,0.6666666666666666,2,3,1272,877,train,3,3
15,35,6,22,4,13,0.24074074074074073,19,54,5894,True,878,995,0,1912,3,9,3,4,1,3,0.05555555555555555,5,54,1912,878,train,54,54
2,12,1,4,1,4,0.2222222222222222,7,18,1902,True,879,1200,0,1219,1,1,1,1,1,1,0.05555555555555555,1,18,1219,879,train,18,18
4,6,2,4,1,2,0.18181818181818182,4,11,2336,True,880,1228,0,1241,1,2,1,1,1,1,0.09090909090909091,1,11,1241,880,train,11,11
2,2,2,2,1,2,0.6666666666666666,2,3,2081,True,881,1224,0,1226,2,2,2,2,1,2,0.6666666666666666,2,3,1226,881,train,3,3
1,2,1,2,1,1,0.14285714285714285,1,7,1316,True,882,1196,0,1201,1,1,1,1,1,1,0.14285714285714285,1,7,1201,882,train,7,7
11,17,8,14,4,8,0.38095238095238093,11,21,5156,True,883,1126,0,1299,2,7,1,3,1,2,0.09523809523809523,5,21,1299,883,train,21,21
7,9,6,7,3,5,0.5,6,10,3689,True,884,1150,0,1248,3,4,2,4,2,3,0.3,3,10,1248,884,train,10,10
2,2,2,2,1,2,1.0,2,2,1059,True,885,894,0,894,2,2,2,2,1,2,1.0,2,2,894,885,train,2,2
1,1,1,1,1,1,1.0,1,1,1248,True,886,1248,0,1248,1,1,1,1,1,1,1.0,1,1,1248,886,train,1,1
2,2,2,2,1,2,0.5,2,4,1947,True,887,1228,0,1231,2,2,2,2,1,2,0.5,2,4,1231,887,train,4,4
1,3,1,2,1,1,0.3333333333333333,1,3,1388,True,888,1262,0,1263,1,2,1,1,1,1,0.3333333333333333,1,3,1263,888,train,3,3
1,2,1,1,1,1,0.16666666666666666,1,6,1247,True,889,1198,0,1207,1,1,1,1,1,1,0.16666666666666666,1,6,1207,889,train,6,6
6,9,4,7,3,4,0.36363636363636365,5,11,3970,True,890,1264,0,1343,2,6,2,3,1,2,0.18181818181818182,3,11,1343,890,train,11,11
2,5,2,4,1,2,0.4,3,5,1583,True,891,1100,0,1108,2,2,2,2,1,2,0.4,2,5,1108,891,train,5,5
4,9,4,5,2,4,0.36363636363636365,4,11,2504,True,892,1112,0,1211,2,3,1,3,1,2,0.18181818181818182,2,11,1211,892,train,11,11
6,11,4,10,3,4,0.2857142857142857,6,14,3968,True,893,1160,0,1308,4,4,2,4,1,3,0.21428571428571427,4,14,1308,893,train,14,14
5,7,4,7,2,4,0.5,5,8,2662,True,894,1192,0,1326,3,4,1,4,1,2,0.25,3,8,1326,894,train,8,8
3,4,2,3,1,2,0.5,3,4,1973,True,895,1224,0,1265,1,2,1,1,1,1,0.25,1,4,1265,895,train,4,4
14,24,10,18,5,9,0.23076923076923078,13,39,8589,True,896,1147,0,2483,6,10,3,8,2,5,0.1282051282051282,7,39,2483,896,train,39,39
2,2,2,2,1,2,1.0,2,2,1533,True,897,1235,0,1235,2,2,1,2,1,1,0.5,2,2,1235,897,train,2,2
6,7,4,6,2,4,0.36363636363636365,5,11,2483,True,898,1100,0,1141,2,3,2,2,1,2,0.18181818181818182,2,11,1141,898,train,11,11
25,40,14,27,8,18,0.35294117647058826,22,51,7028,True,899,789,0,1789,5,24,4,10,3,9,0.17647058823529413,15,51,1789,899,train,51,51
2,2,2,2,1,2,1.0,2,2,2203,True,900,1279,0,1279,2,2,2,2,1,2,1.0,2,2,1279,900,train,2,2
1,1,1,1,1,1,0.5,1,2,974,True,901,972,0,973,1,1,1,1,1,1,0.5,1,2,973,901,train,2,2
4,10,4,5,2,3,0.2,4,15,2848,True,902,1160,0,1195,2,4,1,2,1,1,0.06666666666666667,2,15,1195,902,train,15,15
2,2,2,2,1,2,0.6666666666666666,2,3,1496,True,903,1169,0,1171,2,2,2,2,1,2,0.6666666666666666,2,3,1171,903,train,3,3
16,41,7,23,6,16,0.25,22,64,6258,True,904,1128,0,1912,3,18,1,6,2,7,0.109375,13,64,1912,904,train,64,64
4,9,2,6,2,3,0.2,5,15,2685,True,905,1147,0,1204,3,5,2,4,2,3,0.2,4,15,1204,905,train,15,15
5,10,3,7,2,4,0.3333333333333333,5,12,3381,True,906,1068,0,1211,2,5,2,5,1,3,0.25,4,12,1211,906,train,12,12
2,4,2,3,1,2,0.4,2,5,1931,True,907,1088,0,1098,2,2,1,2,1,1,0.2,2,5,1098,907,train,5,5
14,27,7,18,5,12,0.3,16,40,5004,True,908,1087,0,1411,3,4,1,3,1,2,0.05,3,40,1411,908,train,40,40
7,15,4,9,3,5,0.22727272727272727,8,22,3824,True,909,1047,0,1214,2,5,2,4,2,2,0.09090909090909091,4,22,1214,909,train,22,22
4,8,3,7,2,3,0.15,5,20,2617,True,910,1101,0,1287,1,6,1,3,1,1,0.05,3,20,1287,910,train,20,20
21,51,8,31,7,19,0.2753623188405797,28,69,7660,True,911,975,0,1692,5,16,1,6,3,6,0.08695652173913043,13,69,1692,911,train,69,69
18,52,7,27,7,18,0.2647058823529412,29,68,8042,True,912,1083,0,1719,2,16,1,4,1,9,0.1323529411764706,18,68,1719,912,train,68,68
2,3,1,2,1,1,0.3333333333333333,2,3,1303,True,913,1192,0,1199,1,2,1,2,1,1,0.3333333333333333,1,3,1199,913,train,3,3
5,6,4,6,2,4,0.5714285714285714,4,7,3463,True,914,1101,0,1739,2,5,2,4,1,2,0.2857142857142857,3,7,1739,914,train,7,7
1,1,1,1,1,1,1.0,1,1,1285,True,915,1285,0,1285,1,1,1,1,1,1,1.0,1,1,1285,915,train,1,1
2,6,1,2,1,2,0.2222222222222222,2,9,1565,True,916,1232,0,1254,1,1,1,1,1,1,0.1111111111111111,1,9,1254,916,train,9,9
6,10,5,6,2,5,0.3125,6,16,2798,True,917,1135,0,1387,2,5,1,4,1,2,0.125,3,16,1387,917,train,16,16
2,2,2,2,1,2,1.0,2,2,2060,True,918,1270,0,1270,2,2,1,2,1,1,0.5,2,2,1270,918,train,2,2
1,1,1,1,1,1,0.5,1,2,1227,True,919,1226,0,1227,1,1,1,1,1,1,0.5,1,2,1227,919,train,2,2
2,3,2,2,1,2,0.6666666666666666,2,3,1723,True,920,1226,0,1226,2,3,1,2,1,1,0.3333333333333333,2,3,1226,920,train,3,3
3,4,3,3,2,3,0.6,3,5,1855,True,921,1005,0,1016,3,3,3,3,2,3,0.6,3,5,1016,921,train,5,5
2,5,1,3,1,2,0.2857142857142857,3,7,1579,True,922,1241,0,1254,1,3,1,2,1,1,0.14285714285714285,1,7,1254,922,train,7,7
18,33,13,21,6,12,0.27906976744186046,16,43,9023,True,923,962,0,1470,2,12,2,4,1,4,0.09302325581395349,7,43,1470,923,train,43,43
1,3,1,2,1,1,0.3333333333333333,1,3,1352,True,924,1240,0,1249,1,1,1,1,1,1,0.3333333333333333,1,3,1249,924,train,3,3
4,8,3,4,2,3,0.3333333333333333,4,9,2410,True,925,1034,0,1050,2,2,1,2,1,1,0.1111111111111111,2,9,1050,925,train,9,9
9,14,7,9,3,6,0.375,7,16,5072,True,926,1037,0,1112,2,4,1,2,1,2,0.125,2,16,1112,926,train,16,16
3,3,2,3,2,2,0.6666666666666666,3,3,2143,True,927,1248,0,1248,3,3,2,3,1,2,0.6666666666666666,3,3,1248,927,train,3,3
11,16,8,15,4,9,0.47368421052631576,11,19,5040,True,928,1083,0,1143,1,4,1,1,1,1,0.05263157894736842,1,19,1143,928,train,19,19
3,7,2,4,1,2,0.2222222222222222,4,9,1984,True,929,1227,0,1241,1,1,1,1,1,1,0.1111111111111111,1,9,1241,929,train,9,9
2,2,2,2,1,2,1.0,2,2,1700,True,930,1233,0,1233,2,2,1,2,1,1,0.5,2,2,1233,930,train,2,2
2,3,2,3,1,2,0.6666666666666666,2,3,1623,True,931,1230,0,1244,2,2,1,2,1,1,0.3333333333333333,2,3,1244,931,train,3,3
1,1,1,1,1,1,1.0,1,1,1265,True,932,1265,0,1265,1,1,1,1,1,1,1.0,1,1,1265,932,train,1,1
2,4,2,3,1,2,0.5,2,4,2366,True,933,1278,0,1287,2,2,2,2,1,2,0.5,2,4,1287,933,train,4,4
5,7,4,6,2,4,0.3076923076923077,4,13,3411,True,934,1241,0,1263,1,1,1,1,1,1,0.07692307692307693,1,13,1263,934,train,13,13
3,3,2,3,1,2,0.6666666666666666,3,3,1745,True,935,1210,0,1243,1,2,1,1,1,1,0.3333333333333333,1,3,1243,935,train,3,3
2,2,1,2,1,1,0.5,2,2,1457,True,936,1251,0,1251,1,2,1,2,1,1,0.5,1,2,1251,936,train,2,2
1,2,1,2,1,1,0.3333333333333333,1,3,1320,True,937,1232,0,1234,1,2,1,1,1,1,0.3333333333333333,1,3,1234,937,train,3,3
2,4,1,3,1,2,0.5,2,4,1583,True,938,1231,0,1279,1,3,1,1,1,1,0.25,1,4,1279,938,train,4,4
2,4,2,3,1,2,0.4,2,5,1857,True,939,1252,0,1275,2,3,1,2,1,1,0.2,2,5,1275,939,train,5,5
2,3,2,2,1,2,0.5,2,4,1523,True,940,1150,0,1152,2,2,1,2,1,1,0.25,2,4,1152,940,train,4,4
4,4,4,4,2,3,0.5,4,6,2536,True,941,1238,0,1332,2,4,2,2,1,2,0.3333333333333333,2,6,1332,941,train,6,6
8,13,5,9,3,5,0.25,7,20,4640,True,942,1222,0,1323,2,5,2,4,2,2,0.1,3,20,1323,942,train,20,20
9,13,7,10,3,6,0.3333333333333333,8,18,5341,True,943,1175,0,1624,3,9,2,5,2,3,0.16666666666666666,5,18,1624,943,train,18,18
5,9,4,7,2,4,0.26666666666666666,5,15,3517,True,944,1208,0,1354,1,3,1,2,1,1,0.06666666666666667,2,15,1354,944,train,15,15
1,3,1,2,1,1,0.3333333333333333,2,3,1409,True,945,1271,0,1271,1,3,1,1,1,1,0.3333333333333333,1,3,1271,945,train,3,3
2,2,2,2,1,2,1.0,2,2,1483,True,946,1080,0,1080,2,2,1,2,1,2,1.0,2,2,1080,946,train,2,2
13,23,10,16,4,8,0.26666666666666666,11,30,6376,True,947,886,0,1467,3,9,2,3,1,3,0.1,4,30,1467,947,train,30,30
2,4,1,3,1,1,0.14285714285714285,2,7,1522,True,948,1242,0,1249,1,1,1,1,1,1,0.14285714285714285,1,7,1249,948,train,7,7
2,6,2,4,1,2,0.3333333333333333,2,6,2058,True,949,1251,0,1297,1,3,1,1,1,1,0.16666666666666666,1,6,1297,949,train,6,6
4,6,3,4,2,3,0.42857142857142855,4,7,2483,True,950,1169,0,1188,2,4,1,3,1,2,0.2857142857142857,3,7,1188,950,train,7,7
7,11,5,8,2,5,0.3125,6,16,4504,True,951,1208,0,1823,4,6,2,4,1,3,0.1875,4,16,1823,951,train,16,16
1,2,1,2,1,1,0.5,1,2,1332,True,952,1250,0,1250,1,1,1,1,1,1,0.5,1,2,1250,952,train,2,2
3,6,2,5,2,2,0.25,3,8,2629,True,953,1259,0,1309,2,5,1,2,1,1,0.125,2,8,1309,953,train,8,8
3,4,2,3,1,2,0.5,3,4,1797,True,954,1226,0,1300,2,4,1,2,1,1,0.25,2,4,1300,954,train,4,4
2,2,2,2,1,2,0.6666666666666666,2,3,1558,True,955,1287,0,1289,2,2,1,2,1,1,0.3333333333333333,2,3,1289,955,train,3,3
2,2,1,2,1,1,0.25,2,4,1383,True,956,1287,0,1291,1,2,1,2,1,1,0.25,2,4,1291,956,train,4,4
1,2,1,2,1,1,0.5,1,2,1387,True,957,1275,0,1280,1,1,1,1,1,1,0.5,1,2,1280,957,train,2,2
2,3,1,2,1,1,0.3333333333333333,2,3,1423,True,958,1266,0,1268,1,2,1,1,1,1,0.3333333333333333,1,3,1268,958,train,3,3
1,1,1,1,1,1,1.0,1,1,1271,True,959,1271,0,1271,1,1,1,1,1,1,1.0,1,1,1271,959,train,1,1
3,3,2,3,1,2,0.6666666666666666,2,3,1827,True,960,1175,0,1175,2,3,2,3,1,2,0.6666666666666666,2,3,1175,960,train,3,3
4,5,4,4,2,3,0.42857142857142855,4,7,3109,True,961,1179,0,1183,4,4,2,4,2,3,0.42857142857142855,4,7,1183,961,train,7,7
1,2,1,2,1,1,0.5,1,2,1293,True,962,1182,0,1182,1,2,1,1,1,1,0.5,1,2,1182,962,train,2,2
2,2,2,2,1,2,1.0,2,2,2212,True,963,1270,0,1270,2,2,2,2,1,2,1.0,2,2,1270,963,train,2,2
2,2,2,2,1,2,0.6666666666666666,2,3,1910,True,964,1238,0,1239,2,2,2,2,1,2,0.6666666666666666,2,3,1239,964,train,3,3
3,5,2,3,1,2,0.2857142857142857,3,7,2037,True,965,1259,0,1264,3,3,1,3,1,2,0.2857142857142857,3,7,1264,965,train,7,7
8,16,5,10,3,5,0.21739130434782608,7,23,4960,True,966,1106,0,1522,3,5,2,4,1,3,0.13043478260869565,3,23,1522,966,train,23,23
2,2,2,2,1,2,0.6666666666666666,2,3,1712,True,967,1215,0,1217,2,2,1,2,1,1,0.3333333333333333,2,3,1217,967,train,3,3
14,29,10,20,5,10,0.21739130434782608,14,46,6792,True,968,905,0,2117,7,12,2,8,2,6,0.13043478260869565,8,46,2117,968,train,46,46
11,16,6,12,3,7,0.30434782608695654,9,23,4433,True,969,1071,0,1181,1,5,1,1,1,1,0.043478260869565216,2,23,1181,969,train,23,23
4,4,3,4,2,3,0.5,3,6,2604,True,970,1110,0,1114,3,3,1,3,1,2,0.3333333333333333,3,6,1114,970,train,6,6
1,4,1,1,1,1,0.14285714285714285,1,7,1335,True,971,1245,0,1255,1,2,1,1,1,1,0.14285714285714285,1,7,1255,971,train,7,7
19,23,10,21,5,12,0.48,16,25,6593,True,972,980,0,1085,2,4,2,3,2,2,0.08,3,25,1085,972,train,25,25
3,5,1,3,1,2,0.4,3,5,1416,True,973,1096,0,1107,1,1,1,1,1,1,0.2,1,5,1107,973,train,5,5
1,1,1,1,1,1,1.0,1,1,1288,True,974,1288,0,1288,1,1,1,1,1,1,1.0,1,1,1288,974,train,1,1
9,15,6,12,3,6,0.35294117647058826,8,17,4128,True,975,942,0,982,3,3,2,3,2,3,0.17647058823529413,3,17,982,975,train,17,17
10,13,7,11,4,6,0.4,8,15,5633,True,976,1039,0,1355,3,8,2,3,2,3,0.2,5,15,1355,976,train,15,15
13,22,5,15,3,9,0.32142857142857145,12,28,4537,True,977,994,0,1273,2,9,1,3,1,3,0.10714285714285714,5,28,1273,977,train,28,28
12,21,9,18,4,9,0.36,12,25,5474,True,978,916,0,1480,3,10,3,6,2,4,0.16,6,25,1480,978,train,25,25
14,23,11,20,6,10,0.37037037037037035,13,27,7958,True,979,1067,0,2118,5,12,4,5,3,5,0.18518518518518517,6,27,2118,979,train,27,27
1,1,1,1,1,1,1.0,1,1,1246,True,980,1246,0,1246,1,1,1,1,1,1,1.0,1,1,1246,980,train,1,1
4,5,3,4,2,3,0.42857142857142855,3,7,2759,True,981,1203,0,1212,2,2,2,2,1,2,0.2857142857142857,2,7,1212,981,train,7,7
3,6,2,5,2,2,0.2857142857142857,3,7,2540,True,982,1232,0,1251,2,3,2,3,1,2,0.2857142857142857,2,7,1251,982,train,7,7
1,2,1,1,1,1,0.3333333333333333,1,3,1297,True,983,1230,0,1240,1,1,1,1,1,1,0.3333333333333333,1,3,1240,983,train,3,3
1,1,1,1,1,1,0.5,1,2,1285,True,984,1284,0,1285,1,1,1,1,1,1,0.5,1,2,1285,984,train,2,2
1,1,1,1,1,1,1.0,1,1,1274,True,985,1274,0,1274,1,1,1,1,1,1,1.0,1,1,1274,985,train,1,1
1,1,1,1,1,1,1.0,1,1,1299,True,986,1299,0,1299,1,1,1,1,1,1,1.0,1,1,1299,986,train,1,1
16,41,9,21,6,13,0.21311475409836064,21,61,6807,True,987,920,0,1464,2,12,1,3,1,4,0.06557377049180328,11,61,1464,987,train,61,61
1,2,1,2,1,1,0.3333333333333333,1,3,1358,True,988,1270,0,1270,1,2,1,1,1,1,0.3333333333333333,1,3,1270,988,train,3,3
1,2,1,1,1,1,0.5,1,2,1329,True,989,1284,0,1285,1,1,1,1,1,1,0.5,1,2,1285,989,train,2,2
2,4,2,2,1,2,0.4,2,5,1856,True,990,1281,0,1299,2,3,2,2,1,2,0.4,2,5,1299,990,train,5,5
1,2,1,1,1,1,0.3333333333333333,1,3,1245,True,991,1225,0,1228,1,1,1,1,1,1,0.3333333333333333,1,3,1228,991,train,3,3
1,2,1,1,1,1,0.5,1,2,1289,True,992,1253,0,1271,1,2,1,1,1,1,0.5,1,2,1271,992,train,2,2
1,1,1,1,1,1,1.0,1,1,1254,True,993,1254,0,1254,1,1,1,1,1,1,1.0,1,1,1254,993,train,1,1
3,4,2,3,1,2,0.4,2,5,2285,True,994,1249,0,1264,2,3,2,2,1,2,0.4,2,5,1264,994,train,5,5
1,2,1,2,1,1,0.25,1,4,1248,True,995,1169,0,1172,1,2,1,1,1,1,0.25,1,4,1172,995,train,4,4
11,20,9,13,4,7,0.3181818181818182,9,22,7018,True,996,1155,0,1797,3,8,2,5,1,3,0.13636363636363635,5,22,1797,996,train,22,22
2,2,1,2,1,1,0.5,2,2,1401,True,997,1247,0,1247,1,2,1,2,1,1,0.5,1,2,1247,997,train,2,2
9,24,6,13,3,8,0.20512820512820512,12,39,4246,True,998,1029,0,1581,2,7,2,3,1,2,0.05128205128205128,4,39,1581,998,train,39,39
18,45,8,24,5,15,0.189873417721519,23,79,8690,True,999,1123,0,1796,4,14,2,4,2,4,0.05063291139240506,10,79,1796,999,train,79,79
1,1,1,1,1,1,1.0,1,1,50,,0,50,0,50,1,1,1,1,1,1,1.0,1,1,50,,val,1,1
1,1,1,1,1,1,1.0,1,1,48,,1,49,0,48,1,2,1,1,1,1,0.5,1,2,50,,val,2,2
4,5,3,4,2,3,0.6,3,5,128,,2,52,0,54,1,4,1,1,1,1,0.25,1,4,55,,val,8,8
1,1,1,1,1,1,1.0,1,1,59,,3,60,2,59,1,1,1,1,1,1,1.0,1,1,60,,val,2,2
2,6,2,3,2,2,0.3333333333333333,2,6,103,,4,48,0,62,2,3,2,2,1,2,0.6666666666666666,2,3,62,,val,9,9
10,16,6,11,3,7,0.4375,9,16,186,,5,44,0,65,2,7,2,3,1,2,0.2857142857142857,3,7,65,,val,22,22
2,2,1,2,1,1,0.5,2,2,63,,6,55,0,54,2,2,1,2,1,1,0.5,2,2,55,,val,3,3
4,5,4,4,2,3,0.6,4,5,125,,7,43,0,68,3,3,3,3,2,3,1.0,3,3,69,,val,10,10
4,5,4,5,2,3,0.6,4,5,137,,8,56,0,57,1,2,1,1,1,1,0.5,1,2,57,,val,6,6
2,2,2,2,1,2,1.0,2,2,56,,9,51,0,51,2,2,2,2,1,2,1.0,2,2,51,,val,2,2
1,1,1,1,1,1,1.0,1,1,50,,10,50,0,50,1,1,1,1,1,1,1.0,1,1,50,,val,1,1
1,1,1,1,1,1,1.0,1,1,53,,11,54,0,53,1,1,1,1,1,1,1.0,1,1,54,,val,2,2
1,2,1,1,1,1,0.5,1,2,57,,12,55,0,55,1,1,1,1,1,1,1.0,1,1,55,,val,2,2
7,8,5,8,3,4,0.5,5,8,217,,13,51,0,99,2,4,2,3,2,2,0.5,2,4,99,,val,11,11
1,2,1,2,1,1,0.5,1,2,51,,14,48,0,48,1,2,1,1,1,1,0.5,1,2,48,,val,2,2
6,7,5,7,3,4,0.5714285714285714,5,7,219,,15,50,1,54,1,6,1,2,1,1,0.16666666666666666,2,6,54,,val,9,9
2,2,2,2,1,2,1.0,2,2,85,,16,46,0,46,2,2,1,2,1,2,1.0,2,2,46,,val,2,2
1,1,1,1,1,1,1.0,1,1,50,,17,50,0,50,1,1,1,1,1,1,1.0,1,1,50,,val,1,1
2,5,2,3,1,2,0.4,2,5,88,,18,52,0,52,1,1,1,1,1,1,1.0,1,1,52,,val,7,7
3,4,3,3,2,3,0.75,3,4,125,,19,51,0,52,1,3,1,1,1,1,0.3333333333333333,1,3,52,,val,6,6
1,2,1,2,1,1,0.5,1,2,50,,20,46,0,46,1,1,1,1,1,1,1.0,1,1,46,,val,2,2
3,8,2,5,1,2,0.25,4,8,85,,21,50,1,56,1,5,1,3,1,1,0.2,2,5,57,,val,11,11
2,3,1,2,1,1,0.3333333333333333,2,3,66,,22,54,0,54,1,1,1,1,1,1,1.0,1,1,54,,val,5,5
3,5,3,3,2,3,0.6,3,5,118,,23,55,0,57,1,3,1,2,1,1,0.3333333333333333,2,3,57,,val,7,7
1,1,1,1,1,1,1.0,1,1,49,,24,49,0,49,1,1,1,1,1,1,1.0,1,1,49,,val,1,1
2,2,2,2,1,2,1.0,2,2,98,,25,54,0,54,1,1,1,1,1,1,1.0,1,1,54,,val,3,3
18,28,13,23,6,13,0.4642857142857143,17,28,416,,26,52,3,133,5,18,2,9,2,5,0.2777777777777778,9,18,140,,val,33,33
1,1,1,1,1,1,1.0,1,1,41,,27,41,0,41,1,1,1,1,1,1,1.0,1,1,41,,val,4,4
2,2,2,2,1,2,1.0,2,2,108,,28,57,0,81,2,2,2,2,1,2,1.0,2,2,81,,val,4,4
1,1,1,1,1,1,1.0,1,1,52,,29,52,0,51,1,2,1,1,1,1,0.5,1,2,52,,val,2,2
3,4,1,3,1,2,0.5,3,4,66,,30,48,0,48,1,2,1,1,1,1,0.5,1,2,48,,val,4,4
1,1,1,1,1,1,1.0,1,1,54,,31,54,0,54,1,1,1,1,1,1,1.0,1,1,54,,val,2,2
1,1,1,1,1,1,1.0,1,1,36,,32,37,0,36,1,1,1,1,1,1,1.0,1,1,37,,val,1,1
1,1,1,1,1,1,1.0,1,1,56,,33,56,0,56,1,1,1,1,1,1,1.0,1,1,56,,val,1,1
16,33,6,20,5,12,0.36363636363636365,17,33,260,,34,42,1,65,2,18,1,3,1,5,0.2777777777777778,12,18,69,,val,53,53
7,11,6,8,3,5,0.45454545454545453,6,11,222,,35,49,0,96,3,10,2,4,2,3,0.3,3,10,100,,val,19,19
8,16,5,10,3,5,0.3125,7,16,227,,36,43,0,88,3,6,2,5,2,3,0.5,4,6,88,,val,30,30
1,1,1,1,1,1,1.0,1,1,61,,37,61,0,61,1,1,1,1,1,1,1.0,1,1,61,,val,1,1
4,8,2,5,1,2,0.25,4,8,90,,38,46,0,46,1,1,1,1,1,1,1.0,1,1,46,,val,12,12
1,1,1,1,1,1,1.0,1,1,58,,39,58,0,58,1,1,1,1,1,1,1.0,1,1,58,,val,1,1
1,1,1,1,1,1,1.0,1,1,65,,40,65,0,65,1,1,1,1,1,1,1.0,1,1,65,,val,1,1
2,3,1,2,1,2,0.6666666666666666,2,3,74,,41,58,0,58,1,2,1,1,1,1,0.5,1,2,58,,val,5,5
3,3,2,3,1,2,0.6666666666666666,2,3,71,,42,50,0,52,1,2,1,1,1,1,0.5,1,2,52,,val,3,3
2,3,2,2,1,2,0.6666666666666666,2,3,74,,43,50,0,50,1,1,1,1,1,1,1.0,1,1,50,,val,4,4
9,14,3,10,2,6,0.42857142857142855,9,14,163,,44,43,1,48,1,6,1,2,1,1,0.16666666666666666,2,6,50,,val,16,16
1,1,1,1,1,1,1.0,1,1,46,,45,46,0,46,1,1,1,1,1,1,1.0,1,1,46,,val,1,1
37,57,25,49,12,24,0.42105263157894735,32,57,625,,46,37,1,146,8,32,3,18,3,12,0.375,18,32,147,,val,95,95
1,1,1,1,1,1,1.0,1,1,51,,47,51,0,51,1,1,1,1,1,1,1.0,1,1,51,,val,1,1
1,1,1,1,1,1,1.0,1,1,52,,48,53,0,52,1,1,1,1,1,1,1.0,1,1,53,,val,1,1
8,10,1,10,2,6,0.6,8,10,106,,49,45,0,45,1,2,1,1,1,1,0.5,1,2,47,,val,11,11
2,5,2,3,1,2,0.4,2,5,85,,50,51,0,52,1,2,1,1,1,1,0.5,1,2,52,,val,5,5
2,2,2,2,1,2,1.0,2,2,67,,51,49,0,49,2,2,2,2,1,2,1.0,2,2,49,,val,2,2
5,8,1,5,1,3,0.375,5,8,95,,52,55,0,55,1,1,1,1,1,1,1.0,1,1,55,,val,10,10
2,3,1,2,1,1,0.3333333333333333,2,3,64,,53,56,0,56,1,2,1,1,1,1,0.5,1,2,56,,val,5,5
4,5,3,5,2,3,0.6,4,5,99,,54,45,0,58,3,3,3,3,1,3,1.0,3,3,58,,val,9,9
7,9,6,7,3,5,0.5555555555555556,6,9,173,,55,42,0,86,3,9,2,5,2,3,0.3333333333333333,4,9,88,,val,13,13
2,3,1,3,1,1,0.3333333333333333,2,3,61,,56,52,0,52,1,1,1,1,1,1,1.0,1,1,52,,val,4,4
1,1,1,1,1,1,1.0,1,1,52,,57,54,0,52,1,1,1,1,1,1,1.0,1,1,54,,val,1,1
4,9,3,7,2,3,0.3333333333333333,4,9,140,,58,55,0,57,2,4,2,2,1,2,0.5,2,4,57,,val,11,11
1,1,1,1,1,1,1.0,1,1,44,,59,44,0,44,1,1,1,1,1,1,1.0,1,1,44,,val,2,2
17,30,12,23,6,11,0.36666666666666664,16,30,384,,60,43,0,70,3,12,3,5,2,4,0.3333333333333333,6,12,73,,val,35,35
9,15,7,11,3,6,0.4,8,15,266,,61,56,0,62,2,3,1,3,1,1,0.3333333333333333,2,3,62,,val,36,36
2,3,2,2,1,2,0.6666666666666666,2,3,60,,62,43,0,43,1,3,1,1,1,1,0.3333333333333333,1,3,44,,val,4,4
3,4,3,3,2,3,0.75,3,4,97,,63,53,0,67,3,3,1,3,1,2,0.6666666666666666,3,3,67,,val,6,6
2,4,2,3,1,2,0.5,2,4,111,,64,58,0,74,2,2,2,2,1,2,1.0,2,2,74,,val,6,6
1,1,1,1,1,1,1.0,1,1,51,,65,51,0,51,1,1,1,1,1,1,1.0,1,1,51,,val,1,1
7,10,5,9,2,4,0.4,6,10,194,,66,60,1,64,1,4,1,1,1,1,0.25,1,4,64,,val,13,13
7,8,6,7,3,5,0.625,6,8,236,,67,50,0,87,4,5,2,4,2,2,0.4,3,5,87,,val,11,11
16,30,10,22,5,11,0.36666666666666664,15,30,295,,68,40,0,120,6,15,3,9,2,4,0.26666666666666666,7,15,121,,val,52,52
1,1,1,1,1,1,1.0,1,1,52,,69,52,0,52,1,1,1,1,1,1,1.0,1,1,52,,val,1,1
4,5,4,4,2,3,0.6,4,5,163,,70,55,0,70,2,4,1,3,1,2,0.5,2,4,70,,val,8,8
1,1,1,1,1,1,1.0,1,1,56,,71,56,0,56,1,1,1,1,1,1,1.0,1,1,56,,val,2,2
3,4,3,3,2,3,0.75,3,4,160,,72,70,0,73,1,2,1,1,1,1,0.5,1,2,73,,val,4,4
10,15,6,12,4,6,0.4,9,15,261,,73,41,0,58,2,8,2,5,1,3,0.375,5,8,58,,val,19,19
11,18,9,12,4,7,0.3888888888888889,9,18,359,,74,52,0,169,5,8,5,5,3,4,0.5,5,8,170,,val,24,24
2,2,2,2,1,2,1.0,2,2,87,,75,45,0,45,2,2,1,2,1,1,0.5,2,2,45,,val,2,2
1,1,1,1,1,1,1.0,1,1,54,,76,54,0,54,1,1,1,1,1,1,1.0,1,1,54,,val,1,1
1,1,1,1,1,1,1.0,1,1,51,,77,51,0,51,1,1,1,1,1,1,1.0,1,1,51,,val,1,1
2,3,1,3,1,1,0.3333333333333333,2,3,47,,78,39,0,39,1,2,1,1,1,1,0.5,1,2,39,,val,8,8
1,1,1,1,1,1,1.0,1,1,47,,79,47,0,47,1,1,1,1,1,1,1.0,1,1,47,,val,1,1
2,2,1,2,1,1,0.5,2,2,56,,80,47,0,47,1,1,1,1,1,1,1.0,1,1,47,,val,3,3
1,1,1,1,1,1,1.0,1,1,51,,81,51,0,51,1,1,1,1,1,1,1.0,1,1,51,,val,1,1
9,21,7,14,3,7,0.3333333333333333,10,21,284,,82,55,0,116,2,10,2,2,2,2,0.2,2,10,118,,val,35,35
1,1,1,1,1,1,1.0,1,1,48,,83,49,1,48,1,1,1,1,1,1,1.0,1,1,49,,val,4,4
1,1,1,1,1,1,1.0,1,1,49,,84,49,0,49,1,1,1,1,1,1,1.0,1,1,49,,val,2,2
1,2,1,1,1,1,0.5,1,2,51,,85,50,0,50,1,1,1,1,1,1,1.0,1,1,50,,val,2,2
1,1,1,1,1,1,1.0,1,1,48,,86,49,0,48,1,1,1,1,1,1,1.0,1,1,49,,val,1,1
1,1,1,1,1,1,1.0,1,1,49,,87,49,0,49,1,1,1,1,1,1,1.0,1,1,49,,val,1,1
2,2,1,2,1,1,0.5,2,2,53,,88,49,0,47,1,2,1,1,1,1,0.5,1,2,49,,val,2,2
1,4,1,1,1,1,0.25,1,4,54,,89,51,0,51,1,1,1,1,1,1,1.0,1,1,51,,val,9,9
1,1,1,1,1,1,1.0,1,1,52,,90,52,0,52,1,1,1,1,1,1,1.0,1,1,52,,val,1,1
1,1,1,1,1,1,1.0,1,1,51,,91,51,0,51,1,1,1,1,1,1,1.0,1,1,51,,val,1,1
1,1,1,1,1,1,1.0,1,1,49,,92,49,0,49,1,1,1,1,1,1,1.0,1,1,49,,val,4,4
2,2,2,2,1,2,1.0,2,2,84,,93,51,0,51,2,2,1,2,1,2,1.0,2,2,51,,val,2,2
1,2,1,1,1,1,0.5,1,2,50,,94,50,0,50,1,2,1,1,1,1,0.5,1,2,51,,val,2,2
1,1,1,1,1,1,1.0,1,1,50,,95,50,0,50,1,1,1,1,1,1,1.0,1,1,50,,val,3,3
2,2,1,2,1,1,0.5,2,2,58,,96,49,0,49,1,1,1,1,1,1,1.0,1,1,49,,val,5,5
3,3,3,3,2,2,0.6666666666666666,3,3,112,,97,53,0,56,1,3,1,2,1,1,0.3333333333333333,1,3,56,,val,6,6
2,2,2,2,1,2,1.0,2,2,91,,98,48,0,48,1,2,1,2,1,1,0.5,1,2,48,,val,4,4
2,2,2,2,1,2,1.0,2,2,99,,99,53,0,53,2,2,2,2,1,2,1.0,2,2,53,,val,5,5
1,1,1,1,1,1,1.0,1,1,51,,100,51,0,51,1,1,1,1,1,1,1.0,1,1,51,,val,2,2
11,18,6,13,3,6,0.3333333333333333,9,18,322,,101,56,1,131,5,9,4,6,2,4,0.4444444444444444,5,9,134,,val,32,32
1,1,1,1,1,1,1.0,1,1,52,,102,52,0,52,1,1,1,1,1,1,1.0,1,1,52,,val,1,1
2,3,2,2,1,2,0.6666666666666666,2,3,71,,103,49,0,49,2,3,2,2,1,2,0.6666666666666666,2,3,50,,val,3,3
2,5,2,2,1,2,0.4,2,5,75,,104,52,0,52,2,5,1,2,1,2,0.4,2,5,53,,val,6,6
1,1,1,1,1,1,1.0,1,1,49,,105,49,0,49,1,1,1,1,1,1,1.0,1,1,49,,val,1,1
1,3,1,2,1,1,0.3333333333333333,2,3,49,,106,44,0,44,1,1,1,1,1,1,1.0,1,1,44,,val,5,5
1,1,1,1,1,1,1.0,1,1,51,,107,51,0,51,1,1,1,1,1,1,1.0,1,1,51,,val,1,1
7,10,6,10,3,5,0.5,6,10,190,,108,37,0,66,4,5,3,4,2,3,0.6,4,5,66,,val,12,12
1,3,1,2,1,1,0.3333333333333333,1,3,61,,109,55,0,55,1,2,1,1,1,1,0.5,1,2,55,,val,3,3
1,1,1,1,1,1,1.0,1,1,48,,110,48,0,48,1,1,1,1,1,1,1.0,1,1,48,,val,2,2
2,2,1,2,1,1,0.5,2,2,50,,111,50,0,49,2,2,1,2,1,1,0.5,2,2,50,,val,2,2
2,2,2,2,1,2,1.0,2,2,55,,112,45,0,44,1,2,1,2,1,1,0.5,1,2,45,,val,2,2
2,2,2,2,1,2,1.0,2,2,80,,113,48,0,48,2,2,2,2,1,2,1.0,2,2,48,,val,2,2
4,6,1,5,1,2,0.3333333333333333,4,6,75,,114,49,0,50,1,2,1,1,1,1,0.5,1,2,50,,val,11,11
2,2,2,2,1,2,1.0,2,2,80,,115,52,0,52,2,2,1,2,1,1,0.5,2,2,52,,val,4,4
2,2,2,2,1,2,1.0,2,2,65,,116,53,0,53,2,2,1,2,1,1,0.5,2,2,53,,val,3,3
2,2,2,2,1,2,1.0,2,2,56,,117,46,0,46,2,2,1,2,1,2,1.0,2,2,46,,val,2,2
4,5,4,4,2,3,0.6,4,5,160,,118,49,0,72,4,4,3,4,2,3,0.75,4,4,72,,val,9,9
3,5,1,4,1,2,0.4,3,5,78,,119,59,0,59,1,2,1,2,1,1,0.5,1,2,59,,val,7,7
2,5,1,2,1,1,0.2,2,5,50,,120,42,3,41,1,1,1,1,1,1,1.0,1,1,41,,val,6,6
11,26,6,14,4,7,0.2692307692307692,10,26,283,,121,50,0,63,2,4,1,3,1,2,0.5,2,4,63,,val,38,38
1,1,1,1,1,1,1.0,1,1,49,,122,50,1,49,1,2,1,1,1,1,0.5,1,2,51,,val,4,4
1,1,1,1,1,1,1.0,1,1,50,,123,50,0,50,1,1,1,1,1,1,1.0,1,1,50,,val,2,2
13,21,7,16,4,8,0.38095238095238093,12,21,288,,124,48,0,75,3,10,2,4,1,3,0.3,5,10,76,,val,32,32
4,7,2,4,1,3,0.42857142857142855,4,7,106,,125,58,1,59,1,4,1,1,1,1,0.25,1,4,60,,val,10,10
2,2,2,2,1,2,1.0,2,2,61,,126,44,0,44,2,2,1,2,1,1,0.5,2,2,44,,val,2,2
2,5,2,4,2,2,0.4,2,5,101,,127,46,0,66,2,3,2,2,1,2,0.6666666666666666,2,3,66,,val,12,12
1,2,1,1,1,1,0.5,1,2,52,,128,51,0,51,1,2,1,1,1,1,0.5,1,2,52,,val,4,4
2,2,2,2,1,2,1.0,2,2,74,,129,52,0,52,2,2,1,2,1,1,0.5,2,2,52,,val,4,4
1,1,1,1,1,1,1.0,1,1,49,,130,49,0,49,1,1,1,1,1,1,1.0,1,1,49,,val,1,1
2,2,2,2,1,2,1.0,2,2,85,,131,48,0,54,2,2,1,2,1,1,0.5,2,2,54,,val,3,3
2,3,2,2,1,2,0.6666666666666666,2,3,95,,132,58,0,58,1,1,1,1,1,1,1.0,1,1,58,,val,13,13
2,2,1,2,1,1,0.5,1,2,54,,133,49,0,49,1,1,1,1,1,1,1.0,1,1,49,,val,3,3
13,21,4,17,3,10,0.47619047619047616,13,21,209,,134,43,0,45,1,2,1,1,1,1,0.5,1,2,45,,val,28,28
1,1,1,1,1,1,1.0,1,1,50,,135,50,0,50,1,1,1,1,1,1,1.0,1,1,50,,val,2,2
1,1,1,1,1,1,1.0,1,1,49,,136,49,0,49,1,1,1,1,1,1,1.0,1,1,49,,val,2,2
3,6,2,3,1,2,0.3333333333333333,2,6,99,,137,52,0,58,1,5,1,3,1,1,0.2,2,5,60,,val,7,7
1,2,1,1,1,1,0.5,1,2,51,,138,50,0,50,1,1,1,1,1,1,1.0,1,1,50,,val,2,2
3,5,3,3,2,3,0.6,3,5,138,,139,54,0,59,2,3,1,2,1,1,0.3333333333333333,2,3,60,,val,10,10
4,5,4,5,2,3,0.6,4,5,152,,140,49,0,54,2,3,1,2,1,1,0.3333333333333333,2,3,54,,val,5,5
3,4,3,4,2,3,0.75,3,4,143,,141,48,0,73,2,4,2,3,1,2,0.5,2,4,73,,val,7,7
1,2,1,2,1,1,0.5,1,2,54,,142,50,0,50,1,1,1,1,1,1,1.0,1,1,50,,val,4,4
3,4,3,3,2,2,0.5,3,4,106,,143,50,0,50,2,3,1,3,1,2,0.6666666666666666,2,3,50,,val,6,6
5,14,1,7,1,5,0.35714285714285715,7,14,108,,144,54,0,55,1,2,1,1,1,1,0.5,1,2,55,,val,16,16
1,1,1,1,1,1,1.0,1,1,49,,145,49,0,49,1,1,1,1,1,1,1.0,1,1,49,,val,1,1
1,1,1,1,1,1,1.0,1,1,48,,146,50,0,48,1,1,1,1,1,1,1.0,1,1,50,,val,1,1
6,8,3,8,2,4,0.5,6,8,122,,147,51,0,51,1,1,1,1,1,1,1.0,1,1,51,,val,10,10
2,3,1,2,1,1,0.3333333333333333,2,3,57,,148,49,0,51,1,2,1,1,1,1,0.5,1,2,51,,val,4,4
1,1,1,1,1,1,1.0,1,1,47,,149,47,0,47,1,1,1,1,1,1,1.0,1,1,47,,val,4,4
1,1,1,1,1,1,1.0,1,1,50,,150,50,0,50,1,1,1,1,1,1,1.0,1,1,50,,val,4,4
2,3,2,3,2,2,0.6666666666666666,2,3,108,,151,53,0,53,2,2,2,2,1,2,1.0,2,2,53,,val,4,4
10,11,8,10,3,6,0.5454545454545454,8,11,236,,152,43,0,101,5,6,2,5,2,3,0.5,4,6,102,,val,19,19
7,7,5,7,3,5,0.7142857142857143,6,7,202,,153,53,0,59,2,2,1,2,1,1,0.5,2,2,59,,val,8,8
2,3,1,2,1,2,0.6666666666666666,2,3,69,,154,55,0,55,1,2,1,1,1,1,0.5,1,2,56,,val,6,6
9,18,7,11,3,6,0.3333333333333333,8,18,312,,155,54,0,114,3,8,3,4,2,3,0.375,3,8,115,,val,28,28
6,10,5,8,3,4,0.4,5,10,237,,156,54,1,109,4,9,3,4,2,3,0.3333333333333333,4,9,111,,val,16,16
5,9,3,8,2,3,0.3333333333333333,5,9,156,,157,52,0,58,2,4,1,3,1,2,0.5,3,4,58,,val,15,15
11,16,9,13,5,8,0.5,9,16,259,,158,37,0,68,4,10,2,7,2,4,0.4,6,10,68,,val,27,27
7,9,5,7,3,5,0.5555555555555556,6,9,224,,159,60,0,85,3,5,2,3,1,2,0.4,3,5,85,,val,13,13
6,9,5,7,3,5,0.5555555555555556,5,9,228,,160,51,0,51,3,4,3,3,2,3,0.75,3,4,51,,val,16,16
6,8,6,8,3,5,0.625,6,8,234,,161,53,0,108,4,7,2,5,2,3,0.42857142857142855,4,7,109,,val,14,14
10,18,6,12,3,6,0.3333333333333333,9,18,366,,162,73,0,156,4,7,2,4,2,2,0.2857142857142857,3,7,160,,val,25,25
4,6,3,6,2,3,0.5,3,6,75,,163,30,0,34,3,4,1,3,1,2,0.5,3,4,34,,val,9,9
1,3,1,1,1,1,0.3333333333333333,1,3,53,,164,50,0,50,1,1,1,1,1,1,1.0,1,1,50,,val,5,5
11,22,8,19,4,8,0.36363636363636365,11,22,261,,165,38,0,98,5,12,2,7,2,4,0.3333333333333333,6,12,99,,val,36,36
6,9,4,7,2,4,0.4444444444444444,5,9,180,,166,57,2,60,1,7,1,1,1,1,0.14285714285714285,1,7,63,,val,11,11
7,8,5,8,2,4,0.5,5,8,62,,167,20,0,20,1,1,1,1,1,1,1.0,1,1,20,,val,10,10
17,24,12,18,5,10,0.4166666666666667,14,24,370,,168,46,0,147,7,15,3,10,3,6,0.4,8,15,147,,val,49,49
3,5,2,5,1,2,0.4,3,5,83,,169,53,0,53,1,1,1,1,1,1,1.0,1,1,53,,val,5,5
5,8,3,6,2,3,0.375,4,8,127,,170,47,0,61,2,5,2,2,1,2,0.4,2,5,63,,val,11,11
2,2,2,2,1,2,1.0,2,2,99,,171,50,0,53,1,2,1,2,1,1,0.5,1,2,53,,val,5,5
10,17,8,14,4,7,0.4117647058823529,8,17,363,,172,55,0,86,3,7,2,5,2,3,0.42857142857142855,4,7,86,,val,27,27
11,13,9,11,3,7,0.5384615384615384,9,13,235,,173,43,1,100,3,12,3,7,2,4,0.3333333333333333,6,12,103,,val,22,22
1,1,1,1,1,1,1.0,1,1,51,,174,51,0,51,1,1,1,1,1,1,1.0,1,1,51,,val,2,2
5,9,5,6,2,4,0.4444444444444444,5,9,162,,175,43,0,96,4,5,3,5,2,3,0.6,4,5,96,,val,19,19
1,1,1,1,1,1,1.0,1,1,50,,176,50,0,50,1,1,1,1,1,1,1.0,1,1,50,,val,3,3
10,12,7,10,3,6,0.5,7,12,271,,177,49,0,89,4,8,2,5,1,3,0.375,4,8,89,,val,16,16
1,1,1,1,1,1,1.0,1,1,53,,178,53,0,53,1,1,1,1,1,1,1.0,1,1,53,,val,1,1
8,13,5,8,3,5,0.38461538461538464,6,13,225,,179,48,0,93,3,6,2,5,2,2,0.3333333333333333,4,6,94,,val,21,21
14,16,9,14,4,9,0.5625,12,16,309,,180,59,1,63,1,5,1,1,1,1,0.2,1,5,63,,val,19,19
1,1,1,1,1,1,1.0,1,1,49,,181,49,0,49,1,1,1,1,1,1,1.0,1,1,49,,val,1,1
2,3,2,2,1,2,0.6666666666666666,2,3,124,,182,69,0,69,2,2,2,2,1,2,1.0,2,2,69,,val,5,5
5,6,5,5,2,4,0.6666666666666666,5,6,161,,183,48,0,61,3,5,2,4,1,3,0.6,3,5,62,,val,9,9
12,14,7,13,4,7,0.5,9,14,289,,184,56,1,82,3,6,2,3,1,2,0.3333333333333333,3,6,82,,val,19,19
12,16,8,14,4,8,0.5,10,16,339,,185,52,0,123,7,11,3,7,2,5,0.45454545454545453,6,11,124,,val,34,34
7,10,6,8,3,5,0.5,6,10,228,,186,52,0,73,2,6,2,5,1,2,0.3333333333333333,4,6,73,,val,22,22
6,6,5,6,2,4,0.6666666666666666,5,6,151,,187,45,0,50,2,4,1,3,1,1,0.25,2,4,51,,val,6,6
7,11,4,7,2,4,0.36363636363636365,6,11,148,,188,48,0,49,1,2,1,1,1,1,0.5,1,2,49,,val,20,20
12,18,9,15,4,8,0.4444444444444444,10,18,331,,189,54,0,126,7,12,2,10,2,6,0.5,8,12,127,,val,27,27
8,8,6,8,3,5,0.625,7,8,169,,190,43,0,75,5,8,4,6,3,4,0.5,5,8,75,,val,13,13
4,5,3,4,2,3,0.6,3,5,134,,191,49,0,60,3,4,2,4,2,2,0.5,3,4,60,,val,6,6
8,9,6,8,3,5,0.5555555555555556,6,9,230,,192,51,0,96,3,8,3,5,2,3,0.375,4,8,96,,val,11,11
12,18,8,16,4,8,0.4444444444444444,11,18,232,,193,41,0,102,5,11,4,5,2,4,0.36363636363636365,5,11,103,,val,34,34
9,14,6,10,4,6,0.42857142857142855,8,14,273,,194,52,0,88,3,6,2,4,2,3,0.5,3,6,88,,val,23,23
4,6,3,4,2,3,0.5,3,6,169,,195,58,0,59,1,3,1,2,1,1,0.3333333333333333,2,3,59,,val,11,11
8,12,4,9,2,5,0.4166666666666667,7,12,144,,196,39,0,41,1,4,1,1,1,1,0.25,1,4,41,,val,17,17
15,19,10,15,5,9,0.47368421052631576,11,19,442,,197,57,0,121,8,13,2,9,3,6,0.46153846153846156,8,13,124,,val,23,23
10,15,6,11,3,6,0.4,7,15,311,,198,57,1,139,4,12,3,7,2,3,0.25,5,12,141,,val,20,20
6,10,4,9,3,4,0.4,5,10,185,,199,51,1,72,4,5,3,4,1,3,0.6,3,5,73,,val,13,13
16,25,13,21,6,12,0.48,14,25,462,,200,58,0,172,8,18,3,13,3,8,0.4444444444444444,11,18,174,,val,35,35
19,29,12,20,5,12,0.41379310344827586,16,29,324,,201,44,0,118,7,16,4,10,3,6,0.375,9,16,118,,val,37,37
12,17,10,14,4,9,0.5294117647058824,11,17,293,,202,47,0,106,7,12,2,10,3,6,0.5,8,12,106,,val,25,25
6,10,5,8,3,5,0.5,5,10,264,,203,57,0,103,3,7,3,4,2,3,0.42857142857142855,3,7,103,,val,17,17
8,9,5,9,3,5,0.5555555555555556,6,9,160,,204,48,0,52,1,6,1,1,1,1,0.16666666666666666,2,6,53,,val,16,16
4,5,4,4,2,3,0.6,3,5,164,,205,55,0,76,3,4,2,3,1,2,0.5,3,4,76,,val,9,9
7,8,6,7,3,5,0.625,6,8,226,,206,45,0,88,5,6,3,5,2,4,0.6666666666666666,5,6,89,,val,15,15
6,9,6,8,2,4,0.4444444444444444,6,9,226,,207,60,0,79,3,7,1,4,1,3,0.42857142857142855,3,7,82,,val,15,15
13,16,9,13,4,8,0.5,11,16,333,,208,61,1,135,5,12,4,7,2,5,0.4166666666666667,6,12,135,,val,29,29
5,6,4,5,2,3,0.5,4,6,161,,209,51,0,52,2,3,1,2,1,2,0.6666666666666666,2,3,52,,val,10,10
2,3,1,2,1,1,0.3333333333333333,2,3,56,,210,45,0,45,1,1,1,1,1,1,1.0,1,1,45,,val,4,4
4,4,4,4,2,4,1.0,4,4,146,,211,49,0,74,4,5,3,4,2,3,0.6,4,5,75,,val,6,6
4,5,3,4,2,3,0.6,3,5,109,,212,49,0,51,2,3,2,2,1,2,0.6666666666666666,2,3,51,,val,15,15
2,4,2,2,1,2,0.5,2,4,62,,213,45,0,45,1,1,1,1,1,1,1.0,1,1,45,,val,5,5
10,14,7,10,4,6,0.42857142857142855,8,14,255,,214,47,0,108,6,12,4,8,3,5,0.4166666666666667,7,12,110,,val,20,20
5,7,5,6,2,4,0.5714285714285714,5,7,172,,215,52,0,65,3,6,1,4,1,3,0.5,4,6,68,,val,8,8
6,8,4,7,2,4,0.5,5,8,171,,216,49,0,53,1,5,1,1,1,1,0.2,2,5,53,,val,19,19
12,16,11,12,5,9,0.5625,11,16,416,,217,54,1,140,6,12,4,9,3,5,0.4166666666666667,7,12,140,,val,24,24
10,11,6,11,3,6,0.5454545454545454,7,11,297,,218,54,0,127,5,7,3,6,2,3,0.42857142857142855,4,7,127,,val,14,14
3,6,1,4,1,3,0.5,3,6,86,,219,58,0,58,1,1,1,1,1,1,1.0,1,1,58,,val,10,10
8,10,6,8,3,5,0.5,6,10,173,,220,39,0,79,5,9,2,7,2,4,0.4444444444444444,5,9,81,,val,15,15
1,1,1,1,1,1,1.0,1,1,50,,221,50,0,50,1,1,1,1,1,1,1.0,1,1,50,,val,1,1
8,9,6,8,3,5,0.5555555555555556,6,9,235,,222,46,0,67,3,4,2,3,1,2,0.5,3,4,67,,val,14,14
3,6,3,3,2,3,0.5,3,6,135,,223,52,0,52,1,2,1,1,1,1,0.5,1,2,52,,val,18,18
11,16,10,12,4,8,0.5,9,16,299,,224,46,0,63,2,10,1,4,1,3,0.3,5,10,63,,val,24,24
5,7,2,5,2,3,0.42857142857142855,4,7,128,,225,55,0,57,1,6,1,1,1,1,0.16666666666666666,2,6,61,,val,7,7
6,7,4,6,2,4,0.5714285714285714,5,7,79,,226,34,0,35,1,4,1,2,1,1,0.25,2,4,35,,val,12,12
5,8,4,6,2,4,0.5,5,8,129,,227,45,0,46,2,4,1,3,1,2,0.5,3,4,46,,val,12,12
3,3,2,3,1,2,0.6666666666666666,2,3,92,,228,49,0,51,1,2,1,1,1,1,0.5,1,2,51,,val,6,6
5,5,2,5,1,3,0.6,4,5,101,,229,55,0,58,1,4,1,1,1,1,0.25,1,4,58,,val,6,6
7,8,5,7,3,4,0.5,6,8,183,,230,49,0,51,1,3,1,1,1,1,0.3333333333333333,1,3,51,,val,15,15
23,31,13,27,6,14,0.45161290322580644,19,31,457,,231,45,0,70,3,14,1,5,1,4,0.2857142857142857,7,14,70,,val,52,52
18,25,11,19,5,11,0.44,14,25,540,,232,70,1,165,5,14,3,5,2,3,0.21428571428571427,5,14,166,,val,38,38
7,14,5,10,2,5,0.35714285714285715,7,14,166,,233,43,1,61,3,5,2,4,1,2,0.4,3,5,62,,val,23,23
7,15,7,12,4,6,0.4,7,15,376,,234,64,0,148,5,10,3,7,2,4,0.4,5,10,148,,val,30,30
12,17,8,15,4,7,0.4117647058823529,8,17,389,,235,53,0,127,5,12,3,8,2,4,0.3333333333333333,6,12,127,,val,25,25
3,5,2,4,1,2,0.4,3,5,86,,236,53,0,53,1,1,1,1,1,1,1.0,1,1,53,,val,7,7
12,17,10,12,4,8,0.47058823529411764,10,17,317,,237,50,0,103,3,5,3,3,2,3,0.6,3,5,103,,val,23,23
15,26,11,17,5,9,0.34615384615384615,12,26,529,,238,61,0,196,7,18,5,7,3,6,0.3333333333333333,7,18,196,,val,54,54
2,3,2,2,1,2,0.6666666666666666,2,3,111,,239,59,0,68,2,2,1,2,1,1,0.5,2,2,68,,val,4,4
5,10,4,9,2,4,0.4,5,10,130,,240,36,0,47,2,6,1,4,1,2,0.3333333333333333,3,6,47,,val,17,17
12,15,8,14,4,7,0.4666666666666667,10,15,326,,241,54,1,103,2,9,2,5,2,2,0.2222222222222222,4,9,103,,val,22,22
13,22,8,15,4,8,0.36363636363636365,11,22,313,,242,47,0,78,2,10,2,7,1,4,0.4,6,10,78,,val,34,34
10,12,9,11,4,7,0.5833333333333334,9,12,299,,243,53,1,108,5,12,3,7,2,4,0.3333333333333333,6,12,110,,val,17,17
4,4,3,4,2,3,0.75,3,4,135,,244,50,0,50,3,3,2,3,1,2,0.6666666666666666,3,3,50,,val,7,7
7,12,7,9,4,6,0.5,7,12,295,,245,52,0,109,4,9,4,5,2,4,0.4444444444444444,4,9,110,,val,19,19
4,5,4,4,2,3,0.6,4,5,120,,246,45,0,47,3,5,2,3,2,2,0.4,3,5,48,,val,10,10
4,4,4,4,2,3,0.75,4,4,136,,247,48,0,80,3,4,2,3,2,2,0.5,3,4,81,,val,5,5
25,39,16,33,7,16,0.41025641025641024,22,39,665,,248,52,2,195,8,21,5,12,3,7,0.3333333333333333,10,21,196,,val,67,67
6,18,6,8,3,5,0.2777777777777778,6,18,341,,249,65,1,159,5,11,4,5,2,4,0.36363636363636365,5,11,161,,val,31,31
2,3,1,3,1,1,0.3333333333333333,2,3,46,,250,38,0,38,1,1,1,1,1,1,1.0,1,1,38,,val,5,5
1,1,1,1,1,1,1.0,1,1,56,,251,56,0,56,1,1,1,1,1,1,1.0,1,1,56,,val,1,1
8,11,7,9,3,6,0.5454545454545454,7,11,248,,252,48,0,110,4,8,2,5,2,2,0.25,4,8,111,,val,15,15
5,7,4,5,2,3,0.42857142857142855,4,7,152,,253,52,0,53,3,5,2,3,2,3,0.6,3,5,53,,val,9,9
8,10,5,8,3,5,0.5,6,10,246,,254,54,0,62,1,5,1,2,1,1,0.2,2,5,62,,val,17,17
4,8,4,5,2,4,0.5,4,8,197,,255,51,0,105,4,8,3,4,2,3,0.375,4,8,105,,val,10,10
14,21,12,17,5,9,0.42857142857142855,12,21,442,,256,56,0,94,3,10,3,7,2,3,0.3,5,10,95,,val,26,26
19,32,14,22,7,12,0.375,16,32,576,,257,51,0,139,7,11,4,8,3,5,0.45454545454545453,7,11,139,,val,54,54
3,3,3,3,2,3,1.0,3,3,134,,258,55,0,85,3,3,2,3,1,2,0.6666666666666666,2,3,85,,val,4,4
3,4,3,4,2,3,0.75,3,4,120,,259,54,0,56,2,3,1,2,1,1,0.3333333333333333,2,3,56,,val,5,5
3,3,2,3,1,2,0.6666666666666666,2,3,87,,260,49,0,49,1,2,1,1,1,1,0.5,1,2,49,,val,3,3
3,4,2,4,2,2,0.5,3,4,113,,261,49,0,66,2,4,2,2,1,2,0.5,2,4,67,,val,5,5
3,4,2,3,1,2,0.5,3,4,95,,262,49,3,52,1,3,1,2,1,1,0.3333333333333333,1,3,53,,val,6,6
2,2,2,2,1,2,1.0,2,2,115,,263,64,0,62,1,2,1,1,1,1,0.5,1,2,64,,val,4,4
7,11,6,8,3,5,0.45454545454545453,6,11,180,,264,42,0,82,3,7,3,4,2,3,0.42857142857142855,3,7,83,,val,20,20
10,13,7,12,3,6,0.46153846153846156,8,13,280,,265,52,0,84,2,6,2,5,1,2,0.3333333333333333,3,6,84,,val,21,21
31,52,16,35,9,19,0.36538461538461536,27,52,588,,266,43,0,216,9,26,8,13,4,8,0.3076923076923077,12,26,217,,val,70,70
2,2,2,2,1,2,1.0,2,2,81,,267,57,0,57,2,2,2,2,1,2,1.0,2,2,57,,val,2,2
1,1,1,1,1,1,1.0,1,1,52,,268,52,0,52,1,1,1,1,1,1,1.0,1,1,52,,val,1,1
9,14,6,10,3,6,0.42857142857142855,8,14,231,,269,51,0,99,2,8,2,3,1,2,0.25,2,8,101,,val,17,17
10,16,8,12,4,7,0.4375,8,16,361,,270,53,1,71,2,8,1,3,1,2,0.25,3,8,73,,val,19,19
20,27,16,22,7,14,0.5185185185185185,17,27,338,,271,41,2,82,4,20,4,5,3,5,0.25,12,20,89,,val,31,31
2,4,2,2,2,2,0.5,2,4,90,,272,44,0,54,2,2,1,2,1,1,0.5,2,2,54,,val,6,6
7,13,4,9,2,5,0.38461538461538464,7,13,179,,273,53,0,59,1,6,1,2,1,1,0.16666666666666666,2,6,60,,val,19,19
2,7,2,2,1,2,0.2857142857142857,2,7,70,,274,49,0,51,1,4,1,1,1,1,0.25,1,4,52,,val,17,17
1,1,1,1,1,1,1.0,1,1,52,,275,52,0,52,1,1,1,1,1,1,1.0,1,1,52,,val,1,1
5,8,4,5,2,4,0.5,4,8,163,,276,49,3,68,2,7,1,4,1,2,0.2857142857142857,3,7,71,,val,9,9
2,4,2,3,2,2,0.5,2,4,94,,277,46,0,46,1,1,1,1,1,1,1.0,1,1,46,,val,7,7
17,22,11,20,5,11,0.5,14,22,413,,278,51,0,159,7,15,5,9,3,6,0.4,7,15,161,,val,37,37
1,3,1,2,1,1,0.3333333333333333,1,3,56,,279,52,0,52,1,1,1,1,1,1,1.0,1,1,52,,val,6,6
6,12,5,8,3,4,0.3333333333333333,5,12,213,,280,52,0,85,3,4,2,3,1,2,0.5,3,4,85,,val,23,23
7,13,6,7,3,5,0.38461538461538464,6,13,292,,281,62,0,131,2,6,2,3,2,2,0.3333333333333333,2,6,131,,val,22,22
11,20,6,17,4,9,0.45,12,20,139,,282,25,0,25,1,1,1,1,1,1,1.0,1,1,25,,val,40,40
2,4,2,4,1,2,0.5,2,4,82,,283,51,0,53,1,2,1,1,1,1,0.5,1,2,53,,val,5,5
1,2,1,2,1,1,0.5,1,2,60,,284,56,1,56,1,2,1,1,1,1,0.5,1,2,57,,val,2,2
18,29,12,24,5,12,0.41379310344827586,16,29,456,,285,52,0,168,7,20,5,8,3,5,0.25,7,20,173,,val,52,52
4,4,4,4,2,3,0.75,4,4,166,,286,50,0,52,2,4,2,2,1,2,0.5,2,4,52,,val,6,6
6,8,4,7,2,4,0.5,5,8,136,,287,41,0,48,2,5,1,2,1,2,0.4,3,5,48,,val,10,10
9,14,6,9,3,5,0.35714285714285715,7,14,286,,288,49,0,146,5,7,4,6,2,4,0.5714285714285714,4,7,146,,val,17,17
2,3,2,2,1,2,0.6666666666666666,2,3,95,,289,48,0,53,2,2,1,2,1,1,0.5,1,2,53,,val,3,3
2,2,1,2,1,1,0.5,2,2,57,,290,50,0,51,1,2,1,1,1,1,0.5,1,2,51,,val,2,2
2,2,2,2,1,2,1.0,2,2,78,,291,56,0,56,1,2,1,2,1,1,0.5,1,2,56,,val,2,2
1,1,1,1,1,1,1.0,1,1,62,,292,62,0,62,1,1,1,1,1,1,1.0,1,1,62,,val,1,1
1,1,1,1,1,1,1.0,1,1,53,,293,53,0,53,1,1,1,1,1,1,1.0,1,1,53,,val,1,1
1,2,1,1,1,1,0.5,1,2,57,,294,56,4,56,1,2,1,1,1,1,0.5,1,2,58,,val,3,3
1,3,1,1,1,1,0.3333333333333333,1,3,57,,295,55,0,55,1,1,1,1,1,1,1.0,1,1,55,,val,6,6
1,1,1,1,1,1,1.0,1,1,48,,296,48,0,48,1,1,1,1,1,1,1.0,1,1,48,,val,2,2
8,10,8,8,3,6,0.6,7,10,214,,297,41,1,90,4,6,2,4,2,2,0.3333333333333333,3,6,90,,val,18,18
12,19,7,16,4,7,0.3684210526315789,11,19,283,,298,49,0,75,3,7,3,3,2,3,0.42857142857142855,3,7,75,,val,25,25
1,2,1,1,1,1,0.5,1,2,51,,299,49,0,49,1,2,1,1,1,1,0.5,1,2,49,,val,2,2
4,6,4,6,2,3,0.5,4,6,172,,300,55,0,77,3,4,3,3,1,3,0.75,3,4,77,,val,7,7
1,2,1,1,1,1,0.5,1,2,61,,301,62,6,60,1,3,1,1,1,1,0.3333333333333333,1,3,64,,val,3,3
1,1,1,1,1,1,1.0,1,1,46,,302,46,0,46,1,1,1,1,1,1,1.0,1,1,46,,val,1,1
2,2,2,2,1,2,1.0,2,2,72,,303,49,0,49,1,2,1,2,1,1,0.5,1,2,49,,val,4,4
16,20,11,18,4,9,0.45,12,20,342,,304,44,0,114,4,9,4,4,2,3,0.3333333333333333,4,9,114,,val,23,23
1,1,1,1,1,1,1.0,1,1,50,,305,50,0,50,1,1,1,1,1,1,1.0,1,1,50,,val,8,8
1,1,1,1,1,1,1.0,1,1,52,,306,52,0,52,1,1,1,1,1,1,1.0,1,1,52,,val,1,1
1,1,1,1,1,1,1.0,1,1,48,,307,48,0,48,1,1,1,1,1,1,1.0,1,1,48,,val,1,1
1,1,1,1,1,1,1.0,1,1,51,,308,51,0,51,1,1,1,1,1,1,1.0,1,1,51,,val,1,1
3,3,2,3,1,2,0.6666666666666666,2,3,69,,309,47,0,47,1,2,1,1,1,1,0.5,1,2,47,,val,4,4
3,4,3,3,1,3,0.75,3,4,86,,310,48,0,48,2,2,1,2,1,1,0.5,2,2,48,,val,9,9
1,1,1,1,1,1,1.0,1,1,55,,311,55,0,55,1,1,1,1,1,1,1.0,1,1,55,,val,1,1
9,14,7,9,3,6,0.42857142857142855,7,14,273,,312,51,0,130,4,10,2,7,2,3,0.3,5,10,132,,val,18,18
4,4,3,4,2,3,0.75,4,4,96,,313,46,0,45,3,4,2,4,2,3,0.75,3,4,46,,val,4,4
1,1,1,1,1,1,1.0,1,1,44,,314,46,1,44,1,1,1,1,1,1,1.0,1,1,45,,val,1,1
1,1,1,1,1,1,1.0,1,1,53,,315,53,0,53,1,1,1,1,1,1,1.0,1,1,53,,val,1,1
2,2,2,2,1,2,1.0,2,2,83,,316,55,0,54,2,2,2,2,1,2,1.0,2,2,55,,val,2,2
1,3,1,1,1,1,0.3333333333333333,1,3,48,,317,46,0,47,1,3,1,1,1,1,0.3333333333333333,1,3,47,,val,3,3
1,1,1,1,1,1,1.0,1,1,46,,318,46,0,46,1,1,1,1,1,1,1.0,1,1,46,,val,2,2
2,2,2,2,1,2,1.0,2,2,88,,319,44,0,44,1,1,1,1,1,1,1.0,1,1,44,,val,6,6
6,7,3,6,2,3,0.42857142857142855,4,7,171,,320,57,0,114,2,5,2,2,1,2,0.4,2,5,114,,val,12,12
1,1,1,1,1,1,1.0,1,1,51,,321,51,0,51,1,1,1,1,1,1,1.0,1,1,51,,val,1,1
1,1,1,1,1,1,1.0,1,1,49,,322,51,0,49,1,1,1,1,1,1,1.0,1,1,51,,val,1,1
3,3,3,3,2,2,0.6666666666666666,3,3,114,,323,47,0,47,1,1,1,1,1,1,1.0,1,1,47,,val,4,4
1,1,1,1,1,1,1.0,1,1,50,,324,50,0,50,1,1,1,1,1,1,1.0,1,1,50,,val,2,2
3,5,2,4,2,2,0.4,3,5,108,,325,48,0,49,1,2,1,1,1,1,0.5,1,2,49,,val,9,9
1,1,1,1,1,1,1.0,1,1,50,,326,50,0,50,1,1,1,1,1,1,1.0,1,1,50,,val,1,1
2,2,2,2,1,2,1.0,2,2,79,,327,51,0,51,2,2,1,2,1,1,0.5,2,2,51,,val,3,3
1,2,1,1,1,1,0.5,1,2,53,,328,52,0,52,1,1,1,1,1,1,1.0,1,1,52,,val,3,3
1,1,1,1,1,1,1.0,1,1,42,,329,43,0,42,1,1,1,1,1,1,1.0,1,1,43,,val,3,3
1,1,1,1,1,1,1.0,1,1,44,,330,44,0,44,1,1,1,1,1,1,1.0,1,1,44,,val,1,1
8,15,7,10,3,6,0.4,7,15,297,,331,57,0,130,4,5,2,5,2,2,0.4,3,5,130,,val,24,24
3,4,2,4,2,2,0.5,3,4,105,,332,52,0,50,2,5,1,2,1,1,0.2,2,5,52,,val,5,5
1,1,1,1,1,1,1.0,1,1,54,,333,54,0,54,1,1,1,1,1,1,1.0,1,1,54,,val,1,1
2,4,2,2,1,2,0.5,2,4,66,,334,50,0,50,1,1,1,1,1,1,1.0,1,1,50,,val,7,7
4,6,4,4,2,4,0.6666666666666666,4,6,177,,335,50,0,83,4,5,3,4,2,3,0.6,3,5,83,,val,12,12
1,3,1,3,1,1,0.3333333333333333,1,3,65,,336,59,0,59,1,1,1,1,1,1,1.0,1,1,59,,val,5,5
3,7,1,4,1,2,0.2857142857142857,3,7,62,,337,43,0,43,1,1,1,1,1,1,1.0,1,1,43,,val,9,9
1,1,1,1,1,1,1.0,1,1,47,,338,47,0,47,1,1,1,1,1,1,1.0,1,1,47,,val,1,1
1,2,1,2,1,1,0.5,1,2,52,,339,49,0,49,1,1,1,1,1,1,1.0,1,1,49,,val,2,2
1,1,1,1,1,1,1.0,1,1,48,,340,48,0,48,1,1,1,1,1,1,1.0,1,1,48,,val,1,1
2,2,1,2,1,1,0.5,2,2,43,,341,38,0,38,1,2,1,1,1,1,0.5,1,2,38,,val,2,2
17,28,10,25,5,10,0.35714285714285715,15,28,513,,342,59,0,166,4,13,3,7,2,3,0.23076923076923078,5,13,166,,val,41,41
2,2,1,2,1,1,0.5,2,2,64,,343,52,0,52,1,2,1,2,1,1,0.5,1,2,52,,val,5,5
1,2,1,2,1,1,0.5,1,2,53,,344,50,0,50,1,2,1,1,1,1,0.5,1,2,50,,val,2,2
41,58,17,47,10,27,0.46551724137931033,37,58,456,,345,34,0,79,6,12,3,8,2,5,0.4166666666666667,7,12,79,,val,89,89
1,1,1,1,1,1,1.0,1,1,52,,346,53,0,52,1,1,1,1,1,1,1.0,1,1,53,,val,1,1
2,2,2,2,1,2,1.0,2,2,99,,347,51,0,57,2,2,1,2,1,1,0.5,2,2,57,,val,4,4
3,3,2,3,1,2,0.6666666666666666,3,3,83,,348,52,0,54,2,3,1,2,1,2,0.6666666666666666,2,3,54,,val,4,4
20,31,7,23,4,12,0.3870967741935484,18,31,348,,349,50,1,112,4,12,3,5,2,3,0.25,5,12,115,,val,38,38
2,2,2,2,1,2,1.0,2,2,74,,350,52,0,54,1,2,1,1,1,1,0.5,1,2,54,,val,3,3
1,3,1,2,1,1,0.3333333333333333,1,3,54,,351,49,0,49,1,1,1,1,1,1,1.0,1,1,49,,val,4,4
1,2,1,1,1,1,0.5,1,2,61,,352,60,0,59,1,2,1,1,1,1,0.5,1,2,60,,val,4,4
8,15,3,11,2,5,0.3333333333333333,8,15,171,,353,43,0,79,2,6,2,3,1,2,0.3333333333333333,2,6,80,,val,19,19
1,1,1,1,1,1,1.0,1,1,52,,354,54,0,52,1,1,1,1,1,1,1.0,1,1,54,,val,1,1
2,2,2,2,1,2,1.0,2,2,65,,355,47,0,47,2,2,2,2,1,2,1.0,2,2,47,,val,2,2
14,31,7,24,4,11,0.3548387096774194,18,31,215,,356,31,0,66,3,6,2,4,2,2,0.3333333333333333,3,6,66,,val,71,71
6,7,5,6,3,4,0.5714285714285714,5,7,205,,357,51,0,57,2,5,2,3,1,2,0.4,3,5,58,,val,11,11
11,19,8,14,4,7,0.3684210526315789,10,19,300,,358,44,2,137,6,13,4,7,2,4,0.3076923076923077,6,13,138,,val,53,53
3,5,3,3,2,2,0.4,3,5,140,,359,60,0,60,2,2,1,2,1,1,0.5,2,2,60,,val,7,7
4,11,3,7,2,3,0.2727272727272727,5,11,132,,360,55,0,63,2,2,1,2,1,1,0.5,2,2,63,,val,14,14
1,1,1,1,1,1,1.0,1,1,51,,361,51,0,51,1,1,1,1,1,1,1.0,1,1,51,,val,2,2
1,1,1,1,1,1,1.0,1,1,52,,362,52,0,52,1,1,1,1,1,1,1.0,1,1,52,,val,2,2
1,1,1,1,1,1,1.0,1,1,49,,363,49,0,49,1,1,1,1,1,1,1.0,1,1,49,,val,1,1
1,1,1,1,1,1,1.0,1,1,56,,364,56,0,56,1,1,1,1,1,1,1.0,1,1,56,,val,2,2
2,2,2,2,1,2,1.0,2,2,71,,365,46,0,46,1,1,1,1,1,1,1.0,1,1,46,,val,5,5
2,4,2,3,2,2,0.5,2,4,95,,366,45,0,45,1,2,1,2,1,1,0.5,1,2,45,,val,5,5
1,2,1,2,1,1,0.5,1,2,61,,367,56,0,56,1,1,1,1,1,1,1.0,1,1,56,,val,2,2
6,8,4,7,2,3,0.375,4,8,175,,368,48,0,93,3,6,2,3,2,2,0.3333333333333333,3,6,93,,val,15,15
1,1,1,1,1,1,1.0,1,1,47,,369,48,0,47,1,1,1,1,1,1,1.0,1,1,48,,val,2,2
1,3,1,2,1,1,0.3333333333333333,1,3,53,,370,48,0,48,1,1,1,1,1,1,1.0,1,1,48,,val,6,6
11,17,9,14,4,8,0.47058823529411764,10,17,301,,371,51,0,84,4,9,3,6,2,4,0.4444444444444444,5,9,86,,val,26,26
1,1,1,1,1,1,1.0,1,1,56,,372,57,0,56,1,1,1,1,1,1,1.0,1,1,57,,val,1,1
5,6,5,5,3,4,0.6666666666666666,4,6,222,,373,55,0,101,3,3,3,3,2,2,0.6666666666666666,3,3,101,,val,8,8
6,8,4,8,2,4,0.5,5,8,151,,374,38,0,43,3,3,2,3,1,2,0.6666666666666666,3,3,43,,val,13,13
1,1,1,1,1,1,1.0,1,1,46,,375,46,0,46,1,1,1,1,1,1,1.0,1,1,46,,val,1,1
2,2,2,2,1,2,1.0,2,2,67,,376,52,0,52,2,2,1,2,1,1,0.5,2,2,52,,val,2,2
1,1,1,1,1,1,1.0,1,1,42,,377,42,0,42,1,1,1,1,1,1,1.0,1,1,42,,val,2,2
9,13,8,11,4,6,0.46153846153846156,7,13,340,,378,55,0,135,5,9,3,8,2,3,0.3333333333333333,5,9,135,,val,22,22
1,3,1,1,1,1,0.3333333333333333,1,3,56,,379,55,0,55,1,3,1,1,1,1,0.3333333333333333,1,3,56,,val,7,7
16,23,10,18,5,10,0.43478260869565216,13,23,438,,380,53,0,131,5,13,4,8,3,5,0.38461538461538464,7,13,131,,val,33,33
10,15,8,12,4,7,0.4666666666666667,9,15,196,,381,33,0,55,3,6,3,4,1,3,0.5,3,6,55,,val,28,28
1,1,1,1,1,1,1.0,1,1,69,,382,69,0,69,1,1,1,1,1,1,1.0,1,1,69,,val,1,1
2,2,2,2,1,2,1.0,2,2,56,,383,32,0,32,1,2,1,2,1,1,0.5,1,2,32,,val,2,2
9,16,8,12,4,7,0.4375,9,16,350,,384,70,1,114,4,10,2,5,2,3,0.3,5,10,118,,val,16,16
1,1,1,1,1,1,1.0,1,1,50,,385,52,0,50,1,1,1,1,1,1,1.0,1,1,52,,val,1,1
9,12,7,10,3,6,0.5,7,12,231,,386,43,0,84,3,6,2,3,1,2,0.3333333333333333,3,6,84,,val,19,19
1,1,1,1,1,1,1.0,1,1,49,,387,49,0,49,1,1,1,1,1,1,1.0,1,1,49,,val,1,1
4,6,3,4,2,3,0.5,3,6,123,,388,50,0,94,2,4,2,3,2,2,0.5,2,4,95,,val,7,7
2,3,2,2,1,2,0.6666666666666666,2,3,72,,389,48,0,48,2,3,1,2,1,1,0.3333333333333333,2,3,48,,val,4,4
1,2,1,1,1,1,0.5,1,2,42,,390,41,0,41,1,2,1,1,1,1,0.5,1,2,41,,val,2,2
1,2,1,2,1,1,0.5,1,2,53,,391,50,0,50,1,1,1,1,1,1,1.0,1,1,50,,val,3,3
1,1,1,1,1,1,1.0,1,1,51,,392,51,0,51,1,1,1,1,1,1,1.0,1,1,51,,val,1,1
2,2,1,2,1,1,0.5,1,2,62,,393,56,0,56,1,2,1,1,1,1,0.5,1,2,56,,val,3,3
5,6,3,5,2,3,0.5,4,6,95,,394,48,0,48,1,2,1,1,1,1,0.5,1,2,48,,val,11,11
7,13,3,8,2,5,0.38461538461538464,7,13,127,,395,44,0,54,2,5,1,2,1,2,0.4,2,5,54,,val,20,20
1,1,1,1,1,1,1.0,1,1,49,,396,49,0,49,1,1,1,1,1,1,1.0,1,1,49,,val,1,1
1,1,1,1,1,1,1.0,1,1,47,,397,48,0,47,1,1,1,1,1,1,1.0,1,1,48,,val,2,2
1,2,1,1,1,1,0.5,1,2,48,,398,47,0,47,1,1,1,1,1,1,1.0,1,1,47,,val,3,3
1,1,1,1,1,1,1.0,1,1,57,,399,57,0,57,1,1,1,1,1,1,1.0,1,1,57,,val,1,1
17,26,9,19,5,12,0.46153846153846156,15,26,272,,400,44,1,69,3,16,1,4,1,5,0.3125,9,16,73,,val,45,45
1,2,1,1,1,1,0.5,1,2,54,,401,53,2,54,1,3,1,2,1,1,0.3333333333333333,1,3,56,,val,11,11
5,6,4,5,2,4,0.6666666666666666,4,6,161,,402,44,0,59,2,3,2,2,1,2,0.6666666666666666,2,3,59,,val,17,17
2,2,2,2,1,2,1.0,2,2,79,,403,52,0,52,2,2,1,2,1,1,0.5,2,2,52,,val,3,3
2,3,2,2,1,2,0.6666666666666666,2,3,116,,404,61,0,81,2,2,2,2,1,2,1.0,2,2,81,,val,4,4
1,3,1,1,1,1,0.3333333333333333,1,3,50,,405,47,0,47,1,1,1,1,1,1,1.0,1,1,47,,val,6,6
3,3,3,3,1,3,1.0,3,3,122,,406,64,0,82,3,3,2,3,1,2,0.6666666666666666,3,3,82,,val,5,5
1,1,1,1,1,1,1.0,1,1,58,,407,58,0,58,1,1,1,1,1,1,1.0,1,1,58,,val,2,2
2,2,2,2,1,2,1.0,2,2,66,,408,47,0,46,2,2,2,2,1,2,1.0,2,2,47,,val,3,3
15,38,10,22,5,12,0.3157894736842105,18,38,368,,409,52,0,153,6,20,5,8,3,6,0.3,10,20,155,,val,63,63
3,4,3,4,2,3,0.75,3,4,81,,410,56,0,55,3,4,1,4,2,3,0.75,3,4,56,,val,4,4
3,6,2,3,1,2,0.3333333333333333,3,6,92,,411,61,0,62,2,3,1,2,1,2,0.6666666666666666,2,3,62,,val,11,11
3,10,1,4,1,3,0.3,4,10,84,,412,53,0,54,1,2,1,1,1,1,0.5,1,2,54,,val,12,12
7,10,5,7,2,5,0.5,6,10,143,,413,40,0,60,4,8,2,4,2,3,0.375,4,8,60,,val,16,16
3,7,2,5,1,3,0.42857142857142855,4,7,73,,414,44,0,46,1,5,1,2,1,1,0.2,2,5,46,,val,9,9
5,10,4,7,2,4,0.4,6,10,115,,415,55,2,71,4,7,2,5,2,4,0.5714285714285714,4,7,73,,val,14,14
4,7,3,5,2,3,0.42857142857142855,4,7,127,,416,54,0,54,2,2,1,2,1,1,0.5,2,2,54,,val,7,7
2,2,1,2,1,1,0.5,2,2,57,,417,55,0,55,2,2,1,2,1,1,0.5,2,2,55,,val,2,2
17,25,15,18,6,11,0.44,15,25,356,,418,44,0,90,7,18,4,9,4,7,0.3888888888888889,10,18,92,,val,42,42
5,15,1,9,2,6,0.4,8,15,115,,419,53,1,52,1,9,1,1,1,1,0.1111111111111111,3,9,60,,val,23,23
3,5,2,3,1,2,0.4,3,5,78,,420,52,0,54,1,3,1,1,1,1,0.3333333333333333,1,3,55,,val,7,7
7,19,4,9,3,5,0.2631578947368421,7,19,265,,421,64,2,106,4,6,3,4,2,3,0.5,4,6,107,,val,38,38
16,26,6,20,4,10,0.38461538461538464,15,26,219,,422,37,0,47,3,4,1,3,1,2,0.5,3,4,47,,val,59,59
15,33,4,21,5,14,0.42424242424242425,20,33,227,,423,43,2,61,2,15,2,3,2,4,0.26666666666666666,9,15,63,,val,52,52
7,14,6,10,3,6,0.42857142857142855,8,14,232,,424,66,8,78,2,9,2,3,2,2,0.2222222222222222,3,9,80,,val,23,23
1,1,1,1,1,1,1.0,1,1,49,,425,49,0,49,1,1,1,1,1,1,1.0,1,1,49,,val,2,2
6,8,6,6,3,4,0.5,5,8,143,,426,48,0,56,2,5,1,4,1,2,0.4,3,5,56,,val,11,11
19,50,9,28,6,18,0.36,27,50,342,,427,47,0,78,5,8,2,6,2,4,0.5,5,8,78,,val,65,65
6,12,3,7,2,4,0.3333333333333333,6,12,119,,428,47,3,51,1,9,1,1,1,1,0.1111111111111111,4,9,54,,val,17,17
13,18,8,14,5,10,0.5555555555555556,12,18,212,,429,49,0,80,6,8,2,7,2,5,0.625,6,8,80,,val,25,25
4,4,3,4,2,3,0.75,3,4,91,,430,48,0,53,3,4,1,4,1,2,0.5,3,4,53,,val,6,6
4,7,4,6,2,4,0.5714285714285714,4,7,166,,431,55,0,65,3,3,2,3,1,2,0.6666666666666666,3,3,65,,val,8,8
3,8,2,5,2,3,0.375,3,8,101,,432,50,0,56,2,3,1,2,1,1,0.3333333333333333,2,3,56,,val,12,12
3,4,3,4,1,3,0.75,3,4,87,,433,55,0,55,3,3,1,3,1,2,0.6666666666666666,3,3,55,,val,4,4
3,6,2,3,1,2,0.3333333333333333,3,6,85,,434,48,0,48,2,2,2,2,1,2,1.0,2,2,48,,val,14,14
12,32,8,18,4,9,0.28125,16,32,261,,435,48,0,91,4,15,2,5,2,4,0.26666666666666666,7,15,97,,val,57,57
10,11,9,11,4,7,0.6363636363636364,8,11,416,,436,60,0,102,5,8,2,5,2,3,0.375,4,8,103,,val,14,14
2,3,1,2,1,2,0.6666666666666666,2,3,54,,437,44,0,43,1,2,1,1,1,1,0.5,1,2,45,,val,4,4
10,12,7,11,4,6,0.5,8,12,160,,438,31,0,32,1,2,1,1,1,1,0.5,1,2,32,,val,22,22
8,15,5,12,3,6,0.4,8,15,181,,439,48,0,49,1,2,1,1,1,1,0.5,1,2,49,,val,24,24
7,8,7,8,3,5,0.625,6,8,256,,440,53,0,67,4,6,2,4,2,3,0.5,4,6,67,,val,19,19
5,9,3,7,2,4,0.4444444444444444,5,9,153,,441,59,0,61,2,5,1,3,1,2,0.4,3,5,61,,val,10,10
12,13,7,13,3,7,0.5384615384615384,10,13,259,,442,55,0,70,3,6,2,3,1,2,0.3333333333333333,3,6,70,,val,21,21
2,4,2,3,1,2,0.5,2,4,62,,443,46,0,46,1,5,1,2,1,1,0.2,2,5,49,,val,7,7
2,3,2,2,1,2,0.6666666666666666,2,3,94,,444,53,0,68,2,3,2,2,1,2,0.6666666666666666,2,3,68,,val,5,5
2,4,2,4,1,2,0.5,2,4,78,,445,51,0,53,2,4,1,2,1,2,0.5,2,4,53,,val,4,4
14,26,9,18,6,11,0.4230769230769231,14,26,244,,446,42,3,73,4,16,2,8,3,7,0.4375,10,16,76,,val,39,39
2,5,2,3,1,2,0.4,3,5,50,,447,41,0,40,2,2,2,2,1,2,1.0,2,2,41,,val,7,7
1,1,1,1,1,1,1.0,1,1,55,,448,56,2,55,1,2,1,1,1,1,0.5,1,2,57,,val,2,2
6,9,4,6,2,4,0.4444444444444444,5,9,178,,449,54,0,66,2,4,1,2,1,1,0.25,2,4,66,,val,10,10
4,4,2,4,1,2,0.5,3,4,83,,450,50,0,50,1,2,1,2,1,1,0.5,1,2,50,,val,9,9
2,3,2,3,1,2,0.6666666666666666,2,3,89,,451,49,0,49,2,2,2,2,1,2,1.0,2,2,49,,val,4,4
2,3,2,2,1,2,0.6666666666666666,2,3,88,,452,48,0,49,2,3,2,2,1,2,0.6666666666666666,2,3,49,,val,5,5
16,21,11,18,5,10,0.47619047619047616,13,21,415,,453,57,0,99,3,6,2,6,1,3,0.5,4,6,99,,val,28,28
12,17,6,15,3,8,0.47058823529411764,10,17,261,,454,55,0,90,5,7,2,6,2,4,0.5714285714285714,5,7,90,,val,23,23
2,2,2,2,1,2,1.0,2,2,82,,455,56,0,55,2,2,2,2,1,2,1.0,2,2,56,,val,2,2
2,3,2,2,1,2,0.6666666666666666,2,3,65,,456,49,0,49,2,2,1,2,1,1,0.5,2,2,49,,val,4,4
10,24,6,17,4,9,0.375,14,24,223,,457,53,4,67,1,14,1,2,1,3,0.21428571428571427,7,14,71,,val,34,34
2,2,2,2,1,2,1.0,2,2,88,,458,52,0,51,1,2,1,2,1,1,0.5,1,2,52,,val,2,2
8,14,5,11,3,5,0.35714285714285715,8,14,148,,459,40,3,67,5,10,3,7,2,4,0.4,5,10,70,,val,17,17
4,7,2,5,1,3,0.42857142857142855,4,7,95,,460,57,3,62,1,6,1,3,1,1,0.16666666666666666,3,6,64,,val,11,11
8,19,6,11,3,6,0.3157894736842105,8,19,235,,461,51,1,74,3,13,1,4,1,3,0.23076923076923078,6,13,80,,val,46,46
3,9,3,6,2,3,0.3333333333333333,5,9,91,,462,47,0,58,3,4,1,3,1,2,0.5,3,4,60,,val,20,20
2,3,1,2,1,2,0.6666666666666666,2,3,64,,463,51,0,52,1,2,1,1,1,1,0.5,1,2,52,,val,8,8
7,12,5,9,3,5,0.4166666666666667,7,12,135,,464,47,1,63,3,7,1,4,1,3,0.42857142857142855,4,7,64,,val,17,17
2,3,2,3,1,2,0.6666666666666666,2,3,56,,465,37,0,39,1,2,1,2,1,1,0.5,1,2,39,,val,7,7
1,3,1,2,1,1,0.3333333333333333,2,3,55,,466,49,0,49,1,2,1,1,1,1,0.5,1,2,49,,val,4,4
2,3,1,3,1,1,0.3333333333333333,2,3,64,,467,55,0,56,1,3,1,3,1,1,0.3333333333333333,2,3,58,,val,4,4
5,11,4,9,2,5,0.45454545454545453,7,11,135,,468,53,0,57,1,9,1,2,1,1,0.1111111111111111,3,9,63,,val,15,15
4,9,3,5,2,3,0.3333333333333333,5,9,138,,469,62,22,80,3,8,3,3,2,3,0.375,3,8,87,,val,10,10
2,4,2,3,1,2,0.5,2,4,54,,470,41,0,42,2,4,1,3,1,2,0.5,3,4,42,,val,4,4
1,1,1,1,1,1,1.0,1,1,54,,471,54,0,54,1,1,1,1,1,1,1.0,1,1,54,,val,1,1
1,1,1,1,1,1,1.0,1,1,60,,472,60,0,60,1,1,1,1,1,1,1.0,1,1,60,,val,1,1
20,27,12,23,6,13,0.48148148148148145,17,27,327,,473,41,0,50,3,13,1,3,1,4,0.3076923076923077,8,13,52,,val,29,29
1,2,1,1,1,1,0.5,1,2,71,,474,68,0,68,1,2,1,1,1,1,0.5,1,2,68,,val,2,2
1,2,1,1,1,1,0.5,1,2,51,,475,49,0,49,1,1,1,1,1,1,1.0,1,1,49,,val,3,3
2,3,2,3,2,2,0.6666666666666666,2,3,81,,476,52,0,52,2,3,2,2,1,2,0.6666666666666666,2,3,52,,val,3,3
3,5,2,5,1,2,0.4,3,5,109,,477,55,0,55,2,2,2,2,1,2,1.0,2,2,55,,val,7,7
3,4,1,3,1,2,0.5,3,4,58,,478,43,0,47,1,4,1,3,1,1,0.25,2,4,47,,val,5,5
25,40,12,34,8,19,0.475,26,40,307,,479,35,6,81,4,27,2,18,4,14,0.5185185185185185,18,27,90,,val,57,57
2,2,2,2,1,2,1.0,2,2,58,,480,48,0,47,2,2,2,2,1,2,1.0,2,2,48,,val,3,3
2,5,2,3,1,2,0.4,2,5,65,,481,46,0,49,1,6,1,2,1,1,0.16666666666666666,2,6,52,,val,10,10
27,43,19,34,8,17,0.3953488372093023,23,43,460,,482,34,0,131,9,19,6,11,4,7,0.3684210526315789,9,19,131,,val,73,73
1,1,1,1,1,1,1.0,1,1,55,,483,55,0,55,1,1,1,1,1,1,1.0,1,1,55,,val,2,2
3,10,3,5,2,3,0.3,4,10,122,,484,47,0,80,3,4,2,3,2,2,0.5,3,4,81,,val,13,13
18,24,10,20,6,11,0.4583333333333333,15,24,369,,485,59,1,154,7,19,2,11,2,7,0.3684210526315789,11,19,157,,val,31,31
5,8,4,6,2,4,0.5,4,8,196,,486,53,1,69,2,3,2,2,1,2,0.6666666666666666,2,3,69,,val,14,14
3,3,3,3,2,2,0.6666666666666666,3,3,138,,487,63,0,64,2,3,2,2,1,2,0.6666666666666666,2,3,65,,val,10,10
9,13,7,12,4,7,0.5384615384615384,9,13,190,,488,43,0,48,2,5,2,4,2,2,0.4,3,5,48,,val,22,22
3,4,3,4,2,3,0.75,3,4,96,,489,57,0,58,3,4,3,3,2,3,0.75,3,4,58,,val,6,6
4,14,4,8,2,5,0.35714285714285715,8,14,116,,490,45,0,51,2,2,1,2,1,1,0.5,2,2,52,,val,22,22
5,5,2,5,2,3,0.6,4,5,135,,491,57,0,58,2,3,1,2,1,1,0.3333333333333333,2,3,58,,val,9,9
11,13,5,12,3,7,0.5384615384615384,9,13,187,,492,50,0,64,4,6,1,4,1,3,0.5,4,6,64,,val,13,13
1,1,1,1,1,1,1.0,1,1,22,,493,22,0,22,1,1,1,1,1,1,1.0,1,1,22,,val,1,1
38,77,18,46,13,31,0.4025974025974026,42,77,557,,494,45,0,73,1,40,1,3,2,23,0.575,32,40,85,,val,110,110
3,3,2,3,1,2,0.6666666666666666,2,3,81,,495,56,0,56,1,2,1,2,1,1,0.5,1,2,56,,val,5,5
1,1,1,1,1,1,1.0,1,1,65,,496,65,0,65,1,1,1,1,1,1,1.0,1,1,65,,val,1,1
9,19,8,11,4,7,0.3684210526315789,9,19,291,,497,53,1,95,5,9,2,6,2,4,0.4444444444444444,5,9,98,,val,25,25
7,14,4,9,2,5,0.35714285714285715,8,14,140,,498,48,0,53,1,5,1,4,1,2,0.4,3,5,53,,val,19,19
2,2,2,2,1,2,1.0,2,2,67,,499,40,0,40,2,2,1,2,1,2,1.0,2,2,40,,val,4,4
4,6,4,4,2,3,0.5,4,6,137,,500,53,0,74,2,4,2,2,1,2,0.5,2,4,74,,val,7,7
4,5,2,4,1,3,0.6,3,5,67,,501,36,0,44,2,2,1,2,1,1,0.5,2,2,44,,val,6,6
6,8,5,7,3,5,0.625,5,8,131,,502,48,1,52,4,5,1,5,2,4,0.8,4,5,52,,val,11,11
4,4,2,4,2,2,0.5,3,4,93,,503,49,0,49,3,3,1,3,1,2,0.6666666666666666,3,3,49,,val,4,4
7,12,4,8,2,4,0.3333333333333333,6,12,172,,504,50,0,62,4,6,1,4,1,3,0.5,4,6,62,,val,16,16
12,19,9,12,4,8,0.42105263157894735,10,19,289,,505,56,1,105,5,13,2,9,2,6,0.46153846153846156,8,13,107,,val,31,31
7,9,5,7,3,5,0.5555555555555556,6,9,130,,506,55,0,64,4,9,1,7,2,5,0.5555555555555556,7,9,66,,val,12,12
3,3,3,3,2,3,1.0,3,3,92,,507,51,0,50,3,3,2,3,2,2,0.6666666666666666,3,3,51,,val,5,5
5,16,3,9,2,5,0.3125,8,16,164,,508,69,2,72,1,8,1,1,1,1,0.125,2,8,77,,val,24,24
7,13,5,8,2,5,0.38461538461538464,7,13,151,,509,47,3,61,2,8,1,4,1,2,0.25,4,8,62,,val,16,16
1,2,1,2,1,1,0.5,1,2,56,,510,54,0,54,1,2,1,1,1,1,0.5,1,2,55,,val,2,2
11,12,9,11,4,7,0.5833333333333334,8,12,378,,511,56,0,114,5,10,4,8,3,5,0.5,6,10,114,,val,15,15
3,8,1,6,1,3,0.375,4,8,89,,512,54,0,54,1,3,1,1,1,1,0.3333333333333333,1,3,55,,val,11,11
5,12,3,7,2,4,0.3333333333333333,7,12,146,,513,62,0,62,2,2,1,2,1,1,0.5,2,2,62,,val,21,21
2,4,2,2,2,2,0.5,2,4,96,,514,49,0,49,2,2,2,2,1,2,1.0,2,2,49,,val,9,9
2,6,2,2,1,2,0.3333333333333333,2,6,67,,515,50,5,51,1,4,1,1,1,1,0.25,1,4,53,,val,11,11
4,4,4,4,2,3,0.75,4,4,73,,516,31,0,35,3,3,1,3,1,2,0.6666666666666666,3,3,35,,val,4,4
1,1,1,1,1,1,1.0,1,1,48,,517,48,0,48,1,1,1,1,1,1,1.0,1,1,48,,val,4,4
5,11,2,8,2,5,0.45454545454545453,7,11,129,,518,60,0,63,2,6,1,2,1,1,0.16666666666666666,2,6,64,,val,19,19
4,5,3,4,2,3,0.6,3,5,84,,519,42,0,45,2,4,2,3,1,2,0.5,2,4,45,,val,5,5
2,3,2,2,1,2,0.6666666666666666,2,3,92,,520,57,0,58,2,3,2,2,1,2,0.6666666666666666,2,3,58,,val,4,4
2,2,2,2,1,2,1.0,2,2,82,,521,48,0,48,1,2,1,2,1,1,0.5,1,2,48,,val,4,4
1,4,1,3,1,1,0.25,2,4,65,,522,55,0,55,1,1,1,1,1,1,1.0,1,1,55,,val,7,7
1,1,1,1,1,1,1.0,1,1,41,,523,43,2,41,1,1,1,1,1,1,1.0,1,1,42,,val,2,2
17,42,11,26,6,14,0.3333333333333333,21,42,373,,524,48,0,73,3,8,2,5,1,2,0.25,4,8,74,,val,66,66
2,2,2,2,1,2,1.0,2,2,71,,525,47,0,47,2,2,2,2,1,2,1.0,2,2,47,,val,5,5
32,41,19,33,9,18,0.43902439024390244,24,41,677,,526,50,0,252,15,32,8,21,5,12,0.375,17,32,266,,val,45,45
11,15,9,11,4,7,0.4666666666666667,9,15,368,,527,64,0,168,5,11,4,6,2,4,0.36363636363636365,5,11,170,,val,18,18
3,3,2,3,1,2,0.6666666666666666,2,3,90,,528,53,0,53,2,3,2,2,1,2,0.6666666666666666,2,3,53,,val,3,3
9,10,7,9,3,6,0.6,7,10,219,,529,51,0,78,5,9,2,6,2,4,0.4444444444444444,5,9,80,,val,11,11
1,1,1,1,1,1,1.0,1,1,50,,530,50,0,50,1,1,1,1,1,1,1.0,1,1,50,,val,1,1
4,4,2,4,2,2,0.5,3,4,98,,531,45,0,45,2,2,1,2,1,1,0.5,2,2,45,,val,5,5
5,9,3,7,2,3,0.3333333333333333,5,9,118,,532,48,0,52,2,5,1,2,1,2,0.4,3,5,54,,val,16,16
1,1,1,1,1,1,1.0,1,1,52,,533,52,0,52,1,1,1,1,1,1,1.0,1,1,52,,val,1,1
4,6,3,6,2,4,0.6666666666666666,4,6,73,,534,42,0,45,2,5,2,3,1,2,0.4,3,5,45,,val,8,8
19,29,13,24,6,12,0.41379310344827586,16,29,469,,535,53,0,80,2,5,2,5,1,2,0.4,3,5,80,,val,34,34
13,20,9,15,4,9,0.45,11,20,290,,536,50,5,94,5,15,2,7,2,5,0.3333333333333333,8,15,99,,val,25,25
1,1,1,1,1,1,1.0,1,1,48,,537,48,0,48,1,1,1,1,1,1,1.0,1,1,48,,val,2,2
10,11,4,11,3,6,0.5454545454545454,8,11,171,,538,50,1,54,1,5,1,2,1,1,0.2,2,5,54,,val,14,14
2,4,2,3,1,2,0.5,2,4,90,,539,51,0,51,1,3,1,2,1,1,0.3333333333333333,2,3,51,,val,7,7
2,4,1,3,1,1,0.25,2,4,57,,540,48,0,50,1,4,1,1,1,1,0.25,1,4,51,,val,5,5
4,6,3,4,2,3,0.5,3,6,91,,541,39,0,39,3,3,2,3,2,3,1.0,3,3,39,,val,12,12
9,13,3,10,2,6,0.46153846153846156,8,13,157,,542,49,1,56,3,6,1,3,1,2,0.3333333333333333,3,6,56,,val,18,18
2,2,2,2,1,2,1.0,2,2,85,,543,66,0,65,2,2,2,2,1,2,1.0,2,2,66,,val,2,2
5,6,3,6,2,4,0.6666666666666666,5,6,113,,544,49,0,55,2,4,1,4,1,2,0.5,3,4,55,,val,10,10
7,13,5,9,2,5,0.38461538461538464,7,13,197,,545,53,0,53,1,4,1,3,1,2,0.5,3,4,53,,val,19,19
5,6,5,5,2,4,0.6666666666666666,5,6,133,,546,55,0,66,4,5,2,4,2,3,0.6,4,5,67,,val,6,6
3,3,3,3,1,3,1.0,3,3,95,,547,52,0,58,1,3,1,3,1,1,0.3333333333333333,2,3,58,,val,3,3
13,15,9,15,4,8,0.5333333333333333,9,15,419,,548,57,0,116,4,8,3,5,2,3,0.375,4,8,117,,val,25,25
8,11,4,9,3,6,0.5454545454545454,7,11,131,,549,47,0,54,2,6,1,3,1,2,0.3333333333333333,3,6,54,,val,16,16
15,23,13,20,6,11,0.4782608695652174,14,23,368,,550,51,0,66,2,7,1,3,1,2,0.2857142857142857,4,7,66,,val,29,29
9,18,6,11,3,6,0.3333333333333333,9,18,214,,551,53,0,68,1,6,1,5,1,2,0.3333333333333333,4,6,68,,val,24,24
1,1,1,1,1,1,1.0,1,1,49,,552,49,0,49,1,1,1,1,1,1,1.0,1,1,49,,val,1,1
4,12,1,9,2,5,0.4166666666666667,7,12,118,,553,59,0,59,1,2,1,1,1,1,0.5,1,2,59,,val,17,17
2,4,2,2,1,2,0.5,2,4,69,,554,52,0,53,2,3,2,2,1,2,0.6666666666666666,2,3,53,,val,4,4
2,2,2,2,1,2,1.0,2,2,90,,555,47,0,47,2,2,2,2,1,2,1.0,2,2,47,,val,4,4
9,12,4,12,2,6,0.5,9,12,114,,556,34,0,35,3,4,1,3,1,2,0.5,3,4,35,,val,16,16
2,3,2,3,1,2,0.6666666666666666,2,3,90,,557,52,2,51,2,3,1,2,1,2,0.6666666666666666,2,3,52,,val,3,3
3,4,1,4,1,2,0.5,3,4,62,,558,46,0,45,1,2,1,1,1,1,0.5,1,2,46,,val,7,7
3,4,3,3,1,2,0.5,3,4,105,,559,54,0,62,3,3,2,3,1,2,0.6666666666666666,3,3,62,,val,6,6
2,2,2,2,1,2,1.0,2,2,73,,560,55,0,55,2,2,1,2,1,2,1.0,2,2,55,,val,3,3
2,2,2,2,1,2,1.0,2,2,91,,561,53,0,52,2,2,2,2,1,2,1.0,2,2,53,,val,2,2
4,6,2,4,2,2,0.3333333333333333,3,6,120,,562,57,0,59,2,5,2,2,1,2,0.4,2,5,60,,val,12,12
2,4,2,3,1,2,0.5,2,4,76,,563,58,0,58,2,4,1,3,1,2,0.5,2,4,59,,val,4,4
2,2,1,2,1,1,0.5,2,2,53,,564,47,0,45,2,2,1,2,1,1,0.5,2,2,47,,val,2,2
2,3,2,3,1,2,0.6666666666666666,2,3,87,,565,50,0,50,2,2,2,2,1,2,1.0,2,2,50,,val,3,3
5,6,5,6,2,4,0.6666666666666666,5,6,174,,566,46,1,62,2,5,2,2,1,2,0.4,2,5,63,,val,8,8
15,23,13,16,5,11,0.4782608695652174,13,23,301,,567,41,2,120,9,20,4,13,4,8,0.4,12,20,127,,val,34,34
1,1,1,1,1,1,1.0,1,1,50,,568,50,0,50,1,1,1,1,1,1,1.0,1,1,50,,val,1,1
3,5,2,4,2,2,0.4,3,5,121,,569,57,1,64,2,3,1,3,1,1,0.3333333333333333,2,3,64,,val,5,5
3,3,3,3,2,2,0.6666666666666666,3,3,128,,570,57,9,76,3,5,3,3,1,3,0.6,3,5,81,,val,5,5
3,3,3,3,2,3,1.0,3,3,79,,571,52,0,52,3,3,1,3,1,2,0.6666666666666666,3,3,52,,val,3,3
5,10,3,5,2,3,0.3,4,10,147,,572,50,1,58,2,7,2,4,2,2,0.2857142857142857,4,7,61,,val,16,16
1,1,1,1,1,1,1.0,1,1,52,,573,53,0,52,1,1,1,1,1,1,1.0,1,1,53,,val,1,1
1,1,1,1,1,1,1.0,1,1,47,,574,47,0,47,1,1,1,1,1,1,1.0,1,1,47,,val,1,1
1,2,1,1,1,1,0.5,1,2,46,,575,44,0,44,1,1,1,1,1,1,1.0,1,1,44,,val,3,3
2,3,1,3,1,1,0.3333333333333333,2,3,64,,576,54,0,54,1,2,1,1,1,1,0.5,1,2,54,,val,3,3
2,2,1,2,1,1,0.5,2,2,55,,577,49,0,49,1,1,1,1,1,1,1.0,1,1,49,,val,2,2
22,37,12,26,6,14,0.3783783783783784,19,37,475,,578,51,3,140,5,22,3,11,2,6,0.2727272727272727,10,22,149,,val,53,53
7,18,4,9,3,5,0.2777777777777778,8,18,180,,579,45,0,57,2,4,1,3,1,2,0.5,2,4,57,,val,26,26
4,6,2,5,2,2,0.3333333333333333,3,6,113,,580,49,0,50,2,3,1,2,1,2,0.6666666666666666,2,3,50,,val,10,10
12,17,8,13,4,7,0.4117647058823529,10,17,300,,581,52,0,57,2,6,2,2,1,2,0.3333333333333333,2,6,57,,val,20,20
18,30,10,23,6,13,0.43333333333333335,18,30,355,,582,58,0,93,4,16,2,4,2,4,0.25,9,16,93,,val,39,39
1,3,1,1,1,1,0.3333333333333333,1,3,55,,583,53,0,53,1,1,1,1,1,1,1.0,1,1,53,,val,5,5
3,4,2,4,1,2,0.5,3,4,58,,584,40,0,40,2,4,1,4,1,2,0.5,3,4,40,,val,4,4
12,23,10,15,5,9,0.391304347826087,12,23,241,,585,43,2,98,6,15,3,9,3,6,0.4,8,15,102,,val,41,41
4,6,3,4,2,3,0.5,3,6,115,,586,51,0,56,2,5,1,2,1,1,0.2,2,5,58,,val,9,9
5,6,5,6,2,4,0.6666666666666666,5,6,112,,587,48,0,48,2,3,2,2,1,2,0.6666666666666666,2,3,49,,val,11,11
5,16,4,9,2,4,0.25,7,16,151,,588,50,0,65,3,4,3,3,1,3,0.75,3,4,66,,val,27,27
7,11,3,9,2,5,0.45454545454545453,7,11,134,,589,48,3,48,1,3,1,2,1,1,0.3333333333333333,2,3,49,,val,17,17
10,14,7,13,3,7,0.5,9,14,158,,590,35,0,40,3,3,1,3,1,2,0.6666666666666666,3,3,40,,val,23,23
1,1,1,1,1,1,1.0,1,1,53,,591,53,0,53,1,1,1,1,1,1,1.0,1,1,53,,val,1,1
3,11,2,5,1,3,0.2727272727272727,5,11,104,,592,54,0,57,1,5,1,2,1,1,0.2,2,5,57,,val,18,18
3,5,3,4,2,3,0.6,3,5,108,,593,55,2,57,2,5,2,3,1,2,0.4,3,5,59,,val,7,7
1,1,1,1,1,1,1.0,1,1,50,,594,50,0,50,1,1,1,1,1,1,1.0,1,1,50,,val,1,1
12,22,8,19,4,10,0.45454545454545453,13,22,286,,595,56,2,66,2,9,2,3,1,2,0.2222222222222222,3,9,70,,val,24,24
1,2,1,2,1,1,0.5,1,2,44,,596,41,0,41,1,1,1,1,1,1,1.0,1,1,41,,val,6,6
1,2,1,1,1,1,0.5,1,2,51,,597,50,0,50,1,1,1,1,1,1,1.0,1,1,50,,val,2,2
3,6,3,5,2,3,0.5,3,6,113,,598,51,0,53,2,5,2,2,1,2,0.4,2,5,54,,val,11,11
14,29,6,18,4,11,0.3793103448275862,15,29,261,,599,41,0,69,4,12,2,4,1,4,0.3333333333333333,5,12,71,,val,47,47
6,12,3,6,2,4,0.3333333333333333,6,12,112,,600,43,0,45,2,6,2,4,2,2,0.3333333333333333,4,6,45,,val,17,17
4,6,3,5,2,3,0.5,3,6,151,,601,53,0,56,2,5,1,2,1,2,0.4,2,5,56,,val,8,8
8,14,6,10,3,6,0.42857142857142855,7,14,226,,602,54,1,81,4,6,3,4,2,3,0.5,3,6,81,,val,18,18
5,7,3,6,2,3,0.42857142857142855,4,7,135,,603,57,0,57,2,2,1,2,1,1,0.5,2,2,57,,val,10,10
1,1,1,1,1,1,1.0,1,1,50,,604,50,0,50,1,1,1,1,1,1,1.0,1,1,50,,val,1,1
3,5,3,3,2,2,0.4,3,5,103,,605,55,0,58,2,3,2,3,1,2,0.6666666666666666,2,3,58,,val,6,6
3,3,3,3,2,2,0.6666666666666666,3,3,91,,606,53,0,53,3,4,2,3,1,2,0.5,3,4,54,,val,5,5
1,1,1,1,1,1,1.0,1,1,53,,607,53,0,53,1,1,1,1,1,1,1.0,1,1,53,,val,1,1
3,4,2,4,1,2,0.5,3,4,66,,608,47,0,48,3,5,1,3,1,2,0.4,3,5,50,,val,6,6
1,1,1,1,1,1,1.0,1,1,51,,609,51,0,51,1,1,1,1,1,1,1.0,1,1,51,,val,2,2
1,3,1,1,1,1,0.3333333333333333,1,3,55,,610,54,1,52,1,2,1,1,1,1,0.5,1,2,55,,val,6,6
3,3,3,3,2,3,1.0,3,3,64,,611,52,0,52,3,3,2,3,2,3,1.0,3,3,52,,val,5,5
5,7,3,6,2,3,0.42857142857142855,4,7,118,,612,52,0,55,1,2,1,2,1,1,0.5,1,2,55,,val,8,8
1,4,1,2,1,1,0.25,2,4,62,,613,55,0,56,1,4,1,1,1,1,0.25,1,4,57,,val,7,7
2,2,2,2,1,2,1.0,2,2,88,,614,51,0,51,2,2,2,2,1,2,1.0,2,2,51,,val,3,3
4,4,3,4,2,3,0.75,4,4,110,,615,49,0,48,3,4,1,4,1,2,0.5,3,4,49,,val,13,13
1,1,1,1,1,1,1.0,1,1,52,,616,52,0,52,1,1,1,1,1,1,1.0,1,1,52,,val,2,2
1,2,1,1,1,1,0.5,1,2,57,,617,57,0,56,1,1,1,1,1,1,1.0,1,1,57,,val,2,2
6,13,3,8,2,4,0.3076923076923077,7,13,125,,618,46,1,56,2,8,1,4,1,3,0.375,5,8,58,,val,24,24
5,7,4,5,2,4,0.5714285714285714,4,7,185,,619,65,1,71,2,4,1,2,1,1,0.25,2,4,71,,val,14,14
16,36,6,20,4,12,0.3333333333333333,18,36,298,,620,45,0,74,3,11,2,6,2,3,0.2727272727272727,6,11,77,,val,49,49
2,3,2,2,1,2,0.6666666666666666,2,3,94,,621,58,0,58,2,2,1,2,1,2,1.0,2,2,58,,val,4,4
13,22,7,18,5,10,0.45454545454545453,13,22,168,,622,35,1,43,2,6,1,4,1,2,0.3333333333333333,3,6,43,,val,29,29
16,18,12,18,5,9,0.5,12,18,125,,623,16,0,29,4,8,3,8,2,4,0.5,6,8,29,,val,31,31
9,19,7,10,3,7,0.3684210526315789,8,19,230,,624,47,0,54,2,7,1,4,1,3,0.42857142857142855,4,7,54,,val,33,33
1,1,1,1,1,1,1.0,1,1,52,,625,52,0,52,1,1,1,1,1,1,1.0,1,1,52,,val,2,2
6,6,2,6,2,4,0.6666666666666666,5,6,90,,626,48,0,45,3,5,2,4,1,2,0.4,3,5,50,,val,7,7
3,5,2,3,2,2,0.4,2,5,86,,627,44,0,44,3,5,2,3,2,2,0.4,3,5,45,,val,8,8
2,3,1,3,1,1,0.3333333333333333,2,3,67,,628,54,0,53,1,3,1,2,1,1,0.3333333333333333,1,3,55,,val,4,4
2,3,1,3,1,1,0.3333333333333333,2,3,58,,629,48,0,51,1,2,1,2,1,1,0.5,1,2,51,,val,7,7
5,7,3,5,2,3,0.42857142857142855,4,7,124,,630,47,0,53,2,6,1,3,1,2,0.3333333333333333,3,6,54,,val,13,13
36,59,24,41,10,23,0.3898305084745763,31,59,761,,631,48,0,137,5,13,4,7,2,4,0.3076923076923077,6,13,137,,val,78,78
11,22,4,18,4,9,0.4090909090909091,14,22,200,,632,45,0,51,1,7,1,1,1,1,0.14285714285714285,2,7,51,,val,30,30
2,5,1,3,1,2,0.4,3,5,36,,633,27,0,27,1,1,1,1,1,1,1.0,1,1,27,,val,6,6
3,3,2,3,1,2,0.6666666666666666,3,3,71,,634,47,0,47,2,3,2,2,1,2,0.6666666666666666,2,3,47,,val,5,5
2,4,1,3,1,1,0.25,2,4,45,,635,38,0,39,1,2,1,1,1,1,0.5,1,2,39,,val,5,5
16,32,10,24,6,11,0.34375,16,32,432,,636,56,2,157,7,22,4,9,3,6,0.2727272727272727,11,22,162,,val,42,42
5,6,4,5,2,3,0.5,4,6,121,,637,54,0,54,2,2,2,2,1,2,1.0,2,2,54,,val,9,9
34,64,20,45,10,22,0.34375,32,64,746,,638,46,2,283,15,43,8,17,5,13,0.3023255813953488,20,43,286,,val,89,89
21,29,12,21,6,13,0.4482758620689655,17,29,363,,639,48,3,56,1,12,1,1,1,1,0.08333333333333333,7,12,59,,val,37,37
1,1,1,1,1,1,1.0,1,1,55,,640,55,0,55,1,1,1,1,1,1,1.0,1,1,55,,val,1,1
3,6,1,4,1,2,0.3333333333333333,3,6,67,,641,49,0,49,1,2,1,1,1,1,0.5,1,2,49,,val,10,10
2,2,1,2,1,1,0.5,1,2,50,,642,46,0,46,1,2,1,1,1,1,0.5,1,2,46,,val,2,2
1,1,1,1,1,1,1.0,1,1,42,,643,43,0,42,1,1,1,1,1,1,1.0,1,1,43,,val,1,1
2,2,2,2,1,2,1.0,2,2,64,,644,50,0,50,2,2,2,2,1,2,1.0,2,2,50,,val,4,4
1,1,1,1,1,1,1.0,1,1,56,,645,56,0,56,1,1,1,1,1,1,1.0,1,1,56,,val,1,1
2,2,2,2,1,2,1.0,2,2,74,,646,49,0,48,2,2,2,2,1,2,1.0,2,2,49,,val,2,2
1,3,1,2,1,1,0.3333333333333333,1,3,54,,647,51,0,51,1,3,1,2,1,1,0.3333333333333333,1,3,53,,val,4,4
7,9,2,8,2,5,0.5555555555555556,7,9,89,,648,46,0,47,2,4,2,2,1,2,0.5,2,4,49,,val,17,17
1,1,1,1,1,1,1.0,1,1,52,,649,52,0,52,1,1,1,1,1,1,1.0,1,1,52,,val,3,3
7,16,4,11,3,7,0.4375,10,16,123,,650,42,0,57,2,9,1,4,1,3,0.3333333333333333,5,9,57,,val,26,26
2,3,2,2,1,2,0.6666666666666666,2,3,61,,651,47,0,47,2,2,1,2,1,2,1.0,2,2,47,,val,6,6
2,5,2,3,1,2,0.4,2,5,94,,652,62,0,62,2,5,2,2,1,2,0.4,2,5,65,,val,8,8
1,1,1,1,1,1,1.0,1,1,45,,653,47,0,45,1,2,1,1,1,1,0.5,1,2,47,,val,2,2
9,15,8,11,3,6,0.4,8,15,353,,654,68,0,105,3,7,3,5,2,3,0.42857142857142855,4,7,105,,val,21,21
6,9,6,7,3,5,0.5555555555555556,6,9,230,,655,69,3,80,3,7,2,4,1,3,0.42857142857142855,4,7,84,,val,19,19
10,13,5,10,3,5,0.38461538461538464,8,13,156,,656,33,4,56,4,16,1,12,2,8,0.5,11,16,65,,val,18,18
22,52,12,33,7,19,0.36538461538461536,28,52,440,,657,43,1,148,7,19,4,11,3,6,0.3157894736842105,10,19,148,,val,80,80
1,1,1,1,1,1,1.0,1,1,54,,658,54,0,54,1,1,1,1,1,1,1.0,1,1,54,,val,2,2
16,29,11,17,5,11,0.3793103448275862,15,29,405,,659,64,0,74,2,7,1,4,1,2,0.2857142857142857,4,7,74,,val,48,48
3,6,3,3,2,2,0.3333333333333333,3,6,70,,660,31,0,31,2,2,2,2,1,2,1.0,2,2,31,,val,12,12
1,1,1,1,1,1,1.0,1,1,56,,661,56,0,56,1,1,1,1,1,1,1.0,1,1,56,,val,1,1
14,20,9,16,4,9,0.45,12,20,286,,662,49,1,74,4,13,1,7,1,5,0.38461538461538464,8,13,78,,val,31,31
5,7,3,6,2,3,0.42857142857142855,5,7,107,,663,48,0,48,1,3,1,1,1,1,0.3333333333333333,1,3,48,,val,9,9
3,7,3,4,2,3,0.42857142857142855,3,7,128,,664,55,6,57,3,5,2,3,2,2,0.4,3,5,58,,val,9,9
16,30,13,19,5,11,0.36666666666666664,14,30,385,,665,44,1,127,5,13,4,7,2,4,0.3076923076923077,6,13,127,,val,45,45
3,4,3,4,2,2,0.5,3,4,107,,666,49,0,49,2,2,2,2,1,2,1.0,2,2,49,,val,8,8
5,11,3,7,2,4,0.36363636363636365,6,11,108,,667,50,0,50,1,2,1,1,1,1,0.5,1,2,50,,val,14,14
1,2,1,1,1,1,0.5,1,2,56,,668,55,0,56,1,2,1,1,1,1,0.5,1,2,56,,val,3,3
1,1,1,1,1,1,1.0,1,1,58,,669,58,0,58,1,1,1,1,1,1,1.0,1,1,58,,val,1,1
2,3,2,2,1,2,0.6666666666666666,2,3,68,,670,53,0,53,1,1,1,1,1,1,1.0,1,1,53,,val,5,5
11,16,7,13,3,7,0.4375,9,16,269,,671,54,1,61,1,7,1,1,1,1,0.14285714285714285,2,7,61,,val,17,17
2,5,2,2,1,2,0.4,2,5,70,,672,53,3,54,1,5,1,1,1,1,0.2,1,5,57,,val,7,7
16,23,11,19,5,11,0.4782608695652174,14,23,234,,673,36,1,53,2,9,1,7,1,3,0.3333333333333333,6,9,54,,val,35,35
1,4,1,3,1,1,0.25,2,4,63,,674,53,0,53,1,1,1,1,1,1,1.0,1,1,53,,val,12,12
3,4,3,4,1,3,0.75,3,4,56,,675,31,0,31,1,2,1,2,1,1,0.5,1,2,31,,val,6,6
1,1,1,1,1,1,1.0,1,1,40,,676,41,0,40,1,1,1,1,1,1,1.0,1,1,41,,val,1,1
6,11,4,7,3,4,0.36363636363636365,5,11,167,,677,45,0,50,4,4,2,4,1,3,0.75,3,4,50,,val,19,19
7,14,3,7,2,5,0.35714285714285715,7,14,110,,678,43,0,46,1,5,1,1,1,1,0.2,1,5,46,,val,19,19
3,6,3,4,2,2,0.3333333333333333,3,6,183,,679,84,0,90,2,5,2,2,1,2,0.4,2,5,91,,val,7,7
1,4,1,1,1,1,0.25,1,4,50,,680,46,0,46,1,2,1,1,1,1,0.5,1,2,46,,val,5,5
20,47,13,28,7,16,0.3404255319148936,22,47,601,,681,63,0,168,4,19,4,6,3,4,0.21052631578947367,9,19,175,,val,67,67
1,2,1,1,1,1,0.5,1,2,52,,682,50,0,50,1,1,1,1,1,1,1.0,1,1,50,,val,2,2
3,3,2,3,1,2,0.6666666666666666,3,3,76,,683,51,0,53,2,3,2,2,1,2,0.6666666666666666,2,3,53,,val,5,5
1,2,1,1,1,1,0.5,1,2,55,,684,55,0,55,1,2,1,1,1,1,0.5,1,2,56,,val,4,4
2,2,2,2,1,2,1.0,2,2,72,,685,54,0,53,2,2,2,2,1,2,1.0,2,2,54,,val,2,2
3,3,3,3,2,3,1.0,3,3,69,,686,48,0,48,3,3,2,3,2,3,1.0,3,3,48,,val,4,4
1,3,1,2,1,1,0.3333333333333333,1,3,50,,687,47,0,47,1,3,1,1,1,1,0.3333333333333333,1,3,47,,val,3,3
2,2,2,2,1,2,1.0,2,2,88,,688,53,0,53,2,2,2,2,1,2,1.0,2,2,53,,val,3,3
29,38,17,32,8,17,0.4473684210526316,23,38,383,,689,29,4,121,11,20,4,15,3,8,0.4,12,20,123,,val,53,53
1,1,1,1,1,1,1.0,1,1,62,,690,63,0,62,1,1,1,1,1,1,1.0,1,1,63,,val,1,1
5,8,4,6,3,4,0.5,5,8,97,,691,36,0,36,2,3,2,3,2,2,0.6666666666666666,2,3,36,,val,12,12
15,29,9,20,5,11,0.3793103448275862,15,29,333,,692,50,0,69,3,9,1,3,1,3,0.3333333333333333,5,9,69,,val,40,40
6,14,4,13,3,4,0.2857142857142857,7,14,168,,693,40,1,48,2,6,2,4,1,2,0.3333333333333333,3,6,49,,val,24,24
2,4,1,3,1,1,0.25,2,4,58,,694,50,0,50,1,3,1,2,1,1,0.3333333333333333,1,3,50,,val,4,4
4,5,3,4,2,3,0.6,3,5,127,,695,52,0,70,3,5,2,3,1,2,0.4,3,5,72,,val,7,7
3,4,2,4,1,2,0.5,3,4,75,,696,52,0,54,2,3,2,2,1,2,0.6666666666666666,2,3,54,,val,5,5
5,13,1,6,1,5,0.38461538461538464,7,13,84,,697,47,2,48,1,5,1,2,1,1,0.2,2,5,49,,val,19,19
20,30,15,25,6,13,0.43333333333333335,17,30,612,,698,60,0,163,7,15,3,9,3,6,0.4,8,15,164,,val,38,38
2,3,1,2,1,1,0.3333333333333333,2,3,56,,699,49,0,49,1,1,1,1,1,1,1.0,1,1,49,,val,5,5
8,12,5,11,3,6,0.5,7,12,182,,700,52,0,60,1,6,1,2,1,1,0.16666666666666666,2,6,60,,val,24,24
2,2,1,2,1,1,0.5,1,2,53,,701,48,0,49,1,2,1,1,1,1,0.5,1,2,49,,val,4,4
10,12,7,10,3,6,0.5,7,12,226,,702,47,0,71,4,5,2,5,1,2,0.4,4,5,71,,val,22,22
1,6,1,4,1,2,0.3333333333333333,3,6,71,,703,55,0,55,1,2,1,1,1,1,0.5,1,2,55,,val,10,10
2,3,2,2,1,2,0.6666666666666666,2,3,82,,704,50,0,49,2,4,1,2,1,2,0.5,2,4,51,,val,5,5
2,3,2,2,1,2,0.6666666666666666,2,3,65,,705,45,0,45,2,2,1,2,1,1,0.5,2,2,45,,val,4,4
7,11,5,8,3,5,0.45454545454545453,6,11,130,,706,44,0,51,1,7,1,3,1,2,0.2857142857142857,3,7,51,,val,13,13
9,15,6,10,3,7,0.4666666666666667,9,15,159,,707,48,0,49,1,4,1,1,1,1,0.25,1,4,51,,val,26,26
2,4,2,4,1,2,0.5,2,4,82,,708,46,0,46,2,3,2,2,1,2,0.6666666666666666,2,3,46,,val,7,7
10,18,8,14,5,8,0.4444444444444444,10,18,232,,709,52,0,74,6,9,3,7,3,5,0.5555555555555556,6,9,77,,val,21,21
6,9,4,6,2,4,0.4444444444444444,5,9,110,,710,44,2,58,3,9,2,4,1,3,0.3333333333333333,4,9,61,,val,19,19
3,4,2,3,2,2,0.5,2,4,112,,711,58,0,58,2,4,2,2,2,2,0.5,2,4,59,,val,6,6
1,1,1,1,1,1,1.0,1,1,39,,712,39,0,39,1,1,1,1,1,1,1.0,1,1,39,,val,1,1
4,9,2,4,1,3,0.3333333333333333,4,9,103,,713,57,0,57,1,2,1,1,1,1,0.5,1,2,58,,val,9,9
6,12,2,8,2,5,0.4166666666666667,7,12,100,,714,44,0,45,1,2,1,1,1,1,0.5,1,2,45,,val,24,24
2,2,1,2,1,1,0.5,2,2,48,,715,47,0,47,2,2,1,2,1,1,0.5,2,2,47,,val,2,2
5,12,2,9,2,4,0.3333333333333333,6,12,137,,716,54,0,54,1,2,1,2,1,1,0.5,1,2,54,,val,22,22
6,8,4,7,2,4,0.5,5,8,142,,717,47,0,54,4,5,1,4,1,3,0.6,4,5,54,,val,10,10
15,20,9,18,5,10,0.5,13,20,379,,718,56,0,117,4,12,3,7,2,4,0.3333333333333333,6,12,118,,val,26,26
1,2,1,1,1,1,0.5,1,2,55,,719,54,0,55,1,2,1,1,1,1,0.5,1,2,55,,val,7,7
2,2,2,2,1,2,1.0,2,2,81,,720,49,0,49,2,2,2,2,1,2,1.0,2,2,49,,val,3,3
5,8,4,5,2,4,0.5,5,8,141,,721,62,0,65,1,3,1,1,1,1,0.3333333333333333,1,3,65,,val,14,14
2,4,2,3,1,2,0.5,2,4,68,,722,52,0,52,2,2,2,2,1,2,1.0,2,2,52,,val,6,6
1,1,1,1,1,1,1.0,1,1,49,,723,49,0,49,1,1,1,1,1,1,1.0,1,1,49,,val,1,1
2,2,2,2,1,2,1.0,2,2,73,,724,47,0,47,1,2,1,1,1,1,0.5,1,2,47,,val,2,2
8,14,7,10,3,5,0.35714285714285715,7,14,263,,725,54,0,99,3,9,3,6,2,3,0.3333333333333333,4,9,100,,val,18,18
2,3,2,2,1,2,0.6666666666666666,2,3,74,,726,54,0,54,2,3,1,2,1,2,0.6666666666666666,2,3,54,,val,3,3
1,2,1,1,1,1,0.5,1,2,47,,727,46,0,46,1,2,1,1,1,1,0.5,1,2,46,,val,5,5
1,2,1,1,1,1,0.5,1,2,44,,728,43,0,43,1,1,1,1,1,1,1.0,1,1,43,,val,2,2
5,9,3,7,2,4,0.4444444444444444,6,9,73,,729,33,0,34,1,3,1,1,1,1,0.3333333333333333,1,3,34,,val,16,16
2,2,2,2,1,2,1.0,2,2,52,,730,47,0,47,2,2,2,2,1,2,1.0,2,2,47,,val,2,2
5,11,3,6,2,4,0.36363636363636365,5,11,110,,731,43,1,51,1,6,1,2,1,2,0.3333333333333333,4,6,52,,val,22,22
3,3,1,3,1,2,0.6666666666666666,3,3,68,,732,49,0,49,2,2,1,2,1,1,0.5,2,2,49,,val,3,3
23,41,13,32,8,18,0.43902439024390244,24,41,294,,733,37,5,73,6,13,2,8,2,6,0.46153846153846156,8,13,74,,val,64,64
11,14,7,11,3,7,0.5,9,14,324,,734,58,0,79,4,9,2,4,2,3,0.3333333333333333,4,9,79,,val,18,18
3,4,2,3,1,2,0.5,3,4,82,,735,51,0,51,2,3,2,2,1,2,0.6666666666666666,2,3,51,,val,4,4
1,1,1,1,1,1,1.0,1,1,45,,736,45,0,45,1,1,1,1,1,1,1.0,1,1,45,,val,2,2
3,4,2,4,2,2,0.5,3,4,103,,737,54,0,58,2,3,1,3,1,2,0.6666666666666666,2,3,58,,val,4,4
7,10,4,8,2,5,0.5,6,10,191,,738,65,0,71,1,5,1,2,1,1,0.2,2,5,72,,val,16,16
1,1,1,1,1,1,1.0,1,1,56,,739,56,0,56,1,1,1,1,1,1,1.0,1,1,56,,val,5,5
7,11,2,10,2,6,0.5454545454545454,7,11,84,,740,35,0,36,1,2,1,1,1,1,0.5,1,2,36,,val,21,21
1,1,1,1,1,1,1.0,1,1,45,,741,45,0,45,1,1,1,1,1,1,1.0,1,1,45,,val,2,2
2,2,2,2,1,2,1.0,2,2,49,,742,39,0,39,1,2,1,2,1,1,0.5,1,2,39,,val,5,5
10,17,5,12,3,7,0.4117647058823529,9,17,209,,743,54,1,66,4,10,2,6,2,5,0.5,6,10,68,,val,17,17
24,50,9,32,7,20,0.4,28,50,403,,744,44,0,53,1,7,1,1,1,1,0.14285714285714285,3,7,53,,val,73,73
2,6,2,3,1,2,0.3333333333333333,3,6,65,,745,50,0,50,2,3,2,2,1,2,0.6666666666666666,2,3,51,,val,7,7
2,3,2,3,1,2,0.6666666666666666,2,3,56,,746,52,0,53,2,3,2,2,1,2,0.6666666666666666,2,3,53,,val,6,6
1,3,1,2,1,1,0.3333333333333333,1,3,47,,747,44,0,44,1,2,1,1,1,1,0.5,1,2,44,,val,7,7
16,26,11,21,5,11,0.4230769230769231,15,26,386,,748,53,0,58,3,7,2,3,2,2,0.2857142857142857,3,7,58,,val,30,30
2,2,1,2,1,1,0.5,2,2,50,,749,44,0,44,1,1,1,1,1,1,1.0,1,1,44,,val,3,3
5,6,2,6,2,3,0.5,5,6,84,,750,46,0,47,3,5,1,5,1,3,0.6,4,5,48,,val,6,6
3,3,3,3,2,2,0.6666666666666666,3,3,107,,751,55,0,76,3,3,2,3,1,2,0.6666666666666666,3,3,76,,val,5,5
15,18,11,17,5,10,0.5555555555555556,13,18,268,,752,46,0,58,3,7,2,5,2,3,0.42857142857142855,5,7,58,,val,22,22
2,2,2,2,1,2,1.0,2,2,54,,753,53,0,53,2,2,2,2,1,2,1.0,2,2,53,,val,6,6
16,37,9,24,6,14,0.3783783783783784,20,37,408,,754,62,1,79,2,11,2,3,2,4,0.36363636363636365,7,11,79,,val,52,52
1,1,1,1,1,1,1.0,1,1,48,,755,49,0,48,1,1,1,1,1,1,1.0,1,1,49,,val,1,1
3,4,2,3,1,2,0.5,2,4,97,,756,57,0,58,2,4,2,3,2,2,0.5,2,4,61,,val,4,4
3,7,1,5,1,3,0.42857142857142855,4,7,80,,757,50,1,52,1,2,1,1,1,1,0.5,1,2,52,,val,11,11
4,4,4,4,2,3,0.75,4,4,138,,758,56,0,56,2,2,2,2,1,2,1.0,2,2,56,,val,7,7
1,2,1,1,1,1,0.5,1,2,68,,759,66,4,67,1,2,1,1,1,1,0.5,1,2,68,,val,2,2
3,4,2,3,1,2,0.5,3,4,58,,760,50,0,50,2,2,2,2,1,2,1.0,2,2,50,,val,5,5
1,2,1,1,1,1,0.5,1,2,48,,761,48,0,46,1,1,1,1,1,1,1.0,1,1,48,,val,6,6
12,19,4,15,3,8,0.42105263157894735,11,19,220,,762,53,0,62,2,11,1,4,1,3,0.2727272727272727,6,11,65,,val,38,38
2,2,1,2,1,1,0.5,2,2,67,,763,56,0,56,1,2,1,1,1,1,0.5,1,2,56,,val,3,3
32,72,18,45,10,25,0.3472222222222222,37,72,656,,764,49,1,183,9,31,3,13,3,9,0.2903225806451613,15,31,184,,val,106,106
2,8,2,4,2,2,0.25,3,8,97,,765,48,0,48,2,3,2,2,1,2,0.6666666666666666,2,3,50,,val,11,11
1,3,1,2,1,1,0.3333333333333333,1,3,60,,766,56,0,57,1,2,1,1,1,1,0.5,1,2,57,,val,4,4
11,13,6,13,3,7,0.5384615384615384,9,13,249,,767,62,2,76,3,7,2,4,2,3,0.42857142857142855,4,7,77,,val,16,16
4,8,3,6,2,3,0.375,4,8,116,,768,48,0,53,3,5,1,3,1,2,0.4,3,5,54,,val,9,9
2,2,2,2,1,2,1.0,2,2,74,,769,56,0,56,2,2,1,2,1,1,0.5,2,2,56,,val,2,2
1,1,1,1,1,1,1.0,1,1,54,,770,54,0,54,1,1,1,1,1,1,1.0,1,1,54,,val,2,2
23,43,11,29,7,15,0.3488372093023256,22,43,440,,771,45,0,93,5,16,2,7,2,5,0.3125,8,16,93,,val,67,67
3,3,2,3,2,2,0.6666666666666666,3,3,77,,772,46,0,46,2,2,2,2,1,2,1.0,2,2,46,,val,5,5
7,12,6,8,3,5,0.4166666666666667,6,12,162,,773,46,3,60,4,10,4,4,3,4,0.4,5,10,65,,val,20,20
5,11,4,7,2,4,0.36363636363636365,5,11,180,,774,56,2,73,4,7,1,4,1,3,0.42857142857142855,4,7,77,,val,19,19
2,7,2,3,1,2,0.2857142857142857,3,7,89,,775,51,0,51,1,1,1,1,1,1,1.0,1,1,51,,val,13,13
3,6,2,5,1,2,0.3333333333333333,4,6,81,,776,44,1,44,1,2,1,1,1,1,0.5,1,2,44,,val,8,8
2,2,2,2,1,2,1.0,2,2,99,,777,64,0,64,2,2,2,2,1,2,1.0,2,2,64,,val,2,2
3,8,3,4,2,3,0.375,3,8,92,,778,52,0,53,3,7,2,3,2,3,0.42857142857142855,3,7,55,,val,9,9
1,1,1,1,1,1,1.0,1,1,51,,779,51,0,51,1,1,1,1,1,1,1.0,1,1,51,,val,1,1
4,9,3,5,2,3,0.3333333333333333,4,9,128,,780,50,0,57,2,3,1,2,1,1,0.3333333333333333,2,3,58,,val,14,14
2,3,2,3,1,2,0.6666666666666666,2,3,83,,781,53,0,53,2,3,1,2,1,1,0.3333333333333333,2,3,53,,val,3,3
40,53,26,53,11,23,0.4339622641509434,31,53,327,,782,19,1,109,16,27,8,27,5,11,0.4074074074074074,16,27,112,,val,104,104
9,19,5,11,3,6,0.3157894736842105,9,19,199,,783,54,0,54,1,1,1,1,1,1,1.0,1,1,54,,val,51,51
4,10,3,4,2,3,0.3,4,10,102,,784,45,0,48,2,7,1,2,1,2,0.2857142857142857,3,7,49,,val,16,16
3,5,3,3,2,3,0.6,3,5,130,,785,57,1,56,3,3,2,3,1,2,0.6666666666666666,3,3,57,,val,5,5
4,4,3,4,2,3,0.75,3,4,98,,786,47,0,47,3,3,3,3,2,3,1.0,3,3,47,,val,4,4
4,6,4,5,2,3,0.5,4,6,111,,787,50,1,60,4,4,2,4,2,3,0.75,4,4,61,,val,7,7
4,6,2,5,1,3,0.5,4,6,98,,788,55,1,57,2,5,2,2,1,2,0.4,2,5,59,,val,7,7
1,1,1,1,1,1,1.0,1,1,46,,789,47,2,46,1,1,1,1,1,1,1.0,1,1,47,,val,2,2
19,31,6,21,6,14,0.45161290322580644,18,31,252,,790,50,0,62,2,9,2,4,2,2,0.2222222222222222,4,9,62,,val,41,41
1,1,1,1,1,1,1.0,1,1,47,,791,48,0,47,1,1,1,1,1,1,1.0,1,1,48,,val,1,1
5,13,5,10,3,5,0.38461538461538464,7,13,154,,792,48,0,58,4,6,2,4,2,3,0.5,4,6,59,,val,19,19
1,2,1,1,1,1,0.5,1,2,51,,793,50,0,50,1,1,1,1,1,1,1.0,1,1,50,,val,2,2
9,10,7,9,3,6,0.6,8,10,172,,794,46,2,54,2,5,2,4,1,2,0.4,3,5,56,,val,12,12
3,3,2,3,2,2,0.6666666666666666,3,3,96,,795,48,0,48,1,3,1,3,1,1,0.3333333333333333,2,3,48,,val,4,4
1,4,1,1,1,1,0.25,1,4,48,,796,44,0,44,1,1,1,1,1,1,1.0,1,1,44,,val,10,10
2,6,2,5,1,2,0.3333333333333333,4,6,76,,797,52,0,54,1,3,1,1,1,1,0.3333333333333333,1,3,54,,val,8,8
1,1,1,1,1,1,1.0,1,1,43,,798,43,0,43,1,1,1,1,1,1,1.0,1,1,43,,val,1,1
16,22,10,18,5,10,0.45454545454545453,13,22,329,,799,49,4,92,3,16,1,9,2,7,0.4375,11,16,94,,val,29,29
1,1,1,1,1,1,1.0,1,1,49,,800,49,0,49,1,1,1,1,1,1,1.0,1,1,49,,val,1,1
3,7,2,4,1,2,0.2857142857142857,3,7,94,,801,55,0,55,1,1,1,1,1,1,1.0,1,1,55,,val,9,9
2,4,2,3,1,2,0.5,2,4,84,,802,54,0,55,2,3,1,2,1,1,0.3333333333333333,2,3,55,,val,5,5
7,11,5,8,2,5,0.45454545454545453,6,11,177,,803,52,0,54,1,3,1,1,1,1,0.3333333333333333,1,3,54,,val,12,12
7,9,4,8,3,5,0.5555555555555556,6,9,124,,804,46,0,47,3,4,2,3,1,2,0.5,3,4,47,,val,12,12
1,7,1,4,1,2,0.2857142857142857,4,7,70,,805,56,1,58,1,5,1,1,1,1,0.2,1,5,58,,val,9,9
2,4,2,2,1,2,0.5,2,4,67,,806,44,0,44,1,4,1,1,1,1,0.25,1,4,48,,val,5,5
2,2,2,2,1,2,1.0,2,2,64,,807,48,0,48,2,2,2,2,1,2,1.0,2,2,48,,val,2,2
13,24,5,19,4,10,0.4166666666666667,14,24,254,,808,47,0,63,2,9,1,2,1,2,0.2222222222222222,4,9,64,,val,37,37
13,17,7,14,4,8,0.47058823529411764,11,17,239,,809,49,0,66,3,5,1,5,1,3,0.6,4,5,66,,val,20,20
9,17,6,12,3,6,0.35294117647058826,9,17,149,,810,31,0,41,2,7,1,5,1,2,0.2857142857142857,4,7,42,,val,26,26
2,2,2,2,1,2,1.0,2,2,62,,811,39,0,39,2,2,2,2,1,2,1.0,2,2,39,,val,3,3
2,2,2,2,1,2,1.0,2,2,64,,812,49,0,49,2,2,2,2,1,2,1.0,2,2,49,,val,4,4
8,16,4,11,3,6,0.375,9,16,161,,813,47,0,47,2,4,2,2,1,2,0.5,2,4,49,,val,23,23
3,4,2,3,1,2,0.5,3,4,99,,814,53,0,53,1,2,1,2,1,1,0.5,1,2,53,,val,5,5
2,2,2,2,1,2,1.0,2,2,58,,815,44,0,43,2,2,2,2,1,2,1.0,2,2,44,,val,2,2
3,3,3,3,2,2,0.6666666666666666,3,3,94,,816,52,0,51,3,3,2,3,2,2,0.6666666666666666,3,3,52,,val,3,3
3,3,3,3,1,2,0.6666666666666666,3,3,76,,817,46,0,50,2,3,2,3,1,2,0.6666666666666666,2,3,50,,val,4,4
10,11,6,11,4,6,0.5454545454545454,8,11,100,,818,27,0,36,5,8,1,6,3,5,0.625,6,8,36,,val,22,22
8,12,4,8,3,5,0.4166666666666667,7,12,287,,819,75,4,94,4,7,2,4,2,3,0.42857142857142855,4,7,95,,val,14,14
2,2,1,2,1,1,0.5,2,2,58,,820,51,0,51,1,1,1,1,1,1,1.0,1,1,51,,val,2,2
2,3,2,2,1,2,0.6666666666666666,2,3,98,,821,50,0,66,2,2,2,2,1,2,1.0,2,2,66,,val,5,5
1,2,1,2,1,1,0.5,1,2,50,,822,49,2,48,1,2,1,1,1,1,0.5,1,2,49,,val,3,3
2,2,2,2,1,2,1.0,2,2,56,,823,39,0,39,2,2,2,2,1,2,1.0,2,2,39,,val,2,2
2,4,1,4,1,2,0.5,3,4,57,,824,44,0,44,1,1,1,1,1,1,1.0,1,1,44,,val,7,7
3,4,3,4,1,2,0.5,3,4,81,,825,46,0,46,1,1,1,1,1,1,1.0,1,1,46,,val,6,6
11,15,5,14,3,8,0.5333333333333333,11,15,173,,826,43,0,63,3,6,2,3,2,3,0.5,3,6,64,,val,22,22
5,5,3,5,2,3,0.6,4,5,104,,827,47,0,54,3,4,2,4,1,2,0.5,3,4,55,,val,6,6
4,5,3,4,2,3,0.6,4,5,107,,828,57,2,62,2,4,2,2,1,2,0.5,2,4,62,,val,8,8
2,4,2,3,1,2,0.5,2,4,92,,829,48,0,48,1,1,1,1,1,1,1.0,1,1,48,,val,5,5
3,4,3,4,2,3,0.75,3,4,88,,830,48,0,47,2,3,1,3,1,2,0.6666666666666666,2,3,48,,val,4,4
4,6,3,4,2,3,0.5,3,6,100,,831,52,0,52,1,4,1,1,1,1,0.25,1,4,54,,val,6,6
1,1,1,1,1,1,1.0,1,1,47,,832,48,0,47,1,1,1,1,1,1,1.0,1,1,48,,val,1,1
1,2,1,1,1,1,0.5,1,2,48,,833,47,0,47,1,1,1,1,1,1,1.0,1,1,47,,val,2,2
8,10,5,8,3,5,0.5,6,10,204,,834,56,1,66,2,6,2,5,2,2,0.3333333333333333,4,6,69,,val,15,15
3,6,2,3,1,2,0.3333333333333333,3,6,89,,835,46,1,50,1,3,1,2,1,1,0.3333333333333333,1,3,50,,val,7,7
21,46,10,38,7,19,0.41304347826086957,29,46,305,,836,35,7,100,6,27,3,13,3,10,0.37037037037037035,17,27,106,,val,93,93
2,3,2,2,1,2,0.6666666666666666,2,3,57,,837,43,3,43,1,3,1,1,1,1,0.3333333333333333,1,3,45,,val,7,7
3,10,2,5,2,3,0.3,5,10,78,,838,48,0,48,2,3,2,2,1,2,0.6666666666666666,2,3,48,,val,12,12
3,3,1,3,1,2,0.6666666666666666,3,3,50,,839,44,0,43,2,3,1,2,1,2,0.6666666666666666,2,3,44,,val,4,4
3,3,3,3,1,3,1.0,3,3,84,,840,56,0,55,3,3,1,3,1,2,0.6666666666666666,3,3,56,,val,4,4
9,11,4,10,3,5,0.45454545454545453,7,11,118,,841,29,0,39,4,6,2,4,2,3,0.5,4,6,41,,val,22,22
6,12,3,7,2,3,0.25,6,12,155,,842,45,0,66,3,5,3,3,2,3,0.6,3,5,66,,val,18,18
3,4,2,3,2,2,0.5,3,4,88,,843,50,0,50,2,3,2,3,1,2,0.6666666666666666,2,3,50,,val,7,7
4,6,3,4,2,3,0.5,4,6,83,,844,43,0,43,2,2,1,2,1,2,1.0,2,2,43,,val,14,14
2,4,2,3,1,2,0.5,2,4,84,,845,49,1,48,2,3,2,2,1,2,0.6666666666666666,2,3,50,,val,6,6
20,31,12,28,6,13,0.41935483870967744,19,31,300,,846,38,1,81,2,11,2,4,2,2,0.18181818181818182,4,11,82,,val,51,51
4,7,2,4,2,2,0.2857142857142857,3,7,129,,847,55,1,57,2,5,2,2,1,2,0.4,2,5,59,,val,9,9
26,42,15,33,8,17,0.40476190476190477,24,42,714,,848,63,0,120,5,14,2,6,2,5,0.35714285714285715,6,14,120,,val,55,55
2,5,2,5,2,2,0.4,3,5,125,,849,61,0,61,2,3,1,2,1,2,0.6666666666666666,2,3,61,,val,8,8
2,2,2,2,1,2,1.0,2,2,91,,850,58,0,58,2,2,2,2,1,2,1.0,2,2,58,,val,2,2
7,18,6,12,3,5,0.2777777777777778,7,18,235,,851,54,0,67,4,4,2,4,2,3,0.75,3,4,67,,val,35,35
2,2,2,2,1,2,1.0,2,2,60,,852,48,0,48,1,2,1,2,1,1,0.5,1,2,48,,val,5,5
1,2,1,1,1,1,0.5,1,2,50,,853,49,0,49,1,1,1,1,1,1,1.0,1,1,49,,val,2,2
2,3,2,3,1,2,0.6666666666666666,2,3,99,,854,52,0,55,2,3,2,3,1,2,0.6666666666666666,2,3,55,,val,3,3
2,4,2,2,1,2,0.5,2,4,84,,855,46,0,46,2,2,1,2,1,1,0.5,2,2,46,,val,6,6
9,19,7,12,3,7,0.3684210526315789,10,19,194,,856,44,0,81,4,10,3,7,2,4,0.4,6,10,83,,val,25,25
1,1,1,1,1,1,1.0,1,1,52,,857,52,0,52,1,1,1,1,1,1,1.0,1,1,52,,val,1,1
2,3,2,2,1,2,0.6666666666666666,2,3,65,,858,45,0,46,2,3,2,2,1,2,0.6666666666666666,2,3,46,,val,3,3
2,6,2,3,2,2,0.3333333333333333,2,6,94,,859,47,0,48,2,3,2,2,1,2,0.6666666666666666,2,3,48,,val,9,9
4,4,3,4,2,3,0.75,4,4,77,,860,41,0,41,3,4,1,3,1,2,0.5,3,4,41,,val,6,6
2,2,2,2,1,2,1.0,2,2,62,,861,46,0,46,2,2,2,2,1,2,1.0,2,2,46,,val,2,2
3,3,1,3,1,2,0.6666666666666666,3,3,58,,862,44,0,44,2,3,1,2,1,1,0.3333333333333333,2,3,44,,val,4,4
1,1,1,1,1,1,1.0,1,1,53,,863,53,0,53,1,1,1,1,1,1,1.0,1,1,53,,val,1,1
6,9,5,9,2,4,0.4444444444444444,5,9,177,,864,51,0,65,2,7,1,4,1,2,0.2857142857142857,4,7,68,,val,11,11
11,19,8,15,4,7,0.3684210526315789,10,19,288,,865,50,0,69,3,5,3,4,2,3,0.6,3,5,69,,val,22,22
6,8,5,8,2,4,0.5,5,8,180,,866,54,0,72,2,6,2,4,1,2,0.3333333333333333,3,6,73,,val,10,10
6,7,4,6,3,4,0.5714285714285714,5,7,205,,867,57,1,98,4,4,4,4,2,3,0.75,4,4,98,,val,12,12
10,25,2,19,4,11,0.44,16,25,179,,868,52,2,64,2,13,1,2,1,3,0.23076923076923078,7,13,64,,val,33,33
1,2,1,1,1,1,0.5,1,2,53,,869,51,0,51,1,1,1,1,1,1,1.0,1,1,51,,val,5,5
2,2,2,2,1,2,1.0,2,2,72,,870,56,0,56,2,2,2,2,1,2,1.0,2,2,56,,val,4,4
2,2,2,2,1,2,1.0,2,2,79,,871,51,0,51,2,2,2,2,1,2,1.0,2,2,51,,val,3,3
1,2,1,1,1,1,0.5,1,2,46,,872,45,0,45,1,1,1,1,1,1,1.0,1,1,45,,val,2,2
3,6,3,4,2,2,0.3333333333333333,3,6,120,,873,52,0,57,1,4,1,2,1,1,0.25,2,4,57,,val,8,8
3,6,3,4,2,3,0.5,3,6,142,,874,56,0,60,1,3,1,2,1,1,0.3333333333333333,1,3,60,,val,6,6
5,9,3,5,2,3,0.3333333333333333,5,9,148,,875,52,0,84,2,7,2,3,1,2,0.2857142857142857,2,7,86,,val,13,13
24,45,8,34,8,20,0.4444444444444444,27,45,386,,876,49,2,95,4,19,1,9,2,7,0.3684210526315789,10,19,99,,val,58,58
2,2,2,2,1,2,1.0,2,2,61,,877,55,0,55,2,2,2,2,1,2,1.0,2,2,55,,val,3,3
19,30,4,22,4,13,0.43333333333333335,18,30,308,,878,49,2,101,4,10,3,5,2,3,0.3,4,10,101,,val,54,54
4,10,1,5,1,3,0.3,5,10,91,,879,53,0,53,1,1,1,1,1,1,1.0,1,1,53,,val,18,18
4,6,2,5,1,3,0.5,4,6,106,,880,54,0,54,1,2,1,1,1,1,0.5,1,2,54,,val,11,11
2,2,2,2,1,2,1.0,2,2,89,,881,60,0,60,1,2,1,2,1,1,0.5,1,2,60,,val,3,3
1,2,1,2,1,1,0.5,1,2,52,,882,48,0,48,1,1,1,1,1,1,1.0,1,1,48,,val,7,7
11,14,7,12,4,7,0.5,10,14,179,,883,45,0,50,2,5,2,2,1,2,0.4,3,5,50,,val,21,21
6,9,6,8,3,5,0.5555555555555556,6,9,176,,884,60,0,62,3,4,2,3,2,2,0.5,3,4,62,,val,10,10
2,2,2,2,1,2,1.0,2,2,43,,885,37,0,37,2,2,2,2,1,2,1.0,2,2,37,,val,2,2
1,1,1,1,1,1,1.0,1,1,55,,886,55,0,55,1,1,1,1,1,1,1.0,1,1,55,,val,1,1
2,2,2,2,1,2,1.0,2,2,63,,887,46,0,46,2,2,1,2,1,1,0.5,2,2,46,,val,4,4
1,3,1,2,1,1,0.3333333333333333,1,3,52,,888,47,0,47,1,2,1,1,1,1,0.5,1,2,47,,val,3,3
1,3,1,1,1,1,0.3333333333333333,1,3,49,,889,46,0,46,1,1,1,1,1,1,1.0,1,1,46,,val,6,6
5,9,4,7,2,4,0.4444444444444444,5,9,165,,890,56,0,59,3,7,2,3,1,2,0.2857142857142857,3,7,61,,val,11,11
4,5,2,5,1,3,0.6,4,5,69,,891,47,0,47,2,2,2,2,1,2,1.0,2,2,47,,val,5,5
4,7,4,4,2,3,0.42857142857142855,4,7,107,,892,51,0,56,3,5,1,3,1,2,0.4,3,5,57,,val,11,11
6,12,4,9,3,4,0.3333333333333333,6,12,185,,893,53,0,57,3,4,2,4,1,3,0.75,3,4,57,,val,14,14
4,7,4,6,2,4,0.5714285714285714,4,7,152,,894,72,0,79,3,5,2,4,2,3,0.6,4,5,79,,val,8,8
3,4,2,3,1,2,0.5,3,4,87,,895,56,0,60,1,3,1,2,1,1,0.3333333333333333,1,3,60,,val,4,4
14,22,10,17,5,9,0.4090909090909091,11,22,405,,896,54,0,118,6,10,2,7,2,5,0.5,6,10,118,,val,39,39
2,2,2,2,1,2,1.0,2,2,60,,897,47,0,47,2,2,1,2,1,1,0.5,2,2,47,,val,2,2
6,6,4,6,2,4,0.6666666666666666,5,6,129,,898,57,1,57,2,4,1,2,1,2,0.5,2,4,59,,val,11,11
22,32,14,26,7,14,0.4375,19,32,293,,899,32,0,63,6,13,4,6,3,5,0.38461538461538464,7,13,63,,val,51,51
2,2,2,2,1,2,1.0,2,2,88,,900,51,0,51,2,2,2,2,1,2,1.0,2,2,51,,val,2,2
1,1,1,1,1,1,1.0,1,1,42,,901,42,0,42,1,1,1,1,1,1,1.0,1,1,42,,val,2,2
4,8,4,5,2,4,0.5,4,8,137,,902,57,0,59,1,5,1,2,1,1,0.2,2,5,59,,val,15,15
2,2,2,2,1,2,1.0,2,2,73,,903,53,0,53,2,2,2,2,1,2,1.0,2,2,53,,val,3,3
15,34,8,21,5,12,0.35294117647058826,18,34,246,,904,46,1,61,3,10,1,3,1,3,0.3,5,10,61,,val,64,64
3,9,2,6,2,3,0.3333333333333333,4,9,104,,905,53,0,56,2,7,2,2,1,2,0.2857142857142857,3,7,58,,val,15,15
5,6,4,5,2,3,0.5,4,6,73,,906,24,0,28,3,4,2,4,1,2,0.5,3,4,28,,val,12,12
2,3,2,3,1,2,0.6666666666666666,2,3,74,,907,44,0,44,2,3,1,2,1,2,0.6666666666666666,2,3,45,,val,5,5
17,30,9,20,5,12,0.4,16,30,283,,908,44,1,84,4,10,3,4,2,3,0.3,4,10,85,,val,40,40
8,16,5,13,3,6,0.375,8,16,201,,909,50,0,71,5,10,2,5,2,4,0.4,5,10,73,,val,22,22
4,10,3,4,2,3,0.3,4,10,147,,910,64,1,80,2,9,1,2,1,2,0.2222222222222222,4,9,85,,val,20,20
20,44,9,28,7,18,0.4090909090909091,26,44,342,,911,41,0,64,4,15,2,6,2,6,0.4,9,15,64,,val,69,69
14,38,8,19,5,13,0.34210526315789475,20,38,269,,912,43,1,66,2,15,1,5,1,5,0.3333333333333333,9,15,68,,val,68,68
1,3,1,2,1,1,0.3333333333333333,1,3,54,,913,51,0,52,1,3,1,1,1,1,0.3333333333333333,1,3,52,,val,3,3
6,6,5,6,2,4,0.6666666666666666,5,6,168,,914,49,0,85,5,6,3,5,2,3,0.5,4,6,87,,val,7,7
1,1,1,1,1,1,1.0,1,1,53,,915,53,0,53,1,1,1,1,1,1,1.0,1,1,53,,val,1,1
2,6,1,4,1,2,0.3333333333333333,3,6,79,,916,60,0,62,1,3,1,1,1,1,0.3333333333333333,1,3,62,,val,9,9
6,11,6,9,3,5,0.45454545454545453,6,11,182,,917,58,0,86,4,6,2,4,1,3,0.5,4,6,86,,val,16,16
2,2,2,2,1,2,1.0,2,2,81,,918,52,0,52,2,2,1,2,1,2,1.0,2,2,52,,val,2,2
1,1,1,1,1,1,1.0,1,1,46,,919,47,0,46,1,1,1,1,1,1,1.0,1,1,47,,val,2,2
2,3,2,2,1,2,0.6666666666666666,2,3,83,,920,57,0,57,2,2,2,2,1,2,1.0,2,2,57,,val,3,3
3,4,3,3,2,3,0.75,3,4,108,,921,61,0,61,3,5,2,3,2,3,0.6,3,5,63,,val,5,5
3,5,1,4,1,2,0.4,3,5,72,,922,57,1,57,1,5,1,2,1,1,0.2,2,5,59,,val,7,7
17,29,14,22,6,12,0.41379310344827586,15,29,453,,923,49,0,92,5,13,2,7,2,5,0.38461538461538464,7,13,94,,val,43,43
1,2,1,1,1,1,0.5,1,2,46,,924,45,1,45,1,3,1,1,1,1,0.3333333333333333,1,3,46,,val,3,3
4,7,3,5,2,3,0.42857142857142855,4,7,111,,925,45,0,45,2,2,1,2,1,1,0.5,2,2,45,,val,9,9
7,12,6,8,3,5,0.4166666666666667,6,12,320,,926,69,4,82,2,7,2,3,1,2,0.2857142857142857,3,7,83,,val,16,16
3,3,2,3,1,2,0.6666666666666666,2,3,101,,927,60,0,60,3,3,1,3,1,2,0.6666666666666666,2,3,60,,val,3,3
13,16,10,15,4,9,0.5625,11,16,259,,928,56,0,58,1,3,1,1,1,1,0.3333333333333333,1,3,58,,val,19,19
3,6,2,5,1,2,0.3333333333333333,4,6,96,,929,56,3,59,1,4,1,2,1,1,0.25,1,4,60,,val,9,9
2,2,2,2,1,2,1.0,2,2,77,,930,57,0,57,2,2,1,2,1,1,0.5,2,2,57,,val,2,2
2,3,2,3,1,2,0.6666666666666666,2,3,63,,931,50,0,50,2,2,1,2,1,1,0.5,2,2,50,,val,3,3
1,1,1,1,1,1,1.0,1,1,49,,932,49,0,49,1,1,1,1,1,1,1.0,1,1,49,,val,1,1
2,4,2,3,1,2,0.5,2,4,88,,933,56,0,54,2,3,1,3,1,2,0.6666666666666666,2,3,56,,val,4,4
5,6,4,6,2,4,0.6666666666666666,4,6,164,,934,58,0,59,1,2,1,1,1,1,0.5,1,2,59,,val,13,13
3,3,1,3,1,1,0.3333333333333333,2,3,57,,935,47,1,47,1,2,1,1,1,1,0.5,1,2,48,,val,3,3
2,2,2,2,1,2,1.0,2,2,56,,936,46,0,46,2,2,1,2,1,1,0.5,2,2,46,,val,2,2
2,2,1,2,1,1,0.5,1,2,53,,937,48,0,47,1,2,1,2,1,1,0.5,1,2,48,,val,3,3
3,4,1,3,1,2,0.5,3,4,80,,938,56,0,58,1,3,1,1,1,1,0.3333333333333333,1,3,58,,val,4,4
3,4,2,3,1,2,0.5,2,4,77,,939,52,0,55,1,4,1,3,1,1,0.25,2,4,55,,val,5,5
2,2,2,2,1,2,1.0,2,2,67,,940,52,0,52,2,2,1,2,1,1,0.5,2,2,52,,val,4,4
4,4,4,4,2,3,0.75,4,4,103,,941,52,0,56,2,4,2,3,1,2,0.5,2,4,56,,val,6,6
8,12,6,8,3,5,0.4166666666666667,7,12,172,,942,44,0,48,3,4,2,3,1,2,0.5,3,4,49,,val,20,20
8,12,8,9,4,7,0.5833333333333334,8,12,281,,943,54,0,84,4,9,1,6,2,4,0.4444444444444444,5,9,85,,val,18,18
6,9,5,7,2,4,0.4444444444444444,5,9,151,,944,46,2,57,2,5,1,2,1,2,0.4,2,5,59,,val,15,15
1,3,1,2,1,1,0.3333333333333333,1,3,52,,945,48,0,48,1,2,1,2,1,1,0.5,1,2,48,,val,3,3
2,2,2,2,1,2,1.0,2,2,77,,946,54,0,54,2,2,1,2,1,1,0.5,2,2,54,,val,2,2
11,20,10,16,4,8,0.4,11,20,218,,947,31,0,49,3,3,2,3,1,2,0.6666666666666666,3,3,49,,val,30,30
1,4,1,2,1,1,0.25,1,4,55,,948,50,0,50,1,1,1,1,1,1,1.0,1,1,50,,val,7,7
3,6,2,5,2,2,0.3333333333333333,3,6,66,,949,33,1,40,3,4,1,3,1,2,0.5,3,4,41,,val,6,6
4,4,3,4,2,3,0.75,4,4,116,,950,55,0,54,2,4,2,3,1,2,0.5,3,4,55,,val,7,7
7,10,5,9,2,5,0.5,6,10,180,,951,46,0,70,4,5,1,4,1,3,0.6,3,5,70,,val,16,16
1,1,1,1,1,1,1.0,1,1,46,,952,46,0,46,1,1,1,1,1,1,1.0,1,1,46,,val,2,2
5,6,2,5,2,3,0.5,4,6,123,,953,57,0,61,2,5,1,4,1,2,0.4,4,5,64,,val,8,8
3,3,2,3,1,2,0.6666666666666666,3,3,72,,954,51,0,56,2,3,1,3,1,2,0.6666666666666666,2,3,56,,val,4,4
2,2,2,2,1,2,1.0,2,2,58,,955,53,0,52,2,2,1,2,1,2,1.0,2,2,53,,val,3,3
2,2,1,2,1,1,0.5,1,2,53,,956,48,0,48,1,2,1,2,1,1,0.5,1,2,48,,val,4,4
2,2,1,2,1,1,0.5,1,2,61,,957,55,0,56,1,2,1,1,1,1,0.5,1,2,56,,val,2,2
2,3,1,2,1,1,0.3333333333333333,2,3,60,,958,53,1,52,1,2,1,2,1,1,0.5,1,2,53,,val,3,3
1,1,1,1,1,1,1.0,1,1,52,,959,52,0,52,1,1,1,1,1,1,1.0,1,1,52,,val,1,1
2,2,2,2,1,2,1.0,2,2,77,,960,52,0,51,2,3,2,2,1,2,0.6666666666666666,2,3,52,,val,3,3
4,5,4,4,2,3,0.6,4,5,68,,961,26,0,26,4,5,1,4,2,3,0.6,4,5,26,,val,7,7
2,2,1,2,1,1,0.5,2,2,59,,962,49,0,49,2,2,1,2,1,1,0.5,2,2,49,,val,2,2
2,2,2,2,1,2,1.0,2,2,84,,963,53,0,52,2,2,2,2,1,2,1.0,2,2,53,,val,2,2
2,2,2,2,1,2,1.0,2,2,63,,964,48,0,46,2,3,2,2,1,2,0.6666666666666666,2,3,49,,val,3,3
3,5,2,4,1,2,0.4,3,5,92,,965,57,0,57,3,4,2,3,1,2,0.5,3,4,57,,val,7,7
9,14,5,11,3,5,0.35714285714285715,7,14,240,,966,54,0,79,3,5,2,4,2,3,0.6,3,5,81,,val,23,23
2,2,2,2,1,2,1.0,2,2,67,,967,43,0,43,2,2,1,2,1,1,0.5,2,2,43,,val,3,3
14,27,11,20,5,10,0.37037037037037035,14,27,322,,968,43,0,100,7,12,3,9,3,6,0.5,8,12,100,,val,46,46
10,17,6,14,3,7,0.4117647058823529,9,17,167,,969,39,0,42,1,3,1,3,1,1,0.3333333333333333,1,3,42,,val,23,23
4,5,3,5,2,3,0.6,3,5,130,,970,57,0,57,3,3,1,3,1,2,0.6666666666666666,3,3,57,,val,6,6
1,4,1,1,1,1,0.25,1,4,56,,971,52,0,52,1,1,1,1,1,1,1.0,1,1,52,,val,7,7
17,21,11,19,5,11,0.5238095238095238,14,21,352,,972,51,2,67,3,12,2,5,2,4,0.3333333333333333,6,12,69,,val,25,25
2,4,1,3,1,1,0.25,2,4,60,,973,49,0,50,1,2,1,1,1,1,0.5,1,2,50,,val,5,5
1,1,1,1,1,1,1.0,1,1,51,,974,51,0,51,1,1,1,1,1,1,1.0,1,1,51,,val,1,1
9,13,5,11,3,6,0.46153846153846156,8,13,182,,975,41,0,41,3,3,2,3,1,2,0.6666666666666666,3,3,41,,val,17,17
9,14,7,10,4,6,0.42857142857142855,8,14,230,,976,41,1,59,3,9,2,5,2,3,0.3333333333333333,5,9,60,,val,15,15
12,19,5,15,3,8,0.42105263157894735,12,19,226,,977,50,0,67,2,10,1,4,1,3,0.3,6,10,67,,val,28,28
12,19,9,14,4,8,0.42105263157894735,10,19,261,,978,46,0,69,3,10,3,5,2,4,0.4,6,10,69,,val,25,25
14,21,11,18,5,10,0.47619047619047616,11,21,335,,979,50,0,94,5,9,4,5,3,4,0.4444444444444444,5,9,94,,val,27,27
1,1,1,1,1,1,1.0,1,1,47,,980,48,0,47,1,1,1,1,1,1,1.0,1,1,48,,val,1,1
4,5,3,4,2,3,0.6,3,5,101,,981,49,0,50,2,3,1,2,1,2,0.6666666666666666,2,3,50,,val,7,7
5,6,2,5,2,3,0.5,4,6,101,,982,46,0,46,3,3,2,3,1,2,0.6666666666666666,3,3,46,,val,7,7
1,2,1,2,1,1,0.5,1,2,59,,983,54,0,54,1,1,1,1,1,1,1.0,1,1,54,,val,3,3
1,1,1,1,1,1,1.0,1,1,49,,984,49,0,49,1,1,1,1,1,1,1.0,1,1,49,,val,2,2
1,1,1,1,1,1,1.0,1,1,51,,985,51,0,51,1,1,1,1,1,1,1.0,1,1,51,,val,1,1
1,1,1,1,1,1,1.0,1,1,50,,986,50,0,50,1,1,1,1,1,1,1.0,1,1,50,,val,1,1
15,36,10,23,5,12,0.3333333333333333,18,36,369,,987,52,0,80,3,10,1,4,1,3,0.3,5,10,81,,val,61,61
1,2,1,2,1,1,0.5,1,2,59,,988,57,0,56,1,2,1,1,1,1,0.5,1,2,57,,val,3,3
1,1,1,1,1,1,1.0,1,1,51,,989,51,0,51,1,1,1,1,1,1,1.0,1,1,51,,val,2,2
2,3,2,3,2,2,0.6666666666666666,2,3,70,,990,53,0,54,2,3,2,2,1,2,0.6666666666666666,2,3,55,,val,5,5
1,1,1,1,1,1,1.0,1,1,52,,991,52,0,52,1,1,1,1,1,1,1.0,1,1,52,,val,3,3
1,2,1,1,1,1,0.5,1,2,65,,992,64,0,65,1,2,1,1,1,1,0.5,1,2,65,,val,2,2
1,1,1,1,1,1,1.0,1,1,50,,993,50,0,50,1,1,1,1,1,1,1.0,1,1,50,,val,1,1
2,4,2,3,1,2,0.5,2,4,91,,994,48,0,48,2,2,2,2,1,2,1.0,2,2,48,,val,5,5
1,3,1,2,1,1,0.3333333333333333,1,3,58,,995,54,0,54,1,2,1,1,1,1,0.5,1,2,54,,val,4,4
10,16,8,10,4,7,0.4375,8,16,291,,996,53,0,67,3,4,1,3,1,2,0.5,3,4,67,,val,22,22
2,2,1,2,1,1,0.5,2,2,61,,997,54,0,54,1,2,1,2,1,1,0.5,1,2,54,,val,2,2
10,19,6,12,3,7,0.3684210526315789,10,19,172,,998,45,0,70,2,7,2,3,1,2,0.2857142857142857,3,7,71,,val,39,39
21,45,10,33,6,16,0.35555555555555557,25,45,334,,999,38,2,83,7,21,4,14,3,9,0.42857142857142855,14,21,88,,val,79,79
