model,logical_id,physical_id,branch,predicate_classes,classes_activation_ge_1pct,classes_selection_ge_1pct,classes_selection_ge_5pct,mean_class_activation_frequency,std_class_activation_frequency,mean_class_selection_frequency,std_class_selection_frequency,selection_class_entropy,selection_class_hhi,representative_samples
resnet,0,0,+,6,3,1,1,0.16177672852419941,0.21732945992264308,0.04642037365869181,0.09933850064254701,0.11527834724122145,0.9299164454950851,class=693:n03873416.pkl:5;n03873416.pkl:12;n03873416.pkl:13|class=320:n02268853.pkl:51;n02268853.pkl:120;n02268853.pkl:501|class=34:n01665541.pkl:631;n01665541.pkl:710;n01665541.pkl:726
resnet,1,1,+,6,2,1,1,0.07720139994901627,0.1412633138672896,0.01599120330854761,0.0322002833448857,0.22574750484336997,0.8424474633349495,class=26:n01630670.pkl:1;n01630670.pkl:2;n01630670.pkl:15|class=27:n01631663.pkl:160;n01631663.pkl:842;n01631663.pkl:999|class=947:n07734744.pkl:296;n07734744.pkl:426
resnet,2,2,+,2,2,2,2,0.7846848358637613,0.1835043974151947,0.4290347694279921,0.2292034034920731,0.7830063858612185,0.6427010439628719,class=765:n04099969.pkl:1;n04099969.pkl:3;n04099969.pkl:5|class=559:n03376595.pkl:16;n03376595.pkl:17;n03376595.pkl:19
resnet,3,3,+,21,13,4,0,0.03387118590942432,0.05108393927931037,0.005541170921980066,0.0075380976593636,0.7789846309321681,0.1357444537434251,class=910:n04597913.pkl:56;n04597913.pkl:99;n04597913.pkl:103|class=998:n13133613.pkl:4;n13133613.pkl:65;n13133613.pkl:181|class=641:n03720891.pkl:11;n03720891.pkl:21;n03720891.pkl:22
resnet,4,4,+,11,7,3,0,0.10348020627738329,0.19895201210470825,0.0077910475980432605,0.010415614756904794,0.6997133536506598,0.2533836683404736,class=454:n02871525.pkl:6;n02871525.pkl:76;n02871525.pkl:124|class=734:n03977966.pkl:2;n03977966.pkl:84;n03977966.pkl:101|class=624:n03661043.pkl:9;n03661043.pkl:18;n03661043.pkl:24
resnet,5,5,+,6,6,4,3,0.592679730426061,0.3861652500041704,0.269222533096353,0.37286278875269624,0.49428595625624766,0.48635296592767263,class=213:n02100877.pkl:0;n02100877.pkl:1;n02100877.pkl:2|class=168:n02090379.pkl:0;n02090379.pkl:4;n02090379.pkl:5|class=214:n02101006.pkl:6;n02101006.pkl:12;n02101006.pkl:85
resnet,6,6,+,8,7,2,1,0.21940725154511703,0.23523763621646981,0.014464858082267159,0.02890805321100332,0.4123125126128005,0.6242514671538779,class=599:n03530642.pkl:18;n03530642.pkl:51;n03530642.pkl:68|class=947:n07734744.pkl:151;n07734744.pkl:335;n07734744.pkl:500|class=996:n13052670.pkl:129;n13052670.pkl:177;n13052670.pkl:350
resnet,7,7,+,15,11,6,4,0.13836692191790054,0.14839389933674865,0.026513823047319883,0.03830821791362571,0.6637894805107875,0.20583740535773484,class=836:n04355933.pkl:9;n04355933.pkl:18;n04355933.pkl:28|class=608:n03594734.pkl:11;n03594734.pkl:28;n03594734.pkl:49|class=638:n03710637.pkl:26;n03710637.pkl:53;n03710637.pkl:63
resnet,8,8,+,8,7,3,2,0.24925265412885694,0.2549749785161507,0.05324206323875846,0.09049408104260141,0.4790220525118433,0.48611090820916825,class=708:n03903868.pkl:6;n03903868.pkl:7;n03903868.pkl:22|class=698:n03877845.pkl:2;n03877845.pkl:9;n03877845.pkl:12|class=873:n04486054.pkl:41;n04486054.pkl:54;n04486054.pkl:59
resnet,9,9,+,3,2,2,1,0.22321611438740488,0.20090779169571804,0.03534789036878209,0.025165321543622433,0.6572429790569361,0.5022827568666055,class=342:n02396427.pkl:33;n02396427.pkl:38;n02396427.pkl:46|class=343:n02397096.pkl:8;n02397096.pkl:34;n02397096.pkl:41|class=334:n02346627.pkl:1194
resnet,10,10,+,10,9,2,2,0.1827214172271145,0.28790138894672385,0.08885887533334694,0.23881716911760417,0.17972209526949817,0.8223197133710065,class=809:n04263257.pkl:0;n04263257.pkl:1;n04263257.pkl:3|class=659:n03775546.pkl:4;n03775546.pkl:8;n03775546.pkl:17|class=504:n03063599.pkl:9;n03063599.pkl:510;n03063599.pkl:664
resnet,11,11,+,5,4,3,1,0.20394939897161155,0.26617806993991805,0.10320173827862514,0.18307245056061283,0.23190029669550158,0.8293640918192748,class=677:n03804744.pkl:6;n03804744.pkl:12;n03804744.pkl:15|class=783:n04153751.pkl:54;n04153751.pkl:72;n04153751.pkl:74|class=46:n01693334.pkl:108;n01693334.pkl:262;n01693334.pkl:510
resnet,12,12,+,7,5,2,2,0.3269109647095398,0.3717499957531759,0.07627180700214149,0.13194977752161302,0.39149061112039346,0.5704113785813056,class=155:n02086240.pkl:1;n02086240.pkl:2;n02086240.pkl:4|class=231:n02106030.pkl:6;n02106030.pkl:22;n02106030.pkl:72|class=156:n02086646.pkl:46;n02086646.pkl:141;n02086646.pkl:207
resnet,13,13,+,1,1,1,1,0.9991941982272361,0.0,0.9983883964544722,0.0,0.0,1.0,class=934:n07697537.pkl:0;n07697537.pkl:1;n07697537.pkl:2
resnet,14,14,+,4,4,2,2,0.5762141016956879,0.30663867439853254,0.1823966864566951,0.2189438090244929,0.434273202377949,0.6102230164622897,class=520:n03131574.pkl:1;n03131574.pkl:5;n03131574.pkl:6|class=516:n03125729.pkl:3;n03125729.pkl:15;n03125729.pkl:20|class=431:n02804414.pkl:829;n02804414.pkl:927;n02804414.pkl:1138
resnet,15,15,+,3,2,1,1,0.3499728188259576,0.46005213162311825,0.33412020528696873,0.47084812610757115,0.016590238036497434,0.9952982284446686,class=919:n06794110.pkl:0;n06794110.pkl:1;n06794110.pkl:2|class=744:n04008634.pkl:940|class=662:n03777754.pkl:326
resnet,16,16,+,5,3,3,2,0.2690882157056481,0.3014354051598575,0.12130269881297209,0.15911445764887433,0.45540359258388663,0.5441187641235267,class=961:n07860988.pkl:2;n07860988.pkl:5;n07860988.pkl:8|class=659:n03775546.pkl:3;n03775546.pkl:4;n03775546.pkl:6|class=910:n04597913.pkl:74;n04597913.pkl:233;n04597913.pkl:284
resnet,17,17,+,6,6,5,5,0.698603118013407,0.3325663468232209,0.45709419837923715,0.3259492018969429,0.8312051619001883,0.2514161726685001,class=180:n02093428.pkl:0;n02093428.pkl:1;n02093428.pkl:3|class=179:n02093256.pkl:1;n02093256.pkl:2;n02093256.pkl:6|class=243:n02108422.pkl:5;n02108422.pkl:7;n02108422.pkl:10
resnet,18,18,+,6,6,6,5,0.7324720313449907,0.2969946875278538,0.37296039219206456,0.34354399774165983,0.759706785469518,0.30807924937660236,class=239:n02107683.pkl:0;n02107683.pkl:1;n02107683.pkl:2|class=214:n02101006.pkl:0;n02101006.pkl:1;n02101006.pkl:2|class=238:n02107574.pkl:2;n02107574.pkl:3;n02107574.pkl:4
resnet,19,19,+,3,3,2,1,0.4453961754269408,0.31468099964081975,0.2437778496669334,0.3288736541715067,0.14011750037888265,0.9399976196796299,class=430:n02802426.pkl:0;n02802426.pkl:1;n02802426.pkl:3|class=890:n04540053.pkl:21;n04540053.pkl:228;n04540053.pkl:267|class=266:n02113712.pkl:830;n02113712.pkl:963;n02113712.pkl:1132
resnet,20,20,+,4,4,4,4,0.9592826244740984,0.04845736476424474,0.756742105640258,0.23674344249752144,0.9586579210269925,0.2744680932720795,class=218:n02102177.pkl:0;n02102177.pkl:1;n02102177.pkl:2|class=215:n02101388.pkl:0;n02101388.pkl:1;n02101388.pkl:3|class=156:n02086646.pkl:0;n02086646.pkl:1;n02086646.pkl:2
resnet,21,21,+,4,4,2,2,0.47744299797425094,0.3397182017543724,0.12161850665330316,0.1634673662219884,0.3647641971545616,0.7016508235861196,class=842:n04371430.pkl:4;n04371430.pkl:6;n04371430.pkl:7|class=689:n03866082.pkl:20;n03866082.pkl:33;n03866082.pkl:47|class=775:n04136333.pkl:171;n04136333.pkl:549;n04136333.pkl:636
resnet,22,22,+,4,4,1,1,0.20910959861530243,0.22048433166309236,0.08163590943526296,0.13634618418280117,0.10232303529537919,0.9473704078181879,class=560:n03379051.pkl:0;n03379051.pkl:2;n03379051.pkl:4|class=518:n03127747.pkl:20;n03127747.pkl:201;n03127747.pkl:818|class=461:n02895154.pkl:1255
resnet,23,23,+,1,1,1,1,0.9096671949286846,0.0,0.7194928684627575,0.0,0.0,1.0,class=51:n01704323.pkl:0;n01704323.pkl:2;n01704323.pkl:3
resnet,24,24,+,3,2,1,1,0.33406855359317156,0.42403587929939207,0.17316360304475756,0.24060341178179528,0.06259855708586742,0.9768637528431072,class=473:n02951585.pkl:2;n02951585.pkl:4;n02951585.pkl:5|class=783:n04153751.pkl:435;n04153751.pkl:441;n04153751.pkl:459|class=524:n03146219.pkl:594
resnet,25,25,+,8,8,2,1,0.11184894604243006,0.08297711104453075,0.020821347900730525,0.03972533107186161,0.44518460811660937,0.5800167478543387,class=427:n02795169.pkl:8;n02795169.pkl:24;n02795169.pkl:43|class=856:n04428191.pkl:67;n04428191.pkl:73;n04428191.pkl:105|class=739:n03992509.pkl:86;n03992509.pkl:271;n03992509.pkl:283
resnet,26,26,+,7,4,2,0,0.0898586444311817,0.12307652191618587,0.010848887807296842,0.014446657376367774,0.6138461721568318,0.3961752708349177,class=243:n02108422.pkl:2;n02108422.pkl:70;n02108422.pkl:77|class=163:n02088466.pkl:49;n02088466.pkl:79;n02088466.pkl:91|class=63:n01748264.pkl:236;n01748264.pkl:291;n01748264.pkl:478
resnet,27,27,+,13,13,7,4,0.25811240132834246,0.24102593978137726,0.04635144519521301,0.06434028162985668,0.6748906783087453,0.22513938923728136,class=810:n04264628.pkl:0;n04264628.pkl:2;n04264628.pkl:10|class=848:n04392985.pkl:15;n04392985.pkl:21;n04392985.pkl:24|class=482:n02979186.pkl:16;n02979186.pkl:30;n02979186.pkl:58
resnet,28,28,+,2,1,1,1,0.5029325513196481,0.4970674486803519,0.5004887585532747,0.4995112414467253,0.011173818721216642,0.9980487823486328,class=676:n03803284.pkl:0;n03803284.pkl:1;n03803284.pkl:2|class=524:n03146219.pkl:666
resnet,29,29,+,2,2,1,1,0.5202814569536424,0.47971854304635764,0.5008278145695364,0.4991721854304636,0.01765668331509827,0.9966996789836762,class=948:n07742313.pkl:0;n07742313.pkl:1;n07742313.pkl:2|class=951:n07749582.pkl:622;n07749582.pkl:1017
resnet,30,30,+,1,1,1,1,1.0,0.0,1.0,0.0,0.0,1.0,class=0:n01440764.pkl:0;n01440764.pkl:1;n01440764.pkl:2
resnet,31,31,+,7,4,3,1,0.22239915121225742,0.29194681147663115,0.03347429601741392,0.06242581886813353,0.3964235399325548,0.6396868445439173,class=549:n03291819.pkl:1;n03291819.pkl:15;n03291819.pkl:20|class=478:n02971356.pkl:1;n02971356.pkl:23;n02971356.pkl:28|class=782:n04152593.pkl:153;n04152593.pkl:164;n04152593.pkl:335
resnet,32,32,+,5,4,3,1,0.31161027587064954,0.2336902278045968,0.04436115775218292,0.05893650078518234,0.5401149213050552,0.5530148263816652,class=615:n03623198.pkl:0;n03623198.pkl:8;n03623198.pkl:10|class=890:n04540053.pkl:19;n04540053.pkl:21;n04540053.pkl:82|class=733:n03976657.pkl:8;n03976657.pkl:17;n03976657.pkl:56
resnet,33,33,+,6,4,2,0,0.22197757343206237,0.176737987426,0.01233728852565027,0.015323983822163682,0.5788076593734373,0.4237966231458449,class=846:n04380533.pkl:13;n04380533.pkl:29;n04380533.pkl:64|class=818:n04286575.pkl:93;n04286575.pkl:125;n04286575.pkl:281|class=999:n15075141.pkl:291;n15075141.pkl:891;n15075141.pkl:968
resnet,34,34,+,10,2,1,0,0.04345941728819738,0.10907233916596888,0.0027481976694171003,0.004494655211510983,0.6602463894702681,0.3674833973468326,class=582:n03461385.pkl:198;n03461385.pkl:204;n03461385.pkl:214|class=248:n02109961.pkl:475;n02109961.pkl:1146;n02109961.pkl:1192|class=764:n04090263.pkl:604
resnet,35,35,+,11,6,1,0,0.03164902402108258,0.050425801481943665,0.005131494472891449,0.010367979397660878,0.5509231380985777,0.4620235155119214,class=185:n02094114.pkl:368;n02094114.pkl:485;n02094114.pkl:497|class=435:n02808440.pkl:791;n02808440.pkl:869;n02808440.pkl:961|class=638:n03710637.pkl:225;n03710637.pkl:456
resnet,36,36,+,10,8,5,3,0.20031548135966964,0.20597258607082405,0.036982053859680133,0.04848313785555125,0.6518718613344634,0.27186972662386344,class=246:n02109047.pkl:1;n02109047.pkl:3;n02109047.pkl:4|class=173:n02091244.pkl:5;n02091244.pkl:18;n02091244.pkl:33|class=177:n02092002.pkl:13;n02092002.pkl:36;n02092002.pkl:82
resnet,37,37,+,8,3,1,0,0.02266998141044653,0.03695501356004886,0.0033048815126242464,0.00418321047346318,0.7012139053406158,0.32527081168089667,class=381:n02493793.pkl:18;n02493793.pkl:71;n02493793.pkl:120|class=379:n02492660.pkl:2;n02492660.pkl:77;n02492660.pkl:209|class=374:n02488291.pkl:58;n02488291.pkl:431;n02488291.pkl:975
resnet,38,38,+,3,1,1,1,0.3352837121123436,0.46944109195223366,0.3341705536279158,0.47022742553765307,0.02221941790072313,0.9933551627853616,class=796:n04229816.pkl:0;n04229816.pkl:3;n04229816.pkl:4|class=836:n04355933.pkl:271;n04355933.pkl:722|class=764:n04090263.pkl:325
resnet,39,39,+,6,5,3,3,0.25850806162636203,0.17706886157252166,0.045911340371876865,0.04758091614842336,0.6529781621214867,0.34567547657470366,class=892:n04548280.pkl:16;n04548280.pkl:30;n04548280.pkl:33|class=426:n02794156.pkl:10;n02794156.pkl:46;n02794156.pkl:77|class=846:n04380533.pkl:2;n04380533.pkl:16;n04380533.pkl:17
resnet,40,40,+,1,1,1,1,0.9992242048099301,0.0,0.9992242048099301,0.0,0.0,1.0,class=364:n02457408.pkl:0;n02457408.pkl:1;n02457408.pkl:2
resnet,41,41,+,2,1,1,1,0.5013309671694764,0.4986690328305235,0.5004436557231589,0.4995563442768412,0.01026738183665148,0.9982285222071323,class=69:n01768244.pkl:0;n01768244.pkl:1;n01768244.pkl:2|class=34:n01665541.pkl:631
resnet,42,42,+,14,6,0,0,0.012430286048255046,0.011936425376760727,0.0022761531607257113,0.002250553181035059,0.8574465006988189,0.14125945864869216,class=782:n04152593.pkl:350;n04152593.pkl:523;n04152593.pkl:565|class=245:n02108915.pkl:185;n02108915.pkl:303;n02108915.pkl:631|class=733:n03976657.pkl:1;n03976657.pkl:452;n03976657.pkl:840
resnet,43,43,+,12,5,1,0,0.03765163509343012,0.07419420818612775,0.00294868204152866,0.0034436486064478335,0.7934005248071686,0.19699146760513137,class=141:n02028035.pkl:27;n02028035.pkl:110;n02028035.pkl:145|class=140:n02027492.pkl:229;n02027492.pkl:248;n02027492.pkl:345|class=134:n02012849.pkl:135;n02012849.pkl:151;n02012849.pkl:302
resnet,44,44,+,1,1,1,1,0.8270142180094787,0.0,0.6398104265402843,0.0,0.0,1.0,class=858:n04435653.pkl:0;n04435653.pkl:1;n04435653.pkl:2
resnet,45,45,+,4,4,1,1,0.4136542007594426,0.3711057606663565,0.07158461370731019,0.11729358356381236,0.13955989763747015,0.9211956720146023,class=933:n07697313.pkl:2;n07697313.pkl:4;n07697313.pkl:7|class=931:n07693725.pkl:11;n07693725.pkl:98;n07693725.pkl:195|class=947:n07734744.pkl:360
resnet,46,46,+,5,5,3,3,0.4073564543049796,0.3323209036219215,0.2770195033602213,0.3363349852312043,0.5302726460486742,0.49481759025535227,class=590:n03485407.pkl:0;n03485407.pkl:1;n03485407.pkl:2|class=826:n04328186.pkl:2;n04328186.pkl:4;n04328186.pkl:5|class=698:n03877845.pkl:7;n03877845.pkl:9;n03877845.pkl:15
resnet,47,47,+,5,5,3,3,0.7200678693239266,0.36150748827866375,0.2591345591166204,0.25233192517214603,0.6353397600026655,0.38963728376539297,class=513:n03110669.pkl:0;n03110669.pkl:1;n03110669.pkl:2|class=875:n04487394.pkl:4;n04487394.pkl:8;n04487394.pkl:9|class=566:n03394916.pkl:8;n03394916.pkl:9;n03394916.pkl:17
resnet,48,48,+,6,3,2,0,0.032074371719278134,0.03737517242871704,0.0050488524751144594,0.004449643158430799,0.7848508195963456,0.2961201543060997,class=943:n07718472.pkl:59;n07718472.pkl:152;n07718472.pkl:349|class=939:n07716358.pkl:213;n07716358.pkl:248;n07716358.pkl:584|class=941:n07717410.pkl:547;n07717410.pkl:851;n07717410.pkl:1116
resnet,49,49,+,8,8,2,1,0.11442898511831122,0.14711402634594023,0.04409339147200701,0.10478893847134992,0.21609915485358147,0.8309824198334225,class=836:n04355933.pkl:2;n04355933.pkl:4;n04355933.pkl:13|class=629:n03676483.pkl:184;n03676483.pkl:278;n03676483.pkl:827|class=679:n03814906.pkl:158;n03814906.pkl:705;n03814906.pkl:765
resnet,50,50,+,2,1,1,1,0.5034013605442177,0.4965986394557823,0.5006802721088436,0.4993197278911565,0.014898473452473297,0.9972863008034023,class=31:n01644373.pkl:0;n01644373.pkl:1;n01644373.pkl:2|class=46:n01693334.pkl:799
resnet,51,51,+,3,2,1,1,0.28623442627281986,0.3911818533199073,0.16412247230853186,0.23017394223569654,0.034565190147256245,0.9889575043305622,class=819:n04296562.pkl:0;n04296562.pkl:2;n04296562.pkl:3|class=422:n02790996.pkl:3;n02790996.pkl:1182|class=494:n03017168.pkl:1024
resnet,52,52,+,2,1,1,1,0.4898240026384613,0.4881531588623544,0.4180359817433742,0.41720055985532073,0.011400009674421431,0.9980035519615924,class=920:n06874185.pkl:1;n06874185.pkl:2;n06874185.pkl:3|class=442:n02825657.pkl:124
resnet,53,53,+,10,5,1,0,0.03298869897297655,0.03683572224867995,0.0021618562188945303,0.002701220372217424,0.7873596442901712,0.25612283178807377,class=479:n02974003.pkl:60;n02974003.pkl:248;n02974003.pkl:349|class=740:n03995372.pkl:215;n03995372.pkl:680|class=909:n04596742.pkl:301;n04596742.pkl:872
resnet,54,54,+,2,2,2,2,0.7586666112502294,0.2225731929912061,0.5058750082258774,0.4305034583320345,0.38248294688138573,0.8621069368130281,class=763:n04086273.pkl:0;n04086273.pkl:1;n04086273.pkl:2|class=764:n04090263.pkl:5;n04090263.pkl:7;n04090263.pkl:8
resnet,55,55,+,8,2,1,0,0.02044843667900123,0.03539748284139653,0.007379472301198983,0.014649708760178667,0.4434167917772709,0.6176260583118307,class=687:n03854065.pkl:69;n03854065.pkl:71;n03854065.pkl:73|class=968:n07930864.pkl:376;n07930864.pkl:418;n07930864.pkl:927|class=764:n04090263.pkl:8;n04090263.pkl:823;n04090263.pkl:1186
resnet,56,56,+,5,5,4,2,0.7984409132174612,0.20791071108110384,0.19983864012188543,0.3404926525672925,0.3063095766327278,0.7806127303200264,class=371:n02486261.pkl:1;n02486261.pkl:4;n02486261.pkl:5|class=242:n02108089.pkl:20;n02108089.pkl:23;n02108089.pkl:35|class=15:n01558993.pkl:157;n01558993.pkl:206;n01558993.pkl:216
resnet,57,57,+,7,5,2,0,0.12517643017296107,0.1081987150986073,0.007202282988566229,0.009289629768168132,0.6367276158291824,0.3805184102203848,class=698:n03877845.pkl:5;n03877845.pkl:10;n03877845.pkl:20|class=694:n03874293.pkl:60;n03874293.pkl:232;n03874293.pkl:234|class=718:n03933933.pkl:658;n03933933.pkl:1228
resnet,58,58,+,2,2,2,1,0.4377886472264665,0.34214389914790116,0.22879617455569748,0.181827771481402,0.4773164517119026,0.8157860337596585,class=7:n01514668.pkl:3;n01514668.pkl:6;n01514668.pkl:10|class=8:n01514859.pkl:42;n01514859.pkl:63;n01514859.pkl:67
resnet,59,59,+,4,2,2,2,0.3190635127863679,0.31694099814411075,0.06863931863791486,0.06804681332351818,0.5302794964693408,0.495702550470226,class=835:n04355338.pkl:3;n04355338.pkl:16;n04355338.pkl:24|class=458:n02892201.pkl:5;n02892201.pkl:17;n02892201.pkl:23|class=657:n03773504.pkl:1088
resnet,60,60,+,2,1,1,1,0.4686064772965915,0.4660224979684261,0.2989951698760968,0.2964111905479314,0.0401601699983825,0.9913951329647834,class=421:n02788148.pkl:2;n02788148.pkl:4;n02788148.pkl:6|class=518:n03127747.pkl:149;n03127747.pkl:669;n03127747.pkl:1095
resnet,61,61,+,7,6,2,1,0.3179948518688841,0.3424830244635588,0.031515941157183244,0.06253727277971259,0.33264765978106925,0.7053529298414399,class=46:n01693334.pkl:17;n01693334.pkl:21;n01693334.pkl:46|class=26:n01630670.pkl:15;n01630670.pkl:33;n01630670.pkl:142|class=38:n01675722.pkl:131;n01675722.pkl:578;n01675722.pkl:637
resnet,62,62,+,3,3,1,1,0.2868985458640162,0.282987872688951,0.07005616852381269,0.0915681013750321,0.20765688341865204,0.9028079896722527,class=773:n04131690.pkl:0;n04131690.pkl:5;n04131690.pkl:6|class=266:n02113712.pkl:13;n02113712.pkl:641;n02113712.pkl:657|class=212:n02100735.pkl:140;n02100735.pkl:145;n02100735.pkl:183
resnet,63,63,+,15,13,7,1,0.175779697405715,0.16668345808748666,0.029591242351380057,0.06889996011841985,0.508463336275454,0.42809340981200616,class=485:n02988304.pkl:0;n02988304.pkl:2;n02988304.pkl:3|class=446:n02840245.pkl:15;n02840245.pkl:32;n02840245.pkl:62|class=532:n03201208.pkl:52;n03201208.pkl:77;n03201208.pkl:119
resnet,64,64,+,12,11,7,2,0.21575492016007045,0.24400148743011602,0.020374508183317205,0.021809212035429855,0.7884903608974156,0.1788159770656458,class=503:n03062245.pkl:6;n03062245.pkl:8;n03062245.pkl:19|class=966:n07892512.pkl:34;n07892512.pkl:35;n07892512.pkl:40|class=532:n03201208.pkl:52;n03201208.pkl:77;n03201208.pkl:119
resnet,65,65,+,2,1,1,1,0.4996467157155167,0.4987956518857295,0.4980890833167628,0.4972380194869756,0.009940116563140845,0.9982928018906345,class=989:n12620546.pkl:0;n12620546.pkl:1;n12620546.pkl:2|class=943:n07718472.pkl:846
resnet,66,66,+,7,2,1,0,0.11188117534198115,0.2526672391303851,0.00377441021440654,0.006710116608835885,0.4941245766664839,0.5943635287672179,class=808:n04259630.pkl:3;n04259630.pkl:67;n04259630.pkl:85|class=638:n03710637.pkl:242|class=623:n03658185.pkl:804
resnet,67,67,+,3,3,2,1,0.6697672844207497,0.2345253970293385,0.3383946856224083,0.46785823035520824,0.07360164584254449,0.9705105301254273,class=658:n03775071.pkl:0;n03775071.pkl:1;n03775071.pkl:2|class=911:n04599235.pkl:107;n04599235.pkl:275;n04599235.pkl:298|class=806:n04254777.pkl:886
resnet,68,68,+,7,7,3,2,0.2322030521912207,0.21970820969915908,0.04147240056803038,0.06401151444242718,0.5228458035283786,0.4831868149815518,class=426:n02794156.pkl:6;n02794156.pkl:10;n02794156.pkl:19|class=633:n03692522.pkl:10;n03692522.pkl:29;n03692522.pkl:38|class=635:n03706229.pkl:88;n03706229.pkl:165;n03706229.pkl:237
resnet,69,69,+,3,3,2,2,0.5779316329098309,0.39757892247623366,0.2889012828146519,0.3493546456632841,0.2998688726259322,0.8207640012016839,class=946:n07730033.pkl:0;n07730033.pkl:1;n07730033.pkl:2|class=944:n07718747.pkl:13;n07718747.pkl:31;n07718747.pkl:72|class=108:n01914609.pkl:368
resnet,70,70,+,2,2,2,2,0.8454183943987492,0.04116307524981305,0.5011029161851676,0.3223795119298484,0.6764101296586837,0.7069431287971697,class=939:n07716358.pkl:0;n07716358.pkl:1;n07716358.pkl:2|class=943:n07718472.pkl:0;n07718472.pkl:5;n07718472.pkl:6
resnet,71,71,+,5,4,2,0,0.15149498775990866,0.19359045171611428,0.009421487782543234,0.009009623962943566,0.7114371652435082,0.38289605890829453,class=13:n01534433.pkl:35;n01534433.pkl:55;n01534433.pkl:131|class=82:n01797886.pkl:66;n01797886.pkl:117;n01797886.pkl:175|class=139:n02025239.pkl:155;n02025239.pkl:203;n02025239.pkl:505
resnet,72,72,+,3,3,2,2,0.5652343739747907,0.4072900662245114,0.3181864207317142,0.37893070284291547,0.3307528775699378,0.8060871606553373,class=13:n01534433.pkl:0;n01534433.pkl:1;n01534433.pkl:2|class=814:n04273569.pkl:17;n04273569.pkl:23;n04273569.pkl:26|class=3:n01491361.pkl:805;n01491361.pkl:853;n01491361.pkl:962
resnet,73,73,+,4,3,3,2,0.4243688629521599,0.2912431613877523,0.10382930879687956,0.1249689326114766,0.503651454943794,0.612163104045239,class=451:n02865351.pkl:0;n02865351.pkl:2;n02865351.pkl:3|class=623:n03658185.pkl:38;n03658185.pkl:39;n03658185.pkl:42|class=464:n02910353.pkl:32;n02910353.pkl:92;n02910353.pkl:212
resnet,74,74,+,9,9,2,1,0.12622706779334558,0.14691553992905623,0.047822782967733235,0.12067835234326443,0.20808440086890828,0.8186438550929213,class=648:n03742115.pkl:0;n03742115.pkl:2;n03742115.pkl:3|class=904:n04589890.pkl:12;n04589890.pkl:21;n04589890.pkl:28|class=782:n04152593.pkl:153;n04152593.pkl:461;n04152593.pkl:738
resnet,75,75,+,9,7,3,2,0.13966326827269868,0.13884733940780397,0.017611884256637424,0.026703057522364182,0.5693503628387659,0.36653871408653904,class=912:n04604644.pkl:2;n04604644.pkl:59;n04604644.pkl:73|class=729:n03961711.pkl:48;n03961711.pkl:50;n03961711.pkl:63|class=790:n04204238.pkl:171;n04204238.pkl:173;n04204238.pkl:250
resnet,76,76,+,15,8,4,2,0.1270285217274314,0.18795003099994367,0.02982373176070252,0.061456855083621045,0.524150377743161,0.3497572587042156,class=638:n03710637.pkl:4;n03710637.pkl:40;n03710637.pkl:58|class=836:n04355933.pkl:13;n04355933.pkl:37;n04355933.pkl:47|class=977:n09421951.pkl:25;n09421951.pkl:79;n09421951.pkl:89
resnet,77,77,+,21,12,0,0,0.0405995043424256,0.07214822838387071,0.0023512607147596564,0.0020091589491120546,0.8980518813359755,0.08238929032661467,class=692:n03871628.pkl:26;n03871628.pkl:114;n03871628.pkl:434|class=891:n04542943.pkl:42;n04542943.pkl:274;n04542943.pkl:283|class=638:n03710637.pkl:1120;n03710637.pkl:1193;n03710637.pkl:1226
resnet,78,78,+,8,5,1,0,0.057390609623484676,0.07943105703195258,0.003785756519359115,0.0038688016187917273,0.7790645940923213,0.2555441987498919,class=74:n01773797.pkl:8;n01773797.pkl:105;n01773797.pkl:213|class=304:n02169497.pkl:419;n02169497.pkl:453;n02169497.pkl:471|class=55:n01729977.pkl:853;n01729977.pkl:1057;n01729977.pkl:1096
resnet,79,79,+,4,4,2,2,0.5887419351193772,0.4243198728317653,0.429490105579462,0.4388930507615763,0.5037240048275895,0.5110664665996432,class=369:n02483708.pkl:0;n02483708.pkl:1;n02483708.pkl:2|class=368:n02483362.pkl:0;n02483362.pkl:3;n02483362.pkl:5|class=381:n02493793.pkl:18;n02493793.pkl:127;n02493793.pkl:279
resnet,80,80,+,11,10,1,0,0.11801680068170306,0.09634986843043118,0.0045174291166741095,0.005380138041621253,0.7840302936352175,0.21985615514709367,class=799:n04239074.pkl:132;n04239074.pkl:189;n04239074.pkl:295|class=896:n04553703.pkl:70;n04553703.pkl:476;n04553703.pkl:541|class=771:n04125021.pkl:202;n04125021.pkl:229;n04125021.pkl:251
resnet,81,81,+,9,6,3,1,0.05763887826248516,0.055688094231738844,0.01636488743166983,0.03222345198448349,0.46300878897452186,0.5419109894588948,class=687:n03854065.pkl:1;n03854065.pkl:7;n03854065.pkl:15|class=788:n04200800.pkl:19;n04200800.pkl:31;n04200800.pkl:72|class=836:n04355933.pkl:159;n04355933.pkl:213;n04355933.pkl:335
resnet,82,82,+,5,4,2,0,0.16685453401345612,0.1853888633556635,0.006312334507257532,0.0059726397635952245,0.7102167432595694,0.37905342296668487,class=945:n07720875.pkl:260;n07720875.pkl:278;n07720875.pkl:346|class=987:n12144580.pkl:7;n12144580.pkl:169;n12144580.pkl:250|class=304:n02169497.pkl:654;n02169497.pkl:886
resnet,83,83,+,2,2,1,1,0.4754355738802217,0.46418016262481043,0.4583223424943461,0.4565907407627444,0.019815243844843792,0.9962290063946508,class=5:n01496331.pkl:0;n01496331.pkl:1;n01496331.pkl:2|class=996:n13052670.pkl:705;n13052670.pkl:1053
resnet,84,84,+,7,4,3,2,0.22081299444787886,0.3033339441060791,0.03719301251075259,0.05641784724160908,0.46895582673711755,0.4715666526974876,class=655:n03770439.pkl:3;n03770439.pkl:9;n03770439.pkl:12|class=459:n02892767.pkl:4;n02892767.pkl:8;n02892767.pkl:16|class=841:n04370456.pkl:56;n04370456.pkl:116;n04370456.pkl:365
resnet,85,85,+,2,2,1,1,0.5221736857012135,0.4769657291008519,0.49614915357633066,0.4952449944443234,0.010516819222570015,0.998179307015381,class=747:n04023962.pkl:0;n04023962.pkl:1;n04023962.pkl:2|class=966:n07892512.pkl:546
resnet,86,86,+,8,6,3,2,0.35852246461696324,0.33640299644714966,0.08172348957280826,0.1265425000460518,0.495711245962321,0.4247015772425924,class=246:n02109047.pkl:6;n02109047.pkl:9;n02109047.pkl:15|class=159:n02087394.pkl:8;n02087394.pkl:12;n02087394.pkl:13|class=172:n02091134.pkl:8;n02091134.pkl:10;n02091134.pkl:24
resnet,87,87,+,3,1,1,1,0.318211717814033,0.4433621822428114,0.284571382532853,0.4001259520139935,0.025278380562922975,0.9923398946037273,class=940:n07716906.pkl:0;n07716906.pkl:1;n07716906.pkl:2|class=494:n03017168.pkl:284;n03017168.pkl:771|class=744:n04008634.pkl:1204
resnet,88,88,+,13,11,4,3,0.3015120994026121,0.37390663886628067,0.08706369339020373,0.16141841537799553,0.49828472048164907,0.3413396263047536,class=248:n02109961.pkl:0;n02109961.pkl:12;n02109961.pkl:27|class=238:n02107574.pkl:0;n02107574.pkl:1;n02107574.pkl:2|class=257:n02111500.pkl:8;n02111500.pkl:15;n02111500.pkl:17
resnet,89,89,+,2,2,1,1,0.5397736568633535,0.4538569163850541,0.3742933829046617,0.37252190371954214,0.024052545162776197,0.99527833730979,class=679:n03814906.pkl:0;n03814906.pkl:1;n03814906.pkl:2|class=488:n02999410.pkl:506;n02999410.pkl:648
resnet,90,90,+,4,4,1,0,0.057564739758891995,0.034454972888945425,0.005628708629387652,0.005270320420246043,0.6815798371916345,0.46917777432307217,class=466:n02917067.pkl:143;n02917067.pkl:213;n02917067.pkl:232|class=657:n03773504.pkl:259;n03773504.pkl:352;n03773504.pkl:566|class=744:n04008634.pkl:290
resnet,91,91,+,12,7,0,0,0.059112628851370745,0.09793514529281325,0.002275897069289657,0.002386926992233182,0.8436138957194786,0.17499585319648006,class=345:n02403003.pkl:39;n02403003.pkl:120;n02403003.pkl:231|class=386:n02504458.pkl:676;n02504458.pkl:706;n02504458.pkl:971|class=285:n02124075.pkl:247;n02124075.pkl:266;n02124075.pkl:683
resnet,92,92,+,5,3,2,2,0.25545061500858246,0.30458900041501813,0.11480227415359408,0.1654428096477786,0.3767727401804853,0.6153601303426134,class=856:n04428191.pkl:5;n04428191.pkl:13;n04428191.pkl:15|class=218:n02102177.pkl:5;n02102177.pkl:10;n02102177.pkl:13|class=435:n02808440.pkl:42;n02808440.pkl:1091
resnet,93,93,+,7,5,4,0,0.046779752631581184,0.04469434532929947,0.010665639197766141,0.0075151992865386125,0.8554096793302892,0.21378375027532018,class=14:n01537544.pkl:15;n01537544.pkl:38;n01537544.pkl:43|class=13:n01534433.pkl:56;n01534433.pkl:84;n01534433.pkl:101|class=19:n01592084.pkl:114;n01592084.pkl:124;n01592084.pkl:158
resnet,94,94,+,6,3,2,1,0.120294955580458,0.21101991093254996,0.08704358939599306,0.18722579515139057,0.09550617761853818,0.9377592639849799,class=885:n04525038.pkl:3;n04525038.pkl:4;n04525038.pkl:5|class=911:n04599235.pkl:87;n04599235.pkl:117;n04599235.pkl:533|class=68:n01756291.pkl:1035
resnet,95,95,+,1,1,1,1,0.9905511811023622,0.0,0.9181102362204724,0.0,0.0,1.0,class=23:n01616318.pkl:0;n01616318.pkl:1;n01616318.pkl:2
resnet,96,96,+,14,9,1,0,0.07902762894916616,0.0894843935897361,0.004489047929240142,0.004718696536101518,0.8378887495710854,0.15035229672596478,class=734:n03977966.pkl:0;n03977966.pkl:13;n03977966.pkl:68|class=654:n03769881.pkl:408;n03769881.pkl:496;n03769881.pkl:543|class=436:n02814533.pkl:328;n02814533.pkl:509;n02814533.pkl:732
resnet,97,97,+,9,4,0,0,0.04359073177969149,0.0583205934370629,0.002117623058617931,0.0022543013731786475,0.8166732598076997,0.23702804126890203,class=271:n02114712.pkl:114;n02114712.pkl:156;n02114712.pkl:347|class=282:n02123159.pkl:466;n02123159.pkl:594|class=36:n01667778.pkl:1;n01667778.pkl:1273
resnet,98,98,+,1,1,1,1,0.9992076069730587,0.0,0.9825673534072901,0.0,0.0,1.0,class=888:n04532670.pkl:0;n04532670.pkl:1;n04532670.pkl:2
resnet,99,99,+,1,1,1,1,1.0,0.0,1.0,0.0,0.0,1.0,class=932:n07695742.pkl:0;n07695742.pkl:1;n07695742.pkl:2
resnet,100,100,+,8,4,2,2,0.11516422983987197,0.19517537863698195,0.07084324475457668,0.139122026423051,0.32686424838647754,0.6070642372575682,class=651:n03761084.pkl:3;n03761084.pkl:5;n03761084.pkl:6|class=534:n03207941.pkl:12;n03207941.pkl:19;n03207941.pkl:20|class=760:n04070727.pkl:132;n04070727.pkl:197;n04070727.pkl:689
resnet,101,101,+,7,4,1,1,0.1577434482276813,0.343202862515543,0.14464581481791305,0.34787984559325963,0.052180663634615695,0.9691780718808837,class=916:n06359193.pkl:0;n06359193.pkl:2;n06359193.pkl:3|class=409:n02708093.pkl:82;n02708093.pkl:96;n02708093.pkl:142|class=764:n04090263.pkl:284;n04090263.pkl:773;n04090263.pkl:822
resnet,102,102,+,9,7,3,2,0.2779958680540346,0.37872325661874945,0.12711816235207588,0.23295794931631628,0.37399086847616586,0.48427305595365505,class=681:n03832673.pkl:2;n03832673.pkl:3;n03832673.pkl:4|class=620:n03642806.pkl:6;n03642806.pkl:7;n03642806.pkl:11|class=446:n02840245.pkl:62;n02840245.pkl:102;n02840245.pkl:114
resnet,103,103,+,7,6,3,2,0.2678191619914368,0.26063114442758273,0.04910609195924043,0.07072904048396124,0.5408820943026666,0.4392220296677367,class=697:n03877472.pkl:6;n03877472.pkl:13;n03877472.pkl:17|class=578:n03450230.pkl:5;n03450230.pkl:13;n03450230.pkl:15|class=689:n03866082.pkl:23;n03866082.pkl:194;n03866082.pkl:203
resnet,104,104,+,8,4,2,0,0.06038724440807614,0.06670468579814973,0.006990027205773552,0.008742935054113898,0.665474125962087,0.32055403680164674,class=46:n01693334.pkl:162;n01693334.pkl:226;n01693334.pkl:402|class=82:n01797886.pkl:74;n01797886.pkl:117;n01797886.pkl:175|class=277:n02119022.pkl:161;n02119022.pkl:246;n02119022.pkl:721
resnet,105,105,+,10,6,1,0,0.04934104470244125,0.09759943591734667,0.0028039760648735906,0.004867693792292609,0.6411294661028552,0.40136852813835777,class=600:n03532672.pkl:33;n03532672.pkl:124;n03532672.pkl:361|class=968:n07930864.pkl:671;n07930864.pkl:1105|class=473:n02951585.pkl:207;n02951585.pkl:1128
resnet,106,106,+,4,3,1,1,0.0986716570739527,0.06096470632676441,0.027501261261000127,0.04160382057832466,0.28518440408348583,0.8221385545596124,class=956:n07760859.pkl:15;n07760859.pkl:19;n07760859.pkl:47|class=479:n02974003.pkl:248;n02974003.pkl:349;n02974003.pkl:405|class=511:n03100240.pkl:731;n03100240.pkl:788;n03100240.pkl:1284
resnet,107,107,+,11,10,4,2,0.12881920935031832,0.1986484888931336,0.03265692006041833,0.054207303681155165,0.555276248581182,0.3413887593887608,class=819:n04296562.pkl:16;n04296562.pkl:20;n04296562.pkl:28|class=650:n03759954.pkl:2;n03759954.pkl:42;n03759954.pkl:195|class=542:n03250847.pkl:3;n03250847.pkl:5;n03250847.pkl:42
resnet,108,108,+,4,4,3,3,0.580614215659305,0.4235330882627561,0.3508297757168246,0.3793801071334735,0.5498640257675717,0.5423453744441111,class=142:n02033041.pkl:0;n02033041.pkl:1;n02033041.pkl:3|class=141:n02028035.pkl:1;n02028035.pkl:3;n02028035.pkl:4|class=140:n02027492.pkl:34;n02027492.pkl:56;n02027492.pkl:64
resnet,109,109,+,10,9,1,1,0.1081862467171367,0.15327167506391526,0.04594808459165885,0.13058231194859057,0.12338654070198592,0.9076698722006348,class=585:n03476991.pkl:0;n03476991.pkl:2;n03476991.pkl:3|class=650:n03759954.pkl:494;n03759954.pkl:518;n03759954.pkl:728|class=999:n15075141.pkl:385;n15075141.pkl:578;n15075141.pkl:817
resnet,110,110,+,2,2,1,1,0.5094495666286819,0.48632031492800165,0.4921457923270831,0.48670361545633484,0.049415462685233585,0.9890030820124245,class=962:n07871810.pkl:0;n07871810.pkl:1;n07871810.pkl:2|class=46:n01693334.pkl:91;n01693334.pkl:259;n01693334.pkl:1026
resnet,111,111,+,3,3,2,1,0.5908580103831441,0.4049300143904922,0.2532077388293729,0.3342107571048271,0.17730528455525188,0.9140518095709511,class=441:n02823750.pkl:1;n02823750.pkl:3;n02823750.pkl:4|class=440:n02823428.pkl:30;n02823428.pkl:66;n02823428.pkl:120|class=599:n03530642.pkl:701;n03530642.pkl:816;n03530642.pkl:1054
resnet,112,112,+,1,1,1,1,0.7559121621621622,0.0,0.7297297297297297,0.0,0.0,1.0,class=753:n04040759.pkl:0;n04040759.pkl:1;n04040759.pkl:2
resnet,113,113,+,6,5,2,1,0.1537541101552998,0.24274696611509416,0.030056279904219507,0.044493016636901764,0.556475703370455,0.5318929305170048,class=911:n04599235.pkl:0;n04599235.pkl:3;n04599235.pkl:15|class=474:n02963159.pkl:16;n02963159.pkl:105;n02963159.pkl:112|class=735:n03980874.pkl:115;n03980874.pkl:116;n03980874.pkl:163
resnet,114,114,+,4,4,3,3,0.73772427553809,0.24177730605640468,0.4366016870255144,0.4114906837012887,0.5864475046143944,0.4720696478338148,class=357:n02442845.pkl:0;n02442845.pkl:1;n02442845.pkl:2|class=356:n02441942.pkl:0;n02441942.pkl:1;n02441942.pkl:7|class=360:n02444819.pkl:64;n02444819.pkl:67;n02444819.pkl:77
resnet,115,115,+,3,2,0,0,0.07723815047764321,0.0850611927626396,0.0021311536973116444,0.001666191053540581,0.7401265429598787,0.5370838872264512,class=876:n04493381.pkl:147;n04493381.pkl:355;n04493381.pkl:715|class=620:n03642806.pkl:798|class=450:n02860847.pkl:242
resnet,116,116,+,4,2,1,1,0.09033505563168501,0.10777112687393024,0.016111983561914567,0.02327797689524366,0.3620145780020502,0.7718340984528159,class=917:n06596364.pkl:6;n06596364.pkl:10;n06596364.pkl:20|class=883:n04522168.pkl:661;n04522168.pkl:710;n04522168.pkl:725|class=912:n04604644.pkl:97;n04604644.pkl:1255
resnet,117,117,+,6,5,5,2,0.39871894530437063,0.3169749483328665,0.15697249360347185,0.260165028616792,0.45555197609876213,0.6244916322878106,class=403:n02687172.pkl:1;n02687172.pkl:3;n02687172.pkl:4|class=657:n03773504.pkl:3;n03773504.pkl:6;n03773504.pkl:39|class=536:n03216828.pkl:5;n03216828.pkl:46;n03216828.pkl:75
resnet,118,118,+,2,2,1,1,0.5605128205128205,0.4394871794871795,0.5010256410256411,0.49897435897435893,0.02123527559064587,0.9959142152831395,class=741:n03998194.pkl:0;n03998194.pkl:1;n03998194.pkl:2|class=911:n04599235.pkl:107;n04599235.pkl:897
resnet,119,119,+,5,5,2,1,0.22253194062536866,0.21771825394406544,0.0837860542595425,0.1568961491401152,0.15434407983153164,0.9013117045829333,class=686:n03843555.pkl:3;n03843555.pkl:9;n03843555.pkl:10|class=427:n02795169.pkl:83;n02795169.pkl:94;n02795169.pkl:191|class=504:n03063599.pkl:301;n03063599.pkl:631;n03063599.pkl:1254
resnet,120,120,+,4,3,1,1,0.1538740941665327,0.15884419914822392,0.07496054607717811,0.12605996574040995,0.08828503980784229,0.9570154346539576,class=804:n04254120.pkl:2;n04254120.pkl:3;n04254120.pkl:5|class=700:n03887697.pkl:386;n03887697.pkl:556;n03887697.pkl:812|class=631:n03690938.pkl:34
resnet,121,121,+,3,2,2,1,0.47298557813738656,0.4076587268981658,0.34512690088751846,0.46320945330348207,0.14568923199178738,0.9337820901413431,class=471:n02950826.pkl:0;n02950826.pkl:1;n02950826.pkl:2|class=764:n04090263.pkl:15;n04090263.pkl:18;n04090263.pkl:28|class=421:n02788148.pkl:18;n02788148.pkl:719;n02788148.pkl:985
resnet,122,122,+,12,12,7,5,0.3491711328730585,0.315481941479282,0.12300372751747024,0.1893007084682469,0.6082673459467471,0.28070585398446724,class=681:n03832673.pkl:2;n03832673.pkl:4;n03832673.pkl:5|class=620:n03642806.pkl:1;n03642806.pkl:2;n03642806.pkl:6|class=810:n04264628.pkl:2;n04264628.pkl:10;n04264628.pkl:12
resnet,123,123,+,8,3,2,0,0.023012123248513143,0.03946455424121831,0.005853746695593909,0.008545616522660221,0.5787989079079969,0.39139677464431405,class=665:n03785016.pkl:33;n03785016.pkl:117;n03785016.pkl:174|class=630:n03680355.pkl:357;n03680355.pkl:359;n03680355.pkl:373|class=731:n03970156.pkl:789;n03970156.pkl:983
resnet,124,124,+,6,4,3,1,0.19658101850767326,0.24541888777613674,0.11429810969126508,0.23299520865172843,0.1891867215179893,0.8592381958383337,class=771:n04125021.pkl:0;n04125021.pkl:3;n04125021.pkl:7|class=810:n04264628.pkl:10;n04264628.pkl:27;n04264628.pkl:46|class=662:n03777754.pkl:7;n03777754.pkl:36;n03777754.pkl:38
resnet,125,125,+,6,4,2,2,0.2837282951367168,0.30117728116766873,0.10772046479308174,0.20346165828826224,0.2623814607162502,0.7612564903006027,class=235:n02106662.pkl:4;n02106662.pkl:12;n02106662.pkl:13|class=636:n03709823.pkl:0;n03709823.pkl:75;n03709823.pkl:162|class=225:n02105162.pkl:74;n02105162.pkl:509;n02105162.pkl:748
resnet,126,126,+,6,3,1,1,0.22173355645697992,0.32689386153925587,0.11205835924432585,0.24674165594896,0.04679519381993779,0.9747295917598204,class=788:n04200800.pkl:0;n04200800.pkl:1;n04200800.pkl:2|class=526:n03179701.pkl:219;n03179701.pkl:232;n03179701.pkl:466|class=423:n02791124.pkl:431
resnet,127,127,+,7,6,6,2,0.5583508121406849,0.28090608053749866,0.06677711056511176,0.06517595761868113,0.7708703494717642,0.278945682976971,class=285:n02124075.pkl:1;n02124075.pkl:6;n02124075.pkl:7|class=288:n02128385.pkl:11;n02128385.pkl:18;n02128385.pkl:21|class=281:n02123045.pkl:22;n02123045.pkl:74;n02123045.pkl:122
resnet,128,128,+,2,2,1,1,0.5129007036747459,0.4870992963252541,0.5003909304143862,0.49960906958561374,0.00919067143453619,0.9984387207031251,class=130:n02007558.pkl:0;n02007558.pkl:1;n02007558.pkl:2|class=144:n02051845.pkl:758
resnet,129,129,+,4,2,1,1,0.2429830894393368,0.3917576325326118,0.16517091949536813,0.28425333008353953,0.02573760334384796,0.990429917200743,class=964:n07875152.pkl:0;n07875152.pkl:1;n07875152.pkl:2|class=947:n07734744.pkl:335|class=66:n01753488.pkl:146
resnet,130,130,+,4,2,1,1,0.17233481014450594,0.28230899816211924,0.05659494745816526,0.09572680738933409,0.07604571792524789,0.9652400688352135,class=93:n01829413.pkl:0;n01829413.pkl:7;n01829413.pkl:8|class=18:n01582220.pkl:35;n01582220.pkl:783;n01582220.pkl:872|class=7:n01514668.pkl:569
resnet,131,131,+,10,7,3,3,0.2771112586916694,0.3503656279418168,0.06926225266392486,0.1338986394220772,0.41754586564951957,0.4737309832959158,class=905:n04590129.pkl:2;n04590129.pkl:4;n04590129.pkl:5|class=904:n04589890.pkl:12;n04589890.pkl:14;n04589890.pkl:28|class=799:n04239074.pkl:0;n04239074.pkl:8;n04239074.pkl:48
resnet,132,132,+,6,6,5,4,0.39949768763045573,0.30757164733965364,0.21429348034476803,0.3467372086152214,0.4707271200010984,0.6030134012466868,class=41:n01685808.pkl:0;n01685808.pkl:1;n01685808.pkl:2|class=26:n01630670.pkl:8;n01630670.pkl:10;n01630670.pkl:13|class=43:n01688243.pkl:11;n01688243.pkl:18;n01688243.pkl:36
resnet,133,133,+,11,6,2,1,0.09953242573494392,0.17528473187851248,0.022267175175173112,0.05902864716468037,0.2903858598646988,0.7297647166239642,class=511:n03100240.pkl:5;n03100240.pkl:6;n03100240.pkl:24|class=598:n03529860.pkl:202;n03529860.pkl:233;n03529860.pkl:282|class=498:n03032252.pkl:92;n03032252.pkl:209;n03032252.pkl:337
resnet,134,134,+,6,5,3,3,0.3331441781290874,0.3546855422221966,0.15010040502047498,0.18692411441502335,0.5351013184763745,0.4251399650762206,class=442:n02825657.pkl:0;n02825657.pkl:2;n02825657.pkl:4|class=409:n02708093.pkl:1;n02708093.pkl:5;n02708093.pkl:7|class=892:n04548280.pkl:15;n04548280.pkl:40;n04548280.pkl:98
resnet,135,135,+,9,4,1,0,0.0664006645087505,0.08570959439198526,0.0067214909576210815,0.01411812799986227,0.42521148043853974,0.601319211261394,class=36:n01667778.pkl:61;n01667778.pkl:108;n01667778.pkl:111|class=58:n01737021.pkl:389;n01737021.pkl:488;n01737021.pkl:710|class=49:n01697457.pkl:336;n01697457.pkl:541
resnet,136,136,+,8,8,7,5,0.4975888470296028,0.29470850052448383,0.12151267503846622,0.12929856950920438,0.7524751873399746,0.2665318846271334,class=192:n02096177.pkl:1;n02096177.pkl:7;n02096177.pkl:9|class=203:n02098286.pkl:4;n02098286.pkl:7;n02098286.pkl:13|class=177:n02092002.pkl:1;n02092002.pkl:11;n02092002.pkl:50
resnet,137,137,+,3,1,1,1,0.2711882013615116,0.3809974787183869,0.22786682795348304,0.32099208127496387,0.018133459542181297,0.994795743862902,class=891:n04542943.pkl:3;n04542943.pkl:4;n04542943.pkl:5|class=868:n04476259.pkl:1120|class=422:n02790996.pkl:1106
resnet,138,138,+,4,2,1,1,0.24217016029592997,0.2990684415845229,0.11009862846222736,0.18475987180792325,0.08960237181242066,0.9540305347380771,class=752:n04039381.pkl:3;n04039381.pkl:4;n04039381.pkl:6|class=638:n03710637.pkl:149;n03710637.pkl:208;n03710637.pkl:439|class=852:n04409515.pkl:400
resnet,139,139,+,4,3,0,0,0.07073642718893738,0.08645037212695203,0.005357372076338208,0.0035794568354763213,0.8183908966941965,0.3616016584634029,class=912:n04604644.pkl:97;n04604644.pkl:248;n04604644.pkl:295|class=782:n04152593.pkl:379;n04152593.pkl:390;n04152593.pkl:608|class=790:n04204238.pkl:173;n04204238.pkl:662;n04204238.pkl:1282
resnet,140,140,+,8,7,6,4,0.39934321581307386,0.3358175383513225,0.13804586773176475,0.1428845649199722,0.7124480578719118,0.25891641806971627,class=201:n02097658.pkl:2;n02097658.pkl:3;n02097658.pkl:5|class=187:n02094433.pkl:0;n02094433.pkl:2;n02094433.pkl:4|class=193:n02096294.pkl:6;n02096294.pkl:13;n02096294.pkl:16
resnet,141,141,+,5,5,3,1,0.32645912817671086,0.3262002487410902,0.0413206547086759,0.045482012802897945,0.6414470409667803,0.4423120208896326,class=716:n03930313.pkl:11;n03930313.pkl:13;n03930313.pkl:18|class=912:n04604644.pkl:2;n04604644.pkl:4;n04604644.pkl:59|class=698:n03877845.pkl:37;n03877845.pkl:106;n03877845.pkl:119
resnet,142,142,+,16,10,3,1,0.08222207365526993,0.10821380057243378,0.008222905839250836,0.01757955340730609,0.5755271547664513,0.34815712376819685,class=830:n04336792.pkl:12;n04336792.pkl:40;n04336792.pkl:74|class=638:n03710637.pkl:192;n03710637.pkl:246;n03710637.pkl:351|class=529:n03188531.pkl:32;n03188531.pkl:34;n03188531.pkl:135
resnet,143,143,+,3,2,1,1,0.18411731172468984,0.2321975777362002,0.1487034431949583,0.20620230181879698,0.07087797301031024,0.9742826870353017,class=554:n03344393.pkl:0;n03344393.pkl:1;n03344393.pkl:5|class=762:n04081281.pkl:1;n04081281.pkl:382;n04081281.pkl:638|class=657:n03773504.pkl:472;n03773504.pkl:1297
resnet,144,144,+,5,4,2,2,0.3431166713222479,0.414667653526172,0.27139024391207467,0.38883093052304185,0.371133743586646,0.6105472451729064,class=221:n02102973.pkl:0;n02102973.pkl:1;n02102973.pkl:2|class=206:n02099429.pkl:0;n02099429.pkl:3;n02099429.pkl:4|class=220:n02102480.pkl:82;n02102480.pkl:206;n02102480.pkl:318
resnet,145,145,+,4,4,3,2,0.4801070193433187,0.33581429892212944,0.22738215479380125,0.3222679719165394,0.3374611540714467,0.7521824661572097,class=737:n03983396.pkl:1;n03983396.pkl:2;n03983396.pkl:3|class=440:n02823428.pkl:3;n02823428.pkl:12;n02823428.pkl:17|class=899:n04560804.pkl:425;n04560804.pkl:478;n04560804.pkl:536
resnet,146,146,+,1,1,1,1,0.6596409055425448,0.0,0.3317720530835285,0.0,0.0,1.0,class=990:n12768682.pkl:0;n12768682.pkl:3;n12768682.pkl:4
resnet,147,147,+,4,3,1,1,0.32002951436946725,0.34434825783145423,0.14562456884806071,0.24986316269647935,0.035652498768784964,0.9859955174042011,class=843:n04371774.pkl:0;n04371774.pkl:2;n04371774.pkl:6|class=488:n02999410.pkl:506;n02999410.pkl:823|class=248:n02109961.pkl:592
resnet,148,148,+,4,4,2,2,0.5520232164264957,0.4390739521071647,0.37881882819065144,0.4118960496566285,0.4786943060889992,0.5455644180152114,class=780:n04147183.pkl:0;n04147183.pkl:1;n04147183.pkl:2|class=914:n04612504.pkl:1;n04612504.pkl:2;n04612504.pkl:4|class=484:n02981792.pkl:109;n02981792.pkl:441;n02981792.pkl:785
resnet,149,149,+,2,1,1,1,0.4985977971566442,0.4905913920325449,0.3973115171674019,0.39651087665499196,0.011483173851653887,0.997986884914505,class=16:n01560419.pkl:0;n01560419.pkl:1;n01560419.pkl:3|class=21:n01608432.pkl:184
resnet,150,150,+,5,4,2,1,0.2612403763517453,0.29725189337802704,0.10783475654816643,0.20637433775157435,0.11438217122393782,0.9325273705764965,class=113:n01944390.pkl:0;n01944390.pkl:2;n01944390.pkl:3|class=74:n01773797.pkl:8;n01773797.pkl:131;n01773797.pkl:414|class=125:n01986214.pkl:423;n01986214.pkl:454;n01986214.pkl:459
resnet,151,151,+,5,4,2,1,0.12578750811125716,0.11881090718598468,0.027768996559557436,0.0389235561802732,0.4762754599177322,0.5929476050615766,class=564:n03388549.pkl:2;n03388549.pkl:6;n03388549.pkl:20|class=854:n04418357.pkl:19;n04418357.pkl:90;n04418357.pkl:106|class=794:n04209239.pkl:710;n04209239.pkl:795;n04209239.pkl:847
resnet,152,152,+,7,2,2,2,0.14593847026228438,0.26273802366245175,0.02755206405445404,0.04301357343960451,0.4205603886271374,0.49103787084508993,class=108:n01914609.pkl:11;n01914609.pkl:17;n01914609.pkl:28|class=116:n01955084.pkl:17;n01955084.pkl:29;n01955084.pkl:40|class=46:n01693334.pkl:663
resnet,153,153,+,8,7,3,3,0.29514343159933526,0.334173161809049,0.1178545996034687,0.183762152462554,0.5089019545481022,0.42889886494900753,class=257:n02111500.pkl:0;n02111500.pkl:2;n02111500.pkl:3|class=497:n03028079.pkl:6;n03028079.pkl:23;n03028079.pkl:27|class=406:n02699494.pkl:1;n02699494.pkl:2;n02699494.pkl:4
resnet,154,154,+,4,3,2,1,0.2926895544177279,0.32814791990119524,0.1482559747038088,0.24181467382166155,0.14159462986539453,0.9150907416016256,class=887:n04532106.pkl:2;n04532106.pkl:3;n04532106.pkl:5|class=461:n02895154.pkl:2;n02895154.pkl:83;n02895154.pkl:179|class=689:n03866082.pkl:549
resnet,155,155,+,12,5,0,0,0.02881009249866646,0.04015015511794453,0.002713816706959952,0.002125596352882722,0.8883367403213821,0.13445668550536927,class=134:n02012849.pkl:55;n02012849.pkl:118;n02012849.pkl:135|class=331:n02326432.pkl:167;n02326432.pkl:477;n02326432.pkl:1065|class=127:n02002556.pkl:297;n02002556.pkl:595;n02002556.pkl:794
resnet,156,156,+,12,10,2,2,0.1465619340420659,0.1999338352820453,0.020266012323809337,0.041457401820978436,0.4343558488644637,0.43206092534460117,class=638:n03710637.pkl:4;n03710637.pkl:81;n03710637.pkl:97|class=655:n03770439.pkl:1;n03770439.pkl:9;n03770439.pkl:36|class=461:n02895154.pkl:44;n02895154.pkl:108;n02895154.pkl:121
resnet,157,157,+,6,5,4,3,0.5227872038398603,0.3677337872448689,0.22543463736385783,0.351874573610162,0.4526071875029029,0.5727201418152387,class=19:n01592084.pkl:0;n01592084.pkl:1;n01592084.pkl:2|class=654:n03769881.pkl:2;n03769881.pkl:5;n03769881.pkl:12|class=656:n03770679.pkl:7;n03770679.pkl:18;n03770679.pkl:45
resnet,158,158,+,18,10,3,1,0.05230379628116487,0.08555760423381621,0.008169760946866467,0.015697166647933053,0.62042003069109,0.26064879032583815,class=585:n03476991.pkl:3;n03476991.pkl:7;n03476991.pkl:12|class=589:n03483316.pkl:28;n03483316.pkl:33;n03483316.pkl:55|class=999:n15075141.pkl:2;n15075141.pkl:64;n15075141.pkl:65
resnet,159,159,+,4,4,1,1,0.2727660787297531,0.41162817919838496,0.24669590687153586,0.420296126125155,0.054330274886378274,0.9756494915195064,class=553:n03337140.pkl:0;n03337140.pkl:1;n03337140.pkl:2|class=771:n04125021.pkl:97;n04125021.pkl:174;n04125021.pkl:202|class=423:n02791124.pkl:139;n02791124.pkl:284
resnet,160,160,+,12,7,2,0,0.024208887213648857,0.024565227755474,0.006159593675926684,0.008759950326712356,0.6970916783332898,0.25187912454169326,class=630:n03680355.pkl:109;n03680355.pkl:299;n03680355.pkl:301|class=703:n03891251.pkl:21;n03891251.pkl:122;n03891251.pkl:180|class=423:n02791124.pkl:58;n02791124.pkl:236;n02791124.pkl:345
resnet,161,161,+,2,2,2,1,0.6683706974335428,0.33079107959914794,0.48812428479648623,0.4775085735438323,0.08653296885385475,0.9784885192026107,class=432:n02804610.pkl:1;n02804610.pkl:2;n02804610.pkl:3|class=764:n04090263.pkl:28;n04090263.pkl:194;n04090263.pkl:663
resnet,162,162,+,15,6,1,0,0.016811856426976374,0.020669854858165047,0.004084783290827279,0.007569800441153575,0.6659191848015068,0.2956160932684783,class=781:n04149813.pkl:33;n04149813.pkl:48;n04149813.pkl:71|class=819:n04296562.pkl:237;n04296562.pkl:299;n04296562.pkl:388|class=733:n03976657.pkl:47;n03976657.pkl:465;n03976657.pkl:546
resnet,163,163,+,11,7,4,2,0.15676105214023014,0.25792625631289745,0.02525539290705173,0.045843874951699726,0.5071790048328385,0.3904538286839595,class=485:n02988304.pkl:7;n02988304.pkl:19;n02988304.pkl:40|class=196:n02097047.pkl:4;n02097047.pkl:18;n02097047.pkl:38|class=527:n03180011.pkl:23;n03180011.pkl:24;n03180011.pkl:29
resnet,164,164,+,1,1,1,1,0.9560067681895094,0.0,0.9247038917089678,0.0,0.0,1.0,class=462:n02906734.pkl:0;n02906734.pkl:1;n02906734.pkl:2
resnet,165,165,+,5,4,3,1,0.13745512232015242,0.12524844200508334,0.030871655297147953,0.037136990650529916,0.5811811577892317,0.4894166948178239,class=556:n03347037.pkl:0;n03347037.pkl:17;n03347037.pkl:24|class=827:n04330267.pkl:47;n04330267.pkl:123;n04330267.pkl:228|class=811:n04265275.pkl:9;n04265275.pkl:11;n04265275.pkl:81
resnet,166,166,+,4,2,2,2,0.26059398021991426,0.2866940425694489,0.0663669645553219,0.07337762575395061,0.4834457819815217,0.555607079168974,class=918:n06785654.pkl:1;n06785654.pkl:4;n06785654.pkl:10|class=526:n03179701.pkl:7;n03179701.pkl:23;n03179701.pkl:38|class=418:n02783161.pkl:1079
resnet,167,167,+,7,6,2,1,0.14750298220094377,0.20468732930102496,0.011181341291415419,0.017950386114434308,0.5111323637961235,0.5110384556282691,class=386:n02504458.pkl:25;n02504458.pkl:52;n02504458.pkl:54|class=353:n02423022.pkl:61;n02423022.pkl:92;n02423022.pkl:96|class=345:n02403003.pkl:93;n02403003.pkl:120;n02403003.pkl:612
resnet,168,168,+,1,1,1,1,0.9991666666666666,0.0,0.9991666666666666,0.0,0.0,1.0,class=879:n04507155.pkl:1;n04507155.pkl:2;n04507155.pkl:3
resnet,169,169,+,6,5,2,1,0.10474799956756603,0.14522083063757546,0.022656977766704643,0.04081155262851073,0.3735892400521712,0.707434720225106,class=297:n02134418.pkl:0;n02134418.pkl:4;n02134418.pkl:7|class=388:n02510455.pkl:65;n02510455.pkl:102;n02510455.pkl:235|class=295:n02133161.pkl:262;n02133161.pkl:301;n02133161.pkl:463
resnet,170,170,+,11,10,4,2,0.2569204103342225,0.25686596075793167,0.017364128405667825,0.021753857656950024,0.7321944411997177,0.2335926396462814,class=278:n02119789.pkl:68;n02119789.pkl:87;n02119789.pkl:146|class=349:n02415577.pkl:17;n02415577.pkl:18;n02415577.pkl:19|class=386:n02504458.pkl:3;n02504458.pkl:34;n02504458.pkl:54
resnet,171,171,+,3,2,2,2,0.24063542742201202,0.1686156923919367,0.09250965363091822,0.08555053354296366,0.5327032113642459,0.6184023911067333,class=644:n03729826.pkl:6;n03729826.pkl:7;n03729826.pkl:9|class=827:n04330267.pkl:14;n04330267.pkl:19;n04330267.pkl:47|class=505:n03063689.pkl:693
resnet,172,172,+,4,4,1,1,0.22074872360966286,0.2558452778587478,0.09744906598111786,0.16316462695413333,0.10230933015558362,0.9508687101377871,class=812:n04266014.pkl:0;n04266014.pkl:1;n04266014.pkl:6|class=657:n03773504.pkl:39;n03773504.pkl:259;n03773504.pkl:654|class=744:n04008634.pkl:41;n04008634.pkl:1018
resnet,173,173,+,9,7,2,1,0.11932726829524014,0.1485422076790846,0.040873918111183634,0.10363881820157993,0.20296622419822924,0.8254591448498412,class=903:n04584207.pkl:0;n04584207.pkl:3;n04584207.pkl:7|class=689:n03866082.pkl:105;n03866082.pkl:126;n03866082.pkl:127|class=865:n04462240.pkl:56;n04462240.pkl:471;n04462240.pkl:703
resnet,174,174,+,2,2,1,1,0.5542046605876393,0.4457953394123607,0.5005065856129686,0.4994934143870314,0.01152867602954866,0.9979777573800588,class=365:n02480495.pkl:0;n02480495.pkl:1;n02480495.pkl:2|class=381:n02493793.pkl:378
resnet,175,175,+,2,2,2,1,0.6526427947085383,0.3456722853251602,0.5134816183362657,0.48399100171428183,0.1879128997317652,0.9442165926110462,class=775:n04136333.pkl:0;n04136333.pkl:1;n04136333.pkl:2|class=689:n03866082.pkl:19;n03866082.pkl:46;n03866082.pkl:79
resnet,176,176,+,1,1,1,1,0.9983987189751802,0.0,0.9799839871897518,0.0,0.0,1.0,class=21:n01608432.pkl:0;n01608432.pkl:1;n01608432.pkl:2
resnet,177,177,+,7,5,3,2,0.26342945327799877,0.2958773862079782,0.10342400670627214,0.15533009422557284,0.4600664057393133,0.46509046902152534,class=68:n01756291.pkl:1;n01756291.pkl:2;n01756291.pkl:3|class=202:n02098105.pkl:0;n02098105.pkl:2;n02098105.pkl:3|class=524:n03146219.pkl:122;n03146219.pkl:149;n03146219.pkl:200
resnet,178,178,+,8,5,1,1,0.053023260997044665,0.06182179584975281,0.013995477798361527,0.03084468052245798,0.3098979276970342,0.7321487516551552,class=26:n01630670.pkl:17;n01630670.pkl:19;n01630670.pkl:20|class=35:n01667114.pkl:96;n01667114.pkl:117;n01667114.pkl:469|class=124:n01985128.pkl:725;n01985128.pkl:781;n01985128.pkl:869
resnet,179,179,+,19,14,4,0,0.05537533518555914,0.05959286865657731,0.006339635930548675,0.008332324973778771,0.7884984659672446,0.14354963938099363,class=987:n12144580.pkl:1;n12144580.pkl:36;n12144580.pkl:52|class=582:n03461385.pkl:60;n03461385.pkl:276;n03461385.pkl:355|class=345:n02403003.pkl:120;n02403003.pkl:231;n02403003.pkl:300
resnet,180,180,+,2,1,1,1,0.4940431172299403,0.4883427914970413,0.4411666140730174,0.4395379495779034,0.01942372411442699,0.9963150924050412,class=855:n04423845.pkl:0;n04423845.pkl:1;n04423845.pkl:4|class=773:n04131690.pkl:53;n04131690.pkl:825
resnet,181,181,+,2,2,1,1,0.547378104875805,0.45262189512419504,0.500459981600736,0.49954001839926404,0.010596962018089295,0.9981634542603806,class=661:n03777568.pkl:0;n03777568.pkl:1;n03777568.pkl:2|class=581:n03459775.pkl:543
resnet,182,182,+,3,3,1,1,0.1590680034933473,0.18042659781114329,0.09580600365227084,0.1323271252836014,0.0805634819379573,0.9692365931013013,class=626:n03666591.pkl:4;n03666591.pkl:5;n03666591.pkl:6|class=464:n02910353.pkl:402;n02910353.pkl:743;n02910353.pkl:769|class=551:n03314780.pkl:225
resnet,183,183,+,3,2,2,1,0.35450584074795505,0.26437841068494206,0.114534850761365,0.13101950155798728,0.3866130693680629,0.7695229493721223,class=489:n03000134.pkl:1;n03000134.pkl:6;n03000134.pkl:9|class=912:n04604644.pkl:4;n04604644.pkl:59;n04604644.pkl:69|class=421:n02788148.pkl:227;n02788148.pkl:719;n02788148.pkl:985
resnet,184,184,+,12,8,0,0,0.027942645398468528,0.04270102964973355,0.0028993649561926092,0.002264431982987786,0.8948893069437349,0.13416467158537776,class=482:n02979186.pkl:2;n02979186.pkl:147;n02979186.pkl:318|class=836:n04355933.pkl:122;n04355933.pkl:396;n04355933.pkl:471|class=231:n02106030.pkl:44;n02106030.pkl:186;n02106030.pkl:342
resnet,185,185,+,3,2,2,2,0.6675347222222223,0.4701769048514717,0.6467900612305854,0.45710627597667436,0.635130834030931,0.49982267572781447,class=290:n02128925.pkl:0;n02128925.pkl:1;n02128925.pkl:2|class=288:n02128385.pkl:0;n02128385.pkl:1;n02128385.pkl:3|class=68:n01756291.pkl:1035
resnet,186,186,+,7,5,2,1,0.07954359340663118,0.11235289656264334,0.04624352772718642,0.10099697667817337,0.22064264163971867,0.8242801496695946,class=838:n04357314.pkl:11;n04357314.pkl:24;n04357314.pkl:28|class=631:n03690938.pkl:95;n03690938.pkl:297;n03690938.pkl:581|class=479:n02974003.pkl:248;n02974003.pkl:349;n02974003.pkl:442
resnet,187,187,+,13,10,5,5,0.27106097460480577,0.3497375520697901,0.09674836782123933,0.16215834575010557,0.5682589487501204,0.29301969198036976,class=256:n02111277.pkl:0;n02111277.pkl:1;n02111277.pkl:3|class=205:n02099267.pkl:0;n02099267.pkl:2;n02099267.pkl:4|class=197:n02097130.pkl:0;n02097130.pkl:5;n02097130.pkl:10
resnet,188,188,+,16,11,4,0,0.05622077530671823,0.068757395392246,0.00471394884098756,0.005629667345389288,0.7913379070270047,0.15164064128542,class=681:n03832673.pkl:43;n03832673.pkl:85;n03832673.pkl:268|class=281:n02123045.pkl:99;n02123045.pkl:168;n02123045.pkl:171|class=911:n04599235.pkl:107;n04599235.pkl:234;n04599235.pkl:270
resnet,189,189,+,10,6,1,1,0.1191474541806167,0.14262709841557156,0.009137943691378088,0.023866371641165493,0.26519989856695586,0.7821436535992687,class=68:n01756291.pkl:9;n01756291.pkl:22;n01756291.pkl:38|class=636:n03709823.pkl:876;n03709823.pkl:1046|class=61:n01742172.pkl:193;n01742172.pkl:1000
resnet,190,190,+,19,13,3,1,0.08009882663344736,0.13860514003369193,0.012711493947284774,0.03564107343844659,0.46556897331327,0.46639754028106667,class=638:n03710637.pkl:2;n03710637.pkl:81;n03710637.pkl:84|class=876:n04493381.pkl:123;n04493381.pkl:287;n04493381.pkl:383|class=435:n02808440.pkl:1;n02808440.pkl:77;n02808440.pkl:108
resnet,191,191,+,4,4,3,3,0.6739085564691628,0.36072696439017754,0.3400905861435971,0.29593760595222374,0.6558356446113346,0.4393002117389547,class=815:n04275548.pkl:4;n04275548.pkl:7;n04275548.pkl:8|class=74:n01773797.pkl:2;n01773797.pkl:3;n01773797.pkl:8|class=73:n01773549.pkl:4;n01773549.pkl:17;n01773549.pkl:33
resnet,192,192,+,5,5,1,1,0.22831751309785203,0.3620148995732931,0.1572590869098252,0.31069603030850507,0.041974402659247234,0.9806743405634455,class=332:n02328150.pkl:0;n02328150.pkl:3;n02328150.pkl:4|class=848:n04392985.pkl:165;n04392985.pkl:218|class=342:n02396427.pkl:102;n02396427.pkl:150;n02396427.pkl:420
resnet,193,193,+,5,5,0,0,0.09790970121916884,0.12850968066864824,0.005077984791431697,0.002038914307596368,0.942061337563575,0.2322437207233357,class=309:n02206856.pkl:2;n02206856.pkl:29;n02206856.pkl:502|class=323:n02279972.pkl:22;n02279972.pkl:111;n02279972.pkl:279|class=325:n02281406.pkl:2;n02281406.pkl:148;n02281406.pkl:152
resnet,194,194,+,8,7,4,3,0.22389318002541853,0.23679146868301645,0.04650781253511632,0.05951201489883124,0.6114552354478394,0.32967627073691097,class=764:n04090263.pkl:3;n04090263.pkl:7;n04090263.pkl:9|class=413:n02749479.pkl:32;n02749479.pkl:42;n02749479.pkl:46|class=691:n03868863.pkl:6;n03868863.pkl:33;n03868863.pkl:39
resnet,195,195,+,4,4,1,1,0.2799812397367367,0.40838290478699685,0.21260345936189645,0.3665079587692163,0.01965638530026898,0.9929612696080277,class=902:n04579432.pkl:0;n04579432.pkl:1;n04579432.pkl:2|class=744:n04008634.pkl:844|class=473:n02951585.pkl:1128
resnet,196,196,+,3,3,1,1,0.3500465194213072,0.4596945465360697,0.33618990506510515,0.46939296079937604,0.047093966014099674,0.9831375917852933,class=974:n09288635.pkl:0;n09288635.pkl:1;n09288635.pkl:2|class=744:n04008634.pkl:41;n04008634.pkl:116;n04008634.pkl:492|class=469:n02939185.pkl:151
resnet,197,197,+,7,7,5,1,0.23870195142917433,0.3138871457055953,0.044795855256894966,0.07272607553209762,0.5324227047865449,0.5193932254018164,class=996:n13052670.pkl:8;n13052670.pkl:10;n13052670.pkl:37|class=995:n13044778.pkl:25;n13044778.pkl:27;n13044778.pkl:122|class=947:n07734744.pkl:34;n07734744.pkl:45;n07734744.pkl:61
resnet,198,198,+,5,4,1,1,0.20858455769521028,0.3296148600165586,0.07112299661060648,0.1381649819944238,0.08678588663845949,0.9547547804229531,class=976:n09399592.pkl:4;n09399592.pkl:7;n09399592.pkl:8|class=257:n02111500.pkl:185;n02111500.pkl:706;n02111500.pkl:734|class=155:n02086240.pkl:108;n02086240.pkl:1189
resnet,199,199,+,5,4,2,2,0.302148447079159,0.3599724432715582,0.05871195850090262,0.0826787834476338,0.41323217748025926,0.596611237846169,class=865:n04462240.pkl:15;n04462240.pkl:16;n04462240.pkl:18|class=509:n03089624.pkl:30;n03089624.pkl:31;n03089624.pkl:66|class=782:n04152593.pkl:312;n04152593.pkl:511
resnet,200,200,+,7,7,4,0,0.14371225523785577,0.172575399242851,0.01391490078924297,0.011085714493719622,0.8396127470434079,0.23352828999399447,class=681:n03832673.pkl:34;n03832673.pkl:39;n03832673.pkl:533|class=810:n04264628.pkl:215;n04264628.pkl:432;n04264628.pkl:601|class=662:n03777754.pkl:255;n03777754.pkl:443;n03777754.pkl:464
resnet,201,201,+,4,3,1,1,0.19083826260846848,0.2866859650990511,0.11036098601265626,0.1895849783908703,0.03184743919584125,0.9877627292264715,class=772:n04127249.pkl:5;n04127249.pkl:8;n04127249.pkl:9|class=524:n03146219.pkl:571|class=488:n02999410.pkl:506
resnet,202,202,+,2,1,1,1,0.3753373321908027,0.37444844330191374,0.28107854898600404,0.2801896600971151,0.01699217914987009,0.9968425788045481,class=772:n04127249.pkl:0;n04127249.pkl:1;n04127249.pkl:2|class=427:n02795169.pkl:849
resnet,203,203,+,2,1,1,1,0.5035897435897436,0.49641025641025643,0.5005128205128205,0.4994871794871795,0.011652349426562972,0.9979529192421392,class=465:n02916936.pkl:0;n02916936.pkl:1;n02916936.pkl:2|class=911:n04599235.pkl:107
resnet,204,204,+,4,4,3,3,0.41016711790807536,0.27280956000254747,0.16775924416109128,0.144025361981582,0.6958871883886243,0.4342659277117851,class=981:n09835506.pkl:2;n09835506.pkl:3;n09835506.pkl:4|class=429:n02799071.pkl:3;n02799071.pkl:28;n02799071.pkl:49|class=752:n04039381.pkl:35;n04039381.pkl:39;n04039381.pkl:45
resnet,205,205,+,9,9,5,2,0.20856255556130066,0.19995898761000352,0.054490231563685446,0.0925189435665789,0.5166018241322479,0.4314292362092513,class=893:n04548362.pkl:3;n04548362.pkl:5;n04548362.pkl:7|class=709:n03908618.pkl:6;n03908618.pkl:12;n03908618.pkl:17|class=721:n03938244.pkl:25;n03938244.pkl:65;n03938244.pkl:169
resnet,206,206,+,5,3,2,2,0.20413732263475987,0.19344271658552245,0.028495193431082654,0.03203973873078364,0.5637473807630831,0.45285101934034816,class=419:n02786058.pkl:11;n02786058.pkl:64;n02786058.pkl:100|class=453:n02870880.pkl:24;n02870880.pkl:51;n02870880.pkl:82|class=917:n06596364.pkl:306;n06596364.pkl:331;n06596364.pkl:1017
resnet,207,207,+,1,1,1,1,0.8920800696257616,0.0,0.7859007832898173,0.0,0.0,1.0,class=608:n03594734.pkl:1;n03594734.pkl:2;n03594734.pkl:3
resnet,208,208,+,9,5,0,0,0.08083189403704737,0.13829864753635426,0.0022842767623565113,0.0021017150474500227,0.8487848883607271,0.20517170451533728,class=610:n03595614.pkl:77;n03595614.pkl:240;n03595614.pkl:366|class=752:n04039381.pkl:173;n04039381.pkl:234;n04039381.pkl:545|class=422:n02790996.pkl:83;n02790996.pkl:564;n02790996.pkl:1182
resnet,209,209,+,1,1,1,1,1.0,0.0,1.0,0.0,0.0,1.0,class=649:n03743016.pkl:0;n03743016.pkl:1;n03743016.pkl:2
resnet,210,210,+,2,2,1,1,0.5185004424735322,0.47822623510420914,0.46524023297528744,0.46438333494615286,0.01061513779474425,0.9981598562764771,class=395:n02641379.pkl:0;n02641379.pkl:1;n02641379.pkl:4|class=44:n01689811.pkl:867
resnet,211,211,+,15,6,0,0,0.033637531986568756,0.06385041443166996,0.0024597282806802525,0.002224226984829786,0.873201469926127,0.12117873778847746,class=677:n03804744.pkl:89;n03804744.pkl:514;n03804744.pkl:584|class=418:n02783161.pkl:4;n02783161.pkl:259;n02783161.pkl:304|class=600:n03532672.pkl:361;n03532672.pkl:367;n03532672.pkl:406
resnet,212,212,+,8,8,5,4,0.6044667401524892,0.2240481535686094,0.11636899785124721,0.17888348401348747,0.5685597888825012,0.42037648228777336,class=234:n02106550.pkl:0;n02106550.pkl:1;n02106550.pkl:2|class=238:n02107574.pkl:3;n02107574.pkl:5;n02107574.pkl:7|class=243:n02108422.pkl:3;n02108422.pkl:18;n02108422.pkl:27
resnet,213,213,+,3,2,2,2,0.46663848698029,0.38568241706883905,0.18565468167176133,0.1606233307671315,0.5614409476225699,0.5828411692580386,class=216:n02101556.pkl:5;n02101556.pkl:7;n02101556.pkl:8|class=190:n02095889.pkl:0;n02095889.pkl:18;n02095889.pkl:25|class=331:n02326432.pkl:1285
resnet,214,214,+,5,5,1,1,0.21149282201240815,0.19517983884181844,0.06599550029631124,0.12821226678171824,0.08459126875327488,0.9548497260308463,class=488:n02999410.pkl:0;n02999410.pkl:6;n02999410.pkl:9|class=490:n03000247.pkl:228;n03000247.pkl:841;n03000247.pkl:916|class=679:n03814906.pkl:160;n03814906.pkl:1240
resnet,215,215,+,1,1,1,1,0.9975062344139651,0.0,0.9966749792186201,0.0,0.0,1.0,class=83:n01798484.pkl:0;n01798484.pkl:1;n01798484.pkl:2
resnet,216,216,+,10,2,0,0,0.011273832055045788,0.019379797314553728,0.0020913093273710343,0.0016763634220759568,0.8760179180308624,0.16425394588796705,class=356:n02441942.pkl:697;n02441942.pkl:745;n02441942.pkl:958|class=205:n02099267.pkl:204;n02099267.pkl:326;n02099267.pkl:426|class=274:n02115913.pkl:57;n02115913.pkl:71;n02115913.pkl:158
resnet,217,217,+,7,5,3,1,0.24143948932247833,0.2855654245365719,0.05641188578497253,0.11897760968107036,0.2745866454545214,0.7783215100325965,class=244:n02108551.pkl:1;n02108551.pkl:3;n02108551.pkl:6|class=256:n02111277.pkl:80;n02111277.pkl:88;n02111277.pkl:99|class=224:n02105056.pkl:4;n02105056.pkl:49;n02105056.pkl:162
resnet,218,218,+,2,2,2,2,0.6519387741860133,0.03406805175255323,0.28078971956552773,0.09563613594778025,0.9146211063614194,0.5580031580018328,class=516:n03125729.pkl:3;n03125729.pkl:5;n03125729.pkl:21|class=431:n02804414.pkl:2;n02804414.pkl:4;n02804414.pkl:10
resnet,219,219,+,4,4,2,2,0.4134433781464726,0.41066480531800936,0.32188157260931644,0.39325264377836666,0.41325734747234966,0.6231565607707958,class=987:n12144580.pkl:0;n12144580.pkl:1;n12144580.pkl:2|class=998:n13133613.pkl:4;n13133613.pkl:5;n13133613.pkl:9|class=509:n03089624.pkl:814
resnet,220,220,+,8,7,4,2,0.3531833106320325,0.2837589853839448,0.04779568691902736,0.07863354984906766,0.5382451041370492,0.4633361177385435,class=217:n02102040.pkl:4;n02102040.pkl:6;n02102040.pkl:7|class=238:n02107574.pkl:4;n02107574.pkl:8;n02107574.pkl:12|class=241:n02108000.pkl:41;n02108000.pkl:102;n02108000.pkl:104
resnet,221,221,+,10,9,3,1,0.24703627547466328,0.30356439188466805,0.015361863441464185,0.023826573720134074,0.6185695077810909,0.3405666328882383,class=782:n04152593.pkl:7;n04152593.pkl:16;n04152593.pkl:19|class=805:n04254680.pkl:29;n04254680.pkl:32;n04254680.pkl:36|class=638:n03710637.pkl:243;n03710637.pkl:294;n03710637.pkl:368
resnet,222,222,+,5,4,2,2,0.26314477860245644,0.27553616923328267,0.13076617449176578,0.1781274518305055,0.42463641587724815,0.5711084716085506,class=541:n03249569.pkl:0;n03249569.pkl:1;n03249569.pkl:2|class=542:n03250847.pkl:0;n03250847.pkl:2;n03250847.pkl:3|class=494:n03017168.pkl:133;n03017168.pkl:228;n03017168.pkl:590
resnet,223,223,+,1,1,1,1,0.8074324324324325,0.0,0.5853040540540541,0.0,0.0,1.0,class=626:n03666591.pkl:3;n03666591.pkl:7;n03666591.pkl:9
resnet,224,224,+,8,6,3,3,0.31741584089525265,0.3287519394486508,0.08348689304975897,0.12282477588458189,0.5220906707095185,0.3955486526185386,class=657:n03773504.pkl:0;n03773504.pkl:1;n03773504.pkl:3|class=744:n04008634.pkl:9;n04008634.pkl:17;n04008634.pkl:24|class=764:n04090263.pkl:9;n04090263.pkl:12;n04090263.pkl:15
resnet,225,225,+,2,1,1,1,0.5004625346901017,0.49953746530989823,0.4512303757018452,0.4503053063216417,0.011656936968826415,0.9979519970605675,class=400:n02669723.pkl:1;n02669723.pkl:2;n02669723.pkl:3|class=667:n03787032.pkl:570
resnet,226,226,+,5,3,1,1,0.11828736998973435,0.13470585022323125,0.04418096244897473,0.08474050377947288,0.11125495021220935,0.9357694202661541,class=415:n02776631.pkl:16;n02776631.pkl:18;n02776631.pkl:24|class=969:n07932039.pkl:182;n07932039.pkl:543;n07932039.pkl:750|class=928:n07614500.pkl:252
resnet,227,227,+,7,6,2,1,0.28292118702863883,0.3091604767976374,0.12807020985214518,0.30100667283805965,0.10502200078756417,0.9320042418379819,class=732:n03976467.pkl:0;n03976467.pkl:1;n03976467.pkl:2|class=485:n02988304.pkl:342;n02988304.pkl:370;n02988304.pkl:446|class=848:n04392985.pkl:165;n04392985.pkl:316;n04392985.pkl:341
resnet,228,228,+,13,7,2,1,0.12025500877699566,0.19623263346256808,0.012584413944896889,0.03304382195139491,0.3846896121415404,0.6072836166594898,class=101:n01871265.pkl:7;n01871265.pkl:33;n01871265.pkl:35|class=278:n02119789.pkl:120;n02119789.pkl:310;n02119789.pkl:409|class=288:n02128385.pkl:193;n02128385.pkl:265;n02128385.pkl:373
resnet,229,229,+,2,1,1,1,0.5032201656698976,0.4951772702275383,0.4660840723173163,0.4634031071698632,0.028422055769600597,0.9942644370234521,class=78:n01776313.pkl:0;n01776313.pkl:1;n01776313.pkl:2|class=689:n03866082.pkl:650;n03866082.pkl:652
resnet,230,230,+,2,2,1,1,0.5048811120316801,0.49100704586305677,0.48486473487614445,0.480595791439645,0.040795518078917674,0.9912343579840195,class=579:n03452741.pkl:0;n03452741.pkl:1;n03452741.pkl:2|class=657:n03773504.pkl:75;n03773504.pkl:169;n03773504.pkl:200
resnet,231,231,+,6,4,2,1,0.10798967702503036,0.1333488507778959,0.02852267548741753,0.051799694158909254,0.3324730163122168,0.7163627202286219,class=220:n02102480.pkl:4;n02102480.pkl:11;n02102480.pkl:21|class=193:n02096294.pkl:13;n02096294.pkl:23;n02096294.pkl:109|class=231:n02106030.pkl:89;n02106030.pkl:810
resnet,232,232,+,1,1,1,1,1.0,0.0,1.0,0.0,0.0,1.0,class=96:n01843383.pkl:0;n01843383.pkl:1;n01843383.pkl:2
resnet,233,233,+,21,17,1,1,0.06380349214598754,0.10650145798975308,0.014311172229999988,0.05112446900133668,0.3255343360287125,0.6553171905284599,class=689:n03866082.pkl:3;n03866082.pkl:6;n03866082.pkl:8|class=257:n02111500.pkl:8;n02111500.pkl:15;n02111500.pkl:192|class=101:n01871265.pkl:55;n01871265.pkl:73;n01871265.pkl:328
resnet,234,234,+,3,2,1,1,0.17623499146271557,0.23698289438942116,0.06719660112789126,0.09379176580439007,0.050890166830581125,0.9827352361874403,class=103:n01873310.pkl:3;n01873310.pkl:8;n01873310.pkl:51|class=34:n01665541.pkl:1021|class=58:n01737021.pkl:389
resnet,235,235,+,4,4,3,2,0.5190748723415793,0.4330733916335202,0.44559779481089057,0.44110825776429563,0.5453033005996134,0.4949877217143155,class=295:n02133161.pkl:0;n02133161.pkl:2;n02133161.pkl:4|class=297:n02134418.pkl:1;n02134418.pkl:2;n02134418.pkl:3|class=342:n02396427.pkl:49;n02396427.pkl:96;n02396427.pkl:102
resnet,236,236,+,9,7,3,1,0.19746444762089713,0.30130639585494906,0.10455474195959473,0.27515610978470156,0.14027329887554138,0.880646050253333,class=799:n04239074.pkl:0;n04239074.pkl:1;n04239074.pkl:2|class=904:n04589890.pkl:28;n04589890.pkl:38;n04589890.pkl:85|class=771:n04125021.pkl:91;n04125021.pkl:170;n04125021.pkl:178
resnet,237,237,+,4,2,1,1,0.2543792107472029,0.42813122230034484,0.24485488699302463,0.42192540938613005,0.021029226325696423,0.9923245381622039,class=641:n03720891.pkl:0;n03720891.pkl:1;n03720891.pkl:2|class=494:n03017168.pkl:771;n03017168.pkl:1024|class=910:n04597913.pkl:875
resnet,238,238,+,4,4,3,2,0.6383967658105122,0.37470123810264605,0.2736033311091451,0.41373099383102435,0.27043505789769257,0.8216541495451621,class=137:n02018207.pkl:0;n02018207.pkl:1;n02018207.pkl:2|class=36:n01667778.pkl:1;n01667778.pkl:3;n01667778.pkl:5|class=35:n01667114.pkl:57;n01667114.pkl:82;n01667114.pkl:309
resnet,239,239,+,6,3,1,1,0.059169897400052594,0.11106392225430498,0.04645688073427718,0.09683598445081107,0.1628768590506348,0.8908061047275609,class=792:n04208210.pkl:14;n04208210.pkl:18;n04208210.pkl:19|class=803:n04252225.pkl:74;n04252225.pkl:97;n04252225.pkl:163|class=342:n02396427.pkl:11;n02396427.pkl:153;n02396427.pkl:829
resnet,240,240,+,2,2,2,1,0.5319892266954307,0.4671836434451814,0.5138954517753604,0.4770061197713724,0.22312853911303407,0.9307927225866353,class=577:n03447721.pkl:0;n03447721.pkl:1;n03447721.pkl:2|class=494:n03017168.pkl:89;n03017168.pkl:99;n03017168.pkl:111
resnet,241,241,+,6,4,2,2,0.2945722109232371,0.4030347186623559,0.14979001711515236,0.21421625022357996,0.4005902779074015,0.5075359241379147,class=972:n09246464.pkl:0;n09246464.pkl:7;n09246464.pkl:9|class=500:n03042490.pkl:0;n03042490.pkl:1;n03042490.pkl:2|class=349:n02415577.pkl:608;n02415577.pkl:1112
resnet,242,242,+,2,1,1,1,0.4320081209705499,0.42638487823390514,0.3457351111190641,0.34479790399628996,0.01486692777186338,0.9972929077265098,class=646:n03733281.pkl:0;n03733281.pkl:2;n03733281.pkl:3|class=979:n09468604.pkl:213
resnet,243,243,+,4,4,4,4,0.7138164978614304,0.18524099450455864,0.3065948099056345,0.2611835247449655,0.7362499651110622,0.43142702040333364,class=849:n04398044.pkl:0;n04398044.pkl:1;n04398044.pkl:2|class=505:n03063689.pkl:1;n03063689.pkl:2;n03063689.pkl:3|class=899:n04560804.pkl:16;n04560804.pkl:21;n04560804.pkl:47
resnet,244,244,+,1,1,1,1,0.9992025518341308,0.0,0.9992025518341308,0.0,0.0,1.0,class=822:n04311174.pkl:0;n04311174.pkl:1;n04311174.pkl:2
resnet,245,245,+,2,2,2,2,0.932801815811741,0.06636345964735746,0.6626819527980424,0.3364833226610561,0.8050704313396709,0.6289100584657438,class=889:n04536866.pkl:1;n04536866.pkl:2;n04536866.pkl:3|class=486:n02992211.pkl:1;n02992211.pkl:2;n02992211.pkl:13
resnet,246,246,+,9,9,6,5,0.6168685082542429,0.3749572491056321,0.26269847625780784,0.23489939849704283,0.7586380270232734,0.19995062887698378,class=255:n02111129.pkl:0;n02111129.pkl:1;n02111129.pkl:2|class=257:n02111500.pkl:0;n02111500.pkl:3;n02111500.pkl:5|class=247:n02109525.pkl:0;n02109525.pkl:1;n02109525.pkl:2
resnet,247,247,+,9,4,1,0,0.02770762701770573,0.02934988545640581,0.00330961803757625,0.003503033750975183,0.7800559424996367,0.23558847550567807,class=46:n01693334.pkl:68;n01693334.pkl:144;n01693334.pkl:163|class=133:n02011460.pkl:92;n02011460.pkl:510;n02011460.pkl:522|class=312:n02229544.pkl:169;n02229544.pkl:729;n02229544.pkl:841
resnet,248,248,+,4,3,2,1,0.31091998408768595,0.40516348008082637,0.2510249541693641,0.41747859273008014,0.10493285575693627,0.9414720615656224,class=474:n02963159.pkl:0;n02963159.pkl:1;n02963159.pkl:2|class=911:n04599235.pkl:69;n04599235.pkl:87;n04599235.pkl:102|class=638:n03710637.pkl:501
resnet,249,249,+,7,5,5,1,0.21877529453527744,0.1984478545894607,0.045761351836757794,0.07811593861677577,0.48582794123815204,0.5591352585122387,class=345:n02403003.pkl:6;n02403003.pkl:7;n02403003.pkl:9|class=256:n02111277.pkl:6;n02111277.pkl:29;n02111277.pkl:62|class=231:n02106030.pkl:51;n02106030.pkl:70;n02106030.pkl:168
resnet,250,250,+,1,1,1,1,0.9992057188244639,0.0,0.9992057188244639,0.0,0.0,1.0,class=351:n02422106.pkl:0;n02422106.pkl:1;n02422106.pkl:2
resnet,251,251,+,16,3,1,0,0.011115959503185752,0.02078495817951298,0.002674241836500095,0.00399635667713196,0.7783434229763396,0.2020748418754597,class=912:n04604644.pkl:31;n04604644.pkl:59;n04604644.pkl:91|class=234:n02106550.pkl:48;n02106550.pkl:413;n02106550.pkl:458|class=266:n02113712.pkl:248;n02113712.pkl:505;n02113712.pkl:1177
resnet,252,252,+,3,2,1,1,0.3073133788287241,0.3040857512233523,0.18745754880665366,0.26320408486376723,0.030237365590683674,0.9904736727876686,class=554:n03344393.pkl:2;n03344393.pkl:3;n03344393.pkl:4|class=718:n03933933.pkl:552;n03933933.pkl:1225|class=562:n03388043.pkl:955
resnet,253,253,+,2,2,1,1,0.49264729982191824,0.47990844631873353,0.47480179756949376,0.47374022644422836,0.012572984479918125,0.9977666799283962,class=797:n04235860.pkl:0;n04235860.pkl:1;n04235860.pkl:2|class=764:n04090263.pkl:911
resnet,254,254,+,1,1,1,1,1.0,0.0,1.0,0.0,0.0,1.0,class=397:n02655020.pkl:0;n02655020.pkl:1;n02655020.pkl:2
resnet,255,255,+,5,4,1,0,0.06012489510220907,0.048473684479360915,0.005133067246756643,0.0044680066158505755,0.7683638335396914,0.3515317723852011,class=642:n03721384.pkl:83;n03721384.pkl:118;n03721384.pkl:185|class=822:n04311174.pkl:233;n04311174.pkl:263;n04311174.pkl:276|class=808:n04259630.pkl:317;n04259630.pkl:348;n04259630.pkl:804
resnet,256,256,+,13,13,6,5,0.3133660546447438,0.3401891182345067,0.14742281576499086,0.2555663493599444,0.5342463595268323,0.3080947320637367,class=159:n02087394.pkl:0;n02087394.pkl:1;n02087394.pkl:2|class=168:n02090379.pkl:6;n02090379.pkl:9;n02090379.pkl:11|class=211:n02100583.pkl:1;n02100583.pkl:3;n02100583.pkl:5
resnet,257,257,+,2,2,1,1,0.5170068027210885,0.4829931972789116,0.5002831315210755,0.4989225873033884,0.014908742600292658,0.9972841495163085,class=825:n04326547.pkl:0;n04326547.pkl:1;n04326547.pkl:2|class=46:n01693334.pkl:906
resnet,258,258,+,6,4,1,1,0.20832481835791683,0.29424407054694396,0.06395737901664307,0.1392437951787784,0.07705112425487035,0.9566521978729345,class=452:n02869837.pkl:2;n02869837.pkl:3;n02869837.pkl:7|class=494:n03017168.pkl:269;n03017168.pkl:842;n03017168.pkl:1058|class=808:n04259630.pkl:67;n04259630.pkl:78;n04259630.pkl:85
resnet,259,259,+,2,2,2,2,0.8946796668432488,0.0968957333252432,0.491795933321976,0.3809926092222531,0.5078629219012484,0.8000773665786405,class=716:n03930313.pkl:0;n03930313.pkl:1;n03930313.pkl:2|class=912:n04604644.pkl:2;n04604644.pkl:4;n04604644.pkl:31
resnet,260,260,+,5,5,3,2,0.5223632796951565,0.34712888133278286,0.21630089395328206,0.33102114332790544,0.38537004739022257,0.6684085736626363,class=231:n02106030.pkl:0;n02106030.pkl:5;n02106030.pkl:6|class=191:n02096051.pkl:4;n02096051.pkl:6;n02096051.pkl:9|class=230:n02105855.pkl:47;n02105855.pkl:66;n02105855.pkl:79
resnet,261,261,+,16,6,1,0,0.008564640870777945,0.012049816520141634,0.004563314671146151,0.01026257458331252,0.5853867285677146,0.37860534216165626,class=220:n02102480.pkl:34;n02102480.pkl:110;n02102480.pkl:117|class=194:n02096437.pkl:25;n02096437.pkl:95;n02096437.pkl:125|class=906:n04591157.pkl:334;n04591157.pkl:912;n04591157.pkl:1044
resnet,262,262,+,7,6,5,3,0.5372590669972347,0.33105414472672995,0.17667579420251384,0.20791104453253395,0.6278600756049664,0.34069207395410045,class=725:n03950228.pkl:0;n03950228.pkl:2;n03950228.pkl:3|class=899:n04560804.pkl:6;n04560804.pkl:8;n04560804.pkl:12|class=504:n03063599.pkl:4;n03063599.pkl:7;n03063599.pkl:8
resnet,263,263,+,9,6,4,3,0.12468719460473425,0.12976343976547175,0.03745197397315667,0.051750504495681166,0.6079342582527394,0.32325828005946644,class=433:n02807133.pkl:32;n02807133.pkl:37;n02807133.pkl:41|class=876:n04493381.pkl:36;n04493381.pkl:63;n04493381.pkl:65|class=638:n03710637.pkl:93;n03710637.pkl:113;n03710637.pkl:208
resnet,264,264,+,13,6,2,0,0.057192988421629884,0.1330447807967078,0.006133035067458728,0.010840707217800238,0.63839202983319,0.31726026877706265,class=743:n04005630.pkl:34;n04005630.pkl:94;n04005630.pkl:103|class=238:n02107574.pkl:29;n02107574.pkl:46;n02107574.pkl:70|class=486:n02992211.pkl:155;n02992211.pkl:224;n02992211.pkl:438
resnet,265,265,+,2,1,1,1,0.5035612535612536,0.49643874643874647,0.5014245014245015,0.4985754985754986,0.02812521429950811,0.9943343233471074,class=800:n04243546.pkl:0;n04243546.pkl:1;n04243546.pkl:2|class=782:n04152593.pkl:749;n04152593.pkl:916
resnet,266,266,+,8,6,0,0,0.05261561735161968,0.054485250101534544,0.002366220477366676,0.002084427644452222,0.8571153109759455,0.22200033736584923,class=567:n03400231.pkl:88;n03400231.pkl:132;n03400231.pkl:344|class=473:n02951585.pkl:207;n02951585.pkl:477;n02951585.pkl:554|class=754:n04041544.pkl:174;n04041544.pkl:521
resnet,267,267,+,3,2,2,2,0.3871787969946383,0.3263375143956761,0.2638887385004935,0.33480861802580103,0.2353578094051414,0.8699081523847045,class=898:n04557648.pkl:1;n04557648.pkl:3;n04557648.pkl:6|class=899:n04560804.pkl:122;n04560804.pkl:194;n04560804.pkl:273|class=971:n09229709.pkl:1090
resnet,268,268,+,6,4,1,0,0.07153520030172054,0.08855994944827576,0.008495701446655278,0.014971506118203057,0.3988188912673745,0.6842511516635593,class=142:n02033041.pkl:2;n02033041.pkl:35;n02033041.pkl:39|class=61:n01742172.pkl:193;n01742172.pkl:345;n01742172.pkl:488|class=139:n02025239.pkl:289;n02025239.pkl:299;n02025239.pkl:334
resnet,269,269,+,7,5,1,1,0.0772823594169234,0.10007819745371728,0.04037688895693924,0.09385450852939863,0.13208609003671593,0.9147313569531617,class=753:n04040759.pkl:6;n04040759.pkl:9;n04040759.pkl:10|class=904:n04589890.pkl:239;n04589890.pkl:312;n04589890.pkl:1282|class=545:n03271574.pkl:419;n03271574.pkl:744;n03271574.pkl:1002
resnet,270,270,+,5,5,4,3,0.6226175385208864,0.33686629930423034,0.2881204139169381,0.25331782651338275,0.6973867119340144,0.35460140691947006,class=416:n02777292.pkl:0;n02777292.pkl:2;n02777292.pkl:3|class=602:n03535780.pkl:0;n03535780.pkl:1;n03535780.pkl:5|class=702:n03888605.pkl:6;n03888605.pkl:9;n03888605.pkl:13
resnet,271,271,+,12,7,2,1,0.16288583436434956,0.289239110954252,0.02328477238883839,0.06828040671257093,0.22302307785270573,0.79991708853395,class=469:n02939185.pkl:12;n02939185.pkl:15;n02939185.pkl:22|class=926:n07590611.pkl:83;n07590611.pkl:146;n07590611.pkl:354|class=427:n02795169.pkl:447;n02795169.pkl:791;n02795169.pkl:816
resnet,272,272,+,7,5,3,2,0.1590117423545414,0.22498112968934708,0.10380127031496611,0.21226367843105154,0.27088473867118973,0.7402334520361935,class=424:n02791270.pkl:1;n02791270.pkl:2;n02791270.pkl:5|class=423:n02791124.pkl:33;n02791124.pkl:37;n02791124.pkl:51|class=585:n03476991.pkl:6;n03476991.pkl:58;n03476991.pkl:141
resnet,273,273,+,9,9,3,1,0.13912284229942293,0.19884400743620956,0.06675580707078042,0.16211841099676838,0.25769182242810307,0.7664169921919723,class=527:n03180011.pkl:0;n03180011.pkl:2;n03180011.pkl:11|class=592:n03492542.pkl:101;n03492542.pkl:103;n03492542.pkl:117|class=681:n03832673.pkl:10;n03832673.pkl:18;n03832673.pkl:428
resnet,274,274,+,2,2,2,1,0.5351441703102694,0.4383332363694949,0.4684449834639362,0.455916509659836,0.10240057790570832,0.9736128288451784,class=551:n03314780.pkl:0;n03314780.pkl:2;n03314780.pkl:3|class=836:n04355933.pkl:105;n04355933.pkl:141;n04355933.pkl:369
resnet,275,275,+,4,2,1,1,0.24922304069212867,0.4199031405267874,0.22283776719501772,0.38444425080841543,0.016891433791074884,0.9940963143813104,class=781:n04149813.pkl:0;n04149813.pkl:1;n04149813.pkl:2|class=409:n02708093.pkl:1085|class=790:n04204238.pkl:958
resnet,276,276,+,4,4,4,4,0.974340507555265,0.03541191704406389,0.6870357808346135,0.35338914361117246,0.8657760043980999,0.31614358106743234,class=356:n02441942.pkl:0;n02441942.pkl:1;n02441942.pkl:5|class=358:n02443114.pkl:0;n02443114.pkl:1;n02443114.pkl:2|class=359:n02443484.pkl:0;n02443484.pkl:1;n02443484.pkl:3
resnet,277,277,+,4,2,1,1,0.14195833512946215,0.20673115988618934,0.08297717236059475,0.1420438698522856,0.04309913609642111,0.9826013891581087,class=473:n02951585.pkl:0;n02951585.pkl:1;n02951585.pkl:3|class=968:n07930864.pkl:106|class=412:n02747177.pkl:41
resnet,278,278,+,3,3,2,1,0.5896461994981282,0.3012105648332845,0.29766225146581443,0.3866034503696207,0.20264437403995966,0.895626326842416,class=914:n04612504.pkl:1;n04612504.pkl:2;n04612504.pkl:5|class=700:n03887697.pkl:29;n03887697.pkl:30;n03887697.pkl:41|class=631:n03690938.pkl:506;n03690938.pkl:1039
resnet,279,279,+,3,3,1,1,0.1345704367804155,0.13663859140085727,0.02119644209777399,0.026165355315503548,0.3010931270603528,0.8412659250723479,class=291:n02129165.pkl:53;n02129165.pkl:95;n02129165.pkl:113|class=278:n02119789.pkl:188;n02119789.pkl:278;n02119789.pkl:507|class=288:n02128385.pkl:235
resnet,280,280,+,2,2,1,1,0.5843537414965987,0.41564625850340137,0.5034013605442177,0.4965986394557823,0.058427455554990425,0.9865777940102263,class=90:n01820546.pkl:0;n01820546.pkl:1;n01820546.pkl:2|class=46:n01693334.pkl:461;n01693334.pkl:822;n01693334.pkl:881
resnet,281,281,+,14,9,4,1,0.07284427437904004,0.10259401249087659,0.014484011049979954,0.03745473460941382,0.424540153503919,0.5490763009749948,class=582:n03461385.pkl:5;n03461385.pkl:18;n03461385.pkl:28|class=509:n03089624.pkl:218;n03089624.pkl:391;n03089624.pkl:415|class=692:n03871628.pkl:20;n03871628.pkl:37;n03871628.pkl:161
resnet,282,282,+,1,1,1,1,1.0,0.0,1.0,0.0,0.0,1.0,class=568:n03404251.pkl:0;n03404251.pkl:1;n03404251.pkl:2
resnet,283,283,+,6,5,4,1,0.24731033590113705,0.26832116467934,0.01658810862543737,0.018090830025170118,0.6988127193543837,0.3648978596885783,class=748:n04026417.pkl:25;n04026417.pkl:140;n04026417.pkl:147|class=636:n03709823.pkl:45;n03709823.pkl:168;n03709823.pkl:308|class=524:n03146219.pkl:74;n03146219.pkl:81;n03146219.pkl:127
resnet,284,284,+,4,4,2,2,0.46153595602080133,0.3103714697322204,0.1680559110475531,0.21740985788440723,0.3898183047443014,0.6683992408377537,class=313:n02231487.pkl:0;n02231487.pkl:2;n02231487.pkl:6|class=46:n01693334.pkl:8;n01693334.pkl:18;n01693334.pkl:28|class=312:n02229544.pkl:252;n02229544.pkl:651
resnet,285,285,+,3,3,1,0,0.05975592981370198,0.042103569018067104,0.006189669705518363,0.006241481118100266,0.5514691824993663,0.6722704400553333,class=46:n01693334.pkl:91;n01693334.pkl:218;n01693334.pkl:275|class=356:n02441942.pkl:1023;n02441942.pkl:1195|class=665:n03785016.pkl:326
resnet,286,286,+,4,4,1,1,0.22734001231238735,0.2352050794981925,0.1445897929885846,0.2480882683550839,0.03539312334133085,0.9859989458540599,class=730:n03967562.pkl:0;n03967562.pkl:3;n03967562.pkl:4|class=657:n03773504.pkl:346;n03773504.pkl:1208|class=494:n03017168.pkl:284
resnet,287,287,+,20,10,3,0,0.028279577305306114,0.038761681025711134,0.004333343542022949,0.005237505399784395,0.8055792096138324,0.1230420124493849,class=782:n04152593.pkl:161;n04152593.pkl:328;n04152593.pkl:401|class=527:n03180011.pkl:43;n03180011.pkl:168;n03180011.pkl:362|class=498:n03032252.pkl:273;n03032252.pkl:491;n03032252.pkl:585
resnet,288,288,+,3,2,1,1,0.34768839137763385,0.4614440269151795,0.333967208476869,0.470956312239022,0.01373861494803218,0.9962093964102123,class=164:n02088632.pkl:0;n02088632.pkl:2;n02088632.pkl:3|class=345:n02403003.pkl:658|class=162:n02088364.pkl:220
resnet,289,289,+,2,1,1,1,0.5006613756613757,0.4993386243386243,0.5006613756613757,0.4993386243386243,0.014538825902332625,0.9973614821769168,class=736:n03982430.pkl:0;n03982430.pkl:1;n03982430.pkl:2|class=482:n02979186.pkl:1296
resnet,290,290,+,11,7,3,0,0.1622668053603952,0.18554644213683594,0.007491584234994971,0.011893030023576051,0.6605046891006844,0.32001960045505223,class=976:n09399592.pkl:47;n09399592.pkl:128;n09399592.pkl:175|class=978:n09428293.pkl:125;n09428293.pkl:344;n09428293.pkl:381|class=718:n03933933.pkl:188;n03933933.pkl:236;n03933933.pkl:371
resnet,291,291,+,1,1,1,1,1.0,0.0,1.0,0.0,0.0,1.0,class=573:n03444034.pkl:0;n03444034.pkl:1;n03444034.pkl:2
resnet,292,292,+,11,9,5,2,0.2442187983770208,0.2801101875657079,0.02307250785414533,0.03006980948632692,0.6981997355102808,0.24532038507544818,class=987:n12144580.pkl:2;n12144580.pkl:7;n12144580.pkl:22|class=943:n07718472.pkl:5;n07718472.pkl:13;n07718472.pkl:37|class=998:n13133613.pkl:42;n13133613.pkl:206;n13133613.pkl:227
resnet,293,293,+,9,9,4,3,0.2810400437860584,0.3028760116642269,0.08914860209870813,0.12582334298213013,0.5677744298270914,0.3324464983878198,class=199:n02097298.pkl:5;n02097298.pkl:8;n02097298.pkl:12|class=184:n02093991.pkl:2;n02093991.pkl:9;n02093991.pkl:28|class=104:n01877812.pkl:2;n01877812.pkl:3;n01877812.pkl:7
resnet,294,294,+,13,13,7,3,0.3020231261955273,0.22690516826133947,0.028999052320120115,0.03941097699002021,0.7030051364163008,0.21899996586294132,class=567:n03400231.pkl:4;n03400231.pkl:13;n03400231.pkl:15|class=910:n04597913.pkl:6;n04597913.pkl:13;n04597913.pkl:19|class=909:n04596742.pkl:49;n04596742.pkl:169;n04596742.pkl:301
resnet,295,295,+,3,3,1,1,0.6155301518104167,0.28646050086454067,0.32897196529094724,0.4559572019563861,0.07258980830446633,0.9736711139311581,class=309:n02206856.pkl:0;n02206856.pkl:1;n02206856.pkl:3|class=599:n03530642.pkl:237;n03530642.pkl:426;n03530642.pkl:498|class=304:n02169497.pkl:420;n02169497.pkl:444;n02169497.pkl:671
resnet,296,296,+,3,3,1,1,0.2702565267171613,0.31925406192871353,0.16659236442779715,0.23382608724549003,0.031603614237057875,0.990014386206071,class=355:n02437616.pkl:0;n02437616.pkl:1;n02437616.pkl:5|class=177:n02092002.pkl:513;n02092002.pkl:933|class=256:n02111277.pkl:763
resnet,297,297,+,2,1,1,1,0.33095218484657585,0.33003727176331876,0.2543098490801525,0.2533949359968954,0.018995733833024823,0.9964088401350977,class=565:n03393912.pkl:2;n03393912.pkl:4;n03393912.pkl:5|class=762:n04081281.pkl:382
resnet,298,298,+,1,1,1,1,1.0,0.0,1.0,0.0,0.0,1.0,class=496:n03026506.pkl:0;n03026506.pkl:1;n03026506.pkl:2
resnet,299,299,+,6,4,1,1,0.3574464791933107,0.37858192489472936,0.1093821561644629,0.2386191873705007,0.06967463428391923,0.959837095343539,class=976:n09399592.pkl:0;n09399592.pkl:1;n09399592.pkl:2|class=978:n09428293.pkl:116;n09428293.pkl:197;n09428293.pkl:215|class=972:n09246464.pkl:555;n09246464.pkl:1267
resnet,300,300,+,2,2,1,1,0.5516909599120682,0.4466325941533133,0.48791303681331766,0.48694027416740326,0.011376469385732882,0.9980082660971181,class=558:n03372029.pkl:0;n03372029.pkl:1;n03372029.pkl:2|class=418:n02783161.pkl:591
resnet,301,301,+,1,1,1,1,0.9984472049689441,0.0,0.9984472049689441,0.0,0.0,1.0,class=92:n01828970.pkl:0;n01828970.pkl:1;n01828970.pkl:2
resnet,302,302,+,3,2,2,2,0.6466992016889014,0.4520065055247191,0.5447343332126034,0.3941005200700699,0.6270491901444376,0.5078043388526426,class=413:n02749479.pkl:0;n02749479.pkl:1;n02749479.pkl:2|class=764:n04090263.pkl:1;n04090263.pkl:3;n04090263.pkl:5|class=783:n04153751.pkl:435
resnet,303,303,+,2,1,1,1,0.501131221719457,0.498868778280543,0.501131221719457,0.498868778280543,0.0230975809906525,0.9954955184485017,class=755:n04044716.pkl:0;n04044716.pkl:1;n04044716.pkl:2|class=754:n04041544.pkl:456;n04041544.pkl:1190
resnet,304,304,+,6,6,3,2,0.513643079259478,0.3047102308691798,0.16714992092659017,0.2601514436143929,0.41479020480114703,0.5703946747557901,class=286:n02125311.pkl:1;n02125311.pkl:3;n02125311.pkl:4|class=249:n02110063.pkl:8;n02110063.pkl:9;n02110063.pkl:20|class=349:n02415577.pkl:361;n02415577.pkl:398;n02415577.pkl:399
resnet,305,305,+,4,4,1,1,0.3686851148573238,0.2959672322359279,0.06310735930325187,0.10564716131430103,0.1030723993002156,0.950641177603294,class=499:n03041632.pkl:0;n03041632.pkl:3;n03041632.pkl:7|class=813:n04270147.pkl:560;n04270147.pkl:1079;n04270147.pkl:1257|class=623:n03658185.pkl:513;n03658185.pkl:570
resnet,306,306,+,6,5,2,1,0.10711077362989835,0.10223899455365318,0.031064413662572444,0.05453465506524624,0.344664025725772,0.6803169939521122,class=848:n04392985.pkl:2;n04392985.pkl:19;n04392985.pkl:23|class=745:n04009552.pkl:6;n04009552.pkl:159;n04009552.pkl:161|class=427:n02795169.pkl:49;n02795169.pkl:182;n02795169.pkl:695
resnet,307,307,+,5,4,1,1,0.32399824970501934,0.380879514412396,0.20209003915141616,0.3989583624054634,0.0430301948999157,0.9794626770824874,class=57:n01735189.pkl:0;n01735189.pkl:1;n01735189.pkl:2|class=68:n01756291.pkl:134;n01756291.pkl:477;n01756291.pkl:962|class=60:n01740131.pkl:262;n01740131.pkl:350;n01740131.pkl:530
resnet,308,308,+,3,2,1,1,0.35469950568034,0.45680568772625224,0.33405101224717915,0.4708970469966582,0.015319884628741818,0.9957101063935226,class=533:n03207743.pkl:0;n03207743.pkl:1;n03207743.pkl:2|class=620:n03642806.pkl:51|class=911:n04599235.pkl:107
resnet,309,309,+,9,4,2,1,0.12301241155348881,0.28392274390514366,0.03349191908604414,0.08121328781030766,0.24958729792693693,0.7644396194492891,class=718:n03933933.pkl:6;n03933933.pkl:7;n03933933.pkl:9|class=460:n02894605.pkl:40;n02894605.pkl:47;n02894605.pkl:199|class=978:n09428293.pkl:339;n09428293.pkl:344;n09428293.pkl:417
resnet,310,310,+,30,29,16,10,0.22429935123631584,0.19426033533007397,0.04218559010442054,0.06409258405156104,0.7495589607802391,0.11027579049749682,class=220:n02102480.pkl:7;n02102480.pkl:9;n02102480.pkl:15|class=252:n02110627.pkl:7;n02110627.pkl:11;n02110627.pkl:23|class=380:n02493509.pkl:1;n02493509.pkl:36;n02493509.pkl:57
resnet,311,311,+,5,5,1,0,0.1894463820967159,0.22519130188281458,0.006534853916288816,0.009331457123422593,0.5113002866631343,0.6078093307628916,class=312:n02229544.pkl:62;n02229544.pkl:168;n02229544.pkl:215|class=356:n02441942.pkl:93;n02441942.pkl:206;n02441942.pkl:1206|class=486:n02992211.pkl:116;n02992211.pkl:378
resnet,312,312,+,1,1,1,1,0.9983164983164983,0.0,0.9957912457912458,0.0,0.0,1.0,class=808:n04259630.pkl:0;n04259630.pkl:1;n04259630.pkl:2
resnet,313,313,+,1,1,1,1,0.6779026217228464,0.0,0.31741573033707865,0.0,0.0,1.0,class=906:n04591157.pkl:1;n04591157.pkl:3;n04591157.pkl:7
resnet,314,314,+,11,9,5,4,0.28632923239091984,0.3524099922620554,0.07001586987541762,0.12222584306902745,0.535067096912428,0.367947777912441,class=585:n03476991.pkl:6;n03476991.pkl:9;n03476991.pkl:16|class=440:n02823428.pkl:16;n02823428.pkl:19;n02823428.pkl:22|class=631:n03690938.pkl:12;n03690938.pkl:13;n03690938.pkl:64
resnet,315,315,+,2,2,1,1,0.5565110565110565,0.4434889434889435,0.5008190008190008,0.4991809991809992,0.017494232951243603,0.996734702609898,class=985:n11939491.pkl:0;n11939491.pkl:1;n11939491.pkl:2|class=309:n02206856.pkl:29;n02206856.pkl:748
resnet,316,316,+,1,1,1,1,0.8535433070866142,0.0,0.43622047244094486,0.0,0.0,1.0,class=963:n07873807.pkl:0;n07873807.pkl:1;n07873807.pkl:4
resnet,317,317,+,1,1,1,1,0.9984472049689441,0.0,0.9891304347826086,0.0,0.0,1.0,class=347:n02410509.pkl:0;n02410509.pkl:1;n02410509.pkl:2
resnet,318,318,+,3,2,2,2,0.6695446869156184,0.4666767662926011,0.5161432719354241,0.40718849170295496,0.5973510309658716,0.5407908592775857,class=352:n02422699.pkl:0;n02422699.pkl:1;n02422699.pkl:2|class=353:n02423022.pkl:0;n02423022.pkl:3;n02423022.pkl:7|class=345:n02403003.pkl:899
resnet,319,319,+,3,3,2,2,0.6090283823373236,0.395361957862762,0.4264831917226582,0.42101411719691,0.48329644776229264,0.6581723768392286,class=8:n01514859.pkl:0;n01514859.pkl:1;n01514859.pkl:2|class=7:n01514668.pkl:3;n01514668.pkl:4;n01514668.pkl:5|class=82:n01797886.pkl:1115
resnet,320,320,+,12,7,0,0,0.12324973054293108,0.23731240086442093,0.0034721576916852,0.0033163965510709997,0.8354050386502827,0.15935769491367485,class=539:n03223299.pkl:389;n03223299.pkl:469;n03223299.pkl:496|class=535:n03208938.pkl:189;n03208938.pkl:305;n03208938.pkl:438|class=436:n02814533.pkl:2;n02814533.pkl:10;n02814533.pkl:102
resnet,321,321,+,2,1,1,1,0.49107674443544597,0.4890317546603949,0.37709352592477546,0.37607103103724987,0.01487049466090477,0.997292160798239,class=693:n03873416.pkl:0;n03873416.pkl:1;n03873416.pkl:2|class=639:n03710721.pkl:627
resnet,322,322,+,2,1,1,1,0.441640148138557,0.4395170058880262,0.272227423561069,0.2711658524358036,0.020363100876914397,0.9961080288181521,class=900:n04562935.pkl:1;n04562935.pkl:2;n04562935.pkl:3|class=764:n04090263.pkl:28
resnet,323,323,+,9,7,1,0,0.08343065708833029,0.08194907014055097,0.006438511178328994,0.010196322071152703,0.6245801631934685,0.38977049504241423,class=482:n02979186.pkl:23;n02979186.pkl:124;n02979186.pkl:201|class=782:n04152593.pkl:72;n04152593.pkl:450;n04152593.pkl:484|class=681:n03832673.pkl:10;n03832673.pkl:19;n03832673.pkl:386
resnet,324,324,+,12,8,1,0,0.03747875142759655,0.04058286945089753,0.0035844628242037244,0.00469411664279773,0.787513271971564,0.22624850886025827,class=805:n04254680.pkl:36;n04254680.pkl:38;n04254680.pkl:50|class=768:n04118538.pkl:3;n04118538.pkl:112;n04118538.pkl:246|class=560:n03379051.pkl:530;n03379051.pkl:605;n03379051.pkl:666
resnet,325,325,+,5,3,1,1,0.1988342343998603,0.38043920475900905,0.10250007159336842,0.19918446042451474,0.0818227345025577,0.9552531845651538,class=854:n04418357.pkl:1;n04418357.pkl:3;n04418357.pkl:8|class=638:n03710637.pkl:210;n03710637.pkl:219;n03710637.pkl:560|class=846:n04380533.pkl:168;n04380533.pkl:776;n04380533.pkl:988
resnet,326,326,+,3,3,1,1,0.4732815963994282,0.39679880452675553,0.30707943988617203,0.4328813231410008,0.015254066842290345,0.9957251561789416,class=650:n03759954.pkl:0;n03759954.pkl:1;n03759954.pkl:6|class=754:n04041544.pkl:628|class=589:n03483316.pkl:446
resnet,327,327,+,5,4,2,2,0.323244963509061,0.3778245685336936,0.25779942621082186,0.33734198333407683,0.41478925459022864,0.5424576646709338,class=461:n02895154.pkl:0;n02895154.pkl:2;n02895154.pkl:3|class=524:n03146219.pkl:1;n03146219.pkl:5;n03146219.pkl:6|class=783:n04153751.pkl:435;n04153751.pkl:441
resnet,328,328,+,7,6,2,0,0.155858942721065,0.18614833134118075,0.00952850114690569,0.010823775718822273,0.6946152847446986,0.3271932229650214,class=706:n03899768.pkl:27;n03899768.pkl:48;n03899768.pkl:60|class=580:n03457902.pkl:2;n03457902.pkl:50;n03457902.pkl:108|class=738:n03991062.pkl:116;n03991062.pkl:255;n03991062.pkl:431
resnet,329,329,+,6,5,1,1,0.12782840347676683,0.16927238555642285,0.016209194247714203,0.031362413541547604,0.27560817152527517,0.790609571075898,class=506:n03065424.pkl:4;n03065424.pkl:8;n03065424.pkl:38|class=700:n03887697.pkl:1;n03887697.pkl:70;n03887697.pkl:692|class=782:n04152593.pkl:300
resnet,330,330,+,5,4,3,2,0.29880943369461865,0.20934735563390833,0.05364315327129252,0.056516183039902385,0.6138622235122838,0.421996968592664,class=702:n03888605.pkl:4;n03888605.pkl:8;n03888605.pkl:19|class=602:n03535780.pkl:0;n03535780.pkl:1;n03535780.pkl:3|class=733:n03976657.pkl:128;n03976657.pkl:138;n03976657.pkl:265
resnet,331,331,+,1,1,1,1,1.0,0.0,1.0,0.0,0.0,1.0,class=94:n01833805.pkl:0;n01833805.pkl:1;n01833805.pkl:2
resnet,332,332,+,9,6,0,0,0.020960086197747103,0.02323458406624533,0.0017961221170071243,0.0016939143282532602,0.8382335395286232,0.20993652738155405,class=484:n02981792.pkl:216;n02981792.pkl:529;n02981792.pkl:667|class=405:n02692877.pkl:35;n02692877.pkl:689;n02692877.pkl:739|class=836:n04355933.pkl:1129
resnet,333,333,+,4,4,2,2,0.5254708440171193,0.459214783108482,0.35865464794371116,0.3870609337713003,0.4847856470051917,0.5411694203462665,class=388:n02510455.pkl:0;n02510455.pkl:1;n02510455.pkl:2|class=378:n02492035.pkl:0;n02492035.pkl:2;n02492035.pkl:3|class=368:n02483362.pkl:144;n02483362.pkl:153;n02483362.pkl:994
resnet,334,334,+,2,2,1,1,0.5418295543393276,0.4581704456606724,0.5003909304143862,0.49960906958561374,0.00919067143453619,0.9984387207031251,class=146:n02058221.pkl:0;n02058221.pkl:1;n02058221.pkl:2|class=144:n02051845.pkl:758
resnet,335,335,+,4,2,0,0,0.010684149763029982,0.008378815598442155,0.001029567499087099,0.00014694046599948436,0.9928551513056305,0.2550922906687108,class=841:n04370456.pkl:502|class=358:n02443114.pkl:342|class=281:n02123045.pkl:941
resnet,336,336,+,18,16,5,1,0.22001737650293413,0.17619994642419654,0.01439739740593659,0.024314429602531436,0.6633089442879372,0.21400389115494314,class=485:n02988304.pkl:8;n02988304.pkl:17;n02988304.pkl:25|class=846:n04380533.pkl:0;n04380533.pkl:7;n04380533.pkl:90|class=482:n02979186.pkl:97;n02979186.pkl:100;n02979186.pkl:140
resnet,337,337,+,10,9,3,2,0.13751706151583262,0.16848811623247908,0.03343826222991547,0.06946281768081829,0.43115891488082886,0.5315363594500749,class=975:n09332890.pkl:0;n09332890.pkl:2;n09332890.pkl:7|class=733:n03976657.pkl:6;n03976657.pkl:9;n03976657.pkl:10|class=638:n03710637.pkl:491;n03710637.pkl:502;n03710637.pkl:544
resnet,338,338,+,8,6,3,2,0.2578607725768256,0.24183894714287055,0.04787577871247696,0.07036774917613688,0.5357287746632542,0.39503846486360567,class=567:n03400231.pkl:20;n03400231.pkl:29;n03400231.pkl:31|class=618:n03633091.pkl:4;n03633091.pkl:6;n03633091.pkl:29|class=647:n03733805.pkl:16;n03733805.pkl:20;n03733805.pkl:57
resnet,339,339,+,6,5,2,1,0.1695462075424362,0.22438837737576553,0.020377496415783302,0.03062318264494375,0.516861777594833,0.5430650487704642,class=896:n04553703.pkl:4;n04553703.pkl:7;n04553703.pkl:30|class=804:n04254120.pkl:1;n04254120.pkl:35;n04254120.pkl:105|class=422:n02790996.pkl:380;n02790996.pkl:519;n02790996.pkl:590
resnet,340,340,+,12,5,2,1,0.1573843103666638,0.2191794238341979,0.008722167911969165,0.014499288565315276,0.6171289977847267,0.3136170628289785,class=623:n03658185.pkl:38;n03658185.pkl:92;n03658185.pkl:96|class=764:n04090263.pkl:25;n04090263.pkl:92;n04090263.pkl:130|class=512:n03109150.pkl:29;n03109150.pkl:140;n03109150.pkl:260
resnet,341,341,+,7,6,5,5,0.5914559346389413,0.3122394181488437,0.28832414783053517,0.29660310889200975,0.6907595575985632,0.29403609243972856,class=186:n02094258.pkl:0;n02094258.pkl:2;n02094258.pkl:4|class=185:n02094114.pkl:1;n02094114.pkl:3;n02094114.pkl:4|class=193:n02096294.pkl:3;n02096294.pkl:5;n02096294.pkl:6
resnet,342,342,+,1,1,1,1,1.0,0.0,1.0,0.0,0.0,1.0,class=428:n02797295.pkl:0;n02797295.pkl:1;n02797295.pkl:3
resnet,343,343,+,8,6,1,0,0.11784442819587299,0.12585803293767084,0.003979049343985935,0.0035072682918680163,0.8254876991112399,0.22211567681362562,class=799:n04239074.pkl:134;n04239074.pkl:516;n04239074.pkl:780|class=453:n02870880.pkl:40;n02870880.pkl:194;n02870880.pkl:266|class=729:n03961711.pkl:290;n03961711.pkl:594;n03961711.pkl:609
resnet,344,344,+,13,8,2,0,0.05510841117188574,0.05726175506692351,0.005450216558528856,0.00981214320147829,0.6342679175797394,0.32624294339181636,class=912:n04604644.pkl:59;n04604644.pkl:70;n04604644.pkl:90|class=789:n04201297.pkl:559;n04201297.pkl:567;n04201297.pkl:569|class=519:n03127925.pkl:31;n03127925.pkl:192;n03127925.pkl:198
resnet,345,345,+,10,5,3,1,0.042030284732543596,0.06256157046824773,0.013144249335028215,0.021560162493618338,0.5418630612000411,0.36904968133710164,class=856:n04428191.pkl:35;n04428191.pkl:37;n04428191.pkl:39|class=958:n07802026.pkl:57;n07802026.pkl:173;n07802026.pkl:206|class=987:n12144580.pkl:17;n12144580.pkl:168;n12144580.pkl:502
resnet,346,346,+,6,4,2,2,0.08047783800317286,0.11502277333116011,0.021616664712332593,0.025828452811141434,0.6101071252609764,0.40460705168740274,class=395:n02641379.pkl:33;n02641379.pkl:39;n02641379.pkl:132|class=389:n02514041.pkl:10;n02514041.pkl:32;n02514041.pkl:127|class=5:n01496331.pkl:99;n01496331.pkl:304;n01496331.pkl:339
resnet,347,347,+,35,19,7,3,0.04592374821876553,0.06129553961827538,0.01151070829795215,0.022725683949408364,0.7028018022852469,0.1399397782990782,class=689:n03866082.pkl:9;n03866082.pkl:36;n03866082.pkl:54|class=906:n04591157.pkl:12;n04591157.pkl:40;n04591157.pkl:105|class=168:n02090379.pkl:45;n02090379.pkl:101;n02090379.pkl:135
resnet,348,348,+,6,4,3,1,0.4071294328070823,0.36018487760713663,0.16464897943177803,0.3336822253713309,0.19682413362275306,0.851203481660471,class=320:n02268853.pkl:0;n02268853.pkl:1;n02268853.pkl:3|class=602:n03535780.pkl:28;n03535780.pkl:61;n03535780.pkl:125|class=418:n02783161.pkl:3;n02783161.pkl:4;n02783161.pkl:15
resnet,349,349,+,13,8,3,0,0.043836945967885,0.057220460365216136,0.0066727525176622764,0.011313377920923708,0.6475283338446312,0.29804469404108863,class=638:n03710637.pkl:0;n03710637.pkl:11;n03710637.pkl:28|class=830:n04336792.pkl:35;n04336792.pkl:36;n04336792.pkl:190|class=602:n03535780.pkl:6;n03535780.pkl:44;n03535780.pkl:60
resnet,350,350,+,3,2,1,1,0.20822980300424854,0.2606528861288167,0.10963600302750222,0.1536451737762108,0.037342290800814616,0.9879848868883464,class=416:n02777292.pkl:1;n02777292.pkl:6;n02777292.pkl:8|class=764:n04090263.pkl:1165|class=912:n04604644.pkl:122
resnet,351,351,+,3,3,1,1,0.3717448234095728,0.43338499318400836,0.31214266301883015,0.44028647140292837,0.012721887672443744,0.996531268274349,class=852:n04409515.pkl:0;n04409515.pkl:2;n04409515.pkl:3|class=429:n02799071.pkl:1297|class=752:n04039381.pkl:545
resnet,352,352,+,2,2,2,1,0.5947537473233404,0.40524625267665954,0.5053533190578159,0.4946466809421841,0.08470065122868398,0.9790379919563341,class=645:n03733131.pkl:0;n03733131.pkl:1;n03733131.pkl:2|class=733:n03976657.pkl:133;n03976657.pkl:242;n03976657.pkl:277
resnet,353,353,+,9,6,2,1,0.13652027940763317,0.25128346829289877,0.054126613206624694,0.13845581344920527,0.1898865426631796,0.8381508925214863,class=278:n02119789.pkl:1;n02119789.pkl:5;n02119789.pkl:6|class=358:n02443114.pkl:26;n02443114.pkl:36;n02443114.pkl:107|class=987:n12144580.pkl:64;n12144580.pkl:631;n12144580.pkl:659
resnet,354,354,+,4,2,1,1,0.2765402204717603,0.28211344844019287,0.050607584213682166,0.08396640333801125,0.12072876408675182,0.9382082861402378,class=718:n03933933.pkl:6;n03933933.pkl:10;n03933933.pkl:19|class=884:n04523525.pkl:85;n04523525.pkl:348;n04523525.pkl:437|class=733:n03976657.pkl:206
resnet,355,355,+,6,6,3,1,0.2994921034842296,0.35575630262570596,0.11131009082808828,0.22565074180907604,0.19482739396505344,0.8516077344716597,class=784:n04154565.pkl:0;n04154565.pkl:2;n04154565.pkl:3|class=422:n02790996.pkl:11;n02790996.pkl:83;n02790996.pkl:85|class=623:n03658185.pkl:39;n03658185.pkl:112;n03658185.pkl:142
resnet,356,356,+,1,1,1,1,0.9760479041916168,0.0,0.9683490162532079,0.0,0.0,1.0,class=995:n13044778.pkl:0;n13044778.pkl:2;n13044778.pkl:3
resnet,357,357,+,2,1,1,1,0.48904162271448665,0.48817356715893107,0.42110913326300986,0.4202410777074543,0.01171276772304582,0.9979407692648126,class=539:n03223299.pkl:0;n03223299.pkl:1;n03223299.pkl:3|class=453:n02870880.pkl:318
resnet,358,358,+,16,12,7,4,0.21107328115382964,0.23219517475445342,0.024303740470498103,0.028965501680179778,0.7450276970013101,0.15127606464016216,class=192:n02096177.pkl:27;n02096177.pkl:35;n02096177.pkl:51|class=203:n02098286.pkl:3;n02098286.pkl:5;n02098286.pkl:21|class=186:n02094258.pkl:22;n02094258.pkl:49;n02094258.pkl:59
resnet,359,359,+,3,2,1,1,0.3655749874078629,0.4487086922729626,0.3325791723735505,0.46916482535725407,0.012247256846527641,0.9966784517879642,class=336:n02361337.pkl:0;n02361337.pkl:1;n02361337.pkl:2|class=337:n02363005.pkl:320|class=27:n01631663.pkl:361
resnet,360,360,+,4,3,2,0,0.11422631253211615,0.16952523955068616,0.011666590442347602,0.01023945516913491,0.7134700839200824,0.44257761425472325,class=771:n04125021.pkl:14;n04125021.pkl:69;n04125021.pkl:74|class=540:n03240683.pkl:9;n03240683.pkl:35;n03240683.pkl:148|class=175:n02091635.pkl:300;n02091635.pkl:310
resnet,361,361,+,6,3,1,1,0.21846115604459174,0.30205599233067626,0.02744477141365119,0.054657323769161645,0.23031505621853196,0.8277043840866057,class=312:n02229544.pkl:1;n02229544.pkl:5;n02229544.pkl:37|class=124:n01985128.pkl:34;n01985128.pkl:295;n01985128.pkl:363|class=5:n01496331.pkl:340;n01496331.pkl:711
resnet,362,362,+,14,6,0,0,0.02399767798695338,0.025563757772436416,0.002254530407213203,0.0022531598503738614,0.8555620773108702,0.14277032463512102,class=345:n02403003.pkl:120;n02403003.pkl:126;n02403003.pkl:190|class=409:n02708093.pkl:543;n02708093.pkl:566;n02708093.pkl:720|class=657:n03773504.pkl:169;n03773504.pkl:401;n03773504.pkl:969
resnet,363,363,+,7,6,2,2,0.22648205398186497,0.23851715938417134,0.03558640860462481,0.05209145615686879,0.4969174938649898,0.44895947154967086,class=838:n04357314.pkl:4;n04357314.pkl:14;n04357314.pkl:15|class=551:n03314780.pkl:7;n03314780.pkl:11;n03314780.pkl:15|class=631:n03690938.pkl:34;n03690938.pkl:115;n03690938.pkl:176
resnet,364,364,+,7,6,3,2,0.35746744299263705,0.3996546605725148,0.1622098675962564,0.270523224021426,0.3980561367434493,0.5401918749453197,class=192:n02096177.pkl:0;n02096177.pkl:2;n02096177.pkl:3|class=182:n02093754.pkl:1;n02093754.pkl:3;n02093754.pkl:6|class=202:n02098105.pkl:8;n02098105.pkl:21;n02098105.pkl:49
resnet,365,365,+,4,4,1,1,0.26752597684902285,0.4221547291441206,0.24655336843122017,0.42382291451336457,0.029230483043460903,0.9887321420729649,class=466:n02917067.pkl:0;n02917067.pkl:2;n02917067.pkl:3|class=656:n03770679.pkl:58;n03770679.pkl:481;n03770679.pkl:1009|class=479:n02974003.pkl:567;n02974003.pkl:1290
resnet,366,366,+,6,3,2,0,0.1940623813161099,0.29800784013095677,0.0073106265845388615,0.008086264251351425,0.665613073533769,0.37057520238957187,class=579:n03452741.pkl:99;n03452741.pkl:108;n03452741.pkl:129|class=867:n04467665.pkl:10;n04467665.pkl:103;n04467665.pkl:114|class=718:n03933933.pkl:573;n03933933.pkl:803;n03933933.pkl:854
resnet,367,367,+,3,3,3,2,0.9254997092852556,0.0666570171056777,0.43861665729449356,0.3952342525902191,0.5742595872331263,0.6039893302444238,class=414:n02769748.pkl:0;n02769748.pkl:2;n02769748.pkl:3|class=636:n03709823.pkl:5;n03709823.pkl:8;n03709823.pkl:9|class=748:n04026417.pkl:6;n04026417.pkl:25;n04026417.pkl:140
resnet,368,368,+,15,12,3,2,0.1501335646193628,0.1829194646047136,0.014864296091852016,0.026393389489275193,0.591312661426596,0.2768558578064274,class=943:n07718472.pkl:5;n07718472.pkl:13;n07718472.pkl:18|class=868:n04476259.pkl:28;n04476259.pkl:38;n04476259.pkl:52|class=923:n07579787.pkl:30;n07579787.pkl:44;n07579787.pkl:74
resnet,369,369,+,2,2,1,1,0.3060575790767395,0.28481574901138007,0.25269299301152404,0.24534005183505345,0.1096289211490628,0.9713250376346858,class=877:n04501370.pkl:3;n04501370.pkl:4;n04501370.pkl:5|class=707:n03902125.pkl:353;n03902125.pkl:792;n03902125.pkl:843
resnet,370,370,+,24,16,5,1,0.05103731651829766,0.06246704533076737,0.007995279486323986,0.01356663008585737,0.7084913009608447,0.16163466861712167,class=168:n02090379.pkl:16;n02090379.pkl:20;n02090379.pkl:27|class=876:n04493381.pkl:94;n04493381.pkl:118;n04493381.pkl:123|class=238:n02107574.pkl:2;n02107574.pkl:27;n02107574.pkl:92
resnet,371,371,+,12,5,3,1,0.03452110232991843,0.054584276733330085,0.009771005823065565,0.017495956783304966,0.6240392693831674,0.3505205059738019,class=345:n02403003.pkl:8;n02403003.pkl:45;n02403003.pkl:47|class=693:n03873416.pkl:238;n03873416.pkl:255;n03873416.pkl:334|class=165:n02089078.pkl:23;n02089078.pkl:94;n02089078.pkl:115
resnet,372,372,+,1,1,1,1,0.994577846630519,0.0,0.9790859798605732,0.0,0.0,1.0,class=14:n01537544.pkl:0;n01537544.pkl:1;n01537544.pkl:2
resnet,373,373,+,6,5,2,2,0.23804300580602314,0.31356612308073617,0.07577594413077138,0.10517971263854366,0.4557490486009165,0.4877738323293715,class=849:n04398044.pkl:4;n04398044.pkl:5;n04398044.pkl:7|class=505:n03063689.pkl:1;n03063689.pkl:4;n03063689.pkl:5|class=585:n03476991.pkl:138;n03476991.pkl:266;n03476991.pkl:436
resnet,374,374,+,6,6,2,2,0.38631408266094946,0.3463810100392671,0.0843414631449868,0.12156361862257394,0.4301270846133727,0.5129038664503551,class=659:n03775546.pkl:1;n03775546.pkl:2;n03775546.pkl:3|class=968:n07930864.pkl:0;n07930864.pkl:5;n07930864.pkl:10|class=809:n04263257.pkl:233;n04263257.pkl:441;n04263257.pkl:607
resnet,375,375,+,7,4,3,3,0.23014884470599134,0.25348553296471144,0.04405217616307887,0.06327332455528657,0.5157584501214494,0.43757641340071546,class=630:n03680355.pkl:3;n03680355.pkl:14;n03680355.pkl:16|class=502:n03047690.pkl:0;n03047690.pkl:20;n03047690.pkl:22|class=774:n04133789.pkl:5;n04133789.pkl:59;n04133789.pkl:77
resnet,376,376,+,5,5,2,0,0.0871272439306257,0.08705587212176709,0.008822733166914537,0.009180597826785618,0.7001727158441798,0.4165537116183327,class=46:n01693334.pkl:136;n01693334.pkl:252;n01693334.pkl:275|class=320:n02268853.pkl:43;n02268853.pkl:46;n02268853.pkl:230|class=304:n02169497.pkl:288;n02169497.pkl:471;n02169497.pkl:976
resnet,377,377,+,3,2,0,0,0.03310628909263784,0.028514354538327093,0.0040059865070052655,0.002704238149385759,0.8027876632342142,0.48523049240907484,class=58:n01737021.pkl:425;n01737021.pkl:445;n01737021.pkl:521|class=34:n01665541.pkl:715;n01665541.pkl:877;n01665541.pkl:1132|class=137:n02018207.pkl:276;n02018207.pkl:530
resnet,378,378,+,12,8,3,1,0.14622586939176951,0.19206961515830775,0.010556446606645684,0.01595864712967174,0.6610354379054488,0.2737808819469043,class=905:n04590129.pkl:30;n04590129.pkl:31;n04590129.pkl:55|class=548:n03290653.pkl:46;n03290653.pkl:83;n03290653.pkl:91|class=794:n04209239.pkl:323;n04209239.pkl:428;n04209239.pkl:597
resnet,379,379,+,3,2,1,0,0.04225413277439122,0.038218320612472406,0.014594670820273188,0.01877773783795353,0.24417342298206968,0.8851269601972264,class=88:n01818515.pkl:9;n01818515.pkl:26;n01818515.pkl:33|class=89:n01819313.pkl:843;n01819313.pkl:1252|class=987:n12144580.pkl:17
resnet,380,380,+,2,2,1,1,0.4131763766436926,0.39480367323161913,0.34271768086345816,0.34140534490545293,0.02004598465910716,0.9961781272749863,class=844:n04372370.pkl:2;n04372370.pkl:5;n04372370.pkl:8|class=848:n04392985.pkl:438
resnet,381,381,+,4,4,2,2,0.4841931176874116,0.3982358924248668,0.19378688866688695,0.27007910107062927,0.33932490902264156,0.7355938609362521,class=243:n02108422.pkl:1;n02108422.pkl:3;n02108422.pkl:4|class=254:n02110958.pkl:9;n02110958.pkl:16;n02110958.pkl:41|class=208:n02099712.pkl:35;n02099712.pkl:395;n02099712.pkl:633
resnet,382,382,+,2,2,1,1,0.5162994484538611,0.4789461933844908,0.4967090742109474,0.4945746024926977,0.02213828782642651,0.9957120059327962,class=405:n02692877.pkl:1;n02692877.pkl:2;n02692877.pkl:3|class=657:n03773504.pkl:233;n03773504.pkl:435
resnet,383,383,+,1,1,1,1,0.8652207591014718,0.0,0.7288923315259489,0.0,0.0,1.0,class=117:n01968897.pkl:0;n01968897.pkl:1;n01968897.pkl:3
resnet,384,384,+,1,1,1,1,1.0,0.0,1.0,0.0,0.0,1.0,class=318:n02264363.pkl:0;n02264363.pkl:1;n02264363.pkl:2
resnet,385,385,+,4,4,1,1,0.27427463108461037,0.41878797092873465,0.2508934018721923,0.43051329943596905,0.0337038653062917,0.9860963645591725,class=523:n03141823.pkl:0;n03141823.pkl:1;n03141823.pkl:3|class=764:n04090263.pkl:171;n04090263.pkl:478;n04090263.pkl:626|class=792:n04208210.pkl:395
resnet,386,386,+,2,2,1,0,0.22323281452658886,0.16489948119325554,0.01206585963395302,0.008362155930249315,0.6184775960597901,0.7401540915356825,class=101:n01871265.pkl:6;n01871265.pkl:7;n01871265.pkl:53|class=26:n01630670.pkl:83;n01630670.pkl:212;n01630670.pkl:443
resnet,387,387,+,13,8,1,0,0.021789013743913302,0.02013641863510084,0.004108555446552317,0.005600777409428948,0.7617428459599791,0.21987005176878024,class=904:n04589890.pkl:258;n04589890.pkl:393;n04589890.pkl:406|class=707:n03902125.pkl:395;n03902125.pkl:843;n03902125.pkl:888|class=282:n02123159.pkl:393;n02123159.pkl:851;n02123159.pkl:912
resnet,388,388,+,8,7,1,0,0.1075629389712954,0.10249102966713156,0.005920258803603768,0.007979600356535986,0.6774990798620459,0.3520862876177949,class=443:n02834397.pkl:3;n02834397.pkl:9;n02834397.pkl:15|class=636:n03709823.pkl:235;n03709823.pkl:287;n03709823.pkl:352|class=836:n04355933.pkl:61;n04355933.pkl:84;n04355933.pkl:956
resnet,389,389,+,8,6,4,2,0.2819530975304252,0.3040131049014976,0.11264995271456917,0.24047308514576415,0.29939440381564314,0.6946143685539558,class=503:n03062245.pkl:3;n03062245.pkl:4;n03062245.pkl:5|class=505:n03063689.pkl:5;n03063689.pkl:6;n03063689.pkl:11|class=550:n03297495.pkl:16;n03297495.pkl:45;n03297495.pkl:98
resnet,390,390,+,6,5,3,1,0.2736991951551085,0.28678799726152193,0.09343083063350349,0.19039034898744242,0.19071600888382512,0.8587496796024308,class=787:n04192698.pkl:0;n04192698.pkl:5;n04192698.pkl:7|class=461:n02895154.pkl:37;n02895154.pkl:249;n02895154.pkl:277|class=524:n03146219.pkl:11;n03146219.pkl:48;n03146219.pkl:436
resnet,391,391,+,11,11,2,1,0.16554869905215067,0.2964779137518788,0.07110038455567151,0.20622061581699597,0.14324709275441158,0.8556733343906395,class=762:n04081281.pkl:3;n04081281.pkl:4;n04081281.pkl:7|class=624:n03661043.pkl:10;n03661043.pkl:27;n03661043.pkl:81|class=851:n04404412.pkl:994;n04404412.pkl:1076;n04404412.pkl:1102
resnet,392,392,+,5,2,1,1,0.26950905459531177,0.3665202807822496,0.11645435903287626,0.22905841952867806,0.05255311680238147,0.9737684481534372,class=440:n02823428.pkl:0;n02823428.pkl:7;n02823428.pkl:8|class=926:n07590611.pkl:83;n07590611.pkl:146;n07590611.pkl:387|class=836:n04355933.pkl:1053
resnet,393,393,+,13,10,4,4,0.3218026658218867,0.3597883173940515,0.1466995033496042,0.269918037303638,0.4868643850763081,0.3373363854239284,class=883:n04522168.pkl:0;n04522168.pkl:2;n04522168.pkl:3|class=725:n03950228.pkl:0;n03950228.pkl:1;n03950228.pkl:2|class=899:n04560804.pkl:4;n04560804.pkl:6;n04560804.pkl:12
resnet,394,394,+,3,2,1,1,0.4092475615447659,0.42678204298557487,0.335201575604722,0.4672238565420464,0.05236398339567216,0.9809479798554727,class=127:n02002556.pkl:0;n02002556.pkl:1;n02002556.pkl:2|class=22:n01614925.pkl:199;n01614925.pkl:275;n01614925.pkl:356|class=345:n02403003.pkl:588
resnet,395,395,+,2,2,2,1,0.5175675675675675,0.16891891891891891,0.18783783783783783,0.16531531531531532,0.3272544999733663,0.8872844170706602,class=513:n03110669.pkl:3;n03110669.pkl:4;n03110669.pkl:9|class=698:n03877845.pkl:15;n03877845.pkl:140;n03877845.pkl:173
resnet,396,396,+,8,7,4,3,0.344473782550834,0.3840151290800892,0.17716001981617596,0.2560717652692005,0.5286776363990209,0.38615717575720565,class=182:n02093754.pkl:0;n02093754.pkl:2;n02093754.pkl:4|class=184:n02093991.pkl:1;n02093991.pkl:2;n02093991.pkl:6|class=185:n02094114.pkl:2;n02094114.pkl:27;n02094114.pkl:34
resnet,397,397,+,16,9,1,0,0.0218758645520239,0.028122086902035128,0.0025706396753896977,0.0031887429491815836,0.824124609378248,0.15866933824877535,class=26:n01630670.pkl:9;n01630670.pkl:243;n01630670.pkl:352|class=46:n01693334.pkl:21;n01693334.pkl:91;n01693334.pkl:939|class=342:n02396427.pkl:759;n02396427.pkl:957;n02396427.pkl:982
resnet,398,398,+,11,9,1,1,0.11473613489957156,0.17476931015959218,0.04136092653308096,0.12340715736572873,0.12610822531834592,0.9002052780692211,class=60:n01740131.pkl:1;n01740131.pkl:5;n01740131.pkl:8|class=61:n01742172.pkl:193;n01742172.pkl:345;n01742172.pkl:415|class=46:n01693334.pkl:252;n01693334.pkl:946;n01693334.pkl:1101
resnet,399,399,+,2,1,1,1,0.24597810273518023,0.24487313035948963,0.1552859786301683,0.15418100625447767,0.03406617577487187,0.9929095914168995,class=646:n03733281.pkl:1;n03733281.pkl:8;n03733281.pkl:12|class=968:n07930864.pkl:37
resnet,400,400,+,14,12,4,2,0.17351974895528105,0.1860667885757273,0.0338294448194593,0.06929451027402662,0.513924277949161,0.37112383739942745,class=582:n03461385.pkl:2;n03461385.pkl:5;n03461385.pkl:18|class=950:n07747607.pkl:12;n07747607.pkl:18;n07747607.pkl:39|class=954:n07753592.pkl:13;n07753592.pkl:29;n07753592.pkl:43
resnet,401,401,+,10,7,1,1,0.04831946991686794,0.05677861068666238,0.011540185588567304,0.025033822059455195,0.45664115806489225,0.5705748749829951,class=936:n07714571.pkl:15;n07714571.pkl:109;n07714571.pkl:113|class=987:n12144580.pkl:131;n12144580.pkl:486;n12144580.pkl:659|class=944:n07718747.pkl:117;n07718747.pkl:127;n07718747.pkl:320
resnet,402,402,+,1,1,1,1,0.9984313725490196,0.0,0.9921568627450981,0.0,0.0,1.0,class=575:n03445924.pkl:0;n03445924.pkl:1;n03445924.pkl:2
resnet,403,403,+,4,3,1,1,0.22842304010462125,0.3027096946112142,0.05758501458573276,0.09557024164455336,0.12230708449154318,0.9385990425693213,class=561:n03384352.pkl:1;n03384352.pkl:5;n03384352.pkl:7|class=595:n03496892.pkl:527;n03496892.pkl:1090;n03496892.pkl:1145|class=427:n02795169.pkl:64;n02795169.pkl:669;n02795169.pkl:939
resnet,404,404,+,9,7,4,3,0.3168233011333908,0.34199359049349715,0.12336773901771515,0.217532171199685,0.4522564015911242,0.45657389536936643,class=173:n02091244.pkl:0;n02091244.pkl:1;n02091244.pkl:2|class=211:n02100583.pkl:1;n02100583.pkl:6;n02100583.pkl:7|class=215:n02101388.pkl:4;n02101388.pkl:30;n02101388.pkl:39
resnet,405,405,+,11,4,1,1,0.06084645424443061,0.14415698586322293,0.01777596339077715,0.050233489521117586,0.216483645658878,0.8168942058320561,class=970:n09193705.pkl:4;n09193705.pkl:10;n09193705.pkl:20|class=803:n04252225.pkl:80;n04252225.pkl:97;n04252225.pkl:383|class=795:n04228054.pkl:1024;n04228054.pkl:1044;n04228054.pkl:1105
resnet,406,406,+,3,3,2,1,0.42899935515354315,0.40518567739169636,0.3404854648122974,0.46637691140761234,0.10233343791289302,0.9587301634521237,class=402:n02676566.pkl:0;n02676566.pkl:1;n02676566.pkl:2|class=714:n03929660.pkl:70;n03929660.pkl:139;n03929660.pkl:199|class=486:n02992211.pkl:104;n02992211.pkl:224;n02992211.pkl:561
resnet,407,407,+,9,4,2,1,0.07272209453802282,0.17084045322036234,0.052407955739033285,0.1386267748754286,0.13836139062168712,0.8885339417390573,class=733:n03976657.pkl:3;n03976657.pkl:4;n03976657.pkl:5|class=46:n01693334.pkl:275;n01693334.pkl:516;n01693334.pkl:588|class=335:n02356798.pkl:59;n02356798.pkl:186;n02356798.pkl:254
resnet,408,408,+,3,2,2,1,0.31337697929416225,0.21930025898558264,0.07894262189818695,0.09955709663214965,0.2515836544602253,0.8634849599002391,class=946:n07730033.pkl:4;n07730033.pkl:7;n07730033.pkl:18|class=944:n07718747.pkl:20;n07718747.pkl:28;n07718747.pkl:117|class=378:n02492035.pkl:877
resnet,409,409,+,4,3,1,1,0.33318053923953633,0.40189248221256635,0.25182523827140746,0.42997216059329074,0.04907232517267161,0.978823178740179,class=713:n03924679.pkl:1;n03924679.pkl:2;n03924679.pkl:3|class=782:n04152593.pkl:164;n04152593.pkl:328;n04152593.pkl:331|class=848:n04392985.pkl:135;n04392985.pkl:490
resnet,410,410,+,1,1,1,1,0.9984350547730829,0.0,0.9968701095461658,0.0,0.0,1.0,class=149:n02074367.pkl:0;n02074367.pkl:1;n02074367.pkl:2
resnet,411,411,+,5,5,3,3,0.4835194627844553,0.24281660996932825,0.08061344881063705,0.07327327496179689,0.7076089030641308,0.36523658025108263,class=548:n03290653.pkl:0;n03290653.pkl:4;n03290653.pkl:14|class=894:n04550184.pkl:6;n04550184.pkl:7;n04550184.pkl:12|class=495:n03018349.pkl:6;n03018349.pkl:49;n03018349.pkl:66
resnet,412,412,+,7,3,2,2,0.17156888734079143,0.25424681531395665,0.03591736867004875,0.06135146425093714,0.39707464518892305,0.5596716246783047,class=939:n07716358.pkl:6;n07716358.pkl:69;n07716358.pkl:71|class=206:n02099429.pkl:4;n02099429.pkl:14;n02099429.pkl:28|class=231:n02106030.pkl:380;n02106030.pkl:416
resnet,413,413,+,3,2,1,1,0.39147725854608656,0.43554331580473116,0.19418644713769947,0.27350069759820994,0.018812852185045782,0.9945713129879142,class=768:n04118538.pkl:3;n04118538.pkl:4;n04118538.pkl:5|class=752:n04039381.pkl:545|class=430:n02802426.pkl:1058
resnet,414,414,+,4,3,1,1,0.2694908058283464,0.4015550295946556,0.21047305129808594,0.36000382177931095,0.04321140016232548,0.9814105774822592,class=897:n04554684.pkl:0;n04554684.pkl:1;n04554684.pkl:3|class=435:n02808440.pkl:348;n02808440.pkl:385;n02808440.pkl:524|class=494:n03017168.pkl:1058
resnet,415,415,+,4,2,1,1,0.2592519897463226,0.42779331792769176,0.2515163327068198,0.4321394381031906,0.030098212168863915,0.9879984170957328,class=833:n04347754.pkl:0;n04347754.pkl:2;n04347754.pkl:3|class=657:n03773504.pkl:68;n03773504.pkl:633;n03773504.pkl:997|class=908:n04592741.pkl:728
resnet,416,416,+,3,2,2,2,0.417039388818311,0.29440177308027926,0.2212306354976458,0.23402259603588638,0.43467980931195893,0.7063290090974282,class=505:n03063689.pkl:0;n03063689.pkl:10;n03063689.pkl:18|class=550:n03297495.pkl:9;n03297495.pkl:16;n03297495.pkl:29|class=36:n01667778.pkl:521
resnet,417,417,+,1,1,1,1,0.9502719502719502,0.0,0.9005439005439005,0.0,0.0,1.0,class=956:n07760859.pkl:0;n07760859.pkl:1;n07760859.pkl:2
resnet,418,418,+,6,4,2,1,0.22703338887504412,0.3312921694468039,0.04573425755103946,0.08210099796858478,0.2980837828022737,0.7037755751554513,class=580:n03457902.pkl:2;n03457902.pkl:4;n03457902.pkl:7|class=582:n03461385.pkl:30;n03461385.pkl:63;n03461385.pkl:73|class=899:n04560804.pkl:473
resnet,419,419,+,1,1,1,1,0.9992,0.0,0.9984,0.0,0.0,1.0,class=394:n02640242.pkl:0;n02640242.pkl:1;n02640242.pkl:2
resnet,420,420,+,2,1,1,1,0.45916730753663076,0.45560541973609653,0.2898121190919499,0.28892164714181634,0.016573390185497323,0.9969321368333877,class=614:n03617480.pkl:2;n03617480.pkl:3;n03617480.pkl:7|class=999:n15075141.pkl:1110
resnet,421,421,+,2,2,2,1,0.8160173160173161,0.18398268398268397,0.5082251082251082,0.4917748917748918,0.11944180794320264,0.9681558700869781,class=993:n13037406.pkl:0;n13037406.pkl:1;n13037406.pkl:2|class=996:n13052670.pkl:61;n13052670.pkl:73;n13052670.pkl:271
resnet,422,422,+,7,5,2,1,0.19077552982857135,0.20103324435275968,0.01990584390589955,0.030154783512713595,0.5166317400162216,0.4706905456103178,class=615:n03623198.pkl:16;n03623198.pkl:29;n03623198.pkl:45|class=168:n02090379.pkl:5;n02090379.pkl:31;n02090379.pkl:48|class=238:n02107574.pkl:435;n02107574.pkl:451;n02107574.pkl:488
resnet,423,423,+,4,4,4,3,0.7703592081510265,0.39661269876834004,0.6994496076905465,0.4004873280909952,0.8133666635546933,0.331960519954558,class=37:n01669191.pkl:0;n01669191.pkl:1;n01669191.pkl:2|class=35:n01667114.pkl:0;n01667114.pkl:2;n01667114.pkl:3|class=36:n01667778.pkl:0;n01667778.pkl:1;n01667778.pkl:3
resnet,424,424,+,13,11,3,1,0.1782447127593736,0.22784851460228556,0.014581666975422077,0.030423435234123823,0.5533019523695155,0.41177962652043176,class=590:n03485407.pkl:7;n03485407.pkl:24;n03485407.pkl:39|class=418:n02783161.pkl:10;n02783161.pkl:31;n02783161.pkl:34|class=681:n03832673.pkl:11;n03832673.pkl:16;n03832673.pkl:20
resnet,425,425,+,3,2,2,2,0.2683373770265317,0.22348889906543465,0.057911226710226804,0.04128495068343071,0.6735331914720697,0.5027424416460464,class=626:n03666591.pkl:1;n03666591.pkl:21;n03666591.pkl:26|class=374:n02488291.pkl:22;n02488291.pkl:34;n02488291.pkl:38|class=82:n01797886.pkl:66;n01797886.pkl:1130
resnet,426,426,+,8,7,3,2,0.2924907340129428,0.33282446372596025,0.12216467125403536,0.19817261560785443,0.4443077288104633,0.45393193113330066,class=200:n02097474.pkl:2;n02097474.pkl:3;n02097474.pkl:4|class=160:n02088094.pkl:4;n02088094.pkl:5;n02088094.pkl:6|class=204:n02098413.pkl:94;n02098413.pkl:127;n02098413.pkl:167
resnet,427,427,+,3,3,3,1,0.6186532408528335,0.2932862743960085,0.3544111014579447,0.45651885946084547,0.2421031382923272,0.8864051880179904,class=77:n01775062.pkl:0;n01775062.pkl:1;n01775062.pkl:2|class=73:n01773549.pkl:50;n01773549.pkl:74;n01773549.pkl:87|class=74:n01773797.pkl:70;n01773797.pkl:94;n01773797.pkl:197
resnet,428,428,+,3,3,1,1,0.28094970955883125,0.3753535425317952,0.16180812554442137,0.2250667321722995,0.061552373800883894,0.9782456958852136,class=546:n03272010.pkl:0;n03272010.pkl:2;n03272010.pkl:5|class=402:n02676566.pkl:560;n02676566.pkl:725;n02676566.pkl:915|class=524:n03146219.pkl:11;n03146219.pkl:436
resnet,429,429,+,4,1,1,1,0.2495734100507426,0.4226123639876786,0.17546387918253367,0.3022850423601409,0.022047126528684145,0.9919896912469254,class=455:n02877765.pkl:2;n02877765.pkl:3;n02877765.pkl:4|class=878:n04505470.pkl:699|class=551:n03314780.pkl:165
resnet,430,430,+,5,4,2,1,0.3171577793089054,0.3822034569200314,0.20673603295789578,0.3950763970513919,0.10943198057175786,0.9303983912081805,class=349:n02415577.pkl:0;n02415577.pkl:1;n02415577.pkl:2|class=350:n02417914.pkl:8;n02417914.pkl:18;n02417914.pkl:20|class=353:n02423022.pkl:292;n02423022.pkl:338;n02423022.pkl:913
resnet,431,431,+,9,6,4,2,0.15335932629217194,0.1481970615081025,0.018593371616488146,0.02342155908310132,0.674367125343572,0.28741942567112416,class=497:n03028079.pkl:8;n03028079.pkl:14;n03028079.pkl:15|class=743:n04005630.pkl:65;n04005630.pkl:98;n04005630.pkl:189|class=888:n04532670.pkl:27;n04532670.pkl:54;n04532670.pkl:224
resnet,432,432,+,1,1,1,1,0.9938128383604021,0.0,0.9636504253673627,0.0,0.0,1.0,class=576:n03447447.pkl:0;n03447447.pkl:1;n03447447.pkl:2
resnet,433,433,+,4,4,2,1,0.36839809668125556,0.3826996594422011,0.24385536861355206,0.4133489332602779,0.06602994736345282,0.9683051967835785,class=509:n03089624.pkl:0;n03089624.pkl:1;n03089624.pkl:2|class=582:n03461385.pkl:124;n03461385.pkl:216;n03461385.pkl:355|class=865:n04462240.pkl:56;n04462240.pkl:1191
resnet,434,434,+,10,6,3,1,0.20002314251601977,0.273014042951236,0.06526313551983198,0.1780922899814234,0.17812790198562947,0.8446537243088347,class=497:n03028079.pkl:0;n03028079.pkl:1;n03028079.pkl:4|class=681:n03832673.pkl:4;n03832673.pkl:129;n03832673.pkl:152|class=836:n04355933.pkl:62;n04355933.pkl:145;n04355933.pkl:238
resnet,435,435,+,7,4,2,0,0.04615897885935065,0.04605226271600211,0.005111936060238633,0.004843722679552455,0.7773578779211943,0.2711166817984763,class=34:n01665541.pkl:159;n01665541.pkl:440;n01665541.pkl:615|class=5:n01496331.pkl:96;n01496331.pkl:277;n01496331.pkl:364|class=913:n04606251.pkl:441;n04606251.pkl:450;n04606251.pkl:864
resnet,436,436,+,8,8,2,0,0.1462402234152212,0.1468862265986328,0.009805006581147063,0.01379522956474726,0.6714463464400364,0.3724412482381289,class=303:n02168699.pkl:7;n02168699.pkl:21;n02168699.pkl:30|class=473:n02951585.pkl:207;n02951585.pkl:225;n02951585.pkl:477|class=304:n02169497.pkl:51;n02169497.pkl:444;n02169497.pkl:491
resnet,437,437,+,6,4,1,1,0.12246884635309328,0.16183716036892182,0.0396054619819755,0.08295674245301278,0.15914200360892933,0.8978763973842961,class=502:n03047690.pkl:2;n03047690.pkl:4;n03047690.pkl:7|class=494:n03017168.pkl:143;n03017168.pkl:227;n03017168.pkl:284|class=836:n04355933.pkl:680;n04355933.pkl:1299
resnet,438,438,+,2,1,1,1,0.4665288481724976,0.46072934527274617,0.4392923109730939,0.4368068097303433,0.028024341757683768,0.9943580396485951,class=63:n01748264.pkl:0;n01748264.pkl:1;n01748264.pkl:2|class=588:n03482405.pkl:307;n03482405.pkl:319;n03482405.pkl:363
resnet,439,439,+,1,1,1,1,0.908703071672355,0.0,0.6279863481228669,0.0,0.0,1.0,class=459:n02892767.pkl:0;n02892767.pkl:2;n02892767.pkl:3
resnet,440,440,+,2,2,1,1,0.5078703703703704,0.49212962962962964,0.49782033586381413,0.49596848401196225,0.019551649090418136,0.9962869988462364,class=34:n01665541.pkl:2;n01665541.pkl:3;n01665541.pkl:4|class=26:n01630670.pkl:1223;n01630670.pkl:1239
resnet,441,441,+,3,3,3,3,0.8832080834559828,0.08962461043288213,0.6487205682251026,0.10240659270513364,0.988992273692232,0.34163985577089145,class=631:n03690938.pkl:0;n03690938.pkl:1;n03690938.pkl:3|class=585:n03476991.pkl:2;n03476991.pkl:4;n03476991.pkl:5|class=838:n04357314.pkl:0;n04357314.pkl:1;n04357314.pkl:2
resnet,442,442,+,14,9,2,0,0.047277097086665096,0.0507273938944809,0.0042113233278015276,0.004737704216932206,0.8082005512943907,0.16182903951974859,class=750:n04033995.pkl:88;n04033995.pkl:166;n04033995.pkl:603|class=237:n02107312.pkl:0;n02107312.pkl:289;n02107312.pkl:410|class=265:n02113624.pkl:353;n02113624.pkl:535;n02113624.pkl:549
resnet,443,443,+,10,7,3,2,0.22582900584726584,0.29058337374915677,0.04606329445566122,0.08278974623057062,0.455805712147217,0.4230301890993638,class=199:n02097298.pkl:7;n02097298.pkl:8;n02097298.pkl:16|class=190:n02095889.pkl:10;n02095889.pkl:14;n02095889.pkl:16|class=601:n03534580.pkl:18;n03534580.pkl:55;n03534580.pkl:116
resnet,444,444,+,4,4,2,1,0.20291775335342976,0.12347276358311864,0.054060318351168736,0.0815311222442441,0.2872303935175353,0.8186298466248114,class=606:n03584829.pkl:13;n03584829.pkl:19;n03584829.pkl:21|class=846:n04380533.pkl:162;n04380533.pkl:224;n04380533.pkl:231|class=764:n04090263.pkl:32;n04090263.pkl:41;n04090263.pkl:117
resnet,445,445,+,2,1,1,1,0.5007892659826362,0.4992107340173638,0.500394632991318,0.49960536700868197,0.009266928261324081,0.9984239568509989,class=984:n11879895.pkl:0;n11879895.pkl:1;n11879895.pkl:2|class=325:n02281406.pkl:152
resnet,446,446,+,4,1,0,0,0.07668047589260435,0.1269033433177488,0.003280020025959065,0.003404269263462751,0.6724064769268064,0.5192990525111806,class=5:n01496331.pkl:30;n01496331.pkl:90;n01496331.pkl:99|class=110:n01924916.pkl:452;n01924916.pkl:565|class=115:n01950731.pkl:430;n01950731.pkl:751
resnet,447,447,+,5,5,2,1,0.44962816551702234,0.3040447540416723,0.17144297918921153,0.3201434460656543,0.14811364905734722,0.8973965855380974,class=846:n04380533.pkl:0;n04380533.pkl:1;n04380533.pkl:2|class=572:n03443371.pkl:15;n03443371.pkl:55;n03443371.pkl:101|class=619:n03637318.pkl:325;n03637318.pkl:695;n03637318.pkl:1077
resnet,448,448,+,7,5,1,1,0.11611070563333539,0.18716413014219124,0.012976469269417158,0.02453028975042142,0.4029999286940944,0.6533553615358864,class=724:n03947888.pkl:34;n03947888.pkl:37;n03947888.pkl:48|class=526:n03179701.pkl:135;n03179701.pkl:310;n03179701.pkl:339|class=409:n02708093.pkl:490;n02708093.pkl:561;n02708093.pkl:574
resnet,449,449,+,7,6,3,2,0.44154717025199314,0.3242594192086815,0.14056551616929452,0.2766376757089496,0.2993609474189752,0.6961652462253008,class=288:n02128385.pkl:1;n02128385.pkl:2;n02128385.pkl:7|class=211:n02100583.pkl:3;n02100583.pkl:10;n02100583.pkl:24|class=187:n02094433.pkl:7;n02094433.pkl:49;n02094433.pkl:93
resnet,450,450,+,5,5,2,2,0.2492934976130725,0.33677217972990914,0.16474688445904487,0.2810732483119621,0.2564676694757982,0.7821495960604773,class=865:n04462240.pkl:0;n04462240.pkl:1;n04462240.pkl:2|class=917:n06596364.pkl:10;n06596364.pkl:19;n06596364.pkl:20|class=790:n04204238.pkl:115;n04204238.pkl:496;n04204238.pkl:820
resnet,451,451,+,2,2,2,2,0.9972465917402245,0.0019591270842394537,0.9284435757176042,0.07076214310685963,0.9958057269272502,0.5029044300961552,class=301:n02165456.pkl:0;n02165456.pkl:1;n02165456.pkl:2|class=304:n02169497.pkl:0;n02169497.pkl:2;n02169497.pkl:3
resnet,452,452,+,3,2,1,1,0.3410144775055069,0.46597777821545644,0.3343330143572632,0.4706978127261095,0.020273015117677137,0.9940337455503305,class=798:n04238763.pkl:0;n04238763.pkl:1;n04238763.pkl:2|class=494:n03017168.pkl:133;n03017168.pkl:475|class=878:n04505470.pkl:881
resnet,453,453,+,5,3,0,0,0.03988485446610439,0.038499149911677764,0.0015479535849245536,0.0009457245936081998,0.9016800538187252,0.2746523516437512,class=754:n04041544.pkl:158;n04041544.pkl:536;n04041544.pkl:1218|class=482:n02979186.pkl:274|class=848:n04392985.pkl:165
resnet,454,454,+,3,3,2,1,0.39975230956807245,0.42536965310755076,0.33610757417928916,0.4462982026342413,0.16213481600446433,0.9210559752002574,class=586:n03478589.pkl:0;n03478589.pkl:2;n03478589.pkl:3|class=744:n04008634.pkl:185;n04008634.pkl:199;n04008634.pkl:281|class=847:n04389033.pkl:587;n04389033.pkl:878
resnet,455,455,+,2,1,1,1,0.2910203809560086,0.2866876253234263,0.18057456284740264,0.17970801172088618,0.024339928663049317,0.995212659599872,class=816:n04277352.pkl:3;n04277352.pkl:9;n04277352.pkl:13|class=422:n02790996.pkl:765
resnet,456,456,+,13,6,1,0,0.035466962871345334,0.04700292803880359,0.004144277319739696,0.006618091301725286,0.7106002351727145,0.27308943898752885,class=836:n04355933.pkl:108;n04355933.pkl:112;n04355933.pkl:150|class=681:n03832673.pkl:19;n03832673.pkl:322;n03832673.pkl:473|class=457:n02883205.pkl:338;n02883205.pkl:468;n02883205.pkl:935
resnet,457,457,+,6,4,1,0,0.29791607141142606,0.28107785934786395,0.008651338924162148,0.011136278219628407,0.6323950052615315,0.4428276001589808,class=902:n04579432.pkl:18;n04579432.pkl:41;n04579432.pkl:84|class=631:n03690938.pkl:27;n03690938.pkl:34;n03690938.pkl:374|class=764:n04090263.pkl:604;n04090263.pkl:773;n04090263.pkl:911
resnet,458,458,+,7,5,2,2,0.22061480955724397,0.28010507872546087,0.11505481190434365,0.20205598266964825,0.33983423626064685,0.5834483385622402,class=826:n04328186.pkl:0;n04328186.pkl:1;n04328186.pkl:3|class=709:n03908618.pkl:0;n03908618.pkl:5;n03908618.pkl:10|class=409:n02708093.pkl:33;n02708093.pkl:490;n02708093.pkl:879
resnet,459,459,+,12,7,3,1,0.08595147092762256,0.1414711109024491,0.015888151204962658,0.03625237837694855,0.43701143670333054,0.5171887598226044,class=529:n03188531.pkl:7;n03188531.pkl:13;n03188531.pkl:29|class=680:n03825788.pkl:50;n03825788.pkl:101;n03825788.pkl:117|class=434:n02808304.pkl:250;n02808304.pkl:283;n02808304.pkl:291
resnet,460,460,+,10,5,2,1,0.06326144393014863,0.09297338594994439,0.023422601616738772,0.052844946407986766,0.33349639323212876,0.6090221254747529,class=883:n04522168.pkl:5;n04522168.pkl:10;n04522168.pkl:16|class=738:n03991062.pkl:11;n03991062.pkl:46;n03991062.pkl:113|class=868:n04476259.pkl:408;n04476259.pkl:1161;n04476259.pkl:1190
resnet,461,461,+,5,4,1,1,0.16899978740056434,0.27843062989882017,0.12367668199135615,0.24343461603522648,0.052557533653064085,0.9748524550394314,class=648:n03742115.pkl:1;n03742115.pkl:4;n03742115.pkl:5|class=453:n02870880.pkl:318;n02870880.pkl:359;n02870880.pkl:1242|class=585:n03476991.pkl:533;n03476991.pkl:589
resnet,462,462,+,7,7,1,1,0.10084569471076761,0.13100671471242664,0.034860812460139785,0.08030167286018149,0.1440237324473483,0.9008692395955492,class=593:n03494278.pkl:7;n03494278.pkl:16;n03494278.pkl:56|class=650:n03759954.pkl:460;n03759954.pkl:566;n03759954.pkl:608|class=998:n13133613.pkl:95;n13133613.pkl:139;n13133613.pkl:370
resnet,463,463,+,7,7,4,2,0.3125710748482458,0.33128843217094966,0.11533305792228944,0.17660726968705315,0.46887360140009354,0.47783145111760406,class=418:n02783161.pkl:0;n02783161.pkl:2;n02783161.pkl:4|class=623:n03658185.pkl:0;n03658185.pkl:9;n03658185.pkl:20|class=677:n03804744.pkl:89;n03804744.pkl:206;n03804744.pkl:486
resnet,464,464,+,6,3,1,1,0.2106472249225264,0.3505963119164885,0.056398971091303214,0.12333542666108759,0.06666278524823271,0.963710247754697,class=677:n03804744.pkl:10;n03804744.pkl:11;n03804744.pkl:13|class=719:n03935335.pkl:293;n03935335.pkl:481;n03935335.pkl:846|class=771:n04125021.pkl:836
resnet,465,465,+,25,13,2,0,0.02336835120779762,0.028863073426739955,0.003274431137966386,0.0035444869392288027,0.8606106863487605,0.08687000814857954,class=529:n03188531.pkl:66;n03188531.pkl:149;n03188531.pkl:590|class=470:n02948072.pkl:248;n02948072.pkl:535;n02948072.pkl:547|class=526:n03179701.pkl:40;n03179701.pkl:213;n03179701.pkl:536
resnet,466,466,+,7,4,2,2,0.10010860483659434,0.14001360340698485,0.052533806380215896,0.10008505292176735,0.30913657484477725,0.6613737469704135,class=786:n04179913.pkl:3;n04179913.pkl:5;n04179913.pkl:7|class=771:n04125021.pkl:37;n04125021.pkl:45;n04125021.pkl:70|class=762:n04081281.pkl:382;n04081281.pkl:543;n04081281.pkl:762
resnet,467,467,+,3,3,1,1,0.29962716523874344,0.3350229052617897,0.19888429373404148,0.27672412814319713,0.05818940225385935,0.978648431240842,class=659:n03775546.pkl:0;n03775546.pkl:4;n03775546.pkl:5|class=968:n07930864.pkl:395;n07930864.pkl:425;n07930864.pkl:560|class=505:n03063689.pkl:1214
resnet,468,468,+,11,8,5,3,0.23233217458415625,0.28288509727963124,0.04860746033442443,0.09215115182157037,0.5146872197052254,0.4176496063753509,class=660:n03776460.pkl:0;n03776460.pkl:10;n03776460.pkl:11|class=904:n04589890.pkl:32;n04589890.pkl:35;n04589890.pkl:37|class=706:n03899768.pkl:12;n03899768.pkl:31;n03899768.pkl:35
resnet,469,469,+,1,1,1,1,0.9919289749798225,0.0,0.9878934624697336,0.0,0.0,1.0,class=4:n01494475.pkl:0;n01494475.pkl:1;n01494475.pkl:2
resnet,470,470,+,6,2,1,0,0.0728319218653069,0.11544375348867664,0.007930289521977784,0.015180223743633,0.3088516722879935,0.7773653857903075,class=20:n01601694.pkl:3;n01601694.pkl:33;n01601694.pkl:72|class=121:n01981276.pkl:421;n01981276.pkl:627|class=638:n03710637.pkl:295
resnet,471,471,+,10,6,2,1,0.12550739436726757,0.17826259110670892,0.013375141273951327,0.027974898534217047,0.4032722996173105,0.5374619496596118,class=266:n02113712.pkl:2;n02113712.pkl:20;n02113712.pkl:22|class=725:n03950228.pkl:7;n03950228.pkl:65;n03950228.pkl:212|class=285:n02124075.pkl:145;n02124075.pkl:484;n02124075.pkl:1077
resnet,472,472,+,8,5,2,2,0.20370947289106267,0.29394806090711767,0.09335216678220759,0.1780221167215034,0.3196663667345171,0.5795787485493179,class=655:n03770439.pkl:5;n03770439.pkl:6;n03770439.pkl:10|class=638:n03710637.pkl:2;n03710637.pkl:55;n03710637.pkl:64|class=842:n04371430.pkl:195;n04371430.pkl:1233
resnet,473,473,+,6,4,1,1,0.22803890681097064,0.3339900417379127,0.09937996973703213,0.21668281379471765,0.0718605622492683,0.9589854695728933,class=979:n09468604.pkl:0;n09468604.pkl:1;n09468604.pkl:3|class=975:n09332890.pkl:10;n09332890.pkl:523;n09332890.pkl:612|class=345:n02403003.pkl:612;n02403003.pkl:1153
resnet,474,474,+,10,5,2,1,0.10672136867340698,0.16011140874132251,0.03933690822137527,0.10177118750894862,0.24451581752819146,0.7693437910286913,class=409:n02708093.pkl:1;n02708093.pkl:2;n02708093.pkl:6|class=553:n03337140.pkl:97;n03337140.pkl:123;n03337140.pkl:182|class=851:n04404412.pkl:10;n04404412.pkl:25;n04404412.pkl:121
resnet,475,475,+,2,1,1,1,0.500485908649174,0.49951409135082603,0.500485908649174,0.49951409135082603,0.011116915629904519,0.9980601376190026,class=699:n03884397.pkl:0;n03884397.pkl:1;n03884397.pkl:2|class=998:n13133613.pkl:1297
resnet,476,476,+,5,5,3,3,0.6259459757811809,0.431338899877697,0.2972833782444172,0.3645984560668062,0.5558002297254164,0.5008280933061546,class=269:n02114367.pkl:0;n02114367.pkl:1;n02114367.pkl:3|class=272:n02114855.pkl:0;n02114855.pkl:2;n02114855.pkl:3|class=270:n02114548.pkl:5;n02114548.pkl:16;n02114548.pkl:20
resnet,477,477,+,2,2,1,1,0.5381858210014723,0.45929951009659986,0.4589907678783624,0.45551048945608863,0.03595251249466278,0.9924462883969325,class=61:n01742172.pkl:2;n01742172.pkl:3;n01742172.pkl:4|class=60:n01740131.pkl:321;n01740131.pkl:433;n01740131.pkl:530
resnet,478,478,+,7,4,0,0,0.07601215401341128,0.15083504108173584,0.002309685729317948,0.0027929284929299257,0.7421496327996394,0.3517462584933137,class=778:n04141975.pkl:196;n04141975.pkl:264;n04141975.pkl:429|class=764:n04090263.pkl:15;n04090263.pkl:287|class=585:n03476991.pkl:534
resnet,479,479,+,3,3,2,1,0.3669673137649188,0.44739139780293397,0.33394422251585487,0.46197979406431183,0.07234862040426747,0.9712689333459082,class=835:n04355338.pkl:0;n04355338.pkl:1;n04355338.pkl:2|class=409:n02708093.pkl:37;n02708093.pkl:50;n02708093.pkl:281|class=908:n04592741.pkl:278
resnet,480,480,+,1,1,1,1,1.0,0.0,1.0,0.0,0.0,1.0,class=321:n02276258.pkl:0;n02276258.pkl:1;n02276258.pkl:2
resnet,481,481,+,4,4,3,2,0.32403782015641514,0.14008222321023875,0.0913412036611925,0.08417878039301416,0.6802631949541879,0.4623302184904565,class=735:n03980874.pkl:3;n03980874.pkl:14;n03980874.pkl:40|class=689:n03866082.pkl:1;n03866082.pkl:5;n03866082.pkl:15|class=911:n04599235.pkl:50;n04599235.pkl:107;n04599235.pkl:159
resnet,482,482,+,5,2,2,1,0.2596100140176211,0.36521504365500035,0.15544495209842532,0.2997745365301347,0.09195915233754971,0.9438172215304896,class=528:n03187595.pkl:0;n03187595.pkl:1;n03187595.pkl:2|class=707:n03902125.pkl:0;n03902125.pkl:125;n03902125.pkl:162|class=485:n02988304.pkl:680;n02988304.pkl:1171
resnet,483,483,+,16,11,8,4,0.28220616743913585,0.3659808221178211,0.10969200116430974,0.18862573538452365,0.5744941407756704,0.24731277582548683,class=208:n02099712.pkl:4;n02099712.pkl:7;n02099712.pkl:8|class=227:n02105412.pkl:0;n02105412.pkl:1;n02105412.pkl:2|class=235:n02106662.pkl:1;n02106662.pkl:3;n02106662.pkl:7
resnet,484,484,+,10,9,6,6,0.39193691311570833,0.3384610764976872,0.14002280748222742,0.28102160302873763,0.49213821324752877,0.5027929414979353,class=232:n02106166.pkl:1;n02106166.pkl:2;n02106166.pkl:3|class=200:n02097474.pkl:21;n02097474.pkl:50;n02097474.pkl:81|class=217:n02102040.pkl:0;n02102040.pkl:6;n02102040.pkl:19
resnet,485,485,+,4,3,1,1,0.35083058698258074,0.3993825180643546,0.20854845770522798,0.3587240162383929,0.026945061820271093,0.9896852360154557,class=406:n02699494.pkl:0;n02699494.pkl:3;n02699494.pkl:5|class=865:n04462240.pkl:471;n04462240.pkl:769;n04462240.pkl:1227|class=702:n03888605.pkl:147
resnet,486,486,+,1,1,1,1,1.0,0.0,1.0,0.0,0.0,1.0,class=38:n01675722.pkl:0;n01675722.pkl:1;n01675722.pkl:2
resnet,487,487,+,3,3,1,1,0.3146834271030983,0.3732094670652665,0.1556450403905202,0.21282987419512828,0.10593191326424767,0.9565992080902862,class=900:n04562935.pkl:0;n04562935.pkl:4;n04562935.pkl:6|class=657:n03773504.pkl:442;n03773504.pkl:509;n03773504.pkl:541|class=189:n02095570.pkl:753;n02095570.pkl:1177
resnet,488,488,+,3,3,2,2,0.7282674852973622,0.38199430604257734,0.5205835732599479,0.40859139114168636,0.5987009094301448,0.5386746058861414,class=128:n02002724.pkl:0;n02002724.pkl:1;n02002724.pkl:2|class=127:n02002556.pkl:0;n02002556.pkl:2;n02002556.pkl:4|class=134:n02012849.pkl:135
resnet,489,489,+,4,4,1,1,0.2003155269840609,0.2259319950771136,0.029681045592250672,0.04527437776202115,0.27095933869539207,0.8316833020726363,class=168:n02090379.pkl:26;n02090379.pkl:28;n02090379.pkl:29|class=650:n03759954.pkl:218;n03759954.pkl:462;n03759954.pkl:599|class=902:n04579432.pkl:1002;n04579432.pkl:1016;n04579432.pkl:1232
resnet,490,490,+,1,1,1,1,0.4042735042735043,0.0,0.26324786324786326,0.0,0.0,1.0,class=769:n04118776.pkl:5;n04118776.pkl:6;n04118776.pkl:11
resnet,491,491,+,3,3,2,2,0.5695152509384903,0.3812906087774684,0.2200947179415126,0.15041624495004194,0.6819716239015832,0.4890191289283984,class=570:n03424325.pkl:1;n03424325.pkl:9;n03424325.pkl:14|class=691:n03868863.pkl:2;n03868863.pkl:7;n03868863.pkl:13|class=836:n04355933.pkl:112;n04355933.pkl:563;n04355933.pkl:574
resnet,492,492,+,13,11,5,1,0.1628108429575244,0.256957799412532,0.06479389199694272,0.18945538549035007,0.26007713165162366,0.7345845829117338,class=285:n02124075.pkl:3;n02124075.pkl:4;n02124075.pkl:5|class=203:n02098286.pkl:21;n02098286.pkl:61;n02098286.pkl:146|class=185:n02094114.pkl:0;n02094114.pkl:36;n02094114.pkl:56
resnet,493,493,+,2,2,1,1,0.5403469844892439,0.450447994590254,0.494835383119902,0.4867545750390939,0.06836755266815826,0.9838030436749636,class=468:n02930766.pkl:0;n02930766.pkl:1;n02930766.pkl:2|class=479:n02974003.pkl:60;n02974003.pkl:248;n02974003.pkl:349
resnet,494,494,+,3,2,2,2,0.5907187753446878,0.42668127829042496,0.5429262976480129,0.4122087724646808,0.6113886889952544,0.5254793781547747,class=377:n02490219.pkl:0;n02490219.pkl:1;n02490219.pkl:2|class=380:n02493509.pkl:1;n02493509.pkl:2;n02493509.pkl:3|class=358:n02443114.pkl:231
resnet,495,495,+,2,2,2,1,0.590978387588557,0.3105551071652766,0.3725226437090844,0.3619406331270738,0.10751866863568275,0.9719971051911147,class=480:n02977058.pkl:0;n02977058.pkl:3;n02977058.pkl:4|class=482:n02979186.pkl:49;n02979186.pkl:210;n02979186.pkl:266
resnet,496,496,+,5,4,2,1,0.3062944713192626,0.19821685991714028,0.04590491954008393,0.08358932083862664,0.2028014352501564,0.8631520673394365,class=528:n03187595.pkl:8;n03187595.pkl:18;n03187595.pkl:26|class=273:n02115641.pkl:15;n02115641.pkl:539;n02115641.pkl:666|class=225:n02105162.pkl:509;n02105162.pkl:783;n02105162.pkl:959
resnet,497,497,+,13,9,2,0,0.06471307278022631,0.09690632642321315,0.006002505260971774,0.011135608277241226,0.6194095187717648,0.34166300055144766,class=468:n02930766.pkl:15;n02930766.pkl:50;n02930766.pkl:52|class=576:n03447447.pkl:15;n03447447.pkl:35;n03447447.pkl:321|class=423:n02791124.pkl:58;n02791124.pkl:139;n02791124.pkl:319
resnet,498,498,+,9,5,3,1,0.09412573615434253,0.20621422310410467,0.054880965477689704,0.13639859284016606,0.2260221638049515,0.7974423782984491,class=489:n03000134.pkl:4;n03000134.pkl:7;n03000134.pkl:11|class=912:n04604644.pkl:4;n04604644.pkl:59;n04604644.pkl:62|class=282:n02123159.pkl:69;n02123159.pkl:84;n02123159.pkl:329
resnet,499,499,+,6,5,3,2,0.3659713154256335,0.37173384694049233,0.20510302543712453,0.3611628777265348,0.3150500873541708,0.6834527691265484,class=501:n03045698.pkl:0;n03045698.pkl:1;n03045698.pkl:2|class=689:n03866082.pkl:13;n03866082.pkl:16;n03866082.pkl:56|class=578:n03450230.pkl:25;n03450230.pkl:142;n03450230.pkl:154
resnet,500,500,+,12,10,5,5,0.4875603801378268,0.37459352655349465,0.15752319047074922,0.18357923000146237,0.6747963009840424,0.1965151975732285,class=243:n02108422.pkl:1;n02108422.pkl:2;n02108422.pkl:4|class=256:n02111277.pkl:2;n02111277.pkl:4;n02111277.pkl:6|class=200:n02097474.pkl:0;n02097474.pkl:1;n02097474.pkl:4
resnet,501,501,+,4,4,3,3,0.8674726892411048,0.1095954642674323,0.3140247692347633,0.31910232439150055,0.6278267179259631,0.5081500025948329,class=358:n02443114.pkl:0;n02443114.pkl:1;n02443114.pkl:2|class=359:n02443484.pkl:2;n02443484.pkl:10;n02443484.pkl:16|class=356:n02441942.pkl:21;n02441942.pkl:29;n02441942.pkl:34
resnet,502,502,+,4,2,2,2,0.18286186685107386,0.20711962119610908,0.08822960656884647,0.09828048626392744,0.47422857748144287,0.5602029449727084,class=778:n04141975.pkl:2;n04141975.pkl:4;n04141975.pkl:9|class=729:n03961711.pkl:48;n03961711.pkl:50;n03961711.pkl:53|class=904:n04589890.pkl:1252
resnet,503,503,+,6,3,0,0,0.024681322877723597,0.028156607141090483,0.0015350965818034564,0.0007457611754829875,0.9370421687138344,0.20600146071288922,class=638:n03710637.pkl:210;n03710637.pkl:930|class=578:n03450230.pkl:730;n03450230.pkl:854|class=678:n03814639.pkl:828;n03814639.pkl:1173
resnet,504,504,+,1,1,1,1,1.0,0.0,1.0,0.0,0.0,1.0,class=135:n02013706.pkl:0;n02013706.pkl:1;n02013706.pkl:2
resnet,505,505,+,2,2,1,1,0.5060139981672829,0.492161184314469,0.49541465225771797,0.49454885139191707,0.010138387416783886,0.9982538984007903,class=973:n09256479.pkl:2;n09256479.pkl:3;n09256479.pkl:4|class=996:n13052670.pkl:705
resnet,506,506,+,6,3,1,1,0.12266357006627632,0.12715154276788548,0.035499100917259434,0.07444468865597496,0.1511238137697833,0.8996286975819614,class=506:n03065424.pkl:1;n03065424.pkl:4;n03065424.pkl:11|class=418:n02783161.pkl:31;n02783161.pkl:446;n02783161.pkl:459|class=488:n02999410.pkl:4;n02999410.pkl:506;n02999410.pkl:823
resnet,507,507,+,7,6,5,3,0.6018860153344365,0.38539719471863776,0.32655351173563124,0.37221396888295,0.6047612593876878,0.3284574021521991,class=848:n04392985.pkl:0;n04392985.pkl:3;n04392985.pkl:5|class=482:n02979186.pkl:2;n02979186.pkl:13;n02979186.pkl:14|class=485:n02988304.pkl:4;n02988304.pkl:8;n02988304.pkl:10
resnet,508,508,+,2,2,1,1,0.42710951682725873,0.382143729925988,0.21112187543639158,0.2101443583298422,0.023603740595050854,0.9953806108457748,class=614:n03617480.pkl:0;n03617480.pkl:1;n03617480.pkl:4|class=748:n04026417.pkl:739
resnet,509,509,+,12,10,2,0,0.09047926480271919,0.09781546603852845,0.006041066339351127,0.0047950231608261005,0.8692978349828423,0.13583498455896817,class=524:n03146219.pkl:82;n03146219.pkl:473;n03146219.pkl:493|class=899:n04560804.pkl:87;n04560804.pkl:220;n04560804.pkl:315|class=427:n02795169.pkl:0;n02795169.pkl:86;n02795169.pkl:109
resnet,510,510,+,3,3,1,1,0.34475387532720836,0.4577074486915353,0.3073155388331264,0.43163681388491776,0.029292016873575646,0.9909104042729875,class=495:n03018349.pkl:0;n03018349.pkl:1;n03018349.pkl:2|class=865:n04462240.pkl:56;n04462240.pkl:471;n04462240.pkl:1227|class=707:n03902125.pkl:1033;n03902125.pkl:1272
resnet,511,511,+,7,6,2,1,0.1816873742980603,0.24089201052216347,0.05943848737016644,0.137983583088067,0.12368246316763432,0.9127340611365861,class=811:n04265275.pkl:9;n04265275.pkl:11;n04265275.pkl:21|class=674:n03794056.pkl:47;n03794056.pkl:94;n03794056.pkl:300|class=904:n04589890.pkl:99;n04589890.pkl:1006;n04589890.pkl:1213
resnet,512,512,+,2,2,1,1,0.5357835537315702,0.4634321325429397,0.48199929067234126,0.4811379642296195,0.010337992485849991,0.9982146097103906,class=802:n04252077.pkl:0;n04252077.pkl:1;n04252077.pkl:2|class=518:n03127747.pkl:955
resnet,513,513,+,11,8,0,0,0.09505380775903459,0.08715778204099953,0.003580809450111476,0.0030773343102632744,0.8454767219610947,0.15805108736483342,class=714:n03929660.pkl:139;n03929660.pkl:264;n03929660.pkl:359|class=631:n03690938.pkl:115;n03690938.pkl:650;n03690938.pkl:694|class=542:n03250847.pkl:5;n03250847.pkl:136;n03250847.pkl:246
resnet,514,514,+,4,1,0,0,0.004113336479812555,0.004722857215054289,0.0012701195829807105,0.0008104461105173362,0.8743913233509173,0.35178858312038397,class=98:n01855032.pkl:247;n01855032.pkl:382;n01855032.pkl:709|class=360:n02444819.pkl:348|class=132:n02009912.pkl:207
resnet,515,515,+,11,9,3,0,0.12146434402421374,0.15350336311473936,0.008057200432451233,0.008891345350176496,0.7847319742882477,0.20161579930965784,class=266:n02113712.pkl:3;n02113712.pkl:46;n02113712.pkl:61|class=304:n02169497.pkl:110;n02169497.pkl:120;n02169497.pkl:148|class=249:n02110063.pkl:27;n02110063.pkl:169;n02110063.pkl:240
resnet,516,516,+,3,1,1,1,0.16345310747065428,0.22329240386881366,0.11634332891214484,0.16322341344883415,0.03348353454156652,0.9894192040536185,class=502:n03047690.pkl:1;n03047690.pkl:5;n03047690.pkl:8|class=582:n03461385.pkl:355|class=865:n04462240.pkl:56
resnet,517,517,+,2,2,2,2,0.957155477031802,0.04284452296819791,0.7647908318821468,0.23122192728850716,0.9330217075407727,0.545702787758685,class=393:n02607072.pkl:0;n02607072.pkl:1;n02607072.pkl:2|class=108:n01914609.pkl:1;n01914609.pkl:2;n01914609.pkl:4
resnet,518,518,+,11,6,0,0,0.07057905127092942,0.09774507219939624,0.0026374459337005786,0.002735784275844189,0.8247302689402332,0.18872373562953917,class=345:n02403003.pkl:39;n02403003.pkl:180;n02403003.pkl:231|class=987:n12144580.pkl:131;n12144580.pkl:631;n12144580.pkl:659|class=856:n04428191.pkl:297;n04428191.pkl:300;n04428191.pkl:512
resnet,519,519,+,15,6,1,0,0.011570518008612262,0.014199232130725409,0.00176506990413681,0.002278318449696684,0.8322094043637408,0.17774101532145917,class=899:n04560804.pkl:347;n04560804.pkl:452;n04560804.pkl:478|class=358:n02443114.pkl:946;n02443114.pkl:1220|class=508:n03085013.pkl:175;n03085013.pkl:882
resnet,520,520,+,6,5,3,3,0.4057498966523047,0.39466381569421066,0.14733038634398535,0.24131379613998608,0.4012297176143334,0.61379109460418,class=342:n02396427.pkl:0;n02396427.pkl:1;n02396427.pkl:2|class=278:n02119789.pkl:3;n02119789.pkl:12;n02119789.pkl:13|class=276:n02117135.pkl:10;n02117135.pkl:14;n02117135.pkl:81
resnet,521,521,+,13,10,3,3,0.1637463160332693,0.2283449369630123,0.022012878057342637,0.040830474982290324,0.5390429201737963,0.3415730513578611,class=505:n03063689.pkl:5;n03063689.pkl:16;n03063689.pkl:18|class=550:n03297495.pkl:16;n03297495.pkl:29;n03297495.pkl:44|class=899:n04560804.pkl:21;n04560804.pkl:41;n04560804.pkl:56
resnet,522,522,+,12,7,4,1,0.1034135318000648,0.1652019438267525,0.014518763172778585,0.020793828371389284,0.6896271357000385,0.2542673199965737,class=179:n02093256.pkl:6;n02093256.pkl:8;n02093256.pkl:21|class=245:n02108915.pkl:27;n02108915.pkl:35;n02108915.pkl:53|class=342:n02396427.pkl:10;n02396427.pkl:31;n02396427.pkl:102
resnet,523,523,+,10,9,6,3,0.3569265247766671,0.2764520612155216,0.11340830420826875,0.2693237246009295,0.33463842469905414,0.6639745557282036,class=656:n03770679.pkl:0;n03770679.pkl:1;n03770679.pkl:2|class=436:n02814533.pkl:2;n02814533.pkl:5;n02814533.pkl:12|class=654:n03769881.pkl:2;n03769881.pkl:10;n03769881.pkl:13
resnet,524,524,+,4,3,1,1,0.2734609009487647,0.4098674923180199,0.24035676777105205,0.4106984646397528,0.0454322575998512,0.9799169635600065,class=443:n02834397.pkl:0;n02834397.pkl:1;n02834397.pkl:2|class=524:n03146219.pkl:470;n03146219.pkl:704;n03146219.pkl:720|class=911:n04599235.pkl:897
resnet,525,525,+,4,3,2,1,0.3513494608116282,0.3818889026781451,0.2504015421894912,0.42303696987585776,0.07482196211879699,0.9635471165618649,class=460:n02894605.pkl:0;n02894605.pkl:1;n02894605.pkl:2|class=536:n03216828.pkl:36;n03216828.pkl:143;n03216828.pkl:310|class=718:n03933933.pkl:188;n03933933.pkl:486;n03933933.pkl:714
resnet,526,526,+,2,1,1,1,0.49862224808406375,0.49648777636581404,0.49686613626697074,0.49579890040784586,0.01214093537129235,0.9978543724254689,class=629:n03676483.pkl:0;n03676483.pkl:1;n03676483.pkl:2|class=657:n03773504.pkl:304
resnet,527,527,+,2,2,1,1,0.52375,0.47625,0.50125,0.49874999999999997,0.02515798777688773,0.9950249065615264,class=65:n01751748.pkl:0;n01751748.pkl:1;n01751748.pkl:2|class=38:n01675722.pkl:1042;n01675722.pkl:1136;n01675722.pkl:1221
resnet,528,528,+,9,9,4,2,0.15367341447889396,0.19436096864163308,0.040851198175716336,0.06731485867104509,0.5104653809714477,0.4128072618480471,class=189:n02095570.pkl:9;n02095570.pkl:15;n02095570.pkl:22|class=245:n02108915.pkl:21;n02108915.pkl:33;n02108915.pkl:38|class=161:n02088238.pkl:17;n02088238.pkl:132;n02088238.pkl:366
resnet,529,529,+,4,3,2,2,0.3583282566655271,0.3417865087207867,0.1755499979166055,0.21645286947631945,0.41664485906260035,0.6300712738731975,class=968:n07930864.pkl:1;n07930864.pkl:2;n07930864.pkl:3|class=967:n07920052.pkl:21;n07920052.pkl:35;n07920052.pkl:40|class=809:n04263257.pkl:370;n04263257.pkl:934
resnet,530,530,+,8,6,1,1,0.107455097766532,0.1714966272529776,0.01726304770585201,0.03853155514802639,0.2963658531278418,0.747741985387675,class=902:n04579432.pkl:32;n04579432.pkl:35;n04579432.pkl:40|class=826:n04328186.pkl:46;n04328186.pkl:73;n04328186.pkl:87|class=451:n02865351.pkl:28;n02865351.pkl:757;n02865351.pkl:879
resnet,531,531,+,8,4,2,1,0.11438988992027732,0.2024352758656968,0.028218557769353322,0.06664815816705652,0.20330125211435035,0.8222952234332297,class=185:n02094114.pkl:1;n02094114.pkl:6;n02094114.pkl:10|class=266:n02113712.pkl:334;n02113712.pkl:416;n02113712.pkl:491|class=256:n02111277.pkl:142;n02111277.pkl:316
resnet,532,532,+,7,7,5,3,0.47484942798868707,0.44678810984504164,0.18816854877713457,0.28270705822860126,0.4882725894018333,0.46532110949905336,class=237:n02107312.pkl:2;n02107312.pkl:3;n02107312.pkl:5|class=253:n02110806.pkl:1;n02110806.pkl:5;n02110806.pkl:8|class=171:n02091032.pkl:8;n02091032.pkl:12;n02091032.pkl:46
resnet,533,533,+,5,4,2,1,0.3022383550095172,0.36658232365511867,0.20189385224016942,0.39196391966303107,0.08585613148672533,0.9538344666487054,class=260:n02112137.pkl:0;n02112137.pkl:1;n02112137.pkl:2|class=544:n03259280.pkl:110;n03259280.pkl:202;n03259280.pkl:535|class=68:n01756291.pkl:5;n01756291.pkl:405;n01756291.pkl:524
resnet,534,534,+,20,12,1,0,0.02465699371346122,0.03019944600132964,0.004524867232514862,0.006413387197504697,0.7973765771214105,0.15044613808441193,class=201:n02097658.pkl:44;n02097658.pkl:46;n02097658.pkl:56|class=356:n02441942.pkl:29;n02441942.pkl:116;n02441942.pkl:161|class=166:n02089867.pkl:453;n02089867.pkl:720;n02089867.pkl:746
resnet,535,535,+,7,4,0,0,0.03777576703743477,0.04531841089812362,0.003033121163647733,0.0023414121150507152,0.8689617250688018,0.22798626670091618,class=5:n01496331.pkl:96;n01496331.pkl:277;n01496331.pkl:379|class=4:n01494475.pkl:295;n01494475.pkl:700;n01494475.pkl:1044|class=782:n04152593.pkl:328;n04152593.pkl:1093
resnet,536,536,+,1,1,1,1,0.9991142604074402,0.0,0.8759964570416298,0.0,0.0,1.0,class=419:n02786058.pkl:0;n02786058.pkl:1;n02786058.pkl:2
resnet,537,537,+,3,2,1,1,0.15957134016179245,0.20721114241064945,0.1343860595326257,0.18746393353892032,0.051459688083740435,0.9819763650582071,class=534:n03207941.pkl:1;n03207941.pkl:4;n03207941.pkl:5|class=782:n04152593.pkl:164;n04152593.pkl:335|class=916:n06359193.pkl:438
resnet,538,538,+,8,7,3,1,0.17220669669844163,0.1975475900801394,0.028834656164621348,0.04633939218583591,0.5351504847789814,0.44783538095331854,class=636:n03709823.pkl:12;n03709823.pkl:27;n03709823.pkl:39|class=797:n04235860.pkl:46;n04235860.pkl:54;n04235860.pkl:60|class=911:n04599235.pkl:55;n04599235.pkl:58;n04599235.pkl:76
resnet,539,539,+,11,5,2,0,0.06657921902824059,0.1492160641753822,0.005750683613474624,0.009449898432175344,0.6311691703440937,0.3363927833581345,class=288:n02128385.pkl:5;n02128385.pkl:21;n02128385.pkl:28|class=540:n03240683.pkl:22;n03240683.pkl:29;n03240683.pkl:51|class=460:n02894605.pkl:381;n02894605.pkl:389;n02894605.pkl:939
resnet,540,540,+,3,3,2,2,0.48850350767377043,0.40245372113171607,0.3708371850727996,0.44717758000505736,0.3023431507921841,0.818032459058551,class=829:n04335435.pkl:0;n04335435.pkl:1;n04335435.pkl:2|class=874:n04487081.pkl:3;n04487081.pkl:4;n04487081.pkl:10|class=654:n03769881.pkl:1183
resnet,541,541,+,18,13,2,2,0.11669564063069483,0.18009842499779447,0.01380717928499048,0.033102598346492054,0.5022753805829989,0.3748870368622442,class=624:n03661043.pkl:0;n03661043.pkl:27;n03661043.pkl:29|class=526:n03179701.pkl:2;n03179701.pkl:4;n03179701.pkl:5|class=764:n04090263.pkl:7;n04090263.pkl:31;n04090263.pkl:232
resnet,542,542,+,2,1,1,1,0.39022099224305107,0.38461875134669254,0.3085598021259786,0.30762609530991886,0.01635556644553427,0.9969785626517838,class=927:n07613480.pkl:0;n07613480.pkl:4;n07613480.pkl:7|class=969:n07932039.pkl:401
resnet,543,543,+,9,6,0,0,0.0767967317668394,0.07262303103961296,0.0037862188965168456,0.0027160432567672143,0.8862230973068842,0.16828785481617425,class=444:n02835271.pkl:22;n02835271.pkl:131;n02835271.pkl:133|class=349:n02415577.pkl:53;n02415577.pkl:118;n02415577.pkl:291|class=665:n03785016.pkl:39;n03785016.pkl:326;n03785016.pkl:776
resnet,544,544,+,4,3,1,1,0.2652100252322963,0.2430649539448488,0.0795791420881301,0.13503922553213749,0.06708752911339595,0.9698821085192774,class=470:n02948072.pkl:3;n02948072.pkl:7;n02948072.pkl:10|class=631:n03690938.pkl:506;n03690938.pkl:810;n03690938.pkl:1039|class=619:n03637318.pkl:695
resnet,545,545,+,3,2,1,1,0.30149247280829766,0.41674460882543163,0.22859360838600642,0.3207921694150941,0.03197304363504614,0.9897779576257261,class=618:n03633091.pkl:4;n03633091.pkl:6;n03633091.pkl:9|class=422:n02790996.pkl:519;n02790996.pkl:839;n02790996.pkl:844|class=809:n04263257.pkl:246
resnet,546,546,+,5,4,0,0,0.09045554173052593,0.1250704349370707,0.0019051144572447784,0.0013354339833092249,0.8734436638335334,0.29827265684892895,class=754:n04041544.pkl:278;n04041544.pkl:895;n04041544.pkl:1228|class=384:n02500267.pkl:1059;n02500267.pkl:1289|class=46:n01693334.pkl:661
resnet,547,547,+,4,3,2,2,0.5438118475095863,0.44583776349327947,0.35836147206366464,0.4086595737648996,0.45812798728866,0.5751028226932532,class=171:n02091032.pkl:0;n02091032.pkl:1;n02091032.pkl:2|class=172:n02091134.pkl:3;n02091134.pkl:5;n02091134.pkl:8|class=180:n02093428.pkl:122;n02093428.pkl:476;n02093428.pkl:774
resnet,548,548,+,8,7,3,1,0.23665650533776655,0.22538702569906796,0.024756557398131807,0.044041349728985144,0.4633032051087524,0.5205949590254595,class=129:n02006656.pkl:9;n02006656.pkl:11;n02006656.pkl:24|class=638:n03710637.pkl:232;n03710637.pkl:243;n03710637.pkl:270|class=689:n03866082.pkl:68;n03866082.pkl:99;n03866082.pkl:243
resnet,549,549,+,6,4,1,0,0.027887910497241344,0.026507503577202707,0.004604879035200946,0.006158067450831671,0.6361025862510852,0.464724939239025,class=836:n04355933.pkl:36;n04355933.pkl:279;n04355933.pkl:289|class=622:n03657121.pkl:303;n03657121.pkl:819;n03657121.pkl:972|class=482:n02979186.pkl:155;n02979186.pkl:320
resnet,550,550,+,7,7,2,1,0.13922422449469268,0.19480218864089088,0.05314183864384551,0.11458890669220097,0.2572942480799902,0.8070802177180735,class=754:n04041544.pkl:1;n04041544.pkl:3;n04041544.pkl:7|class=482:n02979186.pkl:155;n02979186.pkl:175;n02979186.pkl:290|class=82:n01797886.pkl:66;n01797886.pkl:117;n01797886.pkl:305
resnet,551,551,+,3,2,1,1,0.3894472256182589,0.4362746080998247,0.3344838917875699,0.46994887211076863,0.02736638644047603,0.9913388779547045,class=147:n02066245.pkl:0;n02066245.pkl:1;n02066245.pkl:2|class=34:n01665541.pkl:440;n01665541.pkl:646;n01665541.pkl:726|class=360:n02444819.pkl:348
resnet,552,552,+,5,4,3,1,0.3228232791114178,0.3586833713419418,0.2081532586827235,0.39598636716926877,0.12826731156314677,0.9238090954126837,class=174:n02091467.pkl:0;n02091467.pkl:1;n02091467.pkl:2|class=261:n02112350.pkl:54;n02112350.pkl:55;n02112350.pkl:117|class=248:n02109961.pkl:36;n02109961.pkl:115;n02109961.pkl:169
resnet,553,553,+,10,9,3,3,0.26906830701616435,0.324811458685969,0.060209545285720235,0.12051995237046847,0.4201285969953642,0.5006703524429887,class=487:n02992529.pkl:1;n02992529.pkl:2;n02992529.pkl:8|class=590:n03485407.pkl:34;n03485407.pkl:37;n03485407.pkl:43|class=782:n04152593.pkl:10;n04152593.pkl:55;n04152593.pkl:64
resnet,554,554,+,13,8,1,0,0.028816758491306417,0.02949286285067689,0.0034938855667077,0.0035484383772806083,0.8476735927908702,0.15626702916830035,class=165:n02089078.pkl:29;n02089078.pkl:58;n02089078.pkl:61|class=168:n02090379.pkl:73;n02090379.pkl:140;n02090379.pkl:443|class=242:n02108089.pkl:508;n02108089.pkl:685;n02108089.pkl:728
resnet,555,555,+,11,9,3,2,0.1956325233989592,0.24753819248193465,0.06130318088071008,0.1286868261385092,0.37334920714414555,0.4915077351608224,class=636:n03709823.pkl:3;n03709823.pkl:4;n03709823.pkl:5|class=220:n02102480.pkl:1;n02102480.pkl:3;n02102480.pkl:15|class=101:n01871265.pkl:59;n01871265.pkl:320;n01871265.pkl:322
resnet,556,556,+,3,3,1,1,0.34603583095191115,0.42218098243549923,0.29324302364102334,0.41122245951164726,0.03403605035992953,0.9888398597719608,class=931:n07693725.pkl:0;n07693725.pkl:1;n07693725.pkl:2|class=494:n03017168.pkl:143;n03017168.pkl:232;n03017168.pkl:304|class=700:n03887697.pkl:977
resnet,557,557,+,2,2,1,1,0.25312113620095006,0.23349303702739638,0.13213542005596407,0.13006930435348474,0.065954070848735,0.9844858975188706,class=571:n03425413.pkl:4;n03425413.pkl:9;n03425413.pkl:10|class=681:n03832673.pkl:386;n03832673.pkl:412
resnet,559,559,+,16,11,1,0,0.06714700459816615,0.08211134391099809,0.0035198411650835537,0.005584783891689782,0.7423362013286379,0.21984271138227146,class=734:n03977966.pkl:0;n03977966.pkl:81;n03977966.pkl:95|class=752:n04039381.pkl:69;n04039381.pkl:173;n04039381.pkl:181|class=595:n03496892.pkl:71;n03496892.pkl:798;n03496892.pkl:1037
resnet,560,560,+,5,3,3,1,0.18957067449725482,0.2023493031463044,0.03357951606648874,0.03830072358374781,0.5910177859579977,0.46019268774623695,class=124:n01985128.pkl:0;n01985128.pkl:19;n01985128.pkl:38|class=949:n07745940.pkl:1;n07745940.pkl:4;n07745940.pkl:28|class=535:n03208938.pkl:197;n03208938.pkl:220;n03208938.pkl:291
resnet,561,561,+,5,1,1,0,0.10535860437195099,0.1963089790318541,0.007535563307490956,0.009284872919022422,0.625687272252751,0.503634053960461,class=46:n01693334.pkl:28;n01693334.pkl:155;n01693334.pkl:215|class=634:n03697007.pkl:134;n03697007.pkl:135;n03697007.pkl:368|class=636:n03709823.pkl:512;n03709823.pkl:756;n03709823.pkl:759
resnet,562,562,+,2,2,1,1,0.619894476909155,0.36746729244313564,0.4549858893541312,0.45417682786545804,0.010293546433832092,0.998223368754821,class=115:n01950731.pkl:0;n01950731.pkl:1;n01950731.pkl:2|class=114:n01945685.pkl:1146
resnet,563,563,+,3,2,1,1,0.3457558153140503,0.46284343669795064,0.3342421955443227,0.4707619314040695,0.01873926313972154,0.9945729514662801,class=251:n02110341.pkl:0;n02110341.pkl:1;n02110341.pkl:2|class=246:n02109047.pkl:133;n02109047.pkl:1023|class=358:n02443114.pkl:921
resnet,564,564,+,3,1,1,1,0.3196123399894863,0.4467012534312879,0.30683036465742236,0.4326035422743971,0.014570916138195547,0.9959497862859488,class=913:n04606251.pkl:0;n04606251.pkl:1;n04606251.pkl:2|class=718:n03933933.pkl:486|class=908:n04592741.pkl:802
resnet,565,565,+,3,2,1,1,0.31490571835835074,0.432733735553965,0.2376990989986897,0.33386610594882576,0.02921526097198967,0.9909432258617398,class=562:n03388043.pkl:0;n03388043.pkl:3;n03388043.pkl:4|class=524:n03146219.pkl:607;n03146219.pkl:808|class=744:n04008634.pkl:887
resnet,566,566,+,3,3,2,2,0.5822704443009024,0.4035607828461668,0.31633347078131824,0.3149082325578904,0.4772277127278751,0.6636697711868651,class=543:n03255030.pkl:1;n03255030.pkl:4;n03255030.pkl:7|class=422:n02790996.pkl:3;n02790996.pkl:5;n02790996.pkl:11|class=535:n03208938.pkl:236
resnet,567,567,+,11,7,3,0,0.14474316632675774,0.22447650423470145,0.008658783498414598,0.013399747340401898,0.6381839013590325,0.30862329911651265,class=349:n02415577.pkl:18;n02415577.pkl:19;n02415577.pkl:37|class=201:n02097658.pkl:181;n02097658.pkl:195;n02097658.pkl:205|class=680:n03825788.pkl:1;n03825788.pkl:18;n03825788.pkl:40
resnet,568,568,+,1,1,1,1,0.9987789987789988,0.0,0.9963369963369964,0.0,0.0,1.0,class=740:n03995372.pkl:0;n03995372.pkl:1;n03995372.pkl:2
resnet,569,569,+,9,6,4,4,0.3818449294370147,0.3894216393959578,0.18499811245732886,0.324611572119675,0.45261573473482186,0.4532093921195711,class=188:n02095314.pkl:1;n02095314.pkl:2;n02095314.pkl:3|class=266:n02113712.pkl:2;n02113712.pkl:5;n02113712.pkl:6|class=189:n02095570.pkl:6;n02095570.pkl:10;n02095570.pkl:28
resnet,570,570,+,1,1,1,1,0.9222886421861657,0.0,0.7933390264731,0.0,0.0,1.0,class=790:n04204238.pkl:0;n04204238.pkl:1;n04204238.pkl:2
resnet,571,571,+,2,2,1,0,0.09844267549951918,0.049463083662784485,0.011831748406168751,0.009110659970794601,0.5147890656392509,0.7964639074478754,class=356:n02441942.pkl:74;n02441942.pkl:93;n02441942.pkl:103|class=46:n01693334.pkl:1155;n01693334.pkl:1167
resnet,572,572,+,19,14,1,0,0.13358013959277118,0.12029816814780883,0.003957155401434247,0.004941644291204961,0.8280611113756102,0.1347088955191788,class=418:n02783161.pkl:31;n02783161.pkl:46;n02783161.pkl:53|class=622:n03657121.pkl:154;n03657121.pkl:170;n03657121.pkl:303|class=626:n03666591.pkl:454;n03666591.pkl:458;n03666591.pkl:530
resnet,573,573,+,11,8,2,0,0.22311204711162194,0.28759742850010284,0.005116717605537809,0.006505979910604139,0.7589649686960126,0.2378862515670829,class=386:n02504458.pkl:3;n02504458.pkl:34;n02504458.pkl:79|class=68:n01756291.pkl:66;n01756291.pkl:67;n01756291.pkl:124|class=50:n01698640.pkl:23;n01698640.pkl:114;n01698640.pkl:775
resnet,574,574,+,2,2,1,1,0.4825277478047683,0.46357040183320436,0.39749726430093835,0.39654939700236014,0.013298704014988665,0.9976182548988342,class=644:n03729826.pkl:0;n03729826.pkl:1;n03729826.pkl:2|class=692:n03871628.pkl:1201
resnet,575,575,+,6,4,4,4,0.5336777063314099,0.40346467349862997,0.25287358488983125,0.2977179055724733,0.5894179288755107,0.3976878100507396,class=157:n02086910.pkl:0;n02086910.pkl:2;n02086910.pkl:3|class=156:n02086646.pkl:0;n02086646.pkl:1;n02086646.pkl:3|class=152:n02085782.pkl:17;n02085782.pkl:31;n02085782.pkl:81
resnet,576,576,+,28,22,8,6,0.17456324120924702,0.18937340356135654,0.022404803649528994,0.03965741776345988,0.6660846737350076,0.1476087364765814,class=380:n02493509.pkl:1;n02493509.pkl:29;n02493509.pkl:30|class=358:n02443114.pkl:22;n02443114.pkl:27;n02443114.pkl:49|class=384:n02500267.pkl:25;n02500267.pkl:34;n02500267.pkl:47
resnet,577,577,+,17,10,4,2,0.13547758817104127,0.21516256269176864,0.027586220048058666,0.06873371457603043,0.44191694197404435,0.4240029679680619,class=380:n02493509.pkl:2;n02493509.pkl:3;n02493509.pkl:5|class=914:n04612504.pkl:4;n04612504.pkl:16;n04612504.pkl:33|class=536:n03216828.pkl:14;n03216828.pkl:39;n03216828.pkl:53
resnet,578,578,+,30,25,11,2,0.16671828103195452,0.17560721697580947,0.014599881469808153,0.023773900832398626,0.7473889409830059,0.12171882436250978,class=810:n04264628.pkl:9;n04264628.pkl:12;n04264628.pkl:29|class=657:n03773504.pkl:6;n03773504.pkl:7;n03773504.pkl:98|class=904:n04589890.pkl:21;n04589890.pkl:35;n04589890.pkl:37
resnet,579,579,+,6,5,1,1,0.07053266015579344,0.10048409710380021,0.0210194332943088,0.0419771096527271,0.2402211315773031,0.8313760470067595,class=421:n02788148.pkl:5;n02788148.pkl:11;n02788148.pkl:27|class=535:n03208938.pkl:197;n03208938.pkl:530;n03208938.pkl:823|class=771:n04125021.pkl:189;n04125021.pkl:202
resnet,580,580,+,9,9,4,1,0.18168300951473138,0.23311379523652875,0.0857940864355465,0.21583837565152103,0.2277976913154871,0.8143455165839657,class=623:n03658185.pkl:1;n03658185.pkl:2;n03658185.pkl:3|class=618:n03633091.pkl:22;n03633091.pkl:34;n03633091.pkl:35|class=731:n03970156.pkl:61;n03970156.pkl:119;n03970156.pkl:192
resnet,581,581,+,4,4,2,2,0.5109470377229245,0.48365876765782084,0.3045552853134452,0.4108305236593561,0.35071028825032957,0.7049180128245004,class=275:n02116738.pkl:0;n02116738.pkl:1;n02116738.pkl:2|class=276:n02117135.pkl:2;n02117135.pkl:10;n02117135.pkl:14|class=274:n02115913.pkl:71;n02115913.pkl:492;n02115913.pkl:911
resnet,582,582,+,1,1,1,1,1.0,0.0,0.9984239558707644,0.0,0.0,1.0,class=136:n02017213.pkl:0;n02017213.pkl:1;n02017213.pkl:2
resnet,583,583,+,3,3,3,3,0.9975742188579891,0.0004458522104382043,0.7930693910127967,0.2701630640653882,0.9408590184161788,0.37201527939710605,class=277:n02119022.pkl:0;n02119022.pkl:1;n02119022.pkl:3|class=278:n02119789.pkl:0;n02119789.pkl:3;n02119789.pkl:4|class=280:n02120505.pkl:5;n02120505.pkl:6;n02120505.pkl:9
resnet,584,584,+,4,4,2,2,0.5220455781459535,0.4085306365243006,0.27376741283330774,0.325398886611675,0.4635005845115765,0.6031901883215194,class=389:n02514041.pkl:0;n02514041.pkl:1;n02514041.pkl:2|class=395:n02641379.pkl:3;n02641379.pkl:14;n02641379.pkl:17|class=394:n02640242.pkl:8;n02640242.pkl:28;n02640242.pkl:214
resnet,585,585,+,3,3,3,3,0.9126550842560349,0.05670193908764624,0.4874175043389477,0.3456949292256315,0.786575997227424,0.5010060960940634,class=481:n02978881.pkl:0;n02978881.pkl:1;n02978881.pkl:2|class=482:n02979186.pkl:2;n02979186.pkl:14;n02979186.pkl:16|class=848:n04392985.pkl:0;n04392985.pkl:15;n04392985.pkl:21
resnet,586,586,+,4,3,1,1,0.2521263510207065,0.38970819335849377,0.12479832363861722,0.21217586967490845,0.06275908863847925,0.9726275038588461,class=565:n03393912.pkl:0;n03393912.pkl:1;n03393912.pkl:3|class=867:n04467665.pkl:2;n04467665.pkl:240;n04467665.pkl:496|class=657:n03773504.pkl:456;n03773504.pkl:783
resnet,587,587,+,1,1,1,1,1.0,0.0,1.0,0.0,0.0,1.0,class=315:n02236044.pkl:0;n02236044.pkl:1;n02236044.pkl:2
resnet,588,588,+,3,2,1,1,0.3771879151018224,0.44357652438851064,0.3341864721003794,0.47080140516528673,0.017657330005389833,0.9949044173213665,class=991:n12985857.pkl:0;n12985857.pkl:1;n12985857.pkl:2|class=996:n13052670.pkl:259;n13052670.pkl:1053|class=944:n07718747.pkl:1248
resnet,589,589,+,3,3,3,2,0.6784310798222819,0.41160532880316925,0.38429897938078605,0.43818372163656016,0.3961416177854671,0.7666972647266203,class=3:n01491361.pkl:0;n01491361.pkl:1;n01491361.pkl:2|class=4:n01494475.pkl:7;n01494475.pkl:20;n01494475.pkl:22|class=2:n01484850.pkl:79;n01484850.pkl:168;n01484850.pkl:262
resnet,590,590,+,1,1,1,1,0.9916597164303587,0.0,0.8123436196830692,0.0,0.0,1.0,class=794:n04209239.pkl:0;n04209239.pkl:1;n04209239.pkl:2
resnet,591,591,+,3,3,2,2,0.5223875442429572,0.3590985784542857,0.28332341379969556,0.3628440550617439,0.22150580227527028,0.8800393292450767,class=926:n07590611.pkl:1;n07590611.pkl:3;n07590611.pkl:4|class=909:n04596742.pkl:28;n04596742.pkl:103;n04596742.pkl:301|class=809:n04263257.pkl:246
resnet,592,592,+,3,3,3,2,0.7246564934962224,0.3765266154595975,0.4234958499607881,0.4156450578994203,0.547144771103396,0.6544225123189524,class=404:n02690373.pkl:0;n02690373.pkl:1;n02690373.pkl:2|class=368:n02483362.pkl:3;n02483362.pkl:5;n02483362.pkl:6|class=908:n04592741.pkl:1;n04592741.pkl:4;n04592741.pkl:45
resnet,593,593,+,5,4,3,3,0.5118469784875498,0.4045975524840753,0.173985428348204,0.2421112751632682,0.47792739280524904,0.5872882066077709,class=298:n02137549.pkl:0;n02137549.pkl:1;n02137549.pkl:2|class=335:n02356798.pkl:1;n02356798.pkl:10;n02356798.pkl:15|class=46:n01693334.pkl:18;n01693334.pkl:71;n01693334.pkl:101
resnet,594,594,+,8,2,1,1,0.07795424718543337,0.18733922844627535,0.043967714720744414,0.11350706661726757,0.06902933968194908,0.9580825298238062,class=921:n07248320.pkl:1;n07248320.pkl:3;n07248320.pkl:7|class=165:n02089078.pkl:511|class=771:n04125021.pkl:846
resnet,595,595,+,1,1,1,1,0.9983987189751802,0.0,0.9983987189751802,0.0,0.0,1.0,class=110:n01924916.pkl:0;n01924916.pkl:1;n01924916.pkl:2
resnet,596,596,+,3,2,2,2,0.5333461476565682,0.37741198196151876,0.3346000508571927,0.27621852601855573,0.5856168300851474,0.5604935879717899,class=201:n02097658.pkl:4;n02097658.pkl:8;n02097658.pkl:11|class=217:n02102040.pkl:15;n02102040.pkl:16;n02102040.pkl:18|class=836:n04355933.pkl:639;n04355933.pkl:1054
resnet,597,597,+,8,6,2,2,0.1873902233311367,0.31231539708878425,0.11216823712431802,0.24314518132553176,0.24501894355058404,0.7123562013206726,class=411:n02730930.pkl:0;n02730930.pkl:2;n02730930.pkl:4|class=689:n03866082.pkl:2;n03866082.pkl:4;n03866082.pkl:16|class=443:n02834397.pkl:343;n02834397.pkl:868;n02834397.pkl:980
resnet,598,598,+,6,3,0,0,0.05497427635946617,0.06043473965214183,0.0038333145447109196,0.0027614171147000185,0.8374819354144686,0.2531562609817159,class=345:n02403003.pkl:39;n02403003.pkl:612;n02403003.pkl:725|class=856:n04428191.pkl:368;n04428191.pkl:631;n04428191.pkl:635|class=977:n09421951.pkl:89;n09421951.pkl:777;n09421951.pkl:826
resnet,599,599,+,8,8,4,3,0.40280416808539266,0.3719643750331458,0.16513388929874637,0.3041473409344118,0.40921896420868714,0.5490388435736803,class=453:n02870880.pkl:1;n02870880.pkl:2;n02870880.pkl:3|class=548:n03290653.pkl:3;n03290653.pkl:12;n03290653.pkl:32|class=526:n03179701.pkl:16;n03179701.pkl:122;n03179701.pkl:150
resnet,600,600,+,1,1,1,1,0.9391304347826087,0.0,0.7857707509881423,0.0,0.0,1.0,class=327:n02317335.pkl:0;n02317335.pkl:1;n02317335.pkl:3
resnet,601,601,+,7,5,3,2,0.27802530438965106,0.2852389336565621,0.08303030229680332,0.1601001726009262,0.339550531094804,0.6740011943854027,class=834:n04350905.pkl:0;n04350905.pkl:2;n04350905.pkl:3|class=906:n04591157.pkl:11;n04591157.pkl:40;n04591157.pkl:61|class=400:n02669723.pkl:49;n02669723.pkl:153;n02669723.pkl:232
resnet,602,602,+,6,5,3,2,0.4698790641921507,0.3449128994687899,0.19160186766223233,0.35670904149783783,0.27234143471267347,0.7443336000044799,class=331:n02326432.pkl:0;n02326432.pkl:1;n02326432.pkl:2|class=271:n02114712.pkl:0;n02114712.pkl:1;n02114712.pkl:3|class=209:n02099849.pkl:28;n02099849.pkl:391;n02099849.pkl:434
resnet,603,603,+,13,12,3,2,0.2661842514883077,0.2895157635975936,0.026252434096276665,0.05198465885668431,0.493278859592827,0.3785484627854475,class=179:n02093256.pkl:16;n02093256.pkl:25;n02093256.pkl:36|class=185:n02094114.pkl:4;n02094114.pkl:8;n02094114.pkl:9|class=184:n02093991.pkl:235;n02093991.pkl:243;n02093991.pkl:322
resnet,604,604,+,1,1,1,1,0.9556650246305419,0.0,0.8004926108374384,0.0,0.0,1.0,class=697:n03877472.pkl:0;n03877472.pkl:1;n03877472.pkl:2
resnet,605,605,+,5,4,1,0,0.06379527283860895,0.05277835698422951,0.00521050419560536,0.004402683161762287,0.7607837577788881,0.3427924881200157,class=754:n04041544.pkl:174;n04041544.pkl:212;n04041544.pkl:395|class=764:n04090263.pkl:15;n04090263.pkl:18;n04090263.pkl:92|class=677:n03804744.pkl:277;n03804744.pkl:514;n03804744.pkl:801
resnet,606,606,+,10,7,2,2,0.15701176084104973,0.17350217440507631,0.014202873669085247,0.023385445086302983,0.5568900881968527,0.3711058143581333,class=427:n02795169.pkl:94;n02795169.pkl:98;n02795169.pkl:191|class=782:n04152593.pkl:7;n04152593.pkl:161;n04152593.pkl:164|class=867:n04467665.pkl:108;n04467665.pkl:240;n04467665.pkl:421
resnet,607,607,+,13,12,5,1,0.09886277461190757,0.12846104803415995,0.014928805144255987,0.021870881851189496,0.7027238592210852,0.24202006016541086,class=913:n04606251.pkl:7;n04606251.pkl:9;n04606251.pkl:16|class=46:n01693334.pkl:44;n01693334.pkl:68;n01693334.pkl:76|class=409:n02708093.pkl:16;n02708093.pkl:90;n02708093.pkl:94
resnet,608,608,+,5,4,1,0,0.05840102766670735,0.03329175222085618,0.0030978679607370488,0.003607928368004446,0.6653560560721543,0.4712813902771315,class=336:n02361337.pkl:42;n02361337.pkl:154;n02361337.pkl:390|class=349:n02415577.pkl:588;n02415577.pkl:631;n02415577.pkl:1154|class=345:n02403003.pkl:533
resnet,609,609,+,8,7,3,3,0.22449538473089917,0.25644980902605785,0.06333589574052327,0.12244422524267408,0.40383901465329586,0.5921827450530943,class=768:n04118538.pkl:0;n04118538.pkl:1;n04118538.pkl:2|class=179:n02093256.pkl:15;n02093256.pkl:28;n02093256.pkl:31|class=172:n02091134.pkl:5;n02091134.pkl:53;n02091134.pkl:54
resnet,610,610,+,5,2,1,1,0.08425346595876763,0.1484066370266596,0.04872249293888602,0.09416888838370345,0.09661868400664005,0.947112290029889,class=611:n03598930.pkl:0;n03598930.pkl:9;n03598930.pkl:18|class=868:n04476259.pkl:61;n04476259.pkl:272;n04476259.pkl:555|class=358:n02443114.pkl:672
resnet,611,611,+,3,2,2,1,0.5250989391310612,0.39887577434016036,0.3168923663457212,0.4163554806934794,0.17910182559962687,0.9087517556147302,class=339:n02389026.pkl:0;n02389026.pkl:1;n02389026.pkl:2|class=345:n02403003.pkl:3;n02403003.pkl:47;n02403003.pkl:93|class=168:n02090379.pkl:649
resnet,612,612,+,1,1,1,1,0.8554112554112554,0.0,0.7047619047619048,0.0,0.0,1.0,class=750:n04033995.pkl:0;n04033995.pkl:1;n04033995.pkl:2
resnet,613,613,+,2,2,1,1,0.5237758369278146,0.44959186066668705,0.4498977739708567,0.4409956968195214,0.08008591005792656,0.9804088718445334,class=484:n02981792.pkl:1;n02981792.pkl:2;n02981792.pkl:3|class=435:n02808440.pkl:84;n02808440.pkl:323;n02808440.pkl:434
resnet,614,614,+,5,3,2,2,0.34745768998562926,0.3895378099988148,0.18932390074604585,0.24336667737091885,0.4288004715284923,0.5304770714968688,class=756:n04049303.pkl:0;n04049303.pkl:4;n04049303.pkl:6|class=427:n02795169.pkl:0;n02795169.pkl:4;n02795169.pkl:5|class=744:n04008634.pkl:492;n04008634.pkl:891
resnet,615,615,+,11,7,3,2,0.08506155421490272,0.09527477861871013,0.028550391394125452,0.05049053728675658,0.48363384135489423,0.375226312586066,class=836:n04355933.pkl:0;n04355933.pkl:8;n04355933.pkl:11|class=754:n04041544.pkl:4;n04041544.pkl:12;n04041544.pkl:19|class=650:n03759954.pkl:3;n03759954.pkl:5;n03759954.pkl:48
resnet,616,616,+,4,2,0,0,0.05464033821525563,0.08251736659858029,0.00297552330766184,0.002067660322402559,0.8268690023431815,0.37071790321687925,class=108:n01914609.pkl:199;n01914609.pkl:227;n01914609.pkl:325|class=123:n01984695.pkl:144;n01984695.pkl:587;n01984695.pkl:1206|class=329:n02321529.pkl:608;n02321529.pkl:1190
resnet,617,617,+,2,2,1,1,0.523972602739726,0.476027397260274,0.5019569471624266,0.4980430528375734,0.03681362231441064,0.9922331277620087,class=613:n03602883.pkl:0;n03602883.pkl:1;n03602883.pkl:2|class=550:n03297495.pkl:199;n03297495.pkl:442;n03297495.pkl:765
resnet,618,618,+,4,3,3,3,0.6791634216616882,0.39252326648256813,0.37739180602952754,0.3908005993211165,0.5801202309374116,0.5180806808671178,class=283:n02123394.pkl:0;n02123394.pkl:1;n02123394.pkl:2|class=152:n02085782.pkl:6;n02085782.pkl:8;n02085782.pkl:14|class=371:n02486261.pkl:4;n02486261.pkl:11;n02486261.pkl:23
resnet,619,619,+,11,8,6,4,0.3500101647993074,0.3398515839830777,0.13926076542198987,0.26277656599082727,0.4784529736183174,0.41459442692053167,class=205:n02099267.pkl:0;n02099267.pkl:1;n02099267.pkl:2|class=208:n02099712.pkl:0;n02099712.pkl:1;n02099712.pkl:4|class=256:n02111277.pkl:5;n02111277.pkl:8;n02111277.pkl:17
resnet,620,620,+,7,5,0,0,0.13387193257352148,0.18074454913645913,0.0023503528206563927,0.0015917638511442312,0.8847539236889392,0.20838004330381124,class=423:n02791124.pkl:284;n02791124.pkl:319;n02791124.pkl:431|class=702:n03888605.pkl:87;n03888605.pkl:147;n03888605.pkl:178|class=842:n04371430.pkl:595;n04371430.pkl:765;n04371430.pkl:931
resnet,621,621,+,2,1,1,1,0.3260621770702416,0.32215210864404414,0.1424953742494065,0.14054034003630778,0.05916957465130479,0.9863741352689481,class=541:n03249569.pkl:5;n03249569.pkl:6;n03249569.pkl:9|class=524:n03146219.pkl:547;n03146219.pkl:621
resnet,622,622,+,9,4,1,1,0.03547783693615579,0.05561543174121111,0.02086310635716113,0.055799496103059495,0.13242058928170256,0.9059152145157936,class=715:n03929855.pkl:3;n03929855.pkl:4;n03929855.pkl:11|class=639:n03710721.pkl:580;n03710721.pkl:1223|class=652:n03763968.pkl:103;n03763968.pkl:955
resnet,623,623,+,10,5,2,0,0.06377030290423051,0.11450600336469166,0.005919258950956005,0.008013959837346976,0.6981959198929829,0.28329880941684255,class=309:n02206856.pkl:2;n02206856.pkl:29;n02206856.pkl:89|class=304:n02169497.pkl:120;n02169497.pkl:420;n02169497.pkl:444|class=46:n01693334.pkl:513;n01693334.pkl:664;n01693334.pkl:780
resnet,624,624,+,8,8,0,0,0.15108206336190372,0.2653837094059618,0.003637671956583855,0.0029109593489141873,0.8435918714198157,0.20504518822407453,class=373:n02487347.pkl:88;n02487347.pkl:191;n02487347.pkl:238|class=248:n02109961.pkl:52;n02109961.pkl:533;n02109961.pkl:592|class=249:n02110063.pkl:107;n02110063.pkl:244;n02110063.pkl:388
resnet,625,625,+,2,2,2,1,0.49368764742680016,0.2556940508419549,0.3207690432973981,0.29835709025577584,0.21856526114641675,0.9325714304332557,class=812:n04266014.pkl:2;n04266014.pkl:3;n04266014.pkl:4|class=657:n03773504.pkl:3;n03773504.pkl:25;n03773504.pkl:39
resnet,626,626,+,1,1,1,1,0.9968944099378882,0.0,0.9464285714285714,0.0,0.0,1.0,class=344:n02398521.pkl:0;n02398521.pkl:1;n02398521.pkl:2
resnet,627,627,+,8,7,4,1,0.18843474926536982,0.21508713655887135,0.03244112796905222,0.05778297133636551,0.4954772767201291,0.5215681778917058,class=503:n03062245.pkl:0;n03062245.pkl:1;n03062245.pkl:2|class=883:n04522168.pkl:5;n04522168.pkl:12;n04522168.pkl:32|class=631:n03690938.pkl:12;n03690938.pkl:34;n03690938.pkl:206
resnet,628,628,+,3,2,2,1,0.3285144734411073,0.42493204125093564,0.08328093377972863,0.08478643826862808,0.4746316740165635,0.6788272116163485,class=599:n03530642.pkl:2;n03530642.pkl:12;n03530642.pkl:13|class=410:n02727426.pkl:30;n02727426.pkl:91;n02727426.pkl:99|class=836:n04355933.pkl:1053
resnet,629,629,+,1,1,1,1,1.0,0.0,1.0,0.0,0.0,1.0,class=396:n02643566.pkl:0;n02643566.pkl:1;n02643566.pkl:2
resnet,630,630,+,4,4,4,3,0.6192685965383015,0.22771520505454784,0.29556296152957606,0.4070496622305669,0.4267874415770938,0.7241707791829939,class=33:n01664065.pkl:2;n01664065.pkl:3;n01664065.pkl:4|class=34:n01665541.pkl:17;n01665541.pkl:71;n01665541.pkl:104|class=36:n01667778.pkl:1;n01667778.pkl:3;n01667778.pkl:4
resnet,631,631,+,3,3,2,2,0.4498769096961641,0.30502237545212113,0.21533098311810503,0.17922446121364569,0.579268012407857,0.5642526511280551,class=636:n03709823.pkl:0;n03709823.pkl:9;n03709823.pkl:12|class=748:n04026417.pkl:3;n04026417.pkl:7;n04026417.pkl:11|class=911:n04599235.pkl:1072
resnet,632,632,+,8,6,3,2,0.2938177122383223,0.39414645580882757,0.14589771673127677,0.24490465886218427,0.39517999296345063,0.47721440672954946,class=636:n03709823.pkl:0;n03709823.pkl:5;n03709823.pkl:8|class=748:n04026417.pkl:6;n04026417.pkl:8;n04026417.pkl:9|class=709:n03908618.pkl:18;n03908618.pkl:19;n03908618.pkl:50
resnet,633,633,+,1,1,1,1,1.0,0.0,1.0,0.0,0.0,1.0,class=801:n04251144.pkl:0;n04251144.pkl:1;n04251144.pkl:2
resnet,634,634,+,12,5,1,0,0.024211260045799387,0.03760369271198123,0.0026672378229755478,0.003939327971719271,0.7468274622151145,0.2651105927538704,class=349:n02415577.pkl:12;n02415577.pkl:34;n02415577.pkl:47|class=836:n04355933.pkl:248;n04355933.pkl:554;n04355933.pkl:1163|class=671:n03792782.pkl:81;n03792782.pkl:109;n03792782.pkl:199
resnet,635,635,+,1,1,1,1,0.9720496894409938,0.0,0.8027950310559007,0.0,0.0,1.0,class=376:n02489166.pkl:0;n02489166.pkl:1;n02489166.pkl:2
resnet,636,636,+,3,2,1,1,0.4124823212737807,0.42504030430730116,0.3345112633310088,0.4705719632474185,0.023255488412736655,0.9929769298237574,class=530:n03196217.pkl:0;n03196217.pkl:1;n03196217.pkl:2|class=531:n03197337.pkl:739;n03197337.pkl:758|class=826:n04328186.pkl:164
resnet,637,637,+,4,2,2,1,0.22623624316568386,0.3212373481002,0.03798805558994961,0.04151101257047235,0.5032640661800353,0.5485193816119018,class=925:n07584110.pkl:8;n07584110.pkl:13;n07584110.pkl:28|class=5:n01496331.pkl:54;n01496331.pkl:96;n01496331.pkl:106|class=631:n03690938.pkl:503
resnet,638,638,+,3,2,1,1,0.3350201334608021,0.44082384416420617,0.27552336054120463,0.3879885644140756,0.0195246217691903,0.9943307197567514,class=830:n04336792.pkl:0;n04336792.pkl:1;n04336792.pkl:2|class=744:n04008634.pkl:940|class=345:n02403003.pkl:612
resnet,639,639,+,5,4,2,1,0.3619681517469379,0.3674297712423141,0.19966894845576802,0.3876425767118347,0.07835242055087217,0.9538273280141818,class=261:n02112350.pkl:0;n02112350.pkl:1;n02112350.pkl:2|class=283:n02123394.pkl:9;n02123394.pkl:124;n02123394.pkl:291|class=204:n02098413.pkl:14;n02098413.pkl:125
resnet,640,640,+,12,3,1,0,0.059727334698567315,0.15149248416030617,0.003926753419050895,0.006997067745142486,0.6599080882435453,0.34792956230867556,class=799:n04239074.pkl:94;n04239074.pkl:132;n04239074.pkl:134|class=689:n03866082.pkl:8;n03866082.pkl:165;n03866082.pkl:766|class=248:n02109961.pkl:169;n02109961.pkl:765
resnet,641,641,+,1,1,1,1,0.6108490566037735,0.0,0.5974842767295597,0.0,0.0,1.0,class=746:n04019541.pkl:2;n04019541.pkl:7;n04019541.pkl:8
resnet,642,642,+,7,4,3,2,0.3225401465246168,0.39029659519105453,0.20906681977875302,0.33220314025383263,0.39810465740071016,0.5035513777028235,class=675:n03796401.pkl:0;n03796401.pkl:3;n03796401.pkl:4|class=867:n04467665.pkl:0;n04467665.pkl:2;n04467665.pkl:7|class=734:n03977966.pkl:0;n03977966.pkl:75;n03977966.pkl:83
resnet,643,643,+,12,8,0,0,0.027313819434796688,0.02479883406257367,0.0024214187943520753,0.002133211234112188,0.8670452371077736,0.14800985574621878,class=836:n04355933.pkl:33;n04355933.pkl:363;n04355933.pkl:426|class=585:n03476991.pkl:133;n03476991.pkl:247;n03476991.pkl:404|class=638:n03710637.pkl:4;n03710637.pkl:74;n03710637.pkl:1226
resnet,644,644,+,11,9,1,0,0.08429719052759403,0.09086124702932837,0.00414491093562948,0.0038671947530451284,0.8514608087954385,0.17004416192603405,class=638:n03710637.pkl:179;n03710637.pkl:286;n03710637.pkl:295|class=914:n04612504.pkl:536;n04612504.pkl:543;n04612504.pkl:598|class=977:n09421951.pkl:174;n09421951.pkl:382;n09421951.pkl:465
resnet,645,645,+,18,10,2,0,0.056627913281539634,0.08612328896826267,0.004230565299737871,0.006331592832799634,0.7518738201889729,0.17999459404996865,class=492:n03014705.pkl:28;n03014705.pkl:44;n03014705.pkl:59|class=689:n03866082.pkl:105;n03866082.pkl:194;n03866082.pkl:220|class=681:n03832673.pkl:5;n03832673.pkl:10;n03832673.pkl:158
resnet,646,646,+,11,8,3,2,0.11854178223236297,0.15937601913195043,0.028356135047171393,0.05671593457456352,0.42814651090803185,0.4545924490075364,class=968:n07930864.pkl:0;n07930864.pkl:7;n07930864.pkl:11|class=899:n04560804.pkl:39;n04560804.pkl:40;n04560804.pkl:47|class=868:n04476259.pkl:61;n04476259.pkl:344;n04476259.pkl:408
resnet,647,647,+,5,4,2,0,0.2602599717043982,0.21436577996569695,0.009358707978757121,0.009696321633007803,0.6442690064779076,0.41469020424635317,class=342:n02396427.pkl:54;n02396427.pkl:67;n02396427.pkl:74|class=536:n03216828.pkl:254;n03216828.pkl:274;n03216828.pkl:326|class=429:n02799071.pkl:163;n02799071.pkl:388;n02799071.pkl:538
resnet,648,648,+,8,3,0,0,0.06314736223378002,0.08011410785185877,0.0025417109870976297,0.0028054165230573403,0.7846700630195471,0.277283335788803,class=590:n03485407.pkl:76;n03485407.pkl:176;n03485407.pkl:191|class=826:n04328186.pkl:73;n04328186.pkl:175;n04328186.pkl:665|class=810:n04264628.pkl:167
resnet,649,649,+,9,7,2,2,0.3348058696624659,0.2679141883024666,0.08392260068839358,0.2001706126819745,0.23736245041062784,0.7432321713798709,class=685:n03841143.pkl:0;n03841143.pkl:1;n03841143.pkl:2|class=158:n02087046.pkl:3;n02087046.pkl:6;n02087046.pkl:13|class=193:n02096294.pkl:8;n02096294.pkl:340;n02096294.pkl:387
resnet,650,650,+,6,4,1,1,0.2542506612205477,0.3495508956701027,0.11092511824413681,0.24514798674631672,0.03857981433633024,0.9807064142120909,class=734:n03977966.pkl:0;n03977966.pkl:2;n03977966.pkl:3|class=482:n02979186.pkl:658;n02979186.pkl:1221|class=662:n03777754.pkl:663
resnet,651,651,+,1,1,1,1,0.9339035769828927,0.0,0.7776049766718507,0.0,0.0,1.0,class=93:n01829413.pkl:1;n01829413.pkl:2;n01829413.pkl:3
resnet,652,652,+,4,3,1,1,0.31542775759275227,0.38032757077475243,0.19655802205133235,0.3355171723528872,0.05104026166256613,0.9784302425257577,class=112:n01943899.pkl:0;n01943899.pkl:1;n01943899.pkl:2|class=125:n01986214.pkl:423;n01986214.pkl:454;n01986214.pkl:800|class=631:n03690938.pkl:694;n03690938.pkl:1182
resnet,653,653,+,2,2,2,2,0.9378165381630306,0.004869518295480935,0.42256711742078756,0.24210354126184716,0.7481808366797409,0.6641273246909722,class=950:n07747607.pkl:0;n07747607.pkl:2;n07747607.pkl:4|class=951:n07749582.pkl:0;n07749582.pkl:7;n07749582.pkl:12
resnet,654,654,+,1,1,1,1,1.0,0.0,0.9984362783424551,0.0,0.0,1.0,class=144:n02051845.pkl:0;n02051845.pkl:1;n02051845.pkl:2
resnet,655,655,+,3,2,1,1,0.3400141404797663,0.4516535361567897,0.2324947631165106,0.32720904063695416,0.02167245006119113,0.993575085119479,class=711:n03916031.pkl:2;n03916031.pkl:3;n03916031.pkl:5|class=782:n04152593.pkl:949|class=441:n02823750.pkl:1269
resnet,656,656,+,11,7,2,0,0.019360170009832454,0.021319893192568048,0.004118169460584551,0.005983867121032637,0.666116397528972,0.282847888319669,class=942:n07717556.pkl:63;n07717556.pkl:68;n07717556.pkl:130|class=953:n07753275.pkl:205;n07753275.pkl:213;n07753275.pkl:221|class=744:n04008634.pkl:479;n04008634.pkl:785;n04008634.pkl:808
resnet,657,657,+,8,4,2,1,0.1142823158094001,0.13166983437746957,0.01241102457051627,0.02278715470333152,0.4951518149890891,0.5463809945093374,class=997:n13054560.pkl:4;n13054560.pkl:16;n13054560.pkl:20|class=996:n13052670.pkl:61;n13052670.pkl:271;n13052670.pkl:424|class=947:n07734744.pkl:151;n07734744.pkl:157;n07734744.pkl:714
resnet,658,658,+,8,7,5,1,0.23512054953290762,0.18742040208742788,0.02429990826597711,0.029920745462517252,0.7222208783105841,0.3145158614727496,class=418:n02783161.pkl:3;n02783161.pkl:6;n02783161.pkl:42|class=626:n03666591.pkl:0;n03666591.pkl:2;n03666591.pkl:91|class=709:n03908618.pkl:0;n03908618.pkl:6;n03908618.pkl:19
resnet,659,659,+,5,3,2,2,0.34550986948762974,0.374898964420736,0.1762187173389819,0.26117003752584467,0.35777979032341645,0.6393115555793792,class=342:n02396427.pkl:0;n02396427.pkl:1;n02396427.pkl:2|class=698:n03877845.pkl:10;n03877845.pkl:16;n03877845.pkl:19|class=454:n02871525.pkl:98;n02871525.pkl:370;n02871525.pkl:1124
resnet,660,660,+,2,1,1,1,0.30953678128880213,0.3086878848541672,0.23687378050325622,0.23602488406862124,0.01893244279478411,0.9964226715320992,class=410:n02727426.pkl:0;n02727426.pkl:2;n02727426.pkl:3|class=660:n03776460.pkl:156
resnet,661,661,+,4,3,2,2,0.25085369731678847,0.23774467237687907,0.08645333841752251,0.10238798234456634,0.45659649810049713,0.6006504832758252,class=450:n02860847.pkl:3;n02860847.pkl:4;n02860847.pkl:9|class=657:n03773504.pkl:13;n03773504.pkl:44;n03773504.pkl:56|class=698:n03877845.pkl:691;n03877845.pkl:1144;n03877845.pkl:1166
resnet,662,662,+,12,8,3,0,0.1017022724276831,0.19365254224169332,0.008308402237275019,0.013155468375137045,0.6534512602660869,0.2922611932673389,class=390:n02526121.pkl:59;n02526121.pkl:74;n02526121.pkl:141|class=436:n02814533.pkl:10;n02814533.pkl:14;n02814533.pkl:41|class=636:n03709823.pkl:180;n03709823.pkl:184;n03709823.pkl:215
resnet,663,663,+,10,9,4,2,0.24569869528031382,0.2650768884651886,0.024731161335524627,0.03902575146922213,0.5807035176753993,0.34900813050544194,class=332:n02328150.pkl:1;n02328150.pkl:2;n02328150.pkl:14|class=526:n03179701.pkl:2;n03179701.pkl:5;n03179701.pkl:23|class=681:n03832673.pkl:20;n03832673.pkl:22;n03832673.pkl:85
resnet,664,664,+,2,2,1,1,0.5194871794871795,0.4805128205128205,0.5005128205128205,0.4994871794871795,0.011652349426562972,0.9979529192421392,class=806:n04254777.pkl:0;n04254777.pkl:1;n04254777.pkl:2|class=911:n04599235.pkl:897
resnet,665,665,+,6,4,1,0,0.05743728884234206,0.08109419492966767,0.009513273410610082,0.017948861345231854,0.3224030116160874,0.7599506143393007,class=419:n02786058.pkl:8;n02786058.pkl:16;n02786058.pkl:20|class=647:n03733805.pkl:0;n03733805.pkl:271;n03733805.pkl:382|class=620:n03642806.pkl:1271
resnet,666,666,+,3,3,1,1,0.3931370545885155,0.4337120303616173,0.3377114873816099,0.46830937199613415,0.07105310205120856,0.9743255800348369,class=323:n02279972.pkl:0;n02279972.pkl:1;n02279972.pkl:2|class=304:n02169497.pkl:79;n02169497.pkl:110;n02169497.pkl:160|class=74:n01773797.pkl:70;n01773797.pkl:105;n01773797.pkl:307
resnet,667,667,+,11,9,7,3,0.41894908128995656,0.3352210359151463,0.11708259470156103,0.24127982579054397,0.4604033507646805,0.4769778496506677,class=173:n02091244.pkl:0;n02091244.pkl:1;n02091244.pkl:2|class=253:n02110806.pkl:2;n02110806.pkl:3;n02110806.pkl:4|class=158:n02087046.pkl:9;n02087046.pkl:34;n02087046.pkl:38
resnet,668,668,+,13,7,2,0,0.07564827928517996,0.12006045088278208,0.006761687563353868,0.01193698077369394,0.6345779467056072,0.31666028175550415,class=500:n03042490.pkl:2;n03042490.pkl:63;n03042490.pkl:132|class=799:n04239074.pkl:170;n04239074.pkl:259;n04239074.pkl:298|class=904:n04589890.pkl:92;n04589890.pkl:176;n04589890.pkl:177
resnet,669,669,+,2,1,1,1,0.5011801730920535,0.49881982690794646,0.5003933910306845,0.4996066089693155,0.009241360652825107,0.9984289090621417,class=17:n01580077.pkl:0;n01580077.pkl:1;n01580077.pkl:2|class=18:n01582220.pkl:35
resnet,670,670,+,6,6,4,4,0.4159817120369586,0.31627419083204217,0.22930604180195013,0.3332973656933566,0.5330007808157041,0.5187792262663556,class=524:n03146219.pkl:0;n03146219.pkl:1;n03146219.pkl:2|class=461:n02895154.pkl:2;n02895154.pkl:6;n02895154.pkl:16|class=787:n04192698.pkl:2;n04192698.pkl:5;n04192698.pkl:6
resnet,671,671,+,5,3,0,0,0.02344735245535187,0.02350519871883434,0.001360263703308625,0.0006694692597813862,0.9295518391124066,0.24844456456072117,class=599:n03530642.pkl:119;n03530642.pkl:420;n03530642.pkl:816|class=904:n04589890.pkl:239;n04589890.pkl:1204|class=419:n02786058.pkl:136
resnet,672,672,+,2,2,2,1,0.5596290023179994,0.41734176827544617,0.28145023368448824,0.26682257411002014,0.17384511771957858,0.9493781131418912,class=572:n03443371.pkl:1;n03443371.pkl:2;n03443371.pkl:3|class=248:n02109961.pkl:169;n02109961.pkl:186;n02109961.pkl:201
resnet,673,673,+,7,5,3,0,0.13685145554478592,0.13280592665818083,0.014986361709595433,0.016432489493431915,0.6802246672718214,0.3146148625195114,class=673:n03793489.pkl:22;n03793489.pkl:49;n03793489.pkl:64|class=782:n04152593.pkl:99;n04152593.pkl:170;n04152593.pkl:218|class=605:n03584254.pkl:134;n03584254.pkl:325;n03584254.pkl:382
resnet,674,674,+,5,3,2,1,0.1378621397804641,0.14461874885616977,0.027824085379708846,0.045148095581574864,0.3578423643542952,0.726583288862281,class=930:n07684084.pkl:13;n07684084.pkl:16;n07684084.pkl:34|class=998:n13133613.pkl:26;n13133613.pkl:88;n13133613.pkl:237|class=673:n03793489.pkl:292;n03793489.pkl:598;n03793489.pkl:764
resnet,675,675,+,1,1,1,1,0.6332046332046332,0.0,0.5969111969111969,0.0,0.0,1.0,class=9:n01518878.pkl:0;n01518878.pkl:1;n01518878.pkl:3
resnet,676,676,+,6,5,2,0,0.10443192929314941,0.08736744957194606,0.013232454082430532,0.014320372212036482,0.687921493111304,0.3618652092538411,class=657:n03773504.pkl:117;n03773504.pkl:144;n03773504.pkl:333|class=427:n02795169.pkl:43;n02795169.pkl:49;n02795169.pkl:71|class=524:n03146219.pkl:98;n03146219.pkl:436;n03146219.pkl:587
resnet,677,677,+,4,3,2,2,0.49085331196333104,0.4157774696771825,0.2830988890823358,0.4031891164346897,0.3017712289011482,0.7570856015677708,class=700:n03887697.pkl:2;n03887697.pkl:3;n03887697.pkl:4|class=999:n15075141.pkl:6;n15075141.pkl:23;n15075141.pkl:29|class=46:n01693334.pkl:226
resnet,678,678,+,7,7,5,2,0.4170266099681907,0.37404835341485737,0.13026632419892323,0.26971145933158674,0.28968827304943434,0.7552589175595884,class=36:n01667778.pkl:0;n01667778.pkl:2;n01667778.pkl:4|class=46:n01693334.pkl:25;n01693334.pkl:30;n01693334.pkl:46|class=34:n01665541.pkl:17;n01665541.pkl:131;n01665541.pkl:203
resnet,679,679,+,6,6,4,3,0.3371168442182409,0.27623342082287394,0.07917982458864779,0.08896541811654558,0.6453313290714602,0.37707460809255783,class=943:n07718472.pkl:1;n07718472.pkl:6;n07718472.pkl:9|class=951:n07749582.pkl:2;n07749582.pkl:20;n07749582.pkl:23|class=631:n03690938.pkl:12;n03690938.pkl:27;n03690938.pkl:34
resnet,680,680,+,12,8,5,3,0.22632314823007527,0.31087385730267836,0.10494717878825387,0.22618351105026532,0.4431137102939598,0.4704118784951562,class=454:n02871525.pkl:0;n02871525.pkl:2;n02871525.pkl:5|class=453:n02870880.pkl:13;n02870880.pkl:24;n02870880.pkl:27|class=917:n06596364.pkl:6;n06596364.pkl:10;n06596364.pkl:19
resnet,681,681,+,10,7,2,1,0.18834884874174573,0.28328707301714073,0.02386961071925959,0.05138891493749499,0.39353752218140303,0.5634983825260418,class=526:n03179701.pkl:4;n03179701.pkl:5;n03179701.pkl:11|class=532:n03201208.pkl:23;n03201208.pkl:77;n03201208.pkl:115|class=423:n02791124.pkl:33;n02791124.pkl:58;n02791124.pkl:139
resnet,682,682,+,2,2,1,1,0.5958120048799289,0.40338927307534267,0.4972016856777909,0.4932136497854679,0.03770576975138296,0.9920112057856896,class=467:n02927161.pkl:0;n02927161.pkl:1;n02927161.pkl:2|class=582:n03461385.pkl:884;n03461385.pkl:992;n03461385.pkl:1140
resnet,683,683,+,11,9,2,1,0.16239335835176222,0.17957889310728434,0.020861619362844457,0.05277125185584001,0.3487927872773384,0.6726184808210529,class=526:n03179701.pkl:2;n03179701.pkl:5;n03179701.pkl:8|class=878:n04505470.pkl:26;n04505470.pkl:27;n04505470.pkl:29|class=698:n03877845.pkl:379;n03877845.pkl:409;n03877845.pkl:575
resnet,684,684,+,17,9,2,0,0.07783663036238946,0.12840144996237743,0.0035483601155871978,0.004530552421831162,0.7959528563089336,0.15471898357430652,class=424:n02791270.pkl:146;n02791270.pkl:199;n02791270.pkl:216|class=707:n03902125.pkl:125;n03902125.pkl:162;n03902125.pkl:353|class=423:n02791124.pkl:284;n02791124.pkl:337;n02791124.pkl:348
resnet,685,685,+,4,1,1,1,0.1606164577616883,0.2665447139642394,0.14761091428430523,0.2532571947632652,0.03567211673823018,0.9859133007304556,class=534:n03207941.pkl:0;n03207941.pkl:2;n03207941.pkl:3|class=729:n03961711.pkl:393;n03961711.pkl:755|class=356:n02441942.pkl:225
resnet,686,686,+,5,4,2,2,0.43093658163723453,0.3228083318976567,0.060014284405682586,0.07867245935345575,0.46658753909592493,0.5436894372484223,class=461:n02895154.pkl:5;n02895154.pkl:6;n02895154.pkl:13|class=524:n03146219.pkl:26;n03146219.pkl:33;n03146219.pkl:48|class=581:n03459775.pkl:202;n03459775.pkl:543;n03459775.pkl:557
resnet,687,687,+,1,1,1,1,0.901453957996769,0.0,0.7116316639741519,0.0,0.0,1.0,class=704:n03891332.pkl:0;n03891332.pkl:1;n03891332.pkl:2
resnet,688,688,+,3,1,1,1,0.30717746142433133,0.4324066235947814,0.27247259602267077,0.3840426777350399,0.01584631349796804,0.9955377369193134,class=384:n02500267.pkl:0;n02500267.pkl:1;n02500267.pkl:2|class=381:n02493793.pkl:120|class=374:n02488291.pkl:58
resnet,689,689,+,8,6,3,2,0.1956400482756942,0.2631117009734418,0.02079032119099243,0.028240282232357798,0.6077635472558246,0.3556352477450053,class=160:n02088094.pkl:0;n02088094.pkl:43;n02088094.pkl:48|class=856:n04428191.pkl:54;n04428191.pkl:64;n04428191.pkl:66|class=349:n02415577.pkl:18;n02415577.pkl:398;n02415577.pkl:540
resnet,690,690,+,5,5,4,2,0.5200092895369712,0.2889029660453265,0.1219502302624526,0.1598342467769825,0.5424257764316841,0.5435614474961061,class=482:n02979186.pkl:16;n02979186.pkl:23;n02979186.pkl:32|class=848:n04392985.pkl:0;n04392985.pkl:2;n04392985.pkl:15|class=511:n03100240.pkl:14;n03100240.pkl:23;n03100240.pkl:26
resnet,691,691,+,7,6,0,0,0.06729654396391208,0.059383744029788216,0.0017118900791238225,0.001236553421757075,0.8853513340344569,0.21739484101607118,class=657:n03773504.pkl:541;n03773504.pkl:633;n03773504.pkl:922|class=782:n04152593.pkl:164;n04152593.pkl:525|class=744:n04008634.pkl:887
resnet,692,692,+,24,11,2,1,0.015882738783039793,0.020137573307706765,0.005021131572644684,0.010425224075487525,0.7053266832923655,0.22128735300380303,class=445:n02837789.pkl:216;n02837789.pkl:224;n02837789.pkl:231|class=586:n03478589.pkl:282;n03478589.pkl:319;n03478589.pkl:332|class=764:n04090263.pkl:86;n04090263.pkl:347;n04090263.pkl:645
resnet,693,693,+,4,4,4,3,0.7206476645290238,0.19578211645182322,0.3333450722324558,0.35513445132294635,0.6115552982857961,0.5337510907575185,class=242:n02108089.pkl:0;n02108089.pkl:1;n02108089.pkl:2|class=247:n02109525.pkl:0;n02109525.pkl:2;n02109525.pkl:3|class=243:n02108422.pkl:3;n02108422.pkl:28;n02108422.pkl:35
resnet,694,694,+,9,7,2,0,0.1488683348186265,0.11874884139160308,0.00653978218602293,0.00655111579582398,0.786846621504288,0.22260767272589768,class=706:n03899768.pkl:8;n03899768.pkl:143;n03899768.pkl:209|class=663:n03781244.pkl:47;n03781244.pkl:258;n03781244.pkl:272|class=698:n03877845.pkl:12;n03877845.pkl:20;n03877845.pkl:198
resnet,695,695,+,5,4,1,0,0.3328604326305929,0.28785271164676224,0.01124303102193355,0.014808997458939911,0.5660173009381619,0.5469880313305446,class=13:n01534433.pkl:22;n01534433.pkl:41;n01534433.pkl:74|class=8:n01514859.pkl:67;n01514859.pkl:193;n01514859.pkl:299|class=358:n02443114.pkl:59;n02443114.pkl:231;n02443114.pkl:345
resnet,696,696,+,5,3,1,1,0.1710239468386185,0.32135265833997284,0.07133201486273014,0.13955995905004953,0.06898971114164025,0.965566074184778,class=698:n03877845.pkl:2;n03877845.pkl:4;n03877845.pkl:8|class=99:n01855672.pkl:137;n01855672.pkl:990;n01855672.pkl:1015|class=71:n01770393.pkl:258;n01770393.pkl:1174
resnet,697,697,+,6,6,2,1,0.3634686638546471,0.3805812905477508,0.14876195415571664,0.3070422263591274,0.16960138966984833,0.8766713496476622,class=162:n02088364.pkl:2;n02088364.pkl:3;n02088364.pkl:4|class=238:n02107574.pkl:79;n02107574.pkl:80;n02107574.pkl:89|class=263:n02113023.pkl:38;n02113023.pkl:119;n02113023.pkl:174
resnet,698,698,+,9,6,0,0,0.020199141805235223,0.018841571365525542,0.0032676433866703305,0.002568024287787985,0.8625506723432195,0.17973675568336264,class=582:n03461385.pkl:55;n03461385.pkl:355;n03461385.pkl:884|class=792:n04208210.pkl:263;n04208210.pkl:271;n04208210.pkl:849|class=345:n02403003.pkl:373;n02403003.pkl:588;n02403003.pkl:658
resnet,699,699,+,6,3,0,0,0.06214737754168501,0.0696298366545871,0.001990809565533868,0.0011904886405736859,0.9085326087799902,0.22626578341948783,class=422:n02790996.pkl:3;n02790996.pkl:27;n02790996.pkl:83|class=841:n04370456.pkl:212;n04370456.pkl:711|class=615:n03623198.pkl:177;n03623198.pkl:1254
resnet,700,700,+,9,7,3,1,0.16627585720043062,0.170523557801602,0.02410037538008657,0.04727021115615618,0.44717609309319795,0.5385607564064543,class=278:n02119789.pkl:4;n02119789.pkl:18;n02119789.pkl:34|class=790:n04204238.pkl:5;n04204238.pkl:171;n04204238.pkl:173|class=5:n01496331.pkl:33;n01496331.pkl:99;n01496331.pkl:111
resnet,701,701,+,2,2,1,1,0.463538418822287,0.45335166160666734,0.2796916510770136,0.2788427546423787,0.01639817108128804,0.9969694905727275,class=587:n03481172.pkl:0;n03481172.pkl:2;n03481172.pkl:4|class=783:n04153751.pkl:476
resnet,702,702,+,5,4,1,0,0.09703979132572611,0.13923656214723795,0.00927182021783918,0.013450934837000677,0.5046958967095193,0.6209252022022019,class=802:n04252077.pkl:34;n04252077.pkl:95;n04252077.pkl:205|class=537:n03218198.pkl:337;n03218198.pkl:341;n03218198.pkl:736|class=450:n02860847.pkl:242;n02860847.pkl:687;n02860847.pkl:750
resnet,703,703,+,1,1,1,1,0.26506024096385544,0.0,0.14538152610441768,0.0,0.0,1.0,class=563:n03388183.pkl:2;n03388183.pkl:6;n03388183.pkl:10
resnet,704,704,+,7,6,2,2,0.24634637422783207,0.3543189576120004,0.06595067388925632,0.11447753325951933,0.3651888852588355,0.5732886070318052,class=841:n04370456.pkl:0;n04370456.pkl:4;n04370456.pkl:14|class=168:n02090379.pkl:0;n02090379.pkl:4;n02090379.pkl:34|class=911:n04599235.pkl:234;n04599235.pkl:554;n04599235.pkl:955
resnet,705,705,+,2,2,1,1,0.5186412593206297,0.48135874067937034,0.5004142502071252,0.4995857497928749,0.009669290126971087,0.99834574141485,class=723:n03944341.pkl:0;n03944341.pkl:1;n03944341.pkl:2|class=588:n03482405.pkl:269
resnet,706,706,+,8,6,3,2,0.3295582301641809,0.3362706607558885,0.036061310650820154,0.058526056494166534,0.4856123341712351,0.45424980249202773,class=253:n02110806.pkl:0;n02110806.pkl:6;n02110806.pkl:12|class=285:n02124075.pkl:6;n02124075.pkl:7;n02124075.pkl:12|class=230:n02105855.pkl:66;n02105855.pkl:112;n02105855.pkl:168
resnet,707,707,+,3,2,1,1,0.42150915743097467,0.42136999849530404,0.3337554665209182,0.46942575706262957,0.02372478129213948,0.9927437458573881,class=329:n02321529.pkl:0;n02321529.pkl:1;n02321529.pkl:2|class=26:n01630670.pkl:152;n01630670.pkl:230;n01630670.pkl:1239|class=996:n13052670.pkl:1053
resnet,708,708,+,8,7,3,2,0.11482080244713072,0.1591222089907915,0.061748545425875274,0.12947354999097863,0.32811045854502574,0.6745644881135969,class=746:n04019541.pkl:0;n04019541.pkl:1;n04019541.pkl:3|class=485:n02988304.pkl:2;n02988304.pkl:8;n02988304.pkl:54|class=551:n03314780.pkl:89;n03314780.pkl:129;n03314780.pkl:165
resnet,709,709,+,3,3,2,2,0.6688217333376252,0.40667974396386547,0.42668374982798013,0.41015144858756336,0.5036070531384256,0.6413363984768983,class=386:n02504458.pkl:0;n02504458.pkl:1;n02504458.pkl:2|class=101:n01871265.pkl:5;n01871265.pkl:22;n01871265.pkl:28|class=345:n02403003.pkl:533;n02403003.pkl:905
resnet,710,710,+,9,6,3,0,0.1313207997220622,0.23430871232485925,0.009689827579109276,0.01284916506987352,0.6541247105602923,0.3064889083245765,class=764:n04090263.pkl:15;n04090263.pkl:25;n04090263.pkl:28|class=74:n01773797.pkl:8;n01773797.pkl:39;n01773797.pkl:41|class=72:n01773157.pkl:67;n01773157.pkl:104;n01773157.pkl:274
resnet,711,711,+,8,8,4,4,0.4118408749491214,0.329507252793167,0.10329638056960946,0.111169154944377,0.6839670773507058,0.26977994686575646,class=748:n04026417.pkl:0;n04026417.pkl:2;n04026417.pkl:6|class=911:n04599235.pkl:4;n04599235.pkl:28;n04599235.pkl:37|class=709:n03908618.pkl:18;n03908618.pkl:26;n03908618.pkl:27
resnet,712,712,+,6,4,2,1,0.13582908169694782,0.2072505851905004,0.020317691293120815,0.0303557935146327,0.5039735680342716,0.5387011663121827,class=331:n02326432.pkl:8;n02326432.pkl:20;n02326432.pkl:30|class=332:n02328150.pkl:79;n02328150.pkl:108;n02328150.pkl:122|class=357:n02442845.pkl:74;n02442845.pkl:126;n02442845.pkl:673
resnet,713,713,+,8,6,2,1,0.07566863473393125,0.07890033752186382,0.01621105074906411,0.02805892107538794,0.46783477474229135,0.49948085289827876,class=727:n03956157.pkl:7;n03956157.pkl:9;n03956157.pkl:12|class=657:n03773504.pkl:25;n03773504.pkl:39;n03773504.pkl:128|class=744:n04008634.pkl:290;n04008634.pkl:313;n04008634.pkl:425
resnet,714,714,+,3,1,1,1,0.3341092658558846,0.4625482865605574,0.325410855355349,0.4587193320478232,0.015283013723891622,0.9957156943468184,class=97:n01847000.pkl:0;n01847000.pkl:1;n01847000.pkl:2|class=82:n01797886.pkl:1141|class=98:n01855032.pkl:1043
resnet,715,715,+,5,5,3,0,0.35672183573704835,0.3304792468275878,0.011576623063011665,0.009226296151084008,0.7781028845111932,0.3270342978601472,class=270:n02114548.pkl:24;n02114548.pkl:101;n02114548.pkl:135|class=288:n02128385.pkl:40;n02128385.pkl:64;n02128385.pkl:72|class=46:n01693334.pkl:91;n01693334.pkl:275;n01693334.pkl:339
resnet,716,716,+,13,10,3,0,0.10372780136595855,0.13793148988351445,0.005968302971967228,0.007917429079413993,0.7223813562397491,0.2122933449320804,class=217:n02102040.pkl:61;n02102040.pkl:122;n02102040.pkl:131|class=242:n02108089.pkl:120;n02108089.pkl:148;n02108089.pkl:171|class=198:n02097209.pkl:3;n02097209.pkl:115;n02097209.pkl:117
resnet,717,717,+,2,1,1,1,0.4633125238091536,0.4598956673171263,0.3398761535291968,0.3375982492011786,0.032376235165253925,0.9933202995711241,class=431:n02804414.pkl:1;n02804414.pkl:2;n02804414.pkl:3|class=836:n04355933.pkl:113;n04355933.pkl:262
resnet,718,718,+,5,5,5,4,0.914207432733767,0.15697061521914885,0.347531630995322,0.336297887569633,0.7519695684237354,0.38727922230758777,class=382:n02494079.pkl:0;n02494079.pkl:1;n02494079.pkl:2|class=380:n02493509.pkl:1;n02493509.pkl:5;n02493509.pkl:19|class=381:n02493793.pkl:1;n02493793.pkl:3;n02493793.pkl:4
resnet,719,719,+,2,2,1,1,0.41060471915664637,0.33458758853566134,0.2590834843243837,0.25694215670125736,0.038673956302483076,0.9917691450636614,class=862:n04456115.pkl:6;n04456115.pkl:18;n04456115.pkl:21|class=733:n03976657.pkl:337;n03976657.pkl:661
resnet,720,720,+,3,3,1,1,0.48616406195776246,0.35933114345822664,0.32904716077878843,0.462919275617571,0.02296181823235686,0.9930735813875307,class=880:n04509417.pkl:0;n04509417.pkl:1;n04509417.pkl:2|class=671:n03792782.pkl:199;n03792782.pkl:430;n03792782.pkl:972|class=494:n03017168.pkl:284
resnet,721,721,+,3,3,1,1,0.34537857678443573,0.46126055412527267,0.3198580722382521,0.4504064418166951,0.019600348744098814,0.9942904771179716,class=500:n03042490.pkl:0;n03042490.pkl:1;n03042490.pkl:3|class=743:n04005630.pkl:94;n04005630.pkl:773|class=987:n12144580.pkl:52
resnet,722,722,+,5,5,1,0,0.24260952135153682,0.20562724462076373,0.008403037790296754,0.011803490358255921,0.5296806850287201,0.5946192451989772,class=836:n04355933.pkl:5;n04355933.pkl:112;n04355933.pkl:113|class=134:n02012849.pkl:55;n02012849.pkl:135;n02012849.pkl:151|class=148:n02071294.pkl:72;n02071294.pkl:198;n02071294.pkl:301
resnet,723,723,+,3,3,3,2,0.9632690218867306,0.03794439362344908,0.6123631830059764,0.4060016594655254,0.7208039054608697,0.47985984786451025,class=72:n01773157.pkl:0;n01773157.pkl:1;n01773157.pkl:2|class=74:n01773797.pkl:2;n01773797.pkl:3;n01773797.pkl:8|class=73:n01773549.pkl:39;n01773549.pkl:50;n01773549.pkl:58
resnet,724,724,+,11,9,7,4,0.32431467167687783,0.3332727594379319,0.09777164230727343,0.14388767034715372,0.6159336348234296,0.28780135657854916,class=198:n02097209.pkl:2;n02097209.pkl:4;n02097209.pkl:12|class=190:n02095889.pkl:1;n02095889.pkl:6;n02095889.pkl:7|class=197:n02097130.pkl:10;n02097130.pkl:17;n02097130.pkl:21
resnet,725,725,+,9,8,3,2,0.20302894550082526,0.27218420858656633,0.049197480922910194,0.08394339029613021,0.4766803672584535,0.4345891261683753,class=543:n03255030.pkl:3;n03255030.pkl:5;n03255030.pkl:6|class=422:n02790996.pkl:3;n02790996.pkl:10;n02790996.pkl:11|class=702:n03888605.pkl:9;n03888605.pkl:13;n03888605.pkl:38
resnet,726,726,+,4,3,2,2,0.48448287650663,0.41586321844047996,0.14434912511923867,0.18526713460530755,0.38771887424123364,0.6618209782586815,class=657:n03773504.pkl:1;n03773504.pkl:3;n03773504.pkl:7|class=744:n04008634.pkl:6;n04008634.pkl:9;n04008634.pkl:17|class=427:n02795169.pkl:849
resnet,727,727,+,7,7,4,2,0.5331030070380575,0.3063143232711506,0.11226033064619348,0.17117242000263025,0.484136993809214,0.47499387416268796,class=860:n04443257.pkl:1;n04443257.pkl:5;n04443257.pkl:8|class=454:n02871525.pkl:0;n02871525.pkl:4;n02871525.pkl:7|class=582:n03461385.pkl:52;n03461385.pkl:187;n03461385.pkl:214
resnet,728,728,+,4,3,1,1,0.25906032697526965,0.36334446812237875,0.1025816933589678,0.17162959353445997,0.10135804573952813,0.9498172266675359,class=514:n03124043.pkl:1;n03124043.pkl:3;n03124043.pkl:4|class=524:n03146219.pkl:52;n03146219.pkl:473;n03146219.pkl:540|class=846:n04380533.pkl:273;n04380533.pkl:1026;n04380533.pkl:1290
resnet,729,729,+,10,7,1,1,0.15688861328188036,0.2801785219678694,0.05239283105400825,0.14963387024301245,0.11357380429796643,0.9156729976806705,class=511:n03100240.pkl:0;n03100240.pkl:2;n03100240.pkl:4|class=482:n02979186.pkl:202;n02979186.pkl:638;n02979186.pkl:645|class=681:n03832673.pkl:19;n03832673.pkl:158;n03832673.pkl:778
resnet,730,730,+,7,7,4,3,0.34975730295965207,0.3064150558115971,0.13802679206936427,0.27526510228430906,0.33108260203287004,0.7110260746729652,class=247:n02109525.pkl:1;n02109525.pkl:5;n02109525.pkl:6|class=161:n02088238.pkl:31;n02088238.pkl:55;n02088238.pkl:72|class=217:n02102040.pkl:0;n02102040.pkl:49;n02102040.pkl:51
resnet,731,731,+,3,3,1,1,0.4186532702449239,0.42132374068662415,0.33406034216460084,0.47029144877118884,0.020400089197286767,0.9939705963783404,class=761:n04074963.pkl:0;n04074963.pkl:1;n04074963.pkl:2|class=590:n03485407.pkl:786;n03485407.pkl:961|class=485:n02988304.pkl:1171
resnet,732,732,+,2,2,1,1,0.5823504363001745,0.40084956369982544,0.4580726003490401,0.45632739965095986,0.01995873054274714,0.9961973796382344,class=727:n03956157.pkl:0;n03956157.pkl:1;n03956157.pkl:2|class=538:n03220513.pkl:93;n03220513.pkl:321
resnet,733,733,+,16,7,0,0,0.018428432723504917,0.022612937949859926,0.0016414528690173948,0.0012975579562534178,0.917220667119821,0.10155500633696246,class=961:n07860988.pkl:123;n07860988.pkl:174;n07860988.pkl:428|class=620:n03642806.pkl:798;n03642806.pkl:1176;n03642806.pkl:1195|class=631:n03690938.pkl:95;n03690938.pkl:694
resnet,734,734,+,4,3,2,1,0.47208737398254474,0.46212210514372165,0.1919188808554407,0.31359146236815755,0.14132865671164768,0.9174720191218908,class=374:n02488291.pkl:1;n02488291.pkl:2;n02488291.pkl:4|class=371:n02486261.pkl:11;n02486261.pkl:55;n02486261.pkl:129|class=579:n03452741.pkl:287;n03452741.pkl:463;n03452741.pkl:991
resnet,735,735,+,3,2,2,1,0.6034901567103085,0.4331565393199691,0.3461857269270851,0.4625611213701814,0.1480558622168401,0.9284453000801727,class=307:n02177972.pkl:0;n02177972.pkl:1;n02177972.pkl:2|class=304:n02169497.pkl:87;n02169497.pkl:113;n02169497.pkl:116|class=44:n01689811.pkl:867
resnet,736,736,+,2,2,1,1,0.5868686868686869,0.4131313131313131,0.503030303030303,0.496969696969697,0.053092652126683404,0.9880243867034402,class=609:n03594945.pkl:0;n03594945.pkl:1;n03594945.pkl:2|class=479:n02974003.pkl:60;n02974003.pkl:349;n02974003.pkl:442
resnet,737,737,+,8,5,2,1,0.07123303350531651,0.08744248157053248,0.012240320752308128,0.01844132823845235,0.5473213150386659,0.40873232183487185,class=456:n02879718.pkl:3;n02879718.pkl:12;n02879718.pkl:36|class=46:n01693334.pkl:19;n01693334.pkl:107;n01693334.pkl:168|class=74:n01773797.pkl:443;n01773797.pkl:1141;n01773797.pkl:1219
resnet,738,738,+,11,11,5,4,0.32092245625884586,0.26330187812098343,0.04977569737196084,0.08004109010890455,0.5973751860220763,0.32597984354001186,class=160:n02088094.pkl:1;n02088094.pkl:2;n02088094.pkl:13|class=200:n02097474.pkl:5;n02097474.pkl:14;n02097474.pkl:17|class=197:n02097130.pkl:29;n02097130.pkl:34;n02097130.pkl:63
resnet,739,739,+,2,1,1,1,0.3479357844832848,0.34594176653712333,0.2936696190862264,0.29267261011314566,0.018067932416235267,0.9966107609210657,class=111:n01930112.pkl:5;n01930112.pkl:6;n01930112.pkl:7|class=494:n03017168.pkl:1071
resnet,740,740,+,4,4,1,1,0.34292437626229555,0.38907307874223485,0.24947424838430823,0.4304651614815452,0.016278587951232652,0.9943283839072444,class=80:n01795545.pkl:0;n01795545.pkl:2;n01795545.pkl:4|class=82:n01797886.pkl:1243|class=83:n01798484.pkl:116
resnet,741,741,+,9,7,3,2,0.23872197436141512,0.36381821956460364,0.14319292188632998,0.2974771130797827,0.3311401736351507,0.5906474295541414,class=222:n02104029.pkl:0;n02104029.pkl:1;n02104029.pkl:2|class=257:n02111500.pkl:6;n02111500.pkl:8;n02111500.pkl:9|class=190:n02095889.pkl:40;n02095889.pkl:65;n02095889.pkl:224
resnet,742,742,+,6,3,1,1,0.14876802432807812,0.24671022765393152,0.07049642241090832,0.15294831983299956,0.08483932837717287,0.951186658597666,class=584:n03476684.pkl:2;n03476684.pkl:4;n03476684.pkl:5|class=464:n02910353.pkl:106;n02910353.pkl:250;n02910353.pkl:314|class=679:n03814906.pkl:365;n03814906.pkl:800;n03814906.pkl:1028
resnet,743,743,+,2,2,1,1,0.4110996326905418,0.366678145087236,0.37706954209667914,0.37500342639419976,0.027266828173167647,0.9945356096610354,class=745:n04009552.pkl:0;n04009552.pkl:1;n04009552.pkl:2|class=681:n03832673.pkl:881;n03832673.pkl:1111
resnet,744,744,+,5,5,2,1,0.31690499342738315,0.3445109137637893,0.12457403613943512,0.2262024515477048,0.2063930528509024,0.859431272914508,class=58:n01737021.pkl:0;n01737021.pkl:12;n01737021.pkl:13|class=35:n01667114.pkl:0;n01667114.pkl:100;n01667114.pkl:111|class=26:n01630670.pkl:146;n01630670.pkl:230;n01630670.pkl:397
resnet,745,745,+,5,4,4,3,0.6159172120292268,0.3559007556252895,0.23253757329947952,0.27602590946383687,0.5628938517545473,0.48180157930297884,class=75:n01774384.pkl:0;n01774384.pkl:1;n01774384.pkl:2|class=74:n01773797.pkl:8;n01773797.pkl:17;n01773797.pkl:18|class=73:n01773549.pkl:14;n01773549.pkl:47;n01773549.pkl:50
resnet,746,746,+,7,7,3,1,0.11190061018694927,0.06629769112864504,0.015188644027163448,0.020777553639897806,0.6177135037087548,0.41019026889202137,class=462:n02906734.pkl:22;n02906734.pkl:80;n02906734.pkl:128|class=235:n02106662.pkl:0;n02106662.pkl:9;n02106662.pkl:11|class=638:n03710637.pkl:211;n03710637.pkl:295;n03710637.pkl:374
resnet,747,747,+,7,6,5,5,0.6233295341459714,0.43885184133849153,0.5129807334345361,0.4333190080813756,0.7431236971342804,0.24479026635147477,class=236:n02107142.pkl:0;n02107142.pkl:1;n02107142.pkl:3|class=165:n02089078.pkl:0;n02089078.pkl:1;n02089078.pkl:3|class=234:n02106550.pkl:0;n02106550.pkl:1;n02106550.pkl:2
resnet,748,748,+,4,4,1,1,0.3880183283303763,0.3609510651874962,0.18827506374946643,0.3235297796456771,0.030253143199499108,0.9882151026908488,class=966:n07892512.pkl:1;n07892512.pkl:2;n07892512.pkl:3|class=440:n02823428.pkl:46;n02823428.pkl:154;n02823428.pkl:952|class=907:n04591713.pkl:1193
resnet,749,749,+,11,7,4,1,0.08105302087167672,0.09363102955049987,0.021851340914921854,0.04068220682912113,0.5591731289462987,0.40601760386660046,class=418:n02783161.pkl:9;n02783161.pkl:13;n02783161.pkl:22|class=899:n04560804.pkl:15;n04560804.pkl:32;n04560804.pkl:73|class=549:n03291819.pkl:478;n03291819.pkl:510;n03291819.pkl:540
resnet,750,750,+,3,3,1,1,0.31914528688970945,0.42139955962120534,0.26768577500923063,0.3765176586532034,0.023794074132318026,0.9928091249092846,class=103:n01873310.pkl:0;n01873310.pkl:1;n01873310.pkl:2|class=36:n01667778.pkl:1;n01667778.pkl:878|class=281:n02123045.pkl:406
resnet,751,751,+,2,2,2,1,0.580972812781858,0.2825112743203195,0.2682038397113774,0.2569217884293261,0.14719972705048903,0.9588195293682602,class=434:n02808304.pkl:0;n02808304.pkl:2;n02808304.pkl:4|class=911:n04599235.pkl:107;n04599235.pkl:117;n04599235.pkl:159
resnet,752,752,+,4,4,2,2,0.33041524756372015,0.13157859851556322,0.14005559038376725,0.1700689882385366,0.4614645976377119,0.6186288892322344,class=68:n01756291.pkl:9;n01756291.pkl:12;n01756291.pkl:20|class=931:n07693725.pkl:3;n07693725.pkl:11;n07693725.pkl:18|class=969:n07932039.pkl:126;n07932039.pkl:128;n07932039.pkl:365
resnet,753,753,+,1,1,1,1,0.9363784665579119,0.0,0.8964110929853181,0.0,0.0,1.0,class=954:n07753592.pkl:1;n07753592.pkl:2;n07753592.pkl:3
resnet,754,754,+,10,7,4,3,0.3063655118690597,0.4343172705558286,0.25980215860503897,0.40342380731857663,0.4898341997580272,0.3411223885794147,class=281:n02123045.pkl:0;n02123045.pkl:1;n02123045.pkl:2|class=282:n02123159.pkl:0;n02123159.pkl:1;n02123159.pkl:2|class=285:n02124075.pkl:1;n02124075.pkl:2;n02124075.pkl:6
resnet,755,755,+,7,5,1,1,0.13018355231247752,0.20352595247032895,0.05115236348075951,0.11896221633631703,0.12301338224040241,0.9155175232505136,class=964:n07875152.pkl:4;n07875152.pkl:6;n07875152.pkl:9|class=809:n04263257.pkl:67;n04263257.pkl:195;n04263257.pkl:246|class=567:n03400231.pkl:329;n03400231.pkl:616;n03400231.pkl:1143
resnet,756,756,+,8,7,6,5,0.4483962736143958,0.2871567598812115,0.09954781537409693,0.13181917814094837,0.6700106679066893,0.34418142435639126,class=175:n02091635.pkl:0;n02091635.pkl:1;n02091635.pkl:3|class=202:n02098105.pkl:11;n02098105.pkl:18;n02098105.pkl:21|class=189:n02095570.pkl:4;n02095570.pkl:16;n02095570.pkl:18
resnet,757,757,+,3,2,1,1,0.39378430439168605,0.3955756932376144,0.1960845311086279,0.2762056711990868,0.018355458295137093,0.9947227790204263,class=99:n01855672.pkl:2;n01855672.pkl:3;n01855672.pkl:4|class=144:n02051845.pkl:758|class=100:n01860187.pkl:397
resnet,758,758,+,2,2,2,2,0.9088435374149659,0.09115646258503401,0.5693877551020408,0.4306122448979592,0.534694675061653,0.7859739725851416,class=39:n01677366.pkl:0;n01677366.pkl:1;n01677366.pkl:2|class=46:n01693334.pkl:3;n01693334.pkl:19;n01693334.pkl:32
resnet,759,759,+,4,4,2,2,0.5377981584082823,0.41066526158612054,0.4646480494527772,0.46055428765517875,0.5255971173878834,0.49561417739120117,class=82:n01797886.pkl:0;n01797886.pkl:3;n01797886.pkl:4|class=287:n02127052.pkl:0;n02127052.pkl:1;n02127052.pkl:2|class=271:n02114712.pkl:156;n02114712.pkl:344;n02114712.pkl:347
resnet,760,760,+,4,2,0,0,0.040012277851805854,0.05016110012219957,0.003172401491781685,0.002160015203605811,0.8179128793641307,0.36589837154028804,class=836:n04355933.pkl:2;n04355933.pkl:51;n04355933.pkl:382|class=429:n02799071.pkl:3;n02799071.pkl:388;n02799071.pkl:409|class=947:n07734744.pkl:157
resnet,761,761,+,1,1,1,1,0.9497016197783461,0.0,0.5720375106564365,0.0,0.0,1.0,class=514:n03124043.pkl:0;n03124043.pkl:2;n03124043.pkl:5
resnet,762,762,+,8,6,1,1,0.06937456878817493,0.08347857296847948,0.012990414602076384,0.027291526941098435,0.3702323328227354,0.6767211822424148,class=409:n02708093.pkl:3;n02708093.pkl:40;n02708093.pkl:47|class=818:n04286575.pkl:371;n04286575.pkl:420;n04286575.pkl:458|class=73:n01773549.pkl:74;n01773549.pkl:162;n01773549.pkl:1030
resnet,763,763,+,2,2,2,2,0.8528901001394347,0.1441944479655216,0.6042073351079562,0.3889899438036084,0.67590055985477,0.7072405641246569,class=998:n13133613.pkl:0;n13133613.pkl:2;n13133613.pkl:4|class=987:n12144580.pkl:1;n12144580.pkl:2;n12144580.pkl:4
resnet,764,764,+,7,7,5,4,0.47266248622238505,0.2516736874269592,0.07034442680666253,0.07248251530616907,0.7396400375689508,0.29453042382917277,class=529:n03188531.pkl:7;n03188531.pkl:11;n03188531.pkl:14|class=161:n02088238.pkl:5;n02088238.pkl:60;n02088238.pkl:81|class=155:n02086240.pkl:24;n02086240.pkl:25;n02086240.pkl:56
resnet,765,765,+,7,6,1,0,0.20754926662430595,0.1965543762334343,0.009225533695265156,0.014202373658423672,0.5975611895790965,0.4814211843611312,class=732:n03976467.pkl:5;n03976467.pkl:61;n03976467.pkl:77|class=548:n03290653.pkl:32;n03290653.pkl:137;n03290653.pkl:248|class=707:n03902125.pkl:843;n03902125.pkl:888;n03902125.pkl:1033
resnet,766,766,+,14,10,1,0,0.06095530701294397,0.09196473636344105,0.00404504392132234,0.003861747905850345,0.8500806155553947,0.13653042000586144,class=698:n03877845.pkl:86;n03877845.pkl:125;n03877845.pkl:234|class=908:n04592741.pkl:1;n04592741.pkl:4;n04592741.pkl:217|class=657:n03773504.pkl:68;n03773504.pkl:151;n03773504.pkl:292
resnet,767,767,+,13,6,2,0,0.07211167286978505,0.11520522618143775,0.004500034633782823,0.005400949913558032,0.77161879301044,0.18772957630461976,class=526:n03179701.pkl:13;n03179701.pkl:16;n03179701.pkl:73|class=532:n03201208.pkl:129;n03201208.pkl:311;n03201208.pkl:330|class=883:n04522168.pkl:179;n04522168.pkl:268;n04522168.pkl:318
resnet,768,768,+,5,3,1,0,0.18087359637693548,0.25828518462276934,0.010249713548868115,0.01500922090583593,0.45595227412177186,0.6288672058967331,class=108:n01914609.pkl:3;n01914609.pkl:4;n01914609.pkl:9|class=973:n09256479.pkl:1;n09256479.pkl:137;n09256479.pkl:421|class=109:n01917289.pkl:26;n01917289.pkl:1121
resnet,769,769,+,9,6,1,1,0.12773155500109024,0.2952332466190531,0.07202581172017657,0.19878347168949398,0.06604403248324273,0.9574449586609138,class=555:n03345487.pkl:0;n03345487.pkl:2;n03345487.pkl:7|class=762:n04081281.pkl:1;n04081281.pkl:382;n04081281.pkl:543|class=864:n04461696.pkl:37;n04461696.pkl:611;n04461696.pkl:646
resnet,770,770,+,5,4,2,2,0.3593225972270193,0.31866289038342016,0.0894627778409555,0.12523908303199488,0.45276802444875897,0.5919448803608082,class=788:n04200800.pkl:6;n04200800.pkl:8;n04200800.pkl:26|class=774:n04133789.pkl:58;n04133789.pkl:62;n04133789.pkl:69|class=630:n03680355.pkl:74;n03680355.pkl:222;n03680355.pkl:235
resnet,771,771,+,2,2,2,2,0.9739352331376872,0.02299728219973618,0.9458254765003231,0.043949574624421284,0.9984419253103948,0.5010795862401238,class=639:n03710721.pkl:0;n03710721.pkl:1;n03710721.pkl:4|class=638:n03710637.pkl:2;n03710637.pkl:4;n03710637.pkl:13
resnet,772,772,+,12,9,4,0,0.07129290668966055,0.0729309431109301,0.008637956443502154,0.01019474958919495,0.7392626368986465,0.19941131815964305,class=498:n03032252.pkl:48;n03032252.pkl:64;n03032252.pkl:97|class=579:n03452741.pkl:36;n03452741.pkl:197;n03452741.pkl:226|class=971:n09229709.pkl:46;n09229709.pkl:57;n09229709.pkl:86
resnet,773,773,+,1,1,1,1,1.0,0.0,1.0,0.0,0.0,1.0,class=306:n02174001.pkl:0;n02174001.pkl:1;n02174001.pkl:2
resnet,774,774,+,4,3,3,2,0.5031425981662613,0.3910413626498121,0.28545941772255856,0.3755708642835019,0.42247161022030383,0.6827479753276059,class=724:n03947888.pkl:0;n03947888.pkl:1;n03947888.pkl:2|class=780:n04147183.pkl:36;n04147183.pkl:44;n04147183.pkl:63|class=536:n03216828.pkl:20;n03216828.pkl:53;n03216828.pkl:55
resnet,775,775,+,8,4,2,2,0.23788268049394148,0.37734371834344416,0.1285692376340547,0.3043675259684697,0.1781528234360284,0.8255392997946855,class=706:n03899768.pkl:0;n03899768.pkl:1;n03899768.pkl:2|class=799:n04239074.pkl:8;n04239074.pkl:14;n04239074.pkl:48|class=526:n03179701.pkl:100;n03179701.pkl:1037;n03179701.pkl:1224
resnet,776,776,+,12,7,3,1,0.11606715672286105,0.19605674119964048,0.015355795858753707,0.03884338616374774,0.38298881877735036,0.6165555781634336,class=911:n04599235.pkl:7;n04599235.pkl:9;n04599235.pkl:10|class=987:n12144580.pkl:93;n12144580.pkl:262;n12144580.pkl:299|class=808:n04259630.pkl:225;n04259630.pkl:247;n04259630.pkl:309
resnet,777,777,+,16,10,4,0,0.10039421216076175,0.14644217400385928,0.005252508317227882,0.005908486340766617,0.8044046061269756,0.14158588729887436,class=876:n04493381.pkl:93;n04493381.pkl:147;n04493381.pkl:148|class=904:n04589890.pkl:73;n04589890.pkl:92;n04589890.pkl:176|class=794:n04209239.pkl:72;n04209239.pkl:177;n04209239.pkl:597
resnet,778,778,+,6,6,3,2,0.272982693033813,0.2675634205703098,0.03857320020636058,0.04589465192109752,0.605595817488736,0.4026066626102417,class=893:n04548362.pkl:1;n04548362.pkl:4;n04548362.pkl:9|class=481:n02978881.pkl:6;n02978881.pkl:21;n02978881.pkl:45|class=692:n03871628.pkl:36;n03871628.pkl:37;n03871628.pkl:51
resnet,779,779,+,4,3,3,3,0.5631635899630303,0.3735736779982149,0.3537979261030636,0.3308092334521039,0.6348360291414396,0.4685670491371534,class=445:n02837789.pkl:0;n02837789.pkl:1;n02837789.pkl:2|class=638:n03710637.pkl:15;n03710637.pkl:29;n03710637.pkl:36|class=459:n02892767.pkl:9;n02892767.pkl:21;n02892767.pkl:42
resnet,780,780,+,14,12,5,1,0.15480752895854258,0.1415291893573871,0.016339850925939852,0.02555831432794279,0.6848461695585305,0.24618783192782667,class=484:n02981792.pkl:36;n02981792.pkl:44;n02981792.pkl:47|class=624:n03661043.pkl:9;n03661043.pkl:18;n03661043.pkl:82|class=409:n02708093.pkl:17;n02708093.pkl:53;n02708093.pkl:94
resnet,781,781,+,6,4,2,1,0.1799928248288304,0.3128969358902834,0.12240525725405209,0.2628885554079828,0.09312424482646764,0.9354287721390694,class=708:n03903868.pkl:0;n03903868.pkl:1;n03903868.pkl:2|class=835:n04355338.pkl:28;n04355338.pkl:29;n04355338.pkl:86|class=619:n03637318.pkl:695
resnet,782,782,+,8,7,2,1,0.2477157947743899,0.35066176977177577,0.12735851270578988,0.31576855502587475,0.1409044448558234,0.8934078891772036,class=229:n02105641.pkl:0;n02105641.pkl:1;n02105641.pkl:2|class=228:n02105505.pkl:44;n02105505.pkl:115;n02105505.pkl:158|class=170:n02090721.pkl:106;n02090721.pkl:202;n02090721.pkl:383
resnet,783,783,+,2,2,1,1,0.5765614834092387,0.23033506831489914,0.3138744307091737,0.3119876382563435,0.02951135913148961,0.9940067707535567,class=792:n04208210.pkl:0;n04208210.pkl:1;n04208210.pkl:2|class=813:n04270147.pkl:1072;n04270147.pkl:1079
resnet,784,784,+,6,6,4,4,0.3617549717138638,0.22500611533596668,0.09250383622084339,0.0908244457566945,0.7088881798370925,0.3273366596938714,class=840:n04367480.pkl:0;n04367480.pkl:6;n04367480.pkl:9|class=792:n04208210.pkl:9;n04208210.pkl:10;n04208210.pkl:16|class=462:n02906734.pkl:3;n02906734.pkl:7;n02906734.pkl:21
resnet,785,785,+,7,6,5,3,0.554621501406784,0.4239589608952112,0.33556369072180237,0.4033260578866828,0.5767196063249579,0.349235712636478,class=270:n02114548.pkl:0;n02114548.pkl:1;n02114548.pkl:3|class=257:n02111500.pkl:2;n02111500.pkl:6;n02111500.pkl:7|class=258:n02111889.pkl:3;n02111889.pkl:7;n02111889.pkl:8
resnet,786,786,+,5,3,2,1,0.281802924184101,0.3727189484947164,0.20506864493637617,0.3975402486569454,0.08141717007172149,0.9516119603360683,class=872:n04485082.pkl:0;n04485082.pkl:1;n04485082.pkl:2|class=764:n04090263.pkl:18;n04090263.pkl:41;n04090263.pkl:43|class=494:n03017168.pkl:143;n03017168.pkl:590
resnet,787,787,+,17,11,2,0,0.07038679878169482,0.12910600750249396,0.003044364881879726,0.0036248269146810937,0.8246818130565262,0.14221703284583,class=485:n02988304.pkl:123;n02988304.pkl:179;n02988304.pkl:374|class=435:n02808440.pkl:238;n02808440.pkl:346;n02808440.pkl:380|class=409:n02708093.pkl:44;n02708093.pkl:520;n02708093.pkl:522
resnet,788,788,+,10,7,1,0,0.04826951473484393,0.07751765640105462,0.003453881137592463,0.0034678523185832874,0.8102274327876413,0.20081064967875176,class=208:n02099712.pkl:47;n02099712.pkl:189;n02099712.pkl:235|class=911:n04599235.pkl:107;n04599235.pkl:234;n04599235.pkl:339|class=358:n02443114.pkl:291;n02443114.pkl:302;n02443114.pkl:539
resnet,789,789,+,7,7,4,1,0.38584756191396885,0.25754612050328063,0.04539175877722485,0.08421861321309884,0.42905321369572014,0.6346294971853431,class=531:n03197337.pkl:2;n03197337.pkl:7;n03197337.pkl:9|class=482:n02979186.pkl:16;n02979186.pkl:64;n02979186.pkl:97|class=487:n02992529.pkl:34;n02992529.pkl:307;n02992529.pkl:354
resnet,790,790,+,6,5,2,2,0.3393426784385161,0.42241144250765944,0.13891136518657596,0.20158777291453583,0.40130735089311875,0.5176621795576708,class=654:n03769881.pkl:0;n03769881.pkl:2;n03769881.pkl:3|class=436:n02814533.pkl:5;n02814533.pkl:8;n02814533.pkl:9|class=656:n03770679.pkl:481;n03770679.pkl:787;n03770679.pkl:1009
resnet,791,791,+,10,9,4,2,0.1764616152986865,0.14103658110811026,0.0198798006868428,0.027250473087039134,0.6642677340130457,0.28789881486947744,class=894:n04550184.pkl:14;n04550184.pkl:24;n04550184.pkl:66|class=208:n02099712.pkl:7;n02099712.pkl:20;n02099712.pkl:22|class=846:n04380533.pkl:29;n04380533.pkl:73;n04380533.pkl:146
resnet,792,792,+,18,4,0,0,0.010867437103042221,0.016884546547080374,0.0017472772774004464,0.0011885112929719704,0.9306657558801334,0.08126013258634644,class=620:n03642806.pkl:684;n03642806.pkl:1097;n03642806.pkl:1176|class=819:n04296562.pkl:464;n04296562.pkl:697;n04296562.pkl:727|class=721:n03938244.pkl:314;n03938244.pkl:834;n03938244.pkl:849
resnet,793,793,+,1,1,1,1,0.3846767757382282,0.0,0.18435754189944134,0.0,0.0,1.0,class=506:n03065424.pkl:5;n03065424.pkl:13;n03065424.pkl:26
resnet,794,794,+,1,1,1,1,0.9959216965742251,0.0,0.9747145187601958,0.0,0.0,1.0,class=703:n03891251.pkl:0;n03891251.pkl:2;n03891251.pkl:3
resnet,795,795,+,14,13,4,1,0.18698927836751394,0.19580603939258673,0.01457086985227392,0.023086644302909253,0.6936251146343482,0.25074605258697324,class=662:n03777754.pkl:17;n03777754.pkl:24;n03777754.pkl:36|class=592:n03492542.pkl:101;n03492542.pkl:103;n03492542.pkl:197|class=878:n04505470.pkl:26;n04505470.pkl:61;n04505470.pkl:111
resnet,796,796,+,4,4,2,2,0.3994843406873075,0.37986185892941404,0.223496644763247,0.21746732717753725,0.5529352323602212,0.4866933338390601,class=506:n03065424.pkl:2;n03065424.pkl:3;n03065424.pkl:7|class=421:n02788148.pkl:0;n02788148.pkl:3;n02788148.pkl:6|class=409:n02708093.pkl:50;n02708093.pkl:208;n02708093.pkl:509
resnet,797,797,+,7,5,2,0,0.19902891385523677,0.27134721869772116,0.008004133957093972,0.009636324257026192,0.6619652714546841,0.34991707813628775,class=8:n01514859.pkl:42;n01514859.pkl:95;n01514859.pkl:186|class=576:n03447447.pkl:7;n03447447.pkl:31;n03447447.pkl:43|class=254:n02110958.pkl:204;n02110958.pkl:331;n02110958.pkl:399
resnet,798,798,+,2,2,1,1,0.4446199190979326,0.4241898115710509,0.19297898975178202,0.1919037209345777,0.027659944948665312,0.9944435757082402,class=767:n04116512.pkl:0;n04116512.pkl:12;n04116512.pkl:15|class=662:n03777754.pkl:326
resnet,799,799,+,5,3,1,1,0.07099826844267544,0.12520126730572068,0.0439758209193213,0.0851020655142402,0.09468804421927562,0.9490008090694234,class=571:n03425413.pkl:5;n03425413.pkl:7;n03425413.pkl:18|class=638:n03710637.pkl:69;n03710637.pkl:381|class=826:n04328186.pkl:164
resnet,800,800,+,15,7,2,0,0.05167585100261233,0.07403081944949443,0.005404904612885738,0.006788372401539761,0.7754964797544066,0.17182991482060908,class=189:n02095570.pkl:18;n02095570.pkl:39;n02095570.pkl:55|class=345:n02403003.pkl:22;n02403003.pkl:39;n02403003.pkl:79|class=987:n12144580.pkl:81;n12144580.pkl:92;n12144580.pkl:610
resnet,801,801,+,5,4,1,0,0.1847016974513749,0.3232121627956708,0.004941441232965423,0.00616575678109714,0.6012928056251741,0.5113834345080107,class=947:n07734744.pkl:45;n07734744.pkl:59;n07734744.pkl:157|class=853:n04417672.pkl:238;n04417672.pkl:375;n04417672.pkl:555|class=380:n02493509.pkl:392
resnet,802,802,+,3,2,1,1,0.4055369926236064,0.37975891805255313,0.22012759134781326,0.30381916214266863,0.08488508249658538,0.9683134198319931,class=637:n03710193.pkl:0;n03710193.pkl:3;n03710193.pkl:4|class=771:n04125021.pkl:202;n04125021.pkl:213;n04125021.pkl:242|class=707:n03902125.pkl:843;n03902125.pkl:908;n03902125.pkl:950
resnet,803,803,+,1,1,1,1,0.9991876523151909,0.0,0.9813160032493907,0.0,0.0,1.0,class=938:n07715103.pkl:0;n07715103.pkl:1;n07715103.pkl:2
resnet,804,804,+,6,5,1,1,0.3094932364994879,0.3196404891772309,0.013974315504899663,0.022747243241131553,0.47959548032258065,0.6082830780339965,class=13:n01534433.pkl:4;n01534433.pkl:36;n01534433.pkl:42|class=19:n01592084.pkl:352;n01592084.pkl:617;n01592084.pkl:726|class=446:n02840245.pkl:580;n02840245.pkl:655;n02840245.pkl:674
resnet,805,805,+,2,2,2,2,0.8770564482308254,0.12116419233856957,0.5264432582048241,0.4708877026492685,0.2980283415104024,0.9000382929693971,class=515:n03124170.pkl:0;n03124170.pkl:1;n03124170.pkl:2|class=808:n04259630.pkl:3;n04259630.pkl:61;n04259630.pkl:66
resnet,806,806,+,3,2,2,1,0.34768865824766443,0.46151105553865585,0.33698494089352327,0.46818367328429245,0.06265814513183948,0.9767470087949621,class=821:n04311004.pkl:0;n04311004.pkl:1;n04311004.pkl:2|class=479:n02974003.pkl:60;n02974003.pkl:248;n02974003.pkl:349|class=34:n01665541.pkl:710;n01665541.pkl:715
resnet,807,807,+,3,3,3,3,0.9148894294508839,0.11807689252102274,0.6830666990300664,0.30912537055841616,0.8919462807705928,0.4016020626000855,class=225:n02105162.pkl:0;n02105162.pkl:1;n02105162.pkl:2|class=255:n02111129.pkl:0;n02111129.pkl:1;n02111129.pkl:3|class=235:n02106662.pkl:2;n02106662.pkl:6;n02106662.pkl:10
resnet,808,808,+,10,6,2,2,0.1138000909483055,0.24832608411170257,0.018861135673214804,0.03710281356176394,0.40588674207556813,0.48697063485589914,class=965:n07880968.pkl:2;n07880968.pkl:5;n07880968.pkl:11|class=536:n03216828.pkl:15;n03216828.pkl:92;n03216828.pkl:101|class=941:n07717410.pkl:1;n07717410.pkl:145;n07717410.pkl:366
resnet,809,809,+,19,8,3,0,0.04763549048667574,0.07925639883451119,0.005897819392036404,0.009985080120255044,0.6842523559648818,0.2034889617203345,class=750:n04033995.pkl:42;n04033995.pkl:174;n04033995.pkl:197|class=846:n04380533.pkl:46;n04380533.pkl:196;n04380533.pkl:224|class=831:n04344873.pkl:79;n04344873.pkl:95;n04344873.pkl:251
resnet,810,810,+,3,3,2,1,0.3921386940166593,0.43102228104107493,0.33822147831373006,0.4679766687137694,0.07206475071386859,0.9714862838465737,class=714:n03929660.pkl:0;n03929660.pkl:1;n03929660.pkl:2|class=836:n04355933.pkl:31;n04355933.pkl:63;n04355933.pkl:84|class=494:n03017168.pkl:468
resnet,811,811,+,10,9,2,1,0.13554518083971903,0.14733969994095827,0.009299990982364895,0.01653678633424888,0.5660982305555705,0.41618202403765703,class=883:n04522168.pkl:5;n04522168.pkl:14;n04522168.pkl:29|class=836:n04355933.pkl:43;n04355933.pkl:128;n04355933.pkl:189|class=473:n02951585.pkl:207;n02951585.pkl:325;n02951585.pkl:640
resnet,812,812,+,6,6,2,1,0.22746030973276074,0.1247029290597461,0.013333938190032221,0.02090310735244116,0.4522044263010608,0.5762606573993388,class=998:n13133613.pkl:42;n13133613.pkl:51;n13133613.pkl:64|class=578:n03450230.pkl:213;n03450230.pkl:302;n03450230.pkl:367|class=923:n07579787.pkl:409;n07579787.pkl:476
resnet,813,813,+,4,3,2,1,0.506642929779575,0.40765376408450543,0.06075419585821894,0.08037748950596874,0.4332602588974864,0.6875788571057407,class=717:n03930630.pkl:4;n03930630.pkl:11;n03930630.pkl:13|class=366:n02480855.pkl:52;n02480855.pkl:108;n02480855.pkl:146|class=581:n03459775.pkl:122;n03459775.pkl:202;n03459775.pkl:543
resnet,814,814,+,15,1,1,0,0.006721063740750768,0.014077995427246226,0.002536634510483288,0.003700556878219534,0.7727101233948833,0.20854860571547526,class=553:n03337140.pkl:6;n03337140.pkl:97;n03337140.pkl:506|class=482:n02979186.pkl:266;n02979186.pkl:433;n02979186.pkl:1058|class=656:n03770679.pkl:337;n03770679.pkl:961;n03770679.pkl:1009
resnet,815,815,+,6,5,1,0,0.1197503690451908,0.17623755788319853,0.004532237465653265,0.004198965611646911,0.7770184806316638,0.3097233237422805,class=547:n03272562.pkl:135;n03272562.pkl:310;n03272562.pkl:337|class=874:n04487081.pkl:44;n04487081.pkl:555;n04487081.pkl:718|class=466:n02917067.pkl:639;n02917067.pkl:669;n02917067.pkl:702
resnet,816,816,+,2,1,0,0,0.020721326993189026,0.019948529466141115,0.002380019178197003,0.0016072216511490893,0.6399046126810314,0.7280135412272333,class=393:n02607072.pkl:75;n02607072.pkl:310;n02607072.pkl:566|class=397:n02655020.pkl:855
resnet,817,817,+,3,2,2,2,0.6255008033341262,0.44461020612015495,0.4182744483925746,0.4241260042281635,0.4634226648862794,0.6760584057763237,class=346:n02408429.pkl:0;n02408429.pkl:1;n02408429.pkl:2|class=345:n02403003.pkl:0;n02403003.pkl:3;n02403003.pkl:4|class=61:n01742172.pkl:1000
resnet,818,818,+,3,3,2,1,0.38677601763528774,0.3978792519084594,0.2720998608197194,0.3667909805507657,0.13557242243537931,0.9390358826117353,class=492:n03014705.pkl:0;n03014705.pkl:1;n03014705.pkl:5|class=636:n03709823.pkl:91;n03709823.pkl:93;n03709823.pkl:195|class=771:n04125021.pkl:314;n04125021.pkl:889
resnet,819,819,+,23,16,3,0,0.03962300617866764,0.05700343624636344,0.00410085014402508,0.0065919337325687916,0.7284458817115144,0.155822299207684,class=904:n04589890.pkl:47;n04589890.pkl:179;n04589890.pkl:239|class=911:n04599235.pkl:34;n04599235.pkl:79;n04599235.pkl:97|class=489:n03000134.pkl:485;n03000134.pkl:508;n03000134.pkl:544
resnet,820,820,+,6,4,2,1,0.20614824119993758,0.3529047008197119,0.11068873456005428,0.23625942331794142,0.11411527030781615,0.9259785275744303,class=423:n02791124.pkl:0;n02791124.pkl:3;n02791124.pkl:4|class=526:n03179701.pkl:43;n03179701.pkl:139;n03179701.pkl:166|class=524:n03146219.pkl:493;n03146219.pkl:691;n03146219.pkl:708
resnet,821,821,+,13,9,2,0,0.0500962996741333,0.04440499920864793,0.003999830820596696,0.005006155227069706,0.7628886129044951,0.1974216838675667,class=409:n02708093.pkl:135;n02708093.pkl:157;n02708093.pkl:161|class=968:n07930864.pkl:2;n07930864.pkl:110;n07930864.pkl:124|class=836:n04355933.pkl:73;n04355933.pkl:113;n04355933.pkl:128
resnet,822,822,+,6,4,1,1,0.19870901381140868,0.35892482196617015,0.16738354022702107,0.3715524683094403,0.026011036890757264,0.9878942971365517,class=121:n01981276.pkl:0;n01981276.pkl:1;n01981276.pkl:2|class=196:n02097047.pkl:270;n02097047.pkl:1221|class=175:n02091635.pkl:576
resnet,823,823,+,3,3,1,1,0.343708799083976,0.4634231421807275,0.3330912788603786,0.4683209473309722,0.025008634261484593,0.9922634969584464,class=742:n04004767.pkl:0;n04004767.pkl:1;n04004767.pkl:2|class=878:n04505470.pkl:412;n04505470.pkl:583;n04505470.pkl:881|class=713:n03924679.pkl:441
resnet,824,824,+,7,4,2,0,0.026951349646127973,0.028355930498955247,0.00731490432358302,0.010119769529370973,0.6074243674600882,0.41627438823571755,class=953:n07753275.pkl:16;n07753275.pkl:67;n07753275.pkl:106|class=74:n01773797.pkl:295;n01773797.pkl:359;n01773797.pkl:414|class=738:n03991062.pkl:439;n03991062.pkl:984;n03991062.pkl:990
resnet,825,825,+,2,2,1,1,0.9909317915842968,0.0067171112370197905,0.4980435358126347,0.49725426982999854,0.009305288505651413,0.9984165227775519,class=324:n02280649.pkl:0;n02280649.pkl:1;n02280649.pkl:2|class=325:n02281406.pkl:152
resnet,826,826,+,4,2,1,1,0.23705367104044178,0.38632071094534737,0.20173706608838926,0.34740688143890297,0.02335776640381702,0.9913878101474516,class=996:n13052670.pkl:0;n13052670.pkl:1;n13052670.pkl:2|class=599:n03530642.pkl:250;n03530642.pkl:863|class=194:n02096437.pkl:520
resnet,827,827,+,7,4,1,0,0.06373091393584776,0.06891948466842888,0.004275422400970406,0.004915525835964593,0.7146937802566461,0.33169274150234673,class=628:n03673027.pkl:91;n03673027.pkl:108;n03673027.pkl:279|class=624:n03661043.pkl:279;n03661043.pkl:453;n03661043.pkl:513|class=453:n02870880.pkl:578;n02870880.pkl:1043
resnet,828,828,+,3,3,2,2,0.5885967780580056,0.38443252992449456,0.5317948483046645,0.39796532974903315,0.6197866754461963,0.5200061027747463,class=744:n04008634.pkl:1;n04008634.pkl:2;n04008634.pkl:5|class=657:n03773504.pkl:1;n03773504.pkl:2;n03773504.pkl:3|class=733:n03976657.pkl:22;n03976657.pkl:463
resnet,829,829,+,10,8,1,0,0.16513574708626289,0.27059794435552165,0.007376285259337606,0.010938741480434559,0.682880300994524,0.3199172569970407,class=693:n03873416.pkl:1;n03873416.pkl:65;n03873416.pkl:238|class=461:n02895154.pkl:6;n02895154.pkl:16;n02895154.pkl:44|class=409:n02708093.pkl:71;n02708093.pkl:318;n02708093.pkl:554
resnet,830,830,+,13,8,5,3,0.13068237988011105,0.18807150358249136,0.02820313622973638,0.04913129412051461,0.5784200944680487,0.3103646733617384,class=762:n04081281.pkl:5;n04081281.pkl:22;n04081281.pkl:29|class=923:n07579787.pkl:5;n07579787.pkl:20;n07579787.pkl:41|class=536:n03216828.pkl:12;n03216828.pkl:46;n03216828.pkl:56
resnet,831,831,+,2,2,2,2,0.6557555402679116,0.3035746032727582,0.13500900510933672,0.034847454220806824,0.9513941363073481,0.5333109211875318,class=847:n04389033.pkl:0;n04389033.pkl:3;n04389033.pkl:7|class=586:n03478589.pkl:58;n03478589.pkl:61;n03478589.pkl:67
resnet,832,832,+,4,3,2,2,0.4571373700627616,0.4545280921135445,0.2967010123317767,0.352345222327572,0.4338472081802433,0.6025646183073574,class=702:n03888605.pkl:0;n03888605.pkl:1;n03888605.pkl:2|class=421:n02788148.pkl:0;n02788148.pkl:1;n02788148.pkl:11|class=435:n02808440.pkl:400;n02808440.pkl:1161
resnet,833,833,+,5,2,1,0,0.018511563042568457,0.017534698401262122,0.00916916440923597,0.013860452720339147,0.44710007995941264,0.6570095833581137,class=990:n12768682.pkl:61;n12768682.pkl:116;n12768682.pkl:144|class=989:n12620546.pkl:123;n12620546.pkl:127;n12620546.pkl:619|class=319:n02268443.pkl:607;n02268443.pkl:1129
resnet,834,834,+,1,1,1,1,0.8614754098360655,0.0,0.5426229508196722,0.0,0.0,1.0,class=606:n03584829.pkl:0;n03584829.pkl:1;n03584829.pkl:2
resnet,835,835,+,6,6,1,1,0.17699759035979748,0.24460900234974903,0.04935000340984368,0.10252015522683072,0.1703773408960431,0.8859382218965829,class=709:n03908618.pkl:7;n03908618.pkl:10;n03908618.pkl:14|class=626:n03666591.pkl:91;n03666591.pkl:329;n03666591.pkl:539|class=631:n03690938.pkl:150;n03690938.pkl:609;n03690938.pkl:684
resnet,836,836,+,4,3,1,1,0.2628251336902571,0.2954550492979469,0.07140218087918238,0.11873858910680302,0.1117081844916243,0.9413545465729195,class=994:n13040303.pkl:2;n13040303.pkl:7;n13040303.pkl:8|class=947:n07734744.pkl:151;n07734744.pkl:296;n07734744.pkl:875|class=36:n01667778.pkl:521
resnet,837,837,+,3,3,1,1,0.40984971265750203,0.4249030013152629,0.33562449784873283,0.4697886837763094,0.03973570750722898,0.9864286078080859,class=712:n03920288.pkl:0;n03920288.pkl:1;n03920288.pkl:2|class=438:n02815834.pkl:5;n02815834.pkl:46;n02815834.pkl:467|class=673:n03793489.pkl:338
resnet,838,838,+,3,3,2,1,0.37182015967106224,0.22527287307710842,0.08989738020797121,0.10825371558003577,0.3533013087350869,0.8166928759037028,class=408:n02704792.pkl:6;n02704792.pkl:12;n02704792.pkl:24|class=693:n03873416.pkl:65;n03873416.pkl:238;n03873416.pkl:255|class=814:n04273569.pkl:38;n04273569.pkl:111;n04273569.pkl:175
resnet,839,839,+,9,6,2,1,0.057463712157660454,0.09136070964900331,0.00962208945633349,0.01785865500055639,0.500968139569992,0.4938619975234043,class=46:n01693334.pkl:28;n01693334.pkl:68;n01693334.pkl:107|class=380:n02493509.pkl:42;n02493509.pkl:198;n02493509.pkl:264|class=378:n02492035.pkl:138;n02492035.pkl:454;n02492035.pkl:603
resnet,840,840,+,3,3,2,1,0.33332008535807506,0.3256278679282343,0.20846180157616645,0.2787943338605002,0.16349933141278547,0.929535648164886,class=46:n01693334.pkl:1;n01693334.pkl:2;n01693334.pkl:4|class=320:n02268853.pkl:8;n02268853.pkl:10;n02268853.pkl:47|class=912:n04604644.pkl:59;n04604644.pkl:97;n04604644.pkl:101
resnet,841,841,+,5,5,4,3,0.6931041994651657,0.15240157238728866,0.2396450085741316,0.23569729338430673,0.6610749632950584,0.3934650014150755,class=717:n03930630.pkl:0;n03930630.pkl:1;n03930630.pkl:2|class=511:n03100240.pkl:1;n03100240.pkl:2;n03100240.pkl:3|class=436:n02814533.pkl:2;n02814533.pkl:22;n02814533.pkl:30
resnet,842,842,+,4,4,3,3,0.7533857253677883,0.3908055661683119,0.41611264230903455,0.4036724891323363,0.600799104761196,0.4852753848606261,class=293:n02130308.pkl:0;n02130308.pkl:1;n02130308.pkl:2|class=288:n02128385.pkl:0;n02128385.pkl:1;n02128385.pkl:3|class=289:n02128757.pkl:33;n02128757.pkl:40;n02128757.pkl:66
resnet,843,843,+,6,4,2,1,0.1674833139459243,0.22454910796075914,0.07061816758785826,0.1457419443743005,0.15971923369615748,0.8765467304421077,class=921:n07248320.pkl:4;n07248320.pkl:5;n07248320.pkl:6|class=446:n02840245.pkl:66;n02840245.pkl:102;n02840245.pkl:114|class=904:n04589890.pkl:239;n04589890.pkl:1282
resnet,844,844,+,9,7,3,1,0.15361853743828782,0.15477834086966274,0.011046499955320456,0.01554840266893294,0.6650367993851369,0.3312413267461209,class=198:n02097209.pkl:37;n02097209.pkl:89;n02097209.pkl:146|class=197:n02097130.pkl:27;n02097130.pkl:41;n02097130.pkl:147|class=287:n02127052.pkl:20;n02127052.pkl:52;n02127052.pkl:76
resnet,845,845,+,3,1,1,1,0.3359466764047132,0.46898662292573784,0.3331202494190549,0.4698192559519843,0.013230380428050885,0.9963711583479474,class=776:n04141076.pkl:1;n04141076.pkl:2;n04141076.pkl:3|class=524:n03146219.pkl:911|class=61:n01742172.pkl:1000
resnet,846,846,+,8,8,3,1,0.18069334881531457,0.1737806755038914,0.017526623684347424,0.0269037602524569,0.6114124214290282,0.4195367276448179,class=631:n03690938.pkl:12;n03690938.pkl:27;n03690938.pkl:34|class=692:n03871628.pkl:18;n03871628.pkl:20;n03871628.pkl:104|class=482:n02979186.pkl:155;n02979186.pkl:202;n02979186.pkl:266
resnet,847,847,+,2,1,0,0,0.012181926111505816,0.010424456867217591,0.0011042609280933328,0.00022552630594922037,0.9696991079938959,0.5208555191623976,class=248:n02109961.pkl:483|class=134:n02012849.pkl:302
resnet,848,848,+,7,5,1,1,0.12342746992428277,0.1252067978400911,0.03936250937578326,0.09120548511656648,0.1320847534296043,0.9098270444588696,class=898:n04557648.pkl:0;n04557648.pkl:2;n04557648.pkl:4|class=899:n04560804.pkl:220;n04560804.pkl:236;n04560804.pkl:492|class=504:n03063599.pkl:168;n03063599.pkl:631
resnet,849,849,+,7,5,2,2,0.22446659645770417,0.2782428263930068,0.0722648742330269,0.1392021771090379,0.3115015466413323,0.6729348169512548,class=46:n01693334.pkl:8;n01693334.pkl:18;n01693334.pkl:19|class=165:n02089078.pkl:4;n02089078.pkl:9;n02089078.pkl:10|class=304:n02169497.pkl:5;n02169497.pkl:110;n02169497.pkl:148
resnet,850,850,+,3,3,1,0,0.21600673063522416,0.22957624032734233,0.015332938666767826,0.014908156855295757,0.544181359947792,0.6484532517634986,class=494:n03017168.pkl:99;n03017168.pkl:133;n03017168.pkl:143|class=577:n03447721.pkl:250;n03447721.pkl:477;n03447721.pkl:627|class=729:n03961711.pkl:755
resnet,851,851,+,6,4,2,1,0.1133037166049601,0.17512080901895125,0.035382497429373674,0.06764159156817501,0.26097951567825073,0.77578183919657,class=860:n04443257.pkl:3;n04443257.pkl:21;n04443257.pkl:24|class=481:n02978881.pkl:21;n02978881.pkl:72;n02978881.pkl:135|class=453:n02870880.pkl:863;n02870880.pkl:1043
resnet,852,852,+,5,5,1,1,0.20661844377429156,0.364913014390043,0.18051296223955346,0.3510718930460957,0.08368716396653315,0.9564937278683694,class=498:n03032252.pkl:0;n03032252.pkl:1;n03032252.pkl:2|class=657:n03773504.pkl:128;n03773504.pkl:301;n03773504.pkl:420|class=415:n02776631.pkl:83;n02776631.pkl:219;n02776631.pkl:343
resnet,853,853,+,2,2,2,2,1.0,0.0,1.0,0.0,0.9999999999999971,0.5,class=319:n02268443.pkl:1;n02268443.pkl:2;n02268443.pkl:4|class=320:n02268853.pkl:0;n02268853.pkl:1;n02268853.pkl:3
resnet,854,854,+,11,10,4,4,0.21873572816766151,0.2270554148309702,0.04984333738455914,0.07329759007732654,0.579436993714319,0.28750409570250396,class=418:n02783161.pkl:3;n02783161.pkl:4;n02783161.pkl:15|class=542:n03250847.pkl:11;n03250847.pkl:26;n03250847.pkl:41|class=733:n03976657.pkl:0;n03976657.pkl:1;n03976657.pkl:6
resnet,855,855,+,1,1,1,1,1.0,0.0,1.0,0.0,0.0,1.0,class=957:n07768694.pkl:0;n07768694.pkl:1;n07768694.pkl:2
resnet,856,856,+,6,6,4,4,0.602587845096645,0.32303406707675364,0.21636200887780999,0.31416355034367716,0.5226652178355271,0.5180638951361696,class=226:n02105251.pkl:0;n02105251.pkl:1;n02105251.pkl:3|class=233:n02106382.pkl:0;n02106382.pkl:2;n02106382.pkl:4|class=202:n02098105.pkl:0;n02098105.pkl:6;n02098105.pkl:7
resnet,857,857,+,3,2,1,1,0.3405113882430742,0.45265289707189604,0.30841775327315224,0.4348444905246722,0.01454107032609362,0.9959585372366316,class=116:n01955084.pkl:0;n01955084.pkl:1;n01955084.pkl:2|class=36:n01667778.pkl:1|class=34:n01665541.pkl:631
resnet,858,858,+,3,2,1,1,0.34716430716430713,0.46190737670019855,0.333997293997294,0.4709350310461607,0.014316392619203177,0.9960300869618386,class=959:n07831146.pkl:0;n07831146.pkl:1;n07831146.pkl:2|class=923:n07579787.pkl:905|class=567:n03400231.pkl:625
resnet,859,859,+,19,14,2,1,0.08354783834915869,0.09854122842032953,0.007070423876943104,0.018612400839861508,0.5239313144861572,0.41735217703328215,class=764:n04090263.pkl:18;n04090263.pkl:28;n04090263.pkl:30|class=461:n02895154.pkl:44;n02895154.pkl:249;n02895154.pkl:381|class=744:n04008634.pkl:41;n04008634.pkl:159;n04008634.pkl:549
resnet,860,860,+,13,9,3,2,0.07905386070990453,0.18492563506980958,0.03305971360653788,0.07771409337709058,0.4137802563643832,0.5019907165094509,class=266:n02113712.pkl:2;n02113712.pkl:5;n02113712.pkl:7|class=200:n02097474.pkl:3;n02097474.pkl:7;n02097474.pkl:9|class=216:n02101556.pkl:41;n02101556.pkl:79;n02101556.pkl:121
resnet,861,861,+,3,3,2,2,0.48645129877982735,0.38435315830131406,0.39192856264019155,0.42630129097653235,0.4177200925436256,0.7276981945432612,class=628:n03673027.pkl:0;n03673027.pkl:1;n03673027.pkl:2|class=536:n03216828.pkl:0;n03216828.pkl:5;n03216828.pkl:13|class=510:n03095699.pkl:19;n03095699.pkl:125;n03095699.pkl:625
resnet,862,862,+,9,8,1,1,0.19741616620224026,0.2108424512003118,0.028574323353578308,0.0684371987693529,0.2926423777691535,0.7484787811585017,class=342:n02396427.pkl:2;n02396427.pkl:3;n02396427.pkl:8|class=224:n02105056.pkl:47;n02105056.pkl:128;n02105056.pkl:179|class=257:n02111500.pkl:15;n02111500.pkl:245;n02111500.pkl:698
resnet,863,863,+,2,2,1,1,0.5058336760587417,0.4925827926665156,0.4988581648383315,0.4979747726121831,0.010256121243051294,0.9982307394760286,class=125:n01986214.pkl:0;n01986214.pkl:1;n01986214.pkl:2|class=124:n01985128.pkl:170
resnet,864,864,+,5,5,2,1,0.19804113184817213,0.24385112696592048,0.019678755439479726,0.03006600587638612,0.3972850448033953,0.6668595151569868,class=252:n02110627.pkl:4;n02110627.pkl:23;n02110627.pkl:36|class=754:n04041544.pkl:93;n04041544.pkl:147;n04041544.pkl:264|class=999:n15075141.pkl:891;n15075141.pkl:968
resnet,865,865,+,4,4,1,1,0.33210411087873626,0.38575244854269497,0.23710265765626246,0.4059796656837311,0.040962751828413,0.9829523269282499,class=566:n03394916.pkl:0;n03394916.pkl:1;n03394916.pkl:2|class=764:n04090263.pkl:194;n04090263.pkl:394;n04090263.pkl:635|class=714:n03929660.pkl:364;n03929660.pkl:1065
resnet,866,866,+,18,13,3,2,0.04758704446418758,0.044916849477828584,0.009047381579129462,0.016878190081182156,0.6403293846907643,0.24890077007901784,class=836:n04355933.pkl:26;n04355933.pkl:28;n04355933.pkl:41|class=217:n02102040.pkl:30;n02102040.pkl:64;n02102040.pkl:71|class=902:n04579432.pkl:9;n04579432.pkl:175;n04579432.pkl:248
resnet,867,867,+,8,5,2,2,0.12463816468885507,0.19410116604597377,0.03251080442617883,0.05169052537754082,0.4730933995969158,0.4409922815101582,class=492:n03014705.pkl:2;n03014705.pkl:3;n03014705.pkl:4|class=478:n02971356.pkl:0;n02971356.pkl:6;n02971356.pkl:9|class=551:n03314780.pkl:139;n03314780.pkl:143;n03314780.pkl:153
resnet,868,868,+,14,7,2,0,0.1513268509449473,0.1865334198451266,0.004696253263552362,0.006961499421132678,0.7086789956847647,0.22838334448276149,class=979:n09468604.pkl:29;n09468604.pkl:56;n09468604.pkl:127|class=912:n04604644.pkl:4;n04604644.pkl:91;n04604644.pkl:247|class=698:n03877845.pkl:19;n03877845.pkl:125;n03877845.pkl:201
resnet,869,869,+,19,7,0,0,0.031398820208426714,0.05661211143809237,0.002386090110032575,0.0025019787869685088,0.8593445540237247,0.11049977766538634,class=764:n04090263.pkl:215;n04090263.pkl:376;n04090263.pkl:581|class=912:n04604644.pkl:83;n04604644.pkl:122;n04604644.pkl:214|class=703:n03891251.pkl:256;n03891251.pkl:348;n03891251.pkl:587
resnet,870,870,+,6,6,2,0,0.24080237939756366,0.17286877006127324,0.010149057431410669,0.011054878870165583,0.6735646361698908,0.36441157328917073,class=976:n09399592.pkl:42;n09399592.pkl:91;n09399592.pkl:116|class=979:n09468604.pkl:95;n09468604.pkl:127;n09468604.pkl:154|class=978:n09428293.pkl:125;n09428293.pkl:428;n09428293.pkl:1127
resnet,871,871,+,4,3,2,1,0.1284424123266184,0.09107599242183251,0.06704527404915048,0.10397743422845382,0.24168204095012766,0.8512870645769237,class=447:n02841315.pkl:1;n02841315.pkl:4;n02841315.pkl:6|class=421:n02788148.pkl:18;n02788148.pkl:233;n02788148.pkl:314|class=536:n03216828.pkl:639;n03216828.pkl:650;n03216828.pkl:785
resnet,872,872,+,1,1,1,1,1.0,0.0,1.0,0.0,0.0,1.0,class=832:n04346328.pkl:0;n04346328.pkl:1;n04346328.pkl:2
resnet,873,873,+,5,5,2,0,0.06178567406342687,0.021019590693345958,0.00923620187606295,0.011050764765843152,0.6165997126353845,0.48630427368649193,class=15:n01558993.pkl:187;n01558993.pkl:251;n01558993.pkl:258|class=13:n01534433.pkl:9;n01534433.pkl:52;n01534433.pkl:55|class=82:n01797886.pkl:964;n01797886.pkl:1141
resnet,874,874,+,3,3,1,0,0.06540210174186324,0.0562384806852385,0.008834505345926173,0.008681514765183378,0.5594771288834037,0.6552217035382795,class=278:n02119789.pkl:319;n02119789.pkl:440;n02119789.pkl:466|class=947:n07734744.pkl:875;n07734744.pkl:889;n07734744.pkl:1053|class=358:n02443114.pkl:36
resnet,875,875,+,2,2,1,1,0.6163932063887827,0.344035482811547,0.3441651753698081,0.3409131428494829,0.04329976722520241,0.9905955963886806,class=758:n04067472.pkl:0;n04067472.pkl:1;n04067472.pkl:2|class=535:n03208938.pkl:226;n03208938.pkl:303;n03208938.pkl:959
resnet,876,876,+,2,1,1,1,0.5026566622377642,0.49576605069598983,0.4665916742066694,0.464007694878504,0.02751582266357926,0.9944773461535963,class=603:n03538406.pkl:0;n03538406.pkl:1;n03538406.pkl:2|class=439:n02817516.pkl:44;n02817516.pkl:512;n02817516.pkl:1146
resnet,877,877,+,4,2,2,1,0.32111260605807435,0.4070275363742856,0.255868005272734,0.4296986632639945,0.08590961202544715,0.9550761868898454,class=387:n02509815.pkl:0;n02509815.pkl:1;n02509815.pkl:2|class=358:n02443114.pkl:92;n02443114.pkl:102;n02443114.pkl:148|class=248:n02109961.pkl:483
resnet,878,878,+,6,4,2,2,0.2925457740265021,0.36084545825658604,0.08449350966551239,0.14615183457158967,0.31904716989820775,0.6653336239200379,class=756:n04049303.pkl:2;n04049303.pkl:3;n04049303.pkl:5|class=427:n02795169.pkl:0;n02795169.pkl:7;n02795169.pkl:11|class=876:n04493381.pkl:168;n04493381.pkl:356;n04493381.pkl:422
resnet,879,879,+,12,7,2,0,0.02830677856653783,0.04876149492704173,0.005181134327667587,0.008573499106709275,0.6620411943972343,0.3115173726042087,class=162:n02088364.pkl:0;n02088364.pkl:14;n02088364.pkl:75|class=156:n02086646.pkl:400;n02086646.pkl:500;n02086646.pkl:542|class=217:n02102040.pkl:0;n02102040.pkl:19;n02102040.pkl:58
resnet,880,880,+,13,6,0,0,0.016396646612032766,0.016942546956467762,0.0024048129529390667,0.0018608049258042735,0.905002720876097,0.1229800865468945,class=743:n04005630.pkl:620;n04005630.pkl:792;n04005630.pkl:810|class=624:n03661043.pkl:18;n03661043.pkl:186;n03661043.pkl:928|class=905:n04590129.pkl:661;n04590129.pkl:951;n04590129.pkl:1031
resnet,881,881,+,5,3,1,0,0.06630554220087728,0.07770817671126294,0.007229249547783569,0.011309219185051256,0.4308747676540121,0.6894505323221516,class=578:n03450230.pkl:38;n03450230.pkl:40;n03450230.pkl:134|class=160:n02088094.pkl:308;n02088094.pkl:504;n02088094.pkl:1186|class=698:n03877845.pkl:106;n03877845.pkl:1166
resnet,882,882,+,10,7,2,1,0.126677607833612,0.20701799892089975,0.01951275036318409,0.04730991965735032,0.3010941565550262,0.6878512475245743,class=907:n04591713.pkl:2;n04591713.pkl:5;n04591713.pkl:10|class=966:n07892512.pkl:2;n07892512.pkl:12;n07892512.pkl:41|class=623:n03658185.pkl:163;n03658185.pkl:513
resnet,883,883,+,7,7,1,0,0.11277697797150724,0.1194808455968199,0.010586920404550724,0.015228215831574254,0.6398357797173487,0.43842738752971505,class=752:n04039381.pkl:45;n04039381.pkl:70;n04039381.pkl:143|class=862:n04456115.pkl:90;n04456115.pkl:246;n04456115.pkl:545|class=395:n02641379.pkl:394;n02641379.pkl:577;n02641379.pkl:678
resnet,884,884,+,5,4,1,1,0.23996297030655572,0.2711676632245237,0.0509427611280609,0.09834894594626248,0.09907212186971144,0.945425859176458,class=677:n03804744.pkl:0;n03804744.pkl:1;n03804744.pkl:2|class=494:n03017168.pkl:232;n03017168.pkl:269;n03017168.pkl:468|class=836:n04355933.pkl:752
resnet,885,885,+,6,5,2,1,0.32813542402551865,0.33323262367710504,0.1455128603600019,0.3099870376650207,0.11995109971949382,0.9230345189073392,class=542:n03250847.pkl:0;n03250847.pkl:1;n03250847.pkl:2|class=910:n04597913.pkl:233;n04597913.pkl:258;n04597913.pkl:275|class=731:n03970156.pkl:179;n03970156.pkl:308;n03970156.pkl:648
resnet,886,886,+,3,1,1,1,0.3350040176846278,0.4702237553988219,0.3338840185206515,0.47101512811336066,0.012159115158911528,0.9967054204427628,class=640:n03717622.pkl:0;n03717622.pkl:1;n03717622.pkl:2|class=790:n04204238.pkl:600|class=506:n03065424.pkl:110
resnet,887,887,+,10,10,2,0,0.08090644739802062,0.11074620689541023,0.004528741617251974,0.006397367250013567,0.6696258166510684,0.29954804584587524,class=124:n01985128.pkl:36;n01985128.pkl:83;n01985128.pkl:114|class=638:n03710637.pkl:243;n03710637.pkl:491;n03710637.pkl:520|class=977:n09421951.pkl:301;n09421951.pkl:514;n09421951.pkl:640
resnet,888,888,+,7,5,3,1,0.11203351711186449,0.18248711553706481,0.024306806718570783,0.03392456663105321,0.6008141957532528,0.42113250828317095,class=46:n01693334.pkl:8;n01693334.pkl:18;n01693334.pkl:44|class=945:n07720875.pkl:24;n07720875.pkl:26;n07720875.pkl:148|class=987:n12144580.pkl:54;n12144580.pkl:64;n12144580.pkl:81
resnet,889,889,+,2,2,2,2,0.9940159574468085,0.005984042553191515,0.7533244680851063,0.2466755319148936,0.9212098202278042,0.5536115055905286,class=537:n03218198.pkl:0;n03218198.pkl:1;n03218198.pkl:2|class=248:n02109961.pkl:0;n02109961.pkl:2;n02109961.pkl:3
resnet,890,890,+,2,1,1,1,0.48787002391028467,0.4865094796925976,0.36136882294951606,0.360008278731829,0.01975572331853335,0.9962421135287487,class=994:n13040303.pkl:0;n13040303.pkl:1;n13040303.pkl:3|class=46:n01693334.pkl:75
resnet,891,891,+,8,4,1,0,0.036451936825309825,0.05602142474732216,0.0035428149514864565,0.0031222418732655376,0.8265954865067966,0.22208366502246846,class=381:n02493793.pkl:57;n02493793.pkl:120;n02493793.pkl:184|class=374:n02488291.pkl:42;n02488291.pkl:58;n02488291.pkl:430|class=378:n02492035.pkl:46;n02492035.pkl:200;n02492035.pkl:450
resnet,892,892,+,6,6,5,4,0.6822233283613826,0.3813046728648724,0.5362261634525813,0.37302128951754365,0.8016389988297408,0.24731956660968674,class=175:n02091635.pkl:0;n02091635.pkl:1;n02091635.pkl:2|class=165:n02089078.pkl:0;n02089078.pkl:1;n02089078.pkl:3|class=163:n02088466.pkl:1;n02088466.pkl:2;n02088466.pkl:3
resnet,893,893,+,4,4,3,1,0.353835379339566,0.3674314706216569,0.21824451006408344,0.3542494064130972,0.17077109071433025,0.9086756601720283,class=847:n04389033.pkl:1;n04389033.pkl:2;n04389033.pkl:4|class=744:n04008634.pkl:185;n04008634.pkl:290;n04008634.pkl:425|class=657:n03773504.pkl:348;n03773504.pkl:412;n03773504.pkl:423
resnet,894,894,+,1,1,1,1,0.9304435483870968,0.0,0.8911290322580645,0.0,0.0,1.0,class=729:n03961711.pkl:0;n03961711.pkl:1;n03961711.pkl:2
resnet,895,895,+,4,3,3,1,0.48396737755553887,0.373383668339009,0.2218296536707095,0.3353531510530755,0.2795838740787383,0.8213544170420742,class=300:n02165105.pkl:0;n02165105.pkl:1;n02165105.pkl:2|class=320:n02268853.pkl:20;n02268853.pkl:41;n02268853.pkl:77|class=70:n01770081.pkl:35;n01770081.pkl:85;n01770081.pkl:108
resnet,896,896,+,20,14,0,0,0.029601430427767146,0.036544773780755706,0.002177407680930099,0.0018730579861054332,0.8959658878850711,0.08699925233317128,class=542:n03250847.pkl:129;n03250847.pkl:194;n03250847.pkl:348|class=641:n03720891.pkl:98;n03720891.pkl:326;n03720891.pkl:401|class=731:n03970156.pkl:39;n03970156.pkl:108;n03970156.pkl:362
resnet,897,897,+,13,7,1,0,0.02189556094345683,0.026071305452258588,0.003245182183770017,0.005837862293714838,0.6832182080130895,0.3258581985971375,class=752:n04039381.pkl:67;n04039381.pkl:207;n04039381.pkl:232|class=657:n03773504.pkl:414;n03773504.pkl:454;n03773504.pkl:743|class=782:n04152593.pkl:949;n04152593.pkl:1138
resnet,898,898,+,4,3,1,1,0.25671543916010325,0.4114197488249479,0.22082448531273965,0.3777502735770703,0.04344311931530477,0.9815687235569907,class=458:n02892201.pkl:0;n02892201.pkl:1;n02892201.pkl:2|class=782:n04152593.pkl:153;n04152593.pkl:341;n04152593.pkl:820|class=922:n07565083.pkl:493;n07565083.pkl:1130
resnet,899,899,+,14,6,2,0,0.03398976967791978,0.05284581497553163,0.0034379743712939226,0.004609955470872281,0.7619717906824581,0.19985670036928718,class=68:n01756291.pkl:104;n01756291.pkl:212;n01756291.pkl:237|class=349:n02415577.pkl:28;n02415577.pkl:178;n02415577.pkl:414|class=82:n01797886.pkl:117;n01797886.pkl:175;n01797886.pkl:942
resnet,900,900,+,1,1,1,1,0.9983870967741936,0.0,0.9959677419354839,0.0,0.0,1.0,class=924:n07583066.pkl:0;n07583066.pkl:1;n07583066.pkl:2
resnet,901,901,+,9,8,4,2,0.21252205740961602,0.3032521826225519,0.06917319340343694,0.14290361353740225,0.3813460044423342,0.5853184392543836,class=698:n03877845.pkl:0;n03877845.pkl:1;n03877845.pkl:5|class=497:n03028079.pkl:21;n03028079.pkl:23;n03028079.pkl:36|class=668:n03788195.pkl:117;n03788195.pkl:161;n03788195.pkl:180
resnet,902,902,+,2,2,2,2,0.5880490028100746,0.4103724652246532,0.5363516314793074,0.4486523148506058,0.4083345545310924,0.8498570405081494,class=475:n02965783.pkl:0;n02965783.pkl:1;n02965783.pkl:2|class=836:n04355933.pkl:43;n04355933.pkl:46;n04355933.pkl:51
resnet,903,903,+,7,4,2,1,0.1304252200133577,0.18661083031000167,0.021140285802226755,0.036278623846637395,0.4032583738391035,0.5635661988437902,class=433:n02807133.pkl:1;n02807133.pkl:14;n02807133.pkl:20|class=638:n03710637.pkl:208;n03710637.pkl:211;n03710637.pkl:225|class=424:n02791270.pkl:236;n02791270.pkl:436
resnet,904,904,+,11,8,2,0,0.07826572346361459,0.09521823576097123,0.008032980880065129,0.011321534953613743,0.7084614731202699,0.27148693834643656,class=638:n03710637.pkl:40;n03710637.pkl:69;n03710637.pkl:149|class=780:n04147183.pkl:218;n04147183.pkl:243;n04147183.pkl:313|class=758:n04067472.pkl:164;n04067472.pkl:195;n04067472.pkl:413
resnet,905,905,+,11,10,1,1,0.1731601780499818,0.1940798168730215,0.010460187578640817,0.026598836328346333,0.3536122746274112,0.678741658812821,class=764:n04090263.pkl:8;n04090263.pkl:9;n04090263.pkl:12|class=650:n03759954.pkl:176;n03759954.pkl:223;n03759954.pkl:520|class=758:n04067472.pkl:164;n04067472.pkl:350;n04067472.pkl:864
resnet,906,906,+,3,3,1,1,0.19872157758017683,0.22401918521125172,0.08676136105161182,0.12028395706312298,0.07050825688108822,0.9740137458870124,class=411:n02730930.pkl:1;n02730930.pkl:3;n02730930.pkl:5|class=549:n03291819.pkl:637;n03291819.pkl:928;n03291819.pkl:1131|class=904:n04589890.pkl:1282
resnet,907,907,+,23,16,5,1,0.10803230718587765,0.15441013775635112,0.012087456060762072,0.03461413446794196,0.5291509131115493,0.40001911469058865,class=193:n02096294.pkl:26;n02096294.pkl:32;n02096294.pkl:40|class=356:n02441942.pkl:29;n02441942.pkl:58;n02441942.pkl:74|class=638:n03710637.pkl:650;n03710637.pkl:694;n03710637.pkl:728
resnet,908,908,+,5,5,2,2,0.5396333443675209,0.34029950081833354,0.2565096191283574,0.31591582165704823,0.4462109687561637,0.5033649747178165,class=497:n03028079.pkl:0;n03028079.pkl:1;n03028079.pkl:3|class=442:n02825657.pkl:1;n02825657.pkl:3;n02825657.pkl:6|class=538:n03220513.pkl:93;n03220513.pkl:99;n03220513.pkl:297
resnet,909,909,+,3,2,1,1,0.3479349755169243,0.46119162090770655,0.3336954483319344,0.47049915093805755,0.01440733277549271,0.9960011326938139,class=635:n03706229.pkl:0;n03706229.pkl:1;n03706229.pkl:2|class=590:n03485407.pkl:786|class=714:n03929660.pkl:364
resnet,910,910,+,1,1,1,1,0.8821233411397346,0.0,0.8477751756440282,0.0,0.0,1.0,class=687:n03854065.pkl:0;n03854065.pkl:2;n03854065.pkl:3
resnet,911,911,+,7,7,4,3,0.13321418146370329,0.15662606557882386,0.07909452869718389,0.12536268072852552,0.5018914520445017,0.5017341345210451,class=424:n02791270.pkl:0;n02791270.pkl:3;n02791270.pkl:4|class=415:n02776631.pkl:23;n02776631.pkl:32;n02776631.pkl:44|class=762:n04081281.pkl:0;n04081281.pkl:1;n04081281.pkl:2
resnet,912,912,+,17,14,6,0,0.0780035430454638,0.08318962585986878,0.0119585958848993,0.013456707917874228,0.7917563723435512,0.13330844852433885,class=771:n04125021.pkl:4;n04125021.pkl:25;n04125021.pkl:87|class=478:n02971356.pkl:4;n02971356.pkl:5;n02971356.pkl:16|class=446:n02840245.pkl:13;n02840245.pkl:53;n02840245.pkl:99
resnet,913,913,+,12,12,7,6,0.47181897857613125,0.31710137650136366,0.13547215721447692,0.16885070247477063,0.7069124398985895,0.21278999533205423,class=68:n01756291.pkl:5;n01756291.pkl:9;n01756291.pkl:19|class=58:n01737021.pkl:1;n01737021.pkl:2;n01737021.pkl:3|class=60:n01740131.pkl:2;n01740131.pkl:11;n01740131.pkl:13
resnet,914,914,+,6,4,1,1,0.27624772109501944,0.24704635167968902,0.05532563141195732,0.11787736969802644,0.12698029739301941,0.9232501644346122,class=638:n03710637.pkl:4;n03710637.pkl:13;n03710637.pkl:16|class=168:n02090379.pkl:88;n02090379.pkl:939;n02090379.pkl:1093|class=257:n02111500.pkl:15;n02111500.pkl:17;n02111500.pkl:185
resnet,915,915,+,2,2,1,1,0.7768707482993198,0.22312925170068026,0.5016524828554904,0.4934892175493679,0.06816824131154457,0.9838596514595699,class=42:n01687978.pkl:0;n01687978.pkl:1;n01687978.pkl:2|class=46:n01693334.pkl:377;n01693334.pkl:754;n01693334.pkl:814
resnet,916,916,+,4,3,2,0,0.1928690631053202,0.1615815748881768,0.015425917576659703,0.014209962738766306,0.6234790612607686,0.46214063958635937,class=836:n04355933.pkl:47;n04355933.pkl:106;n04355933.pkl:144|class=979:n09468604.pkl:95;n09468604.pkl:113;n09468604.pkl:127|class=422:n02790996.pkl:372;n02790996.pkl:836
resnet,917,917,+,9,8,4,1,0.24940729199188066,0.2134674581616522,0.01872952953324853,0.018592139920581823,0.7859592626853892,0.22059809997666568,class=193:n02096294.pkl:23;n02096294.pkl:57;n02096294.pkl:90|class=217:n02102040.pkl:31;n02102040.pkl:35;n02102040.pkl:116|class=241:n02108000.pkl:411;n02108000.pkl:535;n02108000.pkl:546
resnet,918,918,+,7,6,1,1,0.05729220093989373,0.05617498688672481,0.016271621128682894,0.03455858197959674,0.2780156696150847,0.7872521118184964,class=109:n01917289.pkl:2;n01917289.pkl:17;n01917289.pkl:24|class=996:n13052670.pkl:63;n13052670.pkl:284;n13052670.pkl:559|class=949:n07745940.pkl:28;n07745940.pkl:95;n07745940.pkl:858
resnet,919,919,+,12,10,7,5,0.31064410425932637,0.35981709591749306,0.16588205477019852,0.2879113722925021,0.5345222099078701,0.33437024324842607,class=252:n02110627.pkl:0;n02110627.pkl:1;n02110627.pkl:2|class=199:n02097298.pkl:0;n02097298.pkl:1;n02097298.pkl:2|class=197:n02097130.pkl:0;n02097130.pkl:17;n02097130.pkl:21
resnet,920,920,+,14,14,1,0,0.05756493692225121,0.0791443111788251,0.004088657927017341,0.004856438290640361,0.8110738811678282,0.17220202885899935,class=624:n03661043.pkl:9;n03661043.pkl:18;n03661043.pkl:24|class=987:n12144580.pkl:54;n12144580.pkl:258;n12144580.pkl:268|class=990:n12768682.pkl:428;n12768682.pkl:551;n12768682.pkl:916
resnet,921,921,+,2,1,1,1,0.34012169881612714,0.33817617352429835,0.23155021111019125,0.23057744846427686,0.021711639752680634,0.9958077372900138,class=446:n02840245.pkl:0;n02840245.pkl:1;n02840245.pkl:2|class=418:n02783161.pkl:789
resnet,922,922,+,11,9,6,3,0.5138770926872931,0.35009063272482716,0.14129174078941845,0.27997234441130614,0.47301616916910577,0.44785633316941603,class=671:n03792782.pkl:0;n03792782.pkl:1;n03792782.pkl:2|class=249:n02110063.pkl:1;n02110063.pkl:2;n02110063.pkl:3|class=235:n02106662.pkl:2;n02106662.pkl:7;n02106662.pkl:17
resnet,923,923,+,10,5,1,1,0.07958439150917099,0.13441941256243164,0.0064622080046096205,0.01497920958819551,0.4058990260613016,0.6372988722902333,class=698:n03877845.pkl:7;n03877845.pkl:46;n03877845.pkl:116|class=497:n03028079.pkl:123;n03028079.pkl:303;n03028079.pkl:436|class=873:n04486054.pkl:351;n04486054.pkl:512;n04486054.pkl:852
resnet,924,924,+,10,8,7,6,0.46146059298610115,0.36555691199858414,0.14040990657224725,0.1518088798308574,0.7431913008220964,0.21689578470438187,class=380:n02493509.pkl:1;n02493509.pkl:5;n02493509.pkl:17|class=371:n02486261.pkl:1;n02486261.pkl:2;n02486261.pkl:5|class=374:n02488291.pkl:0;n02488291.pkl:3;n02488291.pkl:10
resnet,925,925,+,3,3,2,2,0.40013889509432277,0.26212513450499403,0.14584317056308035,0.12813903115787598,0.5823024949372305,0.590650892466162,class=758:n04067472.pkl:3;n04067472.pkl:11;n04067472.pkl:12|class=733:n03976657.pkl:6;n03976657.pkl:16;n03976657.pkl:38|class=303:n02168699.pkl:10;n02168699.pkl:118;n02168699.pkl:302
resnet,926,926,+,4,2,1,1,0.29625919288232894,0.394597982665878,0.16013904660692604,0.27586158177182973,0.022340452569351372,0.9918702842370162,class=588:n03482405.pkl:0;n03482405.pkl:1;n03482405.pkl:3|class=846:n04380533.pkl:326|class=492:n03014705.pkl:29
resnet,927,927,+,3,3,2,2,0.6600023171762349,0.3817550701653584,0.5684215025782708,0.41341988336322627,0.6279493973411221,0.5096610033851591,class=876:n04493381.pkl:1;n04493381.pkl:3;n04493381.pkl:5|class=435:n02808440.pkl:0;n02808440.pkl:1;n02808440.pkl:2|class=659:n03775546.pkl:797;n03775546.pkl:1131
resnet,928,928,+,11,6,3,0,0.02771981887611712,0.032420583320655116,0.007417771024356923,0.010567196291213547,0.6610770579109874,0.27540214405684205,class=266:n02113712.pkl:46;n02113712.pkl:63;n02113712.pkl:170|class=238:n02107574.pkl:25;n02107574.pkl:55;n02107574.pkl:79|class=987:n12144580.pkl:72;n12144580.pkl:101;n12144580.pkl:115
resnet,929,929,+,6,5,3,3,0.35086501187455726,0.2851437584265939,0.09394162102941415,0.13466844627437066,0.5154443219970615,0.5091696421018375,class=867:n04467665.pkl:0;n04467665.pkl:1;n04467665.pkl:7|class=866:n04465501.pkl:6;n04465501.pkl:15;n04465501.pkl:30|class=864:n04461696.pkl:31;n04461696.pkl:33;n04461696.pkl:36
resnet,930,930,+,9,4,1,1,0.08383846067015338,0.21328556352810757,0.04671884418186009,0.12435606540773339,0.13989165861929295,0.898351298633491,class=905:n04590129.pkl:0;n04590129.pkl:7;n04590129.pkl:8|class=46:n01693334.pkl:108;n01693334.pkl:819;n01693334.pkl:967|class=435:n02808440.pkl:34;n02808440.pkl:35;n02808440.pkl:134
resnet,931,931,+,13,7,5,3,0.23124589285598657,0.2703315302018318,0.050034220628777014,0.08797434392073318,0.5470316103619358,0.31473544776575885,class=435:n02808440.pkl:2;n02808440.pkl:6;n02808440.pkl:12|class=896:n04553703.pkl:4;n04553703.pkl:11;n04553703.pkl:13|class=876:n04493381.pkl:23;n04493381.pkl:93;n04493381.pkl:101
resnet,932,932,+,7,3,0,0,0.030654331630353915,0.047667560537975405,0.0030343579553824,0.0016405931974034227,0.915740418348088,0.18461807161323848,class=851:n04404412.pkl:590;n04404412.pkl:622;n04404412.pkl:842|class=799:n04239074.pkl:244;n04239074.pkl:305;n04239074.pkl:541|class=400:n02669723.pkl:738;n02669723.pkl:780;n02669723.pkl:822
resnet,933,933,+,4,4,1,1,0.3103953383328504,0.4026361374321147,0.25073106042516496,0.43259063996004765,0.016668750624627353,0.9941799593603878,class=114:n01945685.pkl:0;n01945685.pkl:1;n01945685.pkl:2|class=60:n01740131.pkl:321|class=26:n01630670.pkl:230
resnet,934,934,+,1,1,1,1,1.0,0.0,1.0,0.0,0.0,1.0,class=91:n01824575.pkl:0;n01824575.pkl:1;n01824575.pkl:2
resnet,935,935,+,5,4,2,1,0.31495714963705934,0.33550308862045786,0.06623824751174791,0.10717780146351642,0.34257492879543155,0.7236269812470218,class=923:n07579787.pkl:0;n07579787.pkl:3;n07579787.pkl:4|class=935:n07711569.pkl:8;n07711569.pkl:32;n07711569.pkl:45|class=928:n07614500.pkl:252;n07614500.pkl:410;n07614500.pkl:452
resnet,936,936,+,1,1,1,1,0.9823576583801122,0.0,0.896551724137931,0.0,0.0,1.0,class=564:n03388549.pkl:0;n03388549.pkl:1;n03388549.pkl:3
resnet,937,937,+,8,7,4,3,0.40896460740804075,0.36099815718827283,0.2383104071383556,0.3782419292226672,0.47024066258523134,0.43989323873734226,class=263:n02113023.pkl:0;n02113023.pkl:1;n02113023.pkl:2|class=264:n02113186.pkl:0;n02113186.pkl:1;n02113186.pkl:2|class=232:n02106166.pkl:13;n02106166.pkl:33;n02106166.pkl:65
resnet,938,938,+,5,3,1,0,0.0924190229084164,0.13465959603594277,0.009981281852212935,0.016240444598978897,0.3830297417906037,0.7294844199200411,class=297:n02134418.pkl:11;n02134418.pkl:24;n02134418.pkl:25|class=371:n02486261.pkl:546;n02486261.pkl:1212;n02486261.pkl:1278|class=388:n02510455.pkl:1083;n02510455.pkl:1092;n02510455.pkl:1118
resnet,939,939,+,10,8,2,0,0.17274860239460188,0.17366824225469224,0.004798072110588495,0.008087591135826685,0.5962752082288698,0.3841219807854904,class=979:n09468604.pkl:49;n09468604.pkl:95;n09468604.pkl:119|class=744:n04008634.pkl:120;n04008634.pkl:241;n04008634.pkl:281|class=976:n09399592.pkl:91;n09399592.pkl:1240
resnet,940,940,+,3,2,1,1,0.3482190517218143,0.4551320102320007,0.32365257451613,0.4561095212616625,0.016486274548581478,0.9953347056340686,class=550:n03297495.pkl:0;n03297495.pkl:1;n03297495.pkl:2|class=771:n04125021.pkl:229|class=754:n04041544.pkl:122
resnet,941,941,+,9,3,1,1,0.09853676151843653,0.18190881021252073,0.014087840886955173,0.03260971793655097,0.33266229639297784,0.7064478708332887,class=46:n01693334.pkl:46;n01693334.pkl:71;n01693334.pkl:75|class=947:n07734744.pkl:335;n07734744.pkl:524;n07734744.pkl:714|class=27:n01631663.pkl:160;n01631663.pkl:674;n01631663.pkl:842
resnet,942,942,+,2,2,2,1,0.5732484076433121,0.4267515923566879,0.5034371514714145,0.49342805229034087,0.08040017892187196,0.9803161108279708,class=148:n02071294.pkl:0;n02071294.pkl:1;n02071294.pkl:2|class=147:n02066245.pkl:146;n02066245.pkl:168;n02066245.pkl:239
resnet,943,943,+,10,7,3,2,0.22328603134451006,0.2956877301067549,0.06272725352843742,0.15911316202037454,0.26123998720310626,0.7434275725471498,class=214:n02101006.pkl:1;n02101006.pkl:2;n02101006.pkl:3|class=266:n02113712.pkl:13;n02113712.pkl:20;n02113712.pkl:30|class=212:n02100735.pkl:47;n02100735.pkl:51;n02100735.pkl:312
resnet,944,944,+,9,7,4,1,0.26080994322490175,0.24817266531997811,0.044695259264896536,0.09368315861897784,0.4171194856246867,0.5992659726582589,class=264:n02113186.pkl:5;n02113186.pkl:6;n02113186.pkl:9|class=194:n02096437.pkl:47;n02096437.pkl:63;n02096437.pkl:84|class=161:n02088238.pkl:28;n02088238.pkl:68;n02088238.pkl:167
resnet,945,945,+,8,7,2,0,0.1166335115470617,0.15833485384545054,0.005201900935449378,0.004593093904933958,0.8209661949512257,0.22245329050215357,class=231:n02106030.pkl:89;n02106030.pkl:267;n02106030.pkl:385|class=261:n02112350.pkl:55;n02112350.pkl:140;n02112350.pkl:161|class=232:n02106166.pkl:74;n02106166.pkl:511;n02106166.pkl:812
resnet,946,946,+,8,4,1,0,0.0599556219766426,0.12203303390489696,0.0031941893431259097,0.004528802757655122,0.6823345367917211,0.3762786052878008,class=46:n01693334.pkl:21;n01693334.pkl:101;n01693334.pkl:157|class=78:n01776313.pkl:12;n01776313.pkl:470;n01776313.pkl:765|class=68:n01756291.pkl:661;n01756291.pkl:758
resnet,947,947,+,9,6,0,0,0.021164057741760153,0.023557995751765717,0.0028217199405159593,0.002584377379121574,0.8344736366670937,0.20431661058962125,class=638:n03710637.pkl:208;n03710637.pkl:294;n03710637.pkl:322|class=26:n01630670.pkl:463;n01630670.pkl:666;n01630670.pkl:707|class=409:n02708093.pkl:211;n02708093.pkl:434;n02708093.pkl:981
resnet,948,948,+,13,4,1,0,0.020506954897705845,0.034838334827571385,0.0030852243253337848,0.0048567435298976286,0.7219068927722689,0.267545284385241,class=977:n09421951.pkl:43;n09421951.pkl:45;n09421951.pkl:139|class=978:n09428293.pkl:57;n09428293.pkl:209;n09428293.pkl:314|class=987:n12144580.pkl:659;n12144580.pkl:998
resnet,949,949,+,15,6,1,0,0.03108216535397303,0.051969034013186734,0.0021539186503196197,0.00244330190769285,0.8404337774168086,0.15245029584288008,class=718:n03933933.pkl:0;n03933933.pkl:360;n03933933.pkl:388|class=762:n04081281.pkl:211;n04081281.pkl:537;n04081281.pkl:921|class=454:n02871525.pkl:201;n02871525.pkl:354;n02871525.pkl:809
resnet,950,950,+,1,1,1,1,0.9984025559105432,0.0,0.9984025559105432,0.0,0.0,1.0,class=317:n02259212.pkl:0;n02259212.pkl:1;n02259212.pkl:2
resnet,951,951,+,5,3,1,1,0.153718573400761,0.18637097265428273,0.021723182960115474,0.038800437417345846,0.2329481141803037,0.838052359434874,class=689:n03866082.pkl:32;n03866082.pkl:35;n03866082.pkl:55|class=794:n04209239.pkl:246;n04209239.pkl:293;n04209239.pkl:530|class=461:n02895154.pkl:223
resnet,952,952,+,2,1,1,1,0.3978304037020409,0.3956564906585627,0.06026090409918155,0.05808699105570329,0.13027519526962705,0.9645756879667378,class=953:n07753275.pkl:0;n07753275.pkl:1;n07753275.pkl:4|class=987:n12144580.pkl:631;n12144580.pkl:1119
resnet,953,953,+,4,4,2,2,0.5244221264929675,0.4384172852638354,0.3988760658402684,0.4018082252936519,0.5100897716686312,0.503689036440748,class=663:n03781244.pkl:1;n03781244.pkl:2;n03781244.pkl:3|class=698:n03877845.pkl:0;n03877845.pkl:2;n03877845.pkl:4|class=743:n04005630.pkl:299;n04005630.pkl:570;n04005630.pkl:1172
resnet,954,954,+,2,2,1,1,0.3607894601410118,0.30850187844166543,0.2642620040142041,0.25936004322989037,0.07594633530304772,0.9816224203779098,class=571:n03425413.pkl:0;n03425413.pkl:1;n03425413.pkl:2|class=707:n03902125.pkl:843;n03902125.pkl:888;n03902125.pkl:1033
resnet,955,955,+,3,3,1,1,0.23411721299645713,0.2918164658633802,0.07206653258658176,0.10052425516814563,0.0529355698589655,0.9818979019611099,class=327:n02317335.pkl:2;n02317335.pkl:7;n02317335.pkl:10|class=987:n12144580.pkl:486|class=124:n01985128.pkl:763
resnet,956,956,+,3,3,3,3,0.5225022224289423,0.31190249998723485,0.36780001969329223,0.37798504134519284,0.5409197103928959,0.6853834358759563,class=866:n04465501.pkl:1;n04465501.pkl:2;n04465501.pkl:3|class=595:n03496892.pkl:12;n03496892.pkl:21;n03496892.pkl:24|class=856:n04428191.pkl:1;n04428191.pkl:2;n04428191.pkl:4
resnet,957,957,+,8,4,1,0,0.025482177516155686,0.037609107967724126,0.0033709422408144726,0.00450067465890542,0.6972260679296224,0.34782434107067145,class=422:n02790996.pkl:57;n02790996.pkl:83;n02790996.pkl:85|class=783:n04153751.pkl:439;n04153751.pkl:441;n04153751.pkl:459|class=878:n04505470.pkl:699;n04505470.pkl:735
resnet,958,958,+,5,2,1,1,0.1695775729285252,0.31637942121284285,0.06038107970267601,0.11570115375171648,0.11076821191108642,0.9343508905275212,class=562:n03388043.pkl:1;n03388043.pkl:2;n03388043.pkl:5|class=638:n03710637.pkl:260;n03710637.pkl:547;n03710637.pkl:928|class=231:n02106030.pkl:810
resnet,959,959,+,13,4,0,0,0.02647167057927396,0.05002496895482325,0.003374360957660102,0.0028803722484284523,0.8671373564583696,0.13297245636393368,class=257:n02111500.pkl:37;n02111500.pkl:38;n02111500.pkl:295|class=703:n03891251.pkl:125;n03891251.pkl:147;n03891251.pkl:256|class=716:n03930313.pkl:292;n03930313.pkl:310;n03930313.pkl:719
resnet,960,960,+,5,4,3,1,0.2830661719272888,0.24849515996423102,0.02408762246512435,0.0238094756221001,0.71084815897857,0.395407750651565,class=506:n03065424.pkl:6;n03065424.pkl:12;n03065424.pkl:58|class=987:n12144580.pkl:7;n12144580.pkl:22;n12144580.pkl:26|class=783:n04153751.pkl:21;n04153751.pkl:72;n04153751.pkl:431
resnet,961,961,+,5,5,4,3,0.7689417697960449,0.2807536223519835,0.5040233057531072,0.43822075572294134,0.694694770572491,0.35118706833602265,class=66:n01753488.pkl:0;n01753488.pkl:3;n01753488.pkl:4|class=68:n01756291.pkl:1;n01756291.pkl:2;n01756291.pkl:3|class=67:n01755581.pkl:0;n01755581.pkl:1;n01755581.pkl:2
resnet,962,962,+,2,1,1,1,0.4983516768954814,0.4974851257689649,0.48627840462237565,0.4854118534958592,0.010312767467030448,0.9982195815842292,class=622:n03657121.pkl:0;n03657121.pkl:2;n03657121.pkl:3|class=422:n02790996.pkl:91
resnet,963,963,+,5,2,0,0,0.02021339813994046,0.02034950239254035,0.0020415316091497737,0.0014912519490866128,0.8409015979970934,0.3067136137846975,class=834:n04350905.pkl:39;n04350905.pkl:504;n04350905.pkl:986|class=862:n04456115.pkl:549;n04456115.pkl:704;n04456115.pkl:739|class=513:n03110669.pkl:1197
resnet,964,964,+,1,1,1,1,0.9983987189751802,0.0,0.9935948759007206,0.0,0.0,1.0,class=420:n02787622.pkl:0;n02787622.pkl:1;n02787622.pkl:2
resnet,965,965,+,5,5,1,1,0.16824342546740584,0.27759266403718275,0.044442613132277396,0.0869790943797906,0.06861057237659075,0.9660561181411835,class=737:n03983396.pkl:8;n03983396.pkl:15;n03983396.pkl:17|class=620:n03642806.pkl:1271|class=714:n03929660.pkl:453
resnet,966,966,+,6,6,5,4,0.6671190938931965,0.33205118639199194,0.2648505019170356,0.3419502581864858,0.6031256722475462,0.44449275287488593,class=272:n02114855.pkl:0;n02114855.pkl:1;n02114855.pkl:2|class=278:n02119789.pkl:4;n02119789.pkl:5;n02119789.pkl:13|class=280:n02120505.pkl:12;n02120505.pkl:39;n02120505.pkl:41
resnet,967,967,+,2,2,1,1,0.3425938826126608,0.31271836394046165,0.13382937409348047,0.13299949857480828,0.030303466194221466,0.9938182293942273,class=310:n02219486.pkl:2;n02219486.pkl:3;n02219486.pkl:6|class=599:n03530642.pkl:250
resnet,968,968,+,6,5,0,0,0.053342867447662916,0.03566768555255299,0.0011406024958961049,0.0003767234179128739,0.9711800766615349,0.18484798411959039,class=865:n04462240.pkl:1107;n04462240.pkl:1128|class=545:n03271574.pkl:419;n03271574.pkl:744|class=595:n03496892.pkl:1055
resnet,969,969,+,47,30,14,5,0.06551654146431782,0.10779445868383561,0.015341022955093818,0.03210328039475618,0.700954839755824,0.11445007787412222,class=836:n04355933.pkl:25;n04355933.pkl:27;n04355933.pkl:36|class=400:n02669723.pkl:1;n02669723.pkl:8;n02669723.pkl:26|class=266:n02113712.pkl:13;n02113712.pkl:31;n02113712.pkl:36
resnet,970,970,+,7,6,4,2,0.34220976517255053,0.32100251990894063,0.027404253745660006,0.031661970094710445,0.6584671908603024,0.33355326797093326,class=297:n02134418.pkl:27;n02134418.pkl:31;n02134418.pkl:41|class=259:n02112018.pkl:19;n02112018.pkl:64;n02112018.pkl:76|class=260:n02112137.pkl:53;n02112137.pkl:54;n02112137.pkl:143
resnet,971,971,+,2,2,2,2,0.6378424142494641,0.30313846688104296,0.3585201606728792,0.2507898975149845,0.6104479882795137,0.7446599685188213,class=981:n09835506.pkl:0;n09835506.pkl:1;n09835506.pkl:5|class=429:n02799071.pkl:3;n02799071.pkl:28;n02799071.pkl:49
resnet,972,972,+,5,3,0,0,0.07052928168357128,0.08100934626869295,0.001187072356174793,0.0005426946936891529,0.9442228070907627,0.24180100881195776,class=947:n07734744.pkl:157;n07734744.pkl:1255|class=66:n01753488.pkl:987|class=331:n02326432.pkl:482
resnet,973,973,+,2,2,1,1,0.7324876991006457,0.2659399738553291,0.4992667850470436,0.49837472438691865,0.01033674939147366,0.9982148547711589,class=350:n02417914.pkl:0;n02417914.pkl:1;n02417914.pkl:2|class=331:n02326432.pkl:1124
resnet,974,974,+,4,4,2,1,0.31351367108283457,0.3141670053655268,0.11007098067787484,0.17261654262773,0.22383915528618806,0.8648358245861714,class=999:n15075141.pkl:0;n15075141.pkl:2;n15075141.pkl:4|class=531:n03197337.pkl:42;n03197337.pkl:80;n03197337.pkl:151|class=878:n04505470.pkl:27;n04505470.pkl:153;n04505470.pkl:412
resnet,975,975,+,7,4,1,0,0.03186923617463165,0.03530755971148822,0.004522114690068532,0.007524411567996386,0.536514061320959,0.5383729993808584,class=282:n02123159.pkl:261;n02123159.pkl:329;n02123159.pkl:420|class=349:n02415577.pkl:267;n02415577.pkl:616;n02415577.pkl:981|class=386:n02504458.pkl:697;n02504458.pkl:1231
resnet,976,976,+,4,3,2,2,0.5004675599715398,0.4751510490170627,0.32119922384886784,0.40019455248364777,0.4016253458641119,0.6380908286509182,class=947:n07734744.pkl:1;n07734744.pkl:3;n07734744.pkl:6|class=996:n13052670.pkl:1;n13052670.pkl:6;n13052670.pkl:7|class=926:n07590611.pkl:146
resnet,977,977,+,8,6,4,3,0.3728634710538662,0.3563347502642535,0.12003240818159668,0.15516262580901224,0.5806556728729484,0.33387536192050316,class=436:n02814533.pkl:2;n02814533.pkl:5;n02814533.pkl:8|class=511:n03100240.pkl:1;n03100240.pkl:3;n03100240.pkl:10|class=581:n03459775.pkl:6;n03459775.pkl:8;n03459775.pkl:12
resnet,978,978,+,11,5,0,0,0.029905227066810848,0.046575181011345286,0.0019113548480276883,0.0014697361423639552,0.896948456624419,0.14466217884576685,class=624:n03661043.pkl:186;n03661043.pkl:329;n03661043.pkl:1018|class=453:n02870880.pkl:304;n02870880.pkl:318;n02870880.pkl:325|class=968:n07930864.pkl:37;n07930864.pkl:1105
resnet,979,979,+,2,2,1,1,0.5027528558367577,0.4197653039695377,0.40033422750913433,0.39950435199046214,0.01177029107204433,0.9979291918759419,class=126:n01990800.pkl:0;n01990800.pkl:1;n01990800.pkl:3|class=599:n03530642.pkl:1130
resnet,980,980,+,8,2,1,0,0.07425549956246331,0.12242244039148052,0.0038144763134451928,0.004987760986518043,0.725259603796317,0.3387230857790289,class=108:n01914609.pkl:36;n01914609.pkl:48;n01914609.pkl:96|class=998:n13133613.pkl:105;n13133613.pkl:175;n13133613.pkl:361|class=589:n03483316.pkl:6;n03483316.pkl:417;n03483316.pkl:563
resnet,981,981,+,4,3,2,1,0.14825610122821858,0.1339176889002526,0.034389621575195234,0.04425403284519243,0.4225178035019001,0.6639910217624249,class=726:n03954731.pkl:0;n03954731.pkl:1;n03954731.pkl:11|class=674:n03794056.pkl:47;n03794056.pkl:94;n03794056.pkl:147|class=482:n02979186.pkl:498
resnet,982,982,+,8,7,2,0,0.09641661371199943,0.07676166734777944,0.00973387273803967,0.011653333911747672,0.7320076791097146,0.30415918029957845,class=119:n01978455.pkl:9;n01978455.pkl:52;n01978455.pkl:124|class=62:n01744401.pkl:24;n01744401.pkl:39;n01744401.pkl:87|class=68:n01756291.pkl:259;n01756291.pkl:446;n01756291.pkl:477
resnet,983,983,+,4,4,1,1,0.373668994254997,0.3648783663048266,0.2520711402619176,0.43133453232751273,0.04407374191002402,0.9820187654709758,class=517:n03126707.pkl:0;n03126707.pkl:1;n03126707.pkl:2|class=657:n03773504.pkl:234;n03773504.pkl:345;n03773504.pkl:402|class=595:n03496892.pkl:45;n03496892.pkl:1145;n03496892.pkl:1177
resnet,984,984,+,7,3,1,0,0.03404143902753375,0.04494550427945952,0.007359659603747424,0.014292996608791207,0.37812283505207306,0.6816639643003967,class=313:n02231487.pkl:5;n02231487.pkl:101;n02231487.pkl:125|class=380:n02493509.pkl:270;n02493509.pkl:451;n02493509.pkl:1037|class=733:n03976657.pkl:885
resnet,985,985,+,9,8,3,0,0.1776094512178321,0.19957675575208886,0.010898665496462644,0.0126020300249234,0.7122374222056306,0.2596676812412342,class=764:n04090263.pkl:28;n04090263.pkl:36;n04090263.pkl:92|class=638:n03710637.pkl:113;n03710637.pkl:115;n03710637.pkl:207|class=692:n03871628.pkl:43;n03871628.pkl:104;n03871628.pkl:107
resnet,986,986,+,1,1,1,1,1.0,0.0,1.0,0.0,0.0,1.0,class=105:n01882714.pkl:0;n01882714.pkl:1;n01882714.pkl:2
resnet,987,987,+,6,2,0,0,0.04923642025625139,0.08123726324713355,0.0014753511330568667,0.0011168496742392329,0.8750806820964487,0.26217634980365856,class=356:n02441942.pkl:74;n02441942.pkl:225;n02441942.pkl:1127|class=638:n03710637.pkl:754|class=285:n02124075.pkl:683
resnet,988,988,+,6,4,2,1,0.217315959044032,0.33218146056283454,0.028944900472547233,0.0504886546649004,0.3543759232065806,0.6737650494202428,class=98:n01855032.pkl:0;n01855032.pkl:2;n01855032.pkl:6|class=876:n04493381.pkl:185;n04493381.pkl:276;n04493381.pkl:324|class=360:n02444819.pkl:20;n02444819.pkl:348;n02444819.pkl:786
resnet,989,989,+,3,2,1,1,0.27796730475275827,0.37087876256542807,0.22357923320875464,0.3137141456951958,0.03241819518478745,0.9896055585618845,class=903:n04584207.pkl:1;n04584207.pkl:2;n04584207.pkl:4|class=585:n03476991.pkl:42;n03476991.pkl:58|class=400:n02669723.pkl:1150
resnet,990,990,+,10,8,2,2,0.22973596377024919,0.23861518348300087,0.03665325676190996,0.066694568687187,0.4632475564829328,0.4310974212643482,class=507:n03075370.pkl:0;n03075370.pkl:3;n03075370.pkl:13|class=287:n02127052.pkl:7;n02127052.pkl:20;n02127052.pkl:22|class=281:n02123045.pkl:7;n02123045.pkl:164;n02123045.pkl:193
resnet,991,991,+,5,3,2,1,0.29249595218373725,0.34794251737681453,0.1075700451888884,0.19398705480171502,0.195866967683092,0.8504183605775327,class=686:n03843555.pkl:0;n03843555.pkl:1;n03843555.pkl:2|class=194:n02096437.pkl:57;n02096437.pkl:63;n02096437.pkl:94|class=592:n03492542.pkl:17;n03492542.pkl:541;n03492542.pkl:1235
resnet,992,992,+,3,3,2,2,0.5430385487528345,0.39327032618451324,0.35900793650793655,0.45429270581843895,0.23831260166380003,0.867088600558138,class=47:n01694178.pkl:0;n01694178.pkl:1;n01694178.pkl:2|class=46:n01693334.pkl:18;n01693334.pkl:28;n01693334.pkl:68|class=38:n01675722.pkl:1136
resnet,993,993,+,2,2,1,1,0.6165337143191592,0.35224130569685363,0.46690998534535216,0.4650355710998039,0.020879072777698363,0.9959935493392336,class=569:n03417042.pkl:0;n03417042.pkl:1;n03417042.pkl:2|class=595:n03496892.pkl:798;n03496892.pkl:1237
resnet,994,994,+,10,8,4,2,0.1993818456688223,0.1988541780073773,0.04839724689593679,0.0836914425929219,0.5224381087071599,0.39903415357785815,class=208:n02099712.pkl:2;n02099712.pkl:3;n02099712.pkl:12|class=345:n02403003.pkl:0;n02403003.pkl:3;n02403003.pkl:4|class=173:n02091244.pkl:5;n02091244.pkl:22;n02091244.pkl:26
resnet,995,995,+,8,5,1,0,0.06228541044137553,0.08505389732216954,0.005076557314824151,0.007074951731433082,0.6767590324901387,0.36778306394676136,class=456:n02879718.pkl:27;n02879718.pkl:37;n02879718.pkl:122|class=632:n03691459.pkl:809;n03691459.pkl:888;n03691459.pkl:1041|class=482:n02979186.pkl:255;n02979186.pkl:266;n02979186.pkl:985
resnet,996,996,+,3,3,3,3,0.86874743892829,0.0614491132798586,0.45170912135539804,0.22843773890883823,0.8677935130924317,0.41858379317452743,class=624:n03661043.pkl:3;n03661043.pkl:4;n03661043.pkl:5|class=453:n02870880.pkl:1;n02870880.pkl:8;n02870880.pkl:9|class=454:n02871525.pkl:10;n02871525.pkl:12;n02871525.pkl:16
resnet,997,997,+,9,7,1,0,0.11075020365774622,0.10977066884311742,0.006907625205275628,0.013953364837393135,0.47705345199942245,0.5644864144585696,class=950:n07747607.pkl:1;n07747607.pkl:7;n07747607.pkl:16|class=951:n07749582.pkl:441;n07749582.pkl:466;n07749582.pkl:622|class=380:n02493509.pkl:420;n02493509.pkl:724;n02493509.pkl:976
resnet,998,998,+,12,7,0,0,0.03292016091596591,0.03652183410470983,0.002675544332993209,0.0020225732101217695,0.8921883497534151,0.13095482029885927,class=349:n02415577.pkl:99;n02415577.pkl:330;n02415577.pkl:342|class=342:n02396427.pkl:95;n02396427.pkl:102;n02396427.pkl:285|class=101:n01871265.pkl:255;n01871265.pkl:320;n01871265.pkl:582
resnet,999,999,+,2,1,1,1,0.48873450263442325,0.4858484997484203,0.45028464607495583,0.44884164463195436,0.017188356876047126,0.9968004920810047,class=109:n01917289.pkl:0;n01917289.pkl:1;n01917289.pkl:3|class=638:n03710637.pkl:1091
resnet,1000,1000,+,4,3,1,1,0.2838970994532331,0.41364723563453504,0.2519034427651654,0.43146429301365097,0.04005051979717397,0.9834348181397587,class=682:n03837869.pkl:0;n03837869.pkl:1;n03837869.pkl:2|class=657:n03773504.pkl:146;n03773504.pkl:233;n03773504.pkl:704|class=733:n03976657.pkl:242;n03976657.pkl:337
resnet,1001,1001,+,2,2,1,1,0.6476081504702195,0.3516081504702194,0.5008163009404389,0.4976163009404389,0.031086700078924896,0.9936308449133855,class=391:n02536864.pkl:0;n02536864.pkl:1;n02536864.pkl:2|class=394:n02640242.pkl:261;n02640242.pkl:416;n02640242.pkl:640
resnet,1002,1002,+,8,5,2,1,0.11925604144235885,0.24158954075131628,0.015031529978577863,0.02356046516846803,0.5485819365277765,0.4320940201719613,class=922:n07565083.pkl:7;n07565083.pkl:11;n07565083.pkl:29|class=923:n07579787.pkl:102;n07579787.pkl:130;n07579787.pkl:142|class=868:n04476259.pkl:242;n04476259.pkl:272;n04476259.pkl:293
resnet,1003,1003,+,17,12,0,0,0.04892300055926262,0.09194331578849445,0.002495885997863548,0.0019976717553701413,0.9020141629534686,0.09650690924878035,class=197:n02097130.pkl:398;n02097130.pkl:476;n02097130.pkl:507|class=231:n02106030.pkl:19;n02106030.pkl:279;n02106030.pkl:416|class=386:n02504458.pkl:175;n02504458.pkl:196;n02504458.pkl:542
resnet,1004,1004,+,8,7,2,2,0.26004632486549734,0.2895410084413743,0.0897493845573846,0.19701253459828866,0.23798528806046626,0.7273303840272917,class=811:n04265275.pkl:0;n04265275.pkl:1;n04265275.pkl:5|class=782:n04152593.pkl:18;n04152593.pkl:20;n04152593.pkl:32|class=485:n02988304.pkl:168;n02988304.pkl:1171
resnet,1005,1005,+,16,9,4,1,0.032126935472872264,0.04130176529561691,0.008964718545674082,0.0146464563264622,0.6988448039630613,0.22932910542370005,class=409:n02708093.pkl:4;n02708093.pkl:11;n02708093.pkl:15|class=657:n03773504.pkl:44;n03773504.pkl:116;n03773504.pkl:169|class=468:n02930766.pkl:136;n02930766.pkl:173;n02930766.pkl:206
resnet,1006,1006,+,12,12,5,4,0.26536263971358254,0.2599820861884783,0.03337925708665882,0.039913273310260323,0.6993160000929965,0.2024849976495543,class=968:n07930864.pkl:0;n07930864.pkl:5;n07930864.pkl:21|class=659:n03775546.pkl:6;n03775546.pkl:25;n03775546.pkl:45|class=809:n04263257.pkl:14;n04263257.pkl:24;n04263257.pkl:29
resnet,1007,1007,+,1,1,1,1,1.0,0.0,1.0,0.0,0.0,1.0,class=145:n02056570.pkl:0;n02056570.pkl:1;n02056570.pkl:2
resnet,1008,1008,+,5,4,2,1,0.3047899458958375,0.371749796486421,0.2054419354649221,0.3973500234041962,0.08819701315564196,0.948166547342007,class=32:n01644900.pkl:0;n01644900.pkl:2;n01644900.pkl:3|class=26:n01630670.pkl:15;n01630670.pkl:84;n01630670.pkl:118|class=68:n01756291.pkl:477;n01756291.pkl:1035
resnet,1009,1009,+,5,4,1,1,0.23912828229061164,0.3283597280686011,0.16171274779523648,0.3202862842562097,0.034702778197248756,0.9845455521681882,class=54:n01729322.pkl:0;n01729322.pkl:1;n01729322.pkl:2|class=60:n01740131.pkl:321;n01740131.pkl:1088|class=599:n03530642.pkl:498;n03530642.pkl:635
resnet,1010,1010,+,2,2,2,1,0.44705315035525,0.07439899485927143,0.24205664534281848,0.22328988931064692,0.2366018199995061,0.9254750528947577,class=778:n04141975.pkl:0;n04141975.pkl:6;n04141975.pkl:7|class=426:n02794156.pkl:87;n02794156.pkl:119;n02794156.pkl:155
resnet,1011,1011,+,1,1,1,1,1.0,0.0,1.0,0.0,0.0,1.0,class=552:n03325584.pkl:0;n03325584.pkl:1;n03325584.pkl:2
resnet,1012,1012,+,9,4,2,0,0.07672454057962096,0.13365187922030208,0.008893220788645146,0.014416298055906693,0.5389976436985577,0.40308690434860694,class=46:n01693334.pkl:71;n01693334.pkl:130;n01693334.pkl:207|class=55:n01729977.pkl:69;n01729977.pkl:123;n01729977.pkl:151|class=43:n01688243.pkl:42;n01688243.pkl:490;n01688243.pkl:605
resnet,1013,1013,+,2,2,2,2,0.9744200957483187,0.02477345263877806,0.5530420038755272,0.4461515445115696,0.4582488727247376,0.8254007660002105,class=122:n01983481.pkl:0;n01983481.pkl:1;n01983481.pkl:2|class=124:n01985128.pkl:0;n01985128.pkl:3;n01985128.pkl:9
resnet,1014,1014,+,11,8,3,1,0.19281979137753844,0.2756193698269914,0.08450571193751123,0.24962011266795187,0.14164208145774299,0.8841303309398212,class=536:n03216828.pkl:0;n03216828.pkl:1;n03216828.pkl:2|class=914:n04612504.pkl:12;n04612504.pkl:15;n04612504.pkl:149|class=978:n09428293.pkl:57;n09428293.pkl:95;n09428293.pkl:215
resnet,1015,1015,+,4,3,1,1,0.1569832778148883,0.23268468925034524,0.07788212457665242,0.13134989330187535,0.08180893782813507,0.9610888628886161,class=773:n04131690.pkl:9;n04131690.pkl:13;n04131690.pkl:23|class=782:n04152593.pkl:352;n04152593.pkl:511;n04152593.pkl:778|class=631:n03690938.pkl:506
resnet,1016,1016,+,1,1,1,1,0.9984520123839009,0.0,0.9976780185758514,0.0,0.0,1.0,class=89:n01819313.pkl:0;n01819313.pkl:1;n01819313.pkl:2
resnet,1017,1017,+,10,8,1,1,0.2893264622470449,0.35261776482552903,0.03824921882227041,0.10477577955178742,0.18160538382375327,0.8503720722237611,class=278:n02119789.pkl:6;n02119789.pkl:12;n02119789.pkl:13|class=248:n02109961.pkl:36;n02109961.pkl:132;n02109961.pkl:483|class=384:n02500267.pkl:51;n02500267.pkl:135;n02500267.pkl:243
resnet,1018,1018,+,2,1,1,1,0.5028259683578833,0.49462084015275504,0.496683033278778,0.495657392253137,0.011730750018736436,0.9979371510754793,class=831:n04344873.pkl:0;n04344873.pkl:1;n04344873.pkl:2|class=911:n04599235.pkl:554
resnet,1019,1019,+,2,2,1,1,0.23504286479728523,0.2095025897481693,0.15640025004465083,0.155417931773531,0.03063541772759732,0.9937389268888086,class=891:n04542943.pkl:0;n04542943.pkl:2;n04542943.pkl:12|class=551:n03314780.pkl:225
resnet,1020,1020,+,5,3,1,1,0.250318443198876,0.3723380165146174,0.1841606274193002,0.3640055242775184,0.03996827515220988,0.9813621564313196,class=922:n07565083.pkl:0;n07565083.pkl:1;n07565083.pkl:2|class=782:n04152593.pkl:164;n04152593.pkl:335;n04152593.pkl:511|class=916:n06359193.pkl:438;n06359193.pkl:852;n06359193.pkl:1138
resnet,1021,1021,+,4,3,2,1,0.2623343281426526,0.2630620598956713,0.02453067370090075,0.026678208863740383,0.527696974119054,0.5456884726521392,class=852:n04409515.pkl:6;n04409515.pkl:20;n04409515.pkl:88|class=752:n04039381.pkl:152;n04039381.pkl:173;n04039381.pkl:181|class=638:n03710637.pkl:316
resnet,1022,1022,+,4,2,1,1,0.3037855014852016,0.39075699585717955,0.20725229714362353,0.3541222538560302,0.04607514680640589,0.9798737462794777,class=557:n03355925.pkl:0;n03355925.pkl:1;n03355925.pkl:3|class=733:n03976657.pkl:144;n03976657.pkl:337;n03976657.pkl:345|class=657:n03773504.pkl:1008
resnet,1023,1023,+,1,1,1,1,0.7660098522167488,0.0,0.5525451559934319,0.0,0.0,1.0,class=722:n03942813.pkl:0;n03942813.pkl:1;n03942813.pkl:2
resnet,1024,1024,+,2,2,1,1,0.5051351735127758,0.49407989713086625,0.5006125604474492,0.4986025101961929,0.02088208528217731,0.9959928794210591,class=398:n02666196.pkl:0;n02666196.pkl:1;n02666196.pkl:3|class=878:n04505470.pkl:141;n04505470.pkl:1007
resnet,1025,1025,+,11,8,1,0,0.15197107304327104,0.28252163789708723,0.005883026262841787,0.012029651908035241,0.5370705408008661,0.4710213373752661,class=874:n04487081.pkl:7;n04487081.pkl:20;n04487081.pkl:38|class=754:n04041544.pkl:131;n04041544.pkl:227;n04041544.pkl:335|class=482:n02979186.pkl:309;n02979186.pkl:588;n02979186.pkl:813
resnet,1026,1026,+,4,4,1,1,0.25153718916566975,0.3689944124073872,0.18508646129222256,0.3185045023624736,0.025821117078991946,0.9903240468566642,class=769:n04118776.pkl:0;n04118776.pkl:1;n04118776.pkl:2|class=767:n04116512.pkl:461;n04116512.pkl:521|class=878:n04505470.pkl:881
resnet,1027,1027,+,10,9,3,2,0.16377952012318342,0.2664337809576282,0.016823987310199278,0.02537929560233167,0.5778863271099098,0.3275627975380297,class=5:n01496331.pkl:33;n01496331.pkl:67;n01496331.pkl:96|class=2:n01484850.pkl:22;n01484850.pkl:36;n01484850.pkl:66|class=4:n01494475.pkl:48;n01494475.pkl:77;n01494475.pkl:116
resnet,1028,1028,+,12,9,3,2,0.17769320205955552,0.21767464653722,0.029708946156798356,0.05561266259661951,0.49948128885754584,0.375339240833825,class=526:n03179701.pkl:2;n03179701.pkl:7;n03179701.pkl:23|class=624:n03661043.pkl:14;n03661043.pkl:27;n03661043.pkl:31|class=788:n04200800.pkl:9;n04200800.pkl:19;n04200800.pkl:25
resnet,1029,1029,+,6,3,2,2,0.2705589531019063,0.38692188515419934,0.10112305585858711,0.19895224645398396,0.20532144979478853,0.8117949373811565,class=479:n02974003.pkl:0;n02974003.pkl:2;n02974003.pkl:4|class=535:n03208938.pkl:76;n03208938.pkl:82;n03208938.pkl:110|class=771:n04125021.pkl:846
resnet,1030,1030,+,3,3,2,1,0.5810713201262434,0.3748347131176864,0.3418216337409558,0.4654756545687986,0.1133403875752385,0.9514544732081517,class=337:n02363005.pkl:0;n02363005.pkl:1;n02363005.pkl:3|class=357:n02442845.pkl:25;n02442845.pkl:37;n02442845.pkl:67|class=356:n02441942.pkl:157;n02441942.pkl:954
resnet,1031,1031,+,1,1,1,1,1.0,0.0,0.9975629569455727,0.0,0.0,1.0,class=674:n03794056.pkl:0;n03794056.pkl:1;n03794056.pkl:2
resnet,1032,1032,+,5,5,3,1,0.5866983223898796,0.3217159019506669,0.21253013049884323,0.3938710131601762,0.1788187856979013,0.8869055387721421,class=52:n01728572.pkl:0;n01728572.pkl:1;n01728572.pkl:2|class=26:n01630670.pkl:36;n01630670.pkl:43;n01630670.pkl:59|class=60:n01740131.pkl:102;n01740131.pkl:120;n01740131.pkl:175
resnet,1033,1033,+,5,3,1,1,0.23779430671100005,0.3687379885572825,0.10856017270690355,0.2107881191551605,0.08059192416290652,0.95401711175761,class=666:n03786901.pkl:0;n03786901.pkl:4;n03786901.pkl:6|class=659:n03775546.pkl:17;n03775546.pkl:137;n03775546.pkl:362|class=987:n12144580.pkl:1057
resnet,1034,1034,+,3,3,2,1,0.35650581034722967,0.3485419003978385,0.25549595947521114,0.3535121587133856,0.07221390712250862,0.9714783520622704,class=408:n02704792.pkl:0;n02704792.pkl:1;n02704792.pkl:2|class=744:n04008634.pkl:185;n04008634.pkl:555;n04008634.pkl:670|class=847:n04389033.pkl:878
resnet,1035,1035,+,6,3,0,0,0.09210835544417033,0.12266184382978805,0.0025324057013183135,0.0023534671168059054,0.7871014566536865,0.3106122863449291,class=494:n03017168.pkl:227;n03017168.pkl:284;n03017168.pkl:468|class=134:n02012849.pkl:135;n02012849.pkl:151;n02012849.pkl:302|class=345:n02403003.pkl:120
resnet,1036,1036,+,3,3,1,1,0.13611707385357716,0.1195312972542531,0.08724035547843419,0.11841543005567824,0.12415605810321031,0.9474635770547593,class=842:n04371430.pkl:0;n04371430.pkl:2;n04371430.pkl:3|class=638:n03710637.pkl:29;n03710637.pkl:783;n03710637.pkl:1158|class=841:n04370456.pkl:480
resnet,1037,1037,+,3,3,1,1,0.4157626812590267,0.4218399456892753,0.33453574283939896,0.47055467774657495,0.023663239198882725,0.992831941744689,class=425:n02793495.pkl:0;n02793495.pkl:1;n02793495.pkl:2|class=449:n02859443.pkl:653;n02859443.pkl:1149;n02859443.pkl:1174|class=345:n02403003.pkl:739
resnet,1038,1038,+,9,7,1,1,0.15340377290200358,0.239502050268884,0.03678885758499972,0.09854021661101582,0.12718133829181866,0.9082828838118571,class=717:n03930630.pkl:6;n03930630.pkl:9;n03930630.pkl:11|class=479:n02974003.pkl:248;n02974003.pkl:349;n02974003.pkl:442|class=864:n04461696.pkl:320;n04461696.pkl:611;n04461696.pkl:862
resnet,1039,1039,+,5,2,2,2,0.25156626121990305,0.31757652111494705,0.14912594649956432,0.19556620590879725,0.4168104711409896,0.5439625737453239,class=850:n04399382.pkl:0;n04399382.pkl:1;n04399382.pkl:3|class=865:n04462240.pkl:4;n04462240.pkl:12;n04462240.pkl:16|class=358:n02443114.pkl:59
resnet,1040,1040,+,6,5,3,1,0.2964630467868949,0.28984470767528214,0.05399911734950801,0.09866131529193119,0.31912190930589013,0.7230437446608458,class=786:n04179913.pkl:4;n04179913.pkl:11;n04179913.pkl:24|class=866:n04465501.pkl:26;n04465501.pkl:83;n04465501.pkl:125|class=482:n02979186.pkl:155;n02979186.pkl:255;n02979186.pkl:290
resnet,1041,1041,+,8,7,1,1,0.2247279807659086,0.3246683801781675,0.12633827942158615,0.33021670466232556,0.03612547784243568,0.9789612715504138,class=367:n02481823.pkl:0;n02481823.pkl:1;n02481823.pkl:2|class=366:n02480855.pkl:146;n02480855.pkl:167;n02480855.pkl:432|class=345:n02403003.pkl:999
resnet,1042,1042,+,4,4,2,2,0.46224134226718555,0.4342229589678975,0.2838563135436246,0.41655666809588915,0.27222226049497705,0.788382672484739,class=483:n02980441.pkl:0;n02980441.pkl:1;n02980441.pkl:2|class=698:n03877845.pkl:0;n03877845.pkl:10;n03877845.pkl:15|class=663:n03781244.pkl:1079
resnet,1043,1043,+,12,7,1,0,0.0640570992581456,0.13515109334761302,0.005762765869537644,0.01055466301185055,0.6196424476864104,0.36287435412955027,class=738:n03991062.pkl:39;n03991062.pkl:137;n03991062.pkl:168|class=201:n02097658.pkl:38;n02097658.pkl:107;n02097658.pkl:313|class=356:n02441942.pkl:183;n02441942.pkl:924;n02441942.pkl:937
resnet,1044,1044,+,3,3,2,1,0.40368220305642705,0.4259348752326528,0.3399520031404881,0.46451987617699225,0.10567651236679845,0.9557083334339674,class=50:n01698640.pkl:0;n01698640.pkl:1;n01698640.pkl:2|class=49:n01697457.pkl:4;n01697457.pkl:49;n01697457.pkl:66|class=34:n01665541.pkl:595;n01665541.pkl:928;n01665541.pkl:986
resnet,1045,1045,+,9,9,3,2,0.24214281202301935,0.3512822471924284,0.10091446884856804,0.23142345473167217,0.2859104166394951,0.6954507639914508,class=35:n01667114.pkl:2;n01667114.pkl:3;n01667114.pkl:4|class=656:n03770679.pkl:7;n03770679.pkl:17;n03770679.pkl:18|class=479:n02974003.pkl:27;n02974003.pkl:60;n02974003.pkl:178
resnet,1046,1046,+,6,4,2,1,0.28888066955965974,0.40347545999213547,0.17194437482940383,0.36302135240280486,0.11734355340688328,0.9095782768376466,class=878:n04505470.pkl:0;n04505470.pkl:1;n04505470.pkl:2|class=810:n04264628.pkl:9;n04264628.pkl:10;n04264628.pkl:27|class=996:n13052670.pkl:61;n13052670.pkl:536
resnet,1047,1047,+,4,3,2,2,0.5608564061319946,0.3986376037048188,0.34394190199740005,0.3514476658536484,0.5149027635604791,0.5110304415929454,class=348:n02412080.pkl:0;n02412080.pkl:1;n02412080.pkl:2|class=349:n02415577.pkl:2;n02415577.pkl:3;n02415577.pkl:7|class=345:n02403003.pkl:39;n02403003.pkl:295;n02403003.pkl:682
resnet,1048,1048,+,5,3,1,1,0.05488075191712875,0.09591380094481425,0.03282903152074474,0.0636688974713052,0.09130944758615567,0.9522609405727241,class=839:n04366367.pkl:3;n04366367.pkl:4;n04366367.pkl:9|class=638:n03710637.pkl:217|class=134:n02012849.pkl:135
resnet,1049,1049,+,5,5,0,0,0.11797626643152984,0.12414674816859028,0.003342929447973214,0.0018677819781676406,0.9053560988923047,0.2624349739811535,class=896:n04553703.pkl:140;n04553703.pkl:183;n04553703.pkl:320|class=808:n04259630.pkl:3;n04259630.pkl:253;n04259630.pkl:1009|class=947:n07734744.pkl:296;n07734744.pkl:1262
resnet,1050,1050,+,11,8,3,2,0.1242379475572965,0.2273562125789226,0.02674255099131218,0.053914327266747115,0.4519676409263684,0.4604053372085206,class=156:n02086646.pkl:2;n02086646.pkl:7;n02086646.pkl:16|class=380:n02493509.pkl:29;n02493509.pkl:42;n02493509.pkl:45|class=524:n03146219.pkl:54;n03146219.pkl:127;n03146219.pkl:198
resnet,1051,1051,+,5,1,0,0,0.0062056130025040426,0.007044724972796623,0.0012270743115226415,0.00035789236300247043,0.9741937405109043,0.2170134789957609,class=774:n04133789.pkl:847;n04133789.pkl:859|class=502:n03047690.pkl:617;n03047690.pkl:728|class=618:n03633091.pkl:143
resnet,1052,1052,+,5,2,1,1,0.20339638182945716,0.3954445019732641,0.1885423122071433,0.3733652870255667,0.034482511746416825,0.9842963855285951,class=599:n03530642.pkl:0;n03530642.pkl:1;n03530642.pkl:2|class=998:n13133613.pkl:494;n13133613.pkl:651;n13133613.pkl:758|class=422:n02790996.pkl:726;n02790996.pkl:830
resnet,1053,1053,+,3,2,2,2,0.6483311398375219,0.45811569637686805,0.3712649451597074,0.414119478151462,0.3856271502651801,0.7480602006761786,class=381:n02493793.pkl:0;n02493793.pkl:1;n02493793.pkl:2|class=374:n02488291.pkl:10;n02488291.pkl:14;n02488291.pkl:29|class=238:n02107574.pkl:971
resnet,1054,1054,+,8,7,0,0,0.16780811562606876,0.1329571965190221,0.003620392193087401,0.0031488551223428692,0.8330287913006664,0.21955927468390354,class=400:n02669723.pkl:732;n02669723.pkl:779;n02669723.pkl:822|class=652:n03763968.pkl:61;n03763968.pkl:76;n03763968.pkl:89|class=429:n02799071.pkl:163;n02799071.pkl:388;n02799071.pkl:638
resnet,1055,1055,+,2,2,1,1,0.5118776772542258,0.4723742912497112,0.48481630258971575,0.4836876344181582,0.013023629198264042,0.9976746772388425,class=988:n12267677.pkl:0;n12267677.pkl:1;n12267677.pkl:2|class=947:n07734744.pkl:792
resnet,1056,1056,+,6,6,5,3,0.4890179104585172,0.337464082056043,0.26694937766941235,0.3417530155723699,0.5652072587375173,0.4398257426380333,class=168:n02090379.pkl:0;n02090379.pkl:1;n02090379.pkl:4|class=211:n02100583.pkl:0;n02100583.pkl:2;n02100583.pkl:4|class=159:n02087394.pkl:5;n02087394.pkl:51;n02087394.pkl:57
resnet,1057,1057,+,9,6,2,2,0.23284624349041083,0.29976354349037154,0.06205749631241623,0.1164659666713236,0.35481387258912994,0.5024626641926706,class=567:n03400231.pkl:0;n03400231.pkl:2;n03400231.pkl:4|class=926:n07590611.pkl:2;n07590611.pkl:15;n07590611.pkl:18|class=618:n03633091.pkl:109;n03633091.pkl:182;n03633091.pkl:246
resnet,1058,1058,+,9,6,3,3,0.19699478807177273,0.21343438663492112,0.055393085210493805,0.10956793836037357,0.4132958850699009,0.5458348551317987,class=842:n04371430.pkl:1;n04371430.pkl:8;n04371430.pkl:11|class=529:n03188531.pkl:5;n03188531.pkl:31;n03188531.pkl:62|class=876:n04493381.pkl:23;n04493381.pkl:61;n04493381.pkl:75
resnet,1059,1059,+,8,7,4,1,0.42277826896796267,0.3703277423485955,0.12265204523547071,0.28327370114989264,0.24864926652148545,0.7917652198212186,class=67:n01755581.pkl:0;n01755581.pkl:1;n01755581.pkl:2|class=281:n02123045.pkl:81;n02123045.pkl:122;n02123045.pkl:189|class=201:n02097658.pkl:5;n02097658.pkl:24;n02097658.pkl:66
resnet,1060,1060,+,1,1,1,1,0.9976133651551312,0.0,0.9705648369132857,0.0,0.0,1.0,class=366:n02480855.pkl:0;n02480855.pkl:1;n02480855.pkl:2
resnet,1061,1061,+,12,10,3,0,0.05663140606935291,0.06764797996680535,0.005381776065057994,0.005149995002570288,0.8171157440414909,0.15964327532785966,class=185:n02094114.pkl:515;n02094114.pkl:537;n02094114.pkl:701|class=248:n02109961.pkl:186;n02109961.pkl:213;n02109961.pkl:279|class=238:n02107574.pkl:35;n02107574.pkl:512;n02107574.pkl:679
resnet,1062,1062,+,11,8,4,0,0.2535855495793655,0.2648469184839181,0.01093131773565225,0.014714925074267082,0.6792139978401097,0.25564124945014377,class=248:n02109961.pkl:25;n02109961.pkl:36;n02109961.pkl:131|class=202:n02098105.pkl:11;n02098105.pkl:32;n02098105.pkl:90|class=273:n02115641.pkl:1;n02115641.pkl:15;n02115641.pkl:83
resnet,1063,1063,+,16,9,3,1,0.13030947054405595,0.19419078359655756,0.00845713632418695,0.019397381261538418,0.5373142642724521,0.39129072590780833,class=923:n07579787.pkl:20;n07579787.pkl:30;n07579787.pkl:41|class=659:n03775546.pkl:106;n03775546.pkl:111;n03775546.pkl:137|class=928:n07614500.pkl:19;n07614500.pkl:252;n07614500.pkl:358
resnet,1064,1064,+,2,2,1,1,0.37149915397631134,0.36050084602368865,0.19324602368866328,0.19155397631133672,0.040605845737393675,0.9912824097149691,class=843:n04371774.pkl:1;n04371774.pkl:3;n04371774.pkl:4|class=462:n02906734.pkl:1175;n02906734.pkl:1190
resnet,1065,1065,+,17,11,4,0,0.03556584251891704,0.03280383351328745,0.0073336720739722696,0.009321947082095983,0.7752621718429347,0.15386679986913526,class=203:n02098286.pkl:34;n02098286.pkl:39;n02098286.pkl:84|class=212:n02100735.pkl:62;n02100735.pkl:64;n02100735.pkl:93|class=238:n02107574.pkl:12;n02107574.pkl:135;n02107574.pkl:144
resnet,1066,1066,+,10,6,4,2,0.23514176697074368,0.31172998799462504,0.08911937812370611,0.20854602206744224,0.307973926065466,0.6475950654013188,class=896:n04553703.pkl:1;n04553703.pkl:2;n04553703.pkl:3|class=804:n04254120.pkl:0;n04254120.pkl:8;n04254120.pkl:28|class=876:n04493381.pkl:61;n04493381.pkl:76;n04493381.pkl:142
resnet,1067,1067,+,4,4,1,1,0.20043369806447855,0.24601555911266704,0.12787093284076523,0.21642489516289815,0.07555617333668903,0.9661611755963483,class=355:n02437616.pkl:2;n02437616.pkl:3;n02437616.pkl:4|class=353:n02423022.pkl:826;n02423022.pkl:853;n02423022.pkl:994|class=345:n02403003.pkl:787;n02403003.pkl:886;n02403003.pkl:899
resnet,1068,1068,+,13,9,5,2,0.17839646321977198,0.26082354464869134,0.01703431852455384,0.025580860579393083,0.6583560360543329,0.25039828673577735,class=231:n02106030.pkl:6;n02106030.pkl:7;n02106030.pkl:35|class=230:n02105855.pkl:19;n02105855.pkl:24;n02105855.pkl:50|class=232:n02106166.pkl:17;n02106166.pkl:24;n02106166.pkl:29
resnet,1069,1069,+,4,3,2,1,0.3346999444392968,0.28838837654538435,0.15038114371581995,0.2515145198739087,0.10226658719599573,0.9493255013076531,class=688:n03857828.pkl:0;n03857828.pkl:1;n03857828.pkl:3|class=754:n04041544.pkl:109;n04041544.pkl:158;n04041544.pkl:395|class=848:n04392985.pkl:135;n04392985.pkl:292;n04392985.pkl:920
resnet,1070,1070,+,4,4,2,1,0.3368347077443936,0.39105679631439066,0.25627011173477143,0.42944403409727366,0.09459190245309457,0.9520325354793039,class=668:n03788195.pkl:0;n03788195.pkl:1;n03788195.pkl:2|class=698:n03877845.pkl:0;n03877845.pkl:10;n03877845.pkl:19|class=538:n03220513.pkl:93;n03220513.pkl:99;n03220513.pkl:217
resnet,1071,1071,+,1,1,1,1,0.8444666001994018,0.0,0.6729810568295115,0.0,0.0,1.0,class=494:n03017168.pkl:1;n03017168.pkl:3;n03017168.pkl:5
resnet,1072,1072,+,12,10,6,3,0.3029897407498634,0.296079323091461,0.052188315097175496,0.08480386723665011,0.5965133038691587,0.3033742863020647,class=227:n02105412.pkl:3;n02105412.pkl:4;n02105412.pkl:9|class=264:n02113186.pkl:0;n02113186.pkl:7;n02113186.pkl:25|class=173:n02091244.pkl:12;n02091244.pkl:33;n02091244.pkl:39
resnet,1073,1073,+,10,8,1,1,0.13418503083907396,0.13971984087684303,0.01662981012697729,0.04449308430886853,0.22511894283659256,0.8158309038916475,class=638:n03710637.pkl:36;n03710637.pkl:74;n03710637.pkl:79|class=892:n04548280.pkl:227;n04548280.pkl:476;n04548280.pkl:1088|class=549:n03291819.pkl:452;n03291819.pkl:609;n03291819.pkl:699
resnet,1074,1074,+,1,1,1,1,0.9992144540455616,0.0,0.9984289080911233,0.0,0.0,1.0,class=361:n02445715.pkl:0;n02445715.pkl:1;n02445715.pkl:2
resnet,1075,1075,+,2,1,1,1,0.5005313496280552,0.49946865037194477,0.5005313496280552,0.49946865037194477,0.012018590507097618,0.9978791116159773,class=643:n03724870.pkl:0;n03724870.pkl:1;n03724870.pkl:2|class=345:n02403003.pkl:899
resnet,1076,1076,+,6,5,3,0,0.12108172657687478,0.11267321287331551,0.010794511388915058,0.006163789484766644,0.8859080000511019,0.22100901063598377,class=235:n02106662.pkl:59;n02106662.pkl:103;n02106662.pkl:120|class=231:n02106030.pkl:7;n02106030.pkl:93;n02106030.pkl:232|class=260:n02112137.pkl:54;n02112137.pkl:188;n02112137.pkl:229
resnet,1077,1077,+,5,3,3,2,0.2824474413520999,0.3632404868787447,0.12159686643465498,0.17178061394781718,0.42488357338748245,0.599147607380029,class=689:n03866082.pkl:2;n03866082.pkl:9;n03866082.pkl:13|class=389:n02514041.pkl:7;n02514041.pkl:9;n02514041.pkl:12|class=423:n02791124.pkl:37;n02791124.pkl:76;n02791124.pkl:184
resnet,1078,1078,+,1,1,1,1,0.9976452119309263,0.0,0.9968602825745683,0.0,0.0,1.0,class=138:n02018795.pkl:0;n02018795.pkl:1;n02018795.pkl:2
resnet,1079,1079,+,3,3,2,2,0.641130589522571,0.4205564022250269,0.432033568019991,0.3310485000269235,0.6084426930385471,0.5290496394959172,class=235:n02106662.pkl:0;n02106662.pkl:1;n02106662.pkl:3|class=627:n03670208.pkl:1;n03670208.pkl:2;n03670208.pkl:3|class=656:n03770679.pkl:810
resnet,1080,1080,+,3,3,1,1,0.35000889737938956,0.4550106749232612,0.3237164264742374,0.45450437777123365,0.029822249966709645,0.9904241710706922,class=731:n03970156.pkl:0;n03970156.pkl:1;n03970156.pkl:3|class=899:n04560804.pkl:60;n04560804.pkl:1085;n04560804.pkl:1225|class=422:n02790996.pkl:518
resnet,1081,1081,+,6,4,2,2,0.3341594699778647,0.3357016217794664,0.18209339298131896,0.36680981402226304,0.19032075077825503,0.8429711501266213,class=901:n04579145.pkl:0;n04579145.pkl:1;n04579145.pkl:2|class=899:n04560804.pkl:6;n04560804.pkl:60;n04560804.pkl:73|class=725:n03950228.pkl:50;n03950228.pkl:227;n03950228.pkl:256
resnet,1082,1082,+,5,5,5,3,0.6295779627352206,0.2670889784458257,0.19462795888576906,0.19632561769432683,0.6899575087106196,0.4035042504776504,class=665:n03785016.pkl:1;n03785016.pkl:6;n03785016.pkl:7|class=870:n04482393.pkl:3;n04482393.pkl:6;n04482393.pkl:10|class=444:n02835271.pkl:9;n02835271.pkl:18;n02835271.pkl:30
resnet,1083,1083,+,10,8,2,1,0.1320195385983633,0.19144794526039058,0.009498036317083593,0.016971392204614032,0.4951385745684117,0.41927674584679436,class=689:n03866082.pkl:4;n03866082.pkl:20;n03866082.pkl:56|class=550:n03297495.pkl:16;n03297495.pkl:64;n03297495.pkl:108|class=744:n04008634.pkl:844;n04008634.pkl:963
resnet,1084,1084,+,2,1,1,1,0.4955586635971318,0.48802097515492077,0.38302968042181346,0.3805171176077431,0.03178991627090079,0.9934618070007957,class=593:n03494278.pkl:0;n03494278.pkl:1;n03494278.pkl:2|class=623:n03658185.pkl:163;n03658185.pkl:513
resnet,1085,1085,+,1,1,1,1,1.0,0.0,1.0,0.0,0.0,1.0,class=986:n12057211.pkl:0;n12057211.pkl:1;n12057211.pkl:2
resnet,1086,1086,+,9,3,1,1,0.1340777797024383,0.20798892613043787,0.042168370136457724,0.11246271675830237,0.13048582459462668,0.9014275237028491,class=858:n04435653.pkl:3;n04435653.pkl:8;n04435653.pkl:9|class=524:n03146219.pkl:81;n03146219.pkl:198;n03146219.pkl:413|class=764:n04090263.pkl:334;n04090263.pkl:569;n04090263.pkl:1212
resnet,1087,1087,+,1,1,1,1,1.0,0.0,1.0,0.0,0.0,1.0,class=24:n01622779.pkl:0;n01622779.pkl:1;n01622779.pkl:2
resnet,1088,1088,+,10,1,1,0,0.003980353583042245,0.003194383863590859,0.0023185341974711585,0.0034348466252186825,0.7266845657120501,0.31947632875289333,class=280:n02120505.pkl:235;n02120505.pkl:243;n02120505.pkl:286|class=278:n02119789.pkl:463;n02119789.pkl:697|class=165:n02089078.pkl:585
resnet,1089,1089,+,5,3,1,1,0.2073199558325094,0.387764052476584,0.15715815307368,0.3105664647080399,0.04096051538711907,0.9810256189629909,class=581:n03459775.pkl:0;n03459775.pkl:1;n03459775.pkl:3|class=409:n02708093.pkl:184;n02708093.pkl:793;n02708093.pkl:1211|class=904:n04589890.pkl:367;n04589890.pkl:1204;n04589890.pkl:1213
resnet,1090,1090,+,2,2,2,1,0.3081742355451853,0.15489630387390185,0.1819821994383206,0.1690551449600196,0.22134765599573028,0.9314882462525271,class=637:n03710193.pkl:1;n03710193.pkl:2;n03710193.pkl:5|class=656:n03770679.pkl:33;n03770679.pkl:58;n03770679.pkl:106
resnet,1091,1091,+,1,1,1,1,1.0,0.0,1.0,0.0,0.0,1.0,class=328:n02319095.pkl:0;n02319095.pkl:1;n02319095.pkl:2
resnet,1092,1092,+,7,4,1,1,0.06896229581655003,0.1330914698810725,0.017549952760947743,0.03837529727654575,0.2201350677071425,0.8259088198422257,class=608:n03594734.pkl:0;n03594734.pkl:4;n03594734.pkl:7|class=515:n03124170.pkl:95;n03124170.pkl:395;n03124170.pkl:416|class=731:n03970156.pkl:83
resnet,1093,1093,+,3,3,2,2,0.6313942896478432,0.43006652828877545,0.44800699612832157,0.37879761096450365,0.5803507338406795,0.5716330992722797,class=388:n02510455.pkl:0;n02510455.pkl:1;n02510455.pkl:2|class=627:n03670208.pkl:0;n03670208.pkl:6;n03670208.pkl:7|class=479:n02974003.pkl:349;n02974003.pkl:405;n02974003.pkl:548
resnet,1094,1094,+,2,2,1,1,0.36854313061520094,0.33358452895926716,0.1320596663919101,0.13113970319043816,0.033457520250833366,0.9930579951410636,class=403:n02687172.pkl:0;n02687172.pkl:2;n02687172.pkl:10|class=908:n04592741.pkl:1175
resnet,1095,1095,+,4,4,3,3,0.7191217996637165,0.4064031124373642,0.3057739735779286,0.3751797866069596,0.4995397306369759,0.6263724609700981,class=101:n01871265.pkl:0;n01871265.pkl:2;n01871265.pkl:3|class=342:n02396427.pkl:2;n02396427.pkl:24;n02396427.pkl:25|class=386:n02504458.pkl:2;n02504458.pkl:22;n02504458.pkl:25
resnet,1096,1096,+,4,3,2,1,0.47526611109989947,0.4211000857241623,0.06135634501879201,0.08695382706115984,0.35729567715823984,0.75210951252384,class=143:n02037110.pkl:2;n02037110.pkl:4;n02037110.pkl:6|class=137:n02018207.pkl:79;n02018207.pkl:117;n02018207.pkl:134|class=80:n01795545.pkl:32;n01795545.pkl:42;n01795545.pkl:274
resnet,1097,1097,+,9,6,3,2,0.18461887999339174,0.20998372755127365,0.050649824019490294,0.09821268365724836,0.40831028818815907,0.5288806450046086,class=767:n04116512.pkl:3;n04116512.pkl:5;n04116512.pkl:7|class=710:n03908714.pkl:7;n03908714.pkl:10;n03908714.pkl:11|class=709:n03908618.pkl:0;n03908618.pkl:45;n03908618.pkl:68
resnet,1098,1098,+,7,3,0,0,0.10247958471040601,0.1429185407897722,0.0017037228514143513,0.0010654360091509431,0.9115002578207256,0.19872458715107633,class=848:n04392985.pkl:135;n04392985.pkl:490;n04392985.pkl:1064|class=441:n02823750.pkl:301;n02823750.pkl:399;n02823750.pkl:870|class=488:n02999410.pkl:851;n02999410.pkl:941
resnet,1099,1099,+,3,2,2,1,0.4358963604316151,0.4179897725026195,0.33802231309908404,0.46811631606268156,0.06938503525693122,0.9726198781444855,class=81:n01796340.pkl:0;n01796340.pkl:1;n01796340.pkl:2|class=82:n01797886.pkl:275;n01797886.pkl:464;n01797886.pkl:549|class=599:n03530642.pkl:1189
resnet,1100,1100,+,3,3,3,2,0.7209185708031088,0.38049536022205555,0.4353564729027198,0.39573486215431025,0.5713222615750032,0.6087545264930191,class=177:n02092002.pkl:0;n02092002.pkl:1;n02092002.pkl:2|class=170:n02090721.pkl:7;n02090721.pkl:8;n02090721.pkl:9|class=367:n02481823.pkl:7;n02481823.pkl:130;n02481823.pkl:182
resnet,1101,1101,+,15,13,4,0,0.1966550837754055,0.19295162543788702,0.00701439285277981,0.010041546380553767,0.720807990495787,0.20329153826845542,class=996:n13052670.pkl:61;n13052670.pkl:63;n13052670.pkl:193|class=595:n03496892.pkl:45;n03496892.pkl:51;n03496892.pkl:80|class=689:n03866082.pkl:63;n03866082.pkl:169;n03866082.pkl:248
resnet,1102,1102,+,7,5,3,1,0.03437053038763518,0.02478843950864372,0.014393908476827155,0.01669029891415359,0.696444072818611,0.3349329715608693,class=203:n02098286.pkl:8;n02098286.pkl:22;n02098286.pkl:23|class=5:n01496331.pkl:96;n01496331.pkl:332;n01496331.pkl:369|class=148:n02071294.pkl:27;n02071294.pkl:50;n02071294.pkl:124
resnet,1103,1103,+,9,3,1,0,0.016452033217041143,0.03156264650074527,0.006267656990169382,0.013867975878018152,0.39391655652653806,0.6550789255297172,class=2:n01484850.pkl:27;n01484850.pkl:42;n01484850.pkl:149|class=912:n04604644.pkl:524;n04604644.pkl:876;n04604644.pkl:1140|class=694:n03874293.pkl:506;n03874293.pkl:537
resnet,1104,1104,+,2,1,1,1,0.5016363399304091,0.4951965975201055,0.4862082001280519,0.48528823692657996,0.010868130594609587,0.9981096722312695,class=874:n04487081.pkl:0;n04487081.pkl:1;n04487081.pkl:2|class=705:n03895866.pkl:1139
resnet,1105,1105,+,3,2,1,1,0.21302730605566778,0.27284990343027304,0.16581360922919008,0.23235111484022458,0.03735843447179001,0.9878608681692971,class=885:n04525038.pkl:0;n04525038.pkl:8;n04525038.pkl:14|class=73:n01773549.pkl:1086;n01773549.pkl:1170|class=494:n03017168.pkl:468
resnet,1106,1106,+,1,1,1,1,0.9953524399690162,0.0,0.9922540666150271,0.0,0.0,1.0,class=133:n02011460.pkl:0;n02011460.pkl:1;n02011460.pkl:2
resnet,1107,1107,+,9,8,5,0,0.29660966263681765,0.24686834340016517,0.017833025292047847,0.014006629144649865,0.869536914749673,0.17965594043622357,class=226:n02105251.pkl:17;n02105251.pkl:30;n02105251.pkl:53|class=899:n04560804.pkl:16;n04560804.pkl:46;n04560804.pkl:82|class=231:n02106030.pkl:89;n02106030.pkl:145;n02106030.pkl:176
resnet,1108,1108,+,5,5,4,2,0.6589168306875905,0.353395369890063,0.24023493744718608,0.3785640836673021,0.3678971485036752,0.6966340324532576,class=632:n03691459.pkl:0;n03691459.pkl:2;n03691459.pkl:3|class=482:n02979186.pkl:2;n02979186.pkl:14;n02979186.pkl:22|class=754:n04041544.pkl:55;n04041544.pkl:109;n04041544.pkl:174
resnet,1109,1109,+,10,6,0,0,0.023458750941347983,0.025756386764374594,0.0019316093291774181,0.0012159526736546464,0.9212809489075829,0.13962732488420207,class=764:n04090263.pkl:165;n04090263.pkl:757;n04090263.pkl:931|class=784:n04154565.pkl:38;n04154565.pkl:121;n04154565.pkl:173|class=570:n03424325.pkl:218;n03424325.pkl:662;n03424325.pkl:1198
resnet,1110,1110,+,7,5,2,2,0.20732649917489918,0.2980246383865765,0.01627777018232488,0.022404775392996786,0.5381168738308731,0.41349797726776694,class=942:n07717556.pkl:9;n07717556.pkl:13;n07717556.pkl:15|class=899:n04560804.pkl:6;n04560804.pkl:12;n04560804.pkl:21|class=638:n03710637.pkl:366;n03710637.pkl:466;n03710637.pkl:501
resnet,1111,1111,+,13,13,8,4,0.414831882740029,0.31452224657552036,0.06886161359723161,0.13190988468641954,0.5646624677524501,0.35918801753011204,class=304:n02169497.pkl:0;n02169497.pkl:3;n02169497.pkl:4|class=55:n01729977.pkl:1;n01729977.pkl:9;n01729977.pkl:21|class=754:n04041544.pkl:4;n04041544.pkl:9;n04041544.pkl:12
resnet,1112,1112,+,5,4,3,2,0.4154486147998459,0.373244521394468,0.22359105124531675,0.3475283140948625,0.3501208877867898,0.6831717643982076,class=925:n07584110.pkl:0;n07584110.pkl:1;n07584110.pkl:4|class=809:n04263257.pkl:19;n04263257.pkl:31;n04263257.pkl:40|class=926:n07590611.pkl:83;n07590611.pkl:146;n07590611.pkl:264
resnet,1113,1113,+,5,5,2,0,0.09929647450115824,0.0593906873604009,0.010197033791023453,0.005941420651445031,0.8776779666753308,0.2678989223654314,class=938:n07715103.pkl:145;n07715103.pkl:153;n07715103.pkl:193|class=162:n02088364.pkl:32;n02088364.pkl:129;n02088364.pkl:138|class=245:n02108915.pkl:173;n02108915.pkl:314;n02108915.pkl:549
resnet,1114,1114,+,6,5,3,2,0.5132949724799466,0.38821157534751216,0.213016334034967,0.33767892781612135,0.38760930523071907,0.5854899888816438,class=195:n02096585.pkl:0;n02096585.pkl:1;n02096585.pkl:3|class=245:n02108915.pkl:1;n02108915.pkl:5;n02108915.pkl:7|class=586:n03478589.pkl:280;n03478589.pkl:282;n03478589.pkl:319
resnet,1115,1115,+,2,2,1,1,0.5072998603249284,0.4909064177019775,0.4820965098529304,0.4811321896986392,0.011409071582523406,0.9980017368155611,class=521:n03133878.pkl:0;n03133878.pkl:1;n03133878.pkl:2|class=926:n07590611.pkl:556
resnet,1116,1116,+,7,5,2,1,0.22880482027368815,0.24910296781262978,0.03661068667884614,0.0705461364144941,0.3490519315732565,0.6732927603986658,class=636:n03709823.pkl:34;n03709823.pkl:45;n03709823.pkl:60|class=414:n02769748.pkl:14;n02769748.pkl:45;n02769748.pkl:46|class=550:n03297495.pkl:16;n03297495.pkl:416;n03297495.pkl:705
resnet,1117,1117,+,5,4,2,0,0.1279967130587461,0.11454623140947345,0.015434160106634797,0.014074239134226058,0.7166921476398108,0.366308269694809,class=348:n02412080.pkl:5;n02412080.pkl:42;n02412080.pkl:58|class=341:n02395406.pkl:36;n02395406.pkl:37;n02395406.pkl:44|class=345:n02403003.pkl:295;n02403003.pkl:682;n02403003.pkl:739
resnet,1118,1118,+,12,9,3,1,0.16691673601732585,0.21123846626247503,0.026342684877819874,0.06692787023368531,0.3419337397670876,0.6212471393171122,class=55:n01729977.pkl:0;n01729977.pkl:35;n01729977.pkl:36|class=285:n02124075.pkl:1;n02124075.pkl:7;n02124075.pkl:11|class=281:n02123045.pkl:74;n02123045.pkl:243;n02123045.pkl:267
resnet,1119,1119,+,8,8,3,2,0.15585310075079584,0.15504422757470512,0.03817582430469176,0.05667613513978236,0.5678280828613338,0.40050762364281106,class=446:n02840245.pkl:1;n02840245.pkl:14;n02840245.pkl:28|class=409:n02708093.pkl:5;n02708093.pkl:46;n02708093.pkl:49|class=836:n04355933.pkl:3;n04355933.pkl:61;n04355933.pkl:220
resnet,1120,1120,+,4,4,2,1,0.28861538419542154,0.286734969778959,0.11565069079330526,0.17950555608918364,0.21949912784772785,0.8522812419018877,class=730:n03967562.pkl:1;n03967562.pkl:2;n03967562.pkl:6|class=345:n02403003.pkl:39;n02403003.pkl:47;n02403003.pkl:180|class=257:n02111500.pkl:15;n02111500.pkl:1235
resnet,1121,1121,+,5,5,3,2,0.34711520335114465,0.23197891188270323,0.07446669426342213,0.09309736894446709,0.5634158146895529,0.5125940163137046,class=841:n04370456.pkl:3;n04370456.pkl:10;n04370456.pkl:12|class=911:n04599235.pkl:14;n04599235.pkl:47;n04599235.pkl:51|class=834:n04350905.pkl:51;n04350905.pkl:68;n04350905.pkl:83
resnet,1122,1122,+,9,8,2,2,0.16055348933595437,0.22399414273282597,0.020200084087806484,0.037384935664496216,0.42478537979627334,0.49168975227883205,class=896:n04553703.pkl:4;n04553703.pkl:13;n04553703.pkl:15|class=435:n02808440.pkl:0;n02808440.pkl:16;n02808440.pkl:36|class=876:n04493381.pkl:168;n04493381.pkl:356;n04493381.pkl:422
resnet,1123,1123,+,12,6,1,0,0.03185244783186476,0.049715417374990065,0.004061153571826377,0.003963653163359831,0.8294004206360207,0.16271335598549813,class=345:n02403003.pkl:39;n02403003.pkl:295;n02403003.pkl:354|class=185:n02094114.pkl:0;n02094114.pkl:127;n02094114.pkl:733|class=201:n02097658.pkl:26;n02097658.pkl:174;n02097658.pkl:333
resnet,1124,1124,+,3,3,2,0,0.08962850308342607,0.05501047833619354,0.027119763773015653,0.01863278749965524,0.680114423469777,0.4906818317388795,class=937:n07714990.pkl:14;n07714990.pkl:17;n07714990.pkl:38|class=938:n07715103.pkl:36;n07715103.pkl:41;n07715103.pkl:44|class=998:n13133613.pkl:901
resnet,1125,1125,+,2,2,2,1,0.8099940988806313,0.17341822339425012,0.49346481764926453,0.4646710433301984,0.19023802376010673,0.9433521662101332,class=20:n01601694.pkl:0;n01601694.pkl:1;n01601694.pkl:2|class=13:n01534433.pkl:55;n01534433.pkl:89;n01534433.pkl:150
resnet,1126,1126,+,3,2,1,1,0.21895351600320545,0.2128452828722197,0.13849033605762384,0.194572759707097,0.02830456143962383,0.9912999881360215,class=111:n01930112.pkl:0;n01930112.pkl:1;n01930112.pkl:2|class=26:n01630670.pkl:230|class=52:n01728572.pkl:332
resnet,1127,1127,+,5,3,3,2,0.3988896264214375,0.4224597189782638,0.26227222614179696,0.37533597580227185,0.41191782108658803,0.609605497955481,class=280:n02120505.pkl:0;n02120505.pkl:1;n02120505.pkl:2|class=335:n02356798.pkl:1;n02356798.pkl:2;n02356798.pkl:9|class=241:n02108000.pkl:31;n02108000.pkl:32;n02108000.pkl:61
resnet,1128,1128,+,7,6,2,2,0.1813523436506628,0.17700484644599787,0.05906010632692739,0.11009646409924573,0.3516542415281948,0.6392896973599789,class=827:n04330267.pkl:4;n04330267.pkl:5;n04330267.pkl:6|class=567:n03400231.pkl:52;n03400231.pkl:79;n03400231.pkl:94|class=550:n03297495.pkl:16;n03297495.pkl:612;n03297495.pkl:681
resnet,1129,1129,+,3,3,1,1,0.1417083232500982,0.15718308364773906,0.07957606772311838,0.11100998513617095,0.05255740338139723,0.9820243522691453,class=795:n04228054.pkl:7;n04228054.pkl:8;n04228054.pkl:11|class=623:n03658185.pkl:163|class=693:n03873416.pkl:603
resnet,1130,1130,+,4,3,1,1,0.32517342823028833,0.33709066663446086,0.127470078829583,0.21729309681765893,0.05479811795912365,0.9764661095524483,class=960:n07836838.pkl:2;n07836838.pkl:3;n07836838.pkl:5|class=968:n07930864.pkl:460;n07930864.pkl:556;n07930864.pkl:1105|class=928:n07614500.pkl:19;n07614500.pkl:252
resnet,1131,1131,+,5,3,1,1,0.29712136870898975,0.38331772969246264,0.20246573325812736,0.39877350491764496,0.049231111562133445,0.9758531454944263,class=370:n02484975.pkl:1;n02484975.pkl:2;n02484975.pkl:3|class=371:n02486261.pkl:31;n02486261.pkl:34;n02486261.pkl:226|class=281:n02123045.pkl:195;n02123045.pkl:1136
resnet,1132,1132,+,4,3,2,2,0.24235781954616573,0.24139780996271984,0.04442833998502814,0.04912310469989336,0.4909395275342106,0.5556268113340477,class=841:n04370456.pkl:5;n04370456.pkl:6;n04370456.pkl:7|class=441:n02823750.pkl:37;n02823750.pkl:89;n02823750.pkl:91|class=504:n03063599.pkl:1254
resnet,1133,1133,+,1,1,1,1,0.8579454253611557,0.0,0.7263242375601926,0.0,0.0,1.0,class=525:n03160309.pkl:1;n03160309.pkl:2;n03160309.pkl:3
resnet,1134,1134,+,4,4,1,1,0.34135095762989986,0.27276635622893525,0.11379543510943944,0.19311909196594837,0.06540891645555703,0.970013681187247,class=722:n03942813.pkl:3;n03942813.pkl:4;n03942813.pkl:7|class=429:n02799071.pkl:144;n02799071.pkl:330;n02799071.pkl:388|class=631:n03690938.pkl:506
resnet,1135,1135,+,6,6,2,1,0.21846003701064942,0.3176834000911989,0.12059699772309816,0.25915194928876434,0.1024217603040132,0.9363015029101383,class=415:n02776631.pkl:0;n02776631.pkl:1;n02776631.pkl:3|class=582:n03461385.pkl:216;n03461385.pkl:355;n03461385.pkl:437|class=868:n04476259.pkl:61;n04476259.pkl:555;n04476259.pkl:970
resnet,1136,1136,+,2,1,1,1,0.3646607803605628,0.3629687329832363,0.22059569630273038,0.2197496726140671,0.02007293981945538,0.9961721766234064,class=816:n04277352.pkl:1;n04277352.pkl:2;n04277352.pkl:4|class=462:n02906734.pkl:380
resnet,1137,1137,+,3,1,1,1,0.2947107345799155,0.4047030724296366,0.11573456558898858,0.1604038094341319,0.07190700133397346,0.9736310157110902,class=765:n04099969.pkl:0;n04099969.pkl:2;n04099969.pkl:4|class=657:n03773504.pkl:372;n03773504.pkl:423;n03773504.pkl:574|class=782:n04152593.pkl:339
resnet,1138,1138,+,9,7,4,0,0.2334692536671861,0.23645414059396372,0.014829737333227531,0.014744237579257196,0.7701447378791659,0.22094470978143185,class=224:n02105056.pkl:36;n02105056.pkl:64;n02105056.pkl:73|class=233:n02106382.pkl:13;n02106382.pkl:15;n02106382.pkl:18|class=266:n02113712.pkl:61;n02113712.pkl:98;n02113712.pkl:151
resnet,1139,1139,+,10,7,0,0,0.13431576956453783,0.19890248173160413,0.0017412911800479265,0.0010181993110839587,0.9349763893885424,0.13419186556093946,class=248:n02109961.pkl:515;n02109961.pkl:766;n02109961.pkl:1089|class=987:n12144580.pkl:52;n12144580.pkl:486;n12144580.pkl:493|class=494:n03017168.pkl:227;n03017168.pkl:842
resnet,1140,1140,+,3,3,3,2,0.5078750478715971,0.2731340299529914,0.1861900822302447,0.15695758447261868,0.6485083955232976,0.570214356732269,class=602:n03535780.pkl:0;n03535780.pkl:2;n03535780.pkl:4|class=702:n03888605.pkl:6;n03888605.pkl:13;n03888605.pkl:16|class=416:n02777292.pkl:30;n02777292.pkl:63;n02777292.pkl:71
resnet,1141,1141,+,9,7,4,3,0.25548291078783164,0.29441220600782136,0.023792282670233988,0.027744356705975425,0.6941111029511671,0.26220071675780066,class=232:n02106166.pkl:9;n02106166.pkl:17;n02106166.pkl:47|class=205:n02099267.pkl:11;n02099267.pkl:33;n02099267.pkl:39|class=224:n02105056.pkl:16;n02105056.pkl:44;n02105056.pkl:49
resnet,1142,1142,+,1,1,1,1,0.9991909385113269,0.0,0.9951456310679612,0.0,0.0,1.0,class=169:n02090622.pkl:0;n02090622.pkl:1;n02090622.pkl:3
resnet,1143,1143,+,1,1,1,1,0.9992082343626286,0.0,0.9968329374505146,0.0,0.0,1.0,class=612:n03599486.pkl:0;n03599486.pkl:1;n03599486.pkl:2
resnet,1144,1144,+,2,1,1,1,0.39607532703329396,0.39278585334908345,0.295506778557991,0.29468441013693836,0.015209823274237417,0.9972209634686113,class=633:n03692522.pkl:1;n03692522.pkl:2;n03692522.pkl:4|class=579:n03452741.pkl:547
resnet,1145,1145,+,3,3,3,1,0.5380683448440616,0.26474426739377255,0.22182452378508824,0.29431514506894957,0.18224929576940999,0.920126234682699,class=827:n04330267.pkl:0;n04330267.pkl:1;n04330267.pkl:2|class=771:n04125021.pkl:217;n04125021.pkl:244;n04125021.pkl:274|class=556:n03347037.pkl:204;n03347037.pkl:441;n03347037.pkl:451
resnet,1146,1146,+,12,10,1,0,0.06806405039019554,0.06934481938163325,0.0027062064344634414,0.002767607165835442,0.8410223956765142,0.17049104155510422,class=356:n02441942.pkl:74;n02441942.pkl:161;n02441942.pkl:225|class=266:n02113712.pkl:215;n02113712.pkl:333;n02113712.pkl:538|class=345:n02403003.pkl:896;n02403003.pkl:951;n02403003.pkl:1225
resnet,1147,1147,+,11,7,4,1,0.1530544498009679,0.26324335612843236,0.02647936331797449,0.05342142203480962,0.4685329746417213,0.4609273254016561,class=288:n02128385.pkl:0;n02128385.pkl:3;n02128385.pkl:5|class=718:n03933933.pkl:1;n03933933.pkl:51;n03933933.pkl:54|class=706:n03899768.pkl:31;n03899768.pkl:35;n03899768.pkl:36
resnet,1148,1148,+,14,9,0,0,0.0714973912202408,0.126420350857283,0.0021890481177873683,0.0017687879564075822,0.8961857332129702,0.11806366938991496,class=551:n03314780.pkl:94;n03314780.pkl:283;n03314780.pkl:293|class=631:n03690938.pkl:34;n03690938.pkl:384;n03690938.pkl:471|class=457:n02883205.pkl:468;n02883205.pkl:504;n02883205.pkl:630
resnet,1149,1149,+,7,6,2,1,0.18508918381420683,0.16517373353877915,0.01542115110012065,0.02140383602666913,0.5633142629731486,0.41805915530192417,class=248:n02109961.pkl:43;n02109961.pkl:52;n02109961.pkl:101|class=201:n02097658.pkl:1;n02097658.pkl:3;n02097658.pkl:5|class=168:n02090379.pkl:6;n02090379.pkl:35;n02090379.pkl:127
resnet,1150,1150,+,11,7,2,0,0.14009482835609888,0.2222885635323618,0.005461104680606312,0.0080024691050864,0.6820485326832403,0.28611561325569035,class=923:n07579787.pkl:248;n07579787.pkl:291;n07579787.pkl:317|class=969:n07932039.pkl:117;n07932039.pkl:294;n07932039.pkl:314|class=987:n12144580.pkl:111;n12144580.pkl:186;n12144580.pkl:510
resnet,1151,1151,+,10,7,3,1,0.13357156776304566,0.1903579179198659,0.012615583049586505,0.017827464534417074,0.6324852526038812,0.2996937664806216,class=545:n03271574.pkl:21;n03271574.pkl:30;n03271574.pkl:50|class=422:n02790996.pkl:44;n02790996.pkl:57;n02790996.pkl:78|class=506:n03065424.pkl:44;n03065424.pkl:98;n03065424.pkl:110
resnet,1152,1152,+,1,1,1,1,1.0,0.0,1.0,0.0,0.0,1.0,class=1:n01443537.pkl:0;n01443537.pkl:1;n01443537.pkl:2
resnet,1153,1153,+,9,8,5,4,0.346524048817076,0.35548686135933755,0.15240949548888688,0.2454294202044716,0.5358556020350785,0.39923991905571476,class=631:n03690938.pkl:5;n03690938.pkl:6;n03690938.pkl:7|class=585:n03476991.pkl:4;n03476991.pkl:6;n03476991.pkl:12|class=711:n03916031.pkl:1;n03916031.pkl:4;n03916031.pkl:13
resnet,1154,1154,+,18,12,4,1,0.12133893807888575,0.21912384102881316,0.024256907842064707,0.07643137058167301,0.3280124341690304,0.6071246369267591,class=278:n02119789.pkl:0;n02119789.pkl:12;n02119789.pkl:18|class=378:n02492035.pkl:5;n02492035.pkl:14;n02492035.pkl:30|class=876:n04493381.pkl:61;n04493381.pkl:94;n04493381.pkl:142
resnet,1155,1155,+,10,6,3,2,0.08493942858609878,0.12430041184064944,0.04120040301661862,0.07570574003407718,0.43824995318500026,0.4376406204601747,class=618:n03633091.pkl:0;n03633091.pkl:1;n03633091.pkl:2|class=505:n03063689.pkl:1;n03063689.pkl:2;n03063689.pkl:11|class=725:n03950228.pkl:14;n03950228.pkl:50;n03950228.pkl:305
resnet,1156,1156,+,2,2,2,2,0.9995178399228544,0.00048216007714563247,0.9840887174541948,0.015911282545805205,0.9998114157853424,0.5001307109209755,class=311:n02226429.pkl:1;n02226429.pkl:2;n02226429.pkl:3|class=312:n02229544.pkl:0;n02229544.pkl:1;n02229544.pkl:2
resnet,1157,1157,+,11,8,3,0,0.18378717156829041,0.2641888534905873,0.007754359501945634,0.009330108483036925,0.7289054873019569,0.22251907556422523,class=269:n02114367.pkl:81;n02114367.pkl:92;n02114367.pkl:107|class=342:n02396427.pkl:8;n02396427.pkl:77;n02396427.pkl:106|class=270:n02114548.pkl:52;n02114548.pkl:225;n02114548.pkl:248
resnet,1158,1158,+,7,4,3,1,0.21101692014295687,0.33846727655278525,0.1471476810386047,0.3440489453588545,0.10917061820069943,0.923829347447935,class=789:n04201297.pkl:0;n04201297.pkl:1;n04201297.pkl:2|class=799:n04239074.pkl:132;n04239074.pkl:157;n04239074.pkl:200|class=904:n04589890.pkl:12;n04589890.pkl:92;n04589890.pkl:120
resnet,1159,1159,+,8,5,2,1,0.1827009839784175,0.305309942168148,0.07549688377628405,0.1743931390503488,0.22902844407473477,0.791976835718859,class=834:n04350905.pkl:1;n04350905.pkl:8;n04350905.pkl:9|class=630:n03680355.pkl:63;n03680355.pkl:109;n03680355.pkl:299|class=982:n10148035.pkl:42;n10148035.pkl:260;n10148035.pkl:280
resnet,1160,1160,+,14,7,0,0,0.015900216100734877,0.02023425800956075,0.0023677652439344464,0.002357169138648603,0.8536739794723973,0.14221926617265687,class=911:n04599235.pkl:107;n04599235.pkl:234;n04599235.pkl:466|class=739:n03992509.pkl:39;n03992509.pkl:182;n03992509.pkl:326|class=419:n02786058.pkl:66;n02786058.pkl:499;n02786058.pkl:524
resnet,1161,1161,+,1,1,1,1,0.9992,0.0,0.9992,0.0,0.0,1.0,class=952:n07753113.pkl:0;n07753113.pkl:1;n07753113.pkl:2
resnet,1162,1162,+,8,7,6,4,0.6145803178321022,0.33481950481608114,0.17107095269897066,0.25457230056886565,0.5478562052143707,0.40180871523817274,class=158:n02087046.pkl:0;n02087046.pkl:2;n02087046.pkl:3|class=151:n02085620.pkl:0;n02085620.pkl:1;n02085620.pkl:3|class=245:n02108915.pkl:0;n02108915.pkl:38;n02108915.pkl:39
resnet,1163,1163,+,7,6,1,0,0.03832100180576311,0.04663052491576823,0.003977123509174326,0.004297689284568452,0.7576003669987834,0.30967165541292224,class=923:n07579787.pkl:44;n07579787.pkl:130;n07579787.pkl:329|class=692:n03871628.pkl:128;n03871628.pkl:518;n03871628.pkl:661|class=125:n01986214.pkl:454;n01986214.pkl:801;n01986214.pkl:1141
resnet,1164,1164,+,12,11,3,1,0.26561290104956436,0.28690656551583343,0.028848868359278967,0.07628405425383164,0.33053159269517246,0.666011469988744,class=896:n04553703.pkl:1;n04553703.pkl:3;n04553703.pkl:4|class=187:n02094433.pkl:23;n02094433.pkl:44;n02094433.pkl:46|class=783:n04153751.pkl:74;n04153751.pkl:435;n04153751.pkl:441
resnet,1165,1165,+,3,3,0,0,0.0748919993686154,0.04326256717054625,0.004107118114957626,0.003881844136365879,0.6103964701072933,0.631103063289509,class=345:n02403003.pkl:39;n02403003.pkl:47;n02403003.pkl:120|class=285:n02124075.pkl:58;n02124075.pkl:162|class=439:n02817516.pkl:44
resnet,1166,1166,+,5,5,2,2,0.23082343443637815,0.2557930398161233,0.05643441769298572,0.06907948196793666,0.48687714658679354,0.4996677751003773,class=774:n04133789.pkl:14;n04133789.pkl:15;n04133789.pkl:30|class=502:n03047690.pkl:22;n03047690.pkl:24;n03047690.pkl:35|class=836:n04355933.pkl:31;n04355933.pkl:139;n04355933.pkl:853
resnet,1167,1167,+,13,13,7,4,0.2936930296004642,0.28313719419941014,0.07791902038870242,0.13672101490310617,0.5797138670083967,0.3137549921440088,class=638:n03710637.pkl:2;n03710637.pkl:4;n03710637.pkl:29|class=842:n04371430.pkl:1;n04371430.pkl:7;n04371430.pkl:8|class=445:n02837789.pkl:24;n02837789.pkl:74;n02837789.pkl:81
resnet,1168,1168,+,16,5,0,0,0.02825529014217895,0.04409241646832405,0.0013918607948076385,0.0006883468500214953,0.9607586944978245,0.07778632440802898,class=266:n02113712.pkl:796;n02113712.pkl:1051;n02113712.pkl:1183|class=281:n02123045.pkl:406;n02123045.pkl:534;n02123045.pkl:1008|class=285:n02124075.pkl:914;n02124075.pkl:932
resnet,1169,1169,+,11,9,5,1,0.08127725218813982,0.07020927695331439,0.018633422626943272,0.02880501224768725,0.6444785095886011,0.3081582852482499,class=954:n07753592.pkl:0;n07753592.pkl:8;n07753592.pkl:13|class=949:n07745940.pkl:28;n07745940.pkl:38;n07745940.pkl:77|class=953:n07753275.pkl:205;n07753275.pkl:213;n07753275.pkl:221
resnet,1170,1170,+,13,6,3,1,0.08745433454294764,0.10831478466712433,0.0101638338919096,0.019753012305250953,0.5539769052336303,0.3674645932568109,class=836:n04355933.pkl:4;n04355933.pkl:10;n04355933.pkl:17|class=764:n04090263.pkl:46;n04090263.pkl:51;n04090263.pkl:134|class=838:n04357314.pkl:142;n04357314.pkl:169;n04357314.pkl:178
resnet,1171,1171,+,2,2,1,1,0.5105448154657294,0.48945518453427067,0.5004393673110721,0.499560632688928,0.010180521133139558,0.9982456153874022,class=84:n01806143.pkl:0;n01806143.pkl:1;n01806143.pkl:2|class=134:n02012849.pkl:302
resnet,1172,1172,+,1,1,1,1,0.8647717484926787,0.0,0.7786391042204995,0.0,0.0,1.0,class=439:n02817516.pkl:0;n02817516.pkl:1;n02817516.pkl:2
resnet,1173,1173,+,5,3,3,1,0.15591310898587268,0.15430853262109384,0.04706834200537783,0.07763281575217917,0.33276432629118397,0.7440801374033189,class=840:n04367480.pkl:7;n04367480.pkl:14;n04367480.pkl:24|class=228:n02105505.pkl:44;n02105505.pkl:50;n02105505.pkl:158|class=911:n04599235.pkl:15;n04599235.pkl:107;n04599235.pkl:163
resnet,1174,1174,+,6,6,3,1,0.28258447997677494,0.30927718168091195,0.10727029792886378,0.2185708566277503,0.19448540922310423,0.8586159832334876,class=487:n02992529.pkl:0;n02992529.pkl:3;n02992529.pkl:4|class=662:n03777754.pkl:29;n03777754.pkl:75;n03777754.pkl:82|class=754:n04041544.pkl:12;n04041544.pkl:55;n04041544.pkl:64
resnet,1175,1175,+,1,1,1,1,1.0,0.0,1.0,0.0,0.0,1.0,class=11:n01531178.pkl:0;n01531178.pkl:1;n01531178.pkl:2
resnet,1176,1176,+,12,11,2,1,0.07898971156618857,0.11286316248452957,0.019950869177457475,0.04790074452884508,0.40922684309917495,0.5637074952441187,class=194:n02096437.pkl:1;n02096437.pkl:3;n02096437.pkl:10|class=255:n02111129.pkl:9;n02111129.pkl:28;n02111129.pkl:38|class=173:n02091244.pkl:5;n02091244.pkl:140;n02091244.pkl:362
resnet,1177,1177,+,5,5,5,4,0.6682326473728354,0.2524143360262129,0.3201595505973222,0.34552764243146317,0.7021285855271762,0.43294997392570156,class=895:n04552348.pkl:0;n04552348.pkl:1;n04552348.pkl:2|class=404:n02690373.pkl:1;n02690373.pkl:14;n02690373.pkl:15|class=657:n03773504.pkl:3;n03773504.pkl:6;n03773504.pkl:7
resnet,1178,1178,+,4,4,3,2,0.7513282980597374,0.20852729107450532,0.2782857910834599,0.4172855956121537,0.29567572044379525,0.8121144256396825,class=56:n01734418.pkl:0;n01734418.pkl:1;n01734418.pkl:2|class=60:n01740131.pkl:2;n01740131.pkl:13;n01740131.pkl:77|class=68:n01756291.pkl:5;n01756291.pkl:38;n01756291.pkl:39
resnet,1179,1179,+,2,2,2,2,0.7130761994355598,0.2869238005644402,0.5319849482596425,0.46801505174035746,0.32793610057462097,0.886982170344468,class=10:n01530575.pkl:0;n01530575.pkl:1;n01530575.pkl:2|class=241:n02108000.pkl:11;n02108000.pkl:15;n02108000.pkl:36
resnet,1180,1180,+,7,6,5,3,0.40345000013685073,0.38097630783373393,0.21230763417406157,0.31176160547525084,0.48619880728655623,0.45090344291166706,class=189:n02095570.pkl:0;n02095570.pkl:3;n02095570.pkl:4|class=191:n02096051.pkl:1;n02096051.pkl:3;n02096051.pkl:4|class=266:n02113712.pkl:16;n02113712.pkl:47;n02113712.pkl:61
resnet,1181,1181,+,13,10,2,1,0.17316213917869921,0.183005081520271,0.01188745529087553,0.029791358521936942,0.4281803195211999,0.5600480317198996,class=248:n02109961.pkl:33;n02109961.pkl:36;n02109961.pkl:43|class=999:n15075141.pkl:6;n15075141.pkl:240;n15075141.pkl:291|class=231:n02106030.pkl:187;n02106030.pkl:267;n02106030.pkl:380
resnet,1182,1182,+,2,2,1,1,0.7035275648721027,0.29176285898974974,0.49621308758183846,0.4912280427164347,0.045590936117095714,0.9900042851222604,class=642:n03721384.pkl:0;n03721384.pkl:1;n03721384.pkl:2|class=494:n03017168.pkl:227;n03017168.pkl:232;n03017168.pkl:855
resnet,1183,1183,+,10,9,0,0,0.16103238376120224,0.17958330529923094,0.0033081517871339596,0.001993352883552626,0.914764448465561,0.136307598271382,class=524:n03146219.pkl:413;n03146219.pkl:436;n03146219.pkl:499|class=987:n12144580.pkl:131;n12144580.pkl:631;n12144580.pkl:944|class=790:n04204238.pkl:5;n04204238.pkl:496;n04204238.pkl:662
resnet,1184,1184,+,14,7,2,0,0.026441186862269116,0.035869701222087144,0.004767352922914287,0.005534770871622348,0.8001072627316423,0.1677042637995138,class=356:n02441942.pkl:29;n02441942.pkl:74;n02441942.pkl:161|class=999:n15075141.pkl:65;n15075141.pkl:293;n15075141.pkl:342|class=202:n02098105.pkl:263;n02098105.pkl:357;n02098105.pkl:544
resnet,1185,1185,+,2,2,1,1,0.552565180824222,0.447434819175778,0.5004205214465938,0.49957947855340623,0.009797339962038468,0.9983207400607301,class=604:n03544143.pkl:0;n03544143.pkl:1;n03544143.pkl:2|class=438:n02815834.pkl:467
resnet,1186,1186,+,6,5,3,0,0.2594850558678424,0.2868549193411434,0.015040942113309625,0.01698085957017727,0.6431382221533465,0.3790977240388154,class=498:n03032252.pkl:39;n03032252.pkl:65;n03032252.pkl:90|class=947:n07734744.pkl:34;n07734744.pkl:45;n07734744.pkl:59|class=762:n04081281.pkl:46;n04081281.pkl:61;n04081281.pkl:90
resnet,1187,1187,+,4,4,1,1,0.25159648244219396,0.3925586063728813,0.22301032675742272,0.38246904860805336,0.03617574514875779,0.9853306213731531,class=917:n06596364.pkl:0;n06596364.pkl:1;n06596364.pkl:2|class=764:n04090263.pkl:371;n04090263.pkl:812;n04090263.pkl:1106|class=744:n04008634.pkl:1018
resnet,1188,1188,+,3,3,1,1,0.4382445880299957,0.39056240986184315,0.24556907863722477,0.3446994512446039,0.03137888514426765,0.9901022156710526,class=491:n03000684.pkl:1;n03000684.pkl:4;n03000684.pkl:5|class=535:n03208938.pkl:903;n03208938.pkl:959;n03208938.pkl:1260|class=740:n03995372.pkl:680
resnet,1189,1189,+,8,5,1,1,0.11065705228820885,0.2425884743088639,0.05216381073883699,0.1345565140581291,0.07008897440349043,0.956727089380994,class=600:n03532672.pkl:11;n03532672.pkl:12;n03532672.pkl:17|class=505:n03063689.pkl:740;n03063689.pkl:919;n03063689.pkl:1086|class=52:n01728572.pkl:332;n01728572.pkl:604
resnet,1190,1190,+,1,1,1,1,0.9861932938856016,0.0,0.965483234714004,0.0,0.0,1.0,class=673:n03793489.pkl:0;n03793489.pkl:1;n03793489.pkl:3
resnet,1191,1191,+,3,3,2,2,0.6663900608823526,0.4400295211423829,0.40511355933289545,0.4271743150821921,0.43718030666541496,0.7039589641598646,class=353:n02423022.pkl:0;n02423022.pkl:1;n02423022.pkl:2|class=356:n02441942.pkl:5;n02441942.pkl:6;n02441942.pkl:21|class=331:n02326432.pkl:1065;n02326432.pkl:1285
resnet,1192,1192,+,6,2,1,0,0.06146716121845883,0.08182383569845691,0.008292682040470874,0.013604709159084195,0.4602902729501428,0.6152439181247921,class=569:n03417042.pkl:11;n03417042.pkl:28;n03417042.pkl:35|class=654:n03769881.pkl:360;n03769881.pkl:408;n03769881.pkl:524|class=514:n03124043.pkl:284;n03124043.pkl:461;n03124043.pkl:511
resnet,1193,1193,+,6,6,2,2,0.29038352230280723,0.35085927447257825,0.09666120004977985,0.14748025467583403,0.3827564300366065,0.5546491711910496,class=248:n02109961.pkl:0;n02109961.pkl:4;n02109961.pkl:12|class=409:n02708093.pkl:26;n02708093.pkl:27;n02708093.pkl:28|class=494:n03017168.pkl:842;n03017168.pkl:1058
resnet,1194,1194,+,10,6,3,2,0.11066857687049667,0.1913677198511297,0.03118153981238093,0.066455579436625,0.39054901759583144,0.554221599720745,class=968:n07930864.pkl:19;n07930864.pkl:33;n07930864.pkl:38|class=464:n02910353.pkl:28;n02910353.pkl:32;n02910353.pkl:35|class=524:n03146219.pkl:48;n03146219.pkl:82;n03146219.pkl:479
resnet,1195,1195,+,13,8,2,0,0.04905611085030529,0.054607904500214015,0.006537071841716055,0.01061106057499841,0.6834584658577542,0.2796015947080138,class=782:n04152593.pkl:46;n04152593.pkl:164;n04152593.pkl:172|class=790:n04204238.pkl:5;n04204238.pkl:173;n04204238.pkl:250|class=904:n04589890.pkl:246;n04589890.pkl:310;n04589890.pkl:421
resnet,1196,1196,+,2,1,1,1,0.5022996376917174,0.49612679818554456,0.49959902040776677,0.4988274154694952,0.00909744270024431,0.998456744199353,class=18:n01582220.pkl:0;n01582220.pkl:1;n01582220.pkl:2|class=19:n01592084.pkl:600
resnet,1197,1197,+,10,10,6,3,0.32029437295585106,0.30072057606055613,0.09979554892827106,0.20281202608303836,0.46376014779338776,0.5130142770611397,class=155:n02086240.pkl:3;n02086240.pkl:5;n02086240.pkl:6|class=202:n02098105.pkl:5;n02098105.pkl:10;n02098105.pkl:12|class=200:n02097474.pkl:5;n02097474.pkl:29;n02097474.pkl:41
resnet,1198,1198,+,13,10,3,0,0.0779256588441441,0.07697100128586912,0.00964748105557087,0.011873574660519115,0.7350042249288475,0.19344073677702858,class=744:n04008634.pkl:41;n04008634.pkl:62;n04008634.pkl:120|class=856:n04428191.pkl:45;n04428191.pkl:92;n04428191.pkl:144|class=912:n04604644.pkl:2;n04604644.pkl:129;n04604644.pkl:143
resnet,1199,1199,+,3,2,2,1,0.6165914640360204,0.4371780602488503,0.09114085794202985,0.11001479649887531,0.3081332456851028,0.8190183658538965,class=300:n02165105.pkl:6;n02165105.pkl:9;n02165105.pkl:12|class=97:n01847000.pkl:46;n01847000.pkl:81;n01847000.pkl:92|class=84:n01806143.pkl:673
resnet,1200,1200,+,2,1,1,1,0.5004149377593361,0.4995850622406639,0.5004149377593361,0.4995850622406639,0.009683342400599915,0.9983430003107734,class=510:n03095699.pkl:0;n03095699.pkl:1;n03095699.pkl:2|class=637:n03710193.pkl:449
resnet,1201,1201,+,6,4,1,1,0.07985757290835195,0.12778008722244164,0.04981591068532431,0.10883436384012826,0.06964214387563236,0.9621749160179417,class=615:n03623198.pkl:2;n03623198.pkl:5;n03623198.pkl:6|class=427:n02795169.pkl:64;n02795169.pkl:849|class=911:n04599235.pkl:310
resnet,1202,1202,+,2,2,2,2,0.9990620784622302,3.864096223021862e-05,0.9230588185701438,0.06424586892985612,0.9965027442866584,0.5024221535288662,class=409:n02708093.pkl:1;n02708093.pkl:2;n02708093.pkl:3|class=892:n04548280.pkl:1;n04548280.pkl:2;n04548280.pkl:3
resnet,1203,1203,+,8,7,1,1,0.1606322744033455,0.2689308546852671,0.0688147424770314,0.17473795386839394,0.09918342322394903,0.9309749183917069,class=720:n03937543.pkl:1;n03937543.pkl:4;n03937543.pkl:6|class=551:n03314780.pkl:94;n03314780.pkl:320;n03314780.pkl:384|class=968:n07930864.pkl:106;n07930864.pkl:352;n07930864.pkl:961
resnet,1204,1204,+,10,7,0,0,0.06477900080369073,0.0863197097899842,0.0031775245498044313,0.002392781117329093,0.878323232109024,0.1567058828491764,class=551:n03314780.pkl:112;n03314780.pkl:124;n03314780.pkl:146|class=725:n03950228.pkl:190;n03950228.pkl:502;n03950228.pkl:516|class=631:n03690938.pkl:115;n03690938.pkl:694;n03690938.pkl:1039
resnet,1205,1205,+,4,3,3,2,0.6175105491657719,0.4089215901856629,0.47445024075210546,0.46792499853218905,0.5312476072384222,0.49317065315331654,class=262:n02112706.pkl:0;n02112706.pkl:1;n02112706.pkl:2|class=252:n02110627.pkl:0;n02110627.pkl:1;n02110627.pkl:2|class=254:n02110958.pkl:16;n02110958.pkl:104;n02110958.pkl:399
resnet,1206,1206,+,8,7,4,2,0.3746090493110681,0.3508465650314638,0.10298861330800821,0.16713008574361074,0.46465505386026723,0.45418562630607767,class=725:n03950228.pkl:4;n03950228.pkl:9;n03950228.pkl:17|class=899:n04560804.pkl:4;n04560804.pkl:6;n04560804.pkl:12|class=438:n02815834.pkl:1;n02815834.pkl:46;n02815834.pkl:61
resnet,1207,1207,+,7,7,2,2,0.2697543232067895,0.28269201945431954,0.0730485272898068,0.12418435183624185,0.3886451960065143,0.5557266230222988,class=655:n03770439.pkl:2;n03770439.pkl:3;n03770439.pkl:7|class=689:n03866082.pkl:5;n03866082.pkl:19;n03866082.pkl:20|class=748:n04026417.pkl:25;n04026417.pkl:512;n04026417.pkl:523
resnet,1208,1208,+,3,2,2,1,0.32331983729479724,0.37320611974643564,0.2881772414179044,0.387766030876519,0.13478207309606705,0.9368633968182942,class=518:n03127747.pkl:0;n03127747.pkl:1;n03127747.pkl:2|class=836:n04355933.pkl:46;n04355933.pkl:58;n04355933.pkl:135|class=783:n04153751.pkl:435
resnet,1209,1209,+,8,5,2,1,0.08243154017394014,0.11039703699091738,0.013857997764815763,0.029957156498662006,0.321106529799623,0.7091309469460844,class=711:n03916031.pkl:15;n03916031.pkl:30;n03916031.pkl:37|class=679:n03814906.pkl:24;n03814906.pkl:76;n03814906.pkl:127|class=572:n03443371.pkl:657;n03443371.pkl:738
resnet,1210,1210,+,4,1,1,1,0.1990922622833969,0.3413858213004498,0.11850097288568587,0.20279965447486725,0.04368601194859203,0.982201473163743,class=720:n03937543.pkl:0;n03937543.pkl:2;n03937543.pkl:3|class=509:n03089624.pkl:451;n03089624.pkl:592|class=401:n02672831.pkl:552;n02672831.pkl:568
resnet,1211,1211,+,18,8,4,2,0.12050205778053859,0.2276426078886813,0.0346014448146165,0.08713879915384785,0.40770364670625936,0.4078957334129796,class=978:n09428293.pkl:1;n09428293.pkl:22;n09428293.pkl:41|class=200:n02097474.pkl:5;n02097474.pkl:8;n02097474.pkl:12|class=638:n03710637.pkl:243;n03710637.pkl:295;n03710637.pkl:345
resnet,1212,1212,+,3,3,2,2,0.6708229426433915,0.4655266589357819,0.6669437517317816,0.47101266333401504,0.6339901470798549,0.4995848039810491,class=82:n01797886.pkl:0;n01797886.pkl:3;n01797886.pkl:4|class=86:n01807496.pkl:0;n01807496.pkl:1;n01807496.pkl:2|class=83:n01798484.pkl:116
resnet,1213,1213,+,8,6,2,1,0.09502390593923034,0.12573509411513845,0.009373313475093846,0.01569170672545286,0.5555301749493599,0.47531932490825307,class=771:n04125021.pkl:32;n04125021.pkl:38;n04125021.pkl:43|class=534:n03207941.pkl:137;n03207941.pkl:210;n03207941.pkl:235|class=446:n02840245.pkl:167;n02840245.pkl:367;n02840245.pkl:812
resnet,1214,1214,+,2,2,2,1,0.5319634703196348,0.4680365296803653,0.5235920852359208,0.4764079147640791,0.2650212274437176,0.9139441928069227,class=292:n02129604.pkl:0;n02129604.pkl:1;n02129604.pkl:2|class=282:n02123159.pkl:6;n02123159.pkl:69;n02123159.pkl:71
resnet,1215,1215,+,4,2,1,1,0.25000393090500844,0.2559670791490793,0.06168686868169143,0.1023715545273157,0.11803737854541116,0.9385146005384019,class=787:n04192698.pkl:2;n04192698.pkl:6;n04192698.pkl:16|class=490:n03000247.pkl:37;n03000247.pkl:841;n03000247.pkl:868|class=968:n07930864.pkl:1275
resnet,1216,1216,+,4,3,2,2,0.29925795219538753,0.278449420700707,0.11223998393156907,0.14161107166250783,0.4074793214338875,0.647959829153936,class=841:n04370456.pkl:1;n04370456.pkl:2;n04370456.pkl:11|class=501:n03045698.pkl:7;n03045698.pkl:8;n03045698.pkl:16|class=999:n15075141.pkl:1041;n15075141.pkl:1110
resnet,1217,1217,+,7,7,3,1,0.19248765307424084,0.2795250574817586,0.10015676742818569,0.22645089265801793,0.16152177579923327,0.8731371911272647,class=735:n03980874.pkl:0;n03980874.pkl:5;n03980874.pkl:6|class=423:n02791124.pkl:33;n02791124.pkl:37;n02791124.pkl:61|class=911:n04599235.pkl:69;n04599235.pkl:87;n04599235.pkl:107
resnet,1218,1218,+,32,15,4,1,0.031133580129060957,0.08677505047579862,0.008542280700121353,0.025742518182034962,0.5830448395035567,0.3150447789968597,class=400:n02669723.pkl:0;n02669723.pkl:1;n02669723.pkl:5|class=459:n02892767.pkl:4;n02892767.pkl:9;n02892767.pkl:140|class=331:n02326432.pkl:8;n02326432.pkl:60;n02326432.pkl:200
resnet,1219,1219,+,12,7,2,1,0.08730329205066961,0.13286551845579292,0.006732121051862925,0.01376967381222683,0.5330683464818797,0.43196130228162055,class=345:n02403003.pkl:47;n02403003.pkl:93;n02403003.pkl:120|class=101:n01871265.pkl:174;n01871265.pkl:255;n01871265.pkl:261|class=386:n02504458.pkl:54;n02504458.pkl:175;n02504458.pkl:253
resnet,1220,1220,+,4,3,1,1,0.2655913303138583,0.4050847132921239,0.23195563908507816,0.3995480010728981,0.022376310798600616,0.9917679471024611,class=868:n04476259.pkl:0;n04476259.pkl:1;n04476259.pkl:2|class=435:n02808440.pkl:283;n02808440.pkl:311|class=524:n03146219.pkl:540
resnet,1221,1221,+,3,3,2,1,0.5994375716415973,0.2885451511452434,0.34411768085181604,0.46226459246761625,0.1432947591689115,0.9348477348501625,class=22:n01614925.pkl:0;n01614925.pkl:1;n01614925.pkl:2|class=23:n01616318.pkl:66;n01616318.pkl:73;n01616318.pkl:102|class=21:n01608432.pkl:184;n01608432.pkl:234;n01608432.pkl:666
resnet,1222,1222,+,1,1,1,1,0.9762489762489762,0.0,0.9754299754299754,0.0,0.0,1.0,class=583:n03467068.pkl:0;n03467068.pkl:1;n03467068.pkl:2
resnet,1223,1223,+,7,6,5,4,0.5297713231996589,0.3849831666052116,0.22228156746993938,0.23582032918833123,0.6756435565119109,0.3036465897389465,class=485:n02988304.pkl:0;n02988304.pkl:5;n02988304.pkl:8|class=754:n04041544.pkl:0;n04041544.pkl:2;n04041544.pkl:6|class=482:n02979186.pkl:2;n02979186.pkl:14;n02979186.pkl:22
resnet,1224,1224,+,2,1,1,1,0.49950533057025864,0.4986564341356237,0.4990457717467292,0.4981968753120943,0.009901280900041958,0.9983004075385751,class=678:n03814639.pkl:1;n03814639.pkl:2;n03814639.pkl:3|class=783:n04153751.pkl:435
resnet,1225,1225,+,1,0,0,0,0.0024834437086092716,0.0,0.0008278145695364238,0.0,0.0,1.0,class=951:n07749582.pkl:1275
resnet,1226,1226,+,12,5,0,0,0.01695118379992488,0.02285839580293776,0.002209363557826224,0.0018860993362677639,0.8917578528446861,0.14406476313349215,class=482:n02979186.pkl:244;n02979186.pkl:248;n02979186.pkl:287|class=257:n02111500.pkl:129;n02111500.pkl:326;n02111500.pkl:622|class=356:n02441942.pkl:74;n02441942.pkl:1206
resnet,1227,1227,+,1,1,1,1,1.0,0.0,1.0,0.0,0.0,1.0,class=85:n01806567.pkl:0;n01806567.pkl:1;n01806567.pkl:2
resnet,1228,1228,+,3,3,1,1,0.3242931240227062,0.32382658893296085,0.16193054515799346,0.22643703223660436,0.04395449912162702,0.9851359472529546,class=871:n04483307.pkl:3;n04483307.pkl:6;n04483307.pkl:7|class=693:n03873416.pkl:729;n03873416.pkl:858;n03873416.pkl:1187|class=908:n04592741.pkl:217
resnet,1229,1229,+,7,5,2,2,0.16123606411692856,0.20158839304890872,0.05662652386698994,0.09468058084215211,0.3890629469395384,0.5422349998503788,class=480:n02977058.pkl:1;n02977058.pkl:2;n02977058.pkl:7|class=782:n04152593.pkl:17;n04152593.pkl:21;n04152593.pkl:55|class=771:n04125021.pkl:202;n04125021.pkl:242;n04125021.pkl:763
resnet,1230,1230,+,15,9,1,0,0.036672670935488066,0.046349331844608176,0.004966251995024044,0.009338519017506,0.6777147189065116,0.3023925386778327,class=235:n02106662.pkl:9;n02106662.pkl:11;n02106662.pkl:21|class=214:n02101006.pkl:102;n02101006.pkl:115;n02101006.pkl:137|class=234:n02106550.pkl:116;n02106550.pkl:714;n02106550.pkl:728
resnet,1231,1231,+,1,1,1,1,0.9372056514913658,0.0,0.8814756671899528,0.0,0.0,1.0,class=694:n03874293.pkl:0;n03874293.pkl:1;n03874293.pkl:2
resnet,1232,1232,+,25,17,0,0,0.0741444435116891,0.10811031127187416,0.0015669424825728623,0.0010857406632036207,0.9440442031809689,0.059204636333619526,class=776:n04141076.pkl:380;n04141076.pkl:396;n04141076.pkl:482|class=650:n03759954.pkl:459;n03759954.pkl:599;n03759954.pkl:666|class=424:n02791270.pkl:218;n02791270.pkl:314;n02791270.pkl:629
resnet,1233,1233,+,3,1,1,1,0.1982528805126578,0.2742290955883726,0.11474363508905726,0.16044915537352888,0.044400479225359966,0.9851063958021026,class=683:n03838899.pkl:2;n03838899.pkl:3;n03838899.pkl:4|class=488:n02999410.pkl:118;n02999410.pkl:735|class=401:n02672831.pkl:568
resnet,1234,1234,+,5,3,2,2,0.42934723707834915,0.4671296203373356,0.39998641305722404,0.48856060655829614,0.43853406812375295,0.49838460317913524,class=26:n01630670.pkl:0;n01630670.pkl:1;n01630670.pkl:2|class=27:n01631663.pkl:0;n01631663.pkl:1;n01631663.pkl:2|class=46:n01693334.pkl:952
resnet,1235,1235,+,4,2,2,1,0.19823730340082038,0.2629154235267159,0.09550306044405558,0.14724369684324798,0.22423159988790567,0.8442632258943894,class=861:n04447861.pkl:0;n04447861.pkl:3;n04447861.pkl:4|class=485:n02988304.pkl:51;n02988304.pkl:82;n02988304.pkl:100|class=999:n15075141.pkl:601
resnet,1236,1236,+,4,4,2,1,0.36804380640514006,0.1946230650681587,0.08242476344311445,0.12400446652800373,0.26321195889858784,0.8158472981634226,class=813:n04270147.pkl:3;n04270147.pkl:4;n04270147.pkl:5|class=567:n03400231.pkl:23;n03400231.pkl:48;n03400231.pkl:52|class=550:n03297495.pkl:16;n03297495.pkl:1131
resnet,1237,1237,+,8,5,2,0,0.13369331457382747,0.16076532652753805,0.007939554746590876,0.011637973271833904,0.6038436919751494,0.3935792325319026,class=220:n02102480.pkl:1;n02102480.pkl:15;n02102480.pkl:39|class=349:n02415577.pkl:17;n02415577.pkl:37;n02415577.pkl:209|class=473:n02951585.pkl:207;n02951585.pkl:477;n02951585.pkl:554
resnet,1238,1238,+,10,8,2,0,0.09652326171809314,0.10343180434862115,0.004533275839759038,0.00437267013072824,0.8139437075423814,0.19303987973891748,class=792:n04208210.pkl:33;n04208210.pkl:130;n04208210.pkl:207|class=671:n03792782.pkl:81;n03792782.pkl:125;n03792782.pkl:224|class=345:n02403003.pkl:120;n02403003.pkl:231;n02403003.pkl:475
resnet,1239,1239,+,1,1,1,1,0.9752270850536746,0.0,0.9033856317093312,0.0,0.0,1.0,class=2:n01484850.pkl:0;n01484850.pkl:1;n01484850.pkl:2
resnet,1240,1240,+,8,8,3,1,0.25760013246727964,0.28208830332729795,0.02286833267064817,0.04392305301139587,0.46292189357970287,0.5861328371269316,class=118:n01978287.pkl:1;n01978287.pkl:43;n01978287.pkl:44|class=121:n01981276.pkl:215;n01981276.pkl:297;n01981276.pkl:380|class=954:n07753592.pkl:0;n07753592.pkl:14;n07753592.pkl:31
resnet,1241,1241,+,13,8,4,2,0.16412118131342693,0.2754882271896862,0.0328036884017654,0.08032037769361111,0.3809700139846291,0.5380949118514279,class=157:n02086910.pkl:1;n02086910.pkl:5;n02086910.pkl:7|class=201:n02097658.pkl:2;n02097658.pkl:22;n02097658.pkl:44|class=158:n02087046.pkl:17;n02087046.pkl:61;n02087046.pkl:91
resnet,1242,1242,+,3,3,2,1,0.48436851622727706,0.4039140962743895,0.34332857460105964,0.46447630059602635,0.12385740880405764,0.9434121749860317,class=472:n02951358.pkl:0;n02951358.pkl:1;n02951358.pkl:2|class=693:n03873416.pkl:65;n03873416.pkl:238;n03873416.pkl:255|class=536:n03216828.pkl:569
resnet,1243,1243,+,5,5,2,1,0.4011880381739575,0.3115440005491112,0.11903385107562696,0.21878488001198768,0.1759116804367148,0.8756528871423762,class=380:n02493509.pkl:4;n02493509.pkl:5;n02493509.pkl:6|class=373:n02487347.pkl:26;n02487347.pkl:31;n02487347.pkl:62|class=381:n02493793.pkl:378;n02493793.pkl:511;n02493793.pkl:797
resnet,1244,1244,+,11,5,3,1,0.04741915854148433,0.061002670269057015,0.014358528158024212,0.02285098528139124,0.6148952217912668,0.32115786555077025,class=771:n04125021.pkl:15;n04125021.pkl:17;n04125021.pkl:42|class=427:n02795169.pkl:4;n02795169.pkl:11;n02795169.pkl:20|class=866:n04465501.pkl:70;n04465501.pkl:84;n04465501.pkl:106
resnet,1245,1245,+,3,2,1,1,0.36311201529420933,0.4498639479655676,0.32968993638849914,0.46295306457060575,0.0292783770539814,0.9905995200375954,class=864:n04461696.pkl:1;n04461696.pkl:2;n04461696.pkl:3|class=744:n04008634.pkl:290;n04008634.pkl:425;n04008634.pkl:940|class=734:n03977966.pkl:0
resnet,1246,1246,+,5,4,1,0,0.16418271998156214,0.16555855188313917,0.004922567509291406,0.004284310515051978,0.791081037511521,0.3514985629972366,class=395:n02641379.pkl:14;n02641379.pkl:154;n02641379.pkl:307|class=391:n02536864.pkl:224;n02536864.pkl:606;n02536864.pkl:734|class=121:n01981276.pkl:215;n01981276.pkl:380;n01981276.pkl:480
resnet,1247,1247,+,2,2,1,1,0.5046237583450705,0.47619158937675204,0.4576468800589098,0.4560221846892916,0.01877888650796957,0.9964561946795143,class=936:n07714571.pkl:0;n07714571.pkl:1;n07714571.pkl:2|class=938:n07715103.pkl:101;n07715103.pkl:771
resnet,1248,1248,+,1,1,1,1,0.9975845410628019,0.0,0.966988727858293,0.0,0.0,1.0,class=120:n01980166.pkl:0;n01980166.pkl:1;n01980166.pkl:2
resnet,1249,1249,+,1,1,1,1,0.7239215686274509,0.0,0.5403921568627451,0.0,0.0,1.0,class=316:n02256656.pkl:0;n02256656.pkl:5;n02256656.pkl:6
resnet,1250,1250,+,2,2,1,1,0.4659571371671926,0.45136569747847666,0.41111630258279974,0.41014353993688535,0.0132091295201449,0.9976366498023264,class=918:n06785654.pkl:0;n06785654.pkl:2;n06785654.pkl:3|class=418:n02783161.pkl:511
resnet,1251,1251,+,7,5,4,4,0.3264690874694759,0.29208230264377866,0.12831235322114914,0.18912206456368133,0.5531923180130855,0.45320547846471565,class=893:n04548362.pkl:0;n04548362.pkl:2;n04548362.pkl:6|class=446:n02840245.pkl:1;n02840245.pkl:7;n02840245.pkl:11|class=636:n03709823.pkl:5;n03709823.pkl:8;n03709823.pkl:17
resnet,1252,1252,+,15,11,0,0,0.05020418370891477,0.06334738410503425,0.0018670895007761024,0.0014689568530055538,0.9085854794691186,0.10793306316440512,class=266:n02113712.pkl:337;n02113712.pkl:416;n02113712.pkl:666|class=805:n04254680.pkl:102;n04254680.pkl:217;n04254680.pkl:258|class=977:n09421951.pkl:86;n09421951.pkl:173;n09421951.pkl:1209
resnet,1253,1253,+,5,4,3,2,0.4429095870910853,0.4234268106986324,0.21196412702397227,0.37208956517492536,0.25017626886008754,0.8163114607964075,class=343:n02397096.pkl:0;n02397096.pkl:1;n02397096.pkl:2|class=436:n02814533.pkl:10;n02814533.pkl:14;n02814533.pkl:41|class=342:n02396427.pkl:30;n02396427.pkl:49;n02396427.pkl:95
resnet,1254,1254,+,8,8,7,5,0.5373955821506274,0.35201612497246776,0.23829597886186638,0.32311466469952344,0.6363640878733047,0.3548211129462637,class=273:n02115641.pkl:0;n02115641.pkl:1;n02115641.pkl:2|class=269:n02114367.pkl:0;n02114367.pkl:1;n02114367.pkl:3|class=271:n02114712.pkl:0;n02114712.pkl:3;n02114712.pkl:8
resnet,1255,1255,+,3,2,1,1,0.23596636140363003,0.3237902296919131,0.09420440952248667,0.13158300050369792,0.04848594303485061,0.9836664241168399,class=704:n03891332.pkl:7;n03891332.pkl:16;n03891332.pkl:20|class=848:n04392985.pkl:218|class=479:n02974003.pkl:1147
resnet,1256,1256,+,6,6,1,1,0.16566150799288495,0.17475394819795464,0.02889340053918317,0.051841762186682315,0.3869611381241978,0.7032175873438684,class=518:n03127747.pkl:85;n03127747.pkl:96;n03127747.pkl:99|class=429:n02799071.pkl:163;n02799071.pkl:427;n02799071.pkl:500|class=638:n03710637.pkl:208;n03710637.pkl:225;n03710637.pkl:1031
resnet,1257,1257,+,2,2,2,2,0.9785553047404063,0.021444695259593693,0.618510158013544,0.38148984198645597,0.7048186906524656,0.6902139165645478,class=992:n12998815.pkl:0;n12998815.pkl:1;n12998815.pkl:2|class=947:n07734744.pkl:3;n07734744.pkl:6;n07734744.pkl:19
resnet,1258,1258,+,7,6,3,2,0.4381781906630602,0.4177499987565614,0.20050283852409598,0.31468471313242047,0.4045500261859438,0.4947514180643928,class=209:n02099849.pkl:0;n02099849.pkl:1;n02099849.pkl:2|class=206:n02099429.pkl:0;n02099429.pkl:1;n02099429.pkl:3|class=233:n02106382.pkl:195;n02106382.pkl:304;n02106382.pkl:357
resnet,1259,1259,+,5,4,3,2,0.257322084986932,0.2121182755644327,0.03784854910158757,0.036529650374307866,0.6466824554308701,0.38630416124863054,class=705:n03895866.pkl:1;n03895866.pkl:7;n03895866.pkl:49|class=547:n03272562.pkl:14;n03272562.pkl:54;n03272562.pkl:72|class=565:n03393912.pkl:47;n03393912.pkl:98;n03393912.pkl:221
resnet,1260,1260,+,3,2,2,2,0.549368371240031,0.4111351020748374,0.40417924824746226,0.4195782413779226,0.4492874780492708,0.6925501321795026,class=783:n04153751.pkl:0;n04153751.pkl:1;n04153751.pkl:2|class=677:n03804744.pkl:2;n03804744.pkl:3;n03804744.pkl:12|class=422:n02790996.pkl:839;n02790996.pkl:844
resnet,1261,1261,+,6,4,1,1,0.19248417950224117,0.34615229955826987,0.11381069161492063,0.24669482734035478,0.08636868010139025,0.9497404985716731,class=595:n03496892.pkl:4;n03496892.pkl:7;n03496892.pkl:11|class=744:n04008634.pkl:185;n04008634.pkl:492;n04008634.pkl:670|class=856:n04428191.pkl:144;n04428191.pkl:849;n04428191.pkl:913
resnet,1262,1262,+,7,6,2,0,0.10591302588219252,0.10252512133634314,0.005784084550455363,0.006976385169950743,0.6784435426565084,0.35068013576774343,class=846:n04380533.pkl:58;n04380533.pkl:162;n04380533.pkl:224|class=689:n03866082.pkl:35;n03866082.pkl:105;n03866082.pkl:248|class=423:n02791124.pkl:76;n02791124.pkl:184;n02791124.pkl:1017
resnet,1263,1263,+,4,3,2,1,0.3142917384123414,0.39938648173953706,0.25453460335337946,0.43043177128792726,0.07137839595781052,0.9649159480854892,class=493:n03016953.pkl:0;n03016953.pkl:1;n03016953.pkl:2|class=492:n03014705.pkl:28;n03014705.pkl:29;n03014705.pkl:127|class=878:n04505470.pkl:29;n04505470.pkl:1079
resnet,1264,1264,+,3,3,1,0,0.35976398401089277,0.1645228783317838,0.011314212444434967,0.012632442394047342,0.4346465436699885,0.7488655874989383,class=768:n04118538.pkl:9;n04118538.pkl:92;n04118538.pkl:180|class=494:n03017168.pkl:227;n03017168.pkl:232;n03017168.pkl:284|class=422:n02790996.pkl:372
resnet,1265,1265,+,2,1,1,1,0.4654534876757099,0.4612954835177057,0.3694604861271528,0.3663419830086497,0.03936769057118291,0.9915949280939682,class=433:n02807133.pkl:0;n02807133.pkl:2;n02807133.pkl:3|class=923:n07579787.pkl:200;n07579787.pkl:897;n07579787.pkl:914
resnet,1266,1266,+,2,2,2,2,0.8570342914678746,0.12695717064525247,0.44084179943099044,0.2827441130556691,0.6785727211449158,0.7056797871449638,class=657:n03773504.pkl:1;n03773504.pkl:2;n03773504.pkl:3|class=744:n04008634.pkl:9;n04008634.pkl:17;n04008634.pkl:24
resnet,1267,1267,+,3,3,3,2,0.6666061443078781,0.39009007437234494,0.43303469135170064,0.3041518651812469,0.6727792266637507,0.497775932801838,class=73:n01773549.pkl:2;n01773549.pkl:5;n01773549.pkl:8|class=74:n01773797.pkl:3;n01773797.pkl:13;n01773797.pkl:15|class=540:n03240683.pkl:9;n03240683.pkl:29;n03240683.pkl:35
resnet,1268,1268,+,8,5,1,1,0.06677307090573509,0.116663147873131,0.01586700925055199,0.03600493365087855,0.2944373920152849,0.7686412847351456,class=961:n07860988.pkl:10;n07860988.pkl:15;n07860988.pkl:16|class=282:n02123159.pkl:420;n02123159.pkl:1120|class=618:n03633091.pkl:59;n03633091.pkl:331;n03633091.pkl:1230
resnet,1269,1269,+,8,7,5,2,0.1797275864417316,0.16147860954725404,0.027552582556440712,0.028700887718516466,0.7436292069611312,0.2606363354248921,class=235:n02106662.pkl:30;n02106662.pkl:32;n02106662.pkl:70|class=567:n03400231.pkl:23;n03400231.pkl:36;n03400231.pkl:39|class=378:n02492035.pkl:33;n02492035.pkl:40;n02492035.pkl:118
resnet,1270,1270,+,8,5,0,0,0.040002436164592245,0.0357169166812572,0.0017721446544282102,0.0010661463563856883,0.9226606280321521,0.1702423681038232,class=358:n02443114.pkl:26;n02443114.pkl:59;n02443114.pkl:231|class=342:n02396427.pkl:524;n02396427.pkl:603;n02396427.pkl:1268|class=298:n02137549.pkl:75;n02137549.pkl:375
resnet,1271,1271,+,5,4,2,1,0.24044366239878562,0.3138576084354565,0.14915479139813886,0.2864398729103562,0.10158134665999922,0.9376027416137175,class=764:n04090263.pkl:1;n04090263.pkl:2;n04090263.pkl:7|class=733:n03976657.pkl:16;n03976657.pkl:29;n03976657.pkl:158|class=912:n04604644.pkl:355;n04604644.pkl:774;n04604644.pkl:1257
resnet,1272,1272,+,8,3,1,1,0.06136561114441255,0.1279276608497041,0.00997543474195606,0.022888952493206768,0.27604555171983564,0.783109537543003,class=78:n01776313.pkl:12;n01776313.pkl:30;n01776313.pkl:36|class=356:n02441942.pkl:206;n02441942.pkl:1082|class=631:n03690938.pkl:694;n03690938.pkl:1182
resnet,1273,1273,+,3,3,1,1,0.19313647466329056,0.18377598794981403,0.11012055117386088,0.15192039343416533,0.08359681197949405,0.9677493594566668,class=611:n03598930.pkl:2;n03598930.pkl:11;n03598930.pkl:12|class=782:n04152593.pkl:461;n04152593.pkl:539;n04152593.pkl:738|class=620:n03642806.pkl:51
resnet,1274,1274,+,1,1,1,1,0.9992088607594937,0.0,0.9984177215189873,0.0,0.0,1.0,class=766:n04111531.pkl:0;n04111531.pkl:1;n04111531.pkl:2
resnet,1275,1275,+,5,3,2,2,0.20027140629496637,0.26629895695476347,0.08901683835363913,0.12075350768722394,0.42227432739416654,0.5680316557264796,class=494:n03017168.pkl:0;n03017168.pkl:4;n03017168.pkl:8|class=442:n02825657.pkl:0;n02825657.pkl:4;n02825657.pkl:5|class=899:n04560804.pkl:170;n04560804.pkl:537;n04560804.pkl:975
resnet,1276,1276,+,10,6,4,2,0.11764285992488606,0.11745742061236324,0.02545237175792923,0.036403144691849305,0.6107573422377526,0.30456026983387424,class=567:n03400231.pkl:6;n03400231.pkl:8;n03400231.pkl:38|class=968:n07930864.pkl:6;n07930864.pkl:39;n07930864.pkl:41|class=818:n04286575.pkl:386;n04286575.pkl:395;n04286575.pkl:428
resnet,1277,1277,+,17,16,6,1,0.23593219222412004,0.22176048569487852,0.020245521974183164,0.04449087027442653,0.6037326496243085,0.34289977780552466,class=526:n03179701.pkl:2;n03179701.pkl:5;n03179701.pkl:7|class=527:n03180011.pkl:3;n03180011.pkl:30;n03180011.pkl:41|class=632:n03691459.pkl:20;n03691459.pkl:100;n03691459.pkl:344
resnet,1278,1278,+,8,6,4,3,0.3091464422358604,0.36888153741105645,0.1253951953968254,0.19979167591623853,0.476397729451034,0.4423240582028756,class=982:n10148035.pkl:0;n10148035.pkl:4;n10148035.pkl:5|class=578:n03450230.pkl:2;n03450230.pkl:5;n03450230.pkl:10|class=689:n03866082.pkl:15;n03866082.pkl:24;n03866082.pkl:49
resnet,1279,1279,+,4,4,4,3,0.7486834070181916,0.3734274390494239,0.49721905434127944,0.34241270211482844,0.7746966758641806,0.36856164487478704,class=266:n02113712.pkl:0;n02113712.pkl:2;n02113712.pkl:3|class=267:n02113799.pkl:1;n02113799.pkl:2;n02113799.pkl:4|class=265:n02113624.pkl:7;n02113624.pkl:12;n02113624.pkl:14
resnet,1280,1280,+,1,1,1,1,0.952161913523459,0.0,0.8739650413983441,0.0,0.0,1.0,class=908:n04592741.pkl:0;n04592741.pkl:2;n04592741.pkl:5
resnet,1281,1281,+,4,3,0,0,0.02032687513693286,0.013429627903702028,0.0020007874114144975,0.0009453843490432113,0.9176685034611696,0.305815514538599,class=836:n04355933.pkl:270;n04355933.pkl:709;n04355933.pkl:996|class=764:n04090263.pkl:384;n04090263.pkl:900|class=233:n02106382.pkl:723;n02106382.pkl:1149
resnet,1282,1282,+,7,7,2,1,0.11623281871378562,0.056058320461468684,0.025402600329447304,0.051833084466518096,0.32546989171097146,0.7376417441144246,class=6:n01498041.pkl:8;n01498041.pkl:10;n01498041.pkl:19|class=638:n03710637.pkl:368;n03710637.pkl:491;n03710637.pkl:544|class=842:n04371430.pkl:624;n04371430.pkl:716;n04371430.pkl:728
resnet,1283,1283,+,6,5,2,1,0.09048727538798335,0.10916659739879184,0.022871391517104864,0.04233823751171805,0.31467960928572297,0.7377889731534368,class=927:n07613480.pkl:1;n07613480.pkl:2;n07613480.pkl:3|class=928:n07614500.pkl:19;n07614500.pkl:29;n07614500.pkl:252|class=868:n04476259.pkl:174;n04476259.pkl:408;n04476259.pkl:443
resnet,1284,1284,+,4,2,1,1,0.2577321681916407,0.3496718218241541,0.022365520579852062,0.032724740635393046,0.32615664328888266,0.7852225618884331,class=545:n03271574.pkl:4;n03271574.pkl:12;n03271574.pkl:23|class=409:n02708093.pkl:322;n02708093.pkl:617;n02708093.pkl:730|class=908:n04592741.pkl:45;n04592741.pkl:608
resnet,1285,1285,+,3,3,1,1,0.40087194530584486,0.3572307513629938,0.1275375688870991,0.17295030122538935,0.12160957419557539,0.9463116643229917,class=784:n04154565.pkl:1;n04154565.pkl:8;n04154565.pkl:20|class=418:n02783161.pkl:110;n02783161.pkl:234;n02783161.pkl:371|class=535:n03208938.pkl:959
resnet,1286,1286,+,8,6,5,1,0.324773011101566,0.277455506405499,0.01841217559188109,0.024168668967059687,0.6588539105403073,0.34037994595841203,class=441:n02823750.pkl:17;n02823750.pkl:29;n02823750.pkl:38|class=968:n07930864.pkl:37;n07930864.pkl:106;n07930864.pkl:249|class=438:n02815834.pkl:1;n02815834.pkl:5;n02815834.pkl:46
resnet,1287,1287,+,9,4,0,0,0.012166392204541064,0.012964659513815148,0.00224307695475342,0.0015754607736020005,0.906829131272891,0.16592420704853464,class=23:n01616318.pkl:336;n01616318.pkl:406;n01616318.pkl:494|class=374:n02488291.pkl:58;n02488291.pkl:431;n02488291.pkl:1195|class=82:n01797886.pkl:63;n01797886.pkl:399
resnet,1288,1288,+,3,3,2,1,0.5320411500642757,0.3305165845306408,0.3380403718549581,0.46397148202779465,0.0918362777311334,0.9612820522002181,class=438:n02815834.pkl:0;n02815834.pkl:1;n02815834.pkl:2|class=899:n04560804.pkl:94;n04560804.pkl:147;n04560804.pkl:234|class=631:n03690938.pkl:506
resnet,1289,1289,+,4,3,0,0,0.028919916177365602,0.033025123894437694,0.00205037639301351,0.0013887046628261541,0.8455340106696919,0.3646813007510079,class=423:n02791124.pkl:139;n02791124.pkl:337;n02791124.pkl:345|class=536:n03216828.pkl:634;n03216828.pkl:1119|class=966:n07892512.pkl:546
resnet,1290,1290,+,6,5,3,3,0.4829662526257846,0.3623230514879018,0.17801399667965168,0.1985427644367215,0.6075938097909135,0.373990188182702,class=246:n02109047.pkl:0;n02109047.pkl:2;n02109047.pkl:5|class=238:n02107574.pkl:4;n02107574.pkl:8;n02107574.pkl:14|class=101:n01871265.pkl:6;n01871265.pkl:7;n01871265.pkl:8
resnet,1291,1291,+,2,2,2,1,0.5815451529437909,0.41608330555423273,0.5049081702303284,0.4840246360937822,0.14524464633612805,0.9594943143130974,class=140:n02027492.pkl:0;n02027492.pkl:1;n02027492.pkl:2|class=628:n03673027.pkl:35;n03673027.pkl:137;n03673027.pkl:198
resnet,1292,1292,+,4,4,2,2,0.5262077218013046,0.398522927958709,0.18742501658355581,0.19283418332269361,0.5117143525673266,0.5146384465654541,class=909:n04596742.pkl:4;n04596742.pkl:6;n04596742.pkl:7|class=567:n03400231.pkl:4;n03400231.pkl:5;n03400231.pkl:6|class=813:n04270147.pkl:560;n04270147.pkl:1072;n04270147.pkl:1257
resnet,1293,1293,+,5,4,2,1,0.21847107568365093,0.3743045415998173,0.16680782774526257,0.3144918070098685,0.13397948113151031,0.9109119489253754,class=426:n02794156.pkl:1;n02794156.pkl:2;n02794156.pkl:4|class=544:n03259280.pkl:4;n03259280.pkl:11;n03259280.pkl:31|class=485:n02988304.pkl:27;n02988304.pkl:460;n02988304.pkl:825
resnet,1294,1294,+,2,2,1,1,0.3047668808652992,0.26434508824666997,0.2019837688554736,0.20110503423332948,0.022374122226515403,0.9956589425456712,class=9:n01518878.pkl:2;n01518878.pkl:4;n01518878.pkl:5|class=134:n02012849.pkl:135
resnet,1295,1295,+,10,9,5,1,0.18162380519646923,0.23547475975360402,0.02651682543749832,0.042382022458535513,0.6389358061869421,0.3554584632636589,class=158:n02087046.pkl:14;n02087046.pkl:33;n02087046.pkl:39|class=188:n02095314.pkl:6;n02095314.pkl:34;n02095314.pkl:56|class=256:n02111277.pkl:35;n02111277.pkl:53;n02111277.pkl:74
resnet,1296,1296,+,4,2,0,0,0.04958160325511355,0.05137015618726122,0.0013494524537147332,0.0004116245383331615,0.9659276591578966,0.27326094461674055,class=762:n04081281.pkl:382;n04081281.pkl:762|class=511:n03100240.pkl:231;n03100240.pkl:260|class=582:n03461385.pkl:992
resnet,1297,1297,+,1,1,1,1,1.0,0.0,0.9991638795986622,0.0,0.0,1.0,class=882:n04517823.pkl:0;n04517823.pkl:1;n04517823.pkl:2
resnet,1298,1298,+,8,6,4,1,0.04228004329028372,0.037485093413892466,0.02073792914155983,0.02910302319733117,0.635865049614603,0.3711815215174,class=662:n03777754.pkl:7;n03777754.pkl:25;n03777754.pkl:47|class=978:n09428293.pkl:15;n09428293.pkl:31;n09428293.pkl:35|class=193:n02096294.pkl:30;n02096294.pkl:117;n02096294.pkl:197
resnet,1299,1299,+,1,1,1,1,0.9384372533543804,0.0,0.9068666140489345,0.0,0.0,1.0,class=417:n02782093.pkl:0;n02782093.pkl:1;n02782093.pkl:2
resnet,1300,1300,+,11,10,7,3,0.4465698892830048,0.31956837232144664,0.08021387555372006,0.12036398443216742,0.6131137830279676,0.29560135358417655,class=244:n02108551.pkl:4;n02108551.pkl:5;n02108551.pkl:7|class=234:n02106550.pkl:9;n02106550.pkl:13;n02106550.pkl:14|class=200:n02097474.pkl:6;n02097474.pkl:16;n02097474.pkl:18
resnet,1301,1301,+,11,6,1,0,0.031525410342874566,0.04578862971537889,0.003784433187773045,0.007201655365885303,0.6012603923815787,0.4201170291883871,class=335:n02356798.pkl:5;n02356798.pkl:23;n02356798.pkl:252|class=912:n04604644.pkl:650;n04604644.pkl:654;n04604644.pkl:876|class=285:n02124075.pkl:7;n02124075.pkl:677;n02124075.pkl:747
resnet,1302,1302,+,4,3,1,1,0.3153253153463964,0.40359695627438513,0.24003405372843437,0.412001554568523,0.03322042191321347,0.9865326420131859,class=949:n07745940.pkl:0;n07745940.pkl:2;n07745940.pkl:3|class=868:n04476259.pkl:408;n04476259.pkl:491;n04476259.pkl:1161|class=631:n03690938.pkl:937
resnet,1303,1303,+,10,6,4,2,0.1714427236814639,0.23680988223355495,0.03288719823337497,0.05256922473733827,0.5341857512534337,0.35551087689189903,class=904:n04589890.pkl:12;n04589890.pkl:14;n04589890.pkl:27|class=799:n04239074.pkl:0;n04239074.pkl:7;n04239074.pkl:11|class=454:n02871525.pkl:8;n02871525.pkl:59;n02871525.pkl:87
resnet,1304,1304,+,12,6,1,0,0.02573480293560351,0.033491776469576476,0.003066033565331139,0.00390020650651036,0.7921869492745186,0.21817997936938197,class=202:n02098105.pkl:21;n02098105.pkl:85;n02098105.pkl:105|class=155:n02086240.pkl:27;n02086240.pkl:260;n02086240.pkl:515|class=198:n02097209.pkl:258;n02097209.pkl:495;n02097209.pkl:1102
resnet,1305,1305,+,5,4,1,1,0.19116954756427412,0.31905700512748086,0.1223528535506554,0.2406508443312279,0.05354144039605097,0.9737070783311068,class=570:n03424325.pkl:0;n03424325.pkl:2;n03424325.pkl:7|class=764:n04090263.pkl:325;n04090263.pkl:604;n04090263.pkl:1134|class=479:n02974003.pkl:405;n02974003.pkl:1290
resnet,1306,1306,+,7,6,2,0,0.18879742013671083,0.17507032226641592,0.004745274971593534,0.00454850384586342,0.7772655439420395,0.2741122847793734,class=585:n03476991.pkl:20;n03476991.pkl:21;n03476991.pkl:233|class=744:n04008634.pkl:41;n04008634.pkl:116;n04008634.pkl:492|class=675:n03796401.pkl:288;n03796401.pkl:558;n03796401.pkl:678
resnet,1307,1307,+,1,1,1,1,1.0,0.0,0.9991909385113269,0.0,0.0,1.0,class=305:n02172182.pkl:0;n02172182.pkl:1;n02172182.pkl:2
resnet,1308,1308,+,4,3,3,3,0.6906864394501112,0.39924339388398616,0.33186734938625917,0.23093473902893397,0.7544416651600675,0.3710568840153322,class=856:n04428191.pkl:1;n04428191.pkl:2;n04428191.pkl:4|class=595:n03496892.pkl:0;n03496892.pkl:2;n03496892.pkl:3|class=866:n04465501.pkl:2;n04465501.pkl:6;n04465501.pkl:15
resnet,1309,1309,+,9,5,1,0,0.06999082581335186,0.1001293731748981,0.005044921052328787,0.008836829389869977,0.6054894196613589,0.4520226352756169,class=979:n09468604.pkl:94;n09468604.pkl:110;n09468604.pkl:121|class=497:n03028079.pkl:17;n03028079.pkl:247;n03028079.pkl:1030|class=912:n04604644.pkl:268;n04604644.pkl:643;n04604644.pkl:1147
resnet,1310,1310,+,2,2,2,1,0.6122536418166238,0.38774635818337616,0.5145672664952871,0.48543273350471294,0.1858431504908212,0.944983399207294,class=294:n02132136.pkl:1;n02132136.pkl:2;n02132136.pkl:3|class=342:n02396427.pkl:15;n02396427.pkl:18;n02396427.pkl:26
resnet,1311,1311,+,8,6,1,1,0.2079866154917828,0.23326313222284256,0.025084716504070022,0.06115861323852707,0.17439909149148247,0.8680309039669211,class=621:n03649909.pkl:6;n03649909.pkl:7;n03649909.pkl:8|class=866:n04465501.pkl:59;n04465501.pkl:275;n04465501.pkl:444|class=603:n03538406.pkl:906;n03538406.pkl:1036;n03538406.pkl:1276
resnet,1312,1312,+,16,7,2,1,0.08779115595631046,0.1506978128330546,0.010403661122288514,0.02780538403375053,0.43670331853525796,0.5089423831146026,class=172:n02091134.pkl:3;n02091134.pkl:13;n02091134.pkl:45|class=177:n02092002.pkl:11;n02092002.pkl:12;n02092002.pkl:74|class=160:n02088094.pkl:180;n02088094.pkl:188;n02088094.pkl:266
resnet,1313,1313,+,4,2,1,1,0.12489514160714635,0.1976044951765797,0.06332070629201092,0.10721750665359284,0.07366162150742263,0.9667701565985963,class=430:n02802426.pkl:2;n02802426.pkl:5;n02802426.pkl:8|class=768:n04118538.pkl:7;n04118538.pkl:62;n04118538.pkl:103|class=665:n03785016.pkl:39
resnet,1314,1314,+,9,5,2,2,0.06726276202846306,0.11280440164053121,0.025609532852019737,0.05137312019730239,0.3823513511224919,0.5582331378688713,class=492:n03014705.pkl:11;n03014705.pkl:15;n03014705.pkl:24|class=519:n03127925.pkl:50;n03127925.pkl:73;n03127925.pkl:84|class=987:n12144580.pkl:7;n12144580.pkl:276;n12144580.pkl:326
resnet,1315,1315,+,18,8,3,1,0.07474107111998832,0.1262975682450289,0.01077909115144853,0.02301941699115649,0.5878851893360274,0.3089236039462051,class=201:n02097658.pkl:1;n02097658.pkl:8;n02097658.pkl:10|class=265:n02113624.pkl:25;n02113624.pkl:45;n02113624.pkl:58|class=202:n02098105.pkl:49;n02098105.pkl:164;n02098105.pkl:215
resnet,1316,1316,+,15,10,2,1,0.0781112763784153,0.11180154355026639,0.013156577027639014,0.036009545875183735,0.39662581608340625,0.5660777821776793,class=818:n04286575.pkl:32;n04286575.pkl:41;n04286575.pkl:137|class=846:n04380533.pkl:162;n04380533.pkl:189;n04380533.pkl:224|class=689:n03866082.pkl:62;n03866082.pkl:105;n03866082.pkl:115
resnet,1317,1317,+,4,3,1,1,0.3294012824735736,0.399898331059308,0.25009468114973527,0.43154642476432087,0.016220385816891225,0.9943653412107898,class=929:n07615774.pkl:0;n07615774.pkl:1;n07615774.pkl:2|class=494:n03017168.pkl:855|class=928:n07614500.pkl:252
resnet,1318,1318,+,7,5,2,2,0.13467346123352758,0.20360579657517122,0.0459838502967353,0.06848333732617033,0.48701065609799005,0.45971255324609483,class=584:n03476684.pkl:3;n03476684.pkl:8;n03476684.pkl:24|class=689:n03866082.pkl:5;n03866082.pkl:14;n03866082.pkl:19|class=899:n04560804.pkl:176;n04560804.pkl:492;n04560804.pkl:656
resnet,1319,1319,+,2,2,1,1,0.5093474139424929,0.48880586398917836,0.4967734092713724,0.49583970245531267,0.0108049452727034,0.9981222236783351,class=928:n07614500.pkl:0;n07614500.pkl:1;n07614500.pkl:2|class=969:n07932039.pkl:456
resnet,1320,1320,+,10,6,1,0,0.05033478051932263,0.07229220388982528,0.00266771933802415,0.0030476974330869732,0.805983760061752,0.2305159006378776,class=782:n04152593.pkl:7;n04152593.pkl:356;n04152593.pkl:539|class=710:n03908714.pkl:111;n03908714.pkl:143;n03908714.pkl:184|class=662:n03777754.pkl:46;n03777754.pkl:356;n03777754.pkl:1037
resnet,1321,1321,+,5,5,2,1,0.43344187598212197,0.31210360750800786,0.09889756637879088,0.1863484120123226,0.15056463526940037,0.9100847381237253,class=666:n03786901.pkl:1;n03786901.pkl:2;n03786901.pkl:3|class=744:n04008634.pkl:426;n04008634.pkl:482;n04008634.pkl:590|class=665:n03785016.pkl:282;n03785016.pkl:611;n03785016.pkl:867
resnet,1322,1322,+,2,2,1,1,0.32467742049896076,0.2994101707419151,0.03029126144722748,0.029319444148879572,0.1185948566699938,0.968432210411057,class=380:n02493509.pkl:29;n02493509.pkl:30;n02493509.pkl:113|class=998:n13133613.pkl:606
resnet,1323,1323,+,4,2,1,1,0.23708692184995006,0.38237678555010945,0.1900496136565911,0.3265067386033107,0.0310374304911117,0.9878877904065146,class=469:n02939185.pkl:0;n02939185.pkl:1;n02939185.pkl:2|class=427:n02795169.pkl:217;n02795169.pkl:499;n02795169.pkl:791|class=435:n02808440.pkl:154
resnet,1324,1324,+,3,2,1,1,0.3408042673966511,0.4661842548846005,0.3339410076929636,0.4709748303562536,0.01325280419013697,0.9963655562019579,class=375:n02488702.pkl:0;n02488702.pkl:1;n02488702.pkl:2|class=371:n02486261.pkl:341|class=370:n02484975.pkl:683
resnet,1325,1325,+,1,1,1,1,1.0,0.0,1.0,0.0,0.0,1.0,class=684:n03840681.pkl:0;n03840681.pkl:1;n03840681.pkl:2
resnet,1326,1326,+,4,4,1,1,0.332697068609912,0.3623985863153682,0.15254267854570952,0.26021678620697436,0.05268498591230184,0.9774914445119719,class=60:n01740131.pkl:2;n01740131.pkl:11;n01740131.pkl:12|class=67:n01755581.pkl:337;n01755581.pkl:900;n01755581.pkl:927|class=68:n01756291.pkl:134;n01756291.pkl:722
resnet,1327,1327,+,5,4,2,1,0.24619951160959933,0.3796578954028945,0.20513791751404464,0.397477877036242,0.08615337512646087,0.9508687567815703,class=728:n03958227.pkl:0;n03958227.pkl:1;n03958227.pkl:2|class=999:n15075141.pkl:32;n15075141.pkl:240;n15075141.pkl:271|class=578:n03450230.pkl:502;n03450230.pkl:554;n03450230.pkl:730
resnet,1328,1328,+,8,7,2,2,0.26701759404825876,0.3532177171031507,0.1029798324314943,0.2097095614525048,0.2865673252292622,0.6433726929019679,class=733:n03976657.pkl:0;n03976657.pkl:2;n03976657.pkl:4|class=557:n03355925.pkl:2;n03355925.pkl:4;n03355925.pkl:5|class=602:n03535780.pkl:326;n03535780.pkl:540;n03535780.pkl:711
resnet,1329,1329,+,3,3,1,1,0.3664570917449322,0.44799103419957553,0.33639193110549465,0.4692517306821631,0.04967782822067436,0.9819668279919036,class=437:n02814860.pkl:0;n02814860.pkl:1;n02814860.pkl:2|class=497:n03028079.pkl:100;n03028079.pkl:245;n03028079.pkl:325|class=716:n03930313.pkl:596
resnet,1330,1330,+,29,4,2,0,0.005084101656814604,0.009256019262145303,0.0024152154443982774,0.0035910646817004844,0.8171487612022942,0.11071465138820238,class=671:n03792782.pkl:113;n03792782.pkl:196;n03792782.pkl:314|class=518:n03127747.pkl:387;n03127747.pkl:395;n03127747.pkl:420|class=843:n04371774.pkl:189;n04371774.pkl:331;n04371774.pkl:572
resnet,1331,1331,+,3,3,2,2,0.6818474091330916,0.4484352583042798,0.6566994638446223,0.4631634700764917,0.6373066480996608,0.4991445935057831,class=342:n02396427.pkl:0;n02396427.pkl:1;n02396427.pkl:2|class=341:n02395406.pkl:0;n02395406.pkl:5;n02395406.pkl:6|class=101:n01871265.pkl:320;n01871265.pkl:447
resnet,1332,1332,+,4,3,2,2,0.43303221185847923,0.4230946720598977,0.1632632579206058,0.190663207340084,0.4619694012472453,0.5909548561426677,class=245:n02108915.pkl:2;n02108915.pkl:3;n02108915.pkl:4|class=331:n02326432.pkl:16;n02326432.pkl:19;n02326432.pkl:22|class=332:n02328150.pkl:126;n02328150.pkl:272;n02328150.pkl:386
resnet,1333,1333,+,10,9,4,1,0.1673394897510178,0.25957777396466913,0.017363583702941363,0.02419955248137187,0.6509352646755858,0.2942387790562887,class=762:n04081281.pkl:15;n04081281.pkl:50;n04081281.pkl:60|class=706:n03899768.pkl:6;n03899768.pkl:8;n03899768.pkl:11|class=526:n03179701.pkl:148;n03179701.pkl:191;n03179701.pkl:192
resnet,1334,1334,+,4,4,2,1,0.0999505252691855,0.1069604136855445,0.0453171184507107,0.06975348820226727,0.2584989047210021,0.8423075873625488,class=897:n04554684.pkl:2;n04554684.pkl:6;n04554684.pkl:7|class=535:n03208938.pkl:197;n03208938.pkl:420;n03208938.pkl:446|class=409:n02708093.pkl:208;n02708093.pkl:482;n02708093.pkl:1032
resnet,1335,1335,+,9,5,1,1,0.09456565754059638,0.24384980019629196,0.03431789974333344,0.09084223068454471,0.14920184317304047,0.889670360107146,class=304:n02169497.pkl:1;n02169497.pkl:3;n02169497.pkl:5|class=312:n02229544.pkl:104;n02229544.pkl:158;n02229544.pkl:447|class=317:n02259212.pkl:68;n02259212.pkl:155;n02259212.pkl:308
resnet,1336,1336,+,3,1,1,1,0.3374200116346713,0.46851825673252206,0.3351585223967423,0.470115364893267,0.033509704100335734,0.9891570260720189,class=333:n02342885.pkl:0;n02342885.pkl:1;n02342885.pkl:2|class=358:n02443114.pkl:59;n02443114.pkl:231;n02443114.pkl:345|class=356:n02441942.pkl:1298
resnet,1337,1337,+,1,1,1,1,0.9937694704049844,0.0,0.9470404984423676,0.0,0.0,1.0,class=15:n01558993.pkl:0;n01558993.pkl:1;n01558993.pkl:2
resnet,1338,1338,+,31,21,13,6,0.2065187408915389,0.2339805411729012,0.03567054529393336,0.07563374541066464,0.6408840401203666,0.17728545210879734,class=526:n03179701.pkl:1;n03179701.pkl:2;n03179701.pkl:5|class=527:n03180011.pkl:6;n03180011.pkl:7;n03180011.pkl:12|class=782:n04152593.pkl:7;n04152593.pkl:18;n04152593.pkl:140
resnet,1339,1339,+,21,15,5,3,0.12860445439459905,0.18920935173009626,0.038015616703280214,0.11749671900333353,0.3784941949748927,0.5025108430993569,class=482:n02979186.pkl:1;n02979186.pkl:5;n02979186.pkl:13|class=810:n04264628.pkl:12;n04264628.pkl:30;n04264628.pkl:38|class=856:n04428191.pkl:1;n04428191.pkl:2;n04428191.pkl:4
resnet,1340,1340,+,1,1,1,1,0.9697601668404588,0.0,0.7539103232533889,0.0,0.0,1.0,class=499:n03041632.pkl:1;n03041632.pkl:4;n03041632.pkl:5
resnet,1341,1341,+,1,1,1,1,0.43874891398783666,0.0,0.3049522154648132,0.0,0.0,1.0,class=767:n04116512.pkl:1;n04116512.pkl:6;n04116512.pkl:8
resnet,1342,1342,+,8,7,4,3,0.40499085135969354,0.3738764773015055,0.16087743384330436,0.2182077284937277,0.5473614875433077,0.35496408218022163,class=203:n02098286.pkl:0;n02098286.pkl:2;n02098286.pkl:6|class=192:n02096177.pkl:0;n02096177.pkl:2;n02096177.pkl:3|class=199:n02097298.pkl:5;n02097298.pkl:12;n02097298.pkl:13
resnet,1343,1343,+,1,1,1,1,0.6486028789161727,0.0,0.6375952582557155,0.0,0.0,1.0,class=760:n04070727.pkl:2;n04070727.pkl:5;n04070727.pkl:8
resnet,1344,1344,+,8,8,8,6,0.6529842841842186,0.280619517177304,0.36622497635779666,0.3550167931729567,0.7653519807989534,0.24246592074724327,class=219:n02102318.pkl:0;n02102318.pkl:1;n02102318.pkl:3|class=220:n02102480.pkl:3;n02102480.pkl:4;n02102480.pkl:5|class=217:n02102040.pkl:4;n02102040.pkl:6;n02102040.pkl:7
resnet,1345,1345,+,8,8,3,3,0.3515991464059255,0.37991285611079795,0.1029136131199929,0.14490417421948218,0.5308608022278922,0.37281418041798176,class=975:n09332890.pkl:1;n09332890.pkl:3;n09332890.pkl:5|class=536:n03216828.pkl:0;n03216828.pkl:4;n03216828.pkl:5|class=449:n02859443.pkl:3;n02859443.pkl:8;n02859443.pkl:12
resnet,1346,1346,+,13,8,3,1,0.11557406192883282,0.16136168165938086,0.023354049231216072,0.062155964151923745,0.35279327955996603,0.6217993290127072,class=695:n03874599.pkl:8;n03874599.pkl:12;n03874599.pkl:13|class=771:n04125021.pkl:5;n04125021.pkl:69;n04125021.pkl:91|class=896:n04553703.pkl:119;n04553703.pkl:138;n04553703.pkl:185
resnet,1347,1347,+,7,7,5,5,0.6115439885359839,0.3870452700398541,0.44983765114208385,0.44796818262426186,0.6918978891029263,0.2845293605209094,class=166:n02089867.pkl:0;n02089867.pkl:1;n02089867.pkl:2|class=161:n02088238.pkl:0;n02088238.pkl:2;n02088238.pkl:3|class=162:n02088364.pkl:0;n02088364.pkl:1;n02088364.pkl:2
resnet,1348,1348,+,17,6,1,1,0.023942689926191342,0.043913857933523155,0.00787039674289245,0.023803419315826264,0.39086221096233087,0.596890733312421,class=429:n02799071.pkl:14;n02799071.pkl:62;n02799071.pkl:65|class=345:n02403003.pkl:47;n02403003.pkl:373;n02403003.pkl:588|class=479:n02974003.pkl:984;n02974003.pkl:1122;n02974003.pkl:1219
resnet,1349,1349,+,6,5,3,1,0.38661873042976014,0.3620939263800045,0.17740267209812513,0.36631020279757975,0.16670828408626268,0.8772687328439882,class=176:n02091831.pkl:0;n02091831.pkl:1;n02091831.pkl:3|class=173:n02091244.pkl:5;n02091244.pkl:41;n02091244.pkl:42|class=172:n02091134.pkl:13;n02091134.pkl:24;n02091134.pkl:31
resnet,1350,1350,+,6,5,2,1,0.2414146697937206,0.24239155642368548,0.057173743909932954,0.11116984423402101,0.25293776110581906,0.7967956847597006,class=718:n03933933.pkl:3;n03933933.pkl:4;n03933933.pkl:5|class=536:n03216828.pkl:36;n03216828.pkl:257;n03216828.pkl:288|class=698:n03877845.pkl:20;n03877845.pkl:269;n03877845.pkl:575
resnet,1351,1351,+,6,5,4,3,0.585746791722367,0.3434284433167866,0.2708683058508988,0.32380369520833324,0.5880138716973657,0.40484155366339264,class=578:n03450230.pkl:1;n03450230.pkl:2;n03450230.pkl:3|class=689:n03866082.pkl:3;n03866082.pkl:8;n03866082.pkl:9|class=638:n03710637.pkl:4;n03710637.pkl:27;n03710637.pkl:29
resnet,1352,1352,+,8,5,0,0,0.0313316183676804,0.037514586639230026,0.0020840600900214035,0.0024303280838545486,0.7808236437733495,0.2949884250389962,class=532:n03201208.pkl:30;n03201208.pkl:393;n03201208.pkl:438|class=435:n02808440.pkl:226;n02808440.pkl:1221|class=427:n02795169.pkl:320;n02795169.pkl:791
resnet,1353,1353,+,10,7,3,2,0.15581961200690256,0.1886310900558606,0.046475434470145974,0.10493565962148897,0.35515100568791197,0.6097993493116273,class=685:n03841143.pkl:3;n03841143.pkl:4;n03841143.pkl:13|class=485:n02988304.pkl:17;n02988304.pkl:86;n02988304.pkl:89|class=482:n02979186.pkl:97;n02979186.pkl:140;n02979186.pkl:317
resnet,1354,1354,+,7,4,2,1,0.1013775268198649,0.13689494524721207,0.020983596974971902,0.04151522281023565,0.35360893120911097,0.7020438431209627,class=965:n07880968.pkl:15;n07880968.pkl:19;n07880968.pkl:21|class=692:n03871628.pkl:37;n03871628.pkl:93;n03871628.pkl:107|class=934:n07697537.pkl:59;n07697537.pkl:206;n07697537.pkl:281
resnet,1355,1355,+,6,4,3,1,0.31510801334996563,0.3961906496324708,0.089578378139686,0.18047652377611723,0.21159261885301256,0.8431915795750641,class=238:n02107574.pkl:1;n02107574.pkl:2;n02107574.pkl:3|class=622:n03657121.pkl:59;n03657121.pkl:93;n03657121.pkl:154|class=241:n02108000.pkl:13;n02108000.pkl:33;n02108000.pkl:507
resnet,1356,1356,+,2,2,2,1,0.6414989882320583,0.038094732912909324,0.2282379521031021,0.21346417555647237,0.20611625519875143,0.937365257284946,class=960:n07836838.pkl:0;n07836838.pkl:1;n07836838.pkl:4|class=928:n07614500.pkl:19;n07614500.pkl:29;n07614500.pkl:252
resnet,1357,1357,+,4,3,1,1,0.24418602984754825,0.178800504378114,0.021825441765896562,0.033587932431251515,0.2600456361426139,0.8420800998409015,class=781:n04149813.pkl:6;n04149813.pkl:28;n04149813.pkl:44|class=498:n03032252.pkl:134;n03032252.pkl:209;n03032252.pkl:440|class=664:n03782006.pkl:377
resnet,1358,1358,+,7,6,5,5,0.5696778157529722,0.3849534966060596,0.3738686987076155,0.4014486166596213,0.6653855636328204,0.3075685504851853,class=204:n02098413.pkl:0;n02098413.pkl:1;n02098413.pkl:2|class=155:n02086240.pkl:0;n02086240.pkl:1;n02086240.pkl:2|class=200:n02097474.pkl:0;n02097474.pkl:1;n02097474.pkl:2
resnet,1359,1359,+,3,3,1,1,0.3849257251168121,0.436222476429584,0.3342165873225778,0.47078003834421167,0.018278096578323907,0.994725161231043,class=401:n02672831.pkl:0;n02672831.pkl:1;n02672831.pkl:2|class=579:n03452741.pkl:547;n03452741.pkl:620|class=878:n04505470.pkl:881
resnet,1360,1360,+,1,1,1,1,0.9983471074380166,0.0,0.9776859504132231,0.0,0.0,1.0,class=935:n07711569.pkl:0;n07711569.pkl:1;n07711569.pkl:2
resnet,1361,1361,+,8,7,2,1,0.24576802677516102,0.29823148474287403,0.09101485606700702,0.2274874423912477,0.1290778131794574,0.9059087621033821,class=335:n02356798.pkl:0;n02356798.pkl:3;n02356798.pkl:4|class=482:n02979186.pkl:97;n02979186.pkl:140;n02979186.pkl:219|class=745:n04009552.pkl:375;n04009552.pkl:391;n04009552.pkl:419
resnet,1362,1362,+,8,8,5,4,0.4297568465259642,0.3678063996827628,0.20460540171503436,0.30377563640543004,0.5497555340032069,0.400538126671418,class=259:n02112018.pkl:0;n02112018.pkl:1;n02112018.pkl:2|class=261:n02112350.pkl:1;n02112350.pkl:4;n02112350.pkl:11|class=754:n04041544.pkl:9;n04041544.pkl:12;n04041544.pkl:19
resnet,1363,1363,+,5,3,2,0,0.2921014012136502,0.32607067470934237,0.009663723325872203,0.009787592850459407,0.6626606527125304,0.4051600568289192,class=768:n04118538.pkl:6;n04118538.pkl:9;n04118538.pkl:22|class=476:n02966193.pkl:37;n02966193.pkl:177;n02966193.pkl:208|class=271:n02114712.pkl:546;n02114712.pkl:656;n02114712.pkl:994
resnet,1364,1364,+,8,5,4,1,0.16013869648449142,0.2131999006192786,0.04813371771283086,0.09865505203594031,0.36386116139617425,0.6501094809990471,class=446:n02840245.pkl:3;n02840245.pkl:5;n02840245.pkl:8|class=453:n02870880.pkl:27;n02870880.pkl:31;n02870880.pkl:84|class=771:n04125021.pkl:5;n04125021.pkl:23;n04125021.pkl:51
resnet,1365,1365,+,16,12,2,0,0.07437553526828805,0.10143142223290402,0.004649445713938742,0.006332434898962091,0.7537771635419981,0.17843621615151728,class=443:n02834397.pkl:11;n02834397.pkl:133;n02834397.pkl:174|class=868:n04476259.pkl:72;n04476259.pkl:174;n04476259.pkl:272|class=411:n02730930.pkl:10;n02730930.pkl:17;n02730930.pkl:46
resnet,1366,1366,+,3,3,1,1,0.16187737193529222,0.1463604334106056,0.06725355467678927,0.0918970440999958,0.10804109144073994,0.9557071912496999,class=376:n02489166.pkl:12;n02489166.pkl:14;n02489166.pkl:17|class=371:n02486261.pkl:31;n02486261.pkl:546;n02486261.pkl:1212|class=384:n02500267.pkl:934
resnet,1367,1367,+,7,7,3,1,0.13195194371200542,0.07374221238977889,0.03184921506725262,0.04790508199008973,0.5492574064944392,0.46605440162296186,class=908:n04592741.pkl:3;n04592741.pkl:40;n04592741.pkl:45|class=429:n02799071.pkl:163;n02799071.pkl:197;n02799071.pkl:218|class=701:n03888257.pkl:51;n03888257.pkl:86;n03888257.pkl:109
resnet,1368,1368,+,7,4,1,1,0.08413617103509756,0.10466276255295033,0.019804650645004952,0.042994821105978756,0.23688201040076237,0.8161436029989615,class=313:n02231487.pkl:3;n02231487.pkl:4;n02231487.pkl:9|class=124:n01985128.pkl:41;n01985128.pkl:170;n01985128.pkl:363|class=300:n02165105.pkl:217;n02165105.pkl:587;n02165105.pkl:659
resnet,1369,1369,+,5,4,2,2,0.3961206561147453,0.39134296185217476,0.1546581509906702,0.19175422701242,0.4730226032967387,0.507449832550224,class=777:n04141327.pkl:0;n04141327.pkl:9;n04141327.pkl:10|class=623:n03658185.pkl:0;n03658185.pkl:8;n03658185.pkl:9|class=461:n02895154.pkl:16;n02895154.pkl:253;n02895154.pkl:277
resnet,1370,1370,+,5,3,3,1,0.20427559169564752,0.21746690327725385,0.055170660718300533,0.09513118073950969,0.2801034708570114,0.7946472294432139,class=966:n07892512.pkl:9;n07892512.pkl:16;n07892512.pkl:20|class=689:n03866082.pkl:35;n03866082.pkl:60;n03866082.pkl:63|class=578:n03450230.pkl:47;n03450230.pkl:166;n03450230.pkl:302
resnet,1371,1371,+,5,5,1,1,0.3522688462439963,0.3529379208671191,0.20305262943628155,0.3984769143483759,0.06029561740785717,0.970227626055426,class=399:n02667093.pkl:0;n02667093.pkl:1;n02667093.pkl:2|class=400:n02669723.pkl:348;n02669723.pkl:405;n02669723.pkl:738|class=689:n03866082.pkl:231;n03866082.pkl:346;n03866082.pkl:376
resnet,1372,1372,+,4,2,2,2,0.3990051538949322,0.4148568009438108,0.2407286109408776,0.37283982228891716,0.21255649800646934,0.8496932679345808,class=977:n09421951.pkl:0;n09421951.pkl:1;n09421951.pkl:3|class=978:n09428293.pkl:39;n09428293.pkl:47;n09428293.pkl:61|class=68:n01756291.pkl:564
resnet,1373,1373,+,3,2,1,0,0.07036376812019508,0.05342914909609786,0.011430225722085763,0.012599696726931923,0.44567916580777545,0.7383653135211949,class=988:n12267677.pkl:66;n12267677.pkl:126;n12267677.pkl:129|class=473:n02951585.pkl:207;n02951585.pkl:477;n02951585.pkl:573|class=944:n07718747.pkl:1234
resnet,1374,1374,+,2,2,1,1,0.5522875816993464,0.4477124183006536,0.5024509803921569,0.49754901960784315,0.04448122261673536,0.990291493158834,class=886:n04525305.pkl:0;n04525305.pkl:1;n04525305.pkl:2|class=707:n03902125.pkl:729;n03902125.pkl:792;n03902125.pkl:843
resnet,1375,1375,+,3,3,1,1,0.3855361587324844,0.43608546078006344,0.33366940525793926,0.47006132780499754,0.017737649511060882,0.9948716698020115,class=71:n01770393.pkl:0;n01770393.pkl:1;n01770393.pkl:2|class=124:n01985128.pkl:295;n01985128.pkl:1176|class=120:n01980166.pkl:691
resnet,1376,1376,+,6,6,3,1,0.11951877815587064,0.1252753990304407,0.021649257803351567,0.02473026916864999,0.6646481926273957,0.38414721134522206,class=600:n03532672.pkl:351;n03532672.pkl:367;n03532672.pkl:406|class=733:n03976657.pkl:134;n03976657.pkl:135;n03976657.pkl:143|class=876:n04493381.pkl:142;n04493381.pkl:261;n04493381.pkl:268
resnet,1377,1377,+,4,4,1,1,0.4002149185298244,0.30293465855304474,0.2086681934467006,0.3537281958801898,0.0677210684746592,0.9684008781219565,class=715:n03929855.pkl:0;n03929855.pkl:1;n03929855.pkl:2|class=524:n03146219.pkl:436;n03146219.pkl:464;n03146219.pkl:571|class=439:n02817516.pkl:44;n02817516.pkl:506;n02817516.pkl:1078
resnet,1378,1378,+,6,1,0,0,0.009556242024810774,0.01607027982137714,0.0009550354341935631,0.0001413861847328766,0.9942527640549049,0.1703194484616281,class=623:n03658185.pkl:503|class=418:n02783161.pkl:143|class=632:n03691459.pkl:344
resnet,1379,1379,+,6,5,4,2,0.3583353693927527,0.33211599537520653,0.14670195631387048,0.2767095902879743,0.27457032157659256,0.7596266174551781,class=817:n04285008.pkl:0;n04285008.pkl:1;n04285008.pkl:3|class=511:n03100240.pkl:12;n03100240.pkl:13;n03100240.pkl:14|class=479:n02974003.pkl:60;n02974003.pkl:248;n02974003.pkl:349
resnet,1380,1380,+,1,1,1,1,1.0,0.0,1.0,0.0,0.0,1.0,class=268:n02113978.pkl:0;n02113978.pkl:1;n02113978.pkl:2
resnet,1381,1381,+,3,3,3,2,0.5450575667909708,0.1832777977560371,0.168489974707452,0.1096687804470085,0.7740983172907661,0.47455347508438445,class=313:n02231487.pkl:1;n02231487.pkl:8;n02231487.pkl:10|class=70:n01770081.pkl:8;n01770081.pkl:19;n01770081.pkl:35|class=312:n02229544.pkl:73;n02229544.pkl:104;n02229544.pkl:293
resnet,1382,1382,+,12,7,0,0,0.026523399900675777,0.040269316635772635,0.0015200503483279787,0.0010504280368577694,0.9262927740079274,0.12312896635821985,class=26:n01630670.pkl:139;n01630670.pkl:883;n01630670.pkl:976|class=125:n01986214.pkl:22;n01986214.pkl:799;n01986214.pkl:850|class=34:n01665541.pkl:615;n01665541.pkl:928
resnet,1383,1383,+,1,1,1,1,1.0,0.0,1.0,0.0,0.0,1.0,class=326:n02281787.pkl:0;n02281787.pkl:1;n02281787.pkl:2
resnet,1384,1384,+,12,8,3,1,0.16486936051523746,0.24224462094204088,0.026600779392596946,0.0604369665156611,0.42648228235040136,0.5134986059633525,class=163:n02088466.pkl:8;n02088466.pkl:10;n02088466.pkl:13|class=243:n02108422.pkl:41;n02108422.pkl:113;n02108422.pkl:128|class=168:n02090379.pkl:17;n02090379.pkl:21;n02090379.pkl:70
resnet,1385,1385,+,1,1,1,1,1.0,0.0,1.0,0.0,0.0,1.0,class=308:n02190166.pkl:0;n02190166.pkl:1;n02190166.pkl:2
resnet,1386,1386,+,8,7,3,2,0.24449526678653039,0.3307889711655747,0.028444762404863738,0.0410692360995034,0.5429129260265404,0.38557853722211555,class=873:n04486054.pkl:4;n04486054.pkl:23;n04486054.pkl:58|class=786:n04179913.pkl:6;n04179913.pkl:15;n04179913.pkl:21|class=526:n03179701.pkl:59;n03179701.pkl:66;n03179701.pkl:84
resnet,1387,1387,+,3,3,2,1,0.4558725497143247,0.38519821273048005,0.33984468292273246,0.4668571729117928,0.08934609009360607,0.9623843344725244,class=486:n02992211.pkl:1;n02992211.pkl:2;n02992211.pkl:3|class=15:n01558993.pkl:55;n01558993.pkl:100;n01558993.pkl:128|class=402:n02676566.pkl:725
resnet,1388,1388,+,9,6,0,0,0.04708897682484383,0.055637439982818934,0.003372031857020912,0.0028505716258583427,0.8411277487172084,0.19051432270469243,class=288:n02128385.pkl:270;n02128385.pkl:318;n02128385.pkl:431|class=380:n02493509.pkl:5;n02493509.pkl:297;n02493509.pkl:528|class=335:n02356798.pkl:59;n02356798.pkl:254;n02356798.pkl:338
resnet,1389,1389,+,6,4,1,1,0.13568148424555335,0.2169373984991097,0.010698184493798682,0.01962414886151882,0.3514359475646253,0.7274695559563034,class=960:n07836838.pkl:58;n07836838.pkl:107;n07836838.pkl:111|class=218:n02102177.pkl:183;n02102177.pkl:292;n02102177.pkl:372|class=631:n03690938.pkl:115;n03690938.pkl:589
resnet,1390,1390,+,21,6,3,1,0.039573817211150886,0.09719779994997153,0.005942078846141781,0.010897737389091316,0.7104024470482232,0.2077873458213768,class=536:n03216828.pkl:8;n03216828.pkl:60;n03216828.pkl:164|class=46:n01693334.pkl:108;n01693334.pkl:132;n01693334.pkl:262|class=718:n03933933.pkl:102;n03933933.pkl:181;n03933933.pkl:512
resnet,1391,1391,+,9,6,4,2,0.14328116328317933,0.24096473743080957,0.02793628981429906,0.041369232297966525,0.5796699070285501,0.35476590408429176,class=686:n03843555.pkl:38;n03843555.pkl:52;n03843555.pkl:53|class=535:n03208938.pkl:5;n03208938.pkl:13;n03208938.pkl:45|class=665:n03785016.pkl:62;n03785016.pkl:247;n03785016.pkl:282
resnet,1392,1392,+,21,11,4,0,0.07612441359857047,0.11274351839755176,0.005678355337030249,0.008327006372969337,0.7460933030961082,0.1500222096679172,class=977:n09421951.pkl:81;n09421951.pkl:138;n09421951.pkl:173|class=656:n03770679.pkl:52;n03770679.pkl:54;n03770679.pkl:58|class=671:n03792782.pkl:22;n03792782.pkl:81;n03792782.pkl:109
resnet,1393,1393,+,1,1,1,1,0.9992082343626286,0.0,0.9992082343626286,0.0,0.0,1.0,class=672:n03792972.pkl:0;n03792972.pkl:2;n03792972.pkl:3
resnet,1394,1394,+,12,8,3,3,0.2123801637174857,0.24007957737361568,0.040604376554634024,0.07007505868784879,0.4983053871143634,0.3315323182235439,class=519:n03127925.pkl:8;n03127925.pkl:21;n03127925.pkl:23|class=492:n03014705.pkl:0;n03014705.pkl:2;n03014705.pkl:3|class=771:n04125021.pkl:14;n04125021.pkl:47;n04125021.pkl:49
resnet,1395,1395,+,4,3,2,1,0.15398412129130215,0.13059621451635442,0.06828513559231644,0.10630769221205576,0.21610149910089635,0.855922440662932,class=750:n04033995.pkl:6;n04033995.pkl:7;n04033995.pkl:12|class=721:n03938244.pkl:223;n03938244.pkl:251;n03938244.pkl:312|class=868:n04476259.pkl:61
resnet,1396,1396,+,9,8,3,2,0.18868115935976926,0.26904584920017477,0.10033853072132214,0.17531390726324791,0.42211114017759427,0.4503102602429559,class=896:n04553703.pkl:2;n04553703.pkl:7;n04553703.pkl:10|class=435:n02808440.pkl:0;n02808440.pkl:3;n02808440.pkl:5|class=899:n04560804.pkl:6;n04560804.pkl:83;n04560804.pkl:100
resnet,1397,1397,+,4,3,1,1,0.2721719576719577,0.4205418981146873,0.250867296212472,0.43200867671964327,0.023128778395545658,0.991373143482936,class=538:n03220513.pkl:0;n03220513.pkl:1;n03220513.pkl:2|class=808:n04259630.pkl:309;n04259630.pkl:1076;n04259630.pkl:1181|class=818:n04286575.pkl:426
resnet,1398,1398,+,5,5,3,3,0.4227160467314718,0.3836855626988428,0.1211330820182956,0.17578594983512555,0.4550449023319526,0.6211848887145879,class=764:n04090263.pkl:1;n04090263.pkl:3;n04090263.pkl:5|class=413:n02749479.pkl:32;n02749479.pkl:40;n02749479.pkl:46|class=763:n04086273.pkl:4;n04086273.pkl:18;n04086273.pkl:32
resnet,1399,1399,+,7,6,5,5,0.5745306358676452,0.37853612311256796,0.32995711000195943,0.321683002023084,0.7196065327534602,0.2786394563173609,class=183:n02093859.pkl:0;n02093859.pkl:1;n02093859.pkl:2|class=189:n02095570.pkl:0;n02095570.pkl:3;n02095570.pkl:5|class=190:n02095889.pkl:0;n02095889.pkl:1;n02095889.pkl:6
resnet,1400,1400,+,5,4,3,2,0.2706305661881026,0.3391848673485387,0.05931403387408966,0.07715755772435978,0.5232518728464813,0.5384324662476508,class=16:n01560419.pkl:2;n01560419.pkl:7;n01560419.pkl:13|class=285:n02124075.pkl:19;n02124075.pkl:35;n02124075.pkl:49|class=284:n02123597.pkl:195;n02123597.pkl:238;n02123597.pkl:328
resnet,1401,1401,+,3,2,2,2,0.5783831685695721,0.4148145386760288,0.29904665326169455,0.3006473903445212,0.4730396519545303,0.6702447511750426,class=881:n04515003.pkl:0;n04515003.pkl:1;n04515003.pkl:3|class=579:n03452741.pkl:1;n03452741.pkl:6;n03452741.pkl:31|class=482:n02979186.pkl:269
resnet,1402,1402,+,5,2,1,1,0.17996612785309835,0.3281219845498819,0.0815533866792136,0.16028845177379353,0.05682909893166174,0.9725924544682737,class=785:n04162706.pkl:5;n04162706.pkl:7;n04162706.pkl:14|class=636:n03709823.pkl:445;n03709823.pkl:512|class=783:n04153751.pkl:435;n04153751.pkl:441
resnet,1403,1403,+,5,4,4,3,0.6367560093572205,0.36296524089016535,0.2730321706837641,0.3531849729747634,0.5100305753398178,0.5346622961899741,class=119:n01978455.pkl:0;n01978455.pkl:1;n01978455.pkl:2|class=118:n01978287.pkl:0;n01978287.pkl:6;n01978287.pkl:19|class=121:n01981276.pkl:4;n01981276.pkl:22;n01981276.pkl:35
resnet,1404,1404,+,8,3,1,1,0.21740450137189238,0.3759687496238891,0.1227866729314667,0.32088591937121186,0.037109106026400725,0.9787070550618432,class=141:n02028035.pkl:0;n02028035.pkl:1;n02028035.pkl:2|class=139:n02025239.pkl:169;n02025239.pkl:203;n02025239.pkl:263|class=744:n04008634.pkl:1114
resnet,1405,1405,+,4,3,1,1,0.30958201058911444,0.34412249810272166,0.1356110202800666,0.2332645472175089,0.02746611994416217,0.9896862005856898,class=909:n04596742.pkl:2;n04596742.pkl:5;n04596742.pkl:9|class=494:n03017168.pkl:771|class=567:n03400231.pkl:410
resnet,1406,1406,+,11,5,2,1,0.0759571056786646,0.14637564410513146,0.015885215927346194,0.037392587637683605,0.38829013823074493,0.5946324723990077,class=124:n01985128.pkl:0;n01985128.pkl:10;n01985128.pkl:19|class=46:n01693334.pkl:144;n01693334.pkl:226;n01693334.pkl:259|class=36:n01667778.pkl:156;n01667778.pkl:521;n01667778.pkl:565
resnet,1407,1407,+,10,3,2,1,0.06868260141528339,0.1083157449084804,0.011478590035091347,0.024538766583713435,0.4438347207839382,0.5570128053181068,class=978:n09428293.pkl:75;n09428293.pkl:95;n09428293.pkl:121|class=273:n02115641.pkl:69;n02115641.pkl:186;n02115641.pkl:434|class=764:n04090263.pkl:584;n04090263.pkl:683;n04090263.pkl:1016
resnet,1408,1408,+,10,7,3,2,0.28972776602220535,0.3282078992630019,0.050397173154800544,0.11677321330724094,0.3421688814998547,0.636876146001764,class=638:n03710637.pkl:4;n03710637.pkl:15;n03710637.pkl:27|class=578:n03450230.pkl:20;n03450230.pkl:40;n03450230.pkl:81|class=445:n02837789.pkl:127;n02837789.pkl:143;n02837789.pkl:159
resnet,1409,1409,+,12,6,2,1,0.05046238064270602,0.053224701458120326,0.012712165941208593,0.02727703530128993,0.4860073119332047,0.4670175891787559,class=627:n03670208.pkl:62;n03670208.pkl:144;n03670208.pkl:146|class=876:n04493381.pkl:92;n04493381.pkl:172;n04493381.pkl:174|class=836:n04355933.pkl:527;n04355933.pkl:571;n04355933.pkl:805
resnet,1410,1410,+,1,1,1,1,0.9975825946817083,0.0,0.9556809024979855,0.0,0.0,1.0,class=303:n02168699.pkl:0;n02168699.pkl:1;n02168699.pkl:2
resnet,1411,1411,+,5,3,1,1,0.1788258860382742,0.2140685536172775,0.09173042575861043,0.17877228366165618,0.07696173030508437,0.9596325275390267,class=942:n07717556.pkl:0;n07717556.pkl:1;n07717556.pkl:2|class=631:n03690938.pkl:3;n03690938.pkl:130;n03690938.pkl:506|class=836:n04355933.pkl:576;n04355933.pkl:1113
resnet,1412,1412,+,3,3,3,1,0.3879218730610059,0.25980602262742414,0.15545984153171116,0.19643059932658763,0.2768038597906366,0.8655158309160623,class=887:n04532106.pkl:0;n04532106.pkl:4;n04532106.pkl:8|class=689:n03866082.pkl:49;n03866082.pkl:107;n03866082.pkl:174|class=578:n03450230.pkl:162;n03450230.pkl:181;n03450230.pkl:218
resnet,1413,1413,+,1,1,1,1,0.6540930979133226,0.0,0.30096308186195825,0.0,0.0,1.0,class=455:n02877765.pkl:0;n02877765.pkl:1;n02877765.pkl:6
resnet,1414,1414,+,6,3,2,2,0.19579657297218359,0.24343332944422946,0.06514188537752252,0.10713418550660177,0.34722195700193165,0.6174670181326867,class=867:n04467665.pkl:3;n04467665.pkl:12;n04467665.pkl:14|class=201:n02097658.pkl:3;n02097658.pkl:5;n02097658.pkl:12|class=782:n04152593.pkl:1164
resnet,1415,1415,+,1,1,1,1,0.46254071661237783,0.0,0.22231270358306188,0.0,0.0,1.0,class=112:n01943899.pkl:10;n01943899.pkl:13;n01943899.pkl:14
resnet,1416,1416,+,6,3,0,0,0.017385055317427806,0.01688791730211403,0.0009006950079424721,9.600140056956893e-05,0.9968703246718847,0.1685600928404289,class=345:n02403003.pkl:612|class=101:n01871265.pkl:255|class=912:n04604644.pkl:647
resnet,1417,1417,+,2,2,2,2,0.8170012873584095,0.06723735912422635,0.32914164053690664,0.21582719294483865,0.6625684717232734,0.7149892130771252,class=999:n15075141.pkl:1;n15075141.pkl:3;n15075141.pkl:7|class=700:n03887697.pkl:1;n03887697.pkl:18;n03887697.pkl:24
resnet,1418,1418,+,2,2,2,1,0.6071660245972172,0.3878298052609979,0.47877861180613474,0.4686776017051246,0.08440929276453878,0.9791250965419986,class=774:n04133789.pkl:0;n04133789.pkl:1;n04133789.pkl:2|class=638:n03710637.pkl:270;n03710637.pkl:274;n03710637.pkl:405
resnet,1419,1419,+,14,12,4,2,0.12907142758598852,0.1822034863671523,0.038525029013559545,0.09231675039784983,0.45631359396554916,0.4815826483016697,class=782:n04152593.pkl:3;n04152593.pkl:4;n04152593.pkl:5|class=631:n03690938.pkl:12;n03690938.pkl:27;n03690938.pkl:34|class=248:n02109961.pkl:21;n02109961.pkl:36;n02109961.pkl:70
resnet,1420,1420,+,9,8,3,1,0.24744885474984255,0.2719382289876994,0.016422544047907037,0.03190085256206998,0.49043754922245125,0.5303689579007307,class=243:n02108422.pkl:5;n02108422.pkl:11;n02108422.pkl:17|class=245:n02108915.pkl:92;n02108915.pkl:96;n02108915.pkl:170|class=242:n02108089.pkl:46;n02108089.pkl:146;n02108089.pkl:160
resnet,1421,1421,+,8,5,2,0,0.13608003548672082,0.10969569005871181,0.01201151253395836,0.01605422702329975,0.6164161206672786,0.3483024127061158,class=839:n04366367.pkl:5;n04366367.pkl:59;n04366367.pkl:77|class=460:n02894605.pkl:47;n02894605.pkl:83;n02894605.pkl:106|class=912:n04604644.pkl:2;n04604644.pkl:4;n04604644.pkl:59
resnet,1422,1422,+,4,3,2,0,0.24418568410272148,0.24948441931737086,0.01076145701156118,0.006764478100104034,0.8156574737019069,0.34877941470920165,class=383:n02497673.pkl:63;n02497673.pkl:89;n02497673.pkl:132|class=384:n02500267.pkl:51;n02500267.pkl:67;n02500267.pkl:197|class=82:n01797886.pkl:66;n01797886.pkl:117;n01797886.pkl:175
resnet,1423,1423,+,9,9,6,4,0.48765895159807765,0.36531968786209645,0.21954980194129345,0.3121881225827198,0.6135363033467056,0.3357702775884942,class=170:n02090721.pkl:1;n02090721.pkl:2;n02090721.pkl:3|class=175:n02091635.pkl:0;n02091635.pkl:5;n02091635.pkl:6|class=177:n02092002.pkl:1;n02092002.pkl:2;n02092002.pkl:11
resnet,1424,1424,+,1,1,1,1,0.9616346955796498,0.0,0.6313594662218516,0.0,0.0,1.0,class=859:n04442312.pkl:0;n04442312.pkl:1;n04442312.pkl:3
resnet,1425,1425,+,7,6,4,4,0.2539436095158348,0.20233706317731512,0.0616306783080554,0.059797884679349315,0.6991858758281009,0.2773439575190476,class=266:n02113712.pkl:8;n02113712.pkl:9;n02113712.pkl:11|class=217:n02102040.pkl:1;n02102040.pkl:11;n02102040.pkl:17|class=227:n02105412.pkl:18;n02105412.pkl:25;n02105412.pkl:54
resnet,1426,1426,+,11,2,1,0,0.007693035414960623,0.011306675713389334,0.0037716990671754704,0.004980573642656257,0.7646802438730743,0.2494319797213965,class=423:n02791124.pkl:33;n02791124.pkl:37;n02791124.pkl:58|class=245:n02108915.pkl:932;n02108915.pkl:933;n02108915.pkl:964|class=159:n02087394.pkl:135;n02087394.pkl:146;n02087394.pkl:148
resnet,1427,1427,+,4,3,2,2,0.2648625580730755,0.26667349718977135,0.11410449605429551,0.11354535978313347,0.5340211847532965,0.49755589679989265,class=951:n07749582.pkl:2;n07749582.pkl:9;n07749582.pkl:13|class=950:n07747607.pkl:6;n07747607.pkl:8;n07747607.pkl:14|class=899:n04560804.pkl:314;n04560804.pkl:425;n04560804.pkl:921
resnet,1428,1428,+,7,7,6,6,0.735165096261243,0.25618889278148427,0.19052096018504924,0.12041763339229247,0.8782432168683391,0.19992566314874566,class=206:n02099429.pkl:0;n02099429.pkl:2;n02099429.pkl:6|class=257:n02111500.pkl:8;n02111500.pkl:9;n02111500.pkl:12|class=207:n02099601.pkl:9;n02099601.pkl:17;n02099601.pkl:21
resnet,1429,1429,+,4,4,2,2,0.40450863257762737,0.39132053101717185,0.2625053646769507,0.41896291338006764,0.17982297249878287,0.8868172279195465,class=610:n03595614.pkl:0;n03595614.pkl:1;n03595614.pkl:2|class=841:n04370456.pkl:92;n04370456.pkl:104;n04370456.pkl:111|class=911:n04599235.pkl:107;n04599235.pkl:310;n04599235.pkl:1125
resnet,1430,1430,+,8,7,5,3,0.3219119572214395,0.25714179527994624,0.08640634937056207,0.12663002700087858,0.5662244486830791,0.3934677347744186,class=884:n04523525.pkl:1;n04523525.pkl:2;n04523525.pkl:4|class=406:n02699494.pkl:2;n02699494.pkl:4;n02699494.pkl:26|class=497:n03028079.pkl:5;n03028079.pkl:11;n03028079.pkl:15
resnet,1431,1431,+,9,5,3,2,0.19043422843984403,0.2961066199830787,0.02546283790807415,0.037290686409115245,0.5787793234829692,0.3494224105346898,class=905:n04590129.pkl:1;n04590129.pkl:3;n04590129.pkl:6|class=297:n02134418.pkl:12;n02134418.pkl:14;n02134418.pkl:18|class=217:n02102040.pkl:62;n02102040.pkl:73;n02102040.pkl:121
resnet,1432,1432,+,2,2,2,1,0.6349036402569593,0.3650963597430407,0.5101713062098501,0.48982869379014987,0.14108689956130063,0.9609208893547632,class=863:n04458633.pkl:0;n04458633.pkl:1;n04458633.pkl:2|class=733:n03976657.pkl:112;n03976657.pkl:133;n03976657.pkl:180
resnet,1433,1433,+,5,5,3,2,0.5920796113805111,0.4133004323963499,0.2621658091290946,0.37458142622793317,0.4323853760565236,0.6082915295639832,class=281:n02123045.pkl:0;n02123045.pkl:1;n02123045.pkl:2|class=285:n02124075.pkl:6;n02124075.pkl:7;n02124075.pkl:8|class=282:n02123159.pkl:69;n02123159.pkl:71;n02123159.pkl:79
resnet,1434,1434,+,2,2,1,1,0.5078878177037687,0.4921121822962314,0.5013146362839614,0.49868536371603855,0.026264975285773533,0.9947689984840336,class=820:n04310018.pkl:0;n04310018.pkl:1;n04310018.pkl:2|class=856:n04428191.pkl:465;n04428191.pkl:627;n04428191.pkl:877
resnet,1435,1435,+,9,8,6,5,0.40890309675381353,0.2935655466301252,0.06388079703964414,0.06652518657903067,0.7583427983968899,0.23161166431696545,class=158:n02087046.pkl:3;n02087046.pkl:4;n02087046.pkl:6|class=227:n02105412.pkl:7;n02105412.pkl:15;n02105412.pkl:38|class=165:n02089078.pkl:40;n02089078.pkl:57;n02089078.pkl:66
resnet,1436,1436,+,7,4,2,2,0.13753672028505629,0.21341251635436434,0.07190484660820477,0.12710089331336852,0.3398249786976174,0.5892146439845888,class=819:n04296562.pkl:1;n04296562.pkl:8;n04296562.pkl:10|class=818:n04286575.pkl:50;n04286575.pkl:83;n04286575.pkl:318|class=46:n01693334.pkl:107;n01693334.pkl:799
resnet,1437,1437,+,9,5,2,0,0.046982946133916056,0.058950712016708706,0.005640825400352069,0.006481494554471018,0.7351416370527598,0.2578085382383085,class=912:n04604644.pkl:2;n04604644.pkl:90;n04604644.pkl:122|class=689:n03866082.pkl:87;n03866082.pkl:249;n03866082.pkl:299|class=175:n02091635.pkl:300;n02091635.pkl:310;n02091635.pkl:314
resnet,1438,1438,+,2,2,1,1,0.4704173194701609,0.4405070502777382,0.2912548070075488,0.29025779803446805,0.018197328833718694,0.99658270870261,class=845:n04376876.pkl:1;n04376876.pkl:2;n04376876.pkl:6|class=631:n03690938.pkl:862
resnet,1439,1439,+,3,3,1,1,0.48136329360625135,0.36787063524783525,0.3371760718935061,0.46869799595677514,0.06135245417602015,0.9774305831763428,class=314:n02233338.pkl:0;n02233338.pkl:1;n02233338.pkl:2|class=312:n02229544.pkl:159;n02229544.pkl:252;n02229544.pkl:310|class=304:n02169497.pkl:306;n02169497.pkl:444
resnet,1440,1440,+,2,1,1,1,0.23620738002866815,0.2353169080785346,0.10722915557305673,0.10633868362292317,0.038829662184675325,0.9917300986336954,class=710:n03908714.pkl:0;n03908714.pkl:3;n03908714.pkl:6|class=999:n15075141.pkl:271
resnet,1441,1441,+,3,1,1,1,0.3312565340032852,0.46693599852974577,0.3304169034407327,0.46574858171168815,0.015497428094289655,0.995637235410731,class=274:n02115913.pkl:0;n02115913.pkl:1;n02115913.pkl:2|class=248:n02109961.pkl:483|class=173:n02091244.pkl:946
resnet,1442,1442,+,5,4,2,2,0.32266892635736816,0.3882455269941886,0.13445069113393054,0.18426689249537995,0.39693666548705037,0.5756631029380691,class=665:n03785016.pkl:0;n03785016.pkl:2;n03785016.pkl:3|class=979:n09468604.pkl:6;n09468604.pkl:15;n09468604.pkl:19|class=578:n03450230.pkl:932
resnet,1443,1443,+,14,9,2,0,0.06507286068124123,0.07612455480730598,0.004625556058713848,0.004824115422646799,0.8112827035312217,0.1491211342220665,class=721:n03938244.pkl:279;n03938244.pkl:311;n03938244.pkl:361|class=549:n03291819.pkl:314;n03291819.pkl:329;n03291819.pkl:478|class=921:n07248320.pkl:153;n07248320.pkl:277;n07248320.pkl:336
resnet,1444,1444,+,11,9,5,2,0.12332868513933753,0.19337643304695515,0.054949036024342646,0.13505480306191556,0.34552320304508766,0.6400796248104254,class=264:n02113186.pkl:1;n02113186.pkl:2;n02113186.pkl:3|class=242:n02108089.pkl:1;n02108089.pkl:2;n02108089.pkl:3|class=243:n02108422.pkl:5;n02108422.pkl:28;n02108422.pkl:145
resnet,1445,1445,+,4,2,2,2,0.45552683191113724,0.4569038076208643,0.08622970161296659,0.11868902705082013,0.3401886540190976,0.723638919382507,class=73:n01773549.pkl:12;n01773549.pkl:16;n01773549.pkl:19|class=70:n01770081.pkl:8;n01770081.pkl:19;n01770081.pkl:64|class=942:n07717556.pkl:1019
resnet,1446,1446,+,4,3,2,1,0.3414794448057158,0.3409228270962676,0.1477986565890553,0.2465997718002461,0.107454513477817,0.9459601551692771,class=651:n03761084.pkl:0;n03761084.pkl:1;n03761084.pkl:2|class=782:n04152593.pkl:20;n04152593.pkl:539;n04152593.pkl:595|class=482:n02979186.pkl:155;n02979186.pkl:1125
resnet,1447,1447,+,12,7,2,0,0.08559029016305748,0.10432657722749877,0.0038313396304749552,0.004453593678704549,0.769808850118671,0.19593339644714544,class=764:n04090263.pkl:69;n04090263.pkl:178;n04090263.pkl:215|class=593:n03494278.pkl:30;n03494278.pkl:190;n03494278.pkl:392|class=748:n04026417.pkl:75;n04026417.pkl:252;n04026417.pkl:285
resnet,1448,1448,+,3,3,1,1,0.41007991885700296,0.42460769819401745,0.3346437461016969,0.470478178429042,0.02561257623159171,0.9921920388846949,class=48:n01695060.pkl:0;n01695060.pkl:1;n01695060.pkl:2|class=44:n01689811.pkl:867;n01689811.pkl:1153;n01689811.pkl:1259|class=46:n01693334.pkl:881
resnet,1449,1449,+,8,6,3,2,0.27744144349085,0.3165491572272643,0.14886077724686225,0.3252168768138812,0.2717083902950902,0.7216169644590636,class=64:n01749939.pkl:1;n01749939.pkl:2;n01749939.pkl:3|class=63:n01748264.pkl:41;n01748264.pkl:43;n01748264.pkl:44|class=46:n01693334.pkl:57;n01693334.pkl:75;n01693334.pkl:101
resnet,1450,1450,+,4,1,0,0,0.006996977223679304,0.004123137126631154,0.0018702040233674077,0.0017716130641085653,0.7314809403110154,0.4743364189916775,class=80:n01795545.pkl:67;n01795545.pkl:104;n01795545.pkl:203|class=488:n02999410.pkl:506|class=349:n02415577.pkl:17
resnet,1451,1451,+,13,10,4,0,0.1372827104767029,0.1721559565585113,0.009122641738295202,0.011783935026265015,0.7530706247800497,0.20527314009529252,class=453:n02870880.pkl:13;n02870880.pkl:53;n02870880.pkl:70|class=799:n04239074.pkl:8;n04239074.pkl:14;n04239074.pkl:69|class=851:n04404412.pkl:463;n04404412.pkl:500;n04404412.pkl:561
resnet,1452,1452,+,2,2,1,1,0.6720211486680783,0.32716584320184033,0.5003973544558596,0.498789637414059,0.017226587137302823,0.9967922805228346,class=983:n10565667.pkl:0;n10565667.pkl:1;n10565667.pkl:2|class=801:n04251144.pkl:375;n04251144.pkl:682
resnet,1453,1453,+,3,3,2,2,0.6969015379417828,0.42694866682969745,0.6531477457197532,0.4550259511917479,0.6564428383948067,0.4951145931979474,class=547:n03272562.pkl:0;n03272562.pkl:1;n03272562.pkl:2|class=297:n02134418.pkl:0;n02134418.pkl:1;n02134418.pkl:2|class=189:n02095570.pkl:37;n02095570.pkl:62;n02095570.pkl:79
resnet,1454,1454,+,16,10,1,0,0.062378348816378625,0.09318288127786688,0.006018039371922929,0.01120506833542149,0.6748985292390204,0.27917010155496097,class=524:n03146219.pkl:1;n03146219.pkl:33;n03146219.pkl:51|class=400:n02669723.pkl:294;n02669723.pkl:409;n02669723.pkl:420|class=998:n13133613.pkl:63;n13133613.pkl:76;n13133613.pkl:98
resnet,1455,1455,+,4,3,1,1,0.27324775035189697,0.42000894049037546,0.25066282477437385,0.4326300236738047,0.01531654051245662,0.9947207596497412,class=591:n03485794.pkl:0;n03485794.pkl:1;n03485794.pkl:2|class=748:n04026417.pkl:1111|class=721:n03938244.pkl:317
resnet,1456,1456,+,8,7,5,5,0.5689091983158644,0.40168034338806535,0.36352368660997547,0.408957861702313,0.6576188260087168,0.2831982619081542,class=238:n02107574.pkl:0;n02107574.pkl:1;n02107574.pkl:2|class=240:n02107908.pkl:3;n02107908.pkl:4;n02107908.pkl:5|class=241:n02108000.pkl:0;n02108000.pkl:2;n02108000.pkl:3
resnet,1457,1457,+,10,4,0,0,0.01695699256029216,0.017947782247433486,0.0032286890099466996,0.0030396352442447804,0.826439450570991,0.18863199239334585,class=461:n02895154.pkl:44;n02895154.pkl:249;n02895154.pkl:381|class=345:n02403003.pkl:126;n02403003.pkl:285;n02403003.pkl:373|class=423:n02791124.pkl:33;n02791124.pkl:37;n02791124.pkl:139
resnet,1458,1458,+,9,7,3,2,0.26318446633350945,0.3387901496727404,0.04553237801480728,0.08928694448581409,0.40268561592404256,0.5383716139381887,class=266:n02113712.pkl:2;n02113712.pkl:13;n02113712.pkl:16|class=183:n02093859.pkl:39;n02093859.pkl:90;n02093859.pkl:105|class=265:n02113624.pkl:76;n02113624.pkl:255;n02113624.pkl:265
resnet,1459,1459,+,10,8,5,3,0.2867901592511623,0.30513181239042436,0.1737969138236325,0.3070213175323583,0.46181669613155946,0.4120706615639317,class=152:n02085782.pkl:0;n02085782.pkl:1;n02085782.pkl:3|class=200:n02097474.pkl:2;n02097474.pkl:12;n02097474.pkl:13|class=567:n03400231.pkl:1;n03400231.pkl:3;n03400231.pkl:10
resnet,1460,1460,+,2,2,1,1,0.3641533359344518,0.3414260632071791,0.2798033987948151,0.27727814626956254,0.04165658053679568,0.9910156302143109,class=828:n04332243.pkl:5;n04332243.pkl:6;n04332243.pkl:7|class=808:n04259630.pkl:312;n04259630.pkl:891;n04259630.pkl:1095
resnet,1461,1461,+,9,8,3,1,0.1883870440481883,0.18100114389074878,0.05346576748934042,0.13239090598548162,0.22737292807589274,0.7923856964720889,class=899:n04560804.pkl:4;n04560804.pkl:5;n04560804.pkl:7|class=710:n03908714.pkl:1;n03908714.pkl:14;n03908714.pkl:44|class=463:n02909870.pkl:28;n02909870.pkl:132;n02909870.pkl:234
resnet,1462,1462,+,20,4,0,0,0.01972549462023011,0.04731141680844166,0.001591592090297428,0.0015159828855126698,0.8941807756651494,0.09536229899537728,class=740:n03995372.pkl:186;n03995372.pkl:215;n03995372.pkl:680|class=522:n03134739.pkl:437;n03134739.pkl:444;n03134739.pkl:604|class=977:n09421951.pkl:301;n09421951.pkl:354;n09421951.pkl:417
resnet,1463,1463,+,7,6,4,2,0.23020164426200898,0.24941912660391835,0.06624458259360977,0.11874961353051498,0.41613456565521945,0.6019131066414423,class=709:n03908618.pkl:1;n03908618.pkl:2;n03908618.pkl:3|class=630:n03680355.pkl:6;n03680355.pkl:13;n03680355.pkl:40|class=636:n03709823.pkl:45;n03709823.pkl:75;n03709823.pkl:174
resnet,1464,1464,+,8,7,6,3,0.39972213143188273,0.36771985324734574,0.16149640958213107,0.257538059453973,0.5197997307616166,0.44288285729363525,class=436:n02814533.pkl:0;n02814533.pkl:1;n02814533.pkl:2|class=511:n03100240.pkl:0;n03100240.pkl:4;n03100240.pkl:6|class=817:n04285008.pkl:3;n04285008.pkl:21;n04285008.pkl:57
resnet,1465,1465,+,9,8,4,2,0.2644438858759035,0.26181557881084117,0.07062338416179387,0.11370730296202156,0.5086322320994469,0.3991407360070451,class=844:n04372370.pkl:0;n04372370.pkl:1;n04372370.pkl:3|class=771:n04125021.pkl:1;n04125021.pkl:5;n04125021.pkl:8|class=662:n03777754.pkl:4;n03777754.pkl:7;n03777754.pkl:13
resnet,1466,1466,+,12,11,3,0,0.14206814144971883,0.13850880508967378,0.005263972286555861,0.005398014723375795,0.7985973825784992,0.17096472226572113,class=968:n07930864.pkl:221;n07930864.pkl:425;n07930864.pkl:506|class=899:n04560804.pkl:56;n04560804.pkl:147;n04560804.pkl:194|class=883:n04522168.pkl:5;n04522168.pkl:58;n04522168.pkl:83
resnet,1467,1467,+,2,1,1,1,0.4964925656649607,0.49439392977828706,0.4632421403304091,0.46219282238707227,0.012716667799315138,0.9977374046634742,class=456:n02879718.pkl:0;n02879718.pkl:1;n02879718.pkl:4|class=826:n04328186.pkl:164
resnet,1468,1468,+,20,8,2,0,0.049998597789571914,0.0833838951922467,0.004720999012865079,0.009329096216990556,0.658735368214033,0.2452456333067686,class=634:n03697007.pkl:1;n03697007.pkl:24;n03697007.pkl:85|class=799:n04239074.pkl:157;n04239074.pkl:334;n04239074.pkl:338|class=454:n02871525.pkl:204;n02871525.pkl:249;n02871525.pkl:354
resnet,1469,1469,+,3,2,1,1,0.3854376127436265,0.4249407591183184,0.3191412437662096,0.44822455176231124,0.029456168351635306,0.9908460578774907,class=390:n02526121.pkl:1;n02526121.pkl:2;n02526121.pkl:3|class=46:n01693334.pkl:881;n01693334.pkl:1216|class=61:n01742172.pkl:193;n01742172.pkl:1000
resnet,1470,1470,+,10,7,3,2,0.2098868781759752,0.2884974509691933,0.07285837577443854,0.13556977112059185,0.41363714591885553,0.4462316417190991,class=633:n03692522.pkl:0;n03692522.pkl:3;n03692522.pkl:5|class=232:n02106166.pkl:3;n02106166.pkl:4;n02106166.pkl:5|class=231:n02106030.pkl:97;n02106030.pkl:287;n02106030.pkl:312
resnet,1471,1471,+,2,1,1,1,0.46902376498302506,0.46195662717383773,0.23024561768170165,0.22936222545555324,0.020079981842096944,0.996170621779719,class=316:n02256656.pkl:1;n02256656.pkl:2;n02256656.pkl:3|class=124:n01985128.pkl:170
resnet,1472,1472,+,3,2,1,1,0.3443981137286373,0.46145596814386286,0.32829593633613735,0.4568487928161636,0.056906032653828334,0.9788280538288521,class=512:n03109150.pkl:0;n03109150.pkl:1;n03109150.pkl:3|class=473:n02951585.pkl:207;n02951585.pkl:225;n02951585.pkl:477|class=878:n04505470.pkl:639
resnet,1473,1473,+,3,2,1,0,0.10420417919749404,0.07056759113126398,0.012851438610733562,0.016934202826545293,0.19713422385258908,0.912101675208847,class=843:n04371774.pkl:36;n04371774.pkl:42;n04371774.pkl:66|class=602:n03535780.pkl:711|class=842:n04371430.pkl:668
resnet,1474,1474,+,5,4,2,2,0.26626638431926797,0.3125841064214009,0.07049748866320063,0.09952749682009529,0.3942459282659771,0.5986289776287456,class=679:n03814906.pkl:7;n03814906.pkl:10;n03814906.pkl:12|class=488:n02999410.pkl:4;n02999410.pkl:6;n02999410.pkl:14|class=623:n03658185.pkl:727
resnet,1475,1475,+,4,4,3,1,0.3480986187026758,0.35460763694974184,0.1983261832369428,0.3220462544775322,0.1631128767428902,0.9091987962832394,class=630:n03680355.pkl:0;n03680355.pkl:1;n03680355.pkl:2|class=748:n04026417.pkl:6;n04026417.pkl:21;n04026417.pkl:25|class=774:n04133789.pkl:42;n04133789.pkl:58;n04133789.pkl:69
resnet,1476,1476,+,7,5,1,0,0.06647232246517838,0.06589769641105332,0.004985578636781806,0.006030296566864998,0.7272432526771827,0.3518580449663639,class=836:n04355933.pkl:95;n04355933.pkl:123;n04355933.pkl:158|class=968:n07930864.pkl:190;n07930864.pkl:341;n07930864.pkl:710|class=782:n04152593.pkl:390;n04152593.pkl:779
resnet,1477,1477,+,5,5,2,2,0.37729830727733005,0.3251891549530366,0.10827128263979309,0.14407480647123402,0.44707873890210514,0.5541437013676189,class=623:n03658185.pkl:8;n03658185.pkl:9;n03658185.pkl:11|class=473:n02951585.pkl:27;n02951585.pkl:38;n02951585.pkl:43|class=633:n03692522.pkl:33;n03692522.pkl:185;n03692522.pkl:260
resnet,1478,1478,+,4,4,3,3,0.6140226091632329,0.33237789073043955,0.3136352535811099,0.36740904979554534,0.5117545947218057,0.5930757029019451,class=997:n13054560.pkl:0;n13054560.pkl:1;n13054560.pkl:2|class=947:n07734744.pkl:3;n07734744.pkl:18;n07734744.pkl:22|class=996:n13052670.pkl:37;n13052670.pkl:61;n13052670.pkl:63
resnet,1479,1479,+,13,4,0,0,0.00953709610817231,0.008605290531018252,0.0010718995413039718,0.0003466882968275973,0.9820478934661216,0.08496994423919567,class=714:n03929660.pkl:199;n03929660.pkl:359|class=124:n01985128.pkl:483;n01985128.pkl:1256|class=380:n02493509.pkl:420
resnet,1480,1480,+,10,5,2,0,0.06055203622794164,0.11165688502529754,0.008182446696166062,0.014222233724889115,0.5497563175624784,0.4021128885619562,class=67:n01755581.pkl:22;n01755581.pkl:45;n01755581.pkl:48|class=947:n07734744.pkl:45;n07734744.pkl:59;n07734744.pkl:185|class=413:n02749479.pkl:306;n02749479.pkl:898;n02749479.pkl:1244
resnet,1481,1481,+,1,1,1,1,0.7298985167837627,0.0,0.6385636221701796,0.0,0.0,1.0,class=990:n12768682.pkl:1;n12768682.pkl:2;n12768682.pkl:6
resnet,1482,1482,+,4,4,3,2,0.34303957819776687,0.17862790187971125,0.1076764427481714,0.10126406597029189,0.6291061008369376,0.47111048240021414,class=787:n04192698.pkl:1;n04192698.pkl:3;n04192698.pkl:4|class=464:n02910353.pkl:3;n02910353.pkl:11;n02910353.pkl:28|class=461:n02895154.pkl:294;n02895154.pkl:406;n02895154.pkl:482
resnet,1483,1483,+,4,2,1,0,0.09135598532998421,0.1443311687107816,0.006623666390870584,0.01002832634265588,0.3002740423154088,0.8230599061184465,class=865:n04462240.pkl:12;n04462240.pkl:97;n04462240.pkl:121|class=624:n03661043.pkl:1170|class=929:n07615774.pkl:741
resnet,1484,1484,+,1,1,1,1,1.0,0.0,0.99921875,0.0,0.0,1.0,class=296:n02134084.pkl:0;n02134084.pkl:1;n02134084.pkl:2
resnet,1485,1485,+,8,6,3,2,0.2959929850488045,0.40935945110123434,0.2322359887567493,0.39269021852245944,0.388809542767876,0.4823971927764746,class=153:n02085936.pkl:0;n02085936.pkl:1;n02085936.pkl:2|class=203:n02098286.pkl:0;n02098286.pkl:3;n02098286.pkl:4|class=190:n02095889.pkl:103;n02095889.pkl:104;n02095889.pkl:116
resnet,1486,1486,+,1,1,1,1,0.9892384105960265,0.0,0.9039735099337748,0.0,0.0,1.0,class=951:n07749582.pkl:0;n07749582.pkl:1;n07749582.pkl:3
resnet,1487,1487,+,3,2,1,1,0.17111378179815093,0.2319768230072528,0.07336909812347601,0.10183926433760929,0.06813714594847477,0.9755519501649076,class=884:n04523525.pkl:0;n04523525.pkl:8;n04523525.pkl:11|class=506:n03065424.pkl:110;n03065424.pkl:845|class=876:n04493381.pkl:189
resnet,1488,1488,+,9,7,3,1,0.16691368301397913,0.239551120460419,0.03332325483276326,0.06941778043404603,0.4095000625564338,0.5932854667414558,class=809:n04263257.pkl:2;n04263257.pkl:8;n04263257.pkl:19|class=909:n04596742.pkl:28;n04596742.pkl:301;n04596742.pkl:319|class=200:n02097474.pkl:8;n02097474.pkl:114;n02097474.pkl:144
resnet,1489,1489,+,2,2,2,2,0.9995539696699376,0.0004460303300624635,0.9567350579839429,0.04326494201605707,0.9985243562074723,0.5010224895539581,class=330:n02325366.pkl:0;n02325366.pkl:1;n02325366.pkl:2|class=331:n02326432.pkl:0;n02326432.pkl:1;n02326432.pkl:2
resnet,1490,1490,+,3,1,1,1,0.30329515079037955,0.42527282955964607,0.224720292884807,0.31627933545050685,0.021570097602291026,0.9936249693490391,class=7:n01514668.pkl:1;n01514668.pkl:2;n01514668.pkl:3|class=585:n03476991.pkl:247|class=903:n04584207.pkl:1013
resnet,1491,1491,+,4,4,3,1,0.49116397442784776,0.2599274785201808,0.08132429808513522,0.10213094780205809,0.49936104228308925,0.6442884779718953,class=546:n03272010.pkl:9;n03272010.pkl:12;n03272010.pkl:28|class=402:n02676566.pkl:39;n02676566.pkl:45;n02676566.pkl:49|class=714:n03929660.pkl:139;n03929660.pkl:199;n03929660.pkl:264
resnet,1492,1492,+,2,2,1,1,0.747755991285403,0.2514596949891068,0.5015305010893246,0.49690087145969497,0.04245641755374672,0.9908116025709306,class=29:n01632777.pkl:0;n01632777.pkl:1;n01632777.pkl:2|class=26:n01630670.pkl:204;n01630670.pkl:230;n01630670.pkl:1005
resnet,1493,1493,+,2,2,1,1,0.46888628097280044,0.37584420977538946,0.24297880428132168,0.23650631237193656,0.1020693108148865,0.9737167013041494,class=113:n01944390.pkl:1;n01944390.pkl:5;n01944390.pkl:7|class=114:n01945685.pkl:10;n01945685.pkl:74;n01945685.pkl:341
resnet,1494,1494,+,6,5,2,0,0.2685622372360657,0.184865503398767,0.013896352243876428,0.015699303735350185,0.6412283265834312,0.3793864613985539,class=883:n04522168.pkl:41;n04522168.pkl:48;n04522168.pkl:69|class=899:n04560804.pkl:56;n04560804.pkl:73;n04560804.pkl:83|class=427:n02795169.pkl:64;n02795169.pkl:217;n02795169.pkl:442
resnet,1495,1495,+,2,2,1,1,0.5163543274180707,0.4718439416613942,0.3696976842459149,0.36673032519546983,0.037727589738239725,0.9920057644378553,class=450:n02860847.pkl:1;n02860847.pkl:2;n02860847.pkl:5|class=435:n02808440.pkl:311;n02808440.pkl:498;n02808440.pkl:614
resnet,1496,1496,+,13,10,8,5,0.39495958080557936,0.3827203445732407,0.1495853254980911,0.23266561229107008,0.6121365029104262,0.2630216596582933,class=241:n02108000.pkl:0;n02108000.pkl:2;n02108000.pkl:3|class=238:n02107574.pkl:2;n02107574.pkl:3;n02107574.pkl:4|class=165:n02089078.pkl:4;n02089078.pkl:6;n02089078.pkl:7
resnet,1497,1497,+,3,3,1,1,0.1787318771727906,0.12153770266370065,0.022980654102636288,0.022673693974562273,0.5747317600085008,0.6578212542544594,class=5:n01496331.pkl:30;n01496331.pkl:90;n01496331.pkl:96|class=998:n13133613.pkl:42;n13133613.pkl:114;n13133613.pkl:206|class=996:n13052670.pkl:61;n13052670.pkl:484;n13052670.pkl:565
resnet,1498,1498,+,6,2,1,0,0.013286609109368278,0.01635391671500853,0.0032465513924548085,0.00336315869347056,0.7477071386749028,0.34552076909802765,class=13:n01534433.pkl:12;n01534433.pkl:25;n01534433.pkl:266|class=82:n01797886.pkl:399;n01797886.pkl:533;n01797886.pkl:735|class=19:n01592084.pkl:726;n01592084.pkl:1291
resnet,1499,1499,+,12,3,0,0,0.013463857948012138,0.022661966422814123,0.0019312701002585104,0.0019284527055959593,0.8483645488399665,0.1664237056905093,class=358:n02443114.pkl:224;n02443114.pkl:285;n02443114.pkl:351|class=479:n02974003.pkl:248;n02974003.pkl:349;n02974003.pkl:442|class=665:n03785016.pkl:714;n03785016.pkl:1101
resnet,1500,1500,+,2,1,1,1,0.4111417069841793,0.40120793214974215,0.37171795089672166,0.3700623217576488,0.022830661114799665,0.9955559260594844,class=795:n04228054.pkl:0;n04228054.pkl:1;n04228054.pkl:2|class=796:n04229816.pkl:393;n04229816.pkl:790
resnet,1501,1501,+,6,6,1,1,0.2577295485016482,0.3323233409997843,0.02607568113902015,0.054874322032887245,0.1501493096656415,0.9047676117405602,class=36:n01667778.pkl:7;n01667778.pkl:23;n01667778.pkl:31|class=61:n01742172.pkl:554;n01742172.pkl:697;n01742172.pkl:1000|class=566:n03394916.pkl:444;n03394916.pkl:536;n03394916.pkl:725
resnet,1502,1502,+,1,1,1,1,0.9757433489827856,0.0,0.7198748043818466,0.0,0.0,1.0,class=933:n07697313.pkl:0;n07697313.pkl:1;n07697313.pkl:3
resnet,1503,1503,+,6,3,0,0,0.01748500550497858,0.01974569110931989,0.001036574194673466,0.0003548440326739031,0.9714167742468142,0.18619759903317815,class=400:n02669723.pkl:808;n02669723.pkl:1244|class=381:n02493793.pkl:659|class=101:n01871265.pkl:320
resnet,1504,1504,+,2,2,1,1,0.4548291502031276,0.4266834548388892,0.26596012577216316,0.26513231120262676,0.016759935392037417,0.9968922925591721,class=840:n04367480.pkl:1;n04367480.pkl:2;n04367480.pkl:3|class=944:n07718747.pkl:117
resnet,1505,1505,+,1,1,1,1,0.9071661237785016,0.0,0.7654723127035831,0.0,0.0,1.0,class=605:n03584254.pkl:0;n03584254.pkl:1;n03584254.pkl:2
resnet,1506,1506,+,8,7,1,1,0.2540449839217471,0.2902679947136811,0.020283688639313367,0.0397413725419635,0.4483550823611522,0.6048459864951838,class=186:n02094258.pkl:3;n02094258.pkl:10;n02094258.pkl:12|class=269:n02114367.pkl:81;n02114367.pkl:432;n02114367.pkl:489|class=270:n02114548.pkl:161;n02114548.pkl:225;n02114548.pkl:306
resnet,1507,1507,+,6,5,3,2,0.3315524019533953,0.27280790859179016,0.09400072837938674,0.12737463992207476,0.47238279239469855,0.4726883858307525,class=751:n04037443.pkl:0;n04037443.pkl:4;n04037443.pkl:10|class=817:n04285008.pkl:2;n04285008.pkl:6;n04285008.pkl:19|class=479:n02974003.pkl:60;n02974003.pkl:248;n02974003.pkl:349
resnet,1508,1508,+,6,4,2,1,0.150496211709095,0.15273378444530197,0.01743512988768133,0.023483625452949575,0.5087481988545868,0.46902968047595456,class=977:n09421951.pkl:28;n09421951.pkl:62;n09421951.pkl:72|class=5:n01496331.pkl:30;n01496331.pkl:45;n01496331.pkl:119|class=801:n04251144.pkl:375;n04251144.pkl:401;n04251144.pkl:682
resnet,1509,1509,+,9,6,4,3,0.1927173957606299,0.21500112188074857,0.049358311300246295,0.0664141516556784,0.5888514932428762,0.31227877110194446,class=620:n03642806.pkl:23;n03642806.pkl:28;n03642806.pkl:34|class=46:n01693334.pkl:21;n01693334.pkl:35;n01693334.pkl:57|class=409:n02708093.pkl:14;n02708093.pkl:20;n02708093.pkl:52
resnet,1510,1510,+,5,3,0,0,0.03771149169326668,0.06056680185217412,0.001978762192092644,0.0006108562653358963,0.9663308127713187,0.21905991034273664,class=349:n02415577.pkl:630;n02415577.pkl:839;n02415577.pkl:912|class=350:n02417914.pkl:8;n02417914.pkl:52;n02417914.pkl:643|class=336:n02361337.pkl:225;n02361337.pkl:1115;n02361337.pkl:1201
resnet,1511,1511,+,2,2,1,1,0.5358785648574057,0.4641214351425943,0.5009199632014719,0.499080036798528,0.019339132560168365,0.9963336512297194,class=757:n04065272.pkl:0;n04065272.pkl:1;n04065272.pkl:2|class=908:n04592741.pkl:747;n04592741.pkl:1175
resnet,1512,1512,+,2,1,1,1,0.5000121822984791,0.4991991741683978,0.4980405734656716,0.49722756533559026,0.009550340115619737,0.9983689189382183,class=853:n04417672.pkl:0;n04417672.pkl:1;n04417672.pkl:2|class=666:n03786901.pkl:867
resnet,1513,1513,+,8,8,5,3,0.43777279579349926,0.3593126572512897,0.2100719334823837,0.3155677486842899,0.5317639921111916,0.4070714757498321,class=548:n03290653.pkl:1;n03290653.pkl:2;n03290653.pkl:3|class=598:n03529860.pkl:4;n03529860.pkl:8;n03529860.pkl:10|class=851:n04404412.pkl:9;n04404412.pkl:10;n04404412.pkl:20
resnet,1514,1514,+,7,6,2,1,0.2642557805598928,0.2858521725236261,0.014224798604024936,0.028094079447482694,0.3316440363520167,0.70009334008895,class=906:n04591157.pkl:21;n04591157.pkl:58;n04591157.pkl:61|class=578:n03450230.pkl:165;n03450230.pkl:202;n03450230.pkl:260|class=689:n03866082.pkl:194
resnet,1515,1515,+,3,3,3,3,0.9485607590231946,0.04844801401915732,0.661183186169625,0.2890414972345444,0.9060899180502696,0.39703569592877963,class=25:n01629819.pkl:0;n01629819.pkl:1;n01629819.pkl:2|class=26:n01630670.pkl:0;n01630670.pkl:1;n01630670.pkl:2|class=28:n01632458.pkl:5;n01632458.pkl:13;n01632458.pkl:15
resnet,1516,1516,+,5,5,3,2,0.35534484437271574,0.268729538515933,0.09313880808840687,0.12555557507295845,0.48735140157930695,0.5634466305755224,class=979:n09468604.pkl:2;n09468604.pkl:4;n09468604.pkl:9|class=978:n09428293.pkl:37;n09428293.pkl:39;n09428293.pkl:43|class=976:n09399592.pkl:9;n09399592.pkl:20;n09399592.pkl:23
resnet,1517,1517,+,12,7,4,0,0.058320089473400775,0.0753751858118266,0.009133557434440788,0.010040244995525891,0.7751602108335671,0.18403286399246707,class=883:n04522168.pkl:0;n04522168.pkl:41;n04522168.pkl:84|class=849:n04398044.pkl:6;n04398044.pkl:13;n04398044.pkl:33|class=836:n04355933.pkl:122;n04355933.pkl:135;n04355933.pkl:320
resnet,1518,1518,+,14,7,0,0,0.028359168351401284,0.032679457376704836,0.0026682522862052633,0.0021987217369925653,0.8841630443558802,0.11993046829522133,class=4:n01494475.pkl:77;n01494475.pkl:547;n01494475.pkl:560|class=381:n02493793.pkl:120;n02493793.pkl:279;n02493793.pkl:378|class=23:n01616318.pkl:336;n01616318.pkl:494;n01616318.pkl:642
resnet,1519,1519,+,3,3,3,2,0.894622478424456,0.1288904388325072,0.4003315517793553,0.42771618319312354,0.4546315041912983,0.7138296619204909,class=123:n01984695.pkl:0;n01984695.pkl:1;n01984695.pkl:2|class=124:n01985128.pkl:3;n01985128.pkl:9;n01985128.pkl:20|class=121:n01981276.pkl:132;n01981276.pkl:186;n01981276.pkl:297
resnet,1520,1520,+,15,12,6,2,0.09930373522724904,0.0985720406086349,0.027500097264690108,0.042014150033156554,0.6843381881472873,0.22227449621950132,class=454:n02871525.pkl:0;n02871525.pkl:3;n02871525.pkl:4|class=860:n04443257.pkl:55;n04443257.pkl:62;n04443257.pkl:81|class=762:n04081281.pkl:0;n04081281.pkl:1;n04081281.pkl:2
resnet,1521,1521,+,6,5,3,2,0.3021012441272182,0.3357454268496697,0.1855297944569889,0.36438764488332964,0.23200534819460727,0.8095744876903189,class=154:n02086079.pkl:0;n02086079.pkl:1;n02086079.pkl:2|class=152:n02085782.pkl:39;n02085782.pkl:76;n02085782.pkl:112|class=155:n02086240.pkl:46;n02086240.pkl:69;n02086240.pkl:101
resnet,1522,1522,+,2,2,1,1,0.5052468236316691,0.3706506122657668,0.3112677352557711,0.31027072628269037,0.017181005983398435,0.996802070626122,class=911:n04599235.pkl:6;n04599235.pkl:14;n04599235.pkl:17|class=631:n03690938.pkl:506
resnet,1523,1523,+,10,5,3,0,0.06313724738283026,0.09202082429292692,0.00884897160219245,0.012455028962381936,0.6427104100313982,0.29810885173739887,class=904:n04589890.pkl:52;n04589890.pkl:58;n04589890.pkl:75|class=782:n04152593.pkl:328;n04152593.pkl:350;n04152593.pkl:464|class=475:n02965783.pkl:55;n02965783.pkl:232;n02965783.pkl:250
resnet,1524,1524,+,6,3,2,0,0.057426424979327186,0.09004871439055237,0.006768698530087888,0.008028834656728245,0.6472436844141936,0.4011669841693387,class=74:n01773797.pkl:264;n01773797.pkl:319;n01773797.pkl:321|class=46:n01693334.pkl:136;n01693334.pkl:241;n01693334.pkl:656|class=988:n12267677.pkl:181;n12267677.pkl:385;n12267677.pkl:489
resnet,1525,1525,+,9,6,3,2,0.2585367746493428,0.31228286185161763,0.06543851261625663,0.10703128764759258,0.4855398683626252,0.40835446444415135,class=979:n09468604.pkl:3;n09468604.pkl:5;n09468604.pkl:6|class=970:n09193705.pkl:11;n09193705.pkl:13;n09193705.pkl:16|class=972:n09246464.pkl:129;n09246464.pkl:138;n09246464.pkl:234
resnet,1526,1526,+,11,10,6,5,0.3225115195404101,0.25016960833569535,0.08693804025542227,0.12188545271675222,0.6604735803743543,0.26959543859675317,class=191:n02096051.pkl:0;n02096051.pkl:2;n02096051.pkl:8|class=175:n02091635.pkl:16;n02091635.pkl:20;n02091635.pkl:26|class=162:n02088364.pkl:1;n02088364.pkl:5;n02088364.pkl:11
resnet,1527,1527,+,2,1,1,1,0.24075542777832856,0.23931242633532712,0.18986484253659827,0.1884218410935968,0.036023600125362,0.9924287303037271,class=529:n03188531.pkl:0;n03188531.pkl:1;n03188531.pkl:2|class=638:n03710637.pkl:783
resnet,1528,1528,+,4,3,1,1,0.20481294821397844,0.2512171239821726,0.09459498141344212,0.15968413053240535,0.08088380283305213,0.9624056122550022,class=588:n03482405.pkl:2;n03482405.pkl:5;n03482405.pkl:6|class=790:n04204238.pkl:739;n04204238.pkl:752;n04204238.pkl:801|class=631:n03690938.pkl:130;n03690938.pkl:506
resnet,1529,1529,+,5,3,2,2,0.29268389688674784,0.35545967290259234,0.08138310627837717,0.10574146537523503,0.4560167004401655,0.5376386229871822,class=75:n01774384.pkl:12;n01774384.pkl:16;n01774384.pkl:20|class=638:n03710637.pkl:4;n03710637.pkl:25;n03710637.pkl:86|class=655:n03770439.pkl:64;n03770439.pkl:195;n03770439.pkl:681
resnet,1530,1530,+,3,2,1,1,0.4302704488948374,0.41834945958227643,0.2868394458834725,0.4043154644500802,0.015622713223013155,0.9956134262842665,class=923:n07579787.pkl:0;n07579787.pkl:1;n07579787.pkl:3|class=925:n07584110.pkl:498|class=928:n07614500.pkl:252
resnet,1531,1531,+,12,10,3,0,0.1205512212767138,0.09898948524531812,0.008285477206884478,0.009605874827514163,0.7496547703867327,0.1953435265433574,class=535:n03208938.pkl:169;n03208938.pkl:189;n03208938.pkl:197|class=567:n03400231.pkl:187;n03400231.pkl:269;n03400231.pkl:270|class=485:n02988304.pkl:2;n02988304.pkl:88;n02988304.pkl:149
resnet,1532,1532,+,5,4,1,0,0.14145472687945057,0.20746178596455586,0.0041839488301651144,0.005752709769451795,0.5452497215410854,0.5780960973274585,class=923:n07579787.pkl:74;n07579787.pkl:225;n07579787.pkl:286|class=928:n07614500.pkl:19;n07614500.pkl:252;n07614500.pkl:1099|class=909:n04596742.pkl:693
resnet,1533,1533,+,2,2,2,2,0.6190130121816169,0.02682032115171651,0.40172593878989227,0.0736528490888956,0.9756149700474533,0.5168069674135882,class=718:n03933933.pkl:0;n03933933.pkl:2;n03933933.pkl:7|class=502:n03047690.pkl:0;n03047690.pkl:3;n03047690.pkl:6
resnet,1534,1534,+,2,1,0,0,0.020178346970235978,0.018043875251986245,0.0009780623740068778,8.917348511798887e-05,0.9939953707366277,0.5041563142956327,class=657:n03773504.pkl:907|class=427:n02795169.pkl:849
resnet,1535,1535,+,1,1,1,1,0.9628691983122363,0.0,0.7620253164556962,0.0,0.0,1.0,class=695:n03874599.pkl:0;n03874599.pkl:1;n03874599.pkl:2
resnet,1536,1536,+,14,5,1,1,0.06560109562047206,0.1808637224213593,0.02633318204896981,0.0889794605238927,0.13868934789377343,0.8869677282979106,class=212:n02100735.pkl:3;n02100735.pkl:8;n02100735.pkl:9|class=211:n02100583.pkl:105;n02100583.pkl:126;n02100583.pkl:144|class=498:n03032252.pkl:305;n03032252.pkl:814;n03032252.pkl:861
resnet,1537,1537,+,3,3,3,2,0.6376669921214165,0.3341683133110454,0.36851022445320414,0.4463096082690443,0.34148906203183127,0.8222694674146415,class=132:n02009912.pkl:0;n02009912.pkl:1;n02009912.pkl:2|class=131:n02009229.pkl:3;n02009229.pkl:5;n02009229.pkl:8|class=134:n02012849.pkl:25;n02012849.pkl:55;n02012849.pkl:88
resnet,1538,1538,+,8,5,2,0,0.17395666525318576,0.23675862142723522,0.006587458126680309,0.010470874813135545,0.5291604926902326,0.44082042409661903,class=535:n03208938.pkl:189;n03208938.pkl:197;n03208938.pkl:220|class=799:n04239074.pkl:132;n04239074.pkl:157;n04239074.pkl:234|class=987:n12144580.pkl:52
resnet,1539,1539,+,13,10,2,0,0.11309681048320448,0.16150909754049936,0.006113622047286543,0.011087041660146095,0.6000845481665827,0.32990578282567745,class=585:n03476991.pkl:20;n03476991.pkl:35;n03476991.pkl:42|class=631:n03690938.pkl:31;n03690938.pkl:68;n03690938.pkl:150|class=636:n03709823.pkl:75;n03709823.pkl:164;n03709823.pkl:220
resnet,1540,1540,+,11,9,6,5,0.3625343061212171,0.3740201580878324,0.19011113270021437,0.2523946277646331,0.6251249538537834,0.2511422626282436,class=527:n03180011.pkl:0;n03180011.pkl:1;n03180011.pkl:3|class=782:n04152593.pkl:1;n04152593.pkl:3;n04152593.pkl:5|class=526:n03179701.pkl:1;n03179701.pkl:2;n03179701.pkl:4
resnet,1541,1541,+,3,1,0,0,0.10723343923604078,0.15026411557401703,0.0009256632708423192,7.892007079693472e-05,0.9966273896866771,0.3357563009736649,class=494:n03017168.pkl:284|class=926:n07590611.pkl:774|class=49:n01697457.pkl:835
resnet,1542,1542,+,9,8,3,3,0.2707314603019998,0.2820927999453649,0.09354269916854409,0.1428488832410357,0.5007339808066856,0.37022541918021956,class=631:n03690938.pkl:0;n03690938.pkl:1;n03690938.pkl:3|class=968:n07930864.pkl:19;n07930864.pkl:26;n07930864.pkl:36|class=504:n03063599.pkl:5;n03063599.pkl:9;n03063599.pkl:16
resnet,1543,1543,+,3,2,1,1,0.3158139354584027,0.4318043084899957,0.22954777862983278,0.3224778489312838,0.028414794297813042,0.9911915947440689,class=451:n02865351.pkl:1;n02865351.pkl:4;n02865351.pkl:5|class=494:n03017168.pkl:269;n03017168.pkl:1058|class=826:n04328186.pkl:73
resnet,1544,1544,+,9,8,5,3,0.4407140174077662,0.34931064899222347,0.10136310240690508,0.14307654520533786,0.5818436595311515,0.3324891783397967,class=978:n09428293.pkl:2;n09428293.pkl:3;n09428293.pkl:5|class=975:n09332890.pkl:4;n09332890.pkl:10;n09332890.pkl:11|class=976:n09399592.pkl:5;n09399592.pkl:12;n09399592.pkl:14
resnet,1545,1545,+,2,2,2,2,0.9948880178178234,0.003999635129896262,0.9937623682096787,0.00401293768576072,0.9999882373422233,0.5000081532309133,class=837:n04356056.pkl:2;n04356056.pkl:3;n04356056.pkl:4|class=836:n04355933.pkl:0;n04355933.pkl:2;n04355933.pkl:3
resnet,1546,1546,+,1,1,1,1,1.0,0.0,1.0,0.0,0.0,1.0,class=944:n07718747.pkl:0;n07718747.pkl:2;n07718747.pkl:3
resnet,1547,1547,+,7,7,3,1,0.2632508994910792,0.24414749925870807,0.047461755272226895,0.09876781773719447,0.30609002222220033,0.7615075243817753,class=881:n04515003.pkl:2;n04515003.pkl:8;n04515003.pkl:11|class=492:n03014705.pkl:28;n03014705.pkl:60;n03014705.pkl:212|class=526:n03179701.pkl:51;n03179701.pkl:104;n03179701.pkl:135
resnet,1548,1548,+,12,4,0,0,0.020879734580579828,0.03289189243312677,0.0029218985485359775,0.0027204014808719468,0.8469264229220337,0.15556946713258116,class=342:n02396427.pkl:34;n02396427.pkl:134;n02396427.pkl:323|class=273:n02115641.pkl:130;n02115641.pkl:172;n02115641.pkl:838|class=238:n02107574.pkl:145;n02107574.pkl:499;n02107574.pkl:877
resnet,1549,1549,+,7,5,1,1,0.11339103324259578,0.1707386061698946,0.014181721396207948,0.028524927838715113,0.32867271354787997,0.7208110050566087,class=665:n03785016.pkl:2;n03785016.pkl:13;n03785016.pkl:30|class=671:n03792782.pkl:81;n03792782.pkl:109;n03792782.pkl:199|class=670:n03791053.pkl:16;n03791053.pkl:580;n03791053.pkl:838
resnet,1550,1550,+,4,4,3,1,0.5057888375958862,0.3542541081800961,0.2612149728631396,0.4261954918453133,0.1525300362611176,0.9155207145958348,class=279:n02120079.pkl:0;n02120079.pkl:1;n02120079.pkl:2|class=278:n02119789.pkl:4;n02119789.pkl:34;n02119789.pkl:36|class=270:n02114548.pkl:24;n02114548.pkl:52;n02114548.pkl:225
resnet,1551,1551,+,6,4,2,1,0.26107329552386543,0.361875569908872,0.019201099130919098,0.02813678031362439,0.473826521297168,0.5245532103222839,class=667:n03787032.pkl:9;n03787032.pkl:19;n03787032.pkl:32|class=400:n02669723.pkl:41;n02669723.pkl:49;n02669723.pkl:66|class=578:n03450230.pkl:451;n03450230.pkl:730
resnet,1552,1552,+,3,2,1,1,0.25797327264730374,0.35200815717849376,0.225911757878138,0.31627666101805707,0.0395672163327383,0.9866674929014191,class=943:n07718472.pkl:0;n07718472.pkl:2;n07718472.pkl:3|class=912:n04604644.pkl:101;n04604644.pkl:650;n04604644.pkl:876|class=648:n03742115.pkl:1112
resnet,1553,1553,+,11,7,2,1,0.07764728133857786,0.1280963517905431,0.025319219576895938,0.06932500371346433,0.2486082603695249,0.7724414604580047,class=202:n02098105.pkl:14;n02098105.pkl:16;n02098105.pkl:20|class=266:n02113712.pkl:35;n02113712.pkl:39;n02113712.pkl:69|class=764:n04090263.pkl:249;n04090263.pkl:384;n04090263.pkl:575
resnet,1554,1554,+,10,8,1,0,0.10487842233106681,0.1610430300257926,0.004314589083726161,0.003266668034892531,0.8875567924594,0.15732329222216548,class=880:n04509417.pkl:68;n04509417.pkl:194;n04509417.pkl:269|class=491:n03000684.pkl:123;n03000684.pkl:199;n03000684.pkl:286|class=421:n02788148.pkl:527;n02788148.pkl:679;n02788148.pkl:759
resnet,1555,1555,+,5,2,0,0,0.01579358319747779,0.025308536861148135,0.0014470500499786348,0.001083574657909927,0.8612156428332575,0.3121451688982079,class=602:n03535780.pkl:152;n03535780.pkl:376;n03535780.pkl:1206|class=911:n04599235.pkl:234|class=898:n04557648.pkl:311
resnet,1556,1556,+,3,3,2,1,0.3503744800468794,0.3291666702438904,0.20551178875966813,0.250572348334531,0.31985964183139237,0.8288651596132122,class=598:n03529860.pkl:0;n03529860.pkl:3;n03529860.pkl:5|class=498:n03032252.pkl:64;n03032252.pkl:70;n03032252.pkl:108|class=799:n04239074.pkl:77;n04239074.pkl:132;n04239074.pkl:157
resnet,1557,1557,+,5,2,1,1,0.1137523302789984,0.21828727168374173,0.09435140367152167,0.18649294277577536,0.0407508493579252,0.9813724030045593,class=434:n02808304.pkl:1;n02808304.pkl:3;n02808304.pkl:7|class=168:n02090379.pkl:77;n02090379.pkl:430|class=264:n02113186.pkl:1184
resnet,1558,1558,+,15,14,1,0,0.07465846102639943,0.07914643190980715,0.002416138967927408,0.0032908824933364513,0.7953172578255885,0.19034387453063617,class=494:n03017168.pkl:133;n03017168.pkl:227;n03017168.pkl:232|class=423:n02791124.pkl:33;n02791124.pkl:139;n02791124.pkl:219|class=782:n04152593.pkl:507;n04152593.pkl:511;n04152593.pkl:738
resnet,1559,1559,+,11,7,3,1,0.12227391826093074,0.1457927344166625,0.017242315422427226,0.03893819446925708,0.4516579637894842,0.5545350697148179,class=409:n02708093.pkl:15;n02708093.pkl:26;n02708093.pkl:33|class=423:n02791124.pkl:33;n02791124.pkl:58;n02791124.pkl:139|class=778:n04141975.pkl:288;n04141975.pkl:478;n04141975.pkl:648
resnet,1560,1560,+,7,5,1,0,0.021881510978572317,0.017621598656362272,0.005283495402799513,0.005058974536097946,0.7956786926146211,0.2738308979282693,class=689:n03866082.pkl:79;n03866082.pkl:101;n03866082.pkl:181|class=978:n09428293.pkl:23;n09428293.pkl:99;n09428293.pkl:300|class=381:n02493793.pkl:16;n02493793.pkl:511;n02493793.pkl:659
resnet,1561,1561,+,4,3,2,2,0.2265648546473113,0.18825849937747377,0.04979029016682472,0.048751314301833416,0.5582977592052569,0.489675339436231,class=768:n04118538.pkl:5;n04118538.pkl:6;n04118538.pkl:7|class=890:n04540053.pkl:11;n04540053.pkl:15;n04540053.pkl:19|class=700:n03887697.pkl:217;n03887697.pkl:303;n03887697.pkl:386
resnet,1562,1562,+,3,3,3,3,0.9877310782162599,0.016103595855088193,0.6918156381520002,0.2686362578873981,0.9263913837925426,0.38359388531417055,class=385:n02504013.pkl:0;n02504013.pkl:1;n02504013.pkl:2|class=386:n02504458.pkl:0;n02504458.pkl:1;n02504458.pkl:2|class=101:n01871265.pkl:5;n01871265.pkl:6;n01871265.pkl:7
resnet,1563,1563,+,1,1,1,1,0.9992044550517104,0.0,0.9968178202068417,0.0,0.0,1.0,class=210:n02100236.pkl:0;n02100236.pkl:1;n02100236.pkl:2
resnet,1564,1564,+,8,7,2,2,0.37467431335281476,0.28852228441942934,0.068711395007479,0.14554695929466757,0.29047900759565304,0.6858655366264557,class=214:n02101006.pkl:0;n02101006.pkl:7;n02101006.pkl:8|class=255:n02111129.pkl:15;n02111129.pkl:30;n02111129.pkl:111|class=771:n04125021.pkl:69;n04125021.pkl:74;n04125021.pkl:246
resnet,1565,1565,+,15,5,1,0,0.022078132105101907,0.041911725644519816,0.002282140328272439,0.003089051475912638,0.799988600404088,0.18881128609101755,class=356:n02441942.pkl:74;n02441942.pkl:206;n02441942.pkl:567|class=446:n02840245.pkl:221;n02840245.pkl:256;n02840245.pkl:361|class=238:n02107574.pkl:145;n02107574.pkl:697;n02107574.pkl:1079
resnet,1566,1566,+,2,2,2,2,0.8986666666666667,0.10133333333333333,0.6529238763315147,0.32759054299818136,0.8099054132512946,0.6258657637679135,class=299:n02138441.pkl:0;n02138441.pkl:1;n02138441.pkl:2|class=298:n02137549.pkl:1;n02137549.pkl:2;n02137549.pkl:10
resnet,1567,1567,+,8,7,5,2,0.26782712863858327,0.27136044246120317,0.08175617386905715,0.17374353182524074,0.3461504831587694,0.689528909285786,class=358:n02443114.pkl:1;n02443114.pkl:3;n02443114.pkl:4|class=356:n02441942.pkl:29;n02441942.pkl:74;n02441942.pkl:93|class=249:n02110063.pkl:7;n02110063.pkl:31;n02110063.pkl:101
resnet,1568,1568,+,12,9,4,0,0.0875403870477484,0.08246452869673512,0.009498974958755483,0.010261566980184796,0.7661378358041703,0.1805840111362474,class=725:n03950228.pkl:13;n03950228.pkl:39;n03950228.pkl:72|class=504:n03063599.pkl:8;n03063599.pkl:29;n03063599.pkl:32|class=773:n04131690.pkl:23;n04131690.pkl:29;n04131690.pkl:53
resnet,1569,1569,+,9,7,5,2,0.1888278650189197,0.23783792504308346,0.05723956455619864,0.10359999964577553,0.47542479450838093,0.4750968397411735,class=190:n02095889.pkl:2;n02095889.pkl:5;n02095889.pkl:6|class=198:n02097209.pkl:0;n02097209.pkl:5;n02097209.pkl:11|class=185:n02094114.pkl:77;n02094114.pkl:97;n02094114.pkl:98
resnet,1570,1570,+,3,3,3,2,0.7465758399626323,0.230841110353522,0.4852546287760185,0.40419511415452075,0.6018283006313095,0.5646044997863893,class=690:n03868242.pkl:0;n03868242.pkl:1;n03868242.pkl:2|class=345:n02403003.pkl:0;n02403003.pkl:1;n02403003.pkl:2|class=603:n03538406.pkl:345;n03538406.pkl:411;n03538406.pkl:498
resnet,1571,1571,+,15,12,4,1,0.19308785163252856,0.23731956770568693,0.009561419207643003,0.01676359809189422,0.6529957965530854,0.27159334551866143,class=234:n02106550.pkl:16;n02106550.pkl:26;n02106550.pkl:32|class=549:n03291819.pkl:33;n03291819.pkl:49;n03291819.pkl:73|class=242:n02108089.pkl:170;n02108089.pkl:213;n02108089.pkl:262
resnet,1572,1572,+,2,2,1,1,0.5255901513389716,0.3746868569712776,0.4305649183644833,0.4263141213400412,0.04492766460376303,0.9901761299498903,class=912:n04604644.pkl:1;n04604644.pkl:2;n04604644.pkl:3|class=345:n02403003.pkl:533;n02403003.pkl:739;n02403003.pkl:787
resnet,1573,1573,+,6,6,5,2,0.21987347334537644,0.1088048870172291,0.04823662811875138,0.047530395449188634,0.7731234567043167,0.32848872513687355,class=940:n07716906.pkl:5;n07716906.pkl:9;n07716906.pkl:10|class=942:n07717556.pkl:2;n07717556.pkl:9;n07717556.pkl:15|class=943:n07718472.pkl:13;n07718472.pkl:37;n07718472.pkl:65
resnet,1574,1574,+,7,3,1,0,0.026537587214260538,0.04212607050982362,0.0035080526420330194,0.004287420752193169,0.7122165273768213,0.35624119979207786,class=46:n01693334.pkl:75;n01693334.pkl:91;n01693334.pkl:226|class=356:n02441942.pkl:74;n02441942.pkl:225;n02441942.pkl:774|class=987:n12144580.pkl:131;n12144580.pkl:944;n12144580.pkl:1023
resnet,1575,1575,+,8,7,6,3,0.2977263205808927,0.26547171770953,0.12190805822842266,0.16942523749122712,0.5899670543836705,0.36643564657249394,class=851:n04404412.pkl:4;n04404412.pkl:7;n04404412.pkl:9|class=782:n04152593.pkl:3;n04152593.pkl:5;n04152593.pkl:6|class=598:n03529860.pkl:8;n03529860.pkl:19;n03529860.pkl:29
resnet,1576,1576,+,7,7,2,1,0.21241692893878686,0.21666279818113007,0.0147922933593306,0.02271550812952536,0.5489932807060415,0.4797376249946328,class=46:n01693334.pkl:7;n01693334.pkl:17;n01693334.pkl:19|class=119:n01978455.pkl:17;n01978455.pkl:37;n01978455.pkl:88|class=35:n01667114.pkl:620;n01667114.pkl:865;n01667114.pkl:872
resnet,1577,1577,+,16,10,3,1,0.1000900746255513,0.13781817436403998,0.014172681711083272,0.03187114405027502,0.5165637163921698,0.37856125194806844,class=68:n01756291.pkl:28;n01756291.pkl:31;n01756291.pkl:35|class=73:n01773549.pkl:4;n01773549.pkl:14;n01773549.pkl:50|class=5:n01496331.pkl:30;n01496331.pkl:109;n01496331.pkl:149
resnet,1578,1578,+,3,3,3,2,0.7082931848370908,0.38230209772772117,0.5557268726930445,0.4017140043462818,0.6743039470109279,0.5075099673688888,class=372:n02486410.pkl:0;n02486410.pkl:1;n02486410.pkl:2|class=373:n02487347.pkl:2;n02487347.pkl:4;n02487347.pkl:6|class=371:n02486261.pkl:31;n02486261.pkl:129;n02486261.pkl:226
resnet,1579,1579,+,4,2,1,1,0.2595155599539438,0.42761421982275216,0.2509854939710465,0.43244384119699203,0.02152619792951163,0.9921679541255986,class=669:n03788365.pkl:0;n03788365.pkl:1;n03788365.pkl:2|class=601:n03534580.pkl:109;n03534580.pkl:1185|class=876:n04493381.pkl:715
resnet,1580,1580,+,7,5,4,3,0.4968297149818887,0.40793080896172607,0.25111554365111294,0.30735057581484027,0.5711985754258316,0.3568616060037678,class=504:n03063599.pkl:1;n03063599.pkl:2;n03063599.pkl:3|class=968:n07930864.pkl:0;n07930864.pkl:2;n07930864.pkl:3|class=505:n03063689.pkl:2;n03063689.pkl:3;n03063689.pkl:4
resnet,1581,1581,+,4,4,3,3,0.6569231054054189,0.2755983540855308,0.2590119010942672,0.38129446722826926,0.326658526784314,0.7917782631642476,class=70:n01770081.pkl:0;n01770081.pkl:1;n01770081.pkl:2|class=218:n02102177.pkl:12;n02102177.pkl:39;n02102177.pkl:66|class=185:n02094114.pkl:7;n02094114.pkl:103;n02094114.pkl:129
resnet,1582,1582,+,15,10,2,1,0.0905315409424358,0.12668750778922658,0.0059686094272139575,0.01399321305235055,0.5442902017011613,0.4331019740323306,class=524:n03146219.pkl:8;n03146219.pkl:39;n03146219.pkl:48|class=638:n03710637.pkl:536;n03710637.pkl:666;n03710637.pkl:783|class=911:n04599235.pkl:107;n04599235.pkl:310;n04599235.pkl:1072
resnet,1583,1583,+,10,9,3,1,0.25182880602036845,0.1903134001534836,0.014214420620673263,0.016240679067144898,0.7370133924394446,0.23054193429427253,class=663:n03781244.pkl:8;n03781244.pkl:9;n03781244.pkl:27|class=505:n03063689.pkl:16;n03063689.pkl:17;n03063689.pkl:88|class=497:n03028079.pkl:70;n03028079.pkl:97;n03028079.pkl:199
resnet,1584,1584,+,4,3,2,0,0.0814075379989169,0.06893145864719469,0.011503519892288979,0.013098170197021019,0.533473364192215,0.5741154784549765,class=120:n01980166.pkl:20;n01980166.pkl:44;n01980166.pkl:55|class=342:n02396427.pkl:28;n02396427.pkl:67;n02396427.pkl:111|class=979:n09468604.pkl:272
resnet,1585,1585,+,9,6,1,1,0.11077786907388493,0.2436865483171751,0.06866570367975086,0.19005117717086573,0.06026915427380541,0.962286128774144,class=634:n03697007.pkl:3;n03697007.pkl:4;n03697007.pkl:5|class=423:n02791124.pkl:431;n02791124.pkl:1038;n02791124.pkl:1100|class=657:n03773504.pkl:130;n03773504.pkl:379
resnet,1586,1586,+,10,6,0,0,0.03335967662249396,0.041091429334697324,0.002212343603156231,0.001846956935884007,0.8718200111098564,0.16969608461264535,class=641:n03720891.pkl:69;n03720891.pkl:128;n03720891.pkl:205|class=420:n02787622.pkl:150;n02787622.pkl:211;n02787622.pkl:540|class=541:n03249569.pkl:97;n03249569.pkl:615;n03249569.pkl:772
resnet,1587,1587,+,8,4,1,1,0.07492075495516272,0.09062744295975145,0.00915095240797787,0.020298029671026417,0.3164884583962063,0.7400142600106336,class=912:n04604644.pkl:2;n04604644.pkl:31;n04604644.pkl:60|class=216:n02101556.pkl:102;n02101556.pkl:132;n02101556.pkl:172|class=482:n02979186.pkl:292
resnet,1588,1588,+,3,2,1,1,0.5212403641679958,0.40887433669205614,0.33527545188729396,0.47003371950089484,0.034893483264338644,0.9884720438521515,class=178:n02092339.pkl:0;n02092339.pkl:1;n02092339.pkl:3|class=180:n02093428.pkl:122;n02093428.pkl:233;n02093428.pkl:476|class=358:n02443114.pkl:59
resnet,1589,1589,+,4,4,1,1,0.2540840596091266,0.3144933970736081,0.18795276995796956,0.32248565571846816,0.03552171273951097,0.9859754898134445,class=447:n02841315.pkl:0;n02841315.pkl:2;n02841315.pkl:3|class=744:n04008634.pkl:824;n04008634.pkl:853|class=622:n03657121.pkl:819;n03657121.pkl:972
resnet,1590,1590,+,5,4,2,1,0.26819091388274197,0.372861394572397,0.1970976909673759,0.3844392808483898,0.06755962502126352,0.9608909787164466,class=692:n03871628.pkl:0;n03871628.pkl:1;n03871628.pkl:2|class=549:n03291819.pkl:395;n03291819.pkl:502;n03291819.pkl:510|class=524:n03146219.pkl:540
resnet,1591,1591,+,8,4,3,2,0.11435881776380433,0.14069096360783587,0.03449534362405534,0.054959520296536835,0.49692296975790307,0.4423035483818826,class=638:n03710637.pkl:14;n03710637.pkl:18;n03710637.pkl:23|class=461:n02895154.pkl:33;n02895154.pkl:48;n02895154.pkl:61|class=733:n03976657.pkl:22;n03976657.pkl:31;n03976657.pkl:63
resnet,1592,1592,+,3,2,1,1,0.3854397730885601,0.427852965740362,0.29475667512739323,0.41552704753695974,0.015095844527197824,0.9957786645765351,class=930:n07684084.pkl:0;n07684084.pkl:1;n07684084.pkl:2|class=923:n07579787.pkl:905|class=599:n03530642.pkl:119
resnet,1593,1593,+,9,4,0,0,0.028751916451680862,0.058343998176405155,0.0015434971703495743,0.0009262755489440078,0.9329978874061564,0.1511264238437263,class=803:n04252225.pkl:80;n04252225.pkl:97;n04252225.pkl:376|class=101:n01871265.pkl:255;n01871265.pkl:1053|class=660:n03776460.pkl:655;n03776460.pkl:770
resnet,1594,1594,+,7,7,2,0,0.1787077995928778,0.19364236162254408,0.007941887209346616,0.008355473017999444,0.7351534452379305,0.30098071335504006,class=586:n03478589.pkl:61;n03478589.pkl:155;n03478589.pkl:179|class=444:n02835271.pkl:0;n02835271.pkl:81;n02835271.pkl:139|class=671:n03792782.pkl:22;n03792782.pkl:81;n03792782.pkl:199
resnet,1595,1595,+,3,2,1,1,0.33695376498176705,0.46439098219544933,0.3218392792191938,0.4538424250324982,0.01385428425138497,0.9961765767077477,class=910:n04597913.pkl:0;n04597913.pkl:1;n04597913.pkl:3|class=700:n03887697.pkl:35|class=693:n03873416.pkl:603
resnet,1596,1596,+,6,6,3,2,0.2983188700013933,0.3116555549069037,0.10406493288908804,0.16213335083113647,0.40361292493714557,0.5712282585175089,class=587:n03481172.pkl:1;n03481172.pkl:3;n03481172.pkl:5|class=792:n04208210.pkl:2;n04208210.pkl:3;n04208210.pkl:9|class=596:n03498962.pkl:49;n03498962.pkl:156;n03498962.pkl:339
resnet,1597,1597,+,4,4,1,1,0.26720220856090043,0.31962304255616847,0.15975251017600534,0.27215062591865485,0.0546604664420749,0.975543242922361,class=464:n02910353.pkl:0;n02910353.pkl:2;n02910353.pkl:3|class=636:n03709823.pkl:168;n03709823.pkl:195;n03709823.pkl:445|class=531:n03197337.pkl:758
resnet,1598,1598,+,12,8,4,0,0.07317896640393935,0.0916002608235787,0.008961925749701229,0.011993429942364433,0.7116806809060497,0.2325793938405346,class=663:n03781244.pkl:51;n03781244.pkl:68;n03781244.pkl:110|class=977:n09421951.pkl:62;n09421951.pkl:72;n09421951.pkl:79|class=657:n03773504.pkl:39;n03773504.pkl:68;n03773504.pkl:104
resnet,1599,1599,+,6,3,2,2,0.326886026443104,0.4528919666116402,0.2853420781696707,0.40925570103825065,0.3907863794514043,0.5095185865120792,class=254:n02110958.pkl:0;n02110958.pkl:1;n02110958.pkl:2|class=245:n02108915.pkl:1;n02108915.pkl:2;n02108915.pkl:3|class=848:n04392985.pkl:165
resnet,1600,1600,+,1,1,1,1,0.6859983429991715,0.0,0.6230323115161558,0.0,0.0,1.0,class=691:n03868863.pkl:0;n03868863.pkl:1;n03868863.pkl:3
resnet,1601,1601,+,1,1,1,1,0.6623586429725363,0.0,0.4620355411954766,0.0,0.0,1.0,class=941:n07717410.pkl:1;n07717410.pkl:2;n07717410.pkl:4
resnet,1602,1602,+,1,1,1,1,1.0,0.0,1.0,0.0,0.0,1.0,class=574:n03445777.pkl:0;n03445777.pkl:1;n03445777.pkl:2
resnet,1603,1603,+,7,5,2,1,0.1403869965912281,0.1696845086939605,0.015948353273015806,0.026217446205410028,0.509627145043204,0.5289137919480548,class=603:n03538406.pkl:62;n03538406.pkl:107;n03538406.pkl:141|class=345:n02403003.pkl:39;n02403003.pkl:120;n02403003.pkl:144|class=856:n04428191.pkl:75;n04428191.pkl:268;n04428191.pkl:375
resnet,1604,1604,+,4,4,2,1,0.3037210060632357,0.19274899134311493,0.07336077384754401,0.11589265850870671,0.21177645460628206,0.8739130245034074,class=778:n04141975.pkl:1;n04141975.pkl:3;n04141975.pkl:5|class=485:n02988304.pkl:195;n02988304.pkl:399;n02988304.pkl:591|class=771:n04125021.pkl:68;n04125021.pkl:174;n04125021.pkl:202
resnet,1605,1605,+,3,3,2,1,0.4555189908035762,0.36286040644476764,0.21642689682438412,0.28684636965863786,0.1672786635473021,0.9188712132529929,class=602:n03535780.pkl:1;n03535780.pkl:3;n03535780.pkl:7|class=422:n02790996.pkl:34;n02790996.pkl:50;n02790996.pkl:146|class=638:n03710637.pkl:930
resnet,1606,1606,+,19,14,8,3,0.08620532003240718,0.107971756605914,0.021328029925560345,0.036871005719137186,0.6875188591757074,0.20992656670706056,class=526:n03179701.pkl:1;n03179701.pkl:10;n03179701.pkl:20|class=585:n03476991.pkl:32;n03476991.pkl:35;n03476991.pkl:56|class=551:n03314780.pkl:20;n03314780.pkl:34;n03314780.pkl:40
resnet,1607,1607,+,5,2,2,1,0.12446578947226125,0.18556828169494774,0.05825401065241419,0.10658477904844516,0.18643202979499268,0.8695279510112325,class=117:n01968897.pkl:2;n01968897.pkl:7;n01968897.pkl:8|class=349:n02415577.pkl:19;n02415577.pkl:182;n02415577.pkl:233|class=506:n03065424.pkl:110;n03065424.pkl:783
resnet,1608,1608,+,6,3,0,0,0.052420052053271764,0.04646126605485307,0.0011747837520385735,0.0004780761909126994,0.9571340234743438,0.1942678129017584,class=631:n03690938.pkl:506;n03690938.pkl:810|class=808:n04259630.pkl:348;n04259630.pkl:1076|class=439:n02817516.pkl:44
resnet,1609,1609,+,6,6,2,2,0.3913445277415224,0.3311749352948498,0.10043320964298236,0.18266207223655764,0.28498176925466234,0.717970263527743,class=600:n03532672.pkl:0;n03532672.pkl:1;n03532672.pkl:2|class=488:n02999410.pkl:34;n02999410.pkl:39;n02999410.pkl:76|class=783:n04153751.pkl:435;n04153751.pkl:441;n04153751.pkl:474
resnet,1610,1610,+,9,7,3,2,0.3212075720007605,0.33962041854184316,0.08103128098781077,0.17581682653895803,0.32402537271416854,0.6341969407851468,class=906:n04591157.pkl:0;n04591157.pkl:2;n04591157.pkl:4|class=689:n03866082.pkl:15;n03866082.pkl:16;n03866082.pkl:46|class=834:n04350905.pkl:6;n04350905.pkl:51;n04350905.pkl:58
resnet,1611,1611,+,8,5,1,0,0.03260526446373152,0.03712951758505225,0.005427266779456288,0.010045965976295097,0.4926362814930192,0.5532832393936651,class=482:n02979186.pkl:155;n02979186.pkl:210;n02979186.pkl:221|class=356:n02441942.pkl:58;n02441942.pkl:93;n02441942.pkl:1195|class=799:n04239074.pkl:963;n04239074.pkl:1194
resnet,1612,1612,+,6,4,1,0,0.1588296028003261,0.2262017535123282,0.0076161407630593965,0.011532984447182901,0.5188937355014106,0.5488416347660838,class=569:n03417042.pkl:75;n03417042.pkl:82;n03417042.pkl:115|class=803:n04252225.pkl:61;n04252225.pkl:74;n04252225.pkl:163|class=408:n02704792.pkl:829;n02704792.pkl:1157
resnet,1613,1613,+,5,5,4,3,0.6141753200022356,0.35246062578052956,0.309905202712576,0.36414749421973586,0.5792886356922002,0.47613846907415686,class=508:n03085013.pkl:0;n03085013.pkl:1;n03085013.pkl:2|class=810:n04264628.pkl:0;n04264628.pkl:2;n04264628.pkl:9|class=878:n04505470.pkl:2;n04505470.pkl:7;n04505470.pkl:19
resnet,1614,1614,+,3,3,2,2,0.6780710329097426,0.45527631137980384,0.6314910483432468,0.4468300662977474,0.6339561888497767,0.5002228759780214,class=670:n03791053.pkl:0;n03791053.pkl:1;n03791053.pkl:2|class=665:n03785016.pkl:1;n03785016.pkl:2;n03785016.pkl:3|class=524:n03146219.pkl:704
resnet,1615,1615,+,7,4,3,2,0.2979364427855592,0.37248492494123053,0.04114352146025747,0.05918883657265175,0.5178445302550726,0.43850766259638124,class=224:n02105056.pkl:0;n02105056.pkl:1;n02105056.pkl:4|class=235:n02106662.pkl:0;n02106662.pkl:21;n02106662.pkl:26|class=225:n02105162.pkl:73;n02105162.pkl:74;n02105162.pkl:166
resnet,1616,1616,+,7,5,1,1,0.175800212176026,0.1325082181986294,0.012550080732215512,0.022794575227617797,0.4425736881462312,0.6141294582199852,class=46:n01693334.pkl:8;n01693334.pkl:19;n01693334.pkl:21|class=42:n01687978.pkl:140;n01687978.pkl:547;n01687978.pkl:800|class=34:n01665541.pkl:131;n01665541.pkl:183;n01665541.pkl:259
resnet,1617,1617,+,4,3,1,1,0.3346449064479882,0.39489302889915107,0.24526256104336028,0.42209453333939,0.025500209173568194,0.990452060460161,class=721:n03938244.pkl:0;n03938244.pkl:1;n03938244.pkl:2|class=636:n03709823.pkl:380;n03709823.pkl:969|class=692:n03871628.pkl:280;n03871628.pkl:1205
resnet,1618,1618,+,2,2,1,1,0.5357743412656708,0.46174836723969676,0.4916260040537497,0.4877299001576458,0.03732334382486153,0.9921064677621747,class=680:n03825788.pkl:0;n03825788.pkl:2;n03825788.pkl:3|class=585:n03476991.pkl:108;n03476991.pkl:196;n03476991.pkl:533
resnet,1620,1620,+,5,4,2,1,0.19276307566201087,0.12758114308668764,0.051428720802440334,0.083837917680904,0.3206521317601474,0.7314954088627824,class=745:n04009552.pkl:3;n04009552.pkl:9;n04009552.pkl:10|class=764:n04090263.pkl:3;n04090263.pkl:5;n04090263.pkl:28|class=535:n03208938.pkl:226;n03208938.pkl:303;n03208938.pkl:438
resnet,1621,1621,+,10,9,3,2,0.10565143632670304,0.10736417916746055,0.023264213500204373,0.03266998113950879,0.6417474581737652,0.2972064058037557,class=830:n04336792.pkl:9;n04336792.pkl:10;n04336792.pkl:18|class=413:n02749479.pkl:16;n02749479.pkl:42;n02749479.pkl:52|class=518:n03127747.pkl:149;n03127747.pkl:201;n03127747.pkl:326
resnet,1622,1622,+,3,3,1,1,0.3502239576928374,0.382794796634611,0.29003978962485183,0.40477010318074497,0.051320474115635395,0.9825362127133123,class=955:n07754684.pkl:0;n07754684.pkl:2;n07754684.pkl:4|class=638:n03710637.pkl:502;n03710637.pkl:1091;n03710637.pkl:1153|class=599:n03530642.pkl:237;n03530642.pkl:250;n03530642.pkl:353
resnet,1623,1623,+,3,2,1,1,0.613350423147934,0.4363923551086157,0.2812964814689874,0.39655170480452223,0.015091448214279853,0.9957782746224387,class=271:n02114712.pkl:2;n02114712.pkl:6;n02114712.pkl:9|class=381:n02493793.pkl:378|class=323:n02279972.pkl:1017
resnet,1624,1624,+,5,5,3,1,0.492867566520302,0.2799274170856973,0.06569094729452787,0.10395064069022311,0.40107425269025854,0.7008103402554721,class=525:n03160309.pkl:15;n03160309.pkl:16;n03160309.pkl:19|class=449:n02859443.pkl:3;n02859443.pkl:118;n02859443.pkl:180|class=718:n03933933.pkl:63;n03933933.pkl:196;n03933933.pkl:326
resnet,1625,1625,+,2,2,2,2,0.7164674744962367,0.13809362705281675,0.36059601836876903,0.29689107285326194,0.4308804586693384,0.8389396904563104,class=683:n03838899.pkl:0;n03838899.pkl:1;n03838899.pkl:5|class=432:n02804610.pkl:43;n02804610.pkl:45;n02804610.pkl:68
resnet,1626,1626,+,2,1,1,1,0.5008802816901409,0.4991197183098592,0.5004401408450704,0.49955985915492956,0.010196197856784151,0.9982425321151731,class=338:n02364673.pkl:0;n02364673.pkl:1;n02364673.pkl:2|class=155:n02086240.pkl:803
resnet,1627,1627,+,8,6,2,0,0.10513846846944781,0.09649675698885171,0.0075724292771235605,0.007661815248117569,0.7677582685882975,0.2529684507342249,class=748:n04026417.pkl:25;n04026417.pkl:106;n04026417.pkl:303|class=41:n01685808.pkl:23;n01685808.pkl:113;n01685808.pkl:184|class=656:n03770679.pkl:481;n03770679.pkl:577;n03770679.pkl:614
resnet,1628,1628,+,3,1,1,1,0.2928065808719594,0.41229991173449954,0.2656375501390989,0.37446622649903766,0.015226326951440342,0.9957406508454554,class=904:n04589890.pkl:0;n04589890.pkl:3;n04589890.pkl:5|class=359:n02443484.pkl:598|class=38:n01675722.pkl:578
resnet,1629,1629,+,9,4,2,0,0.05489013077702532,0.07408577913117594,0.005559782192371946,0.007952571949168302,0.6696450667907797,0.3384413185139065,class=278:n02119789.pkl:73;n02119789.pkl:153;n02119789.pkl:187|class=271:n02114712.pkl:100;n02114712.pkl:156;n02114712.pkl:347|class=331:n02326432.pkl:54;n02326432.pkl:1065;n02326432.pkl:1124
resnet,1630,1630,+,2,2,1,1,0.6164474054084443,0.3810732557485804,0.5005087985607466,0.4937060774723112,0.0587084315402157,0.9865007545578772,class=30:n01641577.pkl:0;n01641577.pkl:1;n01641577.pkl:2|class=46:n01693334.pkl:21;n01693334.pkl:207;n01693334.pkl:703
resnet,1631,1631,+,4,4,1,1,0.2910616367189516,0.4078272929695486,0.24575806887466473,0.4195682787193107,0.04962151236024761,0.9786680533852338,class=334:n02346627.pkl:0;n02346627.pkl:1;n02346627.pkl:2|class=342:n02396427.pkl:139;n02396427.pkl:207;n02396427.pkl:363|class=337:n02363005.pkl:134;n02363005.pkl:320;n02363005.pkl:414
resnet,1632,1632,+,8,8,2,1,0.15262821521489586,0.11588831320076216,0.01586257902211013,0.030650425882040793,0.4534398433784056,0.5916974655897606,class=689:n03866082.pkl:30;n03866082.pkl:38;n03866082.pkl:46|class=708:n03903868.pkl:158;n03903868.pkl:533;n03903868.pkl:569|class=538:n03220513.pkl:25;n03220513.pkl:93;n03220513.pkl:99
resnet,1633,1633,+,7,4,2,1,0.07381749579197486,0.09880501879455622,0.02584591107471387,0.04801329178116237,0.3633122066239909,0.6358506876653622,class=584:n03476684.pkl:13;n03476684.pkl:17;n03476684.pkl:18|class=585:n03476991.pkl:6;n03476991.pkl:12;n03476991.pkl:42|class=638:n03710637.pkl:1031;n03710637.pkl:1102
resnet,1634,1634,+,3,3,1,1,0.3601201726072752,0.45272748279933117,0.33388666836436104,0.46986494002135015,0.02169739891391454,0.9934590756747527,class=360:n02444819.pkl:0;n02444819.pkl:2;n02444819.pkl:3|class=337:n02363005.pkl:134;n02363005.pkl:320;n02363005.pkl:414|class=334:n02346627.pkl:392
resnet,1635,1635,+,4,3,1,1,0.346633973800839,0.33942358698018277,0.1356017555194272,0.23230574389488926,0.03958259084558834,0.9837181813185614,class=941:n07717410.pkl:0;n07717410.pkl:3;n07717410.pkl:5|class=567:n03400231.pkl:562;n03400231.pkl:599;n03400231.pkl:948|class=953:n07753275.pkl:829
resnet,1636,1636,+,10,9,1,0,0.12770581156101973,0.16654426713951717,0.005209919229578185,0.009055762717864718,0.637824299106567,0.40212599113205655,class=334:n02346627.pkl:20;n02346627.pkl:33;n02346627.pkl:52|class=356:n02441942.pkl:29;n02441942.pkl:697;n02441942.pkl:745|class=198:n02097209.pkl:319;n02097209.pkl:1124;n02097209.pkl:1262
resnet,1637,1637,+,3,3,1,1,0.32796454576532563,0.39416719611920376,0.22604235847493495,0.31811041089263353,0.02195356672141653,0.9935019131043187,class=470:n02948072.pkl:0;n02948072.pkl:1;n02948072.pkl:2|class=744:n04008634.pkl:41|class=928:n07614500.pkl:252
resnet,1638,1638,+,3,3,2,2,0.6496675653699735,0.3672195012430349,0.4422146152713848,0.4110582887604291,0.5404257798751543,0.6213511681037187,class=276:n02117135.pkl:0;n02117135.pkl:1;n02117135.pkl:2|class=285:n02124075.pkl:1;n02124075.pkl:2;n02124075.pkl:4|class=287:n02127052.pkl:32;n02127052.pkl:332;n02127052.pkl:337
resnet,1639,1639,+,5,1,1,1,0.059285008768870925,0.11215735295978913,0.04945137017817259,0.09649984259454057,0.07563706304242691,0.9615993186640809,class=894:n04550184.pkl:11;n04550184.pkl:27;n04550184.pkl:28|class=656:n03770679.pkl:481;n03770679.pkl:787|class=841:n04370456.pkl:226
resnet,1640,1640,+,11,9,5,4,0.30713198254917856,0.3515763169650596,0.060294817561486476,0.08360618575936196,0.6278426307753462,0.26570214288199534,class=165:n02089078.pkl:12;n02089078.pkl:16;n02089078.pkl:17|class=206:n02099429.pkl:5;n02099429.pkl:10;n02099429.pkl:19|class=235:n02106662.pkl:5;n02106662.pkl:12;n02106662.pkl:16
resnet,1641,1641,+,11,7,1,0,0.027485282133668288,0.030315417238215306,0.002817881358314503,0.003431302331974168,0.7684051804175365,0.22570598255882812,class=356:n02441942.pkl:93;n02441942.pkl:183;n02441942.pkl:745|class=46:n01693334.pkl:115;n01693334.pkl:275;n01693334.pkl:558|class=386:n02504458.pkl:664;n02504458.pkl:697;n02504458.pkl:1261
resnet,1642,1642,+,1,1,1,1,0.9960722702278083,0.0,0.9874312647289867,0.0,0.0,1.0,class=739:n03992509.pkl:0;n03992509.pkl:1;n03992509.pkl:2
resnet,1643,1643,+,5,4,1,1,0.3443130500130829,0.37839575396613223,0.18954826858369406,0.3740867073737478,0.04323766766227022,0.9789954213808315,class=532:n03201208.pkl:0;n03201208.pkl:1;n03201208.pkl:2|class=846:n04380533.pkl:105;n04380533.pkl:162;n04380533.pkl:224|class=765:n04099969.pkl:153;n04099969.pkl:941
resnet,1644,1644,+,4,3,2,2,0.4830283288013548,0.39805446679858825,0.2463620281503265,0.3317104915720799,0.36379483262303924,0.7032218957609917,class=563:n03388183.pkl:0;n03388183.pkl:1;n03388183.pkl:3|class=418:n02783161.pkl:4;n02783161.pkl:6;n02783161.pkl:10|class=623:n03658185.pkl:276;n03658185.pkl:353;n03658185.pkl:469
resnet,1645,1645,+,3,3,2,2,0.42126969362385075,0.28579232787595066,0.17942884540428217,0.1431333943256973,0.6063218523737683,0.545450667856686,class=410:n02727426.pkl:1;n02727426.pkl:7;n02727426.pkl:10|class=599:n03530642.pkl:35;n03530642.pkl:41;n03530642.pkl:44|class=987:n12144580.pkl:80;n12144580.pkl:230
resnet,1646,1646,+,7,6,2,1,0.2792657427287214,0.31065529574022044,0.11716426746018337,0.2776879696396889,0.08430077795534306,0.945321454717588,class=179:n02093256.pkl:1;n02093256.pkl:2;n02093256.pkl:3|class=248:n02109961.pkl:36;n02109961.pkl:169;n02109961.pkl:180|class=180:n02093428.pkl:122;n02093428.pkl:204;n02093428.pkl:233
resnet,1647,1647,+,3,3,2,2,0.602810386080915,0.41832416757466245,0.2245777024318579,0.188777863034164,0.5872295557200181,0.5688640793029379,class=479:n02974003.pkl:5;n02974003.pkl:10;n02974003.pkl:12|class=535:n03208938.pkl:13;n03208938.pkl:22;n03208938.pkl:44|class=783:n04153751.pkl:435;n04153751.pkl:441;n04153751.pkl:474
resnet,1648,1648,+,4,3,1,1,0.26638341426259166,0.4237429354715652,0.25086237265543176,0.4325149272954575,0.019147683975056465,0.9931408916381931,class=45:n01692333.pkl:0;n01692333.pkl:1;n01692333.pkl:2|class=38:n01675722.pkl:131;n01675722.pkl:1221|class=26:n01630670.pkl:230
resnet,1649,1649,+,3,1,1,1,0.3355625871370553,0.4698299404304944,0.3341987027944475,0.4707927751181451,0.017861633327786116,0.9948317431561308,class=607:n03590841.pkl:0;n03590841.pkl:1;n03590841.pkl:2|class=298:n02137549.pkl:33;n02137549.pkl:1240|class=942:n07717556.pkl:1081
resnet,1650,1650,+,4,4,2,2,0.3791557722668454,0.33285608956806534,0.17021526510074386,0.16933341052875014,0.5231597155834986,0.4974163004511591,class=358:n02443114.pkl:2;n02443114.pkl:4;n02443114.pkl:9|class=418:n02783161.pkl:5;n02783161.pkl:11;n02783161.pkl:12|class=427:n02795169.pkl:0;n02795169.pkl:591;n02795169.pkl:791
resnet,1651,1651,+,5,5,2,2,0.4018280285136792,0.32739007520253816,0.12459803108034354,0.16380903800803023,0.4369630251063327,0.5456872456310947,class=688:n03857828.pkl:2;n03857828.pkl:4;n03857828.pkl:7|class=782:n04152593.pkl:4;n04152593.pkl:7;n04152593.pkl:10|class=409:n02708093.pkl:261;n02708093.pkl:517;n02708093.pkl:592
resnet,1652,1652,+,3,3,2,2,0.5465526474627728,0.3459325270038122,0.38411406629509354,0.31007825004359046,0.5927467794720556,0.5505538945141039,class=810:n04264628.pkl:10;n04264628.pkl:12;n04264628.pkl:20|class=878:n04505470.pkl:2;n04505470.pkl:4;n04505470.pkl:5|class=524:n03146219.pkl:82;n03146219.pkl:799
resnet,1653,1653,+,3,2,2,1,0.18492716896972217,0.20469240703977137,0.14988621504578953,0.20114748975179142,0.14449235184264547,0.9336557957600393,class=807:n04258138.pkl:5;n04258138.pkl:9;n04258138.pkl:13|class=904:n04589890.pkl:28;n04589890.pkl:94;n04589890.pkl:99|class=740:n03995372.pkl:680
resnet,1654,1654,+,3,3,2,1,0.20936144400849732,0.11992787409896084,0.039291715016134814,0.037639713836958924,0.5454628048140083,0.6392262358159185,class=732:n03976467.pkl:25;n03976467.pkl:26;n03976467.pkl:39|class=771:n04125021.pkl:49;n04125021.pkl:62;n04125021.pkl:91|class=878:n04505470.pkl:125;n04505470.pkl:1007
resnet,1655,1655,+,2,2,1,1,0.4371171866449794,0.42693619116986625,0.18446886357032066,0.18333764185086365,0.030017183602097576,0.9938864847323623,class=859:n04442312.pkl:2;n04442312.pkl:4;n04442312.pkl:7|class=754:n04041544.pkl:990
resnet,1656,1656,+,1,1,1,1,1.0,0.0,1.0,0.0,0.0,1.0,class=340:n02391049.pkl:0;n02391049.pkl:1;n02391049.pkl:2
resnet,1657,1657,+,6,5,2,2,0.37031693607938054,0.4292099381467608,0.2195346996276637,0.35113926653345146,0.3597799820460003,0.5930509576037923,class=233:n02106382.pkl:0;n02106382.pkl:1;n02106382.pkl:2|class=177:n02092002.pkl:0;n02092002.pkl:1;n02092002.pkl:2|class=183:n02093859.pkl:178;n02093859.pkl:654;n02093859.pkl:675
resnet,1658,1658,+,8,4,1,0,0.062428214909809404,0.09331003303835263,0.00424599876244351,0.007913901672649652,0.5087487095879968,0.5592417603387345,class=558:n03372029.pkl:130;n03372029.pkl:173;n03372029.pkl:184|class=733:n03976657.pkl:6;n03976657.pkl:337|class=588:n03482405.pkl:287;n03482405.pkl:319
resnet,1659,1659,+,5,5,3,1,0.5885694947327483,0.2712810023145369,0.08145132488301057,0.13865418955866954,0.3116067884385123,0.779561707467465,class=298:n02137549.pkl:3;n02137549.pkl:7;n02137549.pkl:10|class=384:n02500267.pkl:32;n02500267.pkl:35;n02500267.pkl:109|class=357:n02442845.pkl:152;n02442845.pkl:205;n02442845.pkl:515
resnet,1660,1660,+,1,1,1,1,0.98714859437751,0.0,0.976706827309237,0.0,0.0,1.0,class=971:n09229709.pkl:0;n09229709.pkl:1;n09229709.pkl:2
resnet,1661,1661,+,9,5,1,0,0.02309736275927221,0.026182345888711517,0.003268512432130538,0.0033695534100640343,0.7963704118131506,0.22919805891313225,class=912:n04604644.pkl:101;n04604644.pkl:414;n04604644.pkl:427|class=46:n01693334.pkl:277;n01693334.pkl:814;n01693334.pkl:864|class=638:n03710637.pkl:225;n03710637.pkl:463;n03710637.pkl:1108
resnet,1662,1662,+,2,2,1,1,0.3467595046854631,0.01137014462378233,0.05060521419084505,0.04422901865418193,0.33923807711203285,0.8819390613243563,class=339:n02389026.pkl:34;n02389026.pkl:36;n02389026.pkl:37|class=345:n02403003.pkl:39;n02403003.pkl:120;n02403003.pkl:725
resnet,1663,1663,+,7,7,1,1,0.2006029486965717,0.3283951259391404,0.14418076986232706,0.3486506561230314,0.04016570736488504,0.9782067128506398,class=463:n02909870.pkl:0;n02909870.pkl:1;n02909870.pkl:2|class=876:n04493381.pkl:422;n04493381.pkl:483;n04493381.pkl:1058|class=968:n07930864.pkl:473;n07930864.pkl:636;n07930864.pkl:710
resnet,1664,1664,+,1,1,1,1,1.0,0.0,0.9991830065359477,0.0,0.0,1.0,class=707:n03902125.pkl:0;n03902125.pkl:1;n03902125.pkl:2
resnet,1665,1665,+,8,6,2,2,0.2448378326882042,0.32348281712850857,0.05476987814586405,0.09187702444290313,0.40273697842894934,0.4767550221375187,class=108:n01914609.pkl:2;n01914609.pkl:4;n01914609.pkl:7|class=54:n01729322.pkl:6;n01729322.pkl:15;n01729322.pkl:26|class=494:n03017168.pkl:232;n03017168.pkl:842;n03017168.pkl:855
resnet,1666,1666,+,2,1,1,1,0.5010869565217392,0.4989130434782609,0.5005434782608695,0.4994565217391304,0.012257295202271503,0.9978308051603262,class=107:n01910747.pkl:0;n01910747.pkl:1;n01910747.pkl:2|class=987:n12144580.pkl:168
resnet,1667,1667,+,1,1,1,1,0.9990485252140818,0.0,0.9990485252140818,0.0,0.0,1.0,class=43:n01688243.pkl:0;n01688243.pkl:1;n01688243.pkl:2
resnet,1668,1668,+,3,1,1,1,0.25917333330645514,0.36151733876499514,0.14175677640025927,0.19911388109616393,0.02917168279621358,0.9909823321260742,class=476:n02966193.pkl:0;n02966193.pkl:1;n02966193.pkl:3|class=345:n02403003.pkl:899|class=439:n02817516.pkl:44
resnet,1669,1669,+,7,5,1,0,0.16799046299402823,0.19990499864081474,0.004183696787568252,0.0048200756038507065,0.7373288930873705,0.332479376206342,class=312:n02229544.pkl:158;n02229544.pkl:169;n02229544.pkl:252|class=124:n01985128.pkl:295;n01985128.pkl:319;n01985128.pkl:462|class=599:n03530642.pkl:74;n03530642.pkl:635;n03530642.pkl:742
resnet,1670,1670,+,3,3,1,1,0.3395932611254242,0.43004932455228373,0.28491253579321885,0.39742106782922615,0.05220835610112699,0.9819041468395613,class=478:n02971356.pkl:1;n02971356.pkl:2;n02971356.pkl:3|class=281:n02123045.pkl:406;n02123045.pkl:450;n02123045.pkl:464|class=876:n04493381.pkl:405;n04493381.pkl:980
resnet,1671,1671,+,6,1,0,0,0.009487465079986863,0.015987850998009145,0.0013823670836681547,0.000816971199873477,0.9102314325308878,0.22487906271393213,class=46:n01693334.pkl:881;n01693334.pkl:1233|class=92:n01828970.pkl:378;n01828970.pkl:480;n01828970.pkl:1256|class=319:n02268443.pkl:643
resnet,1672,1672,+,15,11,2,0,0.09222129495861937,0.13129707853421585,0.006412063797866346,0.012028080086178526,0.6488128881423533,0.3012546131288184,class=689:n03866082.pkl:20;n03866082.pkl:59;n03866082.pkl:86|class=638:n03710637.pkl:210;n03710637.pkl:326;n03710637.pkl:466|class=524:n03146219.pkl:48;n03146219.pkl:52;n03146219.pkl:540
resnet,1673,1673,+,12,7,2,0,0.044372280066100896,0.05448801510786766,0.006355347768027081,0.007738935696316127,0.7720719987124832,0.20690035794606212,class=198:n02097209.pkl:39;n02097209.pkl:51;n02097209.pkl:160|class=266:n02113712.pkl:98;n02113712.pkl:196;n02113712.pkl:318|class=240:n02107908.pkl:26;n02107908.pkl:101;n02107908.pkl:140
resnet,1674,1674,+,4,4,1,1,0.4095871617105843,0.35833230045836767,0.01751328148797474,0.024795735944799006,0.39545133943989574,0.7511398724877162,class=192:n02096177.pkl:26;n02096177.pkl:30;n02096177.pkl:65|class=388:n02510455.pkl:231;n02510455.pkl:513;n02510455.pkl:544|class=254:n02110958.pkl:165;n02110958.pkl:523;n02110958.pkl:804
resnet,1675,1675,+,3,2,1,1,0.14406528663589022,0.17203749186508058,0.12336252611332398,0.1690459365607532,0.09852454321313349,0.9592574847407455,class=760:n04070727.pkl:0;n04070727.pkl:1;n04070727.pkl:3|class=771:n04125021.pkl:174;n04125021.pkl:217;n04125021.pkl:251|class=772:n04127249.pkl:869
resnet,1676,1676,+,5,4,2,1,0.28641048163754657,0.3606744547954804,0.020837976032112192,0.023931871460057215,0.5615279230682008,0.46379845667347414,class=884:n04523525.pkl:2;n04523525.pkl:23;n04523525.pkl:49|class=566:n03394916.pkl:9;n03394916.pkl:17;n03394916.pkl:20|class=497:n03028079.pkl:202;n03028079.pkl:459;n03028079.pkl:774
resnet,1677,1677,+,1,1,1,1,1.0,0.0,1.0,0.0,0.0,1.0,class=770:n04120489.pkl:0;n04120489.pkl:1;n04120489.pkl:2
resnet,1678,1678,+,3,2,2,2,0.6466461716841764,0.4565179604657896,0.4165622285315617,0.3458439710783841,0.5773233767877267,0.5630959600794749,class=6:n01498041.pkl:0;n01498041.pkl:1;n01498041.pkl:2|class=5:n01496331.pkl:0;n01496331.pkl:1;n01496331.pkl:6|class=947:n07734744.pkl:296
resnet,1679,1679,+,3,3,1,1,0.22681250763374558,0.2589488665752126,0.0926717792788283,0.1238999318433362,0.15339734740771402,0.9291681505002716,class=743:n04005630.pkl:1;n04005630.pkl:4;n04005630.pkl:6|class=912:n04604644.pkl:97;n04604644.pkl:122;n04604644.pkl:225|class=714:n03929660.pkl:364
resnet,1680,1680,+,3,2,0,0,0.11219085060278033,0.07545705881908638,0.0029331449241154234,0.0012801244845527962,0.9145719343604969,0.3968249098080076,class=353:n02423022.pkl:61;n02423022.pkl:292;n02423022.pkl:338|class=349:n02415577.pkl:209;n02415577.pkl:588;n02415577.pkl:646|class=142:n02033041.pkl:233;n02033041.pkl:447
resnet,1681,1681,+,3,2,1,1,0.21852400532524754,0.25448933378128363,0.16512040409555936,0.23094060240086664,0.04352197489914327,0.985378752730768,class=526:n03179701.pkl:0;n03179701.pkl:9;n03179701.pkl:12|class=553:n03337140.pkl:450;n03337140.pkl:817;n03337140.pkl:850|class=600:n03532672.pkl:733
resnet,1682,1682,+,6,1,1,1,0.06072536001516341,0.12922929042950143,0.02139356688474199,0.04560395025037746,0.12622254410684564,0.9240003580437682,class=735:n03980874.pkl:1;n03980874.pkl:2;n03980874.pkl:7|class=638:n03710637.pkl:501|class=851:n04404412.pkl:666
resnet,1683,1683,+,5,4,2,1,0.2408350364959627,0.26557633871345754,0.08654120904191294,0.1556266312276403,0.21081485202636338,0.8467730455194401,class=118:n01978287.pkl:3;n01978287.pkl:6;n01978287.pkl:8|class=121:n01981276.pkl:39;n01981276.pkl:92;n01981276.pkl:126|class=582:n03461385.pkl:640;n03461385.pkl:890;n03461385.pkl:992
resnet,1684,1684,+,6,6,2,1,0.26606861426791906,0.2661605359761315,0.06792310545781081,0.1296344900888108,0.2701530021048575,0.7737590856182266,class=477:n02966687.pkl:2;n02966687.pkl:3;n02966687.pkl:12|class=740:n03995372.pkl:4;n03995372.pkl:5;n03995372.pkl:44|class=764:n04090263.pkl:151;n04090263.pkl:338;n04090263.pkl:825
resnet,1685,1685,+,7,6,3,3,0.3277105531407722,0.3498856728051907,0.1056627806924807,0.17573101240390607,0.44901404104450116,0.5380005231299065,class=654:n03769881.pkl:1;n03769881.pkl:2;n03769881.pkl:4|class=734:n03977966.pkl:0;n03977966.pkl:13;n03977966.pkl:34|class=656:n03770679.pkl:3;n03770679.pkl:6;n03770679.pkl:12
resnet,1686,1686,+,13,11,2,0,0.07467491891008596,0.06364411704983879,0.005232722256659526,0.006233794348662038,0.7870450189042891,0.1860938088285292,class=782:n04152593.pkl:7;n04152593.pkl:161;n04152593.pkl:168|class=922:n07565083.pkl:22;n07565083.pkl:161;n07565083.pkl:204|class=681:n03832673.pkl:75;n03832673.pkl:778;n03832673.pkl:824
resnet,1687,1687,+,9,9,5,4,0.5174479438427617,0.32701379677993164,0.0862726709974992,0.12764130617025374,0.5833307532212757,0.35432786177368425,class=185:n02094114.pkl:2;n02094114.pkl:3;n02094114.pkl:5|class=162:n02088364.pkl:2;n02088364.pkl:8;n02088364.pkl:9|class=215:n02101388.pkl:7;n02101388.pkl:25;n02101388.pkl:35
resnet,1688,1688,+,14,9,0,0,0.032707890913425644,0.051847207810975904,0.0025612618615646625,0.0020276903286666533,0.895171384669927,0.11619652665097474,class=747:n04023962.pkl:481;n04023962.pkl:582;n04023962.pkl:675|class=585:n03476991.pkl:21;n03476991.pkl:185;n03476991.pkl:256|class=673:n03793489.pkl:345;n03793489.pkl:598;n03793489.pkl:764
resnet,1689,1689,+,15,8,5,0,0.05621276931631162,0.09360524856963147,0.009880122428665056,0.010406491556532425,0.8143754495725116,0.140625961384995,class=264:n02113186.pkl:40;n02113186.pkl:71;n02113186.pkl:106|class=227:n02105412.pkl:24;n02105412.pkl:45;n02105412.pkl:55|class=249:n02110063.pkl:97;n02110063.pkl:124;n02110063.pkl:196
resnet,1690,1690,+,3,3,3,3,0.8950433908559009,0.029581752924199577,0.5294678230460308,0.24379266419256948,0.8914589667462947,0.40400427329578964,class=839:n04366367.pkl:1;n04366367.pkl:2;n04366367.pkl:6|class=718:n03933933.pkl:1;n03933933.pkl:2;n03933933.pkl:3|class=821:n04311004.pkl:9;n04311004.pkl:11;n04311004.pkl:12
resnet,1691,1691,+,9,4,1,0,0.037174931573589115,0.05002872457280868,0.003570450761201439,0.0037501273500144413,0.7842292555193399,0.23368654135036826,class=266:n02113712.pkl:173;n02113712.pkl:176;n02113712.pkl:315|class=358:n02443114.pkl:59;n02443114.pkl:117;n02443114.pkl:231|class=121:n01981276.pkl:215;n01981276.pkl:421;n01981276.pkl:504
resnet,1692,1692,+,11,8,5,2,0.18566980048179485,0.2933846861356379,0.05102221162645842,0.09762863580924047,0.46046433608753123,0.4237549796642234,class=349:n02415577.pkl:0;n02415577.pkl:2;n02415577.pkl:11|class=348:n02412080.pkl:7;n02412080.pkl:29;n02412080.pkl:35|class=227:n02105412.pkl:24;n02105412.pkl:45;n02105412.pkl:55
resnet,1693,1693,+,11,6,0,0,0.026536587916092026,0.03314734718065393,0.0020724397713171544,0.001923431986006427,0.856743794006582,0.16921547073357365,class=58:n01737021.pkl:63;n01737021.pkl:684;n01737021.pkl:713|class=282:n02123159.pkl:420;n02123159.pkl:613;n02123159.pkl:1120|class=395:n02641379.pkl:107;n02641379.pkl:139;n02641379.pkl:825
resnet,1694,1694,+,1,1,1,1,0.7988645579886455,0.0,0.7331711273317113,0.0,0.0,1.0,class=310:n02219486.pkl:0;n02219486.pkl:4;n02219486.pkl:5
resnet,1695,1695,+,5,5,1,1,0.28117871387234183,0.3735214779054168,0.20011658658694803,0.39633287040506715,0.034230656169491405,0.9844838512941261,class=412:n02747177.pkl:0;n02747177.pkl:1;n02747177.pkl:2|class=771:n04125021.pkl:49;n04125021.pkl:382;n04125021.pkl:610|class=999:n15075141.pkl:677;n15075141.pkl:986;n15075141.pkl:1110
resnet,1696,1696,+,4,4,4,2,0.377364280026793,0.38221001119398496,0.2864299503287022,0.41324887868829024,0.34902295381300585,0.7703870985306188,class=289:n02128757.pkl:0;n02128757.pkl:1;n02128757.pkl:2|class=68:n01756291.pkl:20;n01756291.pkl:26;n01756291.pkl:67|class=288:n02128385.pkl:5;n02128385.pkl:18;n02128385.pkl:34
resnet,1697,1697,+,4,2,1,1,0.21802596682201938,0.3328365096379067,0.16807164783226933,0.2865798127652906,0.05188603973439008,0.9768457941102002,class=894:n04550184.pkl:0;n04550184.pkl:1;n04550184.pkl:2|class=486:n02992211.pkl:70;n02992211.pkl:155;n02992211.pkl:224|class=266:n02113712.pkl:491
resnet,1698,1698,+,8,5,3,0,0.19727722883898324,0.31251221083835723,0.011541356917034938,0.0160256738961596,0.6023808936364993,0.36600656428582595,class=657:n03773504.pkl:1;n03773504.pkl:39;n03773504.pkl:131|class=304:n02169497.pkl:116;n02169497.pkl:148;n02169497.pkl:185|class=526:n03179701.pkl:2;n03179701.pkl:158;n03179701.pkl:219
resnet,1699,1699,+,5,5,3,1,0.30277135913579045,0.357567336973244,0.20629251062466758,0.38985131574604603,0.13604765370330515,0.9142678155859061,class=62:n01744401.pkl:0;n01744401.pkl:1;n01744401.pkl:2|class=61:n01742172.pkl:40;n01742172.pkl:90;n01742172.pkl:167|class=60:n01740131.pkl:274;n01740131.pkl:321;n01740131.pkl:357
resnet,1700,1700,+,9,9,7,5,0.44726815126972724,0.31893634809693616,0.13364143342028265,0.1928783697870012,0.6414602331089464,0.34255317508290745,class=861:n04447861.pkl:1;n04447861.pkl:2;n04447861.pkl:5|class=999:n15075141.pkl:2;n15075141.pkl:6;n15075141.pkl:23|class=435:n02808440.pkl:2;n02808440.pkl:3;n02808440.pkl:7
resnet,1701,1701,+,4,4,3,1,0.580996033915938,0.24420380616894616,0.2627460920443839,0.4237291002471621,0.18001661056292856,0.9001956503877251,class=167:n02089973.pkl:1;n02089973.pkl:3;n02089973.pkl:4|class=173:n02091244.pkl:32;n02091244.pkl:140;n02091244.pkl:244|class=188:n02095314.pkl:157;n02095314.pkl:239;n02095314.pkl:276
resnet,1702,1702,+,1,1,1,1,1.0,0.0,1.0,0.0,0.0,1.0,class=100:n01860187.pkl:0;n01860187.pkl:1;n01860187.pkl:2
resnet,1703,1703,+,10,3,0,0,0.06432168033326527,0.14103795943823028,0.001366287852874097,0.0008269068634120312,0.9379350281198742,0.1366293134639239,class=908:n04592741.pkl:217;n04592741.pkl:550;n04592741.pkl:1058|class=217:n02102040.pkl:748;n02102040.pkl:897|class=450:n02860847.pkl:242;n02860847.pkl:687
resnet,1704,1704,+,7,4,1,1,0.05228255794925376,0.0837703047958775,0.019803899457543853,0.0432454621615798,0.23620067978966944,0.8240680921626448,class=410:n02727426.pkl:17;n02727426.pkl:24;n02727426.pkl:62|class=764:n04090263.pkl:325;n04090263.pkl:518;n04090263.pkl:894|class=524:n03146219.pkl:436;n03146219.pkl:607;n03146219.pkl:670
resnet,1705,1705,+,9,3,0,0,0.012342687394082673,0.013822564477499516,0.00191432903255498,0.0020348810770651035,0.8226776637136191,0.2366569679861107,class=578:n03450230.pkl:451;n03450230.pkl:459;n03450230.pkl:473|class=257:n02111500.pkl:483;n02111500.pkl:698;n02111500.pkl:1232|class=400:n02669723.pkl:738;n02669723.pkl:1244
resnet,1706,1706,+,9,7,3,0,0.12879106650747862,0.1368211665987922,0.005745089251816922,0.006335891205300632,0.7500960568083107,0.2462496917433394,class=868:n04476259.pkl:48;n04476259.pkl:61;n04476259.pkl:145|class=709:n03908618.pkl:46;n03908618.pkl:115;n03908618.pkl:163|class=782:n04152593.pkl:7;n04152593.pkl:335;n04152593.pkl:635
resnet,1707,1707,+,16,14,8,5,0.1808559293322547,0.2115574073774159,0.040747429712556335,0.0569541776540074,0.7203234049938805,0.18460424143203374,class=252:n02110627.pkl:0;n02110627.pkl:1;n02110627.pkl:5|class=175:n02091635.pkl:2;n02091635.pkl:8;n02091635.pkl:10|class=192:n02096177.pkl:95;n02096177.pkl:109;n02096177.pkl:112
resnet,1708,1708,+,6,4,2,0,0.16619991552833044,0.18082459433149267,0.009034865595312058,0.010800213618314035,0.6172259549927579,0.40482733923189207,class=68:n01756291.pkl:111;n01756291.pkl:134;n01756291.pkl:332|class=300:n02165105.pkl:23;n02165105.pkl:24;n02165105.pkl:67|class=60:n01740131.pkl:77;n01740131.pkl:433
resnet,1709,1709,+,3,1,1,1,0.24770306681272836,0.3472199022210762,0.17850640650863026,0.2512036813072478,0.022132883853533132,0.9934536961502338,class=752:n04039381.pkl:0;n04039381.pkl:1;n04039381.pkl:2|class=910:n04597913.pkl:875|class=783:n04153751.pkl:435
resnet,1710,1710,+,7,5,2,1,0.12232342042463386,0.2619307652113962,0.06854186801883586,0.15961934595787317,0.1209135899603595,0.9176063511654219,class=785:n04162706.pkl:0;n04162706.pkl:2;n04162706.pkl:6|class=656:n03770679.pkl:12;n03770679.pkl:104;n03770679.pkl:124|class=266:n02113712.pkl:588;n02113712.pkl:1099;n02113712.pkl:1119
resnet,1711,1711,+,2,2,2,2,0.634065934065934,0.15054945054945054,0.22122448979591836,0.02185243328100471,0.992950047346236,0.5048786898052611,class=911:n04599235.pkl:0;n04599235.pkl:3;n04599235.pkl:4|class=816:n04277352.pkl:5;n04277352.pkl:7;n04277352.pkl:14
resnet,1712,1712,+,17,16,1,0,0.08003494543980291,0.08490567560530635,0.003686512753316404,0.005763145819490304,0.7555740600300634,0.20258377758738108,class=583:n03467068.pkl:395;n03467068.pkl:396;n03467068.pkl:400|class=878:n04505470.pkl:65;n04505470.pkl:242;n04505470.pkl:377|class=479:n02974003.pkl:248;n02974003.pkl:349;n02974003.pkl:442
resnet,1713,1713,+,7,6,3,1,0.1994909145890056,0.2547521332243879,0.06513755345284297,0.12566576159332526,0.364450666056251,0.674564916832245,class=982:n10148035.pkl:1;n10148035.pkl:2;n10148035.pkl:8|class=578:n03450230.pkl:40;n03450230.pkl:284;n03450230.pkl:335|class=681:n03832673.pkl:19;n03832673.pkl:25;n03832673.pkl:55
resnet,1714,1714,+,3,2,2,1,0.6534408874323517,0.4599051000680081,0.29485889449307917,0.40867949779633117,0.06796843772545051,0.9736812213932565,class=124:n01985128.pkl:0;n01985128.pkl:1;n01985128.pkl:2|class=319:n02268443.pkl:42;n02268443.pkl:243;n02268443.pkl:643|class=381:n02493793.pkl:511
resnet,1715,1715,+,4,4,2,2,0.5207465724078835,0.47927542011205976,0.5008510068551841,0.49914937109074076,0.5088740106453874,0.49830414125475053,class=40:n01682714.pkl:0;n01682714.pkl:1;n01682714.pkl:2|class=46:n01693334.pkl:1;n01693334.pkl:2;n01693334.pkl:3|class=44:n01689811.pkl:295;n01689811.pkl:867;n01689811.pkl:1299
resnet,1716,1716,+,9,7,2,2,0.2221508803583311,0.2637292688936667,0.07144705639255837,0.1659932568742158,0.2524035762565207,0.7108603444780465,class=777:n04141327.pkl:1;n04141327.pkl:2;n04141327.pkl:4|class=764:n04090263.pkl:15;n04090263.pkl:20;n04090263.pkl:25|class=623:n03658185.pkl:163;n03658185.pkl:291;n03658185.pkl:513
resnet,1717,1717,+,4,3,1,1,0.25596278802440964,0.427654072028866,0.24947563746178758,0.4299307905394363,0.02075464870461842,0.9924732736173777,class=875:n04487394.pkl:0;n04487394.pkl:1;n04487394.pkl:2|class=702:n03888605.pkl:693;n03888605.pkl:1053|class=418:n02783161.pkl:1060
resnet,1718,1718,+,3,2,1,1,0.32762514650078245,0.449548912601424,0.15494664822336043,0.2171562847289127,0.036964667893390916,0.9880587168291501,class=520:n03131574.pkl:0;n03131574.pkl:2;n03131574.pkl:4|class=421:n02788148.pkl:1022;n02788148.pkl:1212|class=266:n02113712.pkl:788
resnet,1719,1719,+,1,1,1,1,0.9972972972972973,0.0,0.995945945945946,0.0,0.0,1.0,class=596:n03498962.pkl:0;n03498962.pkl:1;n03498962.pkl:2
resnet,1720,1720,+,8,4,0,0,0.04460848363757475,0.056307973538493115,0.0016295012739299336,0.0008043574132303666,0.9468324990469689,0.1554578148210808,class=270:n02114548.pkl:306;n02114548.pkl:799;n02114548.pkl:834|class=147:n02066245.pkl:752;n02066245.pkl:769|class=331:n02326432.pkl:229;n02326432.pkl:236
resnet,1721,1721,+,12,9,6,4,0.26185058915445203,0.322097850883439,0.0696530201708475,0.12739030310695187,0.5387416623080084,0.3620812250418333,class=208:n02099712.pkl:0;n02099712.pkl:1;n02099712.pkl:5|class=209:n02099849.pkl:13;n02099849.pkl:16;n02099849.pkl:18|class=207:n02099601.pkl:7;n02099601.pkl:62;n02099601.pkl:78
resnet,1722,1722,+,5,3,2,2,0.28219773677440785,0.3429569843267572,0.11224957134548381,0.17220879476428602,0.3329479701589339,0.6707293395104083,class=828:n04332243.pkl:0;n04332243.pkl:2;n04332243.pkl:3|class=773:n04131690.pkl:0;n04131690.pkl:2;n04131690.pkl:6|class=505:n03063689.pkl:5
resnet,1723,1723,+,5,3,1,1,0.20839207040327007,0.38727990117602445,0.15441582308999677,0.3070677165769714,0.02205303716532766,0.9908875030119413,class=108:n01914609.pkl:0;n01914609.pkl:1;n01914609.pkl:3|class=73:n01773549.pkl:957|class=999:n15075141.pkl:1041
resnet,1724,1724,+,6,5,3,2,0.4299696974325314,0.40699164426392076,0.21445630782883007,0.35672312010328017,0.3671934694171523,0.6278075382450212,class=223:n02104365.pkl:0;n02104365.pkl:1;n02104365.pkl:2|class=248:n02109961.pkl:8;n02109961.pkl:27;n02109961.pkl:28|class=224:n02105056.pkl:44;n02105056.pkl:49;n02105056.pkl:60
resnet,1725,1725,+,1,1,1,1,1.0,0.0,1.0,0.0,0.0,1.0,class=793:n04209133.pkl:0;n04209133.pkl:1;n04209133.pkl:2
resnet,1726,1726,+,4,3,1,1,0.15439642169826007,0.17273557520417243,0.052081791723017384,0.08676426889077633,0.1161072698668403,0.943825087238832,class=559:n03376595.pkl:3;n03376595.pkl:8;n03376595.pkl:14|class=498:n03032252.pkl:97;n03032252.pkl:109;n03032252.pkl:146|class=896:n04553703.pkl:839;n04553703.pkl:1020
resnet,1727,1727,+,1,1,1,1,1.0,0.0,0.9991212653778558,0.0,0.0,1.0,class=134:n02012849.pkl:0;n02012849.pkl:1;n02012849.pkl:2
resnet,1728,1728,+,4,1,1,1,0.21858838280101084,0.3726595869834232,0.036340545491896276,0.061294761182868966,0.08526780706089701,0.9612198008495,class=785:n04162706.pkl:1;n04162706.pkl:4;n04162706.pkl:20|class=358:n02443114.pkl:345|class=678:n03814639.pkl:828
resnet,1729,1729,+,9,7,3,2,0.2406277742998318,0.3537756976703014,0.09921501422972054,0.22905641480013778,0.2600052102907374,0.7033373024249809,class=74:n01773797.pkl:8;n01773797.pkl:13;n01773797.pkl:15|class=207:n02099601.pkl:9;n02099601.pkl:15;n02099601.pkl:22|class=797:n04235860.pkl:54;n04235860.pkl:161;n04235860.pkl:195
resnet,1730,1730,+,3,2,1,1,0.4121869077589248,0.4250728023697784,0.3348875240192645,0.4703059436279031,0.029615241941390022,0.9907515634336117,class=322:n02277742.pkl:0;n02277742.pkl:1;n02277742.pkl:2|class=323:n02279972.pkl:22;n02279972.pkl:111;n02279972.pkl:780|class=325:n02281406.pkl:148;n02281406.pkl:152
resnet,1731,1731,+,4,3,1,1,0.21640772138719694,0.34691516800941524,0.11609352228660691,0.1980602824788974,0.05220076290963407,0.9776437796138623,class=615:n03623198.pkl:1;n03623198.pkl:3;n03623198.pkl:4|class=461:n02895154.pkl:294;n02895154.pkl:979;n02895154.pkl:1050|class=841:n04370456.pkl:711
resnet,1732,1732,+,3,2,1,1,0.2793743359545691,0.3797995597125084,0.24542087907868523,0.3457790026083591,0.017444545793457167,0.9950208860447342,class=870:n04482393.pkl:0;n04482393.pkl:1;n04482393.pkl:2|class=409:n02708093.pkl:1156|class=423:n02791124.pkl:58
resnet,1733,1733,+,6,4,2,1,0.22987387600164888,0.29022854847381824,0.04259099332487712,0.08164258416808204,0.2702331414041273,0.7790829040711865,class=545:n03271574.pkl:3;n03271574.pkl:9;n03271574.pkl:10|class=386:n02504458.pkl:40;n02504458.pkl:94;n02504458.pkl:153|class=482:n02979186.pkl:708;n02979186.pkl:985;n02979186.pkl:1125
resnet,1734,1734,+,35,23,7,2,0.10832208065572647,0.17432952445861943,0.014724801830182026,0.044571216457190435,0.5659908562172355,0.2903547735858036,class=248:n02109961.pkl:4;n02109961.pkl:36;n02109961.pkl:42|class=266:n02113712.pkl:16;n02113712.pkl:20;n02113712.pkl:32|class=836:n04355933.pkl:34;n04355933.pkl:105;n04355933.pkl:172
resnet,1735,1735,+,10,6,2,1,0.045961067939115974,0.04887691452520816,0.010974859482415236,0.02013414061981807,0.5246052442932454,0.43656446306952984,class=46:n01693334.pkl:8;n01693334.pkl:21;n01693334.pkl:57|class=912:n04604644.pkl:69;n04604644.pkl:91;n04604644.pkl:97|class=73:n01773549.pkl:39;n01773549.pkl:162;n01773549.pkl:167
resnet,1736,1736,+,8,5,1,1,0.08409778078117293,0.16592529900616645,0.03986831930209648,0.10096681984682708,0.10645677257871022,0.9266993146612668,class=823:n04317175.pkl:1;n04317175.pkl:5;n04317175.pkl:11|class=650:n03759954.pkl:287;n03759954.pkl:459;n03759954.pkl:460|class=902:n04579432.pkl:1016;n04579432.pkl:1232
resnet,1737,1737,+,2,2,1,1,0.5751421608448416,0.4248578391551584,0.5000077674679025,0.49919541978309345,0.009510612906977075,0.9983766496460444,class=150:n02077923.pkl:0;n02077923.pkl:1;n02077923.pkl:3|class=360:n02444819.pkl:348
resnet,1738,1738,+,14,10,1,0,0.056340478215538725,0.06943264600753946,0.003136879678837317,0.0033736631326331903,0.8305771273143567,0.1540475217838975,class=304:n02169497.pkl:50;n02169497.pkl:110;n02169497.pkl:116|class=46:n01693334.pkl:21;n01693334.pkl:108;n01693334.pkl:259|class=73:n01773549.pkl:68;n01773549.pkl:106;n01773549.pkl:147
resnet,1739,1739,+,8,4,1,1,0.09947377731016764,0.22823920740952983,0.016492006193832023,0.03859790116611268,0.23466498823733134,0.8096843701682928,class=855:n04423845.pkl:3;n04423845.pkl:28;n04423845.pkl:33|class=968:n07930864.pkl:37;n07930864.pkl:249;n07930864.pkl:376|class=771:n04125021.pkl:202;n04125021.pkl:725
resnet,1740,1740,+,1,1,1,1,1.0,0.0,1.0,0.0,0.0,1.0,class=12:n01532829.pkl:0;n01532829.pkl:1;n01532829.pkl:2
resnet,1741,1741,+,3,3,1,1,0.527592038198051,0.38907522659245597,0.33077218364878164,0.46295257910583903,0.041212603814192166,0.9863041931159519,class=444:n02835271.pkl:0;n02835271.pkl:1;n02835271.pkl:2|class=671:n03792782.pkl:81;n03792782.pkl:199;n03792782.pkl:430|class=665:n03785016.pkl:291;n03785016.pkl:551
resnet,1742,1742,+,7,2,0,0,0.012087296535097863,0.017070613785017834,0.001646952737234657,0.0008865545322918633,0.9342772145647324,0.18425240107559931,class=184:n02093991.pkl:86;n02093991.pkl:449;n02093991.pkl:800|class=185:n02094114.pkl:883;n02094114.pkl:977|class=168:n02090379.pkl:629;n02090379.pkl:649
resnet,1743,1743,+,3,3,2,2,0.6340674872988139,0.4288571905697226,0.23914475156645806,0.178523607392673,0.6276153528062783,0.5190916835212095,class=572:n03443371.pkl:0;n03443371.pkl:5;n03443371.pkl:11|class=966:n07892512.pkl:15;n07892512.pkl:16;n07892512.pkl:20|class=968:n07930864.pkl:136;n07930864.pkl:1032
resnet,1744,1744,+,4,3,3,1,0.5188497678491559,0.3666960071880014,0.040642420950572036,0.03303719434501117,0.7328142881020445,0.4151913055499848,class=67:n01755581.pkl:1;n01755581.pkl:54;n01755581.pkl:71|class=68:n01756291.pkl:28;n01756291.pkl:64;n01756291.pkl:83|class=141:n02028035.pkl:93;n02028035.pkl:119;n02028035.pkl:123
resnet,1745,1745,+,18,10,2,0,0.08734232974450873,0.10783697172965853,0.005144643499349746,0.008039352643830327,0.7139501942985372,0.19121782641746213,class=698:n03877845.pkl:12;n03877845.pkl:37;n03877845.pkl:58|class=733:n03976657.pkl:59;n03976657.pkl:88;n03976657.pkl:215|class=744:n04008634.pkl:41;n04008634.pkl:622;n04008634.pkl:853
resnet,1746,1746,+,1,1,1,1,0.8478664192949907,0.0,0.7448979591836735,0.0,0.0,1.0,class=818:n04286575.pkl:0;n04286575.pkl:1;n04286575.pkl:3
resnet,1747,1747,+,8,5,2,1,0.12280782409806576,0.1753060845338761,0.05218064034565132,0.12988987437561914,0.12991573423029298,0.8995363380510221,class=884:n04523525.pkl:3;n04523525.pkl:6;n04523525.pkl:10|class=427:n02795169.pkl:0;n02795169.pkl:191;n02795169.pkl:296|class=494:n03017168.pkl:771;n03017168.pkl:1058
resnet,1748,1748,+,2,2,2,2,0.7161332267038366,0.2653653856920931,0.5767966359897949,0.34734767483351675,0.7197213417321727,0.6813231932606851,class=667:n03787032.pkl:0;n03787032.pkl:1;n03787032.pkl:2|class=400:n02669723.pkl:1;n02669723.pkl:8;n02669723.pkl:19
resnet,1749,1749,+,7,2,1,0,0.007257971949739063,0.006637775575008774,0.0031508102778549573,0.0036982221322829096,0.7144162076794935,0.3396654563419024,class=58:n01737021.pkl:25;n01737021.pkl:54;n01737021.pkl:364|class=30:n01641577.pkl:54;n01641577.pkl:59;n01641577.pkl:256|class=50:n01698640.pkl:775;n01698640.pkl:882
resnet,1750,1750,+,14,9,1,1,0.09184878742311806,0.19534210641408148,0.007757431095851806,0.01843078598718385,0.5079054137324389,0.474631635114873,class=342:n02396427.pkl:3;n02396427.pkl:21;n02396427.pkl:28|class=764:n04090263.pkl:215;n04090263.pkl:325;n04090263.pkl:376|class=276:n02117135.pkl:247;n02117135.pkl:393;n02117135.pkl:436
resnet,1751,1751,+,10,8,3,1,0.2303391636642255,0.24793360244588353,0.04594927468554414,0.10977408745602223,0.3296629067571818,0.6707453084888857,class=529:n03188531.pkl:4;n03188531.pkl:9;n03188531.pkl:13|class=999:n15075141.pkl:6;n15075141.pkl:32;n15075141.pkl:114|class=631:n03690938.pkl:12;n03690938.pkl:95;n03690938.pkl:213
resnet,1752,1752,+,1,1,1,1,1.0,0.0,1.0,0.0,0.0,1.0,class=49:n01697457.pkl:0;n01697457.pkl:1;n01697457.pkl:2
resnet,1753,1753,+,9,7,1,1,0.03337774798717486,0.04078181803797811,0.012423074260983333,0.031072781834538616,0.2391106322618921,0.8062308156337451,class=751:n04037443.pkl:2;n04037443.pkl:3;n04037443.pkl:10|class=518:n03127747.pkl:395;n03127747.pkl:449;n03127747.pkl:1213|class=356:n02441942.pkl:29
resnet,1754,1754,+,3,2,1,1,0.3475001873156846,0.45482163030320166,0.32352451014597755,0.45313209516595426,0.03771909815997586,0.9872373679942281,class=738:n03991062.pkl:0;n03991062.pkl:1;n03991062.pkl:2|class=427:n02795169.pkl:320;n02795169.pkl:369;n02795169.pkl:389|class=185:n02094114.pkl:368
resnet,1755,1755,+,3,3,2,2,0.53872009569378,0.360754247635782,0.3583256617804727,0.4479277281140994,0.2703606838024079,0.8542146941241093,class=540:n03240683.pkl:1;n03240683.pkl:2;n03240683.pkl:3|class=536:n03216828.pkl:0;n03216828.pkl:5;n03216828.pkl:13|class=718:n03933933.pkl:70;n03933933.pkl:188;n03933933.pkl:326
resnet,1756,1756,+,6,4,2,1,0.07191471810223873,0.13087641643467374,0.012846067240533998,0.019874574951960162,0.4438878827547966,0.5656034361633542,class=388:n02510455.pkl:14;n02510455.pkl:59;n02510455.pkl:66|class=987:n12144580.pkl:64;n12144580.pkl:81;n12144580.pkl:104|class=657:n03773504.pkl:53
resnet,1757,1757,+,2,2,1,1,0.5129611166500498,0.48703888334995016,0.5004985044865404,0.4995014955134596,0.01136804769178798,0.9980099522229804,class=857:n04429376.pkl:0;n04429376.pkl:1;n04429376.pkl:2|class=631:n03690938.pkl:506
resnet,1758,1758,+,7,6,4,2,0.3726985409428757,0.3992443849322146,0.23707387946121683,0.37240843509692295,0.4005482478074241,0.49536886676305397,class=265:n02113624.pkl:0;n02113624.pkl:1;n02113624.pkl:2|class=266:n02113712.pkl:0;n02113712.pkl:2;n02113712.pkl:5|class=204:n02098413.pkl:94;n02098413.pkl:173;n02098413.pkl:280
resnet,1759,1759,+,13,8,1,1,0.08408799566193371,0.12649730288918676,0.022156334887538456,0.06549430192128214,0.2681761655138387,0.749075612358989,class=860:n04443257.pkl:0;n04443257.pkl:4;n04443257.pkl:12|class=878:n04505470.pkl:29;n04505470.pkl:125;n04505470.pkl:140|class=68:n01756291.pkl:40;n01756291.pkl:176;n01756291.pkl:1006
resnet,1760,1760,+,4,4,3,2,0.5890287576415542,0.4015339203088911,0.3763201835503031,0.3613059932705217,0.5730338192126243,0.48044925906549346,class=184:n02093991.pkl:0;n02093991.pkl:1;n02093991.pkl:3|class=202:n02098105.pkl:0;n02098105.pkl:4;n02098105.pkl:6|class=186:n02094258.pkl:71;n02094258.pkl:587;n02094258.pkl:600
resnet,1761,1761,+,6,6,2,0,0.3789276673720921,0.25584479955314643,0.011794191024114583,0.013768196653114096,0.6227621655139848,0.3937925113486171,class=278:n02119789.pkl:5;n02119789.pkl:13;n02119789.pkl:73|class=252:n02110627.pkl:83;n02110627.pkl:89;n02110627.pkl:118|class=381:n02493793.pkl:120;n02493793.pkl:279;n02493793.pkl:659
resnet,1762,1762,+,1,1,1,1,1.0,0.0,1.0,0.0,0.0,1.0,class=779:n04146614.pkl:0;n04146614.pkl:1;n04146614.pkl:2
resnet,1763,1763,+,3,2,1,1,0.05247743693467329,0.058990349681324064,0.019482566943321,0.024133639395899586,0.2995148105341672,0.8448173056815136,class=344:n02398521.pkl:10;n02398521.pkl:31;n02398521.pkl:49|class=101:n01871265.pkl:399;n01871265.pkl:447;n01871265.pkl:509|class=36:n01667778.pkl:1
resnet,1764,1764,+,9,7,1,1,0.138888805074413,0.2008670926842124,0.016271688664259012,0.041055431075227924,0.2200910084902362,0.8184596674348574,class=358:n02443114.pkl:0;n02443114.pkl:6;n02443114.pkl:21|class=356:n02441942.pkl:558;n02441942.pkl:601;n02441942.pkl:648|class=996:n13052670.pkl:37;n13052670.pkl:61
resnet,1765,1765,+,11,5,2,1,0.039403133612510625,0.06344690705932532,0.008063879520430278,0.015252036459582511,0.5681553399294249,0.416127352007784,class=982:n10148035.pkl:6;n10148035.pkl:31;n10148035.pkl:81|class=345:n02403003.pkl:144;n02403003.pkl:231;n02403003.pkl:295|class=46:n01693334.pkl:277;n01693334.pkl:443;n01693334.pkl:730
resnet,1766,1766,+,6,6,2,1,0.2686099770774465,0.2937302041784736,0.0275961945141754,0.04310986672380403,0.4136048511694305,0.5733943332460504,class=35:n01667114.pkl:6;n01667114.pkl:7;n01667114.pkl:9|class=53:n01728920.pkl:7;n01728920.pkl:37;n01728920.pkl:44|class=34:n01665541.pkl:494;n01665541.pkl:615
resnet,1767,1767,+,3,2,1,1,0.39018871200923355,0.42482543451433136,0.3112734311811953,0.4387130577270447,0.01596943167808775,0.995482384398989,class=535:n03208938.pkl:0;n03208938.pkl:1;n03208938.pkl:2|class=848:n04392985.pkl:165|class=855:n04423845.pkl:214
resnet,1768,1768,+,7,7,1,0,0.19141499788250307,0.25328670492875366,0.004234559225136652,0.004060924083321034,0.8033155459219051,0.27423896433752903,class=68:n01756291.pkl:23;n01756291.pkl:86;n01756291.pkl:363|class=638:n03710637.pkl:232;n03710637.pkl:234;n03710637.pkl:491|class=740:n03995372.pkl:215;n03995372.pkl:805
resnet,1769,1769,+,6,5,4,2,0.3385776831741571,0.40105143157068734,0.14891670159487666,0.26231561913897433,0.33162457236917214,0.683809171144604,class=652:n03763968.pkl:2;n03763968.pkl:7;n03763968.pkl:17|class=764:n04090263.pkl:3;n04090263.pkl:7;n04090263.pkl:15|class=744:n04008634.pkl:290;n04008634.pkl:425;n04008634.pkl:426
resnet,1770,1770,+,6,5,3,1,0.21972995005601229,0.3021897241565437,0.10074583485997556,0.19951328393381473,0.24483864194941155,0.8203060076681921,class=743:n04005630.pkl:0;n04005630.pkl:2;n04005630.pkl:5|class=771:n04125021.pkl:5;n04125021.pkl:14;n04125021.pkl:17|class=733:n03976657.pkl:161;n03976657.pkl:215;n03976657.pkl:265
resnet,1771,1771,+,8,6,2,0,0.06458894798366979,0.08925428723026414,0.0067704753898209374,0.008235712490191635,0.6694412578516699,0.3099583912364582,class=512:n03109150.pkl:133;n03109150.pkl:261;n03109150.pkl:299|class=506:n03065424.pkl:4;n03065424.pkl:98;n03065424.pkl:116|class=783:n04153751.pkl:379;n04153751.pkl:441;n04153751.pkl:474
resnet,1772,1772,+,3,3,3,3,0.715424080708475,0.20074547353280903,0.40680011131640975,0.2259957555511751,0.8235012500138496,0.4362100711523821,class=484:n02981792.pkl:1;n02981792.pkl:2;n02981792.pkl:3|class=871:n04483307.pkl:0;n04483307.pkl:1;n04483307.pkl:2|class=914:n04612504.pkl:12;n04612504.pkl:22;n04612504.pkl:95
resnet,1773,1773,+,5,5,2,2,0.4838863699684121,0.3777390810445427,0.32133607780291795,0.39810466731283534,0.45388057116692326,0.5069768018704524,class=196:n02097047.pkl:1;n02097047.pkl:2;n02097047.pkl:3|class=198:n02097209.pkl:4;n02097209.pkl:6;n02097209.pkl:7|class=161:n02088238.pkl:46;n02088238.pkl:154;n02088238.pkl:345
resnet,1774,1774,+,1,1,0,0,0.018823529411764704,0.0,0.003137254901960784,0.0,0.0,1.0,class=575:n03445924.pkl:233;n03445924.pkl:947;n03445924.pkl:998
resnet,1775,1775,+,3,2,2,2,0.6675828352422407,0.46877263413244036,0.6455591316932049,0.45582375137739894,0.6343957918687496,0.4995216886014814,class=846:n04380533.pkl:1;n04380533.pkl:2;n04380533.pkl:3|class=619:n03637318.pkl:0;n03637318.pkl:2;n03637318.pkl:4|class=818:n04286575.pkl:426
resnet,1776,1776,+,3,2,1,1,0.36371320803270507,0.45026655895649764,0.3359765153342073,0.46842345004601144,0.05141251682613166,0.9812783579400313,class=106:n01883070.pkl:0;n01883070.pkl:1;n01883070.pkl:2|class=342:n02396427.pkl:10;n02396427.pkl:136;n02396427.pkl:145|class=285:n02124075.pkl:11
resnet,1777,1777,+,5,4,1,1,0.2731980664273732,0.3775783062121593,0.2014485874231192,0.398452937850316,0.03809863037624905,0.9824482244934256,class=490:n03000247.pkl:0;n03000247.pkl:1;n03000247.pkl:2|class=911:n04599235.pkl:102;n04599235.pkl:107;n04599235.pkl:310|class=488:n02999410.pkl:506;n02999410.pkl:823;n02999410.pkl:1112
resnet,1778,1778,+,1,1,1,1,0.9155844155844156,0.0,0.17439703153988867,0.0,0.0,1.0,class=194:n02096437.pkl:8;n02096437.pkl:19;n02096437.pkl:20
resnet,1779,1779,+,6,4,3,1,0.15304515908317107,0.12959669288181824,0.027475614774295987,0.04371629798367827,0.47038209672717396,0.5885969210578517,class=675:n03796401.pkl:1;n03796401.pkl:2;n03796401.pkl:16|class=556:n03347037.pkl:169;n03347037.pkl:171;n03347037.pkl:204|class=771:n04125021.pkl:123;n04125021.pkl:161;n04125021.pkl:171
resnet,1780,1780,+,12,7,2,2,0.12096141888223273,0.17091818290530264,0.023357955552759564,0.04713005952320156,0.4609692440808808,0.4226030335745863,class=920:n06874185.pkl:7;n06874185.pkl:13;n06874185.pkl:16|class=733:n03976657.pkl:10;n03976657.pkl:16;n03976657.pkl:77|class=665:n03785016.pkl:199;n03785016.pkl:208;n03785016.pkl:305
resnet,1781,1781,+,11,11,5,4,0.3540013121216847,0.28564120632245166,0.04165069964498292,0.05329960143032444,0.6702554278316522,0.2397802725740297,class=482:n02979186.pkl:14;n02979186.pkl:16;n02979186.pkl:46|class=485:n02988304.pkl:13;n02988304.pkl:26;n02988304.pkl:28|class=662:n03777754.pkl:2;n03777754.pkl:8;n03777754.pkl:27
resnet,1782,1782,+,2,1,1,1,0.5007122507122507,0.49928774928774927,0.5007122507122507,0.49928774928774927,0.015503626364421918,0.997159096657487,class=392:n02606052.pkl:0;n02606052.pkl:1;n02606052.pkl:2|class=782:n04152593.pkl:72
resnet,1783,1783,+,3,3,3,3,0.9737361614653673,0.015879218766359886,0.749945884634951,0.22900089324485717,0.9539400826257485,0.3644142089612278,class=689:n03866082.pkl:1;n03866082.pkl:2;n03866082.pkl:3|class=601:n03534580.pkl:0;n03534580.pkl:1;n03534580.pkl:3|class=578:n03450230.pkl:1;n03450230.pkl:2;n03450230.pkl:5
resnet,1784,1784,+,3,2,2,1,0.48217687526898056,0.40581998459265245,0.3331933052327789,0.45467270016906053,0.1050273860675248,0.954036511957072,class=873:n04486054.pkl:0;n04486054.pkl:1;n04486054.pkl:2|class=442:n02825657.pkl:53;n02825657.pkl:102;n02825657.pkl:207|class=718:n03933933.pkl:1107
resnet,1785,1785,+,21,15,5,0,0.05501998271156974,0.11286339600261248,0.007548273803706683,0.011004663558452631,0.7475366393336558,0.14883266664805966,class=430:n02802426.pkl:13;n02802426.pkl:50;n02802426.pkl:72|class=237:n02107312.pkl:81;n02107312.pkl:89;n02107312.pkl:111|class=836:n04355933.pkl:44;n04355933.pkl:85;n04355933.pkl:209
resnet,1786,1786,+,6,6,5,5,0.7691020617699715,0.34951390080861916,0.4287937741734465,0.36719598575122425,0.7591739522377369,0.2888881800808467,class=230:n02105855.pkl:0;n02105855.pkl:1;n02105855.pkl:2|class=232:n02106166.pkl:1;n02106166.pkl:2;n02106166.pkl:3|class=152:n02085782.pkl:3;n02085782.pkl:4;n02085782.pkl:5
resnet,1787,1787,+,1,1,1,1,1.0,0.0,1.0,0.0,0.0,1.0,class=354:n02437312.pkl:0;n02437312.pkl:1;n02437312.pkl:2
resnet,1788,1788,+,16,7,0,0,0.02490072466744899,0.03818385319487943,0.001644986217728392,0.0010501605687778925,0.9369817418892193,0.08797222633307974,class=227:n02105412.pkl:82;n02105412.pkl:365;n02105412.pkl:541|class=168:n02090379.pkl:140;n02090379.pkl:253;n02090379.pkl:605|class=179:n02093256.pkl:207;n02093256.pkl:860;n02093256.pkl:1021
resnet,1789,1789,+,12,10,1,0,0.1263357718454422,0.22210732100509079,0.0036232082060117933,0.004016583177496931,0.8309205741823632,0.18574411980648384,class=381:n02493793.pkl:18;n02493793.pkl:106;n02493793.pkl:115|class=285:n02124075.pkl:1;n02124075.pkl:162;n02124075.pkl:683|class=241:n02108000.pkl:97;n02108000.pkl:255;n02108000.pkl:304
resnet,1790,1790,+,10,6,4,2,0.13331445384476634,0.19614891709903662,0.046471807712257604,0.09707405648774775,0.41909217122631753,0.5363422063127988,class=431:n02804414.pkl:0;n02804414.pkl:12;n02804414.pkl:16|class=529:n03188531.pkl:5;n03188531.pkl:21;n03188531.pkl:29|class=797:n04235860.pkl:46;n04235860.pkl:54;n04235860.pkl:79
resnet,1791,1791,+,4,3,1,1,0.29122403281876896,0.3564607232467468,0.08546511399854974,0.1399032955747916,0.15615838552399364,0.9199125995231539,class=856:n04428191.pkl:1;n04428191.pkl:2;n04428191.pkl:4|class=461:n02895154.pkl:249;n02895154.pkl:278;n02895154.pkl:703|class=660:n03776460.pkl:115;n03776460.pkl:125;n03776460.pkl:655
resnet,1792,1792,+,1,1,1,1,0.9991386735572783,0.0,0.9991386735572783,0.0,0.0,1.0,class=457:n02883205.pkl:0;n02883205.pkl:1;n02883205.pkl:2
resnet,1793,1793,+,7,6,2,0,0.12416969928809991,0.11127394261076332,0.007379058258549623,0.008672783840992591,0.6674192052776808,0.34019805267657477,class=298:n02137549.pkl:26;n02137549.pkl:33;n02137549.pkl:62|class=299:n02138441.pkl:33;n02138441.pkl:67;n02138441.pkl:72|class=356:n02441942.pkl:29;n02441942.pkl:206;n02441942.pkl:480
resnet,1794,1794,+,4,2,1,1,0.35739467625910526,0.40618520697349375,0.2407103459280598,0.4133946326815386,0.031517275791638995,0.9873609974500125,class=945:n07720875.pkl:0;n07720875.pkl:1;n07720875.pkl:2|class=943:n07718472.pkl:65;n07718472.pkl:267;n07718472.pkl:910|class=582:n03461385.pkl:652
resnet,1795,1795,+,11,8,4,2,0.1932079539812153,0.2990831488705689,0.08701637868559742,0.22668598313619165,0.2738994739594386,0.7078657235513611,class=368:n02483362.pkl:0;n02483362.pkl:1;n02483362.pkl:2|class=771:n04125021.pkl:14;n04125021.pkl:17;n04125021.pkl:37|class=446:n02840245.pkl:7;n02840245.pkl:11;n02840245.pkl:15
resnet,1796,1796,+,7,7,1,1,0.20271292718044895,0.32718335424354766,0.09372114715555857,0.2252406009983098,0.05579286420542503,0.967982860372525,class=477:n02966687.pkl:1;n02966687.pkl:4;n02966687.pkl:5|class=473:n02951585.pkl:207;n02951585.pkl:477;n02951585.pkl:573|class=813:n04270147.pkl:560;n04270147.pkl:1072
resnet,1797,1797,+,9,6,2,0,0.18225610477741663,0.2588623363659288,0.006426593941564256,0.007188842726776173,0.7503642043267479,0.2501427796937428,class=356:n02441942.pkl:93;n02441942.pkl:103;n02441942.pkl:116|class=276:n02117135.pkl:101;n02117135.pkl:204;n02117135.pkl:239|class=912:n04604644.pkl:69;n04604644.pkl:97;n04604644.pkl:101
resnet,1798,1798,+,5,4,1,1,0.25199584874500225,0.3748642795885488,0.20244122596524844,0.3982705894102124,0.0531054854709958,0.9740848216934815,class=869:n04479046.pkl:0;n04479046.pkl:1;n04479046.pkl:2|class=689:n03866082.pkl:59;n03866082.pkl:194;n03866082.pkl:421|class=636:n03709823.pkl:180;n03709823.pkl:326;n03709823.pkl:445
resnet,1799,1799,+,8,8,6,5,0.5429078667838985,0.3568541924395771,0.3076789401769725,0.2629943215432637,0.7699854078718004,0.2163286870277789,class=187:n02094433.pkl:1;n02094433.pkl:3;n02094433.pkl:5|class=193:n02096294.pkl:2;n02096294.pkl:5;n02096294.pkl:6|class=185:n02094114.pkl:2;n02094114.pkl:3;n02094114.pkl:4
resnet,1800,1800,+,6,6,5,5,0.7226360197321355,0.22197379240829784,0.28870716947187774,0.3085861366037249,0.7102997194601745,0.35707521166931533,class=258:n02111889.pkl:0;n02111889.pkl:1;n02111889.pkl:2|class=249:n02110063.pkl:0;n02110063.pkl:6;n02110063.pkl:7|class=257:n02111500.pkl:4;n02111500.pkl:5;n02111500.pkl:8
resnet,1801,1801,+,4,4,3,2,0.33458659829176784,0.3173125418081001,0.15982641408192283,0.1996636588587534,0.4732494846634654,0.6401583879517865,class=854:n04418357.pkl:0;n04418357.pkl:2;n04418357.pkl:4|class=498:n03032252.pkl:42;n03032252.pkl:48;n03032252.pkl:62|class=819:n04296562.pkl:33;n04296562.pkl:96;n04296562.pkl:131
resnet,1802,1802,+,6,6,3,1,0.3061813979391794,0.3315288341701473,0.17607986959066924,0.36866158833234924,0.1451519201124904,0.8972758277996621,class=44:n01689811.pkl:0;n01689811.pkl:1;n01689811.pkl:2|class=201:n02097658.pkl:43;n02097658.pkl:79;n02097658.pkl:81|class=46:n01693334.pkl:425;n01693334.pkl:449;n01693334.pkl:510
resnet,1803,1803,+,2,2,2,1,0.4746854129527269,0.2932508137966088,0.33116532684538424,0.309224398575342,0.20983825224059688,0.9359410762272582,class=488:n02999410.pkl:1;n02999410.pkl:2;n02999410.pkl:3|class=695:n03874599.pkl:12;n03874599.pkl:37;n03874599.pkl:96
resnet,1804,1804,+,6,5,2,2,0.12437240758442532,0.13175217891849536,0.05530266133056778,0.08087513735202564,0.41873700511245243,0.5231069246952945,class=790:n04204238.pkl:7;n04204238.pkl:8;n04204238.pkl:14|class=588:n03482405.pkl:5;n03482405.pkl:7;n03482405.pkl:14|class=266:n02113712.pkl:154;n02113712.pkl:875
resnet,1805,1805,+,1,1,1,1,1.0,0.0,1.0,0.0,0.0,1.0,class=448:n02843684.pkl:0;n02843684.pkl:1;n02843684.pkl:2
resnet,1806,1806,+,1,1,1,1,0.9936808846761453,0.0,0.9502369668246445,0.0,0.0,1.0,class=958:n07802026.pkl:0;n07802026.pkl:1;n07802026.pkl:2
resnet,1807,1807,+,2,2,2,2,0.9760551948051948,0.02394480519480519,0.5844155844155844,0.41558441558441556,0.5957610966703206,0.7528395061728397,class=407:n02701002.pkl:0;n02701002.pkl:1;n02701002.pkl:2|class=734:n03977966.pkl:0;n03977966.pkl:2;n03977966.pkl:13
resnet,1808,1808,+,16,15,0,0,0.15187922779046067,0.15142871226942425,0.0021353703823334693,0.0014368184050769202,0.9202676671556735,0.09079680179842933,class=435:n02808440.pkl:400;n02808440.pkl:498;n02808440.pkl:724|class=681:n03832673.pkl:20;n03832673.pkl:158;n03832673.pkl:778|class=494:n03017168.pkl:227;n03017168.pkl:232;n03017168.pkl:842
resnet,1809,1809,+,9,5,2,0,0.03350809942789516,0.03686140762147352,0.007530882191498004,0.007491644027373392,0.7900768052618441,0.22106739388254432,class=378:n02492035.pkl:152;n02492035.pkl:224;n02492035.pkl:239|class=381:n02493793.pkl:16;n02493793.pkl:120;n02493793.pkl:149|class=380:n02493509.pkl:125;n02493509.pkl:184;n02493509.pkl:420
resnet,1810,1810,+,14,11,3,2,0.2774536146543388,0.3227317177139492,0.049723603612645606,0.13344909311920358,0.3142201176609724,0.5859198610867807,class=978:n09428293.pkl:2;n09428293.pkl:3;n09428293.pkl:5|class=977:n09421951.pkl:25;n09421951.pkl:27;n09421951.pkl:28|class=976:n09399592.pkl:91;n09399592.pkl:128;n09399592.pkl:260
resnet,1811,1811,+,1,1,1,1,0.9984089101034208,0.0,0.9936356404136834,0.0,0.0,1.0,class=522:n03134739.pkl:0;n03134739.pkl:1;n03134739.pkl:2
resnet,1812,1812,+,1,1,1,1,0.7463035019455253,0.0,0.5571984435797666,0.0,0.0,1.0,class=476:n02966193.pkl:2;n02966193.pkl:4;n02966193.pkl:5
resnet,1813,1813,+,16,8,2,1,0.1099637732690284,0.18541964668944108,0.008853017413060311,0.02422218226209732,0.43020222108004363,0.5303686177071297,class=68:n01756291.pkl:26;n01756291.pkl:31;n01756291.pkl:66|class=60:n01740131.pkl:258;n01740131.pkl:274;n01740131.pkl:283|class=38:n01675722.pkl:131;n01675722.pkl:578;n01675722.pkl:601
resnet,1814,1814,+,4,3,1,1,0.14314751001154585,0.22793722251985454,0.0911101101863766,0.15600773197477893,0.042120966157681045,0.9829917916884227,class=815:n04275548.pkl:0;n04275548.pkl:2;n04275548.pkl:3|class=74:n01773797.pkl:414|class=280:n02120505.pkl:459
resnet,1815,1815,+,3,2,1,1,0.2719917564462711,0.3656992703958426,0.19075328155745452,0.2651678999553602,0.06058475305661919,0.9774679031217652,class=807:n04258138.pkl:0;n04258138.pkl:1;n04258138.pkl:2|class=836:n04355933.pkl:51;n04355933.pkl:122;n04355933.pkl:561|class=395:n02641379.pkl:825
resnet,1816,1816,+,1,1,1,1,0.5854063018242123,0.0,0.3946932006633499,0.0,0.0,1.0,class=570:n03424325.pkl:1;n03424325.pkl:4;n03424325.pkl:5
resnet,1817,1817,+,5,5,2,1,0.3525111142934211,0.3326499931052196,0.17086711009382327,0.32123456753666846,0.15145622425136085,0.9068993673551096,class=621:n03649909.pkl:0;n03649909.pkl:1;n03649909.pkl:2|class=595:n03496892.pkl:45;n03496892.pkl:51;n03496892.pkl:80|class=866:n04465501.pkl:26;n04465501.pkl:83;n04465501.pkl:91
resnet,1818,1818,+,10,9,5,2,0.32668415308366405,0.2639875772297311,0.028866089375454335,0.051243533502832374,0.537796405435425,0.41513905903802345,class=771:n04125021.pkl:1;n04125021.pkl:5;n04125021.pkl:14|class=482:n02979186.pkl:22;n02979186.pkl:49;n02979186.pkl:140|class=848:n04392985.pkl:147;n04392985.pkl:165;n04392985.pkl:188
resnet,1819,1819,+,2,2,2,1,0.7699542913475022,0.07868516443481083,0.2888848833862978,0.25108110300826003,0.3486350955923369,0.8777012535662165,class=118:n01978287.pkl:0;n01978287.pkl:2;n01978287.pkl:5|class=121:n01981276.pkl:22;n01981276.pkl:132;n01981276.pkl:176
resnet,1820,1820,+,12,7,2,1,0.05067445734396964,0.06583215018184489,0.010424835995598602,0.017023535772851883,0.6385702196141549,0.30555163629038257,class=904:n04589890.pkl:32;n04589890.pkl:35;n04589890.pkl:47|class=539:n03223299.pkl:2;n03223299.pkl:10;n03223299.pkl:96|class=165:n02089078.pkl:528;n02089078.pkl:552;n02089078.pkl:576
resnet,1821,1821,+,7,7,4,3,0.4129001093124375,0.34092179737274103,0.13313705507392265,0.16866026292269076,0.5958872019999258,0.37211784244385643,class=255:n02111129.pkl:2;n02111129.pkl:8;n02111129.pkl:9|class=160:n02088094.pkl:3;n02088094.pkl:7;n02088094.pkl:8|class=177:n02092002.pkl:6;n02092002.pkl:13;n02092002.pkl:16
resnet,1822,1822,+,3,2,1,1,0.3560642274927989,0.45579186300639624,0.33397376968805537,0.4709516664288393,0.013871326924761822,0.9961702736116085,class=980:n09472597.pkl:0;n09472597.pkl:1;n09472597.pkl:2|class=972:n09246464.pkl:555|class=970:n09193705.pkl:579
resnet,1823,1823,+,3,3,1,1,0.42311570821430616,0.41333938442188095,0.33396580679856375,0.46709061847468836,0.04257258231376119,0.9853775195666418,class=824:n04325704.pkl:0;n04325704.pkl:1;n04325704.pkl:2|class=911:n04599235.pkl:107;n04599235.pkl:466;n04599235.pkl:737|class=501:n03045698.pkl:8
resnet,1824,1824,+,3,2,2,1,0.40049527970326476,0.4316891227868357,0.33998572556313733,0.46676009763738124,0.09083284966760502,0.9616011632875804,class=597:n03527444.pkl:0;n03527444.pkl:1;n03527444.pkl:2|class=764:n04090263.pkl:5;n04090263.pkl:28;n04090263.pkl:36|class=783:n04153751.pkl:435
resnet,1825,1825,+,4,4,2,0,0.07914059507406519,0.0552997537132847,0.008608547398630284,0.007390425596013501,0.71368164621913,0.4342549469034769,class=868:n04476259.pkl:41;n04476259.pkl:118;n04476259.pkl:248|class=450:n02860847.pkl:116;n02860847.pkl:131;n02860847.pkl:254|class=999:n15075141.pkl:1041;n15075141.pkl:1110
resnet,1826,1826,+,4,4,3,2,0.5865594038444434,0.36036432859166273,0.38940922079426155,0.36606358868978267,0.5886810689748929,0.4709228375874524,class=197:n02097130.pkl:1;n02097130.pkl:3;n02097130.pkl:5|class=198:n02097209.pkl:0;n02097209.pkl:5;n02097209.pkl:6|class=196:n02097047.pkl:21;n02097047.pkl:22;n02097047.pkl:41
resnet,1827,1827,+,8,4,0,0,0.03957199812926225,0.048872578480479906,0.0011313392059963399,0.0006081369778880827,0.9458400067600201,0.16111828835081107,class=698:n03877845.pkl:12;n03877845.pkl:802;n03877845.pkl:959|class=231:n02106030.pkl:810|class=762:n04081281.pkl:400
resnet,1828,1828,+,5,3,1,1,0.21584076747220565,0.36939463667507916,0.07419052179681092,0.14577476548657017,0.05681676845112284,0.972143193348986,class=555:n03345487.pkl:1;n03345487.pkl:3;n03345487.pkl:4|class=423:n02791124.pkl:58;n02791124.pkl:398;n02791124.pkl:431|class=673:n03793489.pkl:338
resnet,1829,1829,+,5,4,2,1,0.2928878444002407,0.35078273655327474,0.08345779309583293,0.1523911414515794,0.19930946214239822,0.8668307939138304,class=734:n03977966.pkl:1;n03977966.pkl:2;n03977966.pkl:6|class=424:n02791270.pkl:55;n02791270.pkl:104;n02791270.pkl:251|class=826:n04328186.pkl:164;n04328186.pkl:493;n04328186.pkl:681
resnet,1830,1830,+,10,6,1,0,0.09939192273923034,0.14922217852501357,0.005017579645301301,0.009197391498122045,0.5840980557832915,0.436001175320793,class=528:n03187595.pkl:105;n03187595.pkl:109;n03187595.pkl:124|class=589:n03483316.pkl:446;n03483316.pkl:485;n03483316.pkl:500|class=754:n04041544.pkl:135;n04041544.pkl:624;n04041544.pkl:636
resnet,1831,1831,+,9,2,0,0,0.014626656297697826,0.021274585352938268,0.0020455674807486343,0.0012451679660378289,0.9172165386461619,0.15228157374353324,class=21:n01608432.pkl:234;n01608432.pkl:643;n01608432.pkl:666|class=144:n02051845.pkl:758;n02051845.pkl:895;n02051845.pkl:906|class=132:n02009912.pkl:207;n02009912.pkl:426;n02009912.pkl:601
resnet,1832,1832,+,9,8,5,3,0.3769740751722971,0.36886077894044955,0.12755982912007355,0.1955450166928339,0.5269077204387024,0.3722208909336093,class=638:n03710637.pkl:4;n03710637.pkl:15;n03710637.pkl:40|class=459:n02892767.pkl:6;n02892767.pkl:14;n02892767.pkl:18|class=733:n03976657.pkl:26;n03976657.pkl:32;n03976657.pkl:33
resnet,1833,1833,+,3,2,2,2,0.3591879712948169,0.45402699356680404,0.3550539423573651,0.45673547666739867,0.2167172654100558,0.884927366818426,class=284:n02123597.pkl:0;n02123597.pkl:1;n02123597.pkl:2|class=287:n02127052.pkl:7;n02127052.pkl:25;n02127052.pkl:27|class=281:n02123045.pkl:406;n02123045.pkl:1148
resnet,1834,1834,+,1,1,1,1,1.0,0.0,1.0,0.0,0.0,1.0,class=915:n04613696.pkl:0;n04613696.pkl:1;n04613696.pkl:2
resnet,1835,1835,+,20,5,0,0,0.007950490576634921,0.008744295064327806,0.002289853770124025,0.002097855516684551,0.8940000450089205,0.09196678058725395,class=46:n01693334.pkl:127;n01693334.pkl:157;n01693334.pkl:937|class=409:n02708093.pkl:229;n02708093.pkl:356;n02708093.pkl:436|class=248:n02109961.pkl:833;n02109961.pkl:1009;n02109961.pkl:1131
resnet,1836,1836,+,1,1,1,1,1.0,0.0,1.0,0.0,0.0,1.0,class=325:n02281406.pkl:0;n02281406.pkl:1;n02281406.pkl:2
resnet,1837,1837,+,3,2,1,1,0.3838902538660305,0.43399061338066225,0.25992857626686183,0.3655489200081621,0.024365800949191038,0.9926008831112244,class=561:n03384352.pkl:0;n03384352.pkl:2;n03384352.pkl:3|class=494:n03017168.pkl:704;n03017168.pkl:855|class=866:n04465501.pkl:26
resnet,1838,1838,+,6,5,1,1,0.2027763161883994,0.2768097408651857,0.05799214646044445,0.12352585338034754,0.12385294502057007,0.9228482714128212,class=961:n07860988.pkl:1;n07860988.pkl:4;n07860988.pkl:6|class=987:n12144580.pkl:503;n12144580.pkl:883;n12144580.pkl:997|class=868:n04476259.pkl:242;n04476259.pkl:555;n04476259.pkl:673
resnet,1839,1839,+,4,3,1,1,0.2508084602879361,0.40302987473213864,0.20802712733704176,0.35871130668410284,0.018763639924488658,0.9933446101947216,class=427:n02795169.pkl:1;n02795169.pkl:3;n02795169.pkl:5|class=409:n02708093.pkl:635|class=966:n07892512.pkl:546
resnet,1840,1840,+,13,7,1,0,0.05832875911783822,0.09620083473035017,0.003953922173921372,0.004946121267882512,0.7707174523750161,0.1972963125256599,class=585:n03476991.pkl:112;n03476991.pkl:141;n03476991.pkl:185|class=876:n04493381.pkl:23;n04493381.pkl:298;n04493381.pkl:727|class=998:n13133613.pkl:72;n13133613.pkl:87;n13133613.pkl:111
resnet,1841,1841,+,5,5,1,1,0.15918462222631619,0.1685794224419575,0.023082055862952266,0.039959162720234094,0.28280047691122023,0.7993959160088534,class=694:n03874293.pkl:5;n03874293.pkl:19;n03874293.pkl:26|class=762:n04081281.pkl:1;n04081281.pkl:238;n04081281.pkl:293|class=449:n02859443.pkl:299;n02859443.pkl:1235
resnet,1842,1842,+,11,7,4,0,0.08737729228102374,0.13577301895408359,0.01285334224604872,0.015554384628080117,0.7115284669378855,0.22404059526263995,class=846:n04380533.pkl:13;n04380533.pkl:29;n04380533.pkl:35|class=619:n03637318.pkl:1;n03637318.pkl:33;n03637318.pkl:43|class=818:n04286575.pkl:50;n04286575.pkl:83;n04286575.pkl:155
resnet,1843,1843,+,5,5,3,1,0.25655170985863707,0.3758919094893246,0.20665777158958534,0.3967229313799181,0.10770953953129829,0.9370570764092756,class=617:n03630383.pkl:0;n03630383.pkl:1;n03630383.pkl:2|class=923:n07579787.pkl:65;n07579787.pkl:131;n07579787.pkl:283|class=423:n02791124.pkl:58;n02791124.pkl:61;n02791124.pkl:76
resnet,1844,1844,+,6,5,1,1,0.1642618741729818,0.25922190326374733,0.04529355314824854,0.09634410757644747,0.12843095939336535,0.92076205319363,class=541:n03249569.pkl:12;n03249569.pkl:16;n03249569.pkl:18|class=427:n02795169.pkl:49;n02795169.pkl:422;n02795169.pkl:1254|class=409:n02708093.pkl:13;n02708093.pkl:162;n02708093.pkl:419
resnet,1845,1845,+,8,6,0,0,0.06411110112006536,0.049785358313649435,0.00553179796375162,0.0035225284504023895,0.8850802098052026,0.17568581238529923,class=245:n02108915.pkl:0;n02108915.pkl:44;n02108915.pkl:60|class=285:n02124075.pkl:145;n02124075.pkl:230;n02124075.pkl:470|class=243:n02108422.pkl:111;n02108422.pkl:187;n02108422.pkl:299
resnet,1846,1846,+,25,17,0,0,0.02762363491478132,0.03410736201795653,0.001789228875993827,0.0016044847404807327,0.9100902412591966,0.07216617174064835,class=257:n02111500.pkl:185;n02111500.pkl:427;n02111500.pkl:804|class=168:n02090379.pkl:88;n02090379.pkl:91;n02090379.pkl:98|class=266:n02113712.pkl:333;n02113712.pkl:538;n02113712.pkl:693
resnet,1847,1847,+,5,2,0,0,0.017091406383403025,0.020591726414273245,0.0010122511719438012,0.00016675196924723732,0.9919673356466052,0.20542744413525435,class=482:n02979186.pkl:266|class=526:n03179701.pkl:148|class=799:n04239074.pkl:338
resnet,1848,1848,+,2,1,1,1,0.3814799422206449,0.37170477115515127,0.18241551014563137,0.181437993039082,0.026752570090465565,0.9946556190520472,class=786:n04179913.pkl:0;n04179913.pkl:2;n04179913.pkl:8|class=524:n03146219.pkl:594
resnet,1849,1849,+,4,3,1,1,0.19352272157576061,0.30565583660276724,0.0583754562240692,0.09808298496262882,0.09220216533743002,0.9557758304812739,class=439:n02817516.pkl:3;n02817516.pkl:11;n02817516.pkl:21|class=808:n04259630.pkl:348;n04259630.pkl:891;n04259630.pkl:1009|class=524:n03146219.pkl:594
resnet,1850,1850,+,14,14,5,3,0.2777563049881785,0.2691347241874252,0.06369538251464238,0.17566181864361344,0.36024238579896256,0.6146924296942923,class=681:n03832673.pkl:2;n03832673.pkl:3;n03832673.pkl:4|class=526:n03179701.pkl:23;n03179701.pkl:84;n03179701.pkl:129|class=782:n04152593.pkl:7;n04152593.pkl:161;n04152593.pkl:164
resnet,1851,1851,+,2,2,1,1,0.4686839687970128,0.4551016258428532,0.3886154029911868,0.3877665065565518,0.012320574619143774,0.9978179730962347,class=710:n03908714.pkl:1;n03908714.pkl:2;n03908714.pkl:4|class=783:n04153751.pkl:441
resnet,1852,1852,+,9,8,3,2,0.25346669029268487,0.2951562659794654,0.03278872894923115,0.04752139150411089,0.6092060697756344,0.34450346564844064,class=654:n03769881.pkl:2;n03769881.pkl:3;n03769881.pkl:7|class=143:n02037110.pkl:5;n02037110.pkl:29;n02037110.pkl:53|class=665:n03785016.pkl:4;n03785016.pkl:5;n03785016.pkl:88
resnet,1853,1853,+,1,1,1,1,0.5751376868607396,0.0,0.5019669551534225,0.0,0.0,1.0,class=877:n04501370.pkl:0;n04501370.pkl:1;n04501370.pkl:2
resnet,1854,1854,+,9,5,1,0,0.0711174898812436,0.09632258450796752,0.005519675702460631,0.01121727168417608,0.47698743449286607,0.569997148130452,class=238:n02107574.pkl:7;n02107574.pkl:47;n02107574.pkl:48|class=356:n02441942.pkl:774;n02441942.pkl:1192;n02441942.pkl:1297|class=381:n02493793.pkl:378;n02493793.pkl:511
resnet,1855,1855,+,5,5,3,2,0.5051247417190146,0.37943284988646636,0.15496251993497093,0.2446534870762336,0.3566866833934096,0.6985164295592067,class=55:n01729977.pkl:2;n01729977.pkl:5;n01729977.pkl:6|class=61:n01742172.pkl:0;n01742172.pkl:1;n01742172.pkl:5|class=67:n01755581.pkl:107;n01755581.pkl:108;n01755581.pkl:110
resnet,1856,1856,+,12,12,8,6,0.41471667863172895,0.33883453259660007,0.1715133983013326,0.1912183365746871,0.730370413998273,0.1869147202674114,class=527:n03180011.pkl:1;n03180011.pkl:2;n03180011.pkl:3|class=782:n04152593.pkl:3;n04152593.pkl:5;n04152593.pkl:7|class=664:n03782006.pkl:0;n03782006.pkl:1;n03782006.pkl:8
resnet,1857,1857,+,2,2,1,1,0.5077565954169074,0.4766454843057963,0.4805137685345658,0.4796248796456769,0.010655619372163557,0.9981518391734427,class=422:n02790996.pkl:0;n02790996.pkl:2;n02790996.pkl:3|class=427:n02795169.pkl:849
resnet,1858,1858,+,2,2,2,1,0.7541641295594272,0.01114199288955231,0.21948105517471667,0.1886822101314058,0.36653118631425685,0.8695199027095328,class=972:n09246464.pkl:1;n09246464.pkl:3;n09246464.pkl:14|class=976:n09399592.pkl:91;n09399592.pkl:128;n09399592.pkl:135
resnet,1859,1859,+,7,5,1,1,0.06346449138254909,0.06832839902693441,0.013943005465596526,0.02799955333706194,0.34754023307466064,0.7189485154623135,class=332:n02328150.pkl:12;n02328150.pkl:28;n02328150.pkl:41|class=257:n02111500.pkl:488;n02111500.pkl:621;n02111500.pkl:622|class=283:n02123394.pkl:124;n02123394.pkl:370;n02123394.pkl:664
resnet,1860,1860,+,4,4,3,2,0.5757262019932355,0.3019978747622666,0.09689197123849044,0.1106943161362772,0.5522698607809348,0.576298493457311,class=698:n03877845.pkl:0;n03877845.pkl:5;n03877845.pkl:6|class=442:n02825657.pkl:15;n02825657.pkl:36;n02825657.pkl:111|class=312:n02229544.pkl:8;n02229544.pkl:24;n02229544.pkl:109
resnet,1861,1861,+,3,2,2,1,0.4250169313596255,0.3205725666519189,0.17769776832190473,0.2227001931335074,0.2553152765010594,0.8568807070994205,class=942:n07717556.pkl:4;n07717556.pkl:5;n07717556.pkl:6|class=941:n07717410.pkl:1;n07717410.pkl:40;n07717410.pkl:69|class=659:n03775546.pkl:1123
resnet,1862,1862,+,7,7,3,2,0.22447141846193136,0.2560131088711184,0.06321482146860688,0.09641605227466007,0.45970836240469476,0.47518199440509756,class=709:n03908618.pkl:0;n03908618.pkl:8;n03908618.pkl:9|class=418:n02783161.pkl:0;n02783161.pkl:4;n02783161.pkl:10|class=767:n04116512.pkl:40;n04116512.pkl:94;n04116512.pkl:99
resnet,1863,1863,+,5,5,3,1,0.5009221735969868,0.28372445836131194,0.14898335573095284,0.26400005706974916,0.23597288670270897,0.8280041776675312,class=665:n03785016.pkl:2;n03785016.pkl:4;n03785016.pkl:5|class=535:n03208938.pkl:13;n03208938.pkl:112;n03208938.pkl:125|class=670:n03791053.pkl:153;n03791053.pkl:200;n03791053.pkl:217
resnet,1864,1864,+,5,4,1,1,0.31016124777240806,0.3604268099673815,0.1826298015877453,0.3594403040614731,0.048616767132051354,0.9747119356793589,class=751:n04037443.pkl:0;n04037443.pkl:1;n04037443.pkl:4|class=479:n02974003.pkl:60;n02974003.pkl:248;n02974003.pkl:349|class=654:n03769881.pkl:1111
resnet,1865,1865,+,3,2,1,1,0.3299021051017005,0.4327154603794755,0.2806871585743716,0.3934237225684148,0.035469248769651615,0.9882028027632686,class=172:n02091134.pkl:0;n02091134.pkl:1;n02091134.pkl:4|class=242:n02108089.pkl:205;n02108089.pkl:206;n02108089.pkl:511|class=245:n02108915.pkl:60
resnet,1866,1866,+,1,1,1,1,1.0,0.0,1.0,0.0,0.0,1.0,class=79:n01784675.pkl:0;n01784675.pkl:1;n01784675.pkl:2
resnet,1867,1867,+,3,3,1,0,0.17537342701998473,0.22181814511944667,0.00644384321415076,0.007490518619107692,0.4036266387333135,0.7837480696810982,class=380:n02493509.pkl:1;n02493509.pkl:130;n02493509.pkl:174|class=638:n03710637.pkl:1091|class=202:n02098105.pkl:1047
resnet,1868,1868,+,4,3,2,2,0.30829209335449365,0.32497404064835583,0.140562583907038,0.1928834570694705,0.36802610471856506,0.720750193609157,class=556:n03347037.pkl:1;n03347037.pkl:3;n03347037.pkl:4|class=904:n04589890.pkl:12;n04589890.pkl:21;n04589890.pkl:28|class=446:n02840245.pkl:66;n02840245.pkl:167;n02840245.pkl:409
resnet,1869,1869,+,10,9,3,2,0.2528621325822273,0.26532523895414,0.016890301447039145,0.02324940461423799,0.640137509604018,0.28947367123035905,class=256:n02111277.pkl:12;n02111277.pkl:31;n02111277.pkl:39|class=782:n04152593.pkl:7;n04152593.pkl:16;n04152593.pkl:32|class=689:n03866082.pkl:49;n03866082.pkl:94;n03866082.pkl:110
resnet,1870,1870,+,8,5,2,1,0.1299495691187792,0.14494110968066018,0.020851006234126397,0.04153915955045732,0.3587486627871156,0.6211024678415689,class=743:n04005630.pkl:8;n04005630.pkl:9;n04005630.pkl:12|class=624:n03661043.pkl:19;n03661043.pkl:46;n03661043.pkl:123|class=884:n04523525.pkl:169;n04523525.pkl:1014;n04523525.pkl:1131
resnet,1871,1871,+,2,2,2,2,0.9672262889353865,0.0200213199912872,0.41570435178645687,0.28992795427092893,0.6130369172395957,0.7432097855696784,class=345:n02403003.pkl:0;n02403003.pkl:1;n02403003.pkl:2|class=347:n02410509.pkl:0;n02410509.pkl:5;n02410509.pkl:22
resnet,1872,1872,+,2,2,2,1,0.5428796223446105,0.45712037765538943,0.507081038552321,0.492918961447679,0.10605457908525993,0.9724613772561406,class=102:n01872401.pkl:0;n01872401.pkl:1;n01872401.pkl:2|class=334:n02346627.pkl:6;n02346627.pkl:69;n02346627.pkl:73
resnet,1873,1873,+,2,1,0,0,0.006804869236699639,0.00522882510746402,0.0019913914990341754,0.0004153473697985565,0.9683883405960919,0.5217510204081631,class=82:n01797886.pkl:117;n01797886.pkl:1115|class=136:n02017213.pkl:386;n02017213.pkl:1072
resnet,1874,1874,+,5,4,2,1,0.30766629186819194,0.2720094102992641,0.13109429505791956,0.24500301550483347,0.15296847698403224,0.8985625027777214,class=516:n03125729.pkl:2;n03125729.pkl:4;n03125729.pkl:6|class=729:n03961711.pkl:166;n03961711.pkl:238;n03961711.pkl:266|class=790:n04204238.pkl:173;n04204238.pkl:309;n04204238.pkl:401
resnet,1875,1875,+,2,2,1,1,0.5315471045808124,0.46845289541918755,0.5004321521175453,0.4995678478824546,0.010034103172855522,0.9982743757475967,class=131:n02009229.pkl:0;n02009229.pkl:1;n02009229.pkl:2|class=58:n01737021.pkl:389
resnet,1876,1876,+,4,2,2,2,0.4689805124540474,0.46683938271742437,0.30784779813755975,0.30609169633483124,0.5140373463154005,0.49715591110691393,class=771:n04125021.pkl:1;n04125021.pkl:2;n04125021.pkl:3|class=507:n03075370.pkl:1;n03075370.pkl:2;n03075370.pkl:7|class=912:n04604644.pkl:568;n04604644.pkl:650;n04604644.pkl:1158
resnet,1877,1877,+,4,4,1,1,0.2855564395519143,0.39211756203647474,0.23196482434936183,0.39974442845396474,0.020760386647049225,0.9924386670531701,class=592:n03492542.pkl:0;n03492542.pkl:1;n03492542.pkl:2|class=485:n02988304.pkl:27;n02988304.pkl:729|class=783:n04153751.pkl:435
resnet,1878,1878,+,12,8,4,2,0.15295057905578488,0.18247176783410515,0.015761560140718892,0.022656112054287008,0.6438522655797215,0.25551666819938224,class=657:n03773504.pkl:13;n03773504.pkl:39;n03773504.pkl:46|class=497:n03028079.pkl:17;n03028079.pkl:31;n03028079.pkl:37|class=744:n04008634.pkl:9;n04008634.pkl:95;n04008634.pkl:120
resnet,1879,1879,+,1,1,1,1,0.5416012558869702,0.0,0.4379905808477237,0.0,0.0,1.0,class=611:n03598930.pkl:1;n03598930.pkl:3;n03598930.pkl:4
resnet,1880,1880,+,4,4,2,1,0.4757297454898404,0.39718992575809736,0.22116871840958593,0.35363617943830067,0.17777136427740808,0.8891546985367003,class=967:n07920052.pkl:0;n07920052.pkl:1;n07920052.pkl:2|class=550:n03297495.pkl:16;n03297495.pkl:29;n03297495.pkl:35|class=504:n03063599.pkl:159;n03063599.pkl:510;n03063599.pkl:664
resnet,1881,1881,+,7,6,2,2,0.2832806896248283,0.347696766137529,0.04853847119191126,0.0921792373769224,0.3193245625531785,0.6580810359860717,class=286:n02125311.pkl:2;n02125311.pkl:9;n02125311.pkl:10|class=287:n02127052.pkl:22;n02127052.pkl:52;n02127052.pkl:76|class=104:n01877812.pkl:84;n01877812.pkl:519;n01877812.pkl:1114
resnet,1882,1882,+,5,2,1,1,0.07966794422617676,0.14999259506924398,0.04658962117921449,0.09022470594135333,0.09428467148173043,0.9500713681643033,class=696:n03876231.pkl:13;n03876231.pkl:27;n03876231.pkl:28|class=876:n04493381.pkl:123;n04493381.pkl:640|class=896:n04553703.pkl:417;n04553703.pkl:687
resnet,1883,1883,+,4,3,2,1,0.1999918595172528,0.23051242800249278,0.09196083374889928,0.14749134731750044,0.18073017207814598,0.893083392648027,class=634:n03697007.pkl:0;n03697007.pkl:7;n03697007.pkl:10|class=491:n03000684.pkl:4;n03000684.pkl:102;n03000684.pkl:173|class=996:n13052670.pkl:61;n13052670.pkl:129;n13052670.pkl:626
resnet,1884,1884,+,1,1,1,1,1.0,0.0,1.0,0.0,0.0,1.0,class=87:n01817953.pkl:0;n01817953.pkl:1;n01817953.pkl:2
resnet,1885,1885,+,6,4,1,1,0.07544353815781572,0.08661938012488787,0.01860357066232308,0.03420531803246095,0.34458986597839014,0.7301011182478058,class=972:n09246464.pkl:19;n09246464.pkl:76;n09246464.pkl:78|class=979:n09468604.pkl:101;n09468604.pkl:162;n09468604.pkl:222|class=46:n01693334.pkl:277;n01693334.pkl:712;n01693334.pkl:814
resnet,1886,1886,+,2,2,2,1,0.4297968522389005,0.4057294635505732,0.40919805719171576,0.3983677322819685,0.10153818566458855,0.973883060880993,class=429:n02799071.pkl:0;n02799071.pkl:1;n02799071.pkl:2|class=82:n01797886.pkl:66;n01797886.pkl:117;n01797886.pkl:175
resnet,1887,1887,+,11,7,4,2,0.20360183762123366,0.3104491320609704,0.02447243232169013,0.045799964674277036,0.5048854082851193,0.4093166200482316,class=357:n02442845.pkl:4;n02442845.pkl:10;n02442845.pkl:25|class=743:n04005630.pkl:12;n04005630.pkl:65;n04005630.pkl:69|class=358:n02443114.pkl:70;n02443114.pkl:93;n02443114.pkl:210
resnet,1888,1888,+,1,1,1,1,1.0,0.0,1.0,0.0,0.0,1.0,class=76:n01774750.pkl:0;n01774750.pkl:1;n01774750.pkl:2
resnet,1889,1889,+,8,4,2,0,0.051237786852803856,0.06614254908177955,0.0092854088575017,0.012395002717675348,0.6414561350450284,0.34774153218083614,class=999:n15075141.pkl:6;n15075141.pkl:114;n15075141.pkl:231|class=726:n03954731.pkl:19;n03954731.pkl:93;n03954731.pkl:133|class=744:n04008634.pkl:403;n04008634.pkl:887;n04008634.pkl:1204
resnet,1890,1890,+,4,3,1,0,0.5822858726288411,0.3539860807288128,0.007883108124752776,0.009533522429890499,0.5212309195777854,0.6156384230897557,class=82:n01797886.pkl:66;n01797886.pkl:117;n01797886.pkl:175|class=371:n02486261.pkl:226;n02486261.pkl:322;n02486261.pkl:770|class=479:n02974003.pkl:442
resnet,1891,1891,+,11,10,7,3,0.3016006179791143,0.2804638375587566,0.07254400659700952,0.13784122984735292,0.5468444596560211,0.4191271837364384,class=582:n03461385.pkl:8;n03461385.pkl:9;n03461385.pkl:10|class=415:n02776631.pkl:13;n02776631.pkl:23;n02776631.pkl:32|class=454:n02871525.pkl:0;n02871525.pkl:3;n02871525.pkl:4
resnet,1892,1892,+,6,2,1,0,0.08276451085884669,0.1702713339585752,0.0041498333220614525,0.0067100551338410246,0.5017440756988278,0.6024188979017309,class=345:n02403003.pkl:97;n02403003.pkl:147;n02403003.pkl:256|class=386:n02504458.pkl:971;n02504458.pkl:1290|class=89:n01819313.pkl:872;n01819313.pkl:1229
resnet,1893,1893,+,17,12,6,4,0.17151143988253525,0.2575581796754416,0.037212162765751094,0.06869744005441744,0.5849167004744696,0.25929951738267315,class=546:n03272010.pkl:1;n03272010.pkl:4;n03272010.pkl:18|class=402:n02676566.pkl:1;n02676566.pkl:2;n02676566.pkl:8|class=819:n04296562.pkl:6;n04296562.pkl:7;n04296562.pkl:18
resnet,1894,1894,+,3,3,1,1,0.37675540483215236,0.4317046190845647,0.32551115868457464,0.45474488287834847,0.047976739140008946,0.9838862447842153,class=449:n02859443.pkl:1;n02859443.pkl:2;n02859443.pkl:3|class=716:n03930313.pkl:73;n03930313.pkl:596;n03930313.pkl:614|class=497:n03028079.pkl:207;n03028079.pkl:216;n03028079.pkl:288
resnet,1895,1895,+,5,2,1,0,0.09430644517295618,0.11253635698678321,0.006952561905360151,0.009042354527120263,0.5484873319927808,0.5383010360671191,class=418:n02783161.pkl:56;n02783161.pkl:143;n02783161.pkl:152|class=622:n03657121.pkl:93;n03657121.pkl:154;n03657121.pkl:468|class=836:n04355933.pkl:253
resnet,1896,1896,+,12,8,3,2,0.06611535315824638,0.09386567653688636,0.02156517285438782,0.0436542691688877,0.48385154057222196,0.42481414947954477,class=253:n02110806.pkl:7;n02110806.pkl:17;n02110806.pkl:25|class=240:n02107908.pkl:3;n02107908.pkl:46;n02107908.pkl:136|class=200:n02097474.pkl:263;n02097474.pkl:289;n02097474.pkl:394
resnet,1897,1897,+,23,9,2,0,0.02866714326922562,0.050694744298991644,0.0037150614270802878,0.0069438679779957645,0.7151978338385265,0.1953731202365154,class=342:n02396427.pkl:5;n02396427.pkl:29;n02396427.pkl:31|class=165:n02089078.pkl:362;n02089078.pkl:400;n02089078.pkl:436|class=671:n03792782.pkl:141;n03792782.pkl:174;n03792782.pkl:199
resnet,1898,1898,+,9,4,0,0,0.03366026588314705,0.06459269053526806,0.001386556324552183,0.0006269693642958704,0.9558827452892756,0.13382937286053703,class=579:n03452741.pkl:250;n03452741.pkl:552;n03452741.pkl:620|class=657:n03773504.pkl:68;n03773504.pkl:292|class=345:n02403003.pkl:588;n02403003.pkl:854
resnet,1899,1899,+,4,3,1,1,0.08233196550967743,0.07811427640304174,0.024435897103867177,0.0396721900697689,0.1676775375101828,0.9089550418506133,class=417:n02782093.pkl:13;n02782093.pkl:29;n02782093.pkl:30|class=435:n02808440.pkl:318;n02808440.pkl:970;n02808440.pkl:998|class=641:n03720891.pkl:424
resnet,1900,1900,+,1,1,1,1,1.0,0.0,1.0,0.0,0.0,1.0,class=749:n04033901.pkl:0;n04033901.pkl:1;n04033901.pkl:2
resnet,1901,1901,+,13,7,1,0,0.03937663769697882,0.05500074965280239,0.00384571218149375,0.005340754891416228,0.7574217439118963,0.225280194109506,class=519:n03127925.pkl:35;n03127925.pkl:117;n03127925.pkl:119|class=912:n04604644.pkl:91;n04604644.pkl:248;n04604644.pkl:574|class=345:n02403003.pkl:97;n02403003.pkl:231;n02403003.pkl:739
resnet,1902,1902,+,1,1,1,1,0.9930124223602484,0.0,0.9588509316770186,0.0,0.0,1.0,class=88:n01818515.pkl:0;n01818515.pkl:1;n01818515.pkl:2
resnet,1903,1903,+,6,6,1,1,0.16588470151854076,0.13482110984195045,0.015445234629477389,0.026161088143187756,0.43253874538360737,0.6448245689691884,class=717:n03930630.pkl:4;n03930630.pkl:12;n03930630.pkl:18|class=864:n04461696.pkl:320;n04461696.pkl:432;n04461696.pkl:611|class=575:n03445924.pkl:23;n03445924.pkl:29;n03445924.pkl:353
resnet,1904,1904,+,1,1,1,1,0.9992229992229992,0.0,0.9992229992229992,0.0,0.0,1.0,class=95:n01843065.pkl:0;n01843065.pkl:1;n01843065.pkl:2
resnet,1905,1905,+,2,2,1,1,0.5303199259090274,0.36136118327641453,0.3869729615619031,0.38599064329078325,0.014042301422748158,0.997464754447762,class=696:n03876231.pkl:2;n03876231.pkl:3;n03876231.pkl:4|class=551:n03314780.pkl:225
resnet,1906,1906,+,4,4,1,1,0.6125754391428612,0.283836335067965,0.2163733142202152,0.3661712072396374,0.07422276431675623,0.9659801761887533,class=13:n01534433.pkl:0;n01534433.pkl:1;n01534433.pkl:2|class=248:n02109961.pkl:101;n02109961.pkl:565;n02109961.pkl:1089|class=19:n01592084.pkl:468;n01592084.pkl:600;n01592084.pkl:726
resnet,1907,1907,+,2,2,1,1,0.5372835497835498,0.4610930735930736,0.47985080395794677,0.47712971552257266,0.028078189108325727,0.994345381566095,class=937:n07714990.pkl:0;n07714990.pkl:1;n07714990.pkl:2|class=46:n01693334.pkl:294;n01693334.pkl:900
resnet,1908,1908,+,14,4,0,0,0.010387299749740047,0.011291205040224555,0.0023312640492262142,0.0022769674363665154,0.8736226510417732,0.13956865640794897,class=673:n03793489.pkl:64;n03793489.pkl:165;n03793489.pkl:599|class=740:n03995372.pkl:186;n03995372.pkl:805;n03995372.pkl:884|class=851:n04404412.pkl:55;n04404412.pkl:417;n04404412.pkl:824
resnet,1909,1909,+,2,1,1,1,0.5009718172983479,0.49902818270165206,0.500485908649174,0.49951409135082603,0.011116915629904519,0.9980601376190026,class=363:n02454379.pkl:0;n02454379.pkl:1;n02454379.pkl:2|class=998:n13133613.pkl:9
resnet,1910,1910,+,1,1,1,1,0.9453189726594863,0.0,0.6246893123446562,0.0,0.0,1.0,class=452:n02869837.pkl:0;n02869837.pkl:1;n02869837.pkl:4
resnet,1911,1911,+,9,5,3,2,0.11670953919640262,0.18156290656732066,0.0279005437963199,0.047868264566968716,0.4929814397269056,0.43817117706804126,class=544:n03259280.pkl:15;n03259280.pkl:23;n03259280.pkl:59|class=469:n02939185.pkl:12;n02939185.pkl:28;n02939185.pkl:37|class=567:n03400231.pkl:52;n03400231.pkl:89;n03400231.pkl:297
resnet,1912,1912,+,7,4,3,1,0.17726923973453165,0.29982545919142845,0.04569882070368618,0.0942211909959236,0.27973195979281607,0.7501373875788769,class=440:n02823428.pkl:1;n02823428.pkl:2;n02823428.pkl:3|class=441:n02823750.pkl:94;n02823750.pkl:126;n02823750.pkl:144|class=746:n04019541.pkl:21;n04019541.pkl:35;n04019541.pkl:81
resnet,1913,1913,+,9,7,1,0,0.06988193837277179,0.06612492680871111,0.0037852385068349436,0.005893588076678513,0.6741230531550123,0.3804695262476003,class=754:n04041544.pkl:115;n04041544.pkl:311;n04041544.pkl:376|class=494:n03017168.pkl:227;n03017168.pkl:842;n03017168.pkl:936|class=836:n04355933.pkl:399;n04355933.pkl:468
resnet,1914,1914,+,14,13,5,1,0.18277144418126154,0.23541929611717752,0.05557301985242519,0.16301446050151178,0.3046953876693251,0.686033773929679,class=217:n02102040.pkl:0;n02102040.pkl:3;n02102040.pkl:4|class=214:n02101006.pkl:10;n02101006.pkl:31;n02101006.pkl:99|class=218:n02102177.pkl:22;n02102177.pkl:33;n02102177.pkl:46
resnet,1915,1915,+,7,6,3,2,0.2700331780420943,0.3066510092780097,0.15097861456469114,0.3021839236634368,0.2788114742876799,0.7151440369039712,class=207:n02099601.pkl:0;n02099601.pkl:1;n02099601.pkl:3|class=208:n02099712.pkl:12;n02099712.pkl:21;n02099712.pkl:22|class=632:n03691459.pkl:517;n03691459.pkl:735;n03691459.pkl:886
resnet,1916,1916,+,2,2,2,2,0.8998592938142376,0.09390184700572685,0.6296302195926726,0.23133234725224713,0.9003068898522255,0.5674950005235241,class=98:n01855032.pkl:1;n01855032.pkl:3;n01855032.pkl:5|class=335:n02356798.pkl:0;n02356798.pkl:2;n02356798.pkl:3
resnet,1917,1917,+,15,12,5,3,0.23092023051901303,0.24780404588955157,0.03935756452013203,0.08413481702621653,0.5014574180571147,0.37131851541896516,class=782:n04152593.pkl:1;n04152593.pkl:7;n04152593.pkl:18|class=526:n03179701.pkl:2;n03179701.pkl:5;n03179701.pkl:23|class=527:n03180011.pkl:1;n03180011.pkl:6;n03180011.pkl:10
resnet,1918,1918,+,6,6,3,1,0.2236345607344242,0.2222442849964492,0.029844670370619063,0.031194401056684883,0.7410450618400797,0.3487492806110476,class=23:n01616318.pkl:38;n01616318.pkl:46;n01616318.pkl:69|class=127:n02002556.pkl:9;n02002556.pkl:34;n02002556.pkl:55|class=21:n01608432.pkl:86;n01608432.pkl:112;n01608432.pkl:145
resnet,1919,1919,+,8,5,1,1,0.09085333337697704,0.13048608632566838,0.03675019902106337,0.08532561320333995,0.2475883961400496,0.7988286282504019,class=489:n03000134.pkl:0;n03000134.pkl:2;n03000134.pkl:3|class=752:n04039381.pkl:143;n04039381.pkl:377;n04039381.pkl:424|class=282:n02123159.pkl:69;n02123159.pkl:393;n02123159.pkl:423
resnet,1920,1920,+,3,1,1,1,0.10993984052296935,0.1502890239918037,0.04674518493700941,0.06474344796212814,0.07469340507230661,0.9727686651227723,class=955:n07754684.pkl:1;n07754684.pkl:3;n07754684.pkl:11|class=987:n12144580.pkl:883|class=402:n02676566.pkl:725
resnet,1921,1921,+,13,12,1,0,0.1470291071275692,0.1459430552235347,0.00588110461583999,0.009700148692984535,0.7063645038389228,0.28618760629829826,class=912:n04604644.pkl:2;n04604644.pkl:4;n04604644.pkl:31|class=707:n03902125.pkl:353;n03902125.pkl:843;n03902125.pkl:939|class=412:n02747177.pkl:41;n02747177.pkl:481;n02747177.pkl:687
resnet,1922,1922,+,1,1,1,1,0.9967585089141004,0.0,0.9667747163695299,0.0,0.0,1.0,class=805:n04254680.pkl:0;n04254680.pkl:1;n04254680.pkl:2
resnet,1923,1923,+,2,2,1,1,0.5467070663746987,0.4517230749125855,0.5017730021160423,0.49430235110216814,0.06332803392502305,0.9852223265072859,class=803:n04252225.pkl:0;n04252225.pkl:1;n04252225.pkl:2|class=657:n03773504.pkl:420;n03773504.pkl:435;n03773504.pkl:570
resnet,1924,1924,+,4,4,4,3,0.8076853775000089,0.23626088697019298,0.535988124204982,0.4234339469166671,0.7161030553899835,0.40602745318697914,class=379:n02492660.pkl:0;n02492660.pkl:1;n02492660.pkl:2|class=378:n02492035.pkl:0;n02492035.pkl:1;n02492035.pkl:2|class=381:n02493793.pkl:1;n02493793.pkl:3;n02493793.pkl:4
resnet,1925,1925,+,3,3,3,3,0.921985959756253,0.08566149552884356,0.6833635457537497,0.2547541071348787,0.9348357963172487,0.379658556386561,class=302:n02167151.pkl:0;n02167151.pkl:1;n02167151.pkl:2|class=304:n02169497.pkl:0;n02169497.pkl:2;n02169497.pkl:4|class=300:n02165105.pkl:4;n02165105.pkl:14;n02165105.pkl:15
resnet,1926,1926,+,15,6,2,0,0.03974675409992096,0.053554505461357094,0.004958735476120553,0.008121888859268369,0.6809778348023776,0.24551337136562199,class=782:n04152593.pkl:161;n04152593.pkl:225;n04152593.pkl:298|class=764:n04090263.pkl:178;n04090263.pkl:189;n04090263.pkl:194|class=413:n02749479.pkl:473;n02749479.pkl:652;n02749479.pkl:689
resnet,1927,1927,+,7,5,4,3,0.24345812139754214,0.24847255105348193,0.1057243283542728,0.14995678070417454,0.5335421113918021,0.4302555170426033,class=435:n02808440.pkl:1;n02808440.pkl:6;n02808440.pkl:7|class=876:n04493381.pkl:23;n04493381.pkl:36;n04493381.pkl:61|class=896:n04553703.pkl:4;n04553703.pkl:6;n04553703.pkl:19
resnet,1928,1928,+,14,14,6,2,0.335177772183966,0.3024911715961252,0.07413317495868814,0.16721069162758992,0.4229296758543538,0.43482014289378973,class=194:n02096437.pkl:0;n02096437.pkl:2;n02096437.pkl:4|class=159:n02087394.pkl:5;n02087394.pkl:9;n02087394.pkl:10|class=203:n02098286.pkl:14;n02098286.pkl:58;n02098286.pkl:211
resnet,1929,1929,+,2,2,1,1,0.4763041664942515,0.3677250780224017,0.25938283354712816,0.254020903252222,0.08301206203837137,0.9795417852529364,class=850:n04399382.pkl:2;n04399382.pkl:4;n04399382.pkl:5|class=689:n03866082.pkl:35;n03866082.pkl:194;n03866082.pkl:449
resnet,1930,1930,+,3,3,2,2,0.4806975919140588,0.40533446741400336,0.3570473638379054,0.4554631852981903,0.23000115519432168,0.8757507694594309,class=791:n04204347.pkl:0;n04204347.pkl:1;n04204347.pkl:2|class=790:n04204238.pkl:5;n04204238.pkl:68;n04204238.pkl:115|class=665:n03785016.pkl:273;n03785016.pkl:282
resnet,1931,1931,+,3,3,1,1,0.3379902645057971,0.4607722015031887,0.30289079817731845,0.42403056503277253,0.039493163028151396,0.9866156627415495,class=814:n04273569.pkl:0;n04273569.pkl:1;n04273569.pkl:2|class=446:n02840245.pkl:465;n02840245.pkl:580;n02840245.pkl:647|class=479:n02974003.pkl:567
resnet,1932,1932,+,10,8,2,1,0.19335317477609895,0.18071086998036806,0.018529134706902047,0.043461457695091014,0.3715036866693723,0.6501717663940965,class=485:n02988304.pkl:5;n02988304.pkl:9;n02988304.pkl:15|class=681:n03832673.pkl:10;n03832673.pkl:20;n03832673.pkl:477|class=782:n04152593.pkl:461;n04152593.pkl:612;n04152593.pkl:761
resnet,1933,1933,+,2,2,1,1,0.5225619874726541,0.473758159721458,0.4600185753335417,0.45810469973545553,0.02153074007226189,0.9958482234703259,class=705:n03895866.pkl:0;n03895866.pkl:4;n03895866.pkl:5|class=799:n04239074.pkl:338;n04239074.pkl:1004
resnet,1934,1934,+,4,3,1,1,0.2248082912721696,0.25944718294824065,0.11072718719106552,0.18640752123454957,0.08457950939649872,0.958530151280289,class=851:n04404412.pkl:1;n04404412.pkl:2;n04404412.pkl:5|class=782:n04152593.pkl:300;n04152593.pkl:463;n04152593.pkl:738|class=899:n04560804.pkl:315
resnet,1935,1935,+,14,13,4,0,0.12736473036067006,0.18102735103369463,0.01009812386058189,0.01247784986725377,0.7577280762503856,0.1804897256255374,class=432:n02804610.pkl:14;n02804610.pkl:130;n02804610.pkl:134|class=683:n03838899.pkl:111;n03838899.pkl:128;n03838899.pkl:288|class=566:n03394916.pkl:55;n03394916.pkl:252;n03394916.pkl:259
resnet,1936,1936,+,3,3,1,1,0.3047182836267202,0.267061527780627,0.08987303464179382,0.12193213160719733,0.1266365204288422,0.9468922402654144,class=606:n03584829.pkl:3;n03584829.pkl:4;n03584829.pkl:12|class=782:n04152593.pkl:670;n04152593.pkl:738;n04152593.pkl:1003|class=535:n03208938.pkl:236;n03208938.pkl:959
resnet,1937,1937,+,2,2,2,1,0.8943351737526251,0.07179522421519874,0.49772932661733404,0.4523130103852062,0.26750665264247026,0.9129159922293739,class=647:n03733805.pkl:0;n03733805.pkl:1;n03733805.pkl:2|class=438:n02815834.pkl:1;n02815834.pkl:4;n02815834.pkl:46
resnet,1938,1938,+,3,2,1,0,0.2850606293034555,0.22613100155443308,0.008364716948471988,0.008492286417008813,0.5322006797295106,0.6769114638693761,class=15:n01558993.pkl:3;n01558993.pkl:12;n01558993.pkl:55|class=262:n02112706.pkl:399;n02112706.pkl:406;n02112706.pkl:416|class=912:n04604644.pkl:248
resnet,1939,1939,+,2,2,2,1,0.6101812737472356,0.3787830726025096,0.34133723052917553,0.32334867779000953,0.17574382658020826,0.9486884210634223,class=660:n03776460.pkl:1;n03776460.pkl:2;n03776460.pkl:3|class=757:n04065272.pkl:2;n04065272.pkl:11;n04065272.pkl:125
resnet,1940,1940,+,9,3,0,0,0.031080416342946622,0.05130207468593002,0.0012391819054552785,0.0007463037782132895,0.9329150576905048,0.15141237299347168,class=141:n02028035.pkl:562;n02028035.pkl:645;n02028035.pkl:762|class=127:n02002556.pkl:778;n02002556.pkl:794|class=139:n02025239.pkl:289;n02025239.pkl:334
resnet,1941,1941,+,5,4,2,2,0.47582102082072086,0.44457386412574174,0.30725681566590524,0.38854085573735797,0.4275485248840132,0.5198161049729727,class=373:n02487347.pkl:0;n02487347.pkl:1;n02487347.pkl:2|class=378:n02492035.pkl:1;n02492035.pkl:6;n02492035.pkl:7|class=371:n02486261.pkl:625;n02486261.pkl:1160
resnet,1942,1942,+,4,4,1,1,0.23393318251771938,0.14681196699132507,0.06765481075232166,0.11370137461303358,0.09254929468657716,0.9561127801190602,class=584:n03476684.pkl:1;n03476684.pkl:10;n03476684.pkl:11|class=836:n04355933.pkl:43;n04355933.pkl:680;n04355933.pkl:1200|class=473:n02951585.pkl:477;n02951585.pkl:1128
resnet,1943,1943,+,3,3,2,2,0.7264780191617461,0.3593977758528819,0.5136634435847034,0.40347422050626586,0.6053159168541692,0.538994838461683,class=139:n02025239.pkl:0;n02025239.pkl:1;n02025239.pkl:2|class=548:n03290653.pkl:0;n03290653.pkl:1;n03290653.pkl:2|class=734:n03977966.pkl:0;n03977966.pkl:151;n03977966.pkl:200
resnet,1944,1944,+,7,6,5,3,0.43644566566847764,0.3887827082977718,0.19560205706523304,0.26379669329673194,0.5355534650927907,0.4026898505785978,class=194:n02096437.pkl:2;n02096437.pkl:3;n02096437.pkl:4|class=216:n02101556.pkl:0;n02101556.pkl:1;n02101556.pkl:2|class=266:n02113712.pkl:13;n02113712.pkl:20;n02113712.pkl:30
resnet,1945,1945,+,25,11,2,0,0.02434765793260856,0.031239373584635185,0.002860173494967444,0.003330871655929926,0.8533137042856709,0.09424891214171947,class=876:n04493381.pkl:101;n04493381.pkl:340;n04493381.pkl:355|class=836:n04355933.pkl:2;n04355933.pkl:77;n04355933.pkl:681|class=409:n02708093.pkl:15;n02708093.pkl:315;n02708093.pkl:682
resnet,1946,1946,+,8,5,0,0,0.0423243925748575,0.05483387526515527,0.0012712170262335438,0.000651891601050761,0.9478919720113455,0.15787164077331062,class=782:n04152593.pkl:511;n04152593.pkl:1029|class=457:n02883205.pkl:111;n02883205.pkl:810|class=972:n09246464.pkl:555
resnet,1947,1947,+,2,2,1,1,0.5187296416938111,0.4812703583061889,0.5004071661237784,0.4995928338762215,0.009524310124830921,0.9983739848163551,class=719:n03935335.pkl:0;n03935335.pkl:1;n03935335.pkl:2|class=773:n04131690.pkl:748
resnet,1948,1948,+,5,5,2,2,0.390748703459653,0.316831999884947,0.07855599476145493,0.09508876224600707,0.4599253517732128,0.49304189848340585,class=507:n03075370.pkl:4;n03075370.pkl:6;n03075370.pkl:28|class=695:n03874599.pkl:10;n03874599.pkl:12;n03874599.pkl:28|class=662:n03777754.pkl:436
resnet,1949,1949,+,1,1,1,1,0.9801429706115965,0.0,0.8427323272438443,0.0,0.0,1.0,class=953:n07753275.pkl:2;n07753275.pkl:3;n07753275.pkl:6
resnet,1950,1950,+,3,2,2,2,0.38155571030658847,0.2721386125320712,0.22136865049400936,0.24090296260774477,0.41022958753743416,0.728091198924965,class=804:n04254120.pkl:1;n04254120.pkl:4;n04254120.pkl:7|class=631:n03690938.pkl:1;n03690938.pkl:7;n03690938.pkl:13|class=427:n02795169.pkl:791
resnet,1951,1951,+,8,7,3,3,0.2579804949384219,0.32019948482373173,0.028112162297678725,0.035795760169901304,0.6289302380511622,0.3276677702732484,class=198:n02097209.pkl:13;n02097209.pkl:18;n02097209.pkl:51|class=197:n02097130.pkl:10;n02097130.pkl:17;n02097130.pkl:73|class=633:n03692522.pkl:10;n03692522.pkl:29;n03692522.pkl:38
resnet,1952,1952,+,9,4,2,1,0.09601029506122777,0.14872605046666829,0.03470033933369884,0.08541440421910602,0.22210699538148237,0.7843237780716308,class=652:n03763968.pkl:0;n03763968.pkl:3;n03763968.pkl:5|class=439:n02817516.pkl:44;n02817516.pkl:60;n02817516.pkl:62|class=764:n04090263.pkl:218;n04090263.pkl:604;n04090263.pkl:840
resnet,1953,1953,+,3,1,0,0,0.07856957322542289,0.10991553689010308,0.002832611774175738,0.0028075893434720074,0.5803617569943034,0.6608035475338891,class=46:n01693334.pkl:864;n01693334.pkl:866;n01693334.pkl:881|class=319:n02268443.pkl:643|class=320:n02268853.pkl:1280
resnet,1954,1954,+,12,6,2,0,0.06391114079342805,0.08435218961468256,0.00371706941204415,0.004512389027903131,0.7716569069461015,0.2061424141372891,class=999:n15075141.pkl:65;n15075141.pkl:291;n15075141.pkl:342|class=784:n04154565.pkl:242;n04154565.pkl:332;n04154565.pkl:507|class=845:n04376876.pkl:370;n04376876.pkl:747;n04376876.pkl:802
resnet,1955,1955,+,2,1,1,1,0.4542326708056885,0.45339444783837923,0.3669445352124682,0.36610631224515894,0.012810397605670688,0.9977182775667919,class=519:n03127925.pkl:0;n03127925.pkl:1;n03127925.pkl:2|class=61:n01742172.pkl:1000
resnet,1956,1956,+,8,6,2,2,0.19513486613051761,0.2635576800325191,0.055000908325520306,0.09981444849801586,0.3616867539014706,0.5366774818819187,class=567:n03400231.pkl:4;n03400231.pkl:13;n03400231.pkl:14|class=961:n07860988.pkl:0;n07860988.pkl:14;n07860988.pkl:26|class=659:n03775546.pkl:362;n03775546.pkl:1110;n03775546.pkl:1244
resnet,1957,1957,+,6,6,5,3,0.5649020564383139,0.3457892246638065,0.23626326565181252,0.24233634238995572,0.6729530766516654,0.34201168914091046,class=266:n02113712.pkl:0;n02113712.pkl:7;n02113712.pkl:9|class=206:n02099429.pkl:1;n02099429.pkl:2;n02099429.pkl:3|class=267:n02113799.pkl:5;n02113799.pkl:7;n02113799.pkl:14
resnet,1958,1958,+,14,9,3,0,0.12114765484470169,0.1550679066455126,0.00569381406401852,0.008152952226672675,0.6942646572739716,0.21788053460617007,class=999:n15075141.pkl:25;n15075141.pkl:64;n15075141.pkl:130|class=46:n01693334.pkl:21;n01693334.pkl:57;n01693334.pkl:75|class=846:n04380533.pkl:29;n04380533.pkl:241;n04380533.pkl:268
resnet,1959,1959,+,3,3,1,1,0.4375141830448626,0.37499154386693434,0.2990372729966941,0.4181735570687951,0.044188977403935535,0.9851736707424302,class=224:n02105056.pkl:0;n02105056.pkl:2;n02105056.pkl:3|class=371:n02486261.pkl:226;n02486261.pkl:625;n02486261.pkl:830|class=266:n02113712.pkl:830;n02113712.pkl:1183
resnet,1960,1960,+,7,6,4,1,0.2816290369987032,0.3088437726090746,0.1282272707375424,0.27770645616474426,0.23262325416492297,0.8129162520465261,class=549:n03291819.pkl:0;n03291819.pkl:2;n03291819.pkl:3|class=446:n02840245.pkl:11;n02840245.pkl:32;n02840245.pkl:62|class=623:n03658185.pkl:17;n03658185.pkl:152;n03658185.pkl:166
resnet,1961,1961,+,10,8,2,0,0.1408936076199903,0.14744891492661288,0.007969924020834615,0.012062437655647358,0.6228260543649726,0.3290666165420142,class=987:n12144580.pkl:78;n12144580.pkl:80;n12144580.pkl:86|class=943:n07718472.pkl:5;n07718472.pkl:65;n07718472.pkl:110|class=924:n07583066.pkl:77;n07583066.pkl:277;n07583066.pkl:943
resnet,1962,1962,+,3,2,1,1,0.4040872878850583,0.42784455323961834,0.33367864205018943,0.4650111480702449,0.05255691860141983,0.9806974991711742,class=653:n03764736.pkl:0;n03764736.pkl:1;n03764736.pkl:2|class=899:n04560804.pkl:6;n04560804.pkl:220;n04560804.pkl:236|class=856:n04428191.pkl:300
resnet,1963,1963,+,1,1,1,1,0.8927038626609443,0.0,0.26952789699570817,0.0,0.0,1.0,class=491:n03000684.pkl:0;n03000684.pkl:3;n03000684.pkl:10
resnet,1964,1964,+,1,1,1,1,0.7304560260586319,0.0,0.495928338762215,0.0,0.0,1.0,class=773:n04131690.pkl:1;n04131690.pkl:2;n04131690.pkl:3
resnet,1965,1965,+,6,4,2,0,0.14721094014602457,0.19980046623924044,0.006876592039506603,0.008594095547728534,0.616169475280056,0.42698369917251994,class=795:n04228054.pkl:100;n04228054.pkl:171;n04228054.pkl:176|class=802:n04252077.pkl:87;n04252077.pkl:347;n04252077.pkl:483|class=248:n02109961.pkl:186;n02109961.pkl:1127
resnet,1966,1966,+,10,8,2,2,0.1750564015865646,0.22879295376183995,0.06861549399769792,0.15532671280572563,0.3148577388549163,0.6124457715137791,class=158:n02087046.pkl:0;n02087046.pkl:1;n02087046.pkl:2|class=505:n03063689.pkl:1;n03063689.pkl:5;n03063689.pkl:7|class=218:n02102177.pkl:168;n02102177.pkl:169;n02102177.pkl:241
resnet,1967,1967,+,6,3,3,1,0.17988156195377977,0.2591718984494201,0.05245450289838,0.09361538788474792,0.34347154138130087,0.697523828076021,class=921:n07248320.pkl:0;n07248320.pkl:2;n07248320.pkl:9|class=917:n06596364.pkl:5;n06596364.pkl:14;n06596364.pkl:62|class=764:n04090263.pkl:284;n04090263.pkl:532;n04090263.pkl:773
resnet,1968,1968,+,4,4,3,1,0.45112770675760794,0.2619347393429533,0.12181269455344125,0.17204955734162036,0.3690808932535929,0.7487260204774463,class=845:n04376876.pkl:0;n04376876.pkl:3;n04376876.pkl:4|class=585:n03476991.pkl:4;n03476991.pkl:52;n03476991.pkl:56|class=418:n02783161.pkl:143;n02783161.pkl:166;n02783161.pkl:336
resnet,1969,1969,+,3,3,3,2,0.49803310238009213,0.344472824416253,0.1660084057303309,0.17645367438497905,0.48276682225078454,0.7099330598390194,class=99:n01855672.pkl:0;n01855672.pkl:1;n01855672.pkl:5|class=97:n01847000.pkl:7;n01847000.pkl:8;n01847000.pkl:46|class=137:n02018207.pkl:31;n02018207.pkl:36;n02018207.pkl:181
resnet,1970,1970,+,6,5,4,4,0.5269032647475332,0.39335391424180655,0.2819000038606109,0.28635349339535,0.6563936002720031,0.3386409694335262,class=531:n03197337.pkl:0;n03197337.pkl:1;n03197337.pkl:3|class=826:n04328186.pkl:2;n04328186.pkl:4;n04328186.pkl:5|class=409:n02708093.pkl:12;n02708093.pkl:13;n02708093.pkl:14
resnet,1971,1971,+,12,7,1,0,0.08216242057501809,0.09277680924554128,0.0030623719028426443,0.0033294178940820782,0.8132652853299225,0.18183407706731816,class=610:n03595614.pkl:112;n03595614.pkl:216;n03595614.pkl:261|class=411:n02730930.pkl:159;n02730930.pkl:398;n02730930.pkl:648|class=678:n03814639.pkl:17;n03814639.pkl:24;n03814639.pkl:261
resnet,1972,1972,+,6,4,2,1,0.13172011487793933,0.152331931945488,0.022917072052811054,0.030326792860671508,0.5445613851115322,0.4585326350192173,class=395:n02641379.pkl:3;n02641379.pkl:45;n02641379.pkl:114|class=744:n04008634.pkl:17;n04008634.pkl:24;n04008634.pkl:41|class=147:n02066245.pkl:81;n02066245.pkl:146;n02066245.pkl:646
resnet,1973,1973,+,5,4,2,2,0.312199184919732,0.3864943026561818,0.09193979779874849,0.1577324040572953,0.24838024453420557,0.7886603066356392,class=423:n02791124.pkl:1;n02791124.pkl:5;n02791124.pkl:8|class=424:n02791270.pkl:11;n02791270.pkl:93;n02791270.pkl:98|class=782:n04152593.pkl:949
resnet,1974,1974,+,10,7,2,1,0.12897218141304062,0.17090721596272024,0.021314528207312364,0.04530212056470464,0.39527153527736364,0.5517369496422196,class=764:n04090263.pkl:3;n04090263.pkl:5;n04090263.pkl:8|class=622:n03657121.pkl:59;n03657121.pkl:93;n03657121.pkl:113|class=783:n04153751.pkl:54;n04153751.pkl:431;n04153751.pkl:441
resnet,1975,1975,+,7,4,1,0,0.0966164286266249,0.12822879208348778,0.003465300305032322,0.005769439402169557,0.5536113342243784,0.5388500789093154,class=497:n03028079.pkl:3;n03028079.pkl:57;n03028079.pkl:125|class=782:n04152593.pkl:564|class=836:n04355933.pkl:479
resnet,1976,1976,+,1,1,1,1,1.0,0.0,1.0,0.0,0.0,1.0,class=625:n03662601.pkl:0;n03662601.pkl:1;n03662601.pkl:2
resnet,1977,1977,+,2,2,2,2,0.786757464544566,0.2062657912693875,0.5101847924312561,0.431675672685023,0.39131084748768447,0.8579564028596844,class=291:n02129165.pkl:0;n02129165.pkl:1;n02129165.pkl:2|class=286:n02125311.pkl:8;n02125311.pkl:18;n02125311.pkl:31
resnet,1978,1978,+,11,7,2,0,0.03599375608185706,0.03965389956660406,0.0036846524139962336,0.004103897864110015,0.7848415122751851,0.20368266667319473,class=422:n02790996.pkl:372;n02790996.pkl:401;n02790996.pkl:518|class=836:n04355933.pkl:478;n04355933.pkl:869;n04355933.pkl:943|class=744:n04008634.pkl:622;n04008634.pkl:746;n04008634.pkl:804
resnet,1979,1979,+,5,3,0,0,0.023888943458908164,0.022855667304649285,0.0017019007874261988,0.000968786282052806,0.90349667077108,0.2648063375331263,class=223:n02104365.pkl:283;n02104365.pkl:372;n02104365.pkl:697|class=224:n02105056.pkl:179;n02105056.pkl:441;n02105056.pkl:1036|class=252:n02110627.pkl:384
resnet,1980,1980,+,7,7,3,3,0.4578375595586238,0.38494325901619103,0.24113453699644502,0.3268513047047422,0.5412432602060266,0.4053294995052012,class=782:n04152593.pkl:1;n04152593.pkl:3;n04152593.pkl:4|class=851:n04404412.pkl:1;n04404412.pkl:9;n04404412.pkl:20|class=664:n03782006.pkl:2;n03782006.pkl:6;n03782006.pkl:9
resnet,1981,1981,+,10,8,3,1,0.19923724434247186,0.297100252081346,0.02579553417703076,0.05812807382529587,0.4076818930734963,0.6077884434691077,class=794:n04209239.pkl:3;n04209239.pkl:7;n04209239.pkl:26|class=578:n03450230.pkl:235;n03450230.pkl:272;n03450230.pkl:330|class=619:n03637318.pkl:49;n03637318.pkl:175;n03637318.pkl:300
resnet,1982,1982,+,3,3,1,1,0.5423033154811753,0.35126657761654584,0.28834363331114976,0.40596944417525593,0.020050539334489775,0.9940947967053505,class=129:n02006656.pkl:0;n02006656.pkl:1;n02006656.pkl:2|class=134:n02012849.pkl:135;n02012849.pkl:302|class=132:n02009912.pkl:888
resnet,1983,1983,+,4,3,2,2,0.4592170380967898,0.3656020596250554,0.27039355683324245,0.41868050216875574,0.22626910624710764,0.8493945697960101,class=228:n02105505.pkl:0;n02105505.pkl:1;n02105505.pkl:2|class=266:n02113712.pkl:2;n02113712.pkl:13;n02113712.pkl:38|class=222:n02104029.pkl:14;n02104029.pkl:263;n02104029.pkl:356
resnet,1984,1984,+,5,4,2,2,0.2954749451367754,0.3494342093942979,0.10962111808495914,0.16731702643738938,0.3497458831548635,0.6659312250664369,class=556:n03347037.pkl:2;n03347037.pkl:10;n03347037.pkl:13|class=421:n02788148.pkl:1;n02788148.pkl:3;n02788148.pkl:7|class=912:n04604644.pkl:259;n04604644.pkl:524;n04604644.pkl:593
resnet,1985,1985,+,6,6,3,2,0.4212933438011534,0.3710288267222011,0.09534577130133724,0.1604226574078595,0.4064166825866069,0.6384876911749805,class=867:n04467665.pkl:0;n04467665.pkl:2;n04467665.pkl:4|class=569:n03417042.pkl:33;n03417042.pkl:48;n03417042.pkl:75|class=864:n04461696.pkl:33;n04461696.pkl:37;n04461696.pkl:41
resnet,1986,1986,+,2,1,1,1,0.5042087542087542,0.4957912457912458,0.5000166717022012,0.49917492086045034,0.009811503591961833,0.9983179714427668,class=616:n03627232.pkl:0;n03627232.pkl:1;n03627232.pkl:2|class=808:n04259630.pkl:78
resnet,1987,1987,+,5,4,2,1,0.2933232085250812,0.359675882545421,0.17880790593648116,0.3324450791869516,0.15200999781836097,0.8913474724610939,class=907:n04591713.pkl:0;n04591713.pkl:1;n04591713.pkl:3|class=440:n02823428.pkl:17;n02823428.pkl:43;n02823428.pkl:46|class=912:n04604644.pkl:439;n04604644.pkl:568;n04604644.pkl:650
resnet,1988,1988,+,3,2,0,0,0.1193755508705312,0.1291098653708103,0.002036287745371903,0.0009758527232539356,0.8897777452589821,0.40988753058905714,class=535:n03208938.pkl:530;n03208938.pkl:959;n03208938.pkl:1054|class=494:n03017168.pkl:227;n03017168.pkl:232|class=713:n03924679.pkl:441
resnet,1989,1989,+,5,4,1,1,0.2217958195438367,0.38158904619611067,0.16138075859199463,0.31813618979251107,0.04578313280650409,0.9772355224935373,class=559:n03376595.pkl:0;n03376595.pkl:1;n03376595.pkl:2|class=657:n03773504.pkl:157;n03773504.pkl:196;n03773504.pkl:379|class=639:n03710721.pkl:627
resnet,1990,1990,+,2,1,1,1,0.4953608536484921,0.4857557309163683,0.3905991241305708,0.38526294483494644,0.058959682385938475,0.9864317946519914,class=580:n03457902.pkl:0;n03457902.pkl:1;n03457902.pkl:3|class=657:n03773504.pkl:300;n03773504.pkl:401;n03773504.pkl:969
resnet,1991,1991,+,10,6,0,0,0.02771794115390176,0.033527549433017445,0.0012381430699799187,0.0006762709017888054,0.9476994159583142,0.12983319316274738,class=977:n09421951.pkl:382;n09421951.pkl:996;n09421951.pkl:1220|class=101:n01871265.pkl:719;n01871265.pkl:1207|class=82:n01797886.pkl:117
resnet,1992,1992,+,2,2,2,1,0.7937457468863252,0.20251942584943583,0.5029356375318489,0.48399246704331456,0.13483478377989763,0.9630441353412644,class=969:n07932039.pkl:0;n07932039.pkl:1;n07932039.pkl:2|class=631:n03690938.pkl:3;n03690938.pkl:34;n03690938.pkl:130
resnet,1993,1993,+,9,7,4,2,0.22191052179971912,0.21452493382823534,0.05948756664219314,0.10523417097951737,0.4748411057857124,0.45882228731130476,class=190:n02095889.pkl:1;n02095889.pkl:3;n02095889.pkl:4|class=189:n02095570.pkl:25;n02095570.pkl:26;n02095570.pkl:37|class=229:n02105641.pkl:21;n02105641.pkl:32;n02105641.pkl:33
resnet,1994,1994,+,14,9,2,0,0.07288189194959334,0.1636034169477254,0.004078375293903271,0.006225357831021312,0.7355095140225272,0.23785650809145456,class=34:n01665541.pkl:152;n01665541.pkl:183;n01665541.pkl:184|class=68:n01756291.pkl:104;n01756291.pkl:515;n01756291.pkl:564|class=266:n02113712.pkl:740;n02113712.pkl:840;n02113712.pkl:952
resnet,1995,1995,+,4,2,1,1,0.16124769272074074,0.2317634828559237,0.023854616979617636,0.039128595914801924,0.15193376227182742,0.9226414732970787,class=115:n01950731.pkl:14;n01950731.pkl:15;n01950731.pkl:24|class=46:n01693334.pkl:461|class=68:n01756291.pkl:962
resnet,1996,1996,+,8,5,2,2,0.3076917951842475,0.3814090750456721,0.13102453755827803,0.2957685015473162,0.21111347198111663,0.7619547549420128,class=689:n03866082.pkl:3;n03866082.pkl:4;n03866082.pkl:5|class=601:n03534580.pkl:2;n03534580.pkl:11;n03534580.pkl:14|class=639:n03710721.pkl:296;n03710721.pkl:1058;n03710721.pkl:1223
resnet,1997,1997,+,7,6,1,0,0.24078640852553373,0.2936413289914578,0.008540111485829156,0.012900827381285897,0.6147291349060546,0.46885144404429213,class=353:n02423022.pkl:61;n02423022.pkl:92;n02423022.pkl:96|class=345:n02403003.pkl:120;n02403003.pkl:533;n02403003.pkl:951|class=331:n02326432.pkl:213;n02326432.pkl:267;n02326432.pkl:376
resnet,1998,1998,+,5,3,2,1,0.21427945567303489,0.3401124072675033,0.12125716106785385,0.22171565192766554,0.17707051076491168,0.8686639500585193,class=963:n07873807.pkl:2;n07873807.pkl:3;n07873807.pkl:5|class=567:n03400231.pkl:0;n03400231.pkl:2;n03400231.pkl:13|class=923:n07579787.pkl:476;n07579787.pkl:905
resnet,1999,1999,+,12,9,2,1,0.21270338363966768,0.26637453616636514,0.03724741442578733,0.10974587697622765,0.20841877170774545,0.80677400061669,class=631:n03690938.pkl:3;n03690938.pkl:18;n03690938.pkl:23|class=585:n03476991.pkl:34;n03476991.pkl:108;n03476991.pkl:138|class=503:n03062245.pkl:53;n03062245.pkl:86;n03062245.pkl:106
resnet,2000,2000,+,4,2,1,1,0.1479000744207208,0.23870701902156444,0.027771498286019578,0.04633004685954527,0.11266407169344476,0.9457718696017244,class=539:n03223299.pkl:6;n03223299.pkl:29;n03223299.pkl:48|class=356:n02441942.pkl:1213|class=285:n02124075.pkl:683
resnet,2001,2001,+,4,3,2,1,0.42692918151921255,0.4261146940211367,0.18379990671334753,0.30361919780835755,0.11748226437871985,0.9321939952637084,class=813:n04270147.pkl:1;n04270147.pkl:2;n04270147.pkl:6|class=623:n03658185.pkl:9;n03658185.pkl:17;n03658185.pkl:217|class=618:n03633091.pkl:870
resnet,2002,2002,+,4,4,3,2,0.6976052423715209,0.3694121238445978,0.20466644783634078,0.2824798744591715,0.37393157558182555,0.7262354580540067,class=143:n02037110.pkl:0;n02037110.pkl:1;n02037110.pkl:3|class=139:n02025239.pkl:20;n02025239.pkl:22;n02025239.pkl:27|class=140:n02027492.pkl:67;n02027492.pkl:118;n02027492.pkl:141
resnet,2003,2003,+,2,1,1,1,0.48598607036142494,0.4846255261437379,0.3811409551906545,0.37978041097296744,0.018868166860921208,0.9964367096792088,class=965:n07880968.pkl:0;n07880968.pkl:1;n07880968.pkl:4|class=46:n01693334.pkl:644
resnet,2004,2004,+,4,1,0,0,0.005098053603994375,0.004628965408994451,0.0015610054996814046,0.001090363084609063,0.8504856447263579,0.3719757287526738,class=902:n04579432.pkl:514;n04579432.pkl:1016;n04579432.pkl:1153|class=494:n03017168.pkl:855|class=910:n04597913.pkl:355
resnet,2005,2005,+,6,4,3,2,0.2945894706146989,0.28495057228330056,0.05949466769695296,0.09103322618269698,0.4427565197868284,0.5568713986882406,class=890:n04540053.pkl:5;n04540053.pkl:6;n04540053.pkl:8|class=430:n02802426.pkl:11;n02802426.pkl:38;n02802426.pkl:52|class=416:n02777292.pkl:30;n02777292.pkl:63;n02777292.pkl:119
resnet,2006,2006,+,10,8,2,2,0.22911136018984152,0.29838983360300675,0.09621137263782897,0.19579750639265192,0.3263396361726066,0.5141536483731941,class=970:n09193705.pkl:0;n09193705.pkl:1;n09193705.pkl:2|class=979:n09468604.pkl:6;n09468604.pkl:10;n09468604.pkl:13|class=657:n03773504.pkl:120;n03773504.pkl:191;n03773504.pkl:233
resnet,2007,2007,+,9,5,1,1,0.11763344387095226,0.25204375537040175,0.014590683959289918,0.030896651542549936,0.4312698983232768,0.6093401301639665,class=197:n02097130.pkl:11;n02097130.pkl:17;n02097130.pkl:21|class=199:n02097298.pkl:47;n02097298.pkl:219;n02097298.pkl:381|class=73:n01773549.pkl:74;n01773549.pkl:87;n01773549.pkl:162
resnet,2008,2008,+,1,1,1,1,1.0,0.0,1.0,0.0,0.0,1.0,class=701:n03888257.pkl:0;n03888257.pkl:1;n03888257.pkl:2
resnet,2009,2009,+,11,9,2,0,0.11136749866490515,0.18355793335568663,0.007820318744926696,0.01234113087507999,0.6423915899740712,0.31730486781671324,class=257:n02111500.pkl:15;n02111500.pkl:54;n02111500.pkl:59|class=356:n02441942.pkl:58;n02441942.pkl:74;n02441942.pkl:103|class=249:n02110063.pkl:123;n02110063.pkl:188;n02110063.pkl:283
resnet,2010,2010,+,10,9,4,2,0.13747322270339132,0.13726243847147976,0.024803043677372252,0.03842225589447125,0.5812195362182883,0.33996934389886135,class=429:n02799071.pkl:3;n02799071.pkl:28;n02799071.pkl:49|class=524:n03146219.pkl:11;n03146219.pkl:26;n03146219.pkl:48|class=636:n03709823.pkl:239;n03709823.pkl:301;n03709823.pkl:303
resnet,2011,2011,+,7,6,3,2,0.31330231500278966,0.28307270136660784,0.025819524746513473,0.03626722682060591,0.571044671962292,0.42471761091280597,class=618:n03633091.pkl:5;n03633091.pkl:24;n03633091.pkl:27|class=910:n04597913.pkl:67;n04597913.pkl:103;n04597913.pkl:233|class=623:n03658185.pkl:163;n03658185.pkl:420;n03658185.pkl:469
resnet,2012,2012,+,9,6,2,1,0.18320366600698962,0.26836764846498357,0.0904306339102295,0.23991432222684292,0.1380201389717156,0.8931686195531691,class=662:n03777754.pkl:0;n03777754.pkl:1;n03777754.pkl:5|class=252:n02110627.pkl:7;n02110627.pkl:77;n02110627.pkl:270|class=782:n04152593.pkl:195;n04152593.pkl:670;n04152593.pkl:738
resnet,2013,2013,+,5,2,1,1,0.09649760384368784,0.1302518734272063,0.04161781685415247,0.07929034037314563,0.12419181987527242,0.9259587942206197,class=126:n01990800.pkl:2;n01990800.pkl:5;n01990800.pkl:6|class=124:n01985128.pkl:327;n01985128.pkl:363;n01985128.pkl:403|class=998:n13133613.pkl:699
resnet,2014,2014,+,7,5,2,1,0.23424004635122936,0.24152349779097904,0.04368989915236859,0.09165376226738545,0.24969191861796158,0.7715528128722575,class=927:n07613480.pkl:5;n07613480.pkl:12;n07613480.pkl:20|class=969:n07932039.pkl:45;n07932039.pkl:126;n07932039.pkl:128|class=659:n03775546.pkl:552;n03775546.pkl:605;n03775546.pkl:1057
resnet,2015,2015,+,8,7,4,3,0.24657183225220036,0.24619587704892615,0.055815863997039535,0.09416062542660289,0.5215854389555098,0.4807405551487294,class=582:n03461385.pkl:3;n03461385.pkl:4;n03461385.pkl:6|class=692:n03871628.pkl:20;n03871628.pkl:37;n03871628.pkl:52|class=509:n03089624.pkl:17;n03089624.pkl:38;n03089624.pkl:39
resnet,2016,2016,+,4,3,1,1,0.16522533296964725,0.2484094127505024,0.11905388174518647,0.20328616950177797,0.05005801514793659,0.9789010126647802,class=862:n04456115.pkl:0;n04456115.pkl:1;n04456115.pkl:2|class=702:n03888605.pkl:147;n03888605.pkl:178;n03888605.pkl:1197|class=638:n03710637.pkl:303
resnet,2017,2017,+,3,2,1,1,0.34536814631860446,0.45145294306300876,0.27121575037044626,0.3803504676089757,0.034821673894088113,0.9888999662604028,class=104:n01877812.pkl:0;n01877812.pkl:1;n01877812.pkl:4|class=331:n02326432.pkl:146;n02326432.pkl:611;n02326432.pkl:682|class=371:n02486261.pkl:34;n02486261.pkl:623
resnet,2018,2018,+,3,3,2,2,0.6212954873605774,0.3508199990873744,0.4130777096461568,0.34447727966251623,0.5782189991514431,0.5651455875970408,class=544:n03259280.pkl:0;n03259280.pkl:1;n03259280.pkl:2|class=567:n03400231.pkl:0;n03400231.pkl:2;n03400231.pkl:4|class=909:n04596742.pkl:872;n04596742.pkl:1014
resnet,2019,2019,+,7,7,6,4,0.7216954353851774,0.31319796196986477,0.19706768504572242,0.2024440422896342,0.7051081218351375,0.2936154079543384,class=151:n02085620.pkl:2;n02085620.pkl:6;n02085620.pkl:9|class=237:n02107312.pkl:4;n02107312.pkl:5;n02107312.pkl:7|class=266:n02113712.pkl:2;n02113712.pkl:13;n02113712.pkl:17
resnet,2020,2020,+,1,1,1,1,0.9439252336448598,0.0,0.6783489096573209,0.0,0.0,1.0,class=560:n03379051.pkl:1;n03379051.pkl:3;n03379051.pkl:5
resnet,2021,2021,+,2,2,1,1,0.48211792628443784,0.3810149851079673,0.32284879932985855,0.32192968168279973,0.01551283503555469,0.9971571542722073,class=890:n04540053.pkl:0;n04540053.pkl:1;n04540053.pkl:2|class=702:n03888605.pkl:147
resnet,2022,2022,+,4,4,4,3,0.7601436186567859,0.2756369341001882,0.5178764246440928,0.35848002816632185,0.780442523792815,0.3697891978344915,class=312:n02229544.pkl:0;n02229544.pkl:1;n02229544.pkl:2|class=193:n02096294.pkl:2;n02096294.pkl:3;n02096294.pkl:5|class=201:n02097658.pkl:2;n02097658.pkl:3;n02097658.pkl:5
resnet,2024,2024,+,11,3,1,0,0.031605272971927,0.06785960742855297,0.003643099532935273,0.006639967066285278,0.6034498908344068,0.392902240802558,class=21:n01608432.pkl:112;n01608432.pkl:234;n01608432.pkl:413|class=733:n03976657.pkl:133;n03976657.pkl:180;n03976657.pkl:239|class=23:n01616318.pkl:336;n01616318.pkl:434;n01616318.pkl:1010
resnet,2025,2025,+,11,6,4,1,0.06828067513169507,0.08958492229062648,0.014401958845182377,0.019446705579990963,0.6637767537994265,0.25666013086442385,class=418:n02783161.pkl:31;n02783161.pkl:42;n02783161.pkl:46|class=563:n03388183.pkl:24;n03388183.pkl:27;n03388183.pkl:62|class=767:n04116512.pkl:26;n04116512.pkl:28;n04116512.pkl:125
resnet,2026,2026,+,4,4,2,1,0.332654750353716,0.3856820771776827,0.24301322889294477,0.41212275733000236,0.06327213562149242,0.9690074172099071,class=53:n01728920.pkl:0;n01728920.pkl:1;n01728920.pkl:2|class=55:n01729977.pkl:231;n01729977.pkl:272;n01729977.pkl:419|class=52:n01728572.pkl:332
resnet,2027,2027,+,3,3,2,2,0.6273391178014619,0.37709816990349876,0.4381234416343183,0.4069696742723039,0.5232755120300393,0.6209472268354798,class=383:n02497673.pkl:0;n02497673.pkl:2;n02497673.pkl:3|class=384:n02500267.pkl:3;n02500267.pkl:8;n02500267.pkl:9|class=285:n02124075.pkl:405;n02124075.pkl:784
resnet,2028,2028,+,4,2,0,0,0.04807129987568785,0.045633763980194045,0.001384623569183968,0.0007564794638488377,0.9039402636840974,0.32462268206273326,class=298:n02137549.pkl:65;n02137549.pkl:129;n02137549.pkl:361|class=82:n01797886.pkl:1115|class=331:n02326432.pkl:1144
resnet,2029,2029,+,5,5,3,2,0.367766557166653,0.3545820901175952,0.2288809821401528,0.386756632690492,0.28987247031749086,0.7710657575915317,class=28:n01632458.pkl:0;n01632458.pkl:1;n01632458.pkl:2|class=662:n03777754.pkl:4;n03777754.pkl:7;n03777754.pkl:13|class=26:n01630670.pkl:15;n01630670.pkl:16;n01630670.pkl:142
resnet,2030,2030,+,4,4,1,1,0.3041583102684287,0.40652236574292866,0.25413797565588964,0.4306297882279815,0.07132416068134491,0.9678091875489476,class=181:n02093647.pkl:0;n02093647.pkl:1;n02093647.pkl:2|class=266:n02113712.pkl:61;n02113712.pkl:318;n02113712.pkl:686|class=194:n02096437.pkl:8;n02096437.pkl:516;n02096437.pkl:520
resnet,2031,2031,+,7,3,2,1,0.08774670114456362,0.10113044478645161,0.017043918273797854,0.024588605327273118,0.5408453385839511,0.4401817584722074,class=771:n04125021.pkl:2;n04125021.pkl:13;n04125021.pkl:17|class=599:n03530642.pkl:35;n03530642.pkl:41;n03530642.pkl:74|class=894:n04550184.pkl:154;n04550184.pkl:258;n04550184.pkl:426
resnet,2032,2032,+,2,2,2,1,0.5660994764397905,0.4339005235602094,0.5052356020942408,0.49476439790575916,0.08318809346067847,0.9794893822652959,class=362:n02447366.pkl:0;n02447366.pkl:1;n02447366.pkl:2|class=356:n02441942.pkl:29;n02441942.pkl:74;n02441942.pkl:225
resnet,2033,2033,+,1,1,1,1,0.9932716568544996,0.0,0.960470984020185,0.0,0.0,1.0,class=589:n03483316.pkl:0;n03483316.pkl:1;n03483316.pkl:2
resnet,2034,2034,+,10,7,1,1,0.14676414135716315,0.14151186313741573,0.011706030844798071,0.030664157790540485,0.25323075882198715,0.7861874231894527,class=836:n04355933.pkl:2;n04355933.pkl:58;n04355933.pkl:67|class=808:n04259630.pkl:67;n04259630.pkl:78;n04259630.pkl:385|class=515:n03124170.pkl:49;n03124170.pkl:785;n03124170.pkl:1186
resnet,2035,2035,+,10,3,0,0,0.0243457338384095,0.03884235264387881,0.0017472957379492137,0.0011824498428539881,0.9119892488147064,0.1457965350485622,class=36:n01667778.pkl:1;n01667778.pkl:521;n01667778.pkl:898|class=68:n01756291.pkl:564;n01756291.pkl:725;n01756291.pkl:1167|class=329:n02321529.pkl:715;n02321529.pkl:733;n02321529.pkl:1157
resnet,2036,2036,+,5,4,1,1,0.28012930574228856,0.34560812400772783,0.1750370726389951,0.34503980040777305,0.045277652924843176,0.9771561722254144,class=726:n03954731.pkl:2;n03954731.pkl:3;n03954731.pkl:4|class=764:n04090263.pkl:18;n04090263.pkl:28;n04090263.pkl:92|class=524:n03146219.pkl:594
resnet,2037,2037,+,3,3,1,1,0.38056807254289554,0.36163720628309837,0.21794101518727796,0.306374277765851,0.026045446038130058,0.9920602459720101,class=545:n03271574.pkl:0;n03271574.pkl:2;n03271574.pkl:5|class=535:n03208938.pkl:530;n03208938.pkl:867|class=524:n03146219.pkl:799
resnet,2038,2038,+,4,4,3,3,0.7671017101710171,0.40339167097970025,0.7494056408202734,0.43059779526944664,0.7982184954425297,0.33253719337463256,class=248:n02109961.pkl:0;n02109961.pkl:2;n02109961.pkl:3|class=250:n02110185.pkl:0;n02110185.pkl:3;n02110185.pkl:5|class=249:n02110063.pkl:0;n02110063.pkl:1;n02110063.pkl:2
resnet,2039,2039,+,4,4,1,1,0.29453578870077674,0.3268326596264739,0.17405537606320165,0.29962857668388015,0.02470142186120908,0.9908522213215231,class=823:n04317175.pkl:2;n04317175.pkl:3;n04317175.pkl:6|class=848:n04392985.pkl:165|class=826:n04328186.pkl:164
resnet,2040,2040,+,12,11,1,1,0.11385079904412555,0.16550306786179544,0.019597623180681204,0.06063206904495903,0.15066974173277128,0.8809913336366229,class=605:n03584254.pkl:8;n03584254.pkl:18;n03584254.pkl:21|class=482:n02979186.pkl:164;n02979186.pkl:274|class=748:n04026417.pkl:739;n04026417.pkl:1111
resnet,2041,2041,+,1,1,1,1,1.0,0.0,1.0,0.0,0.0,1.0,class=594:n03495258.pkl:0;n03495258.pkl:1;n03495258.pkl:2
resnet,2042,2042,+,6,6,6,4,0.7061330438511652,0.27242229408595925,0.3528564648638006,0.3177758885037782,0.7508249479042712,0.3018410744146359,class=218:n02102177.pkl:0;n02102177.pkl:1;n02102177.pkl:2|class=212:n02100735.pkl:1;n02100735.pkl:2;n02100735.pkl:4|class=217:n02102040.pkl:4;n02102040.pkl:6;n02102040.pkl:7
resnet,2043,2043,+,8,5,3,1,0.19417544741546272,0.20374949858446093,0.03148741927745957,0.057991120397774744,0.44163232941625896,0.5489931865725204,class=441:n02823750.pkl:0;n02823750.pkl:2;n02823750.pkl:18|class=438:n02815834.pkl:4;n02815834.pkl:5;n02815834.pkl:46|class=899:n04560804.pkl:153;n04560804.pkl:247;n04560804.pkl:425
resnet,2044,2044,+,8,6,2,1,0.1284363870672693,0.1715933753087908,0.043942723847096875,0.10801355325028855,0.1527058562760575,0.8802531956864184,class=464:n02910353.pkl:8;n02910353.pkl:14;n02910353.pkl:20|class=836:n04355933.pkl:38;n04355933.pkl:122;n04355933.pkl:173|class=650:n03759954.pkl:2;n03759954.pkl:624;n03759954.pkl:746
resnet,2045,2045,+,4,3,2,1,0.33560368786367356,0.40551937201465343,0.2576364839942282,0.4287475103637073,0.10297664763223036,0.9423544753624256,class=759:n04069434.pkl:0;n04069434.pkl:1;n04069434.pkl:2|class=622:n03657121.pkl:59;n03657121.pkl:93;n03657121.pkl:113|class=754:n04041544.pkl:566
resnet,2046,2046,+,5,5,4,3,0.6474621128533237,0.34759132927602937,0.45242077301564115,0.45431436585844615,0.6309254781520167,0.4016776909836804,class=55:n01729977.pkl:0;n01729977.pkl:1;n01729977.pkl:2|class=59:n01739381.pkl:0;n01739381.pkl:2;n01739381.pkl:3|class=64:n01749939.pkl:7;n01749939.pkl:9;n01749939.pkl:18
resnet,2047,2047,+,4,3,1,1,0.14417514495806424,0.14767407155831777,0.0720451563625441,0.1203646487962004,0.10559103607488109,0.9477957790745906,class=51:n01704323.pkl:1;n01704323.pkl:5;n01704323.pkl:11|class=36:n01667778.pkl:1;n01667778.pkl:72;n01667778.pkl:124|class=34:n01665541.pkl:450;n01665541.pkl:1226
