activation_ge_10pct,activation_ge_1pct,activation_ge_25pct,activation_ge_5pct,activation_n50,activation_n80,activation_n80_fraction,activation_n90,activation_observed,activation_occurrences,all_predictions_correct_for_source_label,class_id,images,selected_occurrences_outside_vocabulary,selected_threshold_joint_occurrences,selection_ge_10pct,selection_ge_1pct,selection_ge_25pct,selection_ge_5pct,selection_n50,selection_n80,selection_n80_fraction,selection_n90,selection_observed,selection_occurrences,source_label,split,vocabulary_size_physical,vocabulary_size_signed
35,74,23,43,11,23,0.19327731092436976,34,119,20228,True,0,1256,0,11007,22,45,12,28,8,17,0.14285714285714285,24,119,11007,0,train,119,119
47,78,23,55,14,32,0.2644628099173554,44,121,22513,True,1,1285,0,11863,26,59,11,33,9,23,0.19008264462809918,33,121,11863,1,train,121,121
48,95,30,62,16,34,0.25757575757575757,49,132,22341,True,2,1189,0,11553,29,68,10,39,10,25,0.1893939393939394,37,132,11553,2,train,132,132
45,92,31,63,15,34,0.22818791946308725,47,149,24579,True,3,1136,0,14050,32,75,18,43,11,26,0.174496644295302,38,149,14050,3,train,149,149
43,97,22,60,13,34,0.23129251700680273,50,147,21169,True,4,1247,0,10618,19,59,9,32,7,21,0.14285714285714285,34,147,10618,4,train,147,147
54,110,22,76,18,46,0.323943661971831,64,142,20514,True,5,1114,0,8884,20,78,8,36,9,29,0.20422535211267606,47,142,8884,5,train,142,142
49,106,26,60,17,39,0.2565789473684211,55,152,21344,True,6,1220,0,9628,21,63,7,36,9,26,0.17105263157894737,38,152,9628,6,train,152,152
35,77,26,44,12,25,0.21551724137931033,35,116,19815,True,7,1195,0,10100,25,47,9,31,8,20,0.1724137931034483,28,116,10100,7,train,116,116
36,91,21,50,13,29,0.2196969696969697,44,132,18672,True,8,1151,0,9586,23,59,13,29,9,21,0.1590909090909091,32,132,9586,8,train,132,132
46,95,25,60,15,33,0.24444444444444444,48,135,23026,True,9,1290,0,12400,23,69,13,36,10,24,0.17777777777777778,38,135,12400,9,train,135,135
29,56,21,34,10,19,0.19,26,100,19111,True,10,1250,0,10896,18,39,12,23,6,13,0.13,19,100,10896,10,train,100,100
43,76,34,55,15,30,0.2830188679245283,38,106,27728,True,11,1293,0,16575,34,62,21,40,12,24,0.22641509433962265,33,106,16575,11,train,106,106
33,76,20,48,11,25,0.1893939393939394,37,132,20191,True,12,1279,0,11949,18,57,11,28,7,16,0.12121212121212122,28,132,11949,12,train,132,132
33,68,17,40,10,22,0.18803418803418803,32,117,19932,True,13,1281,0,11815,17,49,13,23,6,13,0.1111111111111111,22,117,11815,13,train,117,117
31,66,24,39,11,21,0.17796610169491525,30,118,21654,True,14,1293,0,13021,23,47,15,28,8,16,0.13559322033898305,23,118,13021,14,train,118,118
39,88,21,51,11,26,0.21311475409836064,40,122,21992,True,15,1283,0,12418,20,56,14,31,7,18,0.14754098360655737,30,122,12418,15,train,122,122
29,61,20,39,9,20,0.19607843137254902,29,102,19453,True,16,1284,0,11735,14,48,10,23,6,11,0.10784313725490197,19,102,11735,16,train,102,102
25,55,20,33,9,18,0.1875,24,96,18708,True,17,1278,0,10390,20,38,11,24,6,13,0.13541666666666666,19,96,10390,17,train,96,96
34,79,19,46,10,26,0.24299065420560748,39,107,17923,True,18,1256,0,9127,18,50,9,25,6,16,0.14953271028037382,27,107,9127,18,train,107,107
37,82,23,51,12,27,0.2231404958677686,39,121,23138,True,19,1288,0,13979,23,60,13,32,8,17,0.14049586776859505,27,121,13979,19,train,121,121
25,54,18,32,9,17,0.1588785046728972,24,107,18084,True,20,1252,0,11238,17,39,13,21,6,12,0.11214953271028037,17,107,11238,20,train,107,107
39,93,23,55,14,30,0.20833333333333334,45,144,21922,True,21,1237,0,11142,23,64,12,31,8,21,0.14583333333333334,31,144,11142,21,train,144,144
44,100,28,54,14,32,0.2119205298013245,46,151,24793,True,22,1265,0,13656,27,65,14,37,9,23,0.152317880794702,34,151,13656,22,train,151,151
44,92,26,62,17,37,0.2624113475177305,52,141,20529,True,23,1229,0,8799,26,64,8,34,11,27,0.19148936170212766,40,141,8799,23,train,141,141
33,70,26,50,12,23,0.19327731092436976,32,119,24726,True,24,1290,0,13726,23,51,12,29,7,16,0.13445378151260504,23,119,13726,24,train,119,119
36,67,23,45,12,23,0.19658119658119658,32,117,22656,True,25,1248,0,14068,23,52,17,28,8,17,0.1452991452991453,24,117,14068,25,train,117,117
45,78,25,53,15,32,0.2807017543859649,43,114,17673,True,26,1056,0,8393,25,58,10,36,10,26,0.22807017543859648,36,114,8393,26,train,114,114
36,74,27,46,12,26,0.22608695652173913,36,115,19809,True,27,1209,0,11869,25,54,12,33,7,19,0.16521739130434782,28,115,11869,27,train,115,115
35,72,21,45,11,24,0.2,34,120,20396,True,28,1201,0,12299,21,52,13,31,7,17,0.14166666666666666,27,120,12299,28,train,120,120
28,70,21,42,10,22,0.19642857142857142,35,112,18016,True,29,1258,0,9593,16,50,9,23,6,15,0.13392857142857142,24,112,9593,29,train,112,112
45,90,29,60,14,33,0.23404255319148937,46,141,24483,True,30,1214,0,13254,25,65,13,40,9,23,0.16312056737588654,35,141,13254,30,train,141,141
32,58,22,37,11,20,0.19230769230769232,27,104,20535,True,31,1259,0,11444,20,38,15,26,7,15,0.14423076923076922,20,104,11444,31,train,104,104
43,114,29,72,17,41,0.2662337662337662,64,154,19991,True,32,1074,0,9893,26,86,10,36,11,27,0.17532467532467533,45,154,9893,32,train,154,154
49,97,23,62,15,39,0.28888888888888886,54,135,20879,True,33,1222,0,9819,19,68,9,33,8,25,0.18518518518518517,39,135,9819,33,train,135,135
36,87,25,51,14,30,0.22727272727272727,43,132,17163,True,34,1132,0,7843,23,55,6,31,10,24,0.18181818181818182,33,132,7843,34,train,132,132
53,117,29,78,17,44,0.2558139534883721,64,172,23102,True,35,1091,0,10582,21,88,13,37,10,29,0.1686046511627907,49,172,10582,35,train,172,172
38,96,15,56,13,37,0.27611940298507465,53,134,13081,True,36,954,0,5543,12,57,7,20,6,20,0.14925373134328357,37,134,5543,36,train,134,134
45,99,30,59,15,32,0.21052631578947367,46,152,24636,True,37,1220,0,14509,29,67,16,39,9,23,0.1513157894736842,35,152,14509,37,train,152,152
31,80,18,50,11,27,0.21428571428571427,41,126,17269,True,38,1184,0,9080,19,50,13,26,8,17,0.1349206349206349,27,126,9080,38,train,126,126
29,70,16,42,10,23,0.21296296296296297,36,108,17075,True,39,1227,0,8694,16,48,9,20,6,14,0.12962962962962962,23,108,8694,39,train,108,108
45,92,20,62,12,34,0.2328767123287671,50,146,19086,True,40,1008,0,10725,21,72,13,34,8,21,0.14383561643835616,37,146,10725,40,train,146,146
35,83,23,41,12,26,0.20967741935483872,35,124,18726,True,41,1133,0,10966,23,53,15,30,9,19,0.1532258064516129,27,124,10966,41,train,124,124
35,79,23,47,11,25,0.2066115702479339,37,121,19021,True,42,1226,0,9640,18,49,10,25,6,16,0.1322314049586777,25,121,9640,42,train,121,121
53,113,32,72,20,44,0.3013698630136986,62,146,21251,True,43,1033,0,9706,28,75,10,42,12,33,0.22602739726027396,48,146,9706,43,train,146,146
46,108,26,68,15,38,0.2389937106918239,56,159,21576,True,44,1135,0,11504,25,79,11,40,10,27,0.16981132075471697,42,159,11504,44,train,159,159
39,78,26,48,13,26,0.21311475409836064,36,122,23739,True,45,1267,0,13414,25,58,14,31,8,19,0.1557377049180328,28,122,13414,45,train,122,122
44,99,30,62,16,34,0.22972972972972974,49,148,16936,True,46,843,0,7857,27,69,13,37,12,26,0.17567567567567569,38,148,7857,46,train,148,148
31,77,19,42,10,24,0.17647058823529413,37,136,17962,True,47,1250,0,10030,18,47,9,25,6,16,0.11764705882352941,25,136,10030,47,train,136,136
38,85,27,56,13,29,0.2230769230769231,42,130,23182,True,48,1278,0,12885,24,62,12,35,8,21,0.16153846153846155,33,130,12885,48,train,130,130
31,92,21,49,11,27,0.2,45,135,18065,True,49,1183,0,10273,21,55,12,26,7,17,0.1259259259259259,27,135,10273,49,train,135,135
45,86,22,55,14,33,0.25384615384615383,45,130,20731,True,50,1238,0,9924,23,56,12,30,9,22,0.16923076923076924,33,130,9924,50,train,130,130
25,53,13,35,8,19,0.25333333333333335,27,75,13924,True,51,1256,0,6452,12,35,8,18,5,12,0.16,18,75,6452,51,train,75,75
50,83,27,62,17,37,0.3008130081300813,50,123,18269,True,52,1091,0,8740,24,68,7,38,11,29,0.23577235772357724,41,123,8740,52,train,123,123
45,95,26,61,15,35,0.24305555555555555,51,144,21348,True,53,1186,0,10778,24,67,11,33,8,23,0.1597222222222222,36,144,10778,53,train,144,144
46,110,28,66,17,38,0.24358974358974358,55,156,21215,True,54,1086,0,9727,28,69,13,35,11,26,0.16666666666666666,40,156,9727,54,train,156,156
54,108,37,73,19,40,0.2597402597402597,56,154,24840,True,55,1061,0,13588,33,82,15,46,11,29,0.18831168831168832,45,154,13588,55,train,154,154
36,91,26,56,14,30,0.22556390977443608,45,133,21922,True,56,1207,0,12231,26,61,15,34,9,22,0.16541353383458646,31,133,12231,56,train,133,133
52,106,30,70,16,36,0.23529411764705882,54,153,29225,True,57,1267,0,17089,30,82,20,41,10,25,0.16339869281045752,40,153,17089,57,train,153,153
47,98,26,59,17,37,0.2642857142857143,52,140,19266,True,58,1162,0,8986,25,66,9,39,12,28,0.2,41,140,8986,58,train,140,140
36,96,21,57,13,31,0.2440944881889764,50,127,17800,True,59,1093,0,8469,21,63,10,26,7,19,0.14960629921259844,30,127,8469,59,train,127,127
45,104,20,65,17,42,0.29577464788732394,60,142,13159,True,60,868,0,5532,13,69,5,31,8,30,0.2112676056338028,47,142,5532,60,train,142,142
31,91,16,42,11,27,0.20149253731343283,43,134,16819,True,61,1195,0,8712,16,53,12,23,8,16,0.11940298507462686,28,134,8712,61,train,134,134
54,115,28,71,19,43,0.2905405405405405,60,148,17106,True,62,885,0,8114,30,77,9,42,11,31,0.20945945945945946,45,148,8114,62,train,148,148
35,82,18,51,11,28,0.24778761061946902,41,113,17808,True,63,1234,0,8283,18,48,6,23,6,16,0.1415929203539823,26,113,8283,63,train,113,113
59,128,27,82,18,47,0.28313253012048195,68,166,25380,True,64,1129,0,13083,27,94,13,46,12,34,0.20481927710843373,55,166,13083,64,train,166,166
45,103,19,67,14,38,0.24836601307189543,56,153,20257,True,65,1187,0,9741,18,72,11,32,9,25,0.16339869281045752,42,153,9741,65,train,153,153
64,115,42,82,23,47,0.3032258064516129,63,155,21648,True,66,874,0,10127,38,88,12,53,13,36,0.23225806451612904,51,155,10127,66,train,155,155
50,128,32,67,17,39,0.23353293413173654,61,167,25838,True,67,1158,0,12658,25,85,16,36,10,24,0.1437125748502994,39,167,12658,67,train,167,167
57,116,29,80,18,44,0.2875816993464052,62,153,15124,True,68,665,0,7599,29,87,13,47,11,31,0.20261437908496732,49,153,7599,68,train,153,153
34,78,17,48,10,27,0.20149253731343283,40,134,18676,True,69,1277,0,9602,15,56,8,27,6,17,0.12686567164179105,28,134,9602,69,train,134,134
38,82,25,51,13,27,0.21951219512195122,40,123,21679,True,70,1243,0,11986,23,59,15,34,8,20,0.16260162601626016,31,123,11986,70,train,123,123
39,77,20,50,13,30,0.234375,42,128,19066,True,71,1260,0,8982,20,51,7,31,7,21,0.1640625,32,128,8982,71,train,128,128
44,95,33,59,15,30,0.1986754966887417,42,151,27765,True,72,1210,0,18652,32,74,23,41,11,24,0.15894039735099338,33,151,18652,72,train,151,151
39,99,28,64,15,33,0.2426470588235294,51,136,14997,True,73,873,0,7225,22,64,12,31,9,22,0.16176470588235295,37,136,7225,73,train,136,136
58,99,31,73,16,38,0.2602739726027397,55,146,17021,True,74,714,0,9478,31,77,16,45,9,26,0.1780821917808219,42,146,9478,74,train,146,146
46,84,23,61,14,31,0.2366412213740458,46,131,24183,True,75,1268,0,13524,25,69,17,34,10,22,0.16793893129770993,35,131,13524,75,train,131,131
39,83,25,47,13,27,0.225,39,120,20716,True,76,1259,0,9907,22,48,8,28,7,19,0.15833333333333333,27,120,9907,76,train,120,120
50,113,30,67,17,39,0.2532467532467532,56,154,23605,True,77,1179,0,11324,28,74,11,39,11,28,0.18181818181818182,42,154,11324,77,train,154,154
38,88,19,59,13,34,0.3063063063063063,50,111,18434,True,78,1232,0,7579,16,57,8,26,7,20,0.18018018018018017,33,111,7579,78,train,111,111
33,74,18,42,11,25,0.20491803278688525,37,122,16522,True,79,1266,0,7755,15,47,6,21,5,16,0.13114754098360656,27,122,7755,79,train,122,122
37,94,23,51,13,29,0.20422535211267606,43,142,21229,True,80,1201,0,11770,23,60,13,33,8,20,0.14084507042253522,32,142,11770,80,train,142,142
30,66,19,42,10,21,0.2079207920792079,31,101,19063,True,81,1264,0,10775,17,47,14,21,6,13,0.12871287128712872,20,101,10775,81,train,101,101
32,80,19,48,11,24,0.2,38,120,12331,True,82,803,0,6835,18,52,13,22,7,16,0.13333333333333333,28,120,6835,82,train,120,120
39,69,22,48,11,25,0.26595744680851063,36,94,20687,True,83,1200,0,12970,19,54,14,32,8,16,0.1702127659574468,26,94,12970,83,train,94,94
39,78,23,49,12,25,0.2066115702479339,36,121,22944,True,84,1291,0,12313,22,52,12,27,6,16,0.1322314049586777,25,121,12313,84,train,121,121
29,63,19,44,10,21,0.1926605504587156,31,109,18076,True,85,1220,0,9337,16,42,9,22,6,13,0.11926605504587157,21,109,9337,85,train,109,109
56,110,29,76,19,42,0.27631578947368424,59,152,24725,True,86,1136,0,13510,31,81,18,49,13,31,0.20394736842105263,46,152,13510,86,train,152,152
21,46,14,30,7,14,0.15555555555555556,21,90,14467,True,87,1294,0,7311,12,27,9,13,5,9,0.1,12,90,7311,87,train,90,90
35,68,25,42,11,24,0.20512820512820512,33,117,20081,True,88,1283,0,11123,24,44,10,28,7,18,0.15384615384615385,25,117,11123,88,train,117,117
33,85,25,46,12,25,0.21367521367521367,38,117,22129,True,89,1286,0,12445,23,56,12,28,7,18,0.15384615384615385,27,117,12445,89,train,117,117
35,70,24,44,11,25,0.25510204081632654,34,98,22428,True,90,1296,0,12966,22,52,11,33,7,17,0.17346938775510204,26,98,12966,90,train,98,98
40,72,23,46,12,27,0.25,37,108,22076,True,91,1267,0,12285,24,54,13,35,9,19,0.17592592592592593,29,108,12285,91,train,108,108
40,75,23,48,11,25,0.21008403361344538,37,119,23085,True,92,1276,0,14514,23,58,12,31,7,17,0.14285714285714285,26,119,14514,92,train,119,119
31,62,18,40,9,20,0.19607843137254902,30,102,17825,True,93,1276,0,9385,15,39,11,22,6,13,0.12745098039215685,20,102,9385,93,train,102,102
56,104,30,76,19,45,0.30201342281879195,60,149,25977,True,94,1272,0,12118,26,77,10,46,10,32,0.21476510067114093,47,149,12118,94,train,149,149
25,51,20,34,10,17,0.17525773195876287,22,97,20904,True,95,1275,0,13146,18,42,17,21,7,14,0.14432989690721648,17,97,13146,95,train,97,97
25,67,16,34,8,20,0.1652892561983471,30,121,16590,True,96,1268,0,9502,15,40,8,21,5,12,0.09917355371900827,20,121,9502,96,train,121,121
31,64,22,41,10,21,0.2079207920792079,29,101,21062,True,97,1270,0,10911,19,45,10,24,6,14,0.13861386138613863,21,101,10911,97,train,101,101
35,70,26,41,11,24,0.2033898305084746,32,118,19613,True,98,1090,0,11062,19,53,13,28,7,15,0.1271186440677966,25,118,11062,98,train,118,118
30,71,20,37,10,22,0.21568627450980393,31,102,17578,True,99,1245,0,9259,18,45,10,24,7,15,0.14705882352941177,22,102,9259,99,train,102,102
42,93,27,55,13,29,0.19863013698630136,43,146,25626,True,100,1292,0,14311,20,63,12,35,7,19,0.13013698630136986,31,146,14311,100,train,146,146
62,123,30,83,20,48,0.2874251497005988,66,167,23947,True,101,1052,0,11137,29,86,13,45,13,32,0.19161676646706588,51,167,11137,101,train,167,167
31,68,20,41,11,21,0.20388349514563106,29,103,21703,True,102,1293,0,13061,21,44,14,29,7,15,0.14563106796116504,22,103,13061,102,train,103,103
34,88,16,52,12,32,0.2601626016260163,48,123,15915,True,103,1225,0,6679,14,52,7,21,7,20,0.16260162601626016,34,123,6679,103,train,123,123
37,100,21,58,15,35,0.25,52,140,19010,True,104,1253,0,7243,16,49,7,25,8,22,0.15714285714285714,33,140,7243,104,train,140,140
35,88,23,49,11,26,0.19696969696969696,40,132,23480,True,105,1293,0,13271,20,54,14,28,8,16,0.12121212121212122,26,132,13271,105,train,132,132
36,86,20,48,12,27,0.21774193548387097,41,124,19297,True,106,1260,0,9468,20,50,13,25,9,18,0.14516129032258066,27,124,9468,106,train,124,124
29,80,16,47,10,23,0.18110236220472442,38,127,19209,True,107,1288,0,10733,16,55,11,21,6,14,0.11023622047244094,25,127,10733,107,train,127,127
47,105,24,67,13,36,0.23841059602649006,55,151,22267,True,108,1122,0,12975,22,78,13,32,9,22,0.1456953642384106,41,151,12975,108,train,151,151
38,69,24,49,12,27,0.23893805309734514,37,113,22150,True,109,1251,0,13475,22,53,16,37,9,19,0.168141592920354,30,113,13475,109,train,113,113
41,89,27,58,15,29,0.2265625,43,128,23556,True,110,1188,0,13987,27,67,17,35,10,22,0.171875,32,128,13987,110,train,128,128
47,102,29,62,18,39,0.2671232876712329,53,146,21620,True,111,1249,0,9182,25,63,8,39,12,29,0.19863013698630136,40,146,9182,111,train,146,146
29,73,12,46,10,28,0.2545454545454545,41,110,12446,True,112,1198,0,4160,11,36,4,15,6,17,0.15454545454545454,27,110,4160,112,train,110,110
29,63,14,42,9,22,0.2268041237113402,33,97,15035,True,113,1219,0,7380,12,36,8,18,6,11,0.1134020618556701,19,97,7380,113,train,97,97
39,94,20,54,14,33,0.22,49,150,17762,True,114,1234,0,8218,20,60,10,30,10,23,0.15333333333333332,37,150,8218,114,train,150,150
45,108,23,55,13,31,0.19745222929936307,48,157,24319,True,115,1247,0,13900,22,62,15,31,8,19,0.12101910828025478,31,157,13900,115,train,157,157
48,109,29,73,16,39,0.25,57,156,25407,True,116,1257,0,12715,25,76,17,38,11,25,0.16025641025641027,41,156,12715,116,train,156,156
47,110,25,67,16,38,0.25,57,152,24287,True,117,1283,0,12677,26,71,12,39,10,26,0.17105263157894737,41,152,12677,117,train,152,152
58,111,25,74,18,45,0.30405405405405406,62,148,22592,True,118,1167,0,9891,21,75,9,38,10,30,0.20270270270270271,46,148,9891,118,train,148,148
59,123,26,78,20,48,0.3096774193548387,67,155,22801,True,119,1134,0,10369,22,83,11,44,12,34,0.21935483870967742,52,155,10369,119,train,155,155
43,102,25,64,15,35,0.23972602739726026,53,146,23206,True,120,1233,0,12017,27,65,13,35,11,24,0.1643835616438356,37,146,12017,120,train,146,146
39,83,26,45,13,29,0.2283464566929134,40,127,18352,True,121,1105,0,9370,22,50,11,32,8,20,0.15748031496062992,30,127,9370,121,train,127,127
30,74,21,41,11,22,0.19642857142857142,33,112,18350,True,122,1219,0,8865,18,45,9,24,7,16,0.14285714285714285,24,112,8865,122,train,112,112
45,98,26,66,15,34,0.2251655629139073,52,151,22972,True,123,1178,0,12756,26,70,15,38,10,24,0.15894039735099338,38,151,12756,123,train,151,151
40,82,17,59,14,34,0.3008849557522124,48,113,15461,True,124,1137,0,5430,12,51,4,23,7,22,0.19469026548672566,34,113,5430,124,train,113,113
49,102,23,61,17,39,0.2826086956521739,55,138,21533,True,125,1262,0,8915,20,61,5,32,9,25,0.18115942028985507,39,138,8915,125,train,138,138
38,79,19,48,13,31,0.27927927927927926,42,111,17770,True,126,1201,0,7370,16,46,7,28,7,20,0.18018018018018017,29,111,7370,126,train,111,111
49,74,30,55,15,30,0.2542372881355932,42,118,23421,True,127,1230,0,12799,28,58,12,38,10,24,0.2033898305084746,33,118,12799,127,train,118,118
41,83,17,56,11,31,0.25,45,124,19054,True,128,1205,0,10056,17,53,11,25,7,16,0.12903225806451613,28,124,10056,128,train,124,124
28,56,18,35,9,18,0.18,26,100,18129,True,129,1268,0,10222,14,36,10,20,5,10,0.1,16,100,10222,129,train,100,100
38,67,26,42,12,23,0.20175438596491227,31,114,23568,True,130,1296,0,13988,24,51,15,28,8,17,0.14912280701754385,23,114,13988,130,train,114,114
40,96,21,53,13,32,0.22695035460992907,47,141,20926,True,131,1227,0,12254,22,71,13,34,9,22,0.15602836879432624,36,141,12254,131,train,141,141
36,77,24,47,12,25,0.21929824561403508,37,114,20273,True,132,1229,0,10536,22,51,13,29,7,17,0.14912280701754385,26,114,10536,132,train,114,114
48,94,35,62,16,35,0.24475524475524477,48,143,27436,True,133,1275,0,15249,36,64,18,43,11,27,0.1888111888111888,36,143,15249,133,train,143,143
55,98,20,64,17,41,0.3106060606060606,55,132,19344,True,134,1114,0,9339,23,75,6,38,10,29,0.2196969696969697,44,132,9339,134,train,132,132
47,94,31,60,15,33,0.22916666666666666,46,144,27782,True,135,1276,0,15683,29,65,16,41,9,23,0.1597222222222222,35,144,15683,135,train,144,144
42,87,24,52,13,28,0.21374045801526717,39,131,24235,True,136,1267,0,14432,28,59,14,37,8,20,0.15267175572519084,31,131,14432,136,train,131,131
31,63,25,44,11,23,0.19166666666666668,32,120,22032,True,137,1266,0,12623,24,49,13,27,7,16,0.13333333333333333,24,120,12623,137,train,120,120
40,88,28,50,13,28,0.2028985507246377,40,138,23020,True,138,1262,0,13428,30,65,13,35,9,22,0.15942028985507245,32,138,13428,138,train,138,138
38,78,28,49,13,27,0.21428571428571427,36,126,25613,True,139,1266,0,14921,25,60,16,35,9,19,0.15079365079365079,28,126,14921,139,train,126,126
40,92,28,55,14,29,0.2013888888888889,43,144,27065,True,140,1254,0,16250,27,65,17,34,9,20,0.1388888888888889,30,144,16250,140,train,144,144
55,86,32,61,15,33,0.2426470588235294,46,136,28626,True,141,1243,0,16355,28,71,18,42,10,23,0.16911764705882354,36,136,16355,141,train,136,136
48,105,31,63,15,34,0.2463768115942029,48,138,27699,True,142,1230,0,15570,30,72,18,37,10,24,0.17391304347826086,36,138,15570,142,train,138,138
30,81,19,43,10,22,0.1732283464566929,34,127,21009,True,143,1282,0,12043,16,47,10,24,6,13,0.10236220472440945,22,127,12043,143,train,127,127
27,62,17,34,9,20,0.18691588785046728,28,107,16489,True,144,1273,0,8858,16,41,9,24,6,13,0.12149532710280374,21,107,8858,144,train,107,107
28,65,19,40,9,19,0.19,29,100,19160,True,145,1299,0,11006,19,46,11,22,6,14,0.14,20,100,11006,145,train,100,100
46,98,24,55,15,34,0.2446043165467626,48,139,21479,True,146,1273,0,11081,25,60,9,33,9,23,0.16546762589928057,37,139,11081,146,train,139,139
39,87,24,55,13,28,0.21875,41,128,20323,True,147,1080,0,10982,23,60,17,32,9,19,0.1484375,29,128,10982,147,train,128,128
42,87,28,58,14,31,0.2421875,46,128,23151,True,148,1265,0,11815,25,64,14,35,10,23,0.1796875,34,128,11815,148,train,128,128
42,92,23,57,14,32,0.22695035460992907,44,141,23175,True,149,1269,0,12390,23,60,15,32,9,19,0.1347517730496454,31,141,12390,149,train,141,141
36,84,20,57,15,34,0.2956521739130435,49,115,16447,True,150,1245,0,6221,14,55,5,25,8,23,0.2,36,115,6221,150,train,115,115
25,70,14,37,11,24,0.23300970873786409,37,103,10016,True,151,1093,0,3080,8,37,1,17,7,19,0.18446601941747573,30,103,3080,151,train,103,103
42,80,30,48,14,28,0.2692307692307692,37,104,12678,True,152,657,0,7553,28,56,16,37,9,21,0.20192307692307693,31,104,7553,152,train,104,104
46,104,20,65,15,38,0.24836601307189543,56,153,21662,True,153,1210,0,10670,24,73,10,37,9,27,0.17647058823529413,41,153,10670,153,train,153,153
39,78,16,51,13,32,0.2644628099173554,45,121,15987,True,154,1201,0,8222,17,55,8,31,8,22,0.18181818181818182,34,121,8222,154,train,121,121
42,88,22,54,14,32,0.25,45,128,17135,True,155,1079,0,7661,21,58,7,29,8,21,0.1640625,33,128,7661,155,train,128,128
37,84,24,55,13,29,0.23387096774193547,43,124,20881,True,156,1266,0,10615,20,60,13,28,9,19,0.1532258064516129,30,124,10615,156,train,124,124
39,91,22,57,13,30,0.22388059701492538,46,134,21486,True,157,1219,0,10509,21,61,12,25,8,18,0.13432835820895522,29,134,10509,157,train,134,134
42,88,20,57,13,34,0.2537313432835821,48,134,10709,True,158,707,0,4503,18,48,7,24,7,20,0.14925373134328357,32,134,4503,158,train,134,134
48,101,18,69,18,43,0.2905405405405405,60,148,16806,True,159,1081,0,7467,18,81,6,37,12,32,0.21621621621621623,48,148,7467,159,train,148,148
35,73,16,43,11,26,0.25,38,104,15208,True,160,1235,0,6784,14,43,7,19,7,15,0.14423076923076922,25,104,6784,160,train,104,104
37,90,19,57,14,33,0.27049180327868855,49,122,16612,True,161,1204,0,7211,20,61,6,27,9,23,0.1885245901639344,37,122,7211,161,train,122,122
40,88,24,57,15,33,0.25984251968503935,48,127,17419,True,162,1146,0,6882,20,62,5,26,10,24,0.1889763779527559,38,127,6882,162,train,127,127
27,72,14,40,10,26,0.22033898305084745,40,118,12435,True,163,1128,0,4994,12,41,7,15,6,13,0.11016949152542373,25,118,4994,163,train,118,118
39,94,18,56,14,36,0.28125,50,128,14140,True,164,1047,0,6161,13,56,6,28,8,25,0.1953125,39,128,6161,164,train,128,128
50,88,31,62,18,37,0.31092436974789917,49,119,11153,True,165,618,0,5428,32,68,9,42,12,30,0.25210084033613445,40,119,5428,165,train,119,119
55,106,26,76,19,44,0.32116788321167883,60,137,13978,True,166,774,0,6078,21,81,8,38,11,32,0.23357664233576642,50,137,6078,166,train,137,137
54,98,30,71,19,41,0.3474576271186441,56,118,10259,True,167,520,0,5156,30,78,10,43,12,30,0.2542372881355932,43,118,5156,167,train,118,118
35,77,19,48,13,29,0.25,42,116,13926,True,168,1137,0,5759,14,50,5,25,8,22,0.1896551724137931,33,116,5759,168,train,116,116
31,62,21,42,11,23,0.21904761904761905,33,105,16164,True,169,1235,0,7232,18,40,8,24,7,16,0.1523809523809524,24,105,7232,169,train,105,105
42,94,19,55,13,34,0.2764227642276423,48,123,16035,True,170,1114,0,6659,18,60,9,27,9,23,0.18699186991869918,37,123,6659,170,train,123,123
39,88,17,54,16,35,0.2777777777777778,49,126,14511,True,171,1175,0,4483,10,50,3,23,11,27,0.21428571428571427,39,126,4483,171,train,126,126
38,86,20,50,14,33,0.2727272727272727,49,121,14752,True,172,1134,0,6170,21,61,3,25,10,24,0.19834710743801653,38,121,6170,172,train,121,121
33,85,18,52,12,29,0.232,45,125,16270,True,173,1205,0,7197,15,59,8,24,7,20,0.16,33,125,7197,173,train,125,125
35,80,20,42,12,28,0.20437956204379562,41,137,16128,True,174,1220,0,7832,18,48,8,27,8,19,0.1386861313868613,29,137,7832,174,train,137,137
51,105,29,69,19,41,0.30597014925373134,55,134,11956,True,175,622,0,5805,33,82,10,44,14,33,0.2462686567164179,47,134,5805,175,train,134,134
34,80,22,50,13,29,0.26126126126126126,43,111,15989,True,176,1178,0,6451,17,49,8,25,9,21,0.1891891891891892,31,111,6451,176,train,111,111
48,100,30,62,18,38,0.2676056338028169,53,142,21647,True,177,1180,0,9198,28,66,9,37,12,28,0.19718309859154928,40,142,9198,177,train,142,142
25,72,11,39,9,24,0.1889763779527559,37,127,13208,True,178,1247,0,6126,11,43,6,15,5,14,0.11023622047244094,28,127,6126,178,train,127,127
33,67,18,48,12,28,0.22764227642276422,40,123,12589,True,179,1042,0,5376,15,48,4,22,7,19,0.15447154471544716,31,123,5376,179,train,123,123
30,80,14,46,12,29,0.25,44,116,10569,True,180,967,0,4112,10,43,5,19,6,18,0.15517241379310345,31,116,4112,180,train,116,116
47,79,22,60,15,34,0.2857142857142857,46,119,19465,True,181,1225,0,8805,17,63,7,36,8,25,0.21008403361344538,36,119,8805,181,train,119,119
36,82,21,51,14,31,0.2440944881889764,45,127,16083,True,182,1217,0,7050,17,53,4,28,8,23,0.18110236220472442,34,127,7050,182,train,127,127
40,93,27,58,16,33,0.24087591240875914,50,137,20912,True,183,1190,0,9728,27,65,11,33,12,25,0.18248175182481752,35,137,9728,183,train,137,137
37,83,19,50,14,33,0.25,47,132,13850,True,184,1070,0,5604,16,55,5,25,9,25,0.1893939393939394,38,132,5604,184,train,132,132
42,105,26,69,18,40,0.27972027972027974,58,143,17642,True,185,1098,0,6539,22,69,5,29,11,27,0.1888111888111888,42,143,6539,185,train,143,143
38,89,23,55,14,32,0.24615384615384617,47,130,16551,True,186,1102,0,6622,15,56,7,26,8,23,0.17692307692307693,36,130,6622,186,train,130,130
48,106,28,68,17,39,0.2746478873239437,57,142,21281,True,187,1165,0,9313,26,74,10,34,11,28,0.19718309859154928,42,142,9313,187,train,142,142
34,91,20,47,12,29,0.21641791044776118,44,134,11816,True,188,803,0,5852,20,50,9,27,7,19,0.1417910447761194,31,134,5852,188,train,134,134
46,94,19,65,18,42,0.3088235294117647,57,136,15375,True,189,1088,0,5484,12,64,5,28,11,31,0.22794117647058823,47,136,5484,189,train,136,136
52,106,27,65,16,39,0.23780487804878048,54,164,16811,True,190,853,0,7942,25,76,10,38,9,28,0.17073170731707318,45,164,7942,190,train,164,164
31,79,16,48,12,29,0.24369747899159663,43,119,15212,True,191,1220,0,6773,12,52,8,24,7,19,0.15966386554621848,31,119,6773,191,train,119,119
44,99,18,61,15,39,0.3046875,56,128,16888,True,192,1160,0,6724,16,62,7,24,9,24,0.1875,41,128,6724,192,train,128,128
47,90,22,64,16,38,0.3064516129032258,52,124,16026,True,193,1000,0,6166,17,61,6,29,8,25,0.20161290322580644,39,124,6166,193,train,124,124
42,93,21,58,13,33,0.264,48,125,18061,True,194,1060,0,8853,20,64,10,31,8,20,0.16,32,125,8853,194,train,125,125
29,68,15,46,10,25,0.23148148148148148,39,108,14439,True,195,1202,0,5620,10,44,4,17,4,15,0.1388888888888889,26,108,5620,195,train,108,108
38,82,23,50,14,30,0.24,43,125,16281,True,196,1111,0,6678,17,54,6,27,8,21,0.168,32,125,6678,196,train,125,125
36,76,16,48,12,30,0.27522935779816515,42,109,14004,True,197,1127,0,5704,14,51,4,22,7,20,0.1834862385321101,32,109,5704,197,train,109,109
51,93,24,67,18,40,0.31496062992125984,53,127,18289,True,198,1034,0,6913,20,65,5,32,10,27,0.2125984251968504,42,127,6913,198,train,127,127
22,61,13,33,8,19,0.2087912087912088,31,91,11232,True,199,1182,0,4676,9,35,5,10,4,10,0.10989010989010989,20,91,4676,199,train,91,91
45,102,21,66,18,42,0.28378378378378377,60,148,16861,True,200,1036,0,7821,22,77,9,34,12,30,0.20270270270270271,47,148,7821,200,train,148,148
48,108,26,68,18,42,0.29577464788732394,60,142,17322,True,201,1063,0,8694,23,74,11,38,11,30,0.2112676056338028,45,142,8694,201,train,142,142
36,100,18,53,14,35,0.24305555555555555,50,144,16188,True,202,1194,0,6575,18,55,5,27,9,25,0.1736111111111111,38,144,6575,202,train,144,144
45,90,19,63,16,38,0.3247863247863248,53,117,18127,True,203,1220,0,6509,12,62,6,27,8,26,0.2222222222222222,41,117,6509,203,train,117,117
49,102,27,70,19,41,0.2827586206896552,59,145,17734,True,204,1031,0,6736,20,71,4,35,11,30,0.20689655172413793,46,145,6736,204,train,145,145
44,92,21,63,14,36,0.2571428571428571,50,140,18622,True,205,1184,0,8237,16,62,9,28,7,23,0.16428571428571428,38,140,8237,205,train,140,140
45,95,27,65,17,38,0.29457364341085274,53,129,19843,True,206,1120,0,8211,20,61,9,34,10,25,0.1937984496124031,38,129,8211,206,train,129,129
46,110,17,69,16,43,0.28859060402684567,62,149,18411,True,207,1195,0,8034,17,78,9,31,10,30,0.20134228187919462,50,149,8034,207,train,149,149
34,76,19,45,15,30,0.2631578947368421,43,114,12726,True,208,1105,0,4058,12,46,4,24,9,24,0.21052631578947367,35,114,4058,208,train,114,114
44,84,15,57,16,38,0.336283185840708,50,113,15242,True,209,1217,0,5237,14,52,4,21,8,23,0.20353982300884957,36,113,5237,209,train,113,113
49,109,22,64,16,40,0.26143790849673204,57,153,21274,True,210,1252,0,9738,21,74,7,38,10,30,0.19607843137254902,46,153,9738,210,train,153,153
35,88,14,48,12,31,0.23484848484848486,45,132,15022,True,211,1192,0,6708,14,54,6,27,8,24,0.18181818181818182,37,132,6708,211,train,132,132
40,87,21,51,15,33,0.275,47,120,16426,True,212,1188,0,6343,16,57,6,29,10,25,0.20833333333333334,37,120,6343,212,train,120,120
42,88,21,58,14,33,0.2682926829268293,48,123,19586,True,213,1229,0,9460,20,62,10,32,9,23,0.18699186991869918,37,123,9460,213,train,123,123
32,74,22,47,12,25,0.22123893805309736,37,113,16982,True,214,1238,0,8762,22,46,8,26,8,20,0.17699115044247787,27,113,8762,214,train,113,113
46,100,20,62,16,40,0.2684563758389262,56,149,18364,True,215,1187,0,8289,22,70,7,32,10,29,0.19463087248322147,45,149,8289,215,train,149,149
39,89,21,52,12,30,0.24,45,125,18226,True,216,1214,0,8692,22,56,9,27,7,20,0.16,31,125,8692,216,train,125,125
56,115,26,77,22,49,0.3202614379084967,66,153,21717,True,217,1227,0,8374,20,77,5,41,15,37,0.24183006535947713,53,153,8374,217,train,153,153
36,84,23,48,14,30,0.23809523809523808,45,126,16799,True,218,1205,0,7896,19,58,6,29,8,22,0.1746031746031746,34,126,7896,218,train,126,126
39,77,13,51,13,32,0.29906542056074764,43,107,14487,True,219,1143,0,5371,10,47,6,21,6,19,0.17757009345794392,30,107,5371,219,train,107,107
34,86,21,48,13,27,0.2125984251968504,41,127,16273,True,220,1081,0,8156,20,57,9,31,9,21,0.16535433070866143,33,127,8156,220,train,127,127
49,113,29,75,18,43,0.2847682119205298,63,151,17965,True,221,905,0,9428,30,86,12,40,12,31,0.2052980132450331,49,151,9428,221,train,151,151
45,81,20,55,13,34,0.2809917355371901,46,121,16139,True,222,1127,0,7324,17,58,9,32,8,23,0.19008264462809918,35,121,7324,222,train,121,121
37,81,14,49,12,32,0.2807017543859649,46,114,14380,True,223,1192,0,5121,8,46,6,17,6,19,0.16666666666666666,34,114,5121,223,train,114,114
42,101,16,60,14,37,0.25170068027210885,52,147,19201,True,224,1208,0,8729,16,59,11,29,8,23,0.1564625850340136,38,147,8729,224,train,147,147
41,98,16,62,15,37,0.2605633802816901,56,142,17231,True,225,1206,0,6973,15,57,7,21,8,22,0.15492957746478872,37,142,6973,225,train,142,142
35,81,16,48,12,30,0.2631578947368421,42,114,14913,True,226,1187,0,6013,13,47,7,21,7,18,0.15789473684210525,30,114,6013,226,train,114,114
37,100,16,60,17,39,0.3023255813953488,56,129,14068,True,227,1085,0,4629,11,59,4,22,10,29,0.2248062015503876,45,129,4629,227,train,129,129
45,102,27,67,16,35,0.23972602739726026,52,146,24159,True,228,1258,0,11681,25,69,16,33,11,23,0.15753424657534246,37,146,11681,228,train,146,146
40,97,20,60,15,36,0.26666666666666666,53,135,20149,True,229,1249,0,8398,18,64,7,27,9,23,0.17037037037037037,39,135,8398,229,train,135,135
50,117,26,68,19,43,0.23497267759562843,65,183,22219,True,230,1184,0,8363,17,73,7,36,11,32,0.17486338797814208,47,183,8363,230,train,183,183
33,68,11,50,11,30,0.24793388429752067,42,121,9114,True,231,719,0,4526,17,57,7,27,7,23,0.19008264462809918,37,121,4526,231,train,121,121
35,99,17,56,12,34,0.23448275862068965,53,145,16501,True,232,1155,0,7396,15,62,6,23,6,20,0.13793103448275862,36,145,7396,232,train,145,145
32,85,21,44,13,27,0.2231404958677686,40,121,15868,True,233,1181,0,7160,19,47,9,25,8,19,0.15702479338842976,28,121,7160,233,train,121,121
38,83,16,49,12,30,0.24390243902439024,43,123,16627,True,234,1198,0,7291,14,51,7,25,7,20,0.16260162601626016,32,123,7291,234,train,123,123
35,70,16,45,11,28,0.25925925925925924,38,108,15203,True,235,1161,0,5961,14,45,8,20,7,17,0.1574074074074074,27,108,5961,235,train,108,108
32,93,17,54,14,34,0.2518518518518518,51,135,14392,True,236,1139,0,6600,15,60,7,25,9,24,0.17777777777777778,40,135,6600,236,train,135,135
41,94,18,55,16,38,0.2814814814814815,55,135,15380,True,237,1178,0,6206,17,55,4,28,10,27,0.2,41,135,6206,237,train,135,135
33,72,17,47,11,27,0.226890756302521,39,119,13770,True,238,1079,0,5501,10,45,7,16,5,17,0.14285714285714285,30,119,5501,238,train,119,119
29,61,20,38,10,22,0.23655913978494625,30,93,15461,True,239,1236,0,6760,13,38,6,22,5,14,0.15053763440860216,21,93,6760,239,train,93,93
40,102,26,62,16,38,0.2585034013605442,56,147,16344,True,240,1011,0,7219,23,68,8,30,12,27,0.1836734693877551,44,147,7219,240,train,147,147
36,96,18,48,12,30,0.2158273381294964,46,139,13410,True,241,948,0,6079,18,59,8,24,8,21,0.1510791366906475,36,139,6079,241,train,139,139
44,89,22,60,16,37,0.27611940298507465,50,134,18078,True,242,1181,0,6380,13,57,6,28,9,26,0.19402985074626866,38,134,6380,242,train,134,134
37,75,18,51,12,30,0.22556390977443608,42,133,15049,True,243,1131,0,6955,17,50,7,25,7,20,0.15037593984962405,32,133,6955,243,train,133,133
38,81,22,55,13,30,0.23622047244094488,43,127,17899,True,244,1196,0,8825,21,53,9,29,8,21,0.16535433070866143,31,127,8825,244,train,127,127
40,98,22,60,17,37,0.25,54,148,17107,True,245,1189,0,6133,18,57,2,29,12,28,0.1891891891891892,43,148,6133,245,train,148,148
31,100,17,57,14,39,0.2826086956521739,57,138,15147,True,246,1175,0,5514,13,59,5,18,8,26,0.18840579710144928,45,138,5514,246,train,138,138
30,65,18,41,10,23,0.23,34,100,15521,True,247,1260,0,7802,16,47,8,25,6,16,0.16,24,100,7802,247,train,100,100
27,64,20,39,11,22,0.23404255319148937,32,94,8327,True,248,659,0,3904,18,42,10,22,7,16,0.1702127659574468,24,94,3904,248,train,94,94
47,90,25,60,16,36,0.2706766917293233,50,133,17890,True,249,1089,0,6789,17,59,9,28,9,24,0.18045112781954886,37,133,6789,249,train,133,133
37,79,16,48,12,30,0.26548672566371684,43,113,11129,True,250,885,0,4617,13,52,4,19,5,18,0.1592920353982301,32,113,4617,250,train,113,113
41,87,25,53,15,33,0.23404255319148937,47,141,19944,True,251,1275,0,8919,18,56,7,32,8,24,0.1702127659574468,35,141,8919,251,train,141,141
35,98,23,54,12,29,0.21014492753623187,48,138,14966,True,252,873,0,7875,21,66,13,25,8,19,0.13768115942028986,31,138,7875,252,train,138,138
34,78,15,39,11,27,0.20149253731343283,39,134,14759,True,253,1207,0,6472,13,43,5,24,6,17,0.12686567164179105,27,134,6472,253,train,134,134
36,75,16,49,14,31,0.2818181818181818,41,110,15317,True,254,1249,0,6027,15,45,4,28,8,23,0.20909090909090908,33,110,6027,254,train,110,110
34,78,22,43,12,26,0.22033898305084745,37,118,18411,True,255,1259,0,9390,21,48,8,26,7,18,0.15254237288135594,27,118,9390,255,train,118,118
28,64,16,39,10,22,0.2222222222222222,33,99,13770,True,256,1175,0,5986,13,38,6,19,6,13,0.13131313131313133,21,99,5986,256,train,99,99
48,100,22,56,16,38,0.25675675675675674,51,148,18186,True,257,1178,0,7247,16,59,6,32,8,27,0.18243243243243243,41,148,7247,257,train,148,148
37,91,19,54,13,33,0.24087591240875914,49,137,18344,True,258,1253,0,8574,17,61,8,30,8,24,0.17518248175182483,37,137,8574,258,train,137,137
46,92,21,64,15,38,0.2773722627737226,52,137,19480,True,259,1238,0,8760,19,65,9,33,10,28,0.20437956204379562,42,137,8760,259,train,137,137
37,79,20,47,12,29,0.23015873015873015,41,126,17462,True,260,1233,0,9232,19,49,8,30,7,20,0.15873015873015872,30,126,9232,260,train,126,126
32,67,21,45,10,23,0.21296296296296297,34,108,18080,True,261,1266,0,10023,20,45,8,25,6,16,0.14814814814814814,25,108,10023,261,train,108,108
45,106,24,68,16,39,0.2532467532467532,58,154,17416,True,262,1004,0,8412,22,74,8,31,9,26,0.16883116883116883,44,154,8412,262,train,154,154
35,100,21,57,14,33,0.24087591240875914,52,137,18449,True,263,1194,0,6926,18,58,5,27,9,22,0.16058394160583941,34,137,6926,263,train,137,137
22,67,15,35,10,23,0.23232323232323232,37,99,10205,True,264,1036,0,3635,14,35,4,18,7,15,0.15151515151515152,24,99,3635,264,train,99,99
37,82,19,55,15,34,0.3119266055045872,48,109,11977,True,265,976,0,4296,11,52,3,25,8,24,0.22018348623853212,36,109,4296,265,train,109,109
40,104,18,61,15,39,0.2635135135135135,57,148,13927,True,266,915,0,5585,17,62,9,26,9,23,0.1554054054054054,40,148,5585,266,train,148,148
37,102,18,55,14,37,0.2781954887218045,56,133,15151,True,267,1131,0,5557,11,55,5,21,7,24,0.18045112781954886,41,133,5557,267,train,133,133
34,89,24,52,13,30,0.21739130434782608,48,138,10934,True,268,716,0,5722,22,60,11,29,9,21,0.15217391304347827,33,138,5722,268,train,138,138
44,86,22,60,14,33,0.2661290322580645,47,124,16975,True,269,1093,0,8279,20,61,9,30,8,24,0.1935483870967742,37,124,8279,269,train,124,124
47,88,22,60,15,36,0.2608695652173913,49,138,18666,True,270,1150,0,9426,23,67,7,39,10,27,0.1956521739130435,39,138,9426,270,train,138,138
43,86,25,59,14,33,0.2558139534883721,48,129,17594,True,271,1037,0,9089,25,66,13,33,10,24,0.18604651162790697,37,129,9089,271,train,129,129
40,89,20,54,13,31,0.23134328358208955,46,134,17713,True,272,1150,0,8914,19,65,10,31,9,23,0.17164179104477612,37,134,8914,272,train,134,134
34,77,13,48,12,31,0.2897196261682243,45,107,12333,True,273,1091,0,5228,13,55,5,23,7,22,0.205607476635514,35,107,5228,273,train,107,107
36,71,24,47,13,28,0.24347826086956523,37,115,18159,True,274,1183,0,9219,24,54,8,32,8,21,0.1826086956521739,30,115,9219,274,train,115,115
29,61,21,37,10,21,0.17355371900826447,28,121,19300,True,275,1242,0,11424,19,41,12,27,7,15,0.12396694214876033,22,121,11424,275,train,121,121
43,103,21,65,14,37,0.2605633802816901,56,142,22878,True,276,1256,0,11758,20,74,11,33,8,22,0.15492957746478872,38,142,11758,276,train,142,142
47,115,30,67,17,38,0.24358974358974358,57,156,21486,True,277,1073,0,9911,26,70,12,36,11,26,0.16666666666666666,39,156,9911,277,train,156,156
51,100,28,69,16,37,0.2740740740740741,53,135,21166,True,278,1065,0,10012,24,67,12,35,9,24,0.17777777777777778,38,135,10012,278,train,135,135
43,93,21,59,14,35,0.2631578947368421,50,133,20355,True,279,1225,0,9619,19,65,9,32,8,24,0.18045112781954886,37,133,9619,279,train,133,133
36,91,25,49,13,29,0.2283464566929134,43,127,17930,True,280,1103,0,9033,22,49,10,30,8,19,0.14960629921259844,29,127,9033,280,train,127,127
47,104,23,65,17,40,0.2684563758389262,58,149,17715,True,281,1017,0,7110,20,69,8,29,10,26,0.174496644295302,43,149,7110,281,train,149,149
36,100,19,55,13,35,0.24822695035460993,53,141,7895,True,282,555,0,3833,15,63,9,23,7,22,0.15602836879432624,40,141,3833,282,train,141,141
41,96,22,60,14,33,0.24812030075187969,50,133,22487,True,283,1255,0,10256,24,63,11,29,9,21,0.15789473684210525,32,133,10256,283,train,133,133
36,92,19,50,13,31,0.23484848484848486,47,132,18883,True,284,1270,0,7883,15,57,5,26,7,21,0.1590909090909091,33,132,7883,284,train,132,132
53,107,26,66,18,42,0.2857142857142857,57,147,17686,True,285,1061,0,6661,19,67,6,30,11,32,0.21768707482993196,48,147,6661,285,train,147,147
42,93,25,61,14,35,0.2517985611510791,50,139,20731,True,286,1249,0,10009,21,62,9,30,8,21,0.1510791366906475,33,139,10009,286,train,139,139
35,77,21,48,12,28,0.21705426356589147,40,129,17935,True,287,1217,0,9019,20,52,11,31,8,21,0.16279069767441862,31,129,9019,287,train,129,129
54,104,30,77,17,41,0.2808219178082192,58,146,22788,True,288,1081,0,13146,34,87,13,45,11,31,0.21232876712328766,45,146,13146,288,train,146,146
48,86,30,57,14,32,0.22377622377622378,44,143,27002,True,289,1278,0,16560,31,66,15,44,9,23,0.16083916083916083,35,143,16560,289,train,143,143
47,98,26,59,15,33,0.2129032258064516,46,155,25259,True,290,1188,0,16093,31,71,21,45,11,24,0.15483870967741936,37,155,16093,290,train,155,155
46,87,23,57,13,32,0.24060150375939848,46,133,23538,True,291,1282,0,13106,22,66,13,34,9,21,0.15789473684210525,34,133,13106,291,train,133,133
45,90,25,58,13,30,0.2097902097902098,44,143,26573,True,292,1289,0,15363,24,67,15,37,9,20,0.13986013986013987,32,143,15363,292,train,143,143
43,91,27,57,14,29,0.21014492753623187,44,138,25485,True,293,1273,0,14900,25,65,16,36,9,21,0.15217391304347827,32,138,14900,293,train,138,138
46,97,24,62,15,36,0.24161073825503357,51,149,21670,True,294,1249,0,11625,26,72,12,38,11,27,0.18120805369127516,41,149,11625,294,train,149,149
41,92,20,59,14,35,0.2517985611510791,51,139,19517,True,295,1246,0,9240,18,63,10,25,9,22,0.15827338129496402,39,139,9240,295,train,139,139
42,93,23,56,15,34,0.2463768115942029,47,138,21155,True,296,1279,0,10789,23,60,9,39,10,26,0.18840579710144928,38,138,10789,296,train,138,138
30,63,20,42,10,22,0.20754716981132076,31,106,18124,True,297,1224,0,9827,20,50,9,25,6,15,0.14150943396226415,23,106,9827,297,train,106,106
41,84,22,57,13,31,0.2767857142857143,44,112,17928,True,298,1100,0,8036,18,58,9,28,7,19,0.16964285714285715,32,112,8036,298,train,112,112
41,108,23,63,14,33,0.2214765100671141,51,149,23696,True,299,1277,0,13124,25,71,17,36,10,22,0.1476510067114094,36,149,13124,299,train,149,149
45,79,28,52,14,29,0.2248062015503876,40,129,24886,True,300,1245,0,15918,28,62,17,42,10,23,0.17829457364341086,33,129,15918,300,train,129,129
59,106,31,74,18,39,0.2746478873239437,54,142,30848,True,301,1234,0,13826,28,67,14,40,10,23,0.1619718309859155,35,142,13826,301,train,142,142
46,94,24,62,15,37,0.25170068027210885,52,147,18066,True,302,1051,0,9006,22,69,6,34,6,26,0.17687074829931973,40,147,9006,302,train,147,147
36,83,21,45,12,27,0.20454545454545456,39,132,18245,True,303,1190,0,9816,20,54,13,29,8,19,0.14393939393939395,28,132,9816,303,train,132,132
57,111,30,76,18,42,0.2781456953642384,59,151,22444,True,304,1051,0,11914,29,79,16,46,11,30,0.1986754966887417,46,151,11914,304,train,151,151
50,92,34,60,17,35,0.2755905511811024,47,127,24561,True,305,1229,0,12415,29,63,12,41,11,26,0.2047244094488189,37,127,12415,305,train,127,127
22,58,13,31,7,17,0.1619047619047619,27,105,12484,True,306,1234,0,6533,9,32,6,16,4,10,0.09523809523809523,18,105,6533,306,train,105,105
48,80,28,61,14,32,0.27586206896551724,45,116,23527,True,307,1225,0,12430,24,66,13,36,9,21,0.1810344827586207,34,116,12430,307,train,116,116
35,60,25,41,10,24,0.22018348623853212,32,109,18790,True,308,1222,0,10520,19,47,10,29,6,16,0.14678899082568808,26,109,10520,308,train,109,109
48,91,26,59,14,33,0.2578125,47,128,22596,True,309,1199,0,12078,26,64,12,39,9,25,0.1953125,38,128,12078,309,train,128,128
38,81,18,56,15,33,0.2894736842105263,47,114,16572,True,310,1212,0,6419,17,49,7,23,9,22,0.19298245614035087,34,114,6419,310,train,114,114
41,77,21,54,11,29,0.26605504587155965,41,109,17322,True,311,1051,0,9386,18,59,9,29,6,18,0.1651376146788991,29,109,9386,311,train,109,109
49,98,26,59,16,36,0.26277372262773724,48,137,18706,True,312,1037,0,9227,27,64,11,39,10,26,0.1897810218978102,38,137,9227,312,train,137,137
43,78,21,56,15,33,0.28205128205128205,45,117,17466,True,313,1184,0,6868,18,57,7,28,9,23,0.19658119658119658,35,117,6868,313,train,117,117
40,105,19,56,17,38,0.24516129032258063,56,155,17361,True,314,1217,0,7227,20,60,5,31,12,28,0.18064516129032257,42,155,7227,314,train,155,155
41,88,24,53,14,30,0.2459016393442623,43,122,21437,True,315,1249,0,11405,26,61,11,32,9,22,0.18032786885245902,32,122,11405,315,train,122,122
46,89,29,60,15,32,0.24060150375939848,44,133,22756,True,316,1260,0,12405,28,64,13,37,10,24,0.18045112781954886,36,133,12405,316,train,133,133
32,77,22,42,11,22,0.1896551724137931,33,116,19839,True,317,1224,0,11453,19,45,14,24,7,15,0.12931034482758622,22,116,11453,317,train,116,116
36,82,24,52,11,26,0.2047244094488189,40,127,20586,True,318,1255,0,11177,17,63,10,29,6,18,0.14173228346456693,31,127,11177,318,train,127,127
33,61,20,42,10,21,0.21649484536082475,31,97,16646,True,319,1116,0,8449,17,45,9,21,6,14,0.14432989690721648,20,97,8449,319,train,97,97
52,101,33,64,16,35,0.23026315789473684,49,152,29874,True,320,1232,0,18035,34,76,18,47,11,26,0.17105263157894737,39,152,18035,320,train,152,152
42,81,23,51,12,26,0.22413793103448276,38,116,25507,True,321,1299,0,16464,25,58,15,34,8,18,0.15517241379310345,28,116,16464,321,train,116,116
42,73,29,52,13,27,0.21774193548387097,37,124,26160,True,322,1252,0,15893,26,62,18,36,9,19,0.1532258064516129,29,124,15893,322,train,124,124
38,81,26,47,13,23,0.184,33,125,28981,True,323,1293,0,19971,23,57,19,30,9,17,0.136,22,125,19971,323,train,125,125
48,79,27,53,13,31,0.2440944881889764,41,127,27523,True,324,1267,0,16637,25,67,16,42,9,20,0.15748031496062992,32,127,16637,324,train,127,127
48,89,26,63,13,31,0.22794117647058823,44,136,26925,True,325,1259,0,16982,23,67,17,38,9,19,0.13970588235294118,32,136,16982,325,train,136,136
34,71,25,47,11,24,0.22857142857142856,33,105,22292,True,326,1278,0,13574,23,52,12,31,7,17,0.1619047619047619,25,105,13574,326,train,105,105
39,76,21,50,12,28,0.24561403508771928,40,114,18955,True,327,1267,0,8815,19,50,7,23,7,18,0.15789473684210525,27,114,8815,327,train,114,114
45,98,18,64,14,36,0.2608695652173913,53,138,21707,True,328,1248,0,11697,22,69,12,34,9,24,0.17391304347826086,39,138,11697,328,train,138,138
44,93,20,62,13,33,0.2391304347826087,50,138,22040,True,329,1251,0,10982,19,61,11,29,7,18,0.13043478260869565,31,138,10982,329,train,138,138
43,89,25,58,14,33,0.25,46,132,20945,True,330,1205,0,9130,15,51,9,29,7,18,0.13636363636363635,29,132,9130,330,train,132,132
44,89,25,59,15,34,0.25757575757575757,48,132,18771,True,331,1107,0,9139,24,61,8,34,9,23,0.17424242424242425,35,132,9139,331,train,132,132
47,106,18,65,14,39,0.2653061224489796,56,147,20375,True,332,1250,0,8938,13,60,9,26,7,22,0.14965986394557823,39,147,8938,332,train,147,147
47,94,29,66,17,37,0.296,51,125,23376,True,333,1277,0,10263,27,73,7,37,11,29,0.232,42,125,10263,333,train,125,125
38,79,23,46,13,27,0.24770642201834864,39,109,19782,True,334,1264,0,9990,23,56,10,30,9,20,0.1834862385321101,30,109,9990,334,train,109,109
37,79,20,52,12,29,0.23770491803278687,42,122,16925,True,335,1161,0,8471,17,58,7,30,7,20,0.16393442622950818,33,122,8471,335,train,122,122
55,132,29,84,19,48,0.2891566265060241,71,166,26995,True,336,1248,0,12583,24,82,13,38,10,29,0.1746987951807229,48,166,12583,336,train,166,166
38,78,23,50,14,30,0.27522935779816515,42,109,17484,True,337,1190,0,7627,18,58,7,30,8,22,0.2018348623853211,31,109,7627,337,train,109,109
37,87,21,56,13,30,0.234375,45,128,19867,True,338,1273,0,8232,19,52,7,24,8,19,0.1484375,30,128,8232,338,train,128,128
27,57,17,34,9,18,0.18181818181818182,26,99,17550,True,339,1286,0,9900,18,39,10,19,5,13,0.13131313131313133,17,99,9900,339,train,99,99
42,72,21,52,12,29,0.2543859649122807,39,114,22103,True,340,1289,0,13233,22,57,14,36,7,19,0.16666666666666666,30,114,13233,340,train,114,114
36,85,15,50,14,33,0.2682926829268293,47,123,10983,True,341,904,0,3771,9,52,5,21,7,23,0.18699186991869918,38,123,3771,341,train,123,123
44,86,30,53,14,31,0.24031007751937986,43,129,21967,True,342,1150,0,9975,20,59,13,34,9,20,0.15503875968992248,31,129,9975,342,train,129,129
47,111,27,63,16,36,0.2465753424657534,53,146,25138,True,343,1247,0,13835,29,70,14,40,11,26,0.1780821917808219,38,146,13835,343,train,146,146
46,92,26,59,15,35,0.26515151515151514,48,132,22798,True,344,1284,0,11105,24,65,11,38,10,27,0.20454545454545456,38,132,11105,344,train,132,132
47,90,16,64,17,40,0.3076923076923077,54,130,12952,True,345,944,0,4576,10,55,4,22,8,28,0.2153846153846154,43,130,4576,345,train,130,130
43,95,21,62,15,36,0.2589928057553957,52,139,20036,True,346,1222,0,9508,19,61,11,35,9,26,0.18705035971223022,40,139,9508,346,train,139,139
40,86,20,47,11,29,0.25,41,116,19771,True,347,1282,0,10944,20,54,10,33,6,20,0.1724137931034483,30,116,10944,347,train,116,116
54,104,26,69,17,41,0.30597014925373134,56,134,19876,True,348,1005,0,7415,20,58,9,35,10,27,0.20149253731343283,39,134,7415,348,train,134,134
59,107,35,69,19,42,0.3,56,140,23915,True,349,1122,0,11006,32,71,12,47,13,31,0.22142857142857142,44,140,11006,349,train,140,140
46,85,24,58,15,33,0.25190839694656486,46,131,22332,True,350,1272,0,10638,22,65,11,38,11,25,0.19083969465648856,38,131,10638,350,train,131,131
39,81,22,52,11,28,0.2074074074074074,41,135,21847,True,351,1252,0,13230,19,68,11,33,7,18,0.13333333333333333,32,135,13230,351,train,135,135
47,95,36,57,16,33,0.24087591240875914,43,137,25473,True,352,1173,0,14248,33,67,13,41,10,26,0.1897810218978102,35,137,14248,352,train,137,137
43,97,27,54,14,31,0.2108843537414966,45,147,21516,True,353,1071,0,10352,23,64,12,35,9,22,0.14965986394557823,33,147,10352,353,train,147,147
42,99,22,65,15,38,0.27941176470588236,55,136,20662,True,354,1282,0,9085,19,66,8,29,9,24,0.17647058823529413,40,136,9085,354,train,136,136
32,78,18,44,11,28,0.2413793103448276,41,116,15482,True,355,1277,0,6988,16,47,6,24,6,18,0.15517241379310345,27,116,6988,355,train,116,116
30,66,15,43,10,25,0.26881720430107525,36,93,8493,True,356,781,0,3034,10,43,6,15,6,16,0.17204301075268819,26,93,3034,356,train,93,93
50,110,28,69,18,41,0.3037037037037037,58,135,20587,True,357,1112,0,8199,23,65,9,31,9,25,0.18518518518518517,39,135,8199,357,train,135,135
36,95,22,55,12,31,0.2421875,48,128,15574,True,358,1014,0,6694,16,53,8,26,7,19,0.1484375,32,128,6694,358,train,128,128
48,98,20,62,16,41,0.2751677852348993,55,149,16322,True,359,1058,0,6989,18,67,6,31,10,29,0.19463087248322147,46,149,6989,359,train,149,149
41,94,23,53,14,33,0.2426470588235294,47,136,19414,True,360,1209,0,9002,19,58,10,33,8,24,0.17647058823529413,36,136,9002,360,train,136,136
41,90,19,54,14,33,0.25984251968503935,47,127,18557,True,361,1275,0,7588,14,58,7,26,8,24,0.1889763779527559,37,127,7588,361,train,127,127
28,66,17,40,9,20,0.1941747572815534,31,103,16989,True,362,1259,0,8684,16,40,10,18,6,12,0.11650485436893204,18,103,8684,362,train,103,103
35,98,22,51,13,29,0.21804511278195488,44,133,21069,True,363,1280,0,9929,17,53,10,25,7,17,0.12781954887218044,29,133,9929,363,train,133,133
36,89,23,52,12,29,0.19727891156462585,43,147,21396,True,364,1276,0,11326,20,56,13,28,8,18,0.12244897959183673,29,147,11326,364,train,147,147
37,75,21,47,12,26,0.23008849557522124,38,113,20407,True,365,1274,0,10607,18,51,9,30,7,18,0.1592920353982301,29,113,10607,365,train,113,113
48,102,23,60,15,35,0.2536231884057971,50,138,22930,True,366,1250,0,12376,22,66,13,39,9,24,0.17391304347826086,38,138,12376,366,train,138,138
49,112,28,72,17,42,0.2692307692307692,62,156,22441,True,367,1191,0,10575,26,74,9,37,9,28,0.1794871794871795,44,156,10575,367,train,156,156
43,100,25,64,15,37,0.24666666666666667,53,150,21863,True,368,1173,0,11356,27,77,14,39,11,28,0.18666666666666668,42,150,11356,368,train,150,150
44,82,30,52,16,32,0.24615384615384617,42,130,20625,True,369,1194,0,10987,30,64,10,38,11,26,0.2,35,130,10987,369,train,130,130
34,61,21,40,11,24,0.24,31,100,16571,True,370,1122,0,8841,21,47,9,31,7,18,0.18,27,100,8841,370,train,100,100
47,87,22,65,15,38,0.31666666666666665,52,120,16884,True,371,1029,0,7308,18,62,8,35,10,26,0.21666666666666667,40,120,7308,371,train,120,120
42,83,22,48,12,31,0.2719298245614035,43,114,19056,True,372,1252,0,9129,17,51,11,29,8,19,0.16666666666666666,31,114,9129,372,train,114,114
40,94,14,56,12,34,0.2595419847328244,49,131,17240,True,373,1205,0,8142,15,60,8,26,6,21,0.16030534351145037,36,131,8142,373,train,131,131
41,98,26,67,14,35,0.26515151515151514,53,132,20691,True,374,1216,0,9930,21,68,12,35,9,25,0.1893939393939394,38,132,9930,374,train,132,132
42,92,21,56,13,32,0.22695035460992907,46,141,21238,True,375,1252,0,11786,24,62,11,30,9,21,0.14893617021276595,33,141,11786,375,train,141,141
40,77,24,50,12,28,0.2413793103448276,39,116,21990,True,376,1284,0,12529,19,56,12,33,7,18,0.15517241379310345,29,116,12529,376,train,116,116
40,83,20,52,13,30,0.2631578947368421,43,114,17192,True,377,1187,0,8340,18,53,7,27,7,20,0.17543859649122806,31,114,8340,377,train,114,114
43,98,20,53,13,34,0.22666666666666666,50,150,20558,True,378,1222,0,10737,19,63,12,31,8,21,0.14,36,150,10737,378,train,150,150
42,94,25,60,15,34,0.2556390977443609,48,133,19836,True,379,1158,0,11027,26,76,13,38,11,27,0.20300751879699247,40,133,11027,379,train,133,133
38,85,22,51,15,33,0.27049180327868855,45,122,10744,True,380,792,0,5180,17,62,7,35,10,27,0.22131147540983606,37,122,5180,380,train,122,122
55,115,28,73,20,44,0.2802547770700637,62,157,18144,True,381,978,0,7988,28,74,9,37,12,31,0.19745222929936307,48,157,7988,381,train,157,157
45,111,27,66,16,36,0.23529411764705882,56,153,23002,True,382,1179,0,11831,25,74,14,36,10,24,0.1568627450980392,39,153,11831,382,train,153,153
31,85,22,44,11,24,0.1791044776119403,37,134,20849,True,383,1254,0,11278,16,47,12,25,7,14,0.1044776119402985,24,134,11278,383,train,134,134
39,90,23,53,13,29,0.232,44,125,19836,True,384,1155,0,10899,23,55,15,32,9,20,0.16,31,125,10899,384,train,125,125
43,90,22,56,13,32,0.22695035460992907,46,141,17187,True,385,1038,0,8215,19,62,10,31,9,22,0.15602836879432624,37,141,8215,385,train,141,141
40,107,23,61,14,34,0.20987654320987653,54,162,19797,True,386,1111,0,11108,26,73,14,32,9,23,0.1419753086419753,38,162,11108,386,train,162,162
35,79,23,47,11,24,0.19672131147540983,36,122,22003,True,387,1289,0,12572,20,49,11,27,7,17,0.13934426229508196,26,122,12572,387,train,122,122
35,74,19,44,10,24,0.1889763779527559,35,127,20715,True,388,1294,0,13036,17,52,12,29,7,15,0.11811023622047244,26,127,13036,388,train,127,127
37,79,19,51,11,28,0.24778761061946902,41,113,16883,True,389,1197,0,8195,13,52,7,22,5,15,0.13274336283185842,28,113,8195,389,train,113,113
40,98,19,57,14,34,0.26356589147286824,50,129,16162,True,390,1083,0,7154,18,59,9,28,8,22,0.17054263565891473,36,129,7154,390,train,129,129
43,75,22,51,14,31,0.2767857142857143,41,112,19370,True,391,1260,0,7730,16,52,7,27,7,21,0.1875,32,112,7730,391,train,112,112
35,62,25,46,12,24,0.22641509433962265,33,106,17322,True,392,935,0,11392,26,51,17,34,9,18,0.16981132075471697,26,106,11392,392,train,106,106
55,96,41,70,17,36,0.25,48,144,36757,True,393,1254,0,22101,41,81,22,47,11,27,0.1875,39,144,22101,393,train,144,144
46,100,21,61,15,39,0.2805755395683453,55,139,19507,True,394,1233,0,9023,19,66,7,28,8,26,0.18705035971223022,43,139,9023,394,train,139,139
43,105,15,68,15,44,0.29333333333333333,61,150,17324,True,395,1190,0,6568,11,64,7,25,8,28,0.18666666666666668,46,150,6568,395,train,150,150
43,81,31,55,14,28,0.2222222222222222,39,126,28419,True,396,1270,0,17276,30,64,20,34,9,21,0.16666666666666666,28,126,17276,396,train,126,126
37,89,22,49,12,28,0.2014388489208633,42,139,22379,True,397,1285,0,12092,21,59,12,27,8,18,0.12949640287769784,29,139,12092,397,train,139,139
30,67,15,39,9,23,0.2169811320754717,34,106,14524,True,398,1261,0,6272,11,39,7,17,6,14,0.1320754716981132,24,106,6272,398,train,106,106
41,98,22,56,17,37,0.2846153846153846,54,130,17674,True,399,1240,0,6342,18,58,4,26,10,24,0.18461538461538463,40,130,6342,399,train,130,130
51,109,29,73,19,43,0.25748502994011974,61,167,19615,True,400,1075,0,9268,27,78,11,41,12,32,0.19161676646706588,48,167,9268,400,train,167,167
34,72,15,43,12,28,0.2545454545454545,40,110,14096,True,401,1234,0,5743,12,44,4,22,5,19,0.17272727272727273,29,110,5743,401,train,110,110
50,99,19,66,16,40,0.3076923076923077,56,130,20126,True,402,1191,0,9231,22,68,7,36,9,28,0.2153846153846154,42,130,9231,402,train,130,130
51,102,30,70,17,37,0.24503311258278146,54,151,26723,True,403,1272,0,13689,29,78,15,38,11,28,0.18543046357615894,43,151,13689,403,train,151,151
62,126,31,81,19,48,0.2823529411764706,67,170,29178,True,404,1263,0,14774,32,90,12,45,10,31,0.18235294117647058,50,170,14774,404,train,170,170
36,79,21,50,11,28,0.22580645161290322,41,124,19246,True,405,1284,0,9422,16,58,8,25,7,18,0.14516129032258066,32,124,9422,405,train,124,124
52,103,26,68,17,41,0.271523178807947,57,151,20890,True,406,1162,0,9639,25,67,12,37,11,27,0.17880794701986755,40,151,9639,406,train,151,151
36,81,19,49,12,28,0.1958041958041958,41,143,19480,True,407,1195,0,10587,19,62,13,29,8,19,0.13286713286713286,33,143,10587,407,train,143,143
49,99,21,67,17,41,0.2887323943661972,57,142,19103,True,408,1205,0,8246,17,64,7,28,10,27,0.19014084507042253,45,142,8246,408,train,142,142
45,80,17,54,15,35,0.2845528455284553,47,123,13114,True,409,943,0,3968,11,52,3,17,7,24,0.1951219512195122,40,123,3968,409,train,123,123
43,98,17,64,14,39,0.2671232876712329,56,146,19246,True,410,1249,0,8971,14,66,9,28,8,26,0.1780821917808219,43,146,8971,410,train,146,146
58,114,25,73,21,48,0.294478527607362,65,163,21474,True,411,1198,0,8358,19,74,8,42,12,36,0.22085889570552147,51,163,8358,411,train,163,163
17,48,4,26,8,20,0.2597402597402597,29,77,5931,True,412,1104,0,1376,2,18,1,4,3,13,0.16883116883116883,23,77,1376,412,train,77,77
40,91,13,59,12,36,0.27906976744186046,52,129,13682,True,413,1030,0,4975,11,51,7,17,6,20,0.15503875968992248,37,129,4975,413,train,129,129
27,76,15,43,10,26,0.2184873949579832,40,119,12877,True,414,1146,0,5474,11,48,5,19,5,17,0.14285714285714285,29,119,5474,414,train,119,119
45,112,17,68,20,47,0.3219178082191781,67,146,14532,True,415,1074,0,5376,17,73,2,30,15,36,0.2465753424657534,55,146,5376,415,train,146,146
35,84,21,50,12,29,0.24166666666666667,44,120,17917,True,416,1244,0,7786,17,52,8,24,7,18,0.15,29,120,7786,416,train,120,120
33,85,22,52,13,30,0.25,46,120,17565,True,417,1264,0,7977,16,52,7,25,6,18,0.15,28,120,7977,417,train,120,120
43,98,20,68,19,41,0.3037037037037037,58,135,15013,True,418,1024,0,5198,14,63,4,28,10,30,0.2222222222222222,45,135,5198,418,train,135,135
22,61,10,40,11,26,0.2857142857142857,38,91,8730,True,419,1089,0,2772,8,36,2,15,7,18,0.1978021978021978,29,91,2772,419,train,91,91
21,45,11,29,7,17,0.18478260869565216,26,92,10752,True,420,1235,0,4054,8,29,4,11,5,10,0.10869565217391304,19,92,4054,420,train,92,92
36,90,10,61,17,41,0.328,56,125,12257,True,421,1129,0,3375,7,52,1,17,10,29,0.232,46,125,3375,421,train,125,125
30,78,18,43,12,26,0.1984732824427481,40,131,14483,True,422,1166,0,6350,16,44,6,24,8,18,0.13740458015267176,28,131,6350,422,train,131,131
30,67,12,38,9,26,0.2524271844660194,36,103,12343,True,423,1152,0,5355,11,43,6,18,6,17,0.1650485436893204,28,103,5355,423,train,103,103
39,99,16,63,17,44,0.2913907284768212,61,151,14062,True,424,1116,0,5465,15,66,3,25,11,31,0.2052980132450331,50,151,5465,424,train,151,151
57,113,27,77,18,44,0.275,61,160,26672,True,425,1236,0,12469,26,75,13,39,11,28,0.175,44,160,12469,425,train,160,160
36,97,26,57,14,31,0.22962962962962963,49,135,17803,True,426,1077,0,8825,22,70,11,29,9,22,0.16296296296296298,36,135,8825,426,train,135,135
37,87,15,56,15,36,0.3103448275862069,51,116,12877,True,427,1087,0,3774,7,56,2,21,8,26,0.22413793103448276,43,116,3774,427,train,116,116
24,67,11,36,9,25,0.24509803921568626,38,102,10509,True,428,1206,0,3368,6,32,3,13,5,15,0.14705882352941177,29,102,3368,428,train,102,102
37,72,20,44,12,27,0.24545454545454545,38,110,15310,True,429,1183,0,7150,15,49,5,26,6,19,0.17272727272727273,29,110,7150,429,train,110,110
36,89,22,46,12,28,0.19718309859154928,41,142,20478,True,430,1290,0,11482,22,58,12,33,8,20,0.14084507042253522,30,142,11482,430,train,142,142
47,99,22,66,17,40,0.27586206896551724,56,145,18684,True,431,1166,0,7959,19,68,7,35,10,30,0.20689655172413793,45,145,7959,431,train,145,145
30,78,15,40,11,27,0.216,43,125,13931,True,432,1198,0,5581,9,42,4,17,4,16,0.128,28,125,5581,432,train,125,125
42,89,16,58,17,39,0.34210526315789475,53,114,15796,True,433,1235,0,5693,15,57,3,25,10,28,0.24561403508771928,42,114,5693,433,train,114,114
50,94,19,63,18,40,0.3076923076923077,55,130,17206,True,434,1155,0,5679,14,61,2,27,11,30,0.23076923076923078,44,130,5679,434,train,130,130
40,104,14,57,15,41,0.2887323943661972,58,142,13076,True,435,1055,0,3671,6,51,2,13,6,28,0.19718309859154928,47,142,3671,435,train,142,142
40,90,26,61,15,34,0.2537313432835821,49,134,17927,True,436,1068,0,8724,20,65,11,36,9,24,0.1791044776119403,37,134,8724,436,train,134,134
40,98,18,54,13,34,0.23448275862068965,50,145,19202,True,437,1231,0,9262,18,63,9,28,8,22,0.15172413793103448,38,145,9262,437,train,145,145
38,87,19,54,14,34,0.26356589147286824,48,129,16422,True,438,1163,0,6094,15,51,6,26,8,22,0.17054263565891473,33,129,6094,438,train,129,129
30,63,18,43,10,24,0.2376237623762376,35,101,14222,True,439,1162,0,6443,17,41,7,20,6,16,0.15841584158415842,24,101,6443,439,train,101,101
38,89,18,58,15,34,0.25,49,136,15387,True,440,1116,0,5670,15,56,5,23,8,23,0.16911764705882354,39,136,5670,440,train,136,136
38,88,20,56,14,32,0.25,48,128,17227,True,441,1171,0,7003,17,56,6,25,8,21,0.1640625,34,128,7003,441,train,128,128
53,110,25,74,18,44,0.27848101265822783,63,158,20580,True,442,1135,0,8691,25,71,9,38,13,31,0.1962025316455696,46,158,8691,442,train,158,158
34,79,22,44,13,27,0.23478260869565218,40,115,17456,True,443,1226,0,8841,24,57,8,29,9,22,0.19130434782608696,31,115,8841,443,train,115,115
52,101,24,63,17,39,0.26,55,150,22366,True,444,1220,0,10428,23,74,11,38,11,28,0.18666666666666668,44,150,10428,444,train,150,150
50,115,23,71,18,44,0.2634730538922156,64,167,19350,True,445,1145,0,8383,18,78,5,35,10,32,0.19161676646706588,51,167,8383,445,train,167,167
57,115,18,74,22,52,0.3270440251572327,69,159,17105,True,446,1193,0,5459,13,73,2,28,15,38,0.2389937106918239,56,159,5459,446,train,159,159
32,82,11,53,14,37,0.31092436974789917,51,119,11876,True,447,1189,0,2788,7,42,1,13,7,26,0.2184873949579832,42,119,2788,447,train,119,119
29,65,10,36,9,25,0.30120481927710846,34,83,11216,True,448,1251,0,4036,7,38,3,11,4,15,0.18072289156626506,27,83,4036,448,train,83,83
54,105,24,73,19,44,0.27672955974842767,61,159,21496,True,449,1214,0,9899,22,79,5,41,12,35,0.22012578616352202,52,159,9899,449,train,159,159
37,66,15,48,12,29,0.2543859649122807,40,114,15458,True,450,1265,0,7242,12,50,6,20,5,17,0.14912280701754385,29,114,7242,450,train,114,114
36,81,19,57,13,32,0.2689075630252101,48,119,16612,True,451,1229,0,6459,14,53,3,23,7,21,0.17647058823529413,33,119,6459,451,train,119,119
28,86,14,45,11,29,0.23387096774193547,45,124,12867,True,452,1200,0,4249,7,38,4,14,5,16,0.12903225806451613,29,124,4249,452,train,124,124
61,109,28,72,19,46,0.2929936305732484,61,157,22849,True,453,1130,0,10802,25,75,12,39,11,29,0.18471337579617833,47,157,10802,453,train,157,157
54,119,27,69,19,45,0.25280898876404495,63,178,21011,True,454,1123,0,9273,26,79,11,40,14,33,0.1853932584269663,51,178,9273,454,train,178,178
46,101,19,62,18,41,0.2949640287769784,57,139,17541,True,455,1219,0,7174,19,56,6,33,11,28,0.2014388489208633,40,139,7174,455,train,139,139
29,56,13,39,12,25,0.25,34,100,10913,True,456,1222,0,3129,5,33,1,18,7,19,0.19,27,100,3129,456,train,100,100
25,74,9,34,12,28,0.26666666666666666,42,105,8884,True,457,1093,0,2772,3,37,2,12,6,20,0.19047619047619047,35,105,2772,457,train,105,105
49,96,24,59,16,37,0.22023809523809523,51,168,22424,True,458,1254,0,10461,23,65,10,35,10,26,0.15476190476190477,40,168,10461,458,train,168,168
47,102,26,69,20,43,0.3006993006993007,60,143,17797,True,459,1126,0,5678,20,65,3,30,14,31,0.21678321678321677,47,143,5678,459,train,143,143
49,96,21,59,16,39,0.2689655172413793,52,145,17910,True,460,1131,0,8330,17,59,8,38,9,28,0.19310344827586207,41,145,8330,460,train,145,145
36,97,16,57,14,38,0.29457364341085274,55,129,11440,True,461,917,0,3558,10,51,4,15,6,24,0.18604651162790697,41,129,3558,461,train,129,129
36,78,15,52,14,32,0.3137254901960784,45,102,14003,True,462,1201,0,4556,10,48,4,20,7,23,0.22549019607843138,34,102,4556,462,train,102,102
15,39,4,24,7,18,0.28125,25,64,4990,True,463,1121,0,1141,1,18,1,4,4,13,0.203125,23,64,1141,463,train,64,64
42,96,10,63,19,45,0.3435114503816794,60,131,12699,True,464,1139,0,3700,10,60,2,13,11,35,0.26717557251908397,53,131,3700,464,train,131,131
48,87,22,62,16,38,0.2695035460992908,52,141,17233,True,465,1098,0,7376,17,65,9,31,9,26,0.18439716312056736,42,141,7376,465,train,141,141
45,89,29,64,14,33,0.2727272727272727,47,121,25461,True,466,1281,0,13996,27,70,14,37,10,24,0.19834710743801653,36,121,13996,466,train,121,121
43,97,25,61,15,35,0.23648648648648649,51,148,21944,True,467,1244,0,11022,22,64,11,35,9,23,0.1554054054054054,35,148,11022,467,train,148,148
39,88,18,57,14,34,0.24113475177304963,49,141,16615,True,468,1172,0,7773,20,61,7,28,8,23,0.16312056737588654,37,141,7773,468,train,141,141
20,68,9,32,10,27,0.28125,42,96,8410,True,469,1121,0,2552,4,34,2,11,5,18,0.1875,32,96,2552,469,train,96,96
41,78,11,55,13,37,0.3333333333333333,49,111,13839,True,470,1201,0,3893,6,49,4,9,5,21,0.1891891891891892,37,111,3893,470,train,111,111
28,75,15,38,11,26,0.2184873949579832,38,119,13262,True,471,1202,0,4856,12,44,4,19,7,18,0.15126050420168066,31,119,4856,471,train,119,119
41,86,22,57,16,35,0.25547445255474455,49,137,18418,True,472,1193,0,7708,18,65,6,33,9,26,0.1897810218978102,40,137,7708,472,train,137,137
25,55,13,35,10,23,0.26744186046511625,32,86,9040,True,473,1111,0,2765,7,33,2,13,6,17,0.19767441860465115,27,86,2765,473,train,86,86
68,112,30,82,22,49,0.32666666666666666,66,150,24676,True,474,1187,0,9216,26,78,6,40,14,36,0.24,53,150,9216,474,train,150,150
32,71,19,47,12,26,0.23008849557522124,39,113,17326,True,475,1277,0,7360,17,51,9,23,9,18,0.1592920353982301,29,113,7360,475,train,113,113
32,76,21,45,11,22,0.18487394957983194,34,119,19848,True,476,1278,0,10970,20,46,14,25,8,16,0.13445378151260504,23,119,10970,476,train,119,119
35,87,21,53,13,30,0.2222222222222222,46,135,16769,True,477,1152,0,7116,19,50,9,28,9,21,0.15555555555555556,31,135,7116,477,train,135,135
30,75,15,43,11,28,0.22764227642276422,41,123,12702,True,478,1182,0,5114,12,42,5,18,6,18,0.14634146341463414,30,123,5114,478,train,123,123
35,82,18,50,12,28,0.2028985507246377,42,138,13732,True,479,976,0,7164,18,60,12,27,9,21,0.15217391304347827,35,138,7164,479,train,138,138
45,88,22,61,16,36,0.26666666666666666,51,135,18415,True,480,1228,0,7673,18,65,4,30,8,25,0.18518518518518517,39,135,7673,480,train,135,135
51,98,25,67,18,41,0.29927007299270075,57,137,17378,True,481,1040,0,7153,22,66,6,37,11,30,0.21897810218978103,44,137,7153,481,train,137,137
51,112,24,73,18,45,0.3,65,150,11184,True,482,649,0,5076,23,84,8,38,12,34,0.22666666666666666,53,150,5076,482,train,150,150
58,124,31,76,20,46,0.25,65,184,26256,True,483,1209,0,14012,35,90,15,48,14,35,0.19021739130434784,53,184,14012,483,train,184,184
66,116,38,84,21,48,0.2926829268292683,64,164,28113,True,484,1105,0,13570,37,90,14,52,13,36,0.21951219512195122,50,164,13570,484,train,164,164
54,108,23,76,21,47,0.3219178082191781,65,146,18293,True,485,1067,0,7211,23,80,4,33,13,33,0.22602739726027396,51,146,7211,485,train,146,146
40,99,21,59,14,34,0.24817518248175183,51,137,18734,True,486,1182,0,9493,21,61,9,26,8,21,0.15328467153284672,35,137,9493,486,train,137,137
43,93,15,64,17,39,0.35454545454545455,54,110,14713,True,487,1097,0,4095,10,51,3,20,8,24,0.21818181818181817,37,110,4095,487,train,110,110
43,83,20,58,16,36,0.32142857142857145,48,112,14875,True,488,1072,0,4418,12,55,3,19,8,23,0.20535714285714285,38,112,4418,488,train,112,112
55,116,21,73,20,49,0.29878048780487804,67,164,20556,True,489,1214,0,7480,18,73,5,31,11,31,0.18902439024390244,49,164,7480,489,train,164,164
52,115,25,78,20,50,0.28735632183908044,70,174,20899,True,490,1185,0,8350,23,82,5,33,14,37,0.21264367816091953,56,174,8350,490,train,174,174
44,89,23,60,18,38,0.3064516129032258,52,124,15842,True,491,1149,0,4503,13,50,1,24,11,27,0.21774193548387097,41,124,4503,491,train,124,124
52,126,21,78,20,51,0.31097560975609756,72,164,20068,True,492,1191,0,6543,15,76,4,28,13,37,0.22560975609756098,57,164,6543,492,train,164,164
46,93,29,58,16,32,0.2064516129032258,45,155,23888,True,493,1175,0,13378,30,73,16,36,10,24,0.15483870967741936,35,155,13378,493,train,155,155
32,72,15,47,13,31,0.29245283018867924,43,106,10030,True,494,971,0,2977,9,46,1,16,8,21,0.19811320754716982,34,106,2977,494,train,106,106
61,102,27,72,19,45,0.32608695652173914,59,138,23549,True,495,1203,0,11817,27,76,10,49,13,34,0.2463768115942029,49,138,11817,495,train,138,138
48,96,25,70,17,40,0.30303030303030304,57,132,20307,True,496,1260,0,8752,20,70,6,36,9,28,0.21212121212121213,42,132,8752,496,train,132,132
59,121,29,74,20,49,0.2916666666666667,67,168,20101,True,497,1056,0,9678,29,89,8,46,13,37,0.22023809523809523,55,168,9678,497,train,168,168
37,97,21,56,14,33,0.23076923076923078,51,143,18675,True,498,1195,0,8980,20,64,12,28,10,22,0.15384615384615385,36,143,8980,498,train,143,143
26,59,11,36,9,23,0.25555555555555554,33,90,7914,True,499,927,0,2467,7,30,2,12,5,15,0.16666666666666666,24,90,2467,499,train,90,90
59,121,32,78,18,46,0.2875,64,160,28970,True,500,1276,0,14708,26,82,15,45,10,30,0.1875,48,160,14708,500,train,160,160
37,90,17,56,15,36,0.2706766917293233,52,133,10403,True,501,839,0,3895,15,59,3,23,10,27,0.20300751879699247,43,133,3895,501,train,133,133
36,75,10,49,15,35,0.3125,47,112,10986,True,502,1139,0,3455,8,48,2,15,9,27,0.24107142857142858,39,112,3455,502,train,112,112
36,87,20,53,14,34,0.29310344827586204,49,116,13985,True,503,1045,0,5349,14,55,5,28,9,25,0.21551724137931033,38,116,5349,503,train,116,116
31,88,16,49,12,32,0.2318840579710145,49,138,11613,True,504,1000,0,4701,13,44,6,18,7,19,0.13768115942028986,34,138,4701,504,train,138,138
40,84,21,52,16,34,0.2857142857142857,46,119,15008,True,505,1102,0,5224,13,51,3,29,10,26,0.2184873949579832,36,119,5224,505,train,119,119
38,87,19,59,15,36,0.2748091603053435,50,131,15912,True,506,1220,0,4736,13,51,3,19,8,22,0.16793893129770993,39,131,4736,506,train,131,131
30,76,17,44,12,27,0.225,41,120,12758,True,507,1065,0,4808,14,48,4,19,9,19,0.15833333333333333,32,120,4808,507,train,120,120
43,112,27,69,17,40,0.26143790849673204,61,153,18212,True,508,1016,0,7849,21,72,7,34,11,28,0.1830065359477124,45,153,7849,508,train,153,153
65,120,23,80,21,52,0.31137724550898205,70,167,21050,True,509,1103,0,8629,20,84,11,39,12,36,0.2155688622754491,55,167,8629,509,train,167,167
33,91,21,46,12,26,0.1780821917808219,40,146,22090,True,510,1268,0,12915,22,60,15,28,8,18,0.1232876712328767,28,146,12915,510,train,146,146
53,107,30,74,18,41,0.2679738562091503,58,153,23388,True,511,1145,0,10949,30,72,9,44,12,30,0.19607843137254902,44,153,10949,511,train,153,153
27,72,13,39,10,25,0.22522522522522523,39,111,11966,True,512,1208,0,4644,12,39,4,18,6,16,0.14414414414414414,28,111,4644,512,train,111,111
48,107,23,65,17,41,0.2971014492753623,59,138,18275,True,513,1081,0,7430,21,70,6,32,10,29,0.21014492753623187,44,138,7430,513,train,138,138
26,71,10,47,10,29,0.26605504587155965,42,109,11606,True,514,1172,0,3857,8,42,5,10,5,17,0.1559633027522936,31,109,3857,514,train,109,109
23,62,8,37,10,27,0.30337078651685395,39,89,8476,True,515,1138,0,2028,6,26,0,10,6,16,0.1797752808988764,30,89,2028,515,train,89,89
46,114,23,63,19,45,0.30201342281879195,65,149,16124,True,516,1059,0,5424,14,67,4,29,12,32,0.21476510067114093,52,149,5424,516,train,149,149
55,120,29,81,22,49,0.2934131736526946,69,167,22939,True,517,1198,0,9905,26,88,7,41,13,37,0.2215568862275449,56,167,9905,517,train,167,167
32,93,11,56,15,40,0.2898550724637681,57,138,12919,True,518,1154,0,4483,11,58,3,18,9,28,0.2028985507246377,45,138,4483,518,train,138,138
48,99,26,65,19,40,0.29411764705882354,56,136,19396,True,519,1171,0,6337,19,59,5,30,12,29,0.21323529411764705,44,136,6337,519,train,136,136
51,95,25,68,16,38,0.27941176470588236,54,136,22993,True,520,1188,0,10066,21,71,12,32,10,24,0.17647058823529413,40,136,10066,520,train,136,136
39,99,19,61,16,38,0.2695035460992908,56,141,17160,True,521,1124,0,6479,15,58,5,28,10,25,0.1773049645390071,40,141,6479,521,train,141,141
34,89,19,49,13,32,0.24427480916030533,48,131,16906,True,522,1261,0,6845,18,52,7,24,8,21,0.16030534351145037,33,131,6845,522,train,131,131
27,69,11,45,11,29,0.29,42,100,9916,True,523,1159,0,2196,4,36,2,9,6,22,0.22,37,100,2196,523,train,100,100
39,91,26,58,16,34,0.25757575757575757,49,132,16062,True,524,999,0,6299,23,55,7,31,10,24,0.18181818181818182,33,132,6299,524,train,132,132
36,91,22,49,13,28,0.2,42,140,18437,True,525,1238,0,9143,23,53,10,26,9,21,0.15,33,140,9143,525,train,140,140
55,116,24,76,21,50,0.31645569620253167,69,158,17816,True,526,1029,0,7339,25,80,5,38,15,36,0.22784810126582278,54,158,7339,526,train,158,158
57,97,34,72,19,42,0.29577464788732394,56,142,20994,True,527,963,0,9095,30,76,9,45,13,33,0.2323943661971831,46,142,9095,527,train,142,142
36,98,16,58,13,37,0.27007299270072993,55,137,16449,True,528,1215,0,6745,13,61,6,24,7,24,0.17518248175182483,41,137,6745,528,train,137,137
40,98,17,60,17,41,0.3037037037037037,58,135,15822,True,529,1179,0,5817,12,68,5,28,10,31,0.22962962962962963,48,135,5817,529,train,135,135
35,82,19,49,13,29,0.25663716814159293,42,113,15808,True,530,1153,0,5805,17,44,6,24,8,20,0.17699115044247787,30,113,5805,530,train,113,113
53,99,23,64,17,40,0.28776978417266186,54,139,14178,True,531,776,0,6048,19,71,10,36,10,30,0.2158273381294964,45,139,6048,531,train,139,139
49,120,24,74,18,44,0.25142857142857145,65,175,22001,True,532,1184,0,8776,22,76,9,33,10,30,0.17142857142857143,48,175,8776,532,train,175,175
50,108,25,72,16,40,0.23952095808383234,60,167,26092,True,533,1263,0,14597,26,85,16,36,10,25,0.1497005988023952,44,167,14597,533,train,167,167
26,71,11,33,8,23,0.20535714285714285,35,112,11938,True,534,1184,0,4973,8,36,6,14,5,13,0.11607142857142858,24,112,4973,534,train,112,112
49,114,28,73,18,41,0.2827586206896552,61,145,22423,True,535,1178,0,10840,26,74,13,36,11,27,0.18620689655172415,42,145,10840,535,train,145,145
53,107,31,75,19,43,0.2721518987341772,62,158,18184,True,536,923,0,8771,29,87,12,40,13,33,0.2088607594936709,51,158,8771,536,train,158,158
54,98,24,65,16,38,0.2695035460992908,54,141,23131,True,537,1279,0,10988,21,66,9,38,9,26,0.18439716312056736,41,141,10988,537,train,141,141
45,95,23,64,15,38,0.2585034013605442,54,147,17908,True,538,1113,0,8816,20,69,9,32,10,27,0.1836734693877551,43,147,8816,538,train,147,147
36,86,11,50,14,34,0.2764227642276423,49,123,13629,True,539,1211,0,4407,8,44,3,15,6,22,0.17886178861788618,37,123,4407,539,train,123,123
49,94,29,63,16,34,0.2446043165467626,48,139,24255,True,540,1236,0,12645,26,65,14,40,10,24,0.17266187050359713,38,139,12645,540,train,139,139
26,75,12,47,12,31,0.2897196261682243,45,107,10264,True,541,1124,0,2956,8,37,1,14,7,20,0.18691588785046728,34,107,2956,541,train,107,107
35,72,12,50,15,33,0.3333333333333333,45,99,11008,True,542,1083,0,3008,4,46,2,17,8,25,0.25252525252525254,38,99,3008,542,train,99,99
28,67,11,39,11,27,0.2288135593220339,39,118,10725,True,543,1182,0,3602,10,38,2,16,7,18,0.15254237288135594,31,118,3602,543,train,118,118
35,93,17,49,14,33,0.22448979591836735,50,147,15918,True,544,1224,0,6219,12,56,5,22,7,21,0.14285714285714285,39,147,6219,544,train,147,147
34,78,19,51,14,31,0.26495726495726496,45,117,15398,True,545,1228,0,5493,16,47,3,25,9,21,0.1794871794871795,31,117,5493,545,train,117,117
30,87,17,49,11,28,0.2413793103448276,45,116,15770,True,546,1181,0,6492,14,50,7,19,7,17,0.14655172413793102,30,116,6492,546,train,116,116
60,93,33,72,16,37,0.2605633802816901,53,142,30009,True,547,1219,0,17643,33,76,18,47,10,27,0.19014084507042253,41,142,17643,547,train,142,142
51,107,33,65,18,37,0.23270440251572327,51,159,26253,True,548,1156,0,13675,33,81,16,40,12,28,0.1761006289308176,43,159,13675,548,train,159,159
46,112,16,63,18,43,0.2792207792207792,63,154,16800,True,549,1165,0,6694,13,66,5,28,10,31,0.2012987012987013,49,154,6694,549,train,154,154
44,103,23,62,14,37,0.25517241379310346,54,145,16024,True,550,983,0,7619,20,71,8,29,8,25,0.1724137931034483,43,145,7619,550,train,145,145
42,115,18,70,18,48,0.3116883116883117,68,154,15145,True,551,1023,0,6079,14,73,7,26,10,32,0.2077922077922078,53,154,6079,551,train,154,154
35,103,16,66,13,40,0.2777777777777778,59,144,18603,True,552,1272,0,7790,13,67,9,21,7,23,0.1597222222222222,44,144,7790,552,train,144,144
54,117,25,76,21,48,0.32,67,150,20453,True,553,1097,0,7737,21,70,6,34,12,31,0.20666666666666667,47,150,7737,553,train,150,150
61,118,27,84,18,48,0.2909090909090909,68,165,26938,True,554,1264,0,12951,25,87,10,40,11,31,0.18787878787878787,51,165,12951,554,train,165,165
48,102,23,67,15,40,0.28169014084507044,57,142,22115,True,555,1255,0,11104,18,70,11,38,8,26,0.18309859154929578,40,142,11104,555,train,142,142
38,83,15,53,14,33,0.2773109243697479,46,119,14605,True,556,1186,0,6041,14,53,6,24,9,24,0.20168067226890757,37,119,6041,556,train,119,119
42,99,16,59,13,36,0.24,52,150,18202,True,557,1219,0,8271,13,61,9,22,7,21,0.14,38,150,8271,557,train,150,150
30,66,13,43,12,28,0.2828282828282828,39,99,10436,True,558,1127,0,3145,7,38,1,16,8,21,0.21212121212121213,32,99,3145,558,train,99,99
38,76,14,51,14,34,0.3269230769230769,46,104,13562,True,559,1187,0,4687,10,50,4,19,7,22,0.21153846153846154,33,104,4687,559,train,104,104
44,95,22,60,15,36,0.2482758620689655,50,145,20848,True,560,1276,0,8786,16,59,9,30,9,24,0.16551724137931034,37,145,8786,560,train,145,145
36,86,20,59,13,33,0.25984251968503935,49,127,18534,True,561,1252,0,8566,19,59,9,25,7,19,0.14960629921259844,33,127,8566,561,train,127,127
45,96,18,60,16,39,0.29770992366412213,54,131,17312,True,562,1253,0,6171,14,57,3,24,9,27,0.20610687022900764,42,131,6171,562,train,131,131
43,87,13,60,13,37,0.31092436974789917,52,119,17080,True,563,1207,0,7390,14,60,7,26,7,24,0.20168067226890757,40,119,7390,563,train,119,119
33,67,22,40,11,22,0.1896551724137931,31,116,19778,True,564,1248,0,10590,20,42,13,24,7,15,0.12931034482758622,22,116,10590,564,train,116,116
38,88,22,56,13,29,0.23015873015873015,45,126,21078,True,565,1227,0,11101,26,60,10,31,9,22,0.1746031746031746,33,126,11101,565,train,126,126
31,72,14,46,10,26,0.24761904761904763,39,105,15189,True,566,1223,0,7418,13,49,8,22,6,16,0.1523809523809524,28,105,7418,566,train,105,105
44,100,14,65,18,46,0.3108108108108108,63,148,12938,True,567,994,0,5161,11,73,4,29,11,36,0.24324324324324326,54,148,5161,567,train,148,148
38,88,15,52,14,35,0.26119402985074625,49,134,15253,True,568,1233,0,5364,11,51,4,20,8,24,0.1791044776119403,39,134,5364,568,train,134,134
39,102,25,56,15,33,0.2214765100671141,50,149,19755,True,569,1239,0,9985,25,60,13,32,11,24,0.1610738255033557,36,149,9985,569,train,149,149
35,92,10,51,14,37,0.30578512396694213,54,121,13454,True,570,1190,0,4245,10,45,4,16,6,22,0.18181818181818182,37,121,4245,570,train,121,121
28,69,17,46,10,25,0.20833333333333334,38,120,15573,True,571,1266,0,6737,16,49,6,18,7,16,0.13333333333333333,27,120,6737,571,train,120,120
38,70,14,47,12,31,0.2980769230769231,42,104,12397,True,572,1110,0,4569,10,44,3,20,5,20,0.19230769230769232,32,104,4569,572,train,104,104
36,83,22,46,12,28,0.2014388489208633,41,139,18739,True,573,1274,0,9454,17,59,10,29,7,20,0.14388489208633093,31,139,9454,573,train,139,139
24,63,16,37,9,19,0.20430107526881722,29,93,16213,True,574,1275,0,7743,13,37,11,17,6,12,0.12903225806451613,17,93,7743,574,train,93,93
24,72,14,37,9,21,0.19444444444444445,35,108,14947,True,575,1255,0,7319,14,39,9,18,5,12,0.1111111111111111,20,108,7319,575,train,108,108
35,67,23,43,11,25,0.211864406779661,34,118,20131,True,576,1293,0,10888,21,47,9,28,6,17,0.1440677966101695,25,118,10888,576,train,118,118
27,57,11,37,10,23,0.25555555555555554,32,90,10529,True,577,1211,0,4006,6,36,3,18,5,17,0.18888888888888888,25,90,4006,577,train,90,90
40,103,14,56,13,39,0.2484076433121019,56,157,14863,True,578,1062,0,6277,10,61,7,22,6,24,0.15286624203821655,43,157,6277,578,train,157,157
53,110,18,71,16,45,0.2694610778443114,64,167,21442,True,579,1224,0,8701,17,72,9,31,10,31,0.18562874251497005,50,167,8701,579,train,167,167
39,90,19,56,13,34,0.2125,49,160,17818,True,580,1244,0,8135,17,58,6,26,7,22,0.1375,37,160,8135,580,train,160,160
49,90,26,63,17,37,0.29365079365079366,50,126,18692,True,581,1043,0,8994,26,69,9,39,12,29,0.23015873015873015,41,126,8994,581,train,126,126
53,105,28,65,21,44,0.30985915492957744,59,142,16928,True,582,1018,0,6354,22,72,4,39,15,36,0.2535211267605634,51,142,6354,582,train,142,142
29,73,14,40,10,26,0.26262626262626265,39,99,13094,True,583,1214,0,4814,9,36,5,13,4,13,0.13131313131313133,23,99,4814,583,train,99,99
41,92,12,62,18,42,0.3230769230769231,57,130,14262,True,584,1181,0,4589,10,57,2,23,10,28,0.2153846153846154,44,130,4589,584,train,130,130
44,90,17,64,17,41,0.35964912280701755,55,114,9138,True,585,686,0,2647,12,57,2,19,10,29,0.2543859649122807,45,114,2647,585,train,114,114
40,99,22,60,13,35,0.25925925925925924,52,135,20957,True,586,1229,0,10988,20,66,10,33,8,22,0.16296296296296298,37,135,10988,586,train,135,135
23,54,10,34,10,24,0.2727272727272727,33,88,8314,True,587,1093,0,2295,7,35,0,12,7,20,0.22727272727272727,30,88,2295,587,train,88,88
40,98,19,61,16,37,0.29365079365079366,54,126,18023,True,588,1189,0,6223,14,61,5,29,9,26,0.20634920634920634,39,126,6223,588,train,126,126
28,65,12,40,12,28,0.24778761061946902,39,113,10658,True,589,1190,0,3086,6,39,1,14,7,21,0.18584070796460178,32,113,3086,589,train,113,113
50,124,19,81,18,49,0.29878048780487804,73,164,16236,True,590,893,0,7894,22,87,10,37,10,32,0.1951219512195122,53,164,7894,590,train,164,164
21,60,11,37,8,20,0.18691588785046728,33,107,11324,True,591,1154,0,4400,8,33,5,12,4,10,0.09345794392523364,20,107,4400,591,train,107,107
37,83,22,50,12,29,0.2283464566929134,42,127,18586,True,592,1206,0,9047,19,55,12,28,9,19,0.14960629921259844,30,127,9047,592,train,127,127
32,79,11,50,14,36,0.3185840707964602,49,113,11029,True,593,1154,0,3334,9,50,1,15,8,27,0.23893805309734514,44,113,3334,593,train,113,113
27,66,14,43,9,23,0.22115384615384615,35,104,15212,True,594,1290,0,6696,12,44,5,17,5,14,0.1346153846153846,24,104,6696,594,train,104,104
53,106,25,77,17,44,0.2716049382716049,63,162,19928,True,595,1006,0,9701,22,77,15,39,11,28,0.1728395061728395,45,162,9701,595,train,162,162
26,80,15,40,11,26,0.23853211009174313,42,109,7590,True,596,746,0,2569,11,38,3,17,7,18,0.1651376146788991,32,109,2569,596,train,109,109
34,79,18,48,13,30,0.24390243902439024,43,123,15769,True,597,1226,0,7083,15,52,6,26,7,21,0.17073170731707318,33,123,7083,597,train,123,123
47,85,27,59,16,35,0.28688524590163933,47,122,19377,True,598,1105,0,9065,25,62,13,37,11,25,0.20491803278688525,36,122,9065,598,train,122,122
54,115,28,81,21,47,0.2883435582822086,67,163,23025,True,599,1211,0,9177,25,80,8,37,14,34,0.2085889570552147,52,163,9177,599,train,163,163
18,51,2,31,12,27,0.3068181818181818,37,88,4911,True,600,991,0,1069,1,26,0,5,10,24,0.2727272727272727,37,88,1069,600,train,88,88
37,90,18,58,15,36,0.28346456692913385,52,127,15353,True,601,1137,0,6407,16,62,5,26,10,26,0.2047244094488189,40,127,6407,601,train,127,127
43,96,22,67,16,39,0.2805755395683453,56,139,16390,True,602,1064,0,6875,17,67,8,30,9,27,0.19424460431654678,43,139,6875,602,train,139,139
55,112,26,70,17,44,0.2894736842105263,62,152,23449,True,603,1245,0,10780,24,80,11,37,11,29,0.19078947368421054,46,152,10780,603,train,152,152
13,40,7,19,5,12,0.1348314606741573,20,89,8194,True,604,1269,0,3300,3,19,2,6,2,5,0.056179775280898875,12,89,3300,604,train,89,89
51,99,21,68,17,42,0.2781456953642384,57,151,18796,True,605,1199,0,7553,19,66,6,28,10,27,0.17880794701986755,44,151,7553,605,train,151,151
31,76,15,43,13,31,0.30097087378640774,44,103,12010,True,606,1218,0,2906,6,37,1,13,8,23,0.22330097087378642,35,103,2906,606,train,103,103
28,61,19,39,9,19,0.1743119266055046,28,109,18119,True,607,1294,0,10458,16,40,9,22,6,12,0.11009174311926606,19,109,10458,607,train,109,109
55,109,19,72,21,47,0.3263888888888889,64,144,18747,True,608,1183,0,6472,15,71,2,34,14,36,0.25,52,144,6472,608,train,144,144
50,107,24,69,18,41,0.2751677852348993,57,149,21245,True,609,1218,0,9879,26,72,10,40,13,32,0.21476510067114093,46,149,9879,609,train,149,149
53,106,19,73,22,49,0.3602941176470588,65,136,17309,True,610,1162,0,5758,14,72,4,29,13,37,0.27205882352941174,53,136,5758,610,train,136,136
40,89,17,59,12,34,0.2556390977443609,50,133,18112,True,611,1264,0,6821,9,48,7,16,5,16,0.12030075187969924,31,133,6821,611,train,133,133
39,101,18,53,13,34,0.22666666666666666,53,150,19448,True,612,1269,0,9609,20,66,10,32,9,23,0.15333333333333332,38,150,9609,612,train,150,150
32,98,14,55,15,39,0.2805755395683453,57,139,13271,True,613,1146,0,4780,13,56,4,21,10,28,0.2014388489208633,45,139,4780,613,train,139,139
44,105,17,65,16,43,0.2721518987341772,62,158,18781,True,614,1226,0,7650,15,74,6,28,9,28,0.17721518987341772,48,158,7650,614,train,158,158
35,105,14,55,15,40,0.2631578947368421,60,152,13920,True,615,1152,0,5314,12,49,3,23,8,25,0.16447368421052633,41,152,5314,615,train,152,152
35,96,12,53,15,37,0.2781954887218045,53,133,14252,True,616,1206,0,4881,12,45,4,21,9,25,0.18796992481203006,38,133,4881,616,train,133,133
60,128,23,89,24,55,0.3273809523809524,76,168,21397,True,617,1184,0,7035,17,82,4,37,16,44,0.2619047619047619,63,168,7035,617,train,168,168
14,54,5,26,7,23,0.27058823529411763,34,85,5058,True,618,982,0,1209,3,23,0,4,4,20,0.23529411764705882,34,85,1209,618,train,85,85
35,85,13,48,13,32,0.27586206896551724,45,116,10934,True,619,986,0,3604,7,51,4,19,7,24,0.20689655172413793,40,116,3604,619,train,116,116
36,68,18,41,12,27,0.2755102040816326,37,98,10570,True,620,923,0,3178,9,40,3,16,7,21,0.21428571428571427,32,98,3178,620,train,98,98
37,89,18,55,14,34,0.2518518518518518,49,135,16672,True,621,1224,0,6916,16,57,8,27,9,24,0.17777777777777778,38,135,6916,621,train,135,135
34,80,16,51,11,29,0.2196969696969697,43,132,15972,True,622,1210,0,7154,12,49,6,25,6,20,0.15151515151515152,32,132,7154,622,train,132,132
33,83,17,46,13,31,0.23134328358208955,46,134,9847,True,623,818,0,4349,14,50,6,24,7,23,0.17164179104477612,36,134,4349,623,train,134,134
63,113,26,83,20,50,0.3448275862068966,67,145,21777,True,624,1134,0,8293,18,79,7,37,11,33,0.22758620689655173,51,145,8293,624,train,145,145
48,92,27,63,15,36,0.2647058823529412,51,136,22536,True,625,1242,0,12445,24,70,11,38,8,25,0.18382352941176472,38,136,12445,625,train,136,136
30,79,7,45,15,33,0.3055555555555556,45,108,10203,True,626,1175,0,3020,5,46,2,16,10,26,0.24074074074074073,40,108,3020,626,train,108,108
54,116,26,78,20,46,0.2987012987012987,66,154,24220,True,627,1192,0,9248,24,75,11,36,12,30,0.19480519480519481,49,154,9248,627,train,154,154
42,90,25,52,13,30,0.20833333333333334,42,144,22984,True,628,1233,0,12919,21,60,13,36,8,21,0.14583333333333334,33,144,12919,628,train,144,144
27,79,16,42,11,25,0.23148148148148148,39,108,14041,True,629,1195,0,5663,14,43,6,21,6,18,0.16666666666666666,28,108,5663,629,train,108,108
42,92,23,58,16,35,0.2966101694915254,49,118,15108,True,630,1028,0,6026,22,55,8,32,11,26,0.22033898305084745,37,118,6026,630,train,118,118
28,74,14,41,10,25,0.24752475247524752,38,101,10972,True,631,994,0,4218,10,45,5,17,6,17,0.16831683168316833,28,101,4218,631,train,101,101
40,92,16,55,15,39,0.3,55,130,13439,True,632,1061,0,4815,15,49,4,23,9,23,0.17692307692307693,37,130,4815,632,train,130,130
34,73,20,49,14,30,0.26785714285714285,43,112,13899,True,633,1165,0,3391,7,38,2,18,7,21,0.1875,32,112,3391,633,train,112,112
44,115,13,63,16,45,0.2830188679245283,66,159,17041,True,634,1229,0,7567,13,68,6,28,8,29,0.18238993710691823,49,159,7567,634,train,159,159
37,92,22,60,14,33,0.22758620689655173,51,145,16854,True,635,1066,0,7771,20,56,8,28,8,21,0.14482758620689656,35,145,7771,635,train,145,145
38,86,16,57,18,37,0.3333333333333333,51,111,11548,True,636,1003,0,3905,15,54,0,25,13,29,0.26126126126126126,41,111,3905,636,train,111,111
31,80,17,43,11,28,0.21212121212121213,43,132,14279,True,637,1190,0,6164,15,45,5,21,5,17,0.12878787878787878,29,132,6164,637,train,132,132
44,107,19,60,17,43,0.2925170068027211,61,147,9922,True,638,723,0,4128,14,69,4,29,11,33,0.22448979591836735,53,147,4128,638,train,147,147
50,101,25,69,19,42,0.28187919463087246,57,149,14280,True,639,831,0,5693,23,70,8,33,12,30,0.20134228187919462,48,149,5693,639,train,149,149
48,114,25,71,15,38,0.2235294117647059,59,170,27157,True,640,1284,0,15975,28,83,17,33,9,24,0.1411764705882353,41,170,15975,640,train,170,170
33,76,13,49,14,32,0.3018867924528302,45,106,12245,True,641,1183,0,3040,4,40,3,11,6,23,0.2169811320754717,35,106,3040,641,train,106,106
32,83,18,53,12,28,0.24561403508771928,43,114,17929,True,642,1281,0,7585,16,52,8,22,7,19,0.16666666666666666,32,114,7585,642,train,114,114
30,89,11,46,15,36,0.28125,53,128,11235,True,643,1150,0,3429,8,47,2,14,9,26,0.203125,42,128,3429,643,train,128,128
24,61,11,36,8,21,0.20588235294117646,31,102,12093,True,644,1232,0,4978,8,36,4,15,5,14,0.13725490196078433,23,102,4978,644,train,102,102
35,81,25,47,12,27,0.21428571428571427,39,126,20621,True,645,1289,0,10543,21,50,9,29,6,17,0.1349206349206349,25,126,10543,645,train,126,126
37,84,21,50,14,31,0.23484848484848486,45,132,17536,True,646,1259,0,6943,16,51,7,26,9,22,0.16666666666666666,33,132,6943,646,train,132,132
30,94,15,46,11,31,0.21678321678321677,50,143,14888,True,647,1163,0,5904,12,44,5,21,6,18,0.1258741258741259,31,143,5904,647,train,143,143
46,109,22,64,17,41,0.25308641975308643,59,162,19082,True,648,1190,0,9849,24,78,8,39,12,31,0.19135802469135801,48,162,9849,648,train,162,162
41,109,24,64,15,37,0.23870967741935484,57,155,21952,True,649,1243,0,10996,24,68,11,34,9,25,0.16129032258064516,39,155,10996,649,train,155,155
33,78,13,45,15,33,0.29464285714285715,46,112,11422,True,650,1112,0,3674,11,47,1,22,12,28,0.25,41,112,3674,650,train,112,112
37,87,23,52,13,30,0.20833333333333334,44,144,17510,True,651,1185,0,8378,18,60,9,29,8,23,0.1597222222222222,36,144,8378,651,train,144,144
40,95,19,58,17,39,0.2549019607843137,54,153,15021,True,652,1163,0,5471,15,62,4,28,12,31,0.20261437908496732,47,153,5471,652,train,153,153
40,86,16,56,15,36,0.28346456692913385,50,127,13335,True,653,1024,0,4877,13,56,4,22,8,24,0.1889763779527559,38,127,4877,653,train,127,127
47,101,21,64,15,38,0.2602739726027397,55,146,19957,True,654,1131,0,8943,19,66,11,32,9,22,0.1506849315068493,37,146,8943,654,train,146,146
54,122,19,77,23,53,0.3212121212121212,72,165,17788,True,655,1159,0,5330,14,74,1,25,15,41,0.24848484848484848,62,165,5330,655,train,165,165
46,96,26,61,17,36,0.2748091603053435,50,131,18025,True,656,1054,0,7657,22,69,7,33,10,27,0.20610687022900764,42,131,7657,656,train,131,131
57,127,27,69,20,45,0.2571428571428571,62,175,17044,True,657,875,0,7010,27,78,8,41,14,34,0.19428571428571428,50,175,7010,657,train,175,175
48,103,24,61,16,37,0.26811594202898553,52,138,21759,True,658,1236,0,10126,27,60,7,36,8,26,0.18840579710144928,38,138,10126,658,train,138,138
28,78,16,49,12,29,0.2761904761904762,44,105,12710,True,659,1068,0,4428,10,50,2,18,5,17,0.1619047619047619,31,105,4428,659,train,105,105
45,105,26,62,18,40,0.28368794326241137,57,141,19559,True,660,1195,0,8311,22,72,5,37,12,30,0.2127659574468085,44,141,8311,660,train,141,141
36,69,18,44,11,24,0.20689655172413793,36,116,20206,True,661,1268,0,11482,19,53,15,24,7,15,0.12931034482758622,25,116,11482,661,train,116,116
44,94,23,63,16,38,0.3114754098360656,54,122,13540,True,662,897,0,5508,22,65,7,30,11,28,0.22950819672131148,42,122,5508,662,train,122,122
40,89,25,59,14,32,0.25396825396825395,47,126,14889,True,663,883,0,7260,24,66,9,32,9,23,0.18253968253968253,33,126,7260,663,train,126,126
52,111,26,75,19,45,0.3237410071942446,62,139,12857,True,664,736,0,4855,20,75,7,30,10,31,0.22302158273381295,50,139,4855,664,train,139,139
47,90,25,56,15,33,0.24812030075187969,46,133,18221,True,665,1014,0,7881,24,52,14,32,11,23,0.17293233082706766,34,133,7881,665,train,133,133
32,55,18,44,12,26,0.3466666666666667,34,75,13274,True,666,1211,0,3623,8,37,3,17,7,18,0.24,27,75,3623,666,train,75,75
42,88,21,56,15,34,0.24817518248175183,50,137,16420,True,667,1095,0,6864,19,61,7,27,9,24,0.17518248175182483,37,137,6864,667,train,137,137
47,96,28,62,16,35,0.23026315789473684,50,152,24083,True,668,1233,0,12596,29,68,16,39,11,26,0.17105263157894737,38,152,12596,668,train,152,152
45,111,21,67,16,41,0.2847222222222222,60,144,21574,True,669,1235,0,10437,22,75,12,37,12,29,0.2013888888888889,46,144,10437,669,train,144,144
36,88,22,50,13,30,0.23622047244094488,45,127,17174,True,670,1160,0,8140,22,56,8,30,8,22,0.1732283464566929,33,127,8140,670,train,127,127
39,78,20,54,13,31,0.23308270676691728,46,133,18360,True,671,1227,0,8535,18,57,9,26,7,21,0.15789473684210525,33,133,8535,671,train,133,133
33,84,19,50,13,29,0.2543859649122807,43,114,17800,True,672,1280,0,8279,18,54,7,26,8,19,0.16666666666666666,30,114,8279,672,train,114,114
28,60,13,38,10,25,0.2403846153846154,35,104,9754,True,673,1016,0,3550,11,36,3,17,6,17,0.16346153846153846,26,104,3550,673,train,104,104
21,63,11,33,9,22,0.21782178217821782,34,101,10929,True,674,1233,0,3392,8,30,3,13,5,16,0.15841584158415842,26,101,3392,674,train,101,101
56,116,22,69,19,45,0.27439024390243905,62,164,18621,True,675,1038,0,8743,24,84,8,42,13,35,0.21341463414634146,52,164,8743,675,train,164,164
28,73,14,35,11,25,0.2604166666666667,37,96,9972,True,676,1024,0,3131,8,35,4,19,7,18,0.1875,28,96,3131,676,train,96,96
34,93,16,54,14,35,0.30701754385964913,50,114,14519,True,677,1145,0,3979,11,39,3,18,8,18,0.15789473684210525,31,114,3979,677,train,114,114
23,66,15,34,11,25,0.25,41,100,9476,True,678,1042,0,3101,9,39,2,14,6,19,0.19,32,100,3101,678,train,100,100
50,119,30,83,21,48,0.2774566473988439,70,173,23836,True,679,1259,0,9573,23,82,6,38,12,34,0.19653179190751446,54,173,9573,679,train,173,173
46,93,19,61,17,39,0.3277310924369748,53,119,16749,True,680,1167,0,5519,13,63,3,24,10,28,0.23529411764705882,44,119,5519,680,train,119,119
40,100,20,56,15,36,0.2748091603053435,51,131,12138,True,681,869,0,4838,15,54,4,26,8,24,0.183206106870229,38,131,4838,681,train,131,131
31,70,20,44,11,23,0.19327731092436976,34,119,19598,True,682,1276,0,10007,17,46,10,24,6,14,0.11764705882352941,23,119,10007,682,train,119,119
38,71,17,45,13,30,0.2564102564102564,41,117,12681,True,683,1073,0,5100,15,46,4,22,8,21,0.1794871794871795,33,117,5100,683,train,117,117
32,87,12,54,13,36,0.3,52,120,14555,True,684,1238,0,4352,7,39,5,12,5,16,0.13333333333333333,30,120,4352,684,train,120,120
46,87,28,58,14,32,0.23357664233576642,45,137,26039,True,685,1282,0,15915,29,72,15,41,10,24,0.17518248175182483,36,137,15915,685,train,137,137
40,81,17,54,14,34,0.2857142857142857,48,119,14780,True,686,1067,0,6119,16,56,6,25,8,22,0.18487394957983194,35,119,6119,686,train,119,119
45,86,25,55,14,32,0.22535211267605634,44,142,23052,True,687,1264,0,12242,26,59,14,31,9,21,0.14788732394366197,32,142,12242,687,train,142,142
42,97,26,55,14,32,0.21052631578947367,47,152,21378,True,688,1214,0,11362,23,62,12,35,9,24,0.15789473684210525,36,152,11362,688,train,152,152
52,116,22,77,20,47,0.31543624161073824,66,149,9404,True,689,550,0,4632,27,79,10,38,13,34,0.22818791946308725,52,149,4632,689,train,149,149
49,102,30,66,18,39,0.2727272727272727,54,143,22738,True,690,1228,0,11000,28,76,10,41,12,31,0.21678321678321677,46,143,11000,690,train,143,143
36,85,18,50,15,34,0.2809917355371901,49,121,13494,True,691,1149,0,4315,10,47,2,24,8,24,0.19834710743801653,35,121,4315,691,train,121,121
57,117,14,79,24,57,0.3433734939759036,75,166,15314,True,692,1073,0,5375,11,78,1,29,16,45,0.2710843373493976,64,166,5375,692,train,166,166
35,93,20,47,15,32,0.2318840579710145,48,138,14374,True,693,1102,0,5484,14,57,5,27,9,27,0.1956521739130435,42,138,5484,693,train,138,138
35,87,22,51,13,28,0.19858156028368795,43,141,20150,True,694,1281,0,10927,24,57,13,28,9,20,0.14184397163120568,32,141,10927,694,train,141,141
35,91,12,58,13,38,0.2714285714285714,54,140,14863,True,695,1171,0,6023,13,58,6,23,8,24,0.17142857142857143,40,140,6023,695,train,140,140
13,42,5,16,5,14,0.2,24,70,5683,True,696,1165,0,1387,1,17,1,5,2,10,0.14285714285714285,20,70,1387,696,train,70,70
47,112,19,72,18,44,0.27848101265822783,65,158,18979,True,697,1198,0,7789,17,70,8,29,10,29,0.18354430379746836,47,158,7789,697,train,158,158
51,112,29,74,19,43,0.26875,61,160,20165,True,698,1040,0,10054,28,85,11,46,13,34,0.2125,51,160,10054,698,train,160,160
35,100,19,58,14,35,0.23809523809523808,55,147,18682,True,699,1259,0,7663,16,53,5,24,8,20,0.1360544217687075,35,147,7663,699,train,147,147
22,45,8,28,8,21,0.25,28,84,6888,True,700,1071,0,1703,6,20,0,8,5,14,0.16666666666666666,23,84,1703,700,train,84,84
50,105,29,65,16,37,0.2624113475177305,53,141,24176,True,701,1251,0,9979,19,65,11,33,9,23,0.16312056737588654,37,141,9979,701,train,141,141
22,69,13,37,8,22,0.19130434782608696,36,115,11650,True,702,1113,0,5592,9,38,7,17,5,13,0.11304347826086956,24,115,5592,702,train,115,115
41,108,19,67,17,44,0.3055555555555556,65,144,18731,True,703,1229,0,6455,17,69,6,24,10,27,0.1875,48,144,6455,703,train,144,144
23,70,12,39,9,25,0.24509803921568626,39,102,11885,True,704,1229,0,4832,9,40,3,13,4,13,0.12745098039215685,25,102,4832,704,train,102,102
44,101,23,62,15,38,0.2857142857142857,55,133,17082,True,705,1027,0,7560,18,69,8,29,8,24,0.18045112781954886,41,133,7560,705,train,133,133
53,104,24,69,20,45,0.3,61,150,16303,True,706,1006,0,6550,20,71,7,37,13,33,0.22,49,150,6550,706,train,150,150
32,72,17,43,11,26,0.23214285714285715,37,112,15114,True,707,1219,0,6756,14,42,7,21,6,17,0.15178571428571427,26,112,6756,707,train,112,112
44,97,17,62,18,42,0.3230769230769231,59,130,12377,True,708,1004,0,4296,12,63,1,25,13,31,0.23846153846153847,48,130,4296,708,train,130,130
49,104,18,67,19,45,0.29411764705882354,61,153,16155,True,709,1095,0,7174,18,78,7,33,12,34,0.2222222222222222,52,153,7174,709,train,153,153
30,78,12,43,12,30,0.2777777777777778,45,108,12203,True,710,1176,0,4021,11,51,4,15,7,21,0.19444444444444445,36,108,4021,710,train,108,108
46,100,20,66,19,42,0.30434782608695654,59,138,16140,True,711,1152,0,4885,14,60,2,29,14,31,0.2246376811594203,47,138,4885,711,train,138,138
52,114,22,73,19,47,0.27976190476190477,65,168,15673,True,712,920,0,6498,19,78,5,30,10,32,0.19047619047619047,53,168,6498,712,train,168,168
40,85,22,51,13,29,0.2116788321167883,43,137,19091,True,713,1130,0,9054,20,57,11,25,8,18,0.13138686131386862,30,137,9054,713,train,137,137
48,95,23,69,17,40,0.30303030303030304,56,132,16277,True,714,1029,0,5515,18,61,5,24,10,26,0.19696969696969696,43,132,5515,714,train,132,132
35,69,21,43,10,24,0.21818181818181817,35,110,17940,True,715,1269,0,8769,14,46,7,22,5,13,0.11818181818181818,22,110,8769,715,train,110,110
35,91,18,57,13,34,0.23776223776223776,51,143,17837,True,716,1226,0,7831,18,56,9,25,9,23,0.16083916083916083,38,143,7831,716,train,143,143
54,102,29,69,17,40,0.23809523809523808,57,168,22894,True,717,1158,0,12549,28,77,14,44,12,29,0.17261904761904762,44,168,12549,717,train,168,168
53,109,20,76,19,46,0.3026315789473684,63,152,17858,True,718,1016,0,8282,22,82,9,40,12,34,0.2236842105263158,52,152,8282,718,train,152,152
38,100,15,58,15,40,0.25477707006369427,59,157,17669,True,719,1266,0,6959,13,64,6,24,8,26,0.16560509554140126,43,157,6959,719,train,157,157
33,84,13,47,11,31,0.2366412213740458,44,131,13371,True,720,1194,0,5620,10,46,5,17,5,19,0.1450381679389313,33,131,5620,720,train,131,131
42,99,21,65,15,38,0.2857142857142857,57,133,18752,True,721,1193,0,7742,21,64,8,28,9,23,0.17293233082706766,38,133,7742,721,train,133,133
26,71,11,43,11,29,0.2761904761904762,41,105,11754,True,722,1212,0,3822,7,40,2,14,5,18,0.17142857142857143,32,105,3822,722,train,105,105
37,77,16,51,11,30,0.26785714285714285,43,112,15058,True,723,1096,0,6752,15,56,7,22,6,17,0.15178571428571427,31,112,6752,723,train,112,112
56,98,33,66,17,38,0.2714285714285714,51,140,23229,True,724,1022,0,11417,30,69,15,48,11,28,0.2,41,140,11417,724,train,140,140
50,101,17,65,18,44,0.3384615384615385,59,130,14769,True,725,972,0,5393,16,64,4,28,10,30,0.23076923076923078,45,130,5393,725,train,130,130
38,91,21,59,15,35,0.24305555555555555,51,144,17894,True,726,1253,0,7348,16,54,7,29,8,24,0.16666666666666666,37,144,7348,726,train,144,144
53,97,26,67,17,40,0.29411764705882354,54,136,22132,True,727,1231,0,9709,23,71,10,40,12,29,0.21323529411764705,43,136,9709,727,train,136,136
32,91,14,51,16,37,0.2824427480916031,55,131,10760,True,728,965,0,3409,8,51,3,20,10,29,0.22137404580152673,45,131,3409,728,train,131,131
66,133,29,90,24,56,0.3218390804597701,77,174,20358,True,729,985,0,7980,27,91,7,43,16,42,0.2413793103448276,63,174,7980,729,train,174,174
59,124,21,80,22,52,0.325,72,160,21811,True,730,1180,0,8311,21,90,6,38,14,38,0.2375,57,160,8311,730,train,160,160
17,44,3,23,9,20,0.30303030303030304,28,66,4488,True,731,1048,0,1050,2,20,0,6,6,16,0.24242424242424243,26,66,1050,731,train,66,66
49,93,25,66,17,38,0.2550335570469799,52,149,21710,True,732,1244,0,10321,25,67,8,40,12,29,0.19463087248322147,43,149,10321,732,train,149,149
18,71,4,39,12,35,0.32710280373831774,49,107,5857,True,733,910,0,1373,2,28,1,7,7,26,0.24299065420560748,45,107,1373,733,train,107,107
58,116,29,78,18,44,0.2603550295857988,62,169,26858,True,734,1166,0,14698,34,88,12,50,11,33,0.1952662721893491,49,169,14698,734,train,169,169
38,88,18,59,15,36,0.2608695652173913,52,138,17007,True,735,1212,0,7046,18,54,8,26,9,23,0.16666666666666666,38,138,7046,735,train,138,138
28,72,15,35,9,22,0.18333333333333332,34,120,16052,True,736,1287,0,7987,14,44,7,17,6,13,0.10833333333333334,23,120,7987,736,train,120,120
38,86,18,49,13,33,0.264,47,125,13732,True,737,1086,0,5617,14,56,7,22,8,23,0.184,37,125,5617,737,train,125,125
34,76,19,49,14,29,0.24369747899159663,42,119,14514,True,738,1184,0,5924,14,51,3,24,8,22,0.18487394957983194,33,119,5924,738,train,119,119
17,49,10,26,6,14,0.15730337078651685,22,89,11041,True,739,1278,0,4995,9,25,5,11,4,8,0.0898876404494382,13,89,4995,739,train,89,89
52,100,24,67,20,43,0.30935251798561153,59,139,12275,True,740,787,0,3814,13,70,3,26,12,32,0.2302158273381295,50,139,3814,740,train,139,139
50,119,22,75,17,46,0.2857142857142857,68,161,22595,True,741,1240,0,9465,21,68,10,29,10,26,0.16149068322981366,44,161,9465,741,train,161,161
41,99,22,62,16,37,0.27205882352941174,55,136,16970,True,742,1079,0,6686,22,68,7,29,12,27,0.19852941176470587,44,136,6686,742,train,136,136
43,102,17,60,17,40,0.2684563758389262,57,149,16210,True,743,1197,0,6030,15,56,7,25,10,26,0.174496644295302,42,149,6030,743,train,149,149
49,106,21,65,20,45,0.28846153846153844,61,156,11037,True,744,742,0,4092,16,69,3,31,12,34,0.21794871794871795,53,156,4092,744,train,156,156
45,104,20,67,19,44,0.30985915492957744,62,142,17918,True,745,1205,0,5888,15,56,3,27,12,31,0.21830985915492956,45,142,5888,745,train,142,142
49,106,20,71,17,43,0.28859060402684567,61,149,20976,True,746,1244,0,8515,19,67,6,33,10,27,0.18120805369127516,42,149,8515,746,train,149,149
44,84,15,56,16,38,0.33043478260869563,51,115,14723,True,747,1201,0,4064,9,54,1,19,11,30,0.2608695652173913,44,115,4064,747,train,115,115
49,101,20,64,19,43,0.3028169014084507,59,142,15605,True,748,1049,0,4994,14,59,4,27,11,29,0.20422535211267606,44,142,4994,748,train,142,142
26,76,11,45,11,31,0.29245283018867924,46,106,11573,True,749,1233,0,2652,6,30,1,12,7,20,0.18867924528301888,35,106,2652,749,train,106,106
33,84,17,48,13,31,0.23134328358208955,47,134,14051,True,750,1137,0,6004,11,52,5,24,7,22,0.16417910447761194,35,134,6004,750,train,134,134
48,110,25,66,17,40,0.22988505747126436,58,174,20915,True,751,1154,0,10033,23,76,9,37,10,29,0.16666666666666666,46,174,10033,751,train,174,174
40,93,19,54,14,34,0.24285714285714285,49,140,18095,True,752,1253,0,8268,15,56,6,29,7,23,0.16428571428571428,36,140,8268,752,train,140,140
36,89,15,54,14,35,0.2755905511811024,50,127,14095,True,753,1183,0,5527,16,56,4,22,10,24,0.1889763779527559,39,127,5527,753,train,127,127
51,107,21,71,22,47,0.31756756756756754,64,148,12568,True,754,843,0,4653,15,72,4,32,14,38,0.25675675675675674,56,148,4653,754,train,148,148
33,91,23,49,12,26,0.20634920634920634,41,126,22203,True,755,1277,0,11709,20,55,16,30,9,18,0.14285714285714285,29,126,11709,755,train,126,126
51,98,19,65,17,43,0.2925170068027211,58,147,17969,True,756,1183,0,5889,13,66,5,22,9,27,0.1836734693877551,46,147,5889,756,train,147,147
42,92,23,58,14,32,0.21052631578947367,47,152,20401,True,757,1204,0,10582,22,65,9,33,8,23,0.1513157894736842,35,152,10582,757,train,152,152
23,72,11,33,9,26,0.23636363636363636,42,110,10362,True,758,1216,0,3111,6,25,2,9,4,13,0.11818181818181818,29,110,3111,758,train,110,110
36,84,19,48,12,28,0.2028985507246377,41,138,18387,True,759,1213,0,9814,19,56,12,30,8,20,0.14492753623188406,32,138,9814,759,train,138,138
41,85,16,53,14,34,0.2764227642276423,48,123,15861,True,760,1186,0,5978,13,53,5,23,7,24,0.1951219512195122,36,123,5978,760,train,123,123
43,101,17,66,17,43,0.2847682119205298,60,151,16845,True,761,1142,0,6929,18,72,4,26,11,30,0.1986754966887417,50,151,6929,761,train,151,151
29,86,13,46,12,32,0.25396825396825395,46,126,11791,True,762,1079,0,4605,7,48,3,17,5,22,0.1746031746031746,36,126,4605,762,train,126,126
33,69,17,45,11,27,0.24770642201834864,39,109,14008,True,763,1176,0,4856,9,40,4,17,5,17,0.1559633027522936,28,109,4856,763,train,109,109
38,80,18,52,15,33,0.2972972972972973,44,111,11618,True,764,976,0,2802,9,44,1,17,10,25,0.22522522522522523,38,111,2802,764,train,111,111
39,101,15,58,16,39,0.2867647058823529,57,136,16747,True,765,1252,0,5858,13,60,3,25,9,27,0.19852941176470587,43,136,5858,765,train,136,136
27,74,16,40,10,25,0.211864406779661,39,118,14476,True,766,1246,0,6889,16,43,7,20,7,16,0.13559322033898305,26,118,6889,766,train,118,118
34,76,14,45,11,29,0.24369747899159663,41,119,12733,True,767,1112,0,4670,10,42,7,19,7,21,0.17647058823529413,32,119,4670,767,train,119,119
41,89,24,51,12,28,0.21705426356589147,41,129,22729,True,768,1271,0,12316,21,55,11,31,7,18,0.13953488372093023,29,129,12316,768,train,129,129
36,85,18,56,14,35,0.3125,51,112,14677,True,769,1174,0,4666,10,48,2,20,7,21,0.1875,35,112,4666,769,train,112,112
36,88,16,50,12,31,0.23846153846153847,46,130,16677,True,770,1235,0,6933,12,50,5,21,5,18,0.13846153846153847,32,130,6933,770,train,130,130
48,104,23,71,19,43,0.30935251798561153,63,139,15265,True,771,928,0,6362,21,71,7,33,11,29,0.20863309352517986,44,139,6362,771,train,139,139
32,74,11,50,12,33,0.2796610169491525,46,118,10740,True,772,1125,0,3344,8,41,1,18,8,21,0.17796610169491525,36,118,3344,772,train,118,118
31,73,14,48,11,29,0.2761904761904762,41,105,12893,True,773,1183,0,4226,7,37,4,15,5,15,0.14285714285714285,26,105,4226,773,train,105,105
33,90,17,52,14,34,0.2677165354330709,50,127,13573,True,774,1179,0,5111,12,48,5,19,8,22,0.1732283464566929,36,127,5111,774,train,127,127
50,104,19,73,21,48,0.32432432432432434,64,148,16945,True,775,1149,0,5269,12,70,2,27,14,38,0.25675675675675674,55,148,5269,775,train,148,148
37,80,17,50,12,30,0.2158273381294964,43,139,15882,True,776,1194,0,6942,14,51,8,26,8,20,0.14388489208633093,31,139,6942,776,train,139,139
30,75,11,49,12,32,0.3368421052631579,46,95,12847,True,777,1188,0,4523,9,44,4,19,6,19,0.2,31,95,4523,777,train,95,95
35,74,11,47,13,31,0.2980769230769231,43,104,11852,True,778,1174,0,2784,6,36,1,12,8,22,0.21153846153846154,33,104,2784,778,train,104,104
44,89,27,54,14,32,0.2302158273381295,43,139,23372,True,779,1262,0,13786,27,62,16,41,10,23,0.16546762589928057,35,139,13786,779,train,139,139
52,98,27,73,15,38,0.2733812949640288,55,139,24006,True,780,1137,0,11876,25,71,11,38,8,25,0.17985611510791366,40,139,11876,780,train,139,139
48,100,30,68,16,38,0.2620689655172414,54,145,24635,True,781,1267,0,12611,28,73,13,41,9,27,0.18620689655172415,41,145,12611,781,train,145,145
45,92,20,54,16,36,0.288,49,125,8999,True,782,634,0,4097,21,61,6,33,11,28,0.224,42,125,4097,782,train,125,125
42,87,18,55,14,35,0.2734375,50,128,15576,True,783,1141,0,5679,15,55,5,23,9,23,0.1796875,38,128,5679,783,train,128,128
25,52,7,36,9,24,0.3380281690140845,33,71,7823,True,784,1028,0,2110,7,26,1,11,5,13,0.18309859154929578,21,71,2110,784,train,71,71
53,110,25,73,20,46,0.2875,64,160,21842,True,785,1235,0,7364,18,70,4,31,12,34,0.2125,50,160,7364,785,train,160,160
34,93,15,57,13,36,0.3,54,120,16324,True,786,1246,0,4902,10,48,6,15,6,21,0.175,39,120,4902,786,train,120,120
39,105,15,56,15,40,0.2857142857142857,57,140,13854,True,787,1176,0,4740,11,58,3,20,10,31,0.22142857142857142,48,140,4740,787,train,140,140
41,87,16,53,14,34,0.272,48,125,15863,True,788,1186,0,6015,15,54,7,25,8,23,0.184,36,125,6015,788,train,125,125
42,95,25,56,15,33,0.22448979591836735,49,147,20055,True,789,1168,0,9812,23,67,11,32,10,23,0.1564625850340136,37,147,9812,789,train,147,147
54,117,20,78,21,50,0.3125,70,160,18032,True,790,1135,0,6765,13,74,5,31,11,35,0.21875,53,160,6765,790,train,160,160
59,132,32,84,25,55,0.3235294117647059,77,170,24156,True,791,1247,0,7090,16,76,2,34,15,39,0.22941176470588234,57,170,7090,791,train,170,170
20,52,8,28,9,21,0.2625,29,80,7241,True,792,1152,0,1856,3,27,1,8,4,17,0.2125,27,80,1856,792,train,80,80
45,95,19,60,16,38,0.296875,52,128,17078,True,793,1233,0,5608,13,55,4,24,10,25,0.1953125,41,128,5608,793,train,128,128
39,79,19,53,13,33,0.28448275862068967,45,116,16212,True,794,1212,0,5798,12,49,6,18,7,20,0.1724137931034483,34,116,5798,794,train,116,116
50,115,23,76,19,47,0.27167630057803466,68,173,21983,True,795,1230,0,8764,19,76,6,38,12,35,0.2023121387283237,52,173,8764,795,train,173,173
25,70,15,41,10,24,0.21052631578947367,37,114,12508,True,796,1172,0,4871,12,38,4,17,6,15,0.13157894736842105,27,114,4871,796,train,114,114
40,95,19,57,16,36,0.2589928057553957,52,139,16675,True,797,1186,0,5260,12,48,2,24,9,24,0.17266187050359713,37,139,5260,797,train,139,139
47,97,30,61,17,36,0.2571428571428571,48,140,22835,True,798,1127,0,10765,30,61,15,40,12,27,0.19285714285714287,37,140,10765,798,train,140,140
29,72,12,41,10,26,0.26,39,100,10796,True,799,1010,0,4449,13,37,6,17,6,15,0.15,26,100,4449,799,train,100,100
39,89,23,61,13,31,0.2366412213740458,48,131,21857,True,800,1275,0,10902,23,59,10,28,8,20,0.15267175572519084,31,131,10902,800,train,131,131
34,103,21,53,13,32,0.2191780821917808,51,146,18246,True,801,1242,0,8701,19,57,9,25,8,21,0.14383561643835616,35,146,8701,801,train,146,146
44,77,27,57,14,30,0.2459016393442623,41,122,22944,True,802,1275,0,11320,23,61,13,36,9,22,0.18032786885245902,33,122,11320,802,train,122,122
47,89,24,61,15,36,0.28346456692913385,50,127,22319,True,803,1279,0,10774,21,71,10,35,9,25,0.1968503937007874,38,127,10774,803,train,127,127
31,79,13,44,13,31,0.2818181818181818,43,110,10148,True,804,1086,0,3131,8,44,2,18,9,24,0.21818181818181817,37,110,3131,804,train,110,110
33,77,10,43,12,33,0.2619047619047619,47,126,12409,True,805,1233,0,4097,6,43,4,14,5,23,0.18253968253968253,37,126,4097,805,train,126,126
34,70,20,42,12,25,0.20491803278688525,36,122,16261,True,806,1205,0,7009,17,48,6,25,8,18,0.14754098360655737,28,122,7009,806,train,122,122
30,82,12,46,10,29,0.2196969696969697,45,132,12985,True,807,1202,0,5544,9,43,6,14,5,16,0.12121212121212122,30,132,5544,807,train,132,132
37,85,12,53,12,35,0.29914529914529914,51,117,14069,True,808,1165,0,4070,8,43,2,15,6,19,0.1623931623931624,35,117,4070,808,train,117,117
54,110,22,75,19,46,0.2967741935483871,64,155,18329,True,809,1031,0,7292,18,72,7,34,10,31,0.2,49,155,7292,809,train,155,155
46,107,23,75,16,41,0.2733333333333333,62,150,11507,True,810,618,0,6496,27,87,11,40,10,29,0.19333333333333333,46,150,6496,810,train,150,150
41,99,16,60,17,40,0.28368794326241137,57,141,10995,True,811,864,0,3807,11,61,3,21,10,32,0.22695035460992907,50,141,3807,811,train,141,141
40,81,21,55,12,31,0.2421875,45,128,18333,True,812,1217,0,8558,16,48,8,30,7,20,0.15625,30,128,8558,812,train,128,128
17,47,6,26,8,19,0.27941176470588236,26,68,5682,True,813,1042,0,1203,4,22,0,7,5,16,0.23529411764705882,24,68,1203,813,train,68,68
38,87,20,52,12,29,0.22137404580152673,44,131,19703,True,814,1235,0,10208,16,61,11,28,7,19,0.1450381679389313,31,131,10208,814,train,131,131
53,128,32,73,19,44,0.25287356321839083,66,174,25106,True,815,1191,0,12914,32,85,16,43,13,31,0.1781609195402299,47,174,12914,815,train,174,174
34,79,15,45,11,28,0.21875,40,128,16286,True,816,1253,0,6789,13,51,6,20,6,18,0.140625,31,128,6789,816,train,128,128
61,119,30,76,21,47,0.28313253012048195,64,166,20111,True,817,993,0,10337,31,88,12,51,13,37,0.22289156626506024,54,166,10337,817,train,166,166
29,69,5,40,14,30,0.3,42,100,7977,True,818,1076,0,1885,4,35,0,5,7,25,0.25,38,100,1885,818,train,100,100
50,102,21,74,19,45,0.3333333333333333,62,135,18336,True,819,1163,0,6973,20,72,4,32,13,33,0.24444444444444444,49,135,6973,819,train,135,135
40,76,22,52,12,26,0.22033898305084745,38,118,21889,True,820,1287,0,12440,20,54,13,29,7,16,0.13559322033898305,26,118,12440,820,train,118,118
46,104,30,58,16,35,0.21604938271604937,50,162,20837,True,821,1089,0,11008,28,70,15,39,11,25,0.15432098765432098,38,162,11008,821,train,162,162
41,88,18,57,14,36,0.2926829268292683,50,123,18205,True,822,1256,0,7503,13,56,6,23,6,21,0.17073170731707318,36,123,7503,822,train,123,123
33,75,18,45,13,29,0.25663716814159293,41,113,13623,True,823,1188,0,4273,11,42,3,18,7,19,0.168141592920354,31,113,4273,823,train,113,113
39,97,15,58,16,40,0.30303030303030304,58,132,13092,True,824,1043,0,4280,10,54,3,20,8,26,0.19696969696969696,43,132,4280,824,train,132,132
49,92,30,64,17,37,0.2781954887218045,51,133,22749,True,825,1256,0,10436,27,64,10,38,10,27,0.20300751879699247,38,133,10436,825,train,133,133
54,108,23,76,18,44,0.3076923076923077,61,143,16557,True,826,930,0,7239,24,74,9,36,13,31,0.21678321678321677,48,143,7239,826,train,143,143
39,111,17,63,18,45,0.28662420382165604,65,157,16177,True,827,1181,0,5753,14,56,3,27,11,31,0.19745222929936307,48,157,5753,827,train,157,157
34,105,15,54,16,42,0.302158273381295,62,139,13362,True,828,1174,0,3782,11,48,1,18,11,28,0.2014388489208633,46,139,3782,828,train,139,139
54,127,26,80,18,45,0.2556818181818182,66,176,26783,True,829,1237,0,13003,23,81,14,40,10,27,0.1534090909090909,46,176,13003,829,train,176,176
36,83,14,53,16,36,0.27906976744186046,51,129,12733,True,830,1167,0,3227,6,44,1,21,11,27,0.20930232558139536,42,129,3227,830,train,129,129
36,84,16,52,14,35,0.2845528455284553,50,123,14186,True,831,1145,0,5540,15,62,4,24,9,27,0.21951219512195122,43,123,5540,831,train,123,123
28,74,18,46,11,24,0.1875,37,128,18710,True,832,1287,0,9845,17,53,11,24,7,16,0.125,25,128,9845,832,train,128,128
46,102,25,61,15,36,0.23376623376623376,52,154,22128,True,833,1255,0,10923,22,70,10,35,10,26,0.16883116883116883,41,154,10923,833,train,154,154
45,106,27,78,18,42,0.28187919463087246,61,149,19266,True,834,1096,0,6884,20,74,5,33,12,32,0.21476510067114093,50,149,6884,834,train,149,149
38,79,19,50,13,30,0.25,42,120,16788,True,835,1252,0,6902,14,49,8,25,7,20,0.16666666666666666,31,120,6902,835,train,120,120
33,81,12,48,15,34,0.2857142857142857,47,119,7582,True,836,757,0,2161,6,49,0,17,12,30,0.25210084033613445,46,119,2161,836,train,119,119
17,52,12,25,8,17,0.2,25,85,6287,True,837,929,0,1747,7,24,2,12,5,12,0.1411764705882353,22,85,1747,837,train,85,85
37,92,14,57,16,39,0.31451612903225806,54,124,10627,True,838,897,0,3464,11,55,3,21,11,30,0.24193548387096775,45,124,3464,838,train,124,124
55,114,25,72,18,43,0.2721518987341772,60,158,22780,True,839,1200,0,10435,23,74,10,42,12,31,0.1962025316455696,47,158,10435,839,train,158,158
35,86,10,53,16,36,0.3076923076923077,51,117,12363,True,840,1195,0,2898,7,41,1,14,9,25,0.21367521367521367,38,117,2898,840,train,117,117
42,92,18,62,16,39,0.291044776119403,55,134,10977,True,841,776,0,4286,17,68,5,29,10,30,0.22388059701492538,47,134,4286,841,train,134,134
49,117,14,73,22,51,0.30177514792899407,70,169,16056,True,842,1142,0,5877,16,78,2,30,14,40,0.23668639053254437,60,169,5877,842,train,169,169
38,90,12,54,13,35,0.28,51,125,16049,True,843,1257,0,5296,10,50,4,16,6,21,0.168,37,125,5296,843,train,125,125
33,85,11,51,13,34,0.26356589147286824,50,129,12390,True,844,1174,0,4314,9,51,3,17,7,22,0.17054263565891473,38,129,4314,844,train,129,129
17,53,7,33,7,22,0.29333333333333333,31,75,7611,True,845,1157,0,2137,2,26,2,9,3,13,0.17333333333333334,24,75,2137,845,train,75,75
32,71,14,43,10,28,0.2857142857142857,39,98,12074,True,846,1081,0,4379,11,42,4,16,5,16,0.16326530612244897,27,98,4379,846,train,98,98
54,103,28,74,17,41,0.2679738562091503,58,153,23610,True,847,1217,0,12812,29,80,11,42,10,29,0.1895424836601307,46,153,12812,847,train,153,153
41,95,19,57,15,37,0.27007299270072993,53,137,10477,True,848,734,0,4499,17,61,6,27,9,25,0.18248175182481752,41,137,4499,848,train,137,137
31,69,16,43,10,24,0.23300970873786409,35,103,14140,True,849,1189,0,5573,12,42,7,20,6,17,0.1650485436893204,26,103,5573,849,train,103,103
37,77,12,50,14,33,0.2682926829268293,46,123,13771,True,850,1221,0,4958,9,46,5,18,6,21,0.17073170731707318,34,123,4958,850,train,123,123
27,75,13,39,11,27,0.21951219512195122,40,123,9734,True,851,985,0,3783,14,39,1,18,8,19,0.15447154471544716,30,123,3783,851,train,123,123
25,52,10,35,9,22,0.25287356321839083,31,87,9462,True,852,1145,0,3107,6,32,2,10,4,13,0.14942528735632185,23,87,3107,852,train,87,87
46,100,29,61,17,36,0.2482758620689655,51,145,23038,True,853,1268,0,9582,24,64,9,38,11,27,0.18620689655172415,38,145,9582,853,train,145,145
43,94,23,63,14,36,0.27906976744186046,52,129,19252,True,854,1204,0,9258,21,58,10,30,8,22,0.17054263565891473,34,129,9258,854,train,129,129
29,63,13,41,10,24,0.25806451612903225,34,93,13648,True,855,1240,0,4591,10,33,6,15,6,13,0.13978494623655913,22,93,4591,855,train,93,93
59,148,29,84,24,54,0.2887700534759358,79,187,22212,True,856,1058,0,10164,32,91,8,46,17,40,0.21390374331550802,60,187,10164,856,train,187,187
51,111,24,76,18,45,0.3082191780821918,65,146,17365,True,857,926,0,7495,23,75,8,35,11,29,0.19863013698630136,46,146,7495,857,train,146,146
48,98,18,65,14,39,0.29770992366412213,54,131,20544,True,858,1242,0,8958,15,59,10,27,8,23,0.17557251908396945,39,131,8958,858,train,131,131
33,70,19,44,14,29,0.28431372549019607,40,102,12827,True,859,1193,0,3876,9,39,2,20,8,22,0.21568627450980393,32,102,3876,859,train,102,102
39,108,24,67,17,41,0.2808219178082192,62,146,16491,True,860,1033,0,7049,22,71,9,31,12,28,0.1917808219178082,45,146,7049,860,train,146,146
52,118,21,70,22,47,0.31333333333333335,66,150,19297,True,861,1211,0,6165,17,65,2,31,13,34,0.22666666666666666,51,150,6165,861,train,150,150
35,78,17,47,13,30,0.25210084033613445,42,119,14900,True,862,1244,0,4853,9,46,4,19,6,20,0.16806722689075632,33,119,4853,862,train,119,119
43,82,24,52,14,28,0.1958041958041958,41,143,22693,True,863,1266,0,11586,26,59,12,33,10,22,0.15384615384615385,32,143,11586,863,train,143,143
34,83,18,56,12,31,0.25,48,124,16117,True,864,1113,0,7041,17,55,5,25,6,19,0.1532258064516129,31,124,7041,864,train,124,124
54,112,21,74,18,46,0.3262411347517731,64,141,20077,True,865,1163,0,7659,17,70,9,30,10,28,0.19858156028368795,47,141,7659,865,train,141,141
37,95,22,52,13,32,0.21052631578947367,49,152,16304,True,866,1107,0,8001,17,59,8,27,7,21,0.13815789473684212,36,152,8001,866,train,152,152
43,90,23,58,14,34,0.2556390977443609,49,133,18479,True,867,1135,0,9182,21,61,11,34,9,25,0.18796992481203006,39,133,9182,867,train,133,133
31,75,11,42,13,32,0.29357798165137616,46,109,10255,True,868,1155,0,2793,6,40,1,14,8,24,0.22018348623853212,38,109,2793,868,train,109,109
54,101,29,68,20,42,0.26582278481012656,57,158,16660,True,869,947,0,6769,24,70,6,35,14,32,0.20253164556962025,49,158,6769,869,train,158,158
32,94,18,50,14,33,0.24444444444444444,50,135,14019,True,870,1191,0,5163,14,52,3,22,8,24,0.17777777777777778,38,135,5163,870,train,135,135
58,116,34,77,17,42,0.2709677419354839,59,155,25523,True,871,1090,0,12299,25,80,15,43,11,28,0.18064516129032257,43,155,12299,871,train,155,155
28,68,11,45,11,29,0.27358490566037735,41,106,10706,True,872,1071,0,3927,13,47,3,19,9,22,0.20754716981132076,34,106,3927,872,train,106,106
43,95,27,56,15,31,0.21379310344827587,43,145,24311,True,873,1238,0,13969,30,70,16,39,11,25,0.1724137931034483,35,145,13969,873,train,145,145
44,79,30,55,15,31,0.22962962962962963,41,135,24835,True,874,1240,0,15178,31,65,15,41,10,25,0.18518518518518517,33,135,15178,874,train,135,135
37,88,17,55,14,34,0.27419354838709675,50,124,15793,True,875,1168,0,6394,13,52,7,26,7,21,0.1693548387096774,32,124,6394,875,train,124,124
36,79,12,44,13,33,0.2894736842105263,44,114,7507,True,876,721,0,1990,8,41,1,15,9,25,0.21929824561403508,41,114,1990,876,train,114,114
57,121,26,79,22,49,0.310126582278481,69,158,23145,True,877,1262,0,8265,19,75,6,34,12,33,0.2088607594936709,50,158,8265,877,train,158,158
42,104,18,60,13,36,0.24,55,150,16776,True,878,1017,0,9368,18,68,11,36,8,25,0.16666666666666666,39,150,9368,878,train,150,150
28,75,8,49,13,34,0.3269230769230769,48,104,10561,True,879,1213,0,2364,4,31,0,9,7,23,0.22115384615384615,37,104,2364,879,train,104,104
29,62,10,45,11,27,0.2727272727272727,38,99,12068,True,880,1223,0,4181,9,40,2,19,7,19,0.1919191919191919,30,99,4181,880,train,99,99
45,101,25,65,15,38,0.2733812949640288,56,139,21373,True,881,1206,0,9546,21,66,9,30,9,23,0.16546762589928057,37,139,9546,881,train,139,139
42,93,15,62,17,40,0.3333333333333333,56,120,14840,True,882,1181,0,3815,7,55,2,18,10,30,0.25,46,120,3815,882,train,120,120
37,72,14,49,13,33,0.308411214953271,44,107,12138,True,883,1127,0,3667,7,43,1,14,6,21,0.19626168224299065,33,107,3667,883,train,107,107
43,98,20,63,15,37,0.25517241379310346,55,145,17636,True,884,1078,0,7609,16,68,8,27,8,23,0.15862068965517243,41,145,7609,884,train,145,145
53,119,15,76,24,54,0.3312883435582822,73,163,12005,True,885,821,0,4227,12,79,2,35,17,45,0.27607361963190186,64,163,4227,885,train,163,163
43,88,24,53,14,32,0.24615384615384617,46,130,21020,True,886,1260,0,10294,20,57,10,32,8,21,0.16153846153846155,32,130,10294,886,train,130,130
47,102,18,66,17,43,0.28289473684210525,60,152,18053,True,887,1212,0,7653,14,63,6,28,8,29,0.19078947368421054,44,152,7653,887,train,152,152
45,91,27,56,14,31,0.22302158273381295,43,139,24768,True,888,1255,0,13200,24,60,15,38,10,22,0.15827338129496402,33,139,13200,888,train,139,139
31,82,15,53,12,32,0.25196850393700787,48,127,14419,True,889,1150,0,5653,12,52,5,22,6,20,0.15748031496062992,34,127,5653,889,train,127,127
49,105,24,67,17,41,0.2789115646258503,59,147,22910,True,890,1273,0,11709,29,74,11,38,11,30,0.20408163265306123,45,147,11709,890,train,147,147
31,87,17,56,12,35,0.25925925925925924,51,135,14299,True,891,1098,0,5759,13,55,9,20,8,19,0.14074074074074075,36,135,5759,891,train,135,135
44,99,19,59,15,38,0.2857142857142857,54,133,17035,True,892,1132,0,4966,10,52,4,21,7,25,0.18796992481203006,40,133,4966,892,train,133,133
44,112,23,67,18,43,0.2945205479452055,62,146,18837,True,893,1153,0,7199,19,77,8,28,11,31,0.21232876712328766,50,146,7199,893,train,146,146
70,145,27,99,28,65,0.33163265306122447,90,196,24151,True,894,1156,0,9975,25,105,7,44,18,49,0.25,72,196,9975,894,train,196,196
34,98,21,50,12,29,0.1858974358974359,47,156,19031,True,895,1201,0,9737,17,53,8,25,6,17,0.10897435897435898,31,156,9737,895,train,156,156
42,89,18,58,17,37,0.2846153846153846,51,130,15076,True,896,1148,0,5026,14,55,2,27,11,28,0.2153846153846154,42,130,5026,896,train,130,130
38,96,19,58,15,37,0.27205882352941174,54,136,16861,True,897,1243,0,6737,17,59,4,22,9,24,0.17647058823529413,39,136,6737,897,train,136,136
19,52,5,24,8,20,0.25,30,80,5682,True,898,1071,0,1337,3,24,0,7,6,16,0.2,25,80,1337,898,train,80,80
24,65,8,41,10,27,0.32926829268292684,39,82,6266,True,899,772,0,1689,7,35,1,10,6,18,0.21951219512195122,30,82,1689,899,train,82,82
36,86,23,57,12,29,0.21641791044776118,45,134,22487,True,900,1279,0,12284,22,67,12,31,8,20,0.14925373134328357,32,134,12284,900,train,134,134
35,84,20,52,12,29,0.2116788321167883,43,137,14403,True,901,945,0,7341,19,56,10,29,7,19,0.1386861313868613,31,137,7341,901,train,137,137
31,71,14,44,14,30,0.26785714285714285,43,112,10750,True,902,1082,0,2798,7,41,1,14,9,24,0.21428571428571427,36,112,2798,902,train,112,112
39,85,16,52,15,35,0.2966101694915254,49,118,14725,True,903,1154,0,4874,11,50,3,20,8,24,0.2033898305084746,37,118,4874,903,train,118,118
43,102,20,65,16,40,0.25806451612903225,58,155,16618,True,904,1093,0,6631,15,70,6,29,9,29,0.1870967741935484,46,155,6631,904,train,155,155
53,101,19,63,18,42,0.3111111111111111,56,135,17984,True,905,1147,0,6918,21,67,4,35,13,32,0.23703703703703705,45,135,6918,905,train,135,135
46,101,28,62,18,38,0.2814814814814815,54,135,16918,True,906,991,0,5976,21,65,5,33,12,29,0.21481481481481482,45,135,5976,906,train,135,135
37,74,22,51,15,31,0.2818181818181818,42,110,14624,True,907,1080,0,4887,16,49,3,25,11,24,0.21818181818181817,35,110,4887,907,train,110,110
38,84,27,50,13,29,0.20422535211267606,40,142,18346,True,908,1063,0,8664,24,54,11,33,8,21,0.14788732394366197,31,142,8664,908,train,142,142
49,117,21,72,20,49,0.3223684210526316,69,152,16791,True,909,1081,0,5977,19,76,1,31,13,36,0.23684210526315788,57,152,5977,909,train,152,152
25,82,13,42,11,32,0.25196850393700787,48,127,10720,True,910,1112,0,3398,6,42,2,12,6,22,0.1732283464566929,38,127,3398,910,train,127,127
40,103,15,60,17,42,0.28378378378378377,61,148,11884,True,911,927,0,4495,13,62,4,24,10,31,0.20945945945945946,50,148,4495,911,train,148,148
42,91,18,51,14,34,0.288135593220339,48,118,14902,True,912,1077,0,5389,16,48,6,22,8,20,0.1694915254237288,34,118,5389,912,train,118,118
44,99,20,61,16,39,0.2785714285714286,56,140,18327,True,913,1185,0,7715,17,69,6,31,10,26,0.18571428571428572,40,140,7715,913,train,140,140
66,108,39,80,21,45,0.30201342281879195,61,149,28485,True,914,1076,0,14398,40,89,19,52,15,34,0.22818791946308725,48,149,14398,914,train,149,149
46,88,23,59,16,35,0.28,48,125,21168,True,915,1290,0,9115,23,59,6,33,9,26,0.208,38,125,9115,915,train,125,125
46,98,31,62,16,34,0.2251655629139073,49,151,23414,True,916,1228,0,12703,29,73,14,39,11,26,0.17218543046357615,39,151,12703,916,train,151,151
56,119,26,75,19,47,0.2640449438202247,67,178,22468,True,917,1143,0,8777,18,78,8,34,10,32,0.1797752808988764,53,178,8777,917,train,178,178
30,73,17,41,10,23,0.19008264462809918,34,121,17050,True,918,1278,0,7625,13,35,8,19,5,12,0.09917355371900827,20,121,7625,918,train,121,121
46,107,22,62,15,40,0.22988505747126436,58,174,19865,True,919,1213,0,8670,20,65,7,30,9,27,0.15517241379310345,45,174,8670,919,train,174,174
43,105,22,61,16,38,0.25333333333333335,56,150,19885,True,920,1245,0,8445,18,63,9,31,9,26,0.17333333333333334,40,150,8445,920,train,150,150
45,112,16,67,20,47,0.29936305732484075,66,157,14453,True,921,1005,0,5056,13,68,3,25,11,35,0.2229299363057325,56,157,5056,921,train,157,157
55,113,36,73,21,44,0.2716049382716049,59,162,26109,True,922,1250,0,12239,35,74,11,47,15,34,0.20987654320987653,47,162,12239,922,train,162,162
49,98,18,71,17,43,0.3208955223880597,60,134,15136,True,923,1000,0,6408,18,73,5,30,10,31,0.23134328358208955,49,134,6408,923,train,134,134
58,115,28,73,18,43,0.2792207792207792,60,154,25492,True,924,1228,0,13161,27,78,12,45,11,29,0.18831168831168832,44,154,13161,924,train,154,154
39,97,25,58,14,32,0.22535211267605634,47,142,17765,True,925,1021,0,9316,27,65,13,33,9,24,0.16901408450704225,36,142,9316,925,train,142,142
59,116,32,83,22,47,0.32867132867132864,66,143,21856,True,926,1012,0,10206,30,82,12,43,13,34,0.23776223776223776,50,143,10206,926,train,143,143
47,93,24,61,15,36,0.24161073825503357,50,149,21979,True,927,1236,0,10836,24,70,11,38,10,28,0.18791946308724833,40,149,10836,927,train,149,149
39,93,21,58,14,32,0.24060150375939848,48,133,16879,True,928,1095,0,7323,20,55,8,27,10,21,0.15789473684210525,32,133,7323,928,train,133,133
31,80,14,49,13,32,0.26666666666666666,46,120,12673,True,929,1166,0,3625,9,43,2,17,9,22,0.18333333333333332,35,120,3625,929,train,120,120
49,102,26,69,18,40,0.24539877300613497,57,163,21523,True,930,1185,0,10208,27,73,10,41,11,30,0.18404907975460122,43,163,10208,930,train,163,163
50,109,31,65,18,39,0.2582781456953642,55,151,23327,True,931,1210,0,11027,30,72,10,39,12,29,0.19205298013245034,40,151,11027,931,train,151,151
39,86,22,53,13,29,0.21323529411764705,43,136,19947,True,932,1242,0,9511,21,52,10,27,9,20,0.14705882352941177,31,136,9511,932,train,136,136
44,93,25,61,13,33,0.23404255319148937,48,141,23818,True,933,1272,0,13820,22,67,14,33,8,20,0.14184397163120568,35,141,13820,933,train,141,141
35,78,24,58,14,30,0.24,44,125,19039,True,934,1242,0,9224,22,60,11,30,9,22,0.176,33,125,9224,934,train,125,125
47,97,28,64,16,36,0.24489795918367346,51,147,23047,True,935,1183,0,12382,26,77,16,39,12,27,0.1836734693877551,40,147,12382,935,train,147,147
59,111,28,80,21,48,0.3096774193548387,66,155,25020,True,936,1238,0,11460,26,87,10,44,12,33,0.2129032258064516,51,155,11460,936,train,155,155
50,108,26,71,17,40,0.23809523809523808,58,168,23122,True,937,1230,0,12053,27,82,14,42,12,32,0.19047619047619047,48,168,12053,937,train,168,168
45,96,27,58,14,33,0.2357142857142857,48,140,23596,True,938,1224,0,12453,22,59,12,37,9,20,0.14285714285714285,32,140,12453,938,train,140,140
48,94,26,59,15,35,0.24475524475524477,49,143,21961,True,939,1216,0,11154,26,65,13,36,11,25,0.17482517482517482,40,143,11154,939,train,143,143
47,106,28,63,16,37,0.24503311258278146,53,151,20241,True,940,1128,0,9613,24,67,10,37,10,27,0.17880794701986755,41,151,9613,940,train,151,151
56,115,26,82,19,48,0.3018867924528302,68,159,23449,True,941,1222,0,11403,26,86,10,38,12,33,0.20754716981132076,53,159,11403,941,train,159,159
48,97,33,61,18,37,0.2569444444444444,49,144,23549,True,942,1220,0,10297,31,66,10,43,12,30,0.20833333333333334,42,144,10297,942,train,144,144
55,116,26,71,18,44,0.2716049382716049,63,162,23249,True,943,1179,0,9561,21,79,8,38,11,32,0.19753086419753085,50,162,9561,943,train,162,162
43,93,31,60,14,31,0.21830985915492956,45,142,25886,True,944,1210,0,13618,27,70,14,36,10,22,0.15492957746478872,33,142,13618,944,train,142,142
46,101,28,64,16,37,0.24342105263157895,54,152,23482,True,945,1268,0,12813,31,78,15,37,12,27,0.17763157894736842,41,152,12813,945,train,152,152
49,104,35,59,16,33,0.2088607594936709,46,158,25932,True,946,1078,0,15185,34,71,20,42,11,25,0.15822784810126583,35,158,15185,946,train,158,158
40,79,20,50,13,31,0.256198347107438,43,121,14189,True,947,919,0,6096,18,52,6,30,7,21,0.17355371900826447,31,121,6096,947,train,121,121
44,88,25,62,15,34,0.288135593220339,50,118,21245,True,948,1247,0,10133,23,70,11,31,10,23,0.19491525423728814,37,118,10133,948,train,118,118
36,99,24,58,14,32,0.21476510067114093,50,149,22201,True,949,1251,0,12797,29,69,14,35,10,24,0.1610738255033557,35,149,12797,949,train,149,149
46,95,25,64,14,36,0.2465753424657534,51,146,21419,True,950,1164,0,10468,23,65,10,28,7,21,0.14383561643835616,34,146,10468,950,train,146,146
55,101,31,71,17,38,0.2773722627737226,53,137,26812,True,951,1200,0,12702,26,71,14,42,11,26,0.1897810218978102,40,137,12702,951,train,137,137
45,98,21,61,14,35,0.23333333333333334,50,150,22538,True,952,1251,0,11315,19,62,13,30,8,20,0.13333333333333333,36,150,11315,952,train,150,150
43,84,29,64,16,34,0.3090909090909091,48,110,23247,True,953,1271,0,11027,23,67,13,36,9,24,0.21818181818181817,36,110,11027,953,train,110,110
51,94,20,68,16,42,0.30656934306569344,57,137,20043,True,954,1235,0,8806,17,69,6,29,9,27,0.19708029197080293,43,137,8806,954,train,137,137
35,98,22,59,12,29,0.20422535211267606,48,142,23510,True,955,1291,0,12737,22,67,12,26,8,18,0.1267605633802817,30,142,12737,955,train,142,142
24,62,18,36,9,18,0.1935483870967742,27,93,16914,True,956,1284,0,9506,15,41,11,19,6,12,0.12903225806451613,17,93,9506,956,train,93,93
47,100,27,61,16,36,0.23376623376623376,52,154,24719,True,957,1274,0,13073,30,72,13,39,11,27,0.17532467532467533,39,154,13073,957,train,154,154
48,101,29,65,16,36,0.23076923076923078,53,156,24779,True,958,1268,0,12716,26,68,13,33,9,23,0.14743589743589744,37,156,12716,958,train,156,156
45,96,24,61,14,31,0.2080536912751678,46,149,25682,True,959,1257,0,15465,26,71,18,36,10,21,0.14093959731543623,33,149,15465,959,train,149,149
43,94,21,55,15,34,0.25757575757575757,49,132,18675,True,960,1163,0,8355,20,69,11,33,11,25,0.1893939393939394,38,132,8355,960,train,132,132
45,93,20,60,16,40,0.30303030303030304,56,132,17138,True,961,1166,0,7020,13,66,7,29,8,26,0.19696969696969696,42,132,7020,961,train,132,132
52,107,27,73,18,43,0.2925170068027211,61,147,22003,True,962,1172,0,11060,28,82,12,40,12,30,0.20408163265306123,46,147,11060,962,train,147,147
52,112,32,70,18,39,0.23636363636363636,56,165,29391,True,963,1261,0,16128,31,87,20,43,12,28,0.1696969696969697,43,165,16128,963,train,165,165
47,82,23,58,14,33,0.2661290322580645,46,124,21474,True,964,1233,0,11000,19,62,13,37,9,23,0.18548387096774194,36,124,11000,964,train,124,124
45,104,23,67,16,40,0.2857142857142857,58,140,21187,True,965,1238,0,10002,24,71,9,34,9,27,0.19285714285714287,42,140,10002,965,train,140,140
38,94,22,60,15,35,0.23333333333333334,53,150,16344,True,966,1095,0,6774,17,66,5,26,9,25,0.16666666666666666,41,150,6774,966,train,150,150
48,122,30,70,17,39,0.22285714285714286,60,175,25734,True,967,1183,0,12289,28,82,15,37,10,26,0.14857142857142858,42,175,12289,967,train,175,175
33,68,19,48,13,28,0.25925925925925924,39,108,10983,True,968,906,0,4255,18,44,3,25,9,20,0.18518518518518517,29,108,4255,968,train,108,108
36,88,19,54,15,33,0.24444444444444444,48,135,14361,True,969,1042,0,6429,20,61,8,29,10,25,0.18518518518518517,38,135,6429,969,train,135,135
54,122,26,75,19,44,0.25287356321839083,63,174,22147,True,970,1082,0,9964,26,85,10,40,12,32,0.1839080459770115,51,174,9964,970,train,174,174
25,69,14,43,11,28,0.2616822429906542,40,107,12082,True,971,1243,0,4258,11,39,3,18,7,19,0.17757009345794392,30,107,4258,971,train,107,107
52,114,26,71,19,44,0.27672955974842767,63,159,18311,True,972,1026,0,8373,29,79,8,37,13,31,0.1949685534591195,48,159,8373,972,train,159,159
54,103,31,71,18,41,0.2847222222222222,57,144,22063,True,973,1078,0,10719,26,74,14,44,11,28,0.19444444444444445,44,144,10719,973,train,144,144
47,100,36,65,17,35,0.25735294117647056,47,136,28095,True,974,1278,0,15617,32,73,15,43,11,26,0.19117647058823528,38,136,15617,974,train,136,136
37,85,14,57,15,37,0.3008130081300813,51,123,11463,True,975,923,0,4330,12,62,4,23,8,26,0.21138211382113822,43,123,4330,975,train,123,123
55,102,36,75,21,42,0.2978723404255319,58,141,20202,True,976,1008,0,9873,31,78,9,48,13,34,0.24113475177304963,48,141,9873,976,train,141,141
45,98,23,65,17,40,0.28776978417266186,56,139,16388,True,977,1009,0,6245,18,70,6,28,11,29,0.20863309352517986,45,139,6245,977,train,139,139
66,121,28,81,22,51,0.31097560975609756,69,164,17569,True,978,871,0,7294,26,87,9,41,14,39,0.23780487804878048,59,164,7294,978,train,164,164
58,125,32,87,22,49,0.2692307692307692,71,182,23617,True,979,1078,0,11049,31,92,10,45,13,34,0.18681318681318682,53,182,11049,979,train,182,182
45,122,27,76,18,44,0.2558139534883721,69,172,23324,True,980,1244,0,10626,26,75,12,39,12,29,0.1686046511627907,44,172,10626,980,train,172,172
43,80,22,54,14,32,0.2689075630252101,44,119,19180,True,981,1235,0,8847,21,57,7,31,9,23,0.19327731092436976,34,119,8847,981,train,119,119
47,118,20,63,17,44,0.2732919254658385,64,161,19241,True,982,1246,0,7698,16,73,6,31,11,32,0.19875776397515527,50,161,7698,982,train,161,161
39,91,24,56,13,30,0.20134228187919462,44,149,23206,True,983,1234,0,12754,23,61,14,33,8,19,0.12751677852348994,31,149,12754,983,train,149,149
35,71,24,47,11,22,0.18487394957983194,31,119,23397,True,984,1288,0,14218,21,52,14,25,8,15,0.12605042016806722,22,119,14218,984,train,119,119
46,101,31,57,15,32,0.21768707482993196,45,147,26628,True,985,1272,0,15833,30,68,19,39,11,24,0.16326530612244897,34,147,15833,985,train,147,147
27,46,21,32,10,17,0.22077922077922077,22,77,22213,True,986,1295,0,15068,21,35,16,23,7,14,0.18181818181818182,17,77,15068,986,train,77,77
65,115,24,84,22,54,0.34177215189873417,71,158,17676,True,987,910,0,5717,16,75,6,34,12,36,0.22784810126582278,56,158,5717,987,train,158,158
46,85,29,57,16,33,0.2462686567164179,45,134,22031,True,988,1258,0,9855,26,58,9,34,11,25,0.1865671641791045,34,134,9855,988,train,134,134
41,84,24,58,13,31,0.25203252032520324,45,123,21762,True,989,1279,0,12237,22,62,12,33,8,20,0.16260162601626016,32,123,12237,989,train,123,123
47,119,23,69,16,40,0.25157232704402516,62,159,23482,True,990,1270,0,11237,24,71,13,33,10,24,0.1509433962264151,40,159,11237,990,train,159,159
41,97,29,49,13,29,0.2,42,145,24526,True,991,1234,0,14887,29,64,15,34,9,21,0.14482758620689656,31,145,14887,991,train,145,145
48,96,35,67,17,34,0.2328767123287671,46,146,30919,True,992,1213,0,19043,34,78,24,43,12,26,0.1780821917808219,37,146,19043,992,train,146,146
42,81,28,53,13,27,0.24324324324324326,40,111,24841,True,993,1246,0,15038,25,61,15,32,9,18,0.16216216216216217,27,111,15038,993,train,111,111
33,71,21,43,11,22,0.21153846153846154,32,104,19935,True,994,1242,0,11490,20,46,14,26,8,16,0.15384615384615385,23,104,11490,994,train,104,104
30,74,17,43,9,23,0.19491525423728814,35,118,15912,True,995,1166,0,8713,13,48,9,22,5,13,0.11016949152542373,23,118,8713,995,train,118,118
46,83,25,55,15,33,0.2426470588235294,46,136,19025,True,996,1122,0,9039,22,59,7,36,10,25,0.18382352941176472,37,136,9039,996,train,136,136
47,108,31,66,16,36,0.23529411764705882,54,153,24443,True,997,1229,0,11576,28,68,11,35,10,26,0.16993464052287582,39,153,11576,997,train,153,153
48,108,22,72,18,44,0.2802547770700637,64,157,17487,True,998,1025,0,6783,20,74,5,28,12,30,0.1910828025477707,50,157,6783,998,train,157,157
30,84,16,45,13,30,0.27522935779816515,45,109,12173,True,999,1135,0,3687,7,38,3,16,6,20,0.1834862385321101,31,109,3687,999,train,109,109
35,66,23,44,12,23,0.3484848484848485,33,66,806,,0,49,0,439,22,51,14,27,8,16,0.3137254901960784,22,51,441,,val,119,119
47,89,25,60,15,35,0.39325842696629215,47,89,890,,1,51,5,462,29,66,11,42,11,27,0.4090909090909091,38,66,469,,val,121,121
43,90,28,61,15,33,0.36666666666666664,46,90,917,,2,51,4,502,25,71,12,44,10,26,0.36619718309859156,39,71,508,,val,132,132
52,96,29,68,16,36,0.375,50,96,996,,3,45,3,543,32,78,19,42,12,27,0.34615384615384615,40,78,557,,val,149,149
47,91,19,61,13,34,0.37362637362637363,48,91,925,,4,57,2,485,23,71,8,39,8,23,0.323943661971831,37,71,497,,val,147,147
50,99,21,67,15,38,0.3838383838383838,54,99,826,,5,49,2,387,24,67,10,37,9,26,0.3880597014925373,39,67,394,,val,142,142
46,99,24,62,16,37,0.37373737373737376,50,99,893,,6,55,2,438,24,67,9,38,9,24,0.3582089552238806,36,67,439,,val,152,152
34,74,23,44,13,25,0.33783783783783783,35,74,693,,7,43,1,357,23,51,10,29,8,20,0.39215686274509803,28,51,359,,val,116,116
38,95,24,61,14,33,0.3473684210526316,49,95,914,,8,54,6,433,26,66,10,35,9,24,0.36363636363636365,34,66,438,,val,132,132
43,95,27,65,15,33,0.3473684210526316,49,95,970,,9,54,0,508,25,68,13,41,11,25,0.36764705882352944,36,68,511,,val,135,135
26,64,19,36,10,19,0.296875,26,64,758,,10,52,2,447,19,49,14,25,7,15,0.30612244897959184,21,49,457,,val,100,100
45,85,32,56,16,31,0.36470588235294116,41,85,1142,,11,53,1,640,31,64,20,39,12,23,0.359375,31,64,643,,val,106,106
35,73,20,47,11,26,0.3561643835616438,37,73,782,,12,51,1,475,19,60,11,31,7,18,0.3,28,60,478,,val,132,132
31,58,17,45,10,20,0.3448275862068966,30,58,813,,13,51,2,461,14,45,13,25,6,13,0.28888888888888886,21,45,463,,val,117,117
35,68,23,43,11,22,0.3235294117647059,31,68,848,,14,49,2,485,23,47,14,28,8,16,0.3404255319148936,22,47,485,,val,118,118
41,83,22,52,12,28,0.3373493975903614,40,83,829,,15,49,2,478,26,57,12,33,8,19,0.3333333333333333,29,57,480,,val,122,122
31,59,19,38,9,20,0.3389830508474576,29,59,695,,16,46,2,413,16,51,10,23,6,12,0.23529411764705882,21,51,418,,val,102,102
24,48,21,28,9,17,0.3541666666666667,21,48,693,,17,47,1,383,18,32,13,21,6,12,0.375,16,32,385,,val,96,96
31,64,18,43,10,22,0.34375,32,64,631,,18,49,4,369,19,52,9,26,7,18,0.34615384615384615,27,52,377,,val,107,107
43,76,23,52,12,27,0.35526315789473684,39,76,879,,19,50,0,525,24,53,12,37,8,18,0.33962264150943394,28,53,526,,val,121,121
26,47,17,29,9,15,0.3191489361702128,21,47,622,,20,44,0,406,17,37,13,22,6,12,0.32432432432432434,17,37,408,,val,107,107
39,84,23,54,12,29,0.34523809523809523,44,84,776,,21,48,2,440,22,72,11,33,9,23,0.3194444444444444,35,72,445,,val,144,144
37,75,24,50,11,26,0.3466666666666667,36,75,950,,22,54,2,595,24,67,15,36,8,19,0.2835820895522388,30,67,603,,val,151,151
45,96,21,65,16,37,0.3854166666666667,52,96,844,,23,53,2,368,19,65,7,35,10,25,0.38461538461538464,37,65,372,,val,141,141
36,62,27,39,12,22,0.3548387096774194,28,62,943,,24,49,1,521,24,44,15,30,7,16,0.36363636363636365,22,44,522,,val,119,119
35,68,23,46,11,22,0.3235294117647059,32,68,943,,25,52,1,566,24,50,17,30,8,16,0.32,23,50,567,,val,117,117
49,79,26,58,16,35,0.4430379746835443,46,79,854,,26,53,3,404,22,68,8,39,11,29,0.4264705882352941,39,68,409,,val,114,114
35,68,25,47,12,26,0.38235294117647056,37,68,687,,27,42,0,400,24,54,12,30,7,19,0.35185185185185186,28,54,402,,val,115,115
37,83,20,59,12,28,0.3373493975903614,43,83,884,,28,53,19,513,21,67,11,36,8,20,0.29850746268656714,32,67,522,,val,120,120
42,82,22,57,12,29,0.35365853658536583,42,82,824,,29,50,2,364,19,50,9,29,7,18,0.36,27,50,364,,val,112,112
52,95,29,64,15,35,0.3684210526315789,49,95,1016,,30,50,2,500,26,70,12,36,8,21,0.3,33,70,503,,val,141,141
32,65,22,44,11,21,0.3230769230769231,29,65,923,,31,58,2,515,21,48,14,29,7,16,0.3333333333333333,22,48,521,,val,104,104
58,103,26,80,19,44,0.42718446601941745,64,103,563,,32,30,3,269,33,75,12,42,12,32,0.4266666666666667,48,75,275,,val,154,154
64,110,25,80,20,47,0.42727272727272725,63,110,1093,,33,58,4,423,19,79,9,40,9,30,0.379746835443038,47,79,427,,val,135,135
48,91,28,65,18,39,0.42857142857142855,53,91,759,,34,43,3,282,24,66,6,34,12,29,0.4393939393939394,41,66,284,,val,132,132
65,125,31,92,21,53,0.424,72,125,1222,,35,54,4,516,20,96,11,47,10,34,0.3541666666666667,51,96,522,,val,172,172
47,91,18,73,16,41,0.45054945054945056,57,91,569,,36,40,1,239,18,59,6,32,8,23,0.3898305084745763,35,59,240,,val,134,134
42,94,29,58,14,30,0.3191489361702128,42,94,1164,,37,59,1,694,29,68,16,42,9,22,0.3235294117647059,32,68,698,,val,152,152
37,80,20,49,12,29,0.3625,43,80,703,,38,48,2,370,22,53,14,30,9,20,0.37735849056603776,28,53,373,,val,126,126
31,59,19,42,10,22,0.3728813559322034,31,59,674,,39,51,3,355,18,46,9,23,6,15,0.32608695652173914,21,46,360,,val,108,108
46,82,22,57,12,32,0.3902439024390244,46,82,801,,40,44,2,473,22,74,13,37,8,22,0.2972972972972973,36,74,484,,val,146,146
36,89,23,50,12,28,0.3146067415730337,39,89,904,,41,54,3,508,23,65,13,36,8,21,0.3230769230769231,31,65,510,,val,124,124
37,84,22,55,13,30,0.35714285714285715,44,84,786,,42,52,4,402,18,67,10,29,7,20,0.29850746268656714,34,67,410,,val,121,121
56,98,31,73,18,42,0.42857142857142855,58,98,855,,43,44,3,411,29,81,10,42,12,32,0.3950617283950617,47,81,420,,val,146,146
53,101,31,67,17,39,0.38613861386138615,55,101,845,,44,42,4,417,26,68,14,39,11,27,0.39705882352941174,39,68,419,,val,159,159
50,96,29,66,17,36,0.375,52,96,913,,45,44,3,435,27,73,13,37,11,27,0.3698630136986301,40,73,438,,val,122,122
49,99,30,69,16,34,0.3434343434343434,50,99,1115,,46,60,2,562,30,84,16,45,13,29,0.34523809523809523,43,84,577,,val,148,148
36,71,19,44,10,24,0.3380281690140845,35,71,709,,47,49,1,388,22,45,8,26,6,16,0.35555555555555557,22,45,390,,val,136,136
41,88,28,59,14,30,0.3409090909090909,43,88,974,,48,53,4,534,25,65,11,37,8,22,0.3384615384615385,34,65,536,,val,130,130
44,102,21,66,13,38,0.37254901960784315,57,102,783,,49,48,1,397,19,65,9,27,7,19,0.2923076923076923,34,65,406,,val,135,135
40,82,23,50,13,30,0.36585365853658536,42,82,793,,50,51,3,408,21,56,12,33,9,20,0.35714285714285715,30,56,415,,val,130,130
32,54,15,37,9,22,0.4074074074074074,30,54,575,,51,50,3,260,13,39,8,21,6,13,0.3333333333333333,21,39,263,,val,75,75
51,89,29,67,18,38,0.42696629213483145,51,89,898,,52,51,0,395,25,63,10,42,13,29,0.4603174603174603,39,63,399,,val,123,123
49,98,24,67,16,38,0.3877551020408163,53,98,958,,53,53,2,480,26,68,11,42,9,26,0.38235294117647056,38,68,484,,val,144,144
50,101,30,62,17,38,0.37623762376237624,53,101,840,,54,43,2,362,27,64,12,31,11,24,0.375,34,64,366,,val,156,156
62,115,35,86,20,46,0.4,62,115,1262,,55,55,6,684,35,91,14,55,12,34,0.37362637362637363,50,91,698,,val,154,154
49,91,27,61,15,34,0.37362637362637363,47,91,892,,56,50,2,486,30,69,11,39,10,26,0.37681159420289856,37,69,493,,val,133,133
52,95,28,68,16,35,0.3684210526315789,50,95,1081,,57,50,1,671,32,81,17,46,11,26,0.32098765432098764,40,81,671,,val,153,153
45,104,26,68,19,41,0.3942307692307692,59,104,1058,,58,61,4,453,23,78,8,37,13,32,0.41025641025641024,43,78,460,,val,140,140
46,84,25,69,15,34,0.40476190476190477,49,84,674,,59,39,2,297,20,56,9,32,7,19,0.3392857142857143,30,56,299,,val,127,127
57,104,19,67,20,46,0.4423076923076923,60,104,749,,60,46,0,289,17,77,4,32,11,33,0.42857142857142855,48,77,293,,val,142,142
31,102,16,63,12,31,0.30392156862745096,53,102,831,,61,55,4,372,15,67,10,20,7,16,0.23880597014925373,31,67,380,,val,134,134
52,109,32,67,19,43,0.3944954128440367,60,109,824,,62,42,5,366,28,81,7,39,13,33,0.4074074074074074,49,81,374,,val,148,148
38,69,19,47,11,25,0.36231884057971014,37,69,727,,63,50,2,348,21,56,8,27,6,19,0.3392857142857143,27,56,352,,val,113,113
58,118,27,75,18,43,0.3644067796610169,61,118,1006,,64,49,1,572,35,91,13,49,12,34,0.37362637362637363,53,91,588,,val,166,166
58,111,26,70,19,45,0.40540540540540543,62,111,870,,65,47,1,384,23,74,12,36,10,27,0.36486486486486486,42,74,385,,val,153,153
62,115,39,74,21,46,0.4,60,115,1466,,66,63,2,734,34,91,14,47,13,33,0.3626373626373626,47,91,740,,val,155,155
59,137,33,95,21,49,0.35766423357664234,73,137,1253,,67,55,11,593,30,94,16,44,12,30,0.3191489361702128,47,94,599,,val,167,167
50,94,25,70,16,37,0.39361702127659576,56,94,531,,68,29,3,344,38,76,15,51,12,32,0.42105263157894735,46,76,356,,val,153,153
35,71,19,46,10,25,0.352112676056338,34,71,762,,69,50,0,374,17,50,8,25,6,15,0.3,24,50,376,,val,134,134
43,88,26,60,14,31,0.3522727272727273,43,88,1046,,70,58,3,553,28,70,12,39,9,23,0.32857142857142857,34,70,556,,val,123,123
40,74,23,49,13,28,0.3783783783783784,39,74,745,,71,49,1,350,24,51,7,27,8,19,0.37254901960784315,26,51,350,,val,128,128
43,92,32,57,15,29,0.31521739130434784,41,92,1457,,72,63,3,971,34,73,23,38,11,22,0.3013698630136986,31,73,973,,val,151,151
43,78,19,58,12,31,0.3974358974358974,43,78,570,,73,37,2,302,22,57,11,37,8,22,0.38596491228070173,32,57,306,,val,136,136
54,91,30,75,17,36,0.3956043956043956,52,91,1227,,74,54,3,726,32,84,15,51,10,27,0.32142857142857145,42,84,736,,val,146,146
51,92,24,65,15,35,0.3804347826086957,49,92,960,,75,50,1,504,27,68,15,41,10,24,0.35294117647058826,36,68,510,,val,131,131
36,76,26,53,13,27,0.35526315789473684,38,76,903,,76,52,0,411,20,50,11,32,7,18,0.36,27,50,413,,val,120,120
52,100,28,65,17,37,0.37,52,100,951,,77,50,2,474,30,70,14,43,12,27,0.38571428571428573,38,70,484,,val,154,154
34,86,15,51,12,31,0.36046511627906974,47,86,620,,78,46,1,282,14,50,8,24,6,18,0.36,30,50,286,,val,111,111
42,78,20,51,13,31,0.3974358974358974,43,78,645,,79,47,1,282,14,51,6,25,6,18,0.35294117647058826,28,51,283,,val,122,122
38,80,24,55,12,27,0.3375,40,80,840,,80,51,3,467,19,58,14,34,8,19,0.3275862068965517,30,58,475,,val,142,142
35,72,17,44,10,25,0.3472222222222222,35,72,714,,81,49,1,393,16,51,12,26,6,14,0.27450980392156865,24,51,400,,val,101,101
31,74,18,46,10,22,0.2972972972972973,34,74,813,,82,54,4,453,16,51,13,28,7,15,0.29411764705882354,25,51,458,,val,120,120
41,70,20,51,11,26,0.37142857142857144,37,70,855,,83,49,3,507,22,57,13,29,8,16,0.2807017543859649,25,57,511,,val,94,94
48,76,26,57,13,30,0.39473684210526316,41,76,947,,84,50,2,450,25,58,10,31,7,20,0.3448275862068966,28,58,454,,val,121,121
27,61,18,35,9,19,0.3114754098360656,27,61,720,,85,51,2,392,18,49,9,23,5,14,0.2857142857142857,20,49,398,,val,109,109
60,109,28,80,19,44,0.4036697247706422,61,109,1067,,86,50,3,590,37,90,18,49,14,32,0.35555555555555557,46,90,598,,val,152,152
17,40,14,29,7,12,0.3,18,40,518,,87,48,1,281,11,31,10,13,5,9,0.2903225806451613,11,31,285,,val,90,90
28,67,22,40,11,21,0.31343283582089554,28,67,779,,88,51,0,439,20,49,11,26,7,16,0.32653061224489793,22,49,441,,val,117,117
36,81,24,49,12,26,0.32098765432098764,38,81,821,,89,49,1,468,22,65,13,31,8,19,0.2923076923076923,30,65,483,,val,117,117
33,51,22,43,10,21,0.4117647058823529,29,51,811,,90,51,0,527,23,46,12,30,6,15,0.32608695652173914,23,46,532,,val,98,98
40,70,27,49,12,27,0.38571428571428573,36,70,814,,91,48,1,461,26,54,13,33,9,20,0.37037037037037035,28,54,463,,val,108,108
36,76,21,52,11,26,0.34210526315789475,37,76,918,,92,52,0,588,22,63,15,37,8,18,0.2857142857142857,28,63,597,,val,119,119
32,66,19,47,10,24,0.36363636363636365,34,66,785,,93,54,1,390,15,50,11,29,7,16,0.32,26,50,393,,val,102,102
55,101,31,75,19,43,0.42574257425742573,58,101,1042,,94,52,3,479,27,72,11,45,10,29,0.4027777777777778,42,72,487,,val,149,149
25,48,20,31,10,16,0.3333333333333333,20,48,838,,95,51,1,533,18,40,17,24,8,14,0.35,17,40,536,,val,97,97
31,65,16,40,8,21,0.3230769230769231,32,65,616,,96,47,3,353,14,44,8,20,5,11,0.25,19,44,356,,val,121,121
36,66,21,42,10,23,0.3484848484848485,32,66,799,,97,50,3,417,23,53,10,28,6,17,0.32075471698113206,25,53,431,,val,101,101
34,59,23,40,10,22,0.3728813559322034,29,59,793,,98,45,4,451,18,52,13,27,7,14,0.2692307692307692,23,52,454,,val,118,118
35,67,23,45,11,25,0.373134328358209,34,67,711,,99,51,2,364,15,49,11,28,7,17,0.3469387755102041,26,49,369,,val,102,102
42,91,25,56,12,28,0.3076923076923077,42,91,947,,100,50,1,553,24,68,14,35,7,18,0.2647058823529412,31,68,560,,val,146,146
62,120,35,83,20,45,0.375,64,120,1275,,101,57,0,610,33,90,11,54,13,34,0.37777777777777777,50,90,618,,val,167,167
27,65,21,36,10,19,0.2923076923076923,26,65,854,,102,52,1,518,19,43,14,26,6,14,0.32558139534883723,19,43,529,,val,103,103
39,83,17,55,14,34,0.40963855421686746,49,83,616,,103,47,1,248,15,55,8,24,8,20,0.36363636363636365,30,55,256,,val,123,123
41,88,20,52,15,33,0.375,46,88,716,,104,49,0,278,16,52,6,29,8,21,0.40384615384615385,30,52,281,,val,140,140
37,83,24,46,11,25,0.30120481927710846,37,83,847,,105,48,2,487,20,62,13,33,7,17,0.27419354838709675,29,62,491,,val,132,132
39,76,23,50,14,31,0.40789473684210525,43,76,620,,106,42,1,285,20,55,10,27,9,20,0.36363636363636365,29,55,289,,val,124,124
38,85,20,55,11,28,0.32941176470588235,44,85,776,,107,49,1,393,19,52,11,29,7,17,0.3269230769230769,27,52,394,,val,127,127
52,92,25,69,15,36,0.391304347826087,50,92,751,,108,37,4,420,25,70,15,42,9,22,0.3142857142857143,35,70,426,,val,151,151
38,68,25,50,12,26,0.38235294117647056,35,68,907,,109,53,3,572,29,56,14,39,9,21,0.375,30,56,576,,val,113,113
38,78,29,49,13,26,0.3333333333333333,36,78,884,,110,48,1,567,30,61,19,34,10,22,0.36065573770491804,30,61,569,,val,128,128
40,73,24,47,13,28,0.3835616438356164,38,73,733,,111,46,1,332,23,45,11,31,8,19,0.4222222222222222,27,45,336,,val,146,146
34,64,14,43,11,27,0.421875,37,64,487,,112,47,2,156,11,36,4,16,6,15,0.4166666666666667,23,36,159,,val,110,110
31,60,13,37,9,21,0.35,30,60,582,,113,50,3,298,13,35,8,19,5,11,0.3142857142857143,17,35,299,,val,97,97
44,95,17,61,15,36,0.37894736842105264,52,95,718,,114,50,0,333,23,65,8,32,10,25,0.38461538461538464,38,65,338,,val,150,150
40,100,26,64,14,31,0.31,49,100,1045,,115,53,2,584,27,73,14,36,9,22,0.3013698630136986,33,73,589,,val,157,157
56,113,28,79,18,44,0.3893805309734513,61,113,1106,,116,52,4,511,23,81,17,39,11,25,0.30864197530864196,42,81,517,,val,156,156
57,105,26,72,18,42,0.4,58,105,883,,117,45,1,435,28,75,12,46,12,31,0.41333333333333333,43,75,440,,val,152,152
45,96,28,60,15,34,0.3541666666666667,48,96,836,,118,49,2,424,24,61,11,36,9,23,0.3770491803278688,34,61,427,,val,148,148
64,118,32,88,23,51,0.4322033898305085,69,118,1163,,119,57,4,505,31,93,9,49,14,35,0.3763440860215054,51,93,511,,val,155,155
41,96,25,59,16,35,0.3645833333333333,51,96,753,,120,43,2,419,29,70,16,39,12,27,0.38571428571428573,37,70,426,,val,146,146
40,79,26,46,13,28,0.35443037974683544,37,79,799,,121,50,3,399,24,56,13,36,9,21,0.375,31,56,408,,val,127,127
28,55,20,35,9,20,0.36363636363636365,27,55,580,,122,46,0,338,19,48,11,27,7,17,0.3541666666666667,25,48,345,,val,112,112
51,104,28,74,17,41,0.3942307692307692,58,104,1048,,123,53,0,554,28,87,14,46,12,31,0.3563218390804598,46,87,559,,val,151,151
37,82,20,53,15,33,0.4024390243902439,46,82,691,,124,51,2,240,13,51,3,25,8,22,0.43137254901960786,32,51,243,,val,113,113
55,96,26,69,18,41,0.4270833333333333,54,96,986,,125,59,1,404,19,70,5,41,10,28,0.4,40,70,411,,val,138,138
43,75,23,53,15,33,0.44,45,75,619,,126,41,4,226,16,51,5,26,9,22,0.43137254901960786,32,51,230,,val,111,111
47,74,33,53,15,30,0.40540540540540543,40,74,937,,127,47,1,469,29,57,11,41,9,23,0.40350877192982454,33,57,473,,val,118,118
41,83,23,69,14,35,0.42168674698795183,51,83,884,,128,52,1,419,19,57,11,33,8,19,0.3333333333333333,31,57,425,,val,124,124
28,48,18,29,8,16,0.3333333333333333,22,48,694,,129,50,0,403,14,38,10,19,5,10,0.2631578947368421,14,38,407,,val,100,100
36,65,27,41,12,24,0.36923076923076925,31,65,903,,130,50,2,518,24,46,15,29,8,16,0.34782608695652173,23,46,524,,val,114,114
40,88,22,56,13,30,0.3409090909090909,46,88,804,,131,49,1,487,27,70,10,38,8,24,0.34285714285714286,36,70,494,,val,141,141
36,71,23,52,12,26,0.36619718309859156,35,71,917,,132,59,0,511,24,55,12,34,8,19,0.34545454545454546,28,55,516,,val,114,114
47,97,31,59,16,34,0.35051546391752575,46,97,992,,133,48,2,567,36,70,21,42,12,26,0.37142857142857144,37,70,577,,val,143,143
57,92,26,73,17,41,0.44565217391304346,54,92,705,,134,40,0,329,31,62,7,46,10,28,0.45161290322580644,38,62,331,,val,132,132
42,77,30,56,13,28,0.36363636363636365,39,77,1053,,135,51,2,638,28,66,17,40,8,21,0.3181818181818182,31,66,640,,val,144,144
41,65,26,50,12,25,0.38461538461538464,34,65,932,,136,50,0,583,29,54,16,37,8,18,0.3333333333333333,27,54,585,,val,131,131
37,78,24,49,12,27,0.34615384615384615,37,78,889,,137,51,3,517,27,62,13,37,9,22,0.3548387096774194,31,62,520,,val,120,120
39,79,28,54,13,28,0.35443037974683544,40,79,906,,138,48,1,515,28,63,14,36,9,22,0.3492063492063492,31,63,520,,val,138,138
41,95,28,59,14,28,0.29473684210526313,43,95,1191,,139,56,2,642,27,64,14,39,9,21,0.328125,29,64,644,,val,126,126
42,106,31,69,16,33,0.3113207547169811,52,106,1128,,140,51,7,657,31,83,16,40,10,25,0.30120481927710846,37,83,660,,val,144,144
58,91,32,68,16,37,0.4065934065934066,50,91,1110,,141,46,1,595,31,72,19,42,12,24,0.3333333333333333,37,72,598,,val,136,136
50,111,36,71,18,39,0.35135135135135137,56,111,1202,,142,51,3,631,31,79,15,47,11,28,0.35443037974683544,40,79,633,,val,138,138
34,93,20,50,11,25,0.26881720430107525,41,93,886,,143,53,8,485,16,62,10,27,6,14,0.22580645161290322,25,62,488,,val,127,127
27,61,16,39,9,20,0.32786885245901637,29,61,679,,144,54,0,380,16,49,7,23,5,14,0.2857142857142857,22,49,382,,val,107,107
33,71,19,45,10,22,0.30985915492957744,33,71,777,,145,50,5,406,19,46,11,23,6,14,0.30434782608695654,20,46,410,,val,100,100
41,99,25,61,15,35,0.35353535353535354,51,99,827,,146,51,1,440,25,66,11,41,10,25,0.3787878787878788,38,66,445,,val,139,139
38,84,25,48,13,26,0.30952380952380953,38,84,904,,147,48,2,478,25,53,15,29,8,17,0.32075471698113206,24,53,479,,val,128,128
36,81,24,55,13,27,0.3333333333333333,40,81,910,,148,53,1,490,24,56,14,38,10,21,0.375,31,56,493,,val,128,128
45,94,27,65,14,33,0.35106382978723405,49,94,899,,149,48,1,465,24,65,14,31,9,20,0.3076923076923077,31,65,468,,val,141,141
40,74,21,49,13,29,0.3918918918918919,41,74,619,,150,50,2,245,16,50,4,26,7,21,0.42,30,50,246,,val,115,115
25,55,14,36,11,23,0.41818181818181815,31,55,423,,151,52,1,146,8,40,2,18,7,18,0.45,26,40,156,,val,103,103
44,68,27,51,13,29,0.4264705882352941,38,68,845,,152,45,4,489,29,60,14,35,9,22,0.36666666666666664,31,60,499,,val,104,104
47,105,21,76,15,41,0.3904761904761905,59,105,998,,153,55,2,480,20,78,11,41,9,27,0.34615384615384615,43,78,489,,val,153,153
35,74,18,52,13,30,0.40540540540540543,42,74,677,,154,52,0,358,18,58,7,29,8,21,0.3620689655172414,33,58,361,,val,121,121
39,69,24,46,13,27,0.391304347826087,37,69,734,,155,49,5,359,24,53,8,30,9,20,0.37735849056603776,28,53,371,,val,128,128
39,83,23,55,13,29,0.3493975903614458,42,83,875,,156,53,0,427,24,61,11,32,9,21,0.3442622950819672,31,61,432,,val,124,124
39,86,22,53,13,30,0.3488372093023256,41,86,897,,157,51,2,422,20,60,13,25,8,18,0.3,27,60,424,,val,134,134
47,79,18,60,13,34,0.43037974683544306,45,79,556,,158,39,2,234,18,56,8,37,7,23,0.4107142857142857,35,56,247,,val,134,134
48,91,18,68,16,39,0.42857142857142855,53,91,850,,159,57,0,365,20,67,6,36,11,27,0.40298507462686567,40,67,371,,val,148,148
29,70,18,46,10,24,0.34285714285714286,36,70,648,,160,52,1,289,14,46,8,24,7,16,0.34782608695652173,23,46,294,,val,104,104
36,82,17,56,13,31,0.3780487804878049,45,82,717,,161,56,1,330,18,63,6,33,8,24,0.38095238095238093,34,63,338,,val,122,122
39,78,23,53,14,30,0.38461538461538464,41,78,946,,162,69,2,434,19,67,7,26,10,23,0.34328358208955223,36,67,445,,val,127,127
27,54,13,39,9,21,0.3888888888888889,32,54,299,,163,30,1,133,15,35,5,19,6,14,0.4,22,35,137,,val,118,118
40,82,18,47,13,31,0.3780487804878049,43,82,628,,164,48,0,271,19,55,7,29,8,23,0.41818181818181815,33,55,277,,val,128,128
47,65,31,55,16,32,0.49230769230769234,40,65,600,,165,35,3,306,30,55,11,43,11,26,0.4727272727272727,35,55,312,,val,119,119
49,97,19,69,16,39,0.4020618556701031,53,97,928,,166,58,5,445,22,81,8,40,10,30,0.37037037037037035,45,81,460,,val,137,137
46,71,32,55,16,34,0.4788732394366197,44,71,406,,167,22,1,218,27,50,14,40,11,25,0.5,35,50,219,,val,118,118
37,65,17,46,12,28,0.4307692307692308,37,65,593,,168,52,2,265,16,51,5,31,8,22,0.43137254901960786,31,51,269,,val,116,116
29,54,20,38,10,21,0.3888888888888889,28,54,647,,169,52,0,301,18,40,8,21,6,15,0.375,20,40,304,,val,105,105
46,87,20,52,14,35,0.40229885057471265,47,87,634,,170,43,2,243,16,47,8,22,8,18,0.3829787234042553,28,47,244,,val,123,123
29,73,16,48,12,28,0.3835616438356164,41,73,595,,171,54,0,215,11,51,3,24,8,22,0.43137254901960786,31,51,217,,val,126,126
34,79,18,52,13,30,0.379746835443038,44,79,664,,172,54,3,301,20,58,5,31,11,24,0.41379310344827586,35,58,303,,val,121,121
39,82,16,55,13,34,0.4146341463414634,48,82,643,,173,49,2,278,18,61,6,26,9,24,0.39344262295081966,37,61,284,,val,125,125
37,74,18,46,12,29,0.3918918918918919,39,74,606,,174,45,3,299,17,54,7,28,8,21,0.3888888888888889,31,54,303,,val,137,137
52,93,31,66,20,41,0.44086021505376344,55,93,767,,175,41,2,373,30,73,11,42,14,32,0.4383561643835616,45,73,389,,val,134,134
38,80,19,54,14,32,0.4,45,80,681,,176,52,3,264,16,52,7,27,8,21,0.40384615384615385,30,52,267,,val,111,111
49,85,28,61,16,35,0.4117647058823529,48,85,847,,177,50,4,392,28,66,8,36,11,26,0.3939393939393939,36,66,393,,val,142,142
20,54,12,29,7,15,0.2777777777777778,24,54,494,,178,51,1,235,11,36,6,15,4,10,0.2777777777777778,16,36,239,,val,127,127
31,65,16,41,10,23,0.35384615384615387,34,65,540,,179,49,0,240,15,44,6,22,6,17,0.38636363636363635,25,44,249,,val,123,123
30,70,18,43,11,27,0.38571428571428573,39,70,485,,180,44,0,182,10,44,5,15,6,16,0.36363636363636365,26,44,184,,val,116,116
51,78,27,58,16,35,0.44871794871794873,46,78,786,,181,48,3,339,23,56,9,33,9,24,0.42857142857142855,34,56,341,,val,119,119
43,85,25,59,16,33,0.38823529411764707,46,85,847,,182,59,2,338,19,65,5,34,9,25,0.38461538461538464,36,65,344,,val,127,127
45,88,28,55,15,32,0.36363636363636365,45,88,810,,183,46,1,363,28,54,11,32,10,23,0.42592592592592593,30,54,365,,val,137,137
36,78,16,46,13,30,0.38461538461538464,42,78,560,,184,48,3,258,19,63,6,24,10,24,0.38095238095238093,37,63,266,,val,132,132
37,88,22,50,15,33,0.375,47,88,629,,185,48,1,272,21,59,4,31,10,25,0.423728813559322,35,59,279,,val,143,143
33,77,22,46,12,28,0.36363636363636365,40,77,704,,186,51,1,296,14,55,8,28,7,20,0.36363636363636365,30,55,299,,val,130,130
52,104,27,77,18,42,0.40384615384615385,60,104,1014,,187,55,4,419,27,73,9,41,12,28,0.3835616438356164,41,73,427,,val,142,142
38,84,22,50,12,29,0.34523809523809523,42,84,736,,188,47,2,317,17,56,10,28,7,19,0.3392857142857143,30,56,329,,val,134,134
46,99,16,69,19,43,0.43434343434343436,59,99,768,,189,53,4,258,14,66,3,34,12,31,0.4696969696969697,43,66,264,,val,136,136
46,89,26,59,15,34,0.38202247191011235,47,89,840,,190,43,2,395,24,67,8,33,9,24,0.3582089552238806,36,67,398,,val,164,164
34,75,14,44,10,27,0.36,39,75,583,,191,50,1,269,14,51,7,23,6,17,0.3333333333333333,27,51,281,,val,119,119
38,89,15,61,15,36,0.4044943820224719,52,89,743,,192,55,1,316,13,71,6,33,10,29,0.4084507042253521,43,71,331,,val,128,128
46,81,19,63,16,36,0.4444444444444444,48,81,536,,193,38,3,235,21,59,7,34,9,24,0.4067796610169492,35,59,240,,val,124,124
43,75,26,51,13,30,0.4,41,75,788,,194,47,2,387,24,63,11,31,8,22,0.3492063492063492,32,63,401,,val,125,125
34,68,17,48,11,26,0.38235294117647056,38,68,672,,195,56,0,263,11,47,5,23,5,17,0.3617021276595745,27,47,264,,val,108,108
35,69,21,51,12,26,0.37681159420289856,38,69,502,,196,38,0,230,18,43,8,31,7,18,0.4186046511627907,26,43,237,,val,125,125
36,76,15,54,13,32,0.42105263157894735,45,76,662,,197,59,1,297,13,60,5,29,7,22,0.36666666666666664,34,60,308,,val,109,109
50,84,27,63,16,36,0.42857142857142855,47,84,1008,,198,57,3,374,20,67,5,36,9,25,0.373134328358209,37,67,381,,val,127,127
25,60,12,34,9,21,0.35,32,60,434,,199,49,6,194,10,36,6,14,4,11,0.3055555555555556,18,36,197,,val,91,91
46,100,18,76,18,44,0.44,61,100,825,,200,53,4,369,18,81,8,37,11,32,0.3950617283950617,48,81,375,,val,148,148
49,100,25,70,19,44,0.44,60,100,704,,201,41,1,315,23,73,10,32,12,28,0.3835616438356164,42,73,321,,val,142,142
38,80,19,48,13,30,0.375,41,80,679,,202,55,2,302,16,65,4,31,10,26,0.4,38,65,312,,val,144,144
43,82,21,61,14,33,0.4024390243902439,47,82,844,,203,59,1,299,15,55,5,27,6,20,0.36363636363636365,30,55,303,,val,117,117
45,100,24,62,18,39,0.39,54,100,807,,204,53,4,349,23,73,5,40,12,30,0.410958904109589,42,73,359,,val,145,145
39,88,19,63,13,34,0.38636363636363635,49,88,793,,205,55,2,368,17,72,9,32,8,25,0.3472222222222222,39,72,374,,val,140,140
48,90,27,64,18,38,0.4222222222222222,53,90,804,,206,46,0,326,20,62,9,33,9,24,0.3870967741935484,35,62,334,,val,129,129
48,104,19,77,16,42,0.40384615384615385,60,104,927,,207,60,3,377,18,77,7,35,10,28,0.36363636363636365,43,77,382,,val,149,149
34,75,15,44,13,30,0.4,40,75,598,,208,59,1,217,16,56,2,26,10,25,0.44642857142857145,35,56,228,,val,114,114
39,78,15,60,16,37,0.47435897435897434,49,78,621,,209,53,5,220,12,48,3,20,7,19,0.3958333333333333,29,48,221,,val,113,113
50,97,23,68,19,42,0.4329896907216495,56,97,818,,210,52,2,396,25,86,8,42,15,36,0.4186046511627907,52,86,401,,val,153,153
38,82,19,60,13,33,0.4024390243902439,48,82,724,,211,52,0,286,15,60,4,31,9,25,0.4166666666666667,36,60,289,,val,132,132
41,81,22,55,15,33,0.4074074074074074,46,81,657,,212,48,2,258,19,60,6,24,11,24,0.4,37,60,262,,val,120,120
44,79,22,54,14,32,0.4050632911392405,44,79,737,,213,47,2,373,22,60,12,32,9,22,0.36666666666666664,33,60,376,,val,123,123
35,66,19,44,11,25,0.3787878787878788,36,66,636,,214,48,1,324,22,48,8,25,7,18,0.375,25,48,327,,val,113,113
51,93,24,69,19,41,0.44086021505376344,55,93,833,,215,53,3,370,22,78,6,39,14,33,0.4230769230769231,49,78,377,,val,149,149
38,73,20,46,11,26,0.3561643835616438,37,73,713,,216,50,1,368,21,56,9,24,6,18,0.32142857142857145,28,56,371,,val,125,125
59,115,28,78,22,48,0.41739130434782606,64,115,978,,217,55,4,385,24,85,5,48,15,37,0.43529411764705883,51,85,393,,val,153,153
37,67,20,41,11,25,0.373134328358209,34,67,705,,218,56,0,372,19,51,10,30,8,19,0.37254901960784315,27,51,384,,val,126,126
35,71,12,49,11,29,0.4084507042253521,39,71,646,,219,54,1,258,12,50,5,24,6,19,0.38,28,50,260,,val,107,107
40,83,20,59,13,32,0.3855421686746988,46,83,534,,220,38,0,283,25,58,11,39,10,24,0.41379310344827586,35,58,287,,val,127,127
49,98,26,66,15,36,0.3673469387755102,52,98,877,,221,49,1,512,29,83,14,42,11,29,0.3493975903614458,44,83,527,,val,151,151
37,68,17,56,12,28,0.4117647058823529,39,68,511,,222,39,0,256,21,54,9,35,8,22,0.4074074074074074,32,54,262,,val,121,121
36,78,13,55,12,32,0.41025641025641024,46,78,667,,223,56,2,232,8,51,6,19,6,17,0.3333333333333333,28,51,235,,val,114,114
51,93,22,62,16,38,0.40860215053763443,53,93,764,,224,47,3,329,20,60,11,32,9,23,0.38333333333333336,33,60,334,,val,147,147
35,85,16,54,13,31,0.36470588235294116,45,85,759,,225,60,1,340,17,56,7,31,7,21,0.375,31,56,349,,val,142,142
36,74,14,53,11,31,0.4189189189189189,43,74,421,,226,36,3,181,15,43,6,24,6,17,0.3953488372093023,25,43,183,,val,114,114
38,80,17,46,14,32,0.4,43,80,551,,227,48,2,203,12,64,4,24,10,29,0.453125,44,64,209,,val,129,129
53,88,29,64,16,35,0.3977272727272727,49,88,923,,228,46,2,435,30,66,14,39,12,27,0.4090909090909091,38,66,439,,val,146,146
47,96,24,69,16,38,0.3958333333333333,54,96,896,,229,56,2,363,19,65,7,30,10,25,0.38461538461538464,41,65,368,,val,135,135
49,110,26,66,17,40,0.36363636363636365,56,110,954,,230,59,3,419,23,80,7,39,11,29,0.3625,44,80,432,,val,183,183
28,60,18,37,10,23,0.38333333333333336,33,60,505,,231,42,2,267,18,46,8,23,7,17,0.3695652173913043,26,46,268,,val,121,121
34,100,19,55,13,34,0.34,52,100,883,,232,64,3,404,17,70,7,24,7,21,0.3,35,70,407,,val,145,145
34,70,22,49,13,28,0.4,39,70,623,,233,48,2,293,22,49,7,28,9,21,0.42857142857142855,28,49,298,,val,121,121
39,86,17,51,12,32,0.37209302325581395,44,86,893,,234,67,3,397,13,64,8,23,7,21,0.328125,36,64,405,,val,123,123
35,60,17,42,11,25,0.4166666666666667,34,60,571,,235,46,0,231,15,43,6,25,7,18,0.4186046511627907,24,43,232,,val,108,108
35,79,17,57,14,33,0.4177215189873418,46,79,644,,236,51,1,295,19,59,6,30,9,24,0.4067796610169492,35,59,299,,val,135,135
34,82,19,54,14,33,0.4024390243902439,48,82,573,,237,47,1,249,18,60,4,28,11,26,0.43333333333333335,37,60,251,,val,135,135
28,70,16,42,10,23,0.32857142857142857,35,70,822,,238,72,2,367,14,64,7,19,6,18,0.28125,31,64,378,,val,119,119
29,52,17,33,9,21,0.40384615384615385,27,52,724,,239,63,0,334,12,40,6,19,4,13,0.325,19,40,340,,val,93,93
48,89,21,67,16,38,0.42696629213483145,52,89,554,,240,38,1,275,24,68,10,43,12,30,0.4411764705882353,42,68,281,,val,147,147
26,67,16,35,10,21,0.31343283582089554,32,67,528,,241,46,2,273,16,51,8,22,7,16,0.3137254901960784,24,51,281,,val,139,139
43,81,20,56,16,35,0.43209876543209874,46,81,729,,242,53,1,294,16,62,5,32,10,25,0.4032258064516129,34,62,301,,val,134,134
35,72,16,53,12,30,0.4166666666666667,41,72,674,,243,55,3,339,19,54,7,27,8,19,0.35185185185185186,29,54,345,,val,133,133
35,73,24,50,12,27,0.3698630136986301,38,73,789,,244,52,1,377,20,50,11,27,7,17,0.34,25,50,378,,val,127,127
40,93,19,61,16,36,0.3870967741935484,52,93,725,,245,53,6,279,19,65,2,32,12,28,0.4307692307692308,40,65,288,,val,148,148
35,89,17,59,14,37,0.4157303370786517,53,89,568,,246,43,1,191,11,55,4,17,7,23,0.41818181818181815,36,55,196,,val,138,138
30,58,18,43,10,21,0.3620689655172414,31,58,580,,247,47,0,275,17,40,10,20,6,14,0.35,20,40,278,,val,100,100
30,56,18,41,10,22,0.39285714285714285,30,56,401,,248,33,3,194,15,43,11,24,7,16,0.37209302325581395,24,43,199,,val,94,94
39,82,24,56,15,31,0.3780487804878049,43,82,825,,249,55,2,332,19,51,10,28,8,19,0.37254901960784315,28,51,342,,val,133,133
27,63,13,39,10,24,0.38095238095238093,34,63,699,,250,63,0,314,12,44,5,19,4,13,0.29545454545454547,21,44,324,,val,113,113
44,71,21,52,13,30,0.4225352112676056,40,71,802,,251,53,1,367,17,51,7,29,7,20,0.39215686274509803,28,51,367,,val,141,141
29,79,20,44,11,23,0.2911392405063291,37,79,702,,252,43,2,395,21,60,12,25,7,17,0.2833333333333333,25,60,399,,val,138,138
29,78,19,45,11,26,0.3333333333333333,39,78,647,,253,52,1,280,12,54,6,23,6,18,0.3333333333333333,28,54,282,,val,134,134
37,74,15,53,14,31,0.4189189189189189,43,74,654,,254,51,2,244,11,51,6,29,8,23,0.45098039215686275,32,51,246,,val,110,110
29,63,22,43,10,21,0.3333333333333333,30,63,744,,255,53,0,403,19,41,11,24,6,15,0.36585365853658536,20,41,404,,val,118,118
29,68,18,40,10,21,0.3088235294117647,31,68,708,,256,57,0,270,12,37,6,19,5,12,0.32432432432432434,19,37,272,,val,99,99
42,89,22,54,15,34,0.38202247191011235,47,89,813,,257,55,0,340,17,68,6,29,8,24,0.35294117647058826,38,68,349,,val,148,148
32,83,16,47,11,27,0.3253012048192771,40,83,724,,258,55,2,381,18,62,10,26,7,18,0.2903225806451613,30,62,386,,val,137,137
46,88,24,62,15,35,0.3977272727272727,49,88,900,,259,58,1,413,26,66,10,35,10,25,0.3787878787878788,36,66,420,,val,137,137
36,72,22,49,12,27,0.375,39,72,642,,260,48,1,362,23,56,10,30,7,20,0.35714285714285715,29,56,370,,val,126,126
33,62,21,45,10,23,0.3709677419354839,32,62,734,,261,51,3,402,17,47,11,30,7,16,0.3404255319148936,25,47,406,,val,108,108
54,106,24,67,16,40,0.37735849056603776,56,106,917,,262,49,2,398,22,74,8,33,8,25,0.33783783783783783,38,74,398,,val,154,154
40,92,20,56,14,33,0.358695652173913,48,92,1022,,263,65,1,375,19,56,7,27,9,20,0.35714285714285715,30,56,381,,val,137,137
18,40,12,28,7,15,0.375,22,40,275,,264,39,1,139,13,27,4,20,6,13,0.48148148148148145,18,27,141,,val,99,99
38,83,15,59,15,35,0.42168674698795183,48,83,692,,265,60,4,246,12,54,3,26,8,23,0.42592592592592593,34,54,252,,val,109,109
40,74,17,56,12,31,0.4189189189189189,43,74,477,,266,36,1,216,14,47,8,29,6,17,0.3617021276595745,28,47,216,,val,148,148
38,93,17,64,14,36,0.3870967741935484,51,93,749,,267,56,1,270,13,56,5,24,8,22,0.39285714285714285,34,56,273,,val,133,133
38,91,22,54,14,32,0.3516483516483517,47,91,779,,268,51,0,397,21,67,11,32,9,23,0.34328358208955223,36,67,411,,val,138,138
36,73,17,50,11,26,0.3561643835616438,39,73,758,,269,55,1,412,18,62,8,30,6,20,0.3225806451612903,30,62,419,,val,124,124
44,89,25,59,15,34,0.38202247191011235,48,89,836,,270,54,1,431,20,72,8,40,9,27,0.375,39,72,432,,val,138,138
49,79,23,62,15,35,0.4430379746835443,47,79,587,,271,40,2,341,30,63,9,47,9,27,0.42857142857142855,38,63,343,,val,129,129
38,70,21,47,12,27,0.38571428571428573,38,70,667,,272,46,1,359,21,56,10,32,8,21,0.375,32,56,365,,val,134,134
32,66,13,40,11,27,0.4090909090909091,37,66,467,,273,46,1,218,15,48,4,25,7,20,0.4166666666666667,29,48,221,,val,107,107
36,65,23,43,11,24,0.36923076923076925,32,65,756,,274,50,1,383,20,42,10,28,6,16,0.38095238095238093,23,42,384,,val,115,115
27,56,22,32,10,18,0.32142857142857145,24,56,818,,275,52,0,494,21,40,14,25,6,13,0.325,19,40,494,,val,121,121
48,106,23,64,14,37,0.3490566037735849,54,106,870,,276,48,1,449,23,67,13,34,8,21,0.31343283582089554,33,67,455,,val,142,142
43,100,30,62,16,34,0.34,48,100,982,,277,53,1,497,24,72,13,43,11,26,0.3611111111111111,38,72,506,,val,156,156
55,91,27,68,16,38,0.4175824175824176,53,91,924,,278,48,2,456,24,73,14,39,10,26,0.3561643835616438,40,73,462,,val,135,135
33,85,21,50,12,29,0.3411764705882353,42,85,755,,279,51,1,403,19,60,7,33,7,22,0.36666666666666664,31,60,405,,val,133,133
36,73,20,42,11,26,0.3561643835616438,34,73,738,,280,49,2,409,23,57,11,31,8,19,0.3333333333333333,28,57,419,,val,127,127
46,99,22,57,16,38,0.3838383838383838,53,99,1026,,281,67,1,480,23,77,8,34,11,27,0.35064935064935066,40,77,495,,val,149,149
53,71,24,71,17,39,0.5492957746478874,51,71,239,,282,15,5,97,21,48,6,48,10,28,0.5833333333333334,38,48,102,,val,141,141
41,93,27,54,14,31,0.3333333333333333,45,93,849,,283,50,2,408,23,63,13,33,9,21,0.3333333333333333,31,63,415,,val,133,133
39,84,19,49,13,29,0.34523809523809523,39,84,840,,284,57,2,354,20,56,5,29,7,20,0.35714285714285715,30,56,355,,val,132,132
56,102,28,72,21,45,0.4411764705882353,59,102,926,,285,53,3,314,15,73,4,39,12,36,0.4931506849315068,50,73,317,,val,147,147
42,79,24,55,13,30,0.379746835443038,42,79,791,,286,50,0,406,21,61,8,34,7,21,0.3442622950819672,33,61,407,,val,139,139
28,59,18,38,9,21,0.3559322033898305,30,59,536,,287,41,2,295,21,47,8,26,7,18,0.3829787234042553,25,47,302,,val,129,129
52,88,29,73,16,38,0.4318181818181818,51,88,976,,288,48,0,587,31,72,18,48,11,27,0.375,41,72,595,,val,146,146
50,85,32,62,15,34,0.4,46,85,1007,,289,47,1,602,34,67,16,46,10,25,0.373134328358209,36,67,603,,val,143,143
53,93,26,62,15,34,0.3655913978494624,47,93,1028,,290,50,2,687,37,80,20,46,11,27,0.3375,39,80,698,,val,155,155
43,92,23,59,12,31,0.33695652173913043,46,92,980,,291,56,1,570,20,70,14,39,9,20,0.2857142857142857,34,70,580,,val,133,133
47,85,30,60,15,32,0.3764705882352941,43,85,1308,,292,61,2,740,28,73,18,41,11,24,0.3287671232876712,36,73,745,,val,143,143
39,78,26,52,12,27,0.34615384615384615,37,78,1000,,293,53,0,642,27,63,17,37,8,20,0.31746031746031744,29,63,647,,val,138,138
47,101,23,67,15,36,0.3564356435643564,51,101,1022,,294,58,0,541,25,72,14,42,10,25,0.3472222222222222,37,72,546,,val,149,149
40,86,19,55,12,31,0.36046511627906974,44,86,856,,295,59,1,420,17,64,11,30,7,19,0.296875,31,64,424,,val,139,139
43,87,25,57,15,33,0.3793103448275862,45,87,784,,296,48,4,382,27,63,9,37,10,25,0.3968253968253968,36,63,386,,val,138,138
34,58,24,47,10,23,0.39655172413793105,31,58,602,,297,40,0,313,20,38,10,30,6,14,0.3684210526315789,20,38,316,,val,106,106
45,84,22,60,15,34,0.40476190476190477,48,84,773,,298,50,5,351,20,75,8,33,9,29,0.38666666666666666,44,75,359,,val,112,112
45,109,23,62,15,35,0.3211009174311927,52,109,987,,299,53,1,526,28,71,15,37,10,24,0.3380281690140845,35,71,533,,val,149,149
44,66,30,51,14,27,0.4090909090909091,36,66,1109,,300,55,2,680,30,54,20,43,10,21,0.3888888888888889,29,54,682,,val,129,129
57,103,29,64,16,36,0.34951456310679613,51,103,1441,,301,61,0,674,23,67,16,41,10,22,0.3283582089552239,35,67,680,,val,142,142
50,95,28,72,16,37,0.3894736842105263,53,95,710,,302,40,4,323,22,61,7,44,6,23,0.3770491803278688,37,61,326,,val,147,147
40,84,23,52,13,30,0.35714285714285715,42,84,803,,303,53,2,428,23,62,10,34,9,23,0.3709677419354839,33,62,431,,val,132,132
54,106,29,68,18,42,0.39622641509433965,58,106,905,,304,42,1,470,30,81,13,42,11,30,0.37037037037037035,44,81,484,,val,151,151
49,90,33,62,16,35,0.3888888888888889,47,90,1048,,305,52,1,505,27,64,16,40,11,24,0.375,34,64,506,,val,127,127
24,62,12,31,7,19,0.3064516129032258,28,62,514,,306,52,1,276,12,41,6,19,4,12,0.2926829268292683,19,41,283,,val,105,105
49,86,29,59,14,32,0.37209302325581395,45,86,917,,307,48,2,485,30,60,13,38,9,22,0.36666666666666664,32,60,486,,val,116,116
38,65,24,48,12,26,0.4,34,65,883,,308,57,4,484,22,55,9,36,7,20,0.36363636363636365,29,55,491,,val,109,109
51,92,25,60,15,35,0.3804347826086957,48,92,919,,309,48,0,461,27,67,13,37,9,23,0.34328358208955223,34,67,465,,val,128,128
27,75,18,48,13,29,0.38666666666666666,42,75,582,,310,51,0,252,13,53,5,26,8,20,0.37735849056603776,30,53,259,,val,114,114
39,64,18,50,10,25,0.390625,36,64,797,,311,53,1,475,19,58,11,33,7,17,0.29310344827586204,29,58,489,,val,109,109
51,112,31,70,19,41,0.36607142857142855,57,112,1011,,312,55,0,479,32,81,9,44,13,32,0.3950617283950617,44,81,483,,val,137,137
44,79,26,59,16,34,0.43037974683544306,47,79,698,,313,46,2,261,16,59,6,26,9,24,0.4067796610169492,35,59,264,,val,117,117
41,87,18,55,16,37,0.42528735632183906,50,87,585,,314,42,1,251,19,54,7,29,10,25,0.46296296296296297,35,54,256,,val,155,155
51,89,26,65,16,35,0.39325842696629215,50,89,878,,315,50,0,450,28,66,11,36,10,24,0.36363636363636365,34,66,453,,val,122,122
47,72,31,55,15,31,0.4305555555555556,41,72,896,,316,50,1,484,27,60,13,36,10,22,0.36666666666666664,32,60,491,,val,133,133
29,71,20,42,10,20,0.28169014084507044,31,71,749,,317,50,3,479,21,54,13,24,7,15,0.2777777777777778,22,54,484,,val,116,116
35,77,23,46,11,25,0.3246753246753247,37,77,736,,318,46,1,405,19,64,10,29,7,19,0.296875,32,64,412,,val,127,127
32,56,21,43,10,21,0.375,30,56,742,,319,52,3,391,16,43,12,27,7,15,0.3488372093023256,22,43,397,,val,97,97
52,91,32,61,16,33,0.3626373626373626,45,91,1141,,320,49,0,715,37,72,18,48,11,26,0.3611111111111111,37,72,718,,val,152,152
43,71,30,56,12,28,0.39436619718309857,39,71,1032,,321,51,1,638,28,60,14,44,8,21,0.35,32,60,640,,val,116,116
41,88,29,57,14,29,0.32954545454545453,42,88,1052,,322,51,4,631,28,68,18,35,10,20,0.29411764705882354,30,68,634,,val,124,124
43,79,25,51,13,25,0.31645569620253167,37,79,1065,,323,48,2,744,24,66,22,32,10,18,0.2727272727272727,23,66,745,,val,125,125
48,78,31,52,14,30,0.38461538461538464,39,78,1105,,324,50,1,639,27,60,16,37,9,19,0.31666666666666665,27,60,640,,val,127,127
44,87,26,56,13,29,0.3333333333333333,41,87,1041,,325,49,1,659,26,69,17,35,9,19,0.2753623188405797,29,69,662,,val,136,136
43,66,26,49,12,26,0.3939393939393939,36,66,889,,326,50,0,527,25,51,13,32,7,17,0.3333333333333333,25,51,530,,val,105,105
41,81,20,59,14,32,0.3950617283950617,46,81,815,,327,52,2,359,17,61,9,27,8,21,0.3442622950819672,33,61,364,,val,114,114
47,94,25,63,15,36,0.3829787234042553,52,94,786,,328,48,2,443,25,76,13,43,10,28,0.3684210526315789,42,76,459,,val,138,138
48,90,21,62,14,35,0.3888888888888889,50,90,787,,329,45,3,384,20,61,10,31,8,20,0.32786885245901637,31,61,388,,val,138,138
40,74,21,46,11,27,0.36486486486486486,39,74,704,,330,48,2,378,19,56,12,28,7,18,0.32142857142857145,27,56,383,,val,132,132
42,75,23,55,14,31,0.41333333333333333,42,75,817,,331,52,1,451,26,62,10,40,10,25,0.4032258064516129,35,62,456,,val,132,132
48,100,22,63,16,39,0.39,53,100,867,,332,52,3,375,15,71,8,35,8,27,0.38028169014084506,41,71,381,,val,147,147
42,80,29,59,15,32,0.4,43,80,934,,333,54,0,422,27,59,7,37,9,24,0.4067796610169492,34,59,426,,val,125,125
40,78,22,50,12,28,0.358974358974359,39,78,733,,334,48,2,381,24,56,9,36,8,22,0.39285714285714285,32,56,384,,val,109,109
39,82,19,52,12,30,0.36585365853658536,45,82,691,,335,50,1,362,21,62,8,33,8,23,0.3709677419354839,35,62,370,,val,122,122
61,123,30,88,20,47,0.3821138211382114,68,123,1205,,336,56,0,566,27,84,13,50,11,30,0.35714285714285715,45,84,570,,val,166,166
36,63,20,45,11,26,0.4126984126984127,35,63,629,,337,45,0,292,15,47,7,27,6,18,0.3829787234042553,26,47,294,,val,109,109
38,77,21,49,12,27,0.35064935064935066,40,77,698,,338,46,1,285,20,48,7,25,8,19,0.3958333333333333,27,48,287,,val,128,128
27,59,19,37,10,18,0.3050847457627119,26,59,769,,339,50,0,390,19,42,10,20,6,12,0.2857142857142857,18,42,395,,val,99,99
39,76,22,49,11,28,0.3684210526315789,38,76,809,,340,48,2,487,23,56,13,33,7,18,0.32142857142857145,28,56,488,,val,114,114
37,78,14,53,13,33,0.4230769230769231,46,78,408,,341,35,3,140,9,53,5,24,7,24,0.4528301886792453,39,53,148,,val,123,123
44,75,30,54,14,31,0.41333333333333333,40,75,988,,342,54,1,479,25,63,13,35,9,22,0.3492063492063492,31,63,487,,val,129,129
53,113,26,81,16,40,0.35398230088495575,59,113,1181,,343,58,2,632,26,81,16,49,11,26,0.32098765432098764,43,81,636,,val,146,146
50,87,22,61,15,34,0.39080459770114945,48,87,865,,344,49,2,425,27,68,13,39,10,25,0.36764705882352944,37,68,428,,val,132,132
53,88,17,77,18,42,0.4772727272727273,56,88,572,,345,39,2,187,16,59,4,34,10,28,0.4745762711864407,40,59,191,,val,130,130
44,87,20,60,14,35,0.40229885057471265,48,87,821,,346,53,4,399,22,67,9,36,9,26,0.3880597014925373,37,67,410,,val,139,139
36,63,19,45,9,23,0.36507936507936506,33,63,710,,347,49,1,433,18,57,9,26,6,16,0.2807017543859649,25,57,438,,val,116,116
55,98,32,67,17,39,0.3979591836734694,53,98,923,,348,47,3,357,23,58,10,32,9,22,0.3793103448275862,32,58,360,,val,134,134
52,100,27,68,17,39,0.39,52,100,1056,,349,53,3,548,30,70,14,45,12,29,0.4142857142857143,40,70,551,,val,140,140
49,76,28,56,15,32,0.42105263157894735,42,76,857,,350,50,1,425,29,62,13,41,11,26,0.41935483870967744,36,62,429,,val,131,131
40,77,21,49,11,25,0.3246753246753247,38,77,824,,351,48,0,499,22,60,14,31,8,17,0.2833333333333333,28,60,506,,val,135,135
49,93,35,67,16,35,0.3763440860215054,47,93,1249,,352,58,2,681,35,81,16,45,11,28,0.345679012345679,39,81,689,,val,137,137
47,100,30,65,16,36,0.36,53,100,882,,353,43,3,413,28,68,12,40,11,28,0.4117647058823529,39,68,420,,val,147,147
44,105,20,65,14,37,0.3523809523809524,56,105,807,,354,50,1,339,20,64,7,31,8,24,0.375,37,64,347,,val,136,136
33,73,15,47,11,27,0.3698630136986301,39,73,585,,355,49,2,263,16,47,6,25,6,19,0.40425531914893614,26,47,264,,val,116,116
21,48,12,40,8,19,0.3958333333333333,29,48,301,,356,33,0,131,11,32,4,18,5,13,0.40625,19,32,131,,val,93,93
60,110,29,81,20,46,0.41818181818181815,61,110,1165,,357,57,3,371,20,63,5,36,10,27,0.42857142857142855,39,63,377,,val,135,135
38,81,23,62,13,30,0.37037037037037035,43,81,872,,358,55,2,357,16,60,7,28,8,21,0.35,32,60,366,,val,128,128
47,85,20,59,16,37,0.43529411764705883,49,85,672,,359,46,2,286,16,65,7,36,9,29,0.4461538461538462,40,65,295,,val,149,149
40,83,20,52,13,30,0.3614457831325301,42,83,730,,360,49,0,363,23,59,7,30,8,21,0.3559322033898305,30,59,371,,val,136,136
38,80,20,51,12,29,0.3625,42,80,687,,361,49,0,295,18,53,7,26,8,20,0.37735849056603776,30,53,297,,val,127,127
24,56,17,36,9,18,0.32142857142857145,26,56,625,,362,51,2,351,15,39,11,20,6,12,0.3076923076923077,17,39,359,,val,103,103
40,85,22,52,12,28,0.32941176470588235,42,85,817,,363,49,1,372,20,51,9,27,7,17,0.3333333333333333,26,51,376,,val,133,133
36,86,21,50,11,27,0.313953488372093,39,86,878,,364,51,0,447,20,53,13,30,8,17,0.32075471698113206,26,53,449,,val,147,147
40,71,21,49,12,27,0.38028169014084506,39,71,717,,365,48,2,393,18,61,8,31,6,19,0.3114754098360656,31,61,397,,val,113,113
44,82,26,48,14,31,0.3780487804878049,41,82,767,,366,44,2,430,30,64,13,39,10,26,0.40625,35,64,439,,val,138,138
54,113,27,82,19,46,0.40707964601769914,66,113,1015,,367,55,2,498,27,82,10,44,10,31,0.3780487804878049,48,82,502,,val,156,156
46,85,27,57,14,32,0.3764705882352941,45,85,819,,368,46,1,438,27,69,14,35,10,24,0.34782608695652173,37,69,447,,val,150,150
38,79,26,48,15,30,0.379746835443038,40,79,713,,369,45,0,402,29,59,12,35,10,24,0.4067796610169492,32,59,407,,val,130,130
34,53,22,38,11,22,0.41509433962264153,29,53,686,,370,49,0,379,23,42,10,31,7,17,0.40476190476190477,24,42,381,,val,100,100
44,77,20,60,13,32,0.4155844155844156,44,77,575,,371,38,0,263,18,54,10,34,8,20,0.37037037037037035,31,54,265,,val,120,120
34,69,17,46,10,24,0.34782608695652173,34,69,763,,372,57,0,412,19,51,11,26,7,15,0.29411764705882354,23,51,426,,val,114,114
30,82,16,45,10,26,0.3170731707317073,40,82,697,,373,56,2,384,15,60,8,33,6,20,0.3333333333333333,31,60,395,,val,131,131
44,91,24,63,16,36,0.3956043956043956,51,91,763,,374,45,1,342,22,68,7,31,9,25,0.36764705882352944,39,68,344,,val,132,132
40,84,23,53,12,29,0.34523809523809523,43,84,754,,375,47,2,444,20,62,13,32,8,19,0.3064516129032258,31,62,454,,val,141,141
40,68,28,49,11,26,0.38235294117647056,35,68,914,,376,52,0,506,19,51,11,32,7,16,0.3137254901960784,25,51,508,,val,116,116
40,80,21,52,14,33,0.4125,46,80,627,,377,44,2,306,18,63,6,30,8,25,0.3968253968253968,37,63,313,,val,114,114
41,94,20,62,13,32,0.3404255319148936,48,94,931,,378,57,3,484,20,78,10,36,8,24,0.3076923076923077,38,78,492,,val,150,150
39,80,24,51,13,28,0.35,39,80,899,,379,53,0,479,27,59,15,37,10,23,0.3898305084745763,31,59,483,,val,133,133
43,81,26,54,16,33,0.4074074074074074,45,81,699,,380,48,3,306,21,59,6,34,10,26,0.4406779661016949,36,59,309,,val,122,122
60,92,22,74,19,45,0.4891304347826087,58,92,644,,381,38,0,301,26,68,10,48,12,32,0.47058823529411764,43,68,308,,val,157,157
45,105,29,66,16,34,0.3238095238095238,51,105,1330,,382,70,1,712,28,86,13,38,11,26,0.3023255813953488,39,86,721,,val,153,153
31,69,22,51,11,22,0.3188405797101449,33,69,580,,383,36,5,315,21,52,11,28,7,16,0.3076923076923077,25,52,318,,val,134,134
40,94,27,53,14,31,0.32978723404255317,43,94,1105,,384,66,3,606,22,65,14,36,9,22,0.3384615384615385,32,65,615,,val,125,125
46,94,27,60,15,34,0.3617021276595745,50,94,822,,385,48,3,366,21,62,11,32,9,22,0.3548387096774194,33,62,370,,val,141,141
38,91,22,51,13,29,0.31868131868131866,44,91,786,,386,46,1,462,25,63,16,31,9,21,0.3333333333333333,30,63,468,,val,162,162
34,51,22,38,10,20,0.39215686274509803,27,51,775,,387,49,0,466,22,38,14,27,6,14,0.3684210526315789,19,38,467,,val,122,122
43,75,24,49,12,26,0.3466666666666667,38,75,816,,388,49,3,499,26,57,13,34,8,19,0.3333333333333333,28,57,505,,val,127,127
38,72,16,45,11,27,0.375,39,72,646,,389,47,0,331,13,48,7,22,5,13,0.2708333333333333,22,48,331,,val,113,113
39,75,22,57,13,30,0.4,43,75,527,,390,39,0,265,20,60,10,39,8,24,0.4,36,60,275,,val,129,129
42,75,21,54,14,32,0.4266666666666667,42,75,793,,391,53,4,312,16,55,6,27,7,19,0.34545454545454546,30,55,316,,val,112,112
40,64,23,45,12,23,0.359375,33,64,895,,392,51,1,616,26,56,17,39,9,19,0.3392857142857143,28,56,632,,val,106,106
62,111,37,80,18,40,0.36036036036036034,56,111,1599,,393,55,2,957,41,97,24,57,12,30,0.30927835051546393,43,97,961,,val,144,144
54,96,24,76,17,42,0.4375,60,96,864,,394,49,0,355,18,74,7,33,9,29,0.3918918918918919,45,74,357,,val,139,139
34,88,13,58,13,37,0.42045454545454547,53,88,575,,395,41,0,225,15,51,8,21,8,19,0.37254901960784315,29,51,227,,val,150,150
49,84,29,55,14,28,0.3333333333333333,40,84,1094,,396,49,0,672,29,60,19,40,10,20,0.3333333333333333,28,60,675,,val,126,126
37,87,24,56,13,29,0.3333333333333333,44,87,878,,397,52,7,477,20,70,14,32,9,21,0.3,33,70,482,,val,139,139
25,62,15,42,9,21,0.3387096774193548,33,62,590,,398,52,2,254,11,43,7,19,5,14,0.32558139534883723,21,43,258,,val,106,106
46,99,21,61,18,42,0.42424242424242425,57,99,891,,399,61,0,296,14,64,4,24,9,24,0.375,37,64,301,,val,130,130
59,100,31,81,20,45,0.45,60,100,691,,400,36,0,287,25,71,7,47,11,31,0.43661971830985913,45,71,293,,val,167,167
35,73,19,52,13,30,0.410958904109589,41,73,656,,401,53,0,233,12,48,4,24,7,20,0.4166666666666667,28,48,234,,val,110,110
49,93,27,69,20,43,0.46236559139784944,58,93,728,,402,41,2,327,25,70,6,37,12,31,0.44285714285714284,43,70,328,,val,130,130
50,99,31,77,17,38,0.3838383838383838,55,99,1145,,403,56,3,589,31,84,14,43,11,28,0.3333333333333333,42,84,593,,val,151,151
59,125,30,83,19,45,0.36,64,125,1265,,404,57,3,652,33,94,12,50,11,33,0.35106382978723405,47,94,672,,val,170,170
42,83,19,54,13,32,0.3855421686746988,44,83,790,,405,52,8,349,14,68,9,32,8,24,0.35294117647058826,38,68,355,,val,124,124
47,96,24,72,16,39,0.40625,56,96,961,,406,58,2,471,22,73,11,38,9,25,0.3424657534246575,39,73,479,,val,151,151
34,78,19,46,11,23,0.2948717948717949,36,78,997,,407,65,3,572,19,63,13,25,7,17,0.2698412698412698,27,63,576,,val,143,143
55,103,24,69,20,45,0.4368932038834951,60,103,796,,408,47,3,314,21,69,6,37,11,30,0.43478260869565216,43,69,320,,val,142,142
41,70,20,52,14,31,0.44285714285714284,42,70,624,,409,48,1,207,14,53,4,24,9,23,0.4339622641509434,33,53,213,,val,123,123
41,91,17,64,14,37,0.4065934065934066,52,91,833,,410,53,0,380,17,65,8,33,8,23,0.35384615384615387,36,65,384,,val,146,146
53,103,25,70,20,44,0.42718446601941745,58,103,933,,411,55,3,382,22,79,8,46,13,35,0.4430379746835443,48,79,388,,val,163,163
13,52,3,23,8,21,0.40384615384615385,30,52,291,,412,61,0,65,2,22,1,5,3,8,0.36363636363636365,15,22,70,,val,77,77
42,77,16,60,14,34,0.44155844155844154,47,77,464,,413,36,3,171,14,57,4,27,9,25,0.43859649122807015,40,57,177,,val,129,129
25,73,16,55,11,29,0.3972602739726027,45,73,388,,414,35,1,162,17,50,7,24,8,20,0.4,33,50,171,,val,119,119
44,109,13,70,22,47,0.43119266055045874,66,109,687,,415,53,2,256,11,78,1,36,16,39,0.5,53,78,259,,val,146,146
30,72,19,42,11,24,0.3333333333333333,36,72,703,,416,52,1,328,16,49,7,25,7,17,0.3469387755102041,26,49,333,,val,120,120
31,79,20,55,12,28,0.35443037974683544,42,79,714,,417,53,0,331,15,59,6,24,6,18,0.3050847457627119,30,59,335,,val,120,120
39,88,18,59,15,39,0.4431818181818182,54,88,570,,418,41,2,200,12,58,4,20,9,27,0.46551724137931033,38,58,204,,val,135,135
26,56,12,42,11,25,0.44642857142857145,35,56,435,,419,56,3,144,6,41,2,18,7,18,0.43902439024390244,26,41,150,,val,91,91
21,48,9,30,6,16,0.3333333333333333,24,48,429,,420,56,1,175,8,35,4,11,4,10,0.2857142857142857,17,35,180,,val,92,92
28,78,8,43,14,32,0.41025641025641024,46,78,526,,421,61,1,175,8,48,1,15,9,22,0.4583333333333333,31,48,179,,val,125,125
30,77,19,42,12,27,0.35064935064935066,41,77,531,,422,43,1,231,15,50,7,21,7,19,0.38,28,50,233,,val,131,131
33,64,12,43,10,27,0.421875,37,64,486,,423,46,2,194,11,50,6,17,6,18,0.36,30,50,201,,val,103,103
44,105,14,67,19,46,0.4380952380952381,62,105,852,,424,67,2,336,15,79,2,33,13,35,0.4430379746835443,50,79,343,,val,151,151
52,96,27,65,16,34,0.3541666666666667,49,96,988,,425,50,0,506,28,67,13,35,10,23,0.34328358208955223,33,67,510,,val,160,160
41,91,23,57,14,32,0.3516483516483517,46,91,893,,426,55,0,438,24,68,11,32,9,23,0.3382352941176471,34,68,449,,val,135,135
33,79,15,47,16,35,0.4430379746835443,47,79,453,,427,42,3,141,8,43,3,20,8,20,0.46511627906976744,29,43,144,,val,116,116
19,60,12,36,9,22,0.36666666666666664,33,60,431,,428,53,1,147,9,34,3,13,6,13,0.38235294117647056,21,34,149,,val,102,102
41,69,19,48,13,30,0.43478260869565216,39,69,663,,429,49,3,287,18,46,5,29,6,19,0.41304347826086957,27,46,290,,val,110,110
40,82,23,51,14,29,0.35365853658536583,41,82,778,,430,50,5,427,27,62,14,32,10,23,0.3709677419354839,32,62,439,,val,142,142
47,97,21,68,18,42,0.4329896907216495,57,97,829,,431,51,2,340,21,71,6,39,12,31,0.43661971830985913,42,71,342,,val,145,145
33,71,15,49,11,27,0.38028169014084506,39,71,629,,432,54,0,241,10,42,5,19,4,15,0.35714285714285715,24,42,244,,val,125,125
46,83,16,62,16,38,0.4578313253012048,51,83,730,,433,57,1,247,15,61,5,26,10,25,0.4098360655737705,37,61,250,,val,114,114
52,86,22,68,18,40,0.46511627906976744,52,86,595,,434,38,0,186,16,59,5,36,10,29,0.4915254237288136,41,59,186,,val,130,130
42,92,15,62,14,40,0.43478260869565216,54,92,678,,435,54,1,168,8,42,2,16,5,16,0.38095238095238093,25,42,172,,val,142,142
41,80,25,58,14,31,0.3875,44,80,863,,436,53,4,423,20,64,10,37,8,23,0.359375,35,64,437,,val,134,134
42,94,19,58,14,34,0.3617021276595745,50,94,743,,437,49,2,373,24,65,8,38,10,26,0.4,37,65,379,,val,145,145
44,79,19,62,16,37,0.46835443037974683,49,79,492,,438,34,1,179,18,50,6,35,10,25,0.5,34,50,182,,val,129,129
31,65,15,41,9,23,0.35384615384615387,32,65,640,,439,54,2,310,14,45,7,25,6,16,0.35555555555555557,24,45,310,,val,101,101
43,88,20,60,15,35,0.3977272727272727,49,88,777,,440,56,4,274,14,60,5,28,9,24,0.4,35,60,279,,val,136,136
39,83,21,56,13,33,0.39759036144578314,46,83,762,,441,51,0,310,18,60,7,25,8,21,0.35,34,60,311,,val,128,128
54,106,25,71,19,44,0.41509433962264153,61,106,853,,442,49,0,371,23,73,8,36,11,28,0.3835616438356164,41,73,379,,val,158,158
41,76,23,55,14,33,0.4342105263157895,45,76,622,,443,44,1,306,19,57,9,31,9,24,0.42105263157894735,34,57,312,,val,115,115
52,96,26,68,17,39,0.40625,53,96,967,,444,54,1,467,23,77,10,44,11,30,0.38961038961038963,44,77,474,,val,150,150
54,120,23,74,19,45,0.375,63,120,960,,445,57,3,416,23,90,5,43,13,36,0.4,53,90,431,,val,167,167
39,100,17,59,19,44,0.44,61,100,518,,446,42,0,184,15,58,3,23,11,27,0.46551724137931033,39,58,197,,val,159,159
42,84,13,54,17,39,0.4642857142857143,52,84,526,,447,45,1,99,5,48,1,11,9,27,0.5625,38,48,106,,val,119,119
27,67,9,39,10,25,0.373134328358209,37,67,506,,448,58,2,181,8,41,3,14,4,14,0.34146341463414637,23,41,184,,val,83,83
57,110,25,82,20,46,0.41818181818181815,63,110,1042,,449,57,0,463,23,94,6,46,12,37,0.39361702127659576,55,94,471,,val,159,159
31,76,18,47,11,29,0.3815789473684211,42,76,620,,450,51,5,288,13,52,5,24,6,18,0.34615384615384615,28,52,290,,val,114,114
35,72,18,45,12,28,0.3888888888888889,41,72,595,,451,49,0,250,13,58,5,23,6,20,0.3448275862068966,33,58,257,,val,119,119
28,76,13,42,10,27,0.35526315789473684,39,76,553,,452,53,2,177,7,44,4,14,4,15,0.3409090909090909,26,44,183,,val,124,124
58,113,32,78,20,45,0.39823008849557523,61,113,1154,,453,57,3,535,27,83,10,50,12,31,0.37349397590361444,46,83,546,,val,157,157
52,117,29,81,20,48,0.41025641025641024,68,117,959,,454,54,3,445,26,89,8,45,15,36,0.4044943820224719,54,89,449,,val,178,178
52,103,17,74,20,47,0.4563106796116505,63,103,823,,455,54,1,316,18,70,5,35,11,30,0.42857142857142855,43,70,319,,val,139,139
25,52,13,41,11,23,0.4423076923076923,32,52,449,,456,52,3,124,10,29,1,14,6,13,0.4482758620689655,18,29,125,,val,100,100
27,73,12,39,12,29,0.3972602739726027,40,73,551,,457,61,3,157,5,46,1,14,7,21,0.45652173913043476,30,46,161,,val,105,105
49,95,26,63,15,36,0.37894736842105264,49,95,937,,458,53,2,438,19,65,11,40,9,25,0.38461538461538464,38,65,444,,val,168,168
46,94,22,72,19,41,0.43617021276595747,57,94,545,,459,35,0,169,16,64,2,32,13,31,0.484375,47,64,175,,val,143,143
52,97,19,67,16,40,0.41237113402061853,53,97,945,,460,58,2,406,23,69,6,41,10,28,0.4057971014492754,40,69,416,,val,145,145
43,86,13,57,15,36,0.4186046511627907,50,86,602,,461,49,0,197,12,68,2,21,11,33,0.4852941176470588,48,68,207,,val,129,129
35,68,13,49,13,31,0.45588235294117646,42,68,489,,462,46,1,169,11,52,2,19,8,22,0.4230769230769231,35,52,173,,val,102,102
10,35,6,22,6,15,0.42857142857142855,22,35,213,,463,56,2,55,4,17,1,7,3,7,0.4117647058823529,12,17,56,,val,64,64
36,91,8,52,19,43,0.4725274725274725,60,91,434,,464,42,2,137,10,50,1,16,10,26,0.52,36,50,142,,val,131,131
54,90,25,75,19,42,0.4666666666666667,56,90,604,,465,37,1,236,21,59,7,35,10,25,0.423728813559322,36,59,238,,val,141,141
52,89,30,61,14,33,0.3707865168539326,46,89,1039,,466,50,2,531,30,67,13,42,9,24,0.3582089552238806,35,67,531,,val,121,121
45,100,24,72,17,39,0.39,56,100,960,,467,54,3,457,25,78,11,42,11,29,0.3717948717948718,43,78,466,,val,148,148
38,89,16,54,14,33,0.3707865168539326,49,89,592,,468,45,0,301,19,67,6,26,9,25,0.373134328358209,40,67,309,,val,141,141
25,70,13,42,13,31,0.44285714285714284,44,70,407,,469,47,1,98,6,43,1,10,7,23,0.5348837209302325,33,43,104,,val,96,96
39,78,9,60,14,36,0.46153846153846156,49,78,633,,470,54,0,161,7,43,2,12,5,18,0.4186046511627907,27,43,165,,val,111,111
28,76,17,40,12,25,0.32894736842105265,36,76,585,,471,54,0,214,13,46,2,25,8,19,0.41304347826086957,26,46,221,,val,119,119
36,71,21,47,12,25,0.352112676056338,36,71,809,,472,54,1,342,16,50,8,24,6,15,0.3,24,50,344,,val,137,137
20,45,9,32,7,18,0.4,26,45,380,,473,51,2,131,8,36,3,12,6,15,0.4166666666666667,23,36,136,,val,86,86
68,117,32,90,22,50,0.42735042735042733,67,117,1283,,474,60,2,446,28,89,4,50,16,38,0.42696629213483145,54,89,462,,val,150,150
29,69,18,49,11,25,0.36231884057971014,38,69,724,,475,57,2,327,17,52,8,26,9,17,0.3269230769230769,27,52,334,,val,113,113
38,68,21,43,11,23,0.3382352941176471,34,68,767,,476,50,1,418,23,46,13,26,8,16,0.34782608695652173,23,46,420,,val,119,119
36,89,23,55,14,31,0.34831460674157305,46,89,764,,477,52,2,300,18,56,7,27,9,22,0.39285714285714285,33,56,308,,val,135,135
33,76,15,48,14,32,0.42105263157894735,45,76,465,,478,45,6,190,12,59,3,23,9,26,0.4406779661016949,40,59,199,,val,123,123
37,71,21,55,14,32,0.4507042253521127,45,71,427,,479,31,4,214,19,59,8,36,11,26,0.4406779661016949,37,59,220,,val,138,138
46,87,22,59,16,36,0.41379310344827586,50,87,705,,480,46,4,271,17,63,5,28,9,26,0.4126984126984127,38,63,275,,val,135,135
59,89,26,68,19,43,0.48314606741573035,56,89,739,,481,41,0,277,20,74,4,33,13,32,0.43243243243243246,46,74,282,,val,137,137
49,89,20,61,16,38,0.42696629213483145,53,89,442,,482,30,1,247,36,68,10,45,13,33,0.4852941176470588,44,68,253,,val,150,150
61,129,30,83,22,50,0.3875968992248062,68,129,1160,,483,55,8,619,35,105,15,59,15,40,0.38095238095238093,59,105,628,,val,184,184
71,116,39,85,22,48,0.41379310344827586,65,116,1211,,484,49,4,614,40,95,16,52,15,37,0.3894736842105263,52,95,623,,val,164,164
45,104,21,74,19,45,0.4326923076923077,62,104,771,,485,52,2,373,23,87,8,44,14,36,0.41379310344827586,51,87,390,,val,146,146
36,90,21,61,13,34,0.37777777777777777,50,90,785,,486,52,1,415,21,67,9,36,8,23,0.34328358208955223,35,67,430,,val,137,137
29,74,15,46,12,31,0.4189189189189189,43,74,691,,487,62,5,243,8,58,4,18,6,22,0.3793103448275862,34,58,252,,val,110,110
50,76,24,60,17,35,0.4605263157894737,46,76,569,,488,40,1,155,17,42,2,29,10,22,0.5238095238095238,28,42,156,,val,112,112
57,121,21,84,22,52,0.4297520661157025,71,121,991,,489,57,4,346,19,81,6,35,11,32,0.3950617283950617,47,81,350,,val,164,164
60,112,22,84,21,50,0.44642857142857145,67,112,661,,490,40,1,286,27,77,5,51,14,36,0.4675324675324675,50,77,292,,val,174,174
46,84,20,55,16,36,0.42857142857142855,49,84,646,,491,49,1,193,14,54,3,24,10,26,0.48148148148148145,36,54,199,,val,124,124
62,127,22,91,23,56,0.4409448818897638,75,127,982,,492,58,0,308,18,92,2,37,16,42,0.45652173913043476,61,92,316,,val,164,164
64,101,38,101,20,45,0.44554455445544555,61,101,441,,493,19,4,202,39,58,14,58,11,29,0.5,39,58,203,,val,155,155
30,66,10,45,12,29,0.4393939393939394,40,66,437,,494,47,2,127,7,40,2,16,7,18,0.45,28,40,127,,val,106,106
54,101,29,73,18,41,0.40594059405940597,56,101,1032,,495,53,2,518,28,79,10,44,12,30,0.379746835443038,42,79,520,,val,138,138
50,98,20,69,16,41,0.41836734693877553,56,98,890,,496,60,3,408,22,75,6,39,10,29,0.38666666666666666,43,75,415,,val,132,132
53,116,27,75,20,46,0.39655172413793105,64,116,1131,,497,62,4,551,30,97,8,42,14,36,0.3711340206185567,53,97,563,,val,168,168
52,96,23,64,18,41,0.4270833333333333,55,96,754,,498,44,1,317,23,69,7,33,12,29,0.42028985507246375,42,69,320,,val,143,143
29,55,12,45,11,25,0.45454545454545453,35,55,342,,499,39,3,99,10,34,1,19,7,17,0.5,24,34,101,,val,90,90
66,116,31,88,19,45,0.3879310344827586,66,116,1125,,500,49,3,565,30,93,13,49,11,33,0.3548387096774194,50,93,571,,val,160,160
40,75,19,57,15,34,0.4533333333333333,48,75,370,,501,30,1,131,18,43,4,25,9,21,0.4883720930232558,30,43,136,,val,133,133
32,72,12,43,14,32,0.4444444444444444,43,72,404,,502,45,2,134,12,44,1,18,9,20,0.45454545454545453,30,44,141,,val,112,112
37,77,20,59,15,33,0.42857142857142855,46,77,455,,503,35,1,175,17,49,6,30,9,22,0.4489795918367347,31,49,181,,val,116,116
33,84,13,49,13,34,0.40476190476190477,48,84,539,,504,50,6,240,13,72,7,22,8,27,0.375,46,72,267,,val,138,138
36,78,16,43,13,30,0.38461538461538464,41,78,705,,505,64,3,308,17,61,5,26,9,24,0.39344262295081966,35,61,319,,val,119,119
39,87,21,59,16,36,0.41379310344827586,50,87,744,,506,53,2,186,10,55,2,24,10,24,0.43636363636363634,36,55,192,,val,131,131
30,61,18,41,11,23,0.3770491803278688,34,61,523,,507,45,4,207,19,49,4,21,9,19,0.3877551020408163,28,49,213,,val,120,120
44,109,27,66,18,41,0.3761467889908257,60,109,1075,,508,62,3,454,21,79,5,32,11,28,0.35443037974683544,42,79,462,,val,153,153
53,119,25,79,20,50,0.42016806722689076,72,119,817,,509,44,1,334,22,80,10,40,12,34,0.425,48,80,344,,val,167,167
35,86,21,51,12,27,0.313953488372093,41,86,900,,510,53,1,537,21,72,13,33,9,19,0.2638888888888889,32,72,545,,val,146,146
50,96,25,71,17,38,0.3958333333333333,53,96,991,,511,57,1,535,29,82,11,48,12,31,0.3780487804878049,46,82,544,,val,153,153
22,67,12,39,9,21,0.31343283582089554,34,67,523,,512,58,3,217,11,46,4,21,7,16,0.34782608695652173,25,46,231,,val,111,111
52,107,23,75,17,42,0.3925233644859813,59,107,986,,513,57,4,367,21,78,7,36,11,31,0.3974358974358974,48,78,377,,val,138,138
30,58,9,35,8,24,0.41379310344827586,34,58,429,,514,48,3,150,6,38,3,15,5,17,0.4473684210526316,25,38,157,,val,109,109
27,55,8,37,10,26,0.4727272727272727,35,55,355,,515,50,1,83,6,30,0,10,6,15,0.5,22,30,85,,val,89,89
45,103,28,61,19,41,0.39805825242718446,58,103,686,,516,42,2,193,19,56,3,23,11,23,0.4107142857142857,37,56,196,,val,149,149
51,112,27,74,19,44,0.39285714285714285,64,112,857,,517,47,0,390,25,76,10,37,10,29,0.3815789473684211,44,76,396,,val,167,167
30,82,14,42,12,30,0.36585365853658536,44,82,631,,518,63,1,230,11,54,4,16,7,20,0.37037037037037035,32,54,241,,val,138,138
48,107,28,66,19,42,0.3925233644859813,60,107,752,,519,44,2,219,19,69,3,29,13,31,0.4492753623188406,47,69,225,,val,136,136
52,98,30,70,18,40,0.40816326530612246,54,98,1013,,520,51,2,430,21,73,10,41,9,28,0.3835616438356164,41,73,434,,val,136,136
38,90,21,51,14,31,0.34444444444444444,46,90,650,,521,47,3,275,19,54,6,27,8,20,0.37037037037037035,30,54,281,,val,141,141
38,85,16,64,14,34,0.4,49,85,740,,522,58,8,300,14,64,6,27,8,24,0.375,38,64,302,,val,131,131
29,63,10,40,12,27,0.42857142857142855,37,63,459,,523,53,1,97,3,39,1,12,8,19,0.48717948717948717,29,39,101,,val,100,100
44,82,23,68,16,35,0.4268292682926829,49,82,609,,524,40,3,241,22,55,12,34,10,22,0.4,33,55,248,,val,132,132
38,97,22,54,14,32,0.32989690721649484,50,97,758,,525,49,3,338,22,60,9,28,8,20,0.3333333333333333,30,60,340,,val,140,140
57,106,21,73,17,46,0.4339622641509434,62,106,1153,,526,69,8,512,22,92,8,36,13,34,0.3695652173913043,52,92,529,,val,158,158
49,98,31,61,17,35,0.35714285714285715,48,98,1680,,527,85,0,809,30,87,12,39,11,30,0.3448275862068966,44,87,824,,val,142,142
39,102,13,69,15,42,0.4117647058823529,60,102,732,,528,57,0,315,15,65,5,33,8,27,0.4153846153846154,39,65,324,,val,137,137
47,102,23,72,18,43,0.4215686274509804,60,102,831,,529,51,0,236,10,65,3,31,10,30,0.46153846153846156,42,65,245,,val,135,135
40,72,20,49,13,29,0.4027777777777778,39,72,711,,530,50,1,250,18,47,5,25,9,20,0.425531914893617,30,47,254,,val,113,113
53,90,20,73,16,41,0.45555555555555555,56,90,790,,531,46,1,348,23,68,8,39,11,30,0.4411764705882353,43,68,357,,val,139,139
53,116,24,69,19,45,0.3879310344827586,62,116,1142,,532,63,2,445,19,85,7,32,11,32,0.3764705882352941,49,85,448,,val,175,175
53,122,26,78,17,43,0.3524590163934426,63,122,1118,,533,51,0,581,25,81,16,38,10,25,0.30864197530864196,40,81,583,,val,167,167
26,63,14,33,9,22,0.3492063492063492,33,63,435,,534,44,3,184,9,41,6,17,6,16,0.3902439024390244,25,41,190,,val,112,112
49,93,24,60,16,36,0.3870967741935484,50,93,887,,535,49,1,461,27,67,12,37,10,25,0.373134328358209,36,67,464,,val,145,145
60,97,28,71,19,43,0.44329896907216493,57,97,948,,536,49,0,470,39,83,8,50,15,37,0.4457831325301205,50,83,478,,val,158,158
49,92,25,64,15,36,0.391304347826087,50,92,961,,537,52,1,459,24,66,12,35,8,22,0.3333333333333333,32,66,460,,val,141,141
49,91,20,62,16,37,0.4065934065934066,49,91,765,,538,50,0,390,26,64,13,37,11,25,0.390625,36,64,401,,val,147,147
36,79,9,46,14,34,0.43037974683544306,46,79,503,,539,48,1,169,6,46,5,15,5,19,0.41304347826086957,29,46,178,,val,123,123
49,71,26,58,15,32,0.4507042253521127,43,71,839,,540,47,1,490,30,64,14,47,11,27,0.421875,39,64,499,,val,139,139
36,67,10,52,15,33,0.4925373134328358,43,67,338,,541,37,1,92,9,36,1,18,8,18,0.5,27,36,93,,val,107,107
33,69,11,50,15,32,0.463768115942029,44,69,451,,542,49,0,140,9,45,1,14,8,22,0.4888888888888889,31,45,145,,val,99,99
27,68,11,33,11,25,0.36764705882352944,36,68,524,,543,64,3,200,9,54,2,17,7,21,0.3888888888888889,33,54,210,,val,118,118
34,91,18,53,14,33,0.3626373626373626,47,91,684,,544,53,2,261,12,60,4,24,8,23,0.38333333333333336,36,60,264,,val,147,147
33,69,12,47,11,27,0.391304347826087,39,69,540,,545,49,0,219,13,45,5,18,6,16,0.35555555555555557,26,45,220,,val,117,117
38,83,15,53,12,33,0.39759036144578314,48,83,632,,546,46,2,234,12,54,6,22,7,21,0.3888888888888889,32,54,239,,val,116,116
60,97,39,72,17,39,0.4020618556701031,53,97,1342,,547,51,2,721,32,76,16,53,10,26,0.34210526315789475,41,76,725,,val,142,142
57,108,34,71,18,40,0.37037037037037035,55,108,1483,,548,64,3,764,30,95,17,42,12,29,0.30526315789473685,46,95,768,,val,159,159
41,99,15,58,18,43,0.43434343434343436,60,99,563,,549,42,3,242,15,76,4,29,13,37,0.4868421052631579,51,76,251,,val,154,154
42,96,23,58,14,34,0.3541666666666667,50,96,792,,550,49,2,382,25,70,9,33,10,25,0.35714285714285715,37,70,399,,val,145,145
46,101,15,71,18,46,0.45544554455445546,64,101,662,,551,49,0,278,16,72,5,30,11,33,0.4583333333333333,47,72,286,,val,154,154
38,105,19,64,14,38,0.3619047619047619,58,105,758,,552,52,1,321,18,62,9,28,9,22,0.3548387096774194,34,62,324,,val,144,144
54,110,26,76,19,44,0.4,60,110,990,,553,53,2,365,18,73,8,36,10,29,0.3972602739726027,45,73,376,,val,150,150
57,122,22,82,17,48,0.39344262295081966,68,122,1098,,554,54,1,532,23,90,11,40,9,28,0.3111111111111111,46,90,542,,val,165,165
52,98,27,74,17,41,0.41836734693877553,58,98,815,,555,44,1,374,20,69,10,35,8,25,0.36231884057971014,38,69,376,,val,142,142
41,86,19,57,15,35,0.4069767441860465,49,86,631,,556,47,3,236,16,61,5,28,10,26,0.4262295081967213,38,61,239,,val,119,119
41,96,22,54,14,35,0.3645833333333333,50,96,681,,557,46,1,314,17,67,8,28,9,25,0.373134328358209,39,67,318,,val,150,150
26,57,12,39,10,23,0.40350877192982454,33,57,307,,558,35,2,93,9,27,2,16,6,13,0.48148148148148145,18,27,93,,val,99,99
45,73,17,56,15,35,0.4794520547945205,45,73,723,,559,57,5,212,12,52,3,20,7,20,0.38461538461538464,31,52,213,,val,104,104
41,90,21,57,13,32,0.35555555555555557,46,90,869,,560,51,1,333,13,61,7,23,6,17,0.2786885245901639,31,61,335,,val,145,145
39,92,19,61,13,34,0.3695652173913043,50,92,781,,561,53,4,351,17,67,8,28,8,22,0.3283582089552239,35,67,358,,val,127,127
36,92,17,54,15,36,0.391304347826087,51,92,830,,562,62,3,302,13,71,2,23,10,31,0.43661971830985913,45,71,315,,val,131,131
36,81,13,58,12,33,0.4074074074074074,47,81,673,,563,53,0,315,14,60,6,34,7,23,0.38333333333333336,34,60,322,,val,119,119
35,74,21,48,12,26,0.35135135135135137,36,74,820,,564,53,6,417,17,54,11,27,7,16,0.2962962962962963,25,54,420,,val,116,116
35,83,20,52,11,25,0.30120481927710846,37,83,882,,565,54,1,486,23,60,12,31,8,18,0.3,27,60,491,,val,126,126
38,74,14,50,12,31,0.4189189189189189,43,74,585,,566,46,1,270,17,47,7,25,7,18,0.3829787234042553,26,47,274,,val,105,105
49,86,14,68,17,42,0.4883720930232558,56,86,472,,567,37,1,181,15,60,5,33,10,28,0.4666666666666667,42,60,187,,val,148,148
37,81,16,55,13,33,0.4074074074074074,48,81,585,,568,50,1,210,14,64,4,17,9,25,0.390625,42,64,222,,val,134,134
40,89,24,55,14,29,0.3258426966292135,41,89,913,,569,56,2,444,21,61,14,32,10,20,0.32786885245901637,30,61,447,,val,149,149
34,93,13,49,14,35,0.3763440860215054,50,93,762,,570,68,2,238,12,53,3,16,7,20,0.37735849056603776,32,53,241,,val,121,121
31,58,18,43,10,24,0.41379310344827586,34,58,554,,571,48,1,248,14,49,6,24,7,18,0.3673469387755102,28,49,257,,val,120,120
41,76,17,52,15,34,0.4473684210526316,45,76,555,,572,48,4,192,10,47,3,17,6,20,0.425531914893617,29,47,194,,val,104,104
37,83,20,48,13,28,0.3373493975903614,41,83,765,,573,54,3,413,19,70,10,35,9,24,0.34285714285714286,36,70,420,,val,139,139
28,60,17,32,9,19,0.31666666666666665,27,60,582,,574,47,0,293,14,39,10,21,6,12,0.3076923076923077,19,39,295,,val,93,93
29,67,14,42,10,25,0.373134328358209,37,67,557,,575,47,4,271,13,48,9,21,6,14,0.2916666666666667,23,48,275,,val,108,108
36,70,24,48,12,26,0.37142857142857144,35,70,832,,576,53,1,428,17,57,8,30,6,17,0.2982456140350877,28,57,431,,val,118,118
24,52,8,34,8,22,0.4230769230769231,30,52,381,,577,51,6,168,7,45,3,16,5,18,0.4,28,45,172,,val,90,90
48,110,18,71,18,45,0.4090909090909091,63,110,724,,578,47,3,282,17,80,5,30,11,35,0.4375,51,80,292,,val,157,157
59,107,18,75,18,47,0.4392523364485981,63,107,852,,579,50,4,362,25,84,8,36,12,33,0.39285714285714285,50,84,370,,val,167,167
43,83,18,56,13,33,0.39759036144578314,45,83,758,,580,54,4,351,18,63,6,30,8,23,0.36507936507936506,36,63,363,,val,160,160
50,83,27,63,17,36,0.43373493975903615,47,83,933,,581,55,4,466,30,68,11,43,12,28,0.4117647058823529,39,68,479,,val,126,126
55,96,26,70,19,42,0.4375,56,96,906,,582,55,0,339,18,74,4,41,14,34,0.4594594594594595,48,74,340,,val,142,142
30,62,14,41,9,24,0.3870967741935484,33,62,550,,583,52,1,197,8,31,5,14,3,10,0.3225806451612903,15,31,199,,val,99,99
46,81,12,61,16,38,0.4691358024691358,51,81,461,,584,40,1,152,12,50,4,26,7,23,0.46,35,50,158,,val,130,130
48,81,16,62,16,39,0.48148148148148145,53,81,379,,585,29,0,110,16,46,0,25,11,25,0.5434782608695652,35,46,111,,val,114,114
46,100,26,63,15,36,0.36,51,100,893,,586,51,2,441,22,61,12,33,8,21,0.3442622950819672,31,61,450,,val,135,135
22,48,9,27,9,20,0.4166666666666667,27,48,311,,587,47,2,92,7,30,0,12,6,14,0.4666666666666667,21,30,92,,val,88,88
49,94,23,63,17,39,0.4148936170212766,54,94,773,,588,50,2,255,20,66,4,23,10,25,0.3787878787878788,41,66,256,,val,126,126
31,68,12,43,13,29,0.4264705882352941,39,68,453,,589,50,1,123,6,44,1,17,8,22,0.5,32,44,129,,val,113,113
56,99,23,75,18,44,0.4444444444444444,62,99,500,,590,29,0,264,33,63,12,41,12,28,0.4444444444444444,39,63,270,,val,164,164
22,51,12,30,7,16,0.3137254901960784,25,51,466,,591,49,0,193,10,35,6,16,5,12,0.34285714285714286,19,35,199,,val,107,107
44,87,22,58,14,32,0.367816091954023,46,87,845,,592,56,1,385,19,62,11,27,9,20,0.3225806451612903,33,62,391,,val,127,127
35,77,15,49,14,34,0.44155844155844154,46,77,488,,593,49,2,132,12,42,1,20,10,22,0.5238095238095238,29,42,137,,val,113,113
30,67,15,40,9,23,0.34328358208955223,33,67,620,,594,52,1,252,12,42,7,20,5,14,0.3333333333333333,23,42,259,,val,104,104
52,105,28,86,17,42,0.4,61,105,1036,,595,52,0,511,25,79,15,39,11,25,0.31645569620253167,40,79,515,,val,162,162
28,72,11,37,11,27,0.375,41,72,440,,596,46,4,148,11,48,4,17,7,20,0.4166666666666667,32,48,164,,val,109,109
32,69,17,44,11,26,0.37681159420289856,37,69,554,,597,46,1,274,17,48,9,27,8,19,0.3958333333333333,27,48,280,,val,123,123
49,82,22,61,15,35,0.4268292682926829,48,82,772,,598,45,6,379,24,63,11,34,11,25,0.3968253968253968,37,63,382,,val,122,122
67,124,28,85,24,54,0.43548387096774194,71,124,994,,599,49,1,360,26,86,6,43,15,38,0.4418604651162791,54,86,367,,val,163,163
14,44,3,30,10,23,0.5227272727272727,30,44,142,,600,35,2,34,1,21,0,8,6,14,0.6666666666666666,18,21,36,,val,88,88
47,100,27,69,18,39,0.39,54,100,942,,601,58,5,297,14,65,4,33,10,28,0.4307692307692308,40,65,302,,val,127,127
50,94,23,68,18,40,0.425531914893617,55,94,811,,602,49,2,296,21,65,6,32,11,27,0.4153846153846154,39,65,298,,val,139,139
57,112,22,81,18,46,0.4107142857142857,64,112,1007,,603,53,1,449,24,83,8,44,12,32,0.3855421686746988,49,83,452,,val,152,152
14,32,7,19,4,10,0.3125,15,32,314,,604,50,3,120,3,17,2,5,2,3,0.17647058823529413,6,17,122,,val,89,89
46,89,20,54,15,34,0.38202247191011235,46,89,720,,605,50,0,320,20,63,7,29,8,23,0.36507936507936506,34,63,331,,val,151,151
29,77,13,41,13,27,0.35064935064935066,39,77,510,,606,56,2,136,5,50,2,18,8,22,0.44,36,50,144,,val,103,103
22,52,18,32,8,16,0.3076923076923077,21,52,691,,607,54,2,427,15,46,9,22,5,12,0.2608695652173913,19,46,437,,val,109,109
56,100,18,74,20,46,0.46,62,100,753,,608,49,1,265,18,69,3,34,14,34,0.4927536231884058,47,69,269,,val,144,144
57,103,23,74,20,44,0.42718446601941745,60,103,842,,609,49,1,392,31,85,8,40,15,34,0.4,49,85,394,,val,149,149
43,85,17,62,15,39,0.4588235294117647,52,85,669,,610,53,1,253,13,62,5,31,10,27,0.43548387096774194,38,62,255,,val,136,136
39,84,20,54,14,33,0.39285714285714285,47,84,732,,611,51,3,272,13,50,6,22,5,17,0.34,27,50,278,,val,133,133
39,103,20,69,14,36,0.34951456310679613,55,103,901,,612,57,0,424,21,65,11,36,9,22,0.3384615384615385,35,65,427,,val,150,150
31,85,12,48,13,34,0.4,49,85,485,,613,48,0,191,13,52,3,23,9,23,0.4423076923076923,33,52,193,,val,139,139
42,108,20,61,16,42,0.3888888888888889,61,108,951,,614,61,1,383,15,79,6,24,10,30,0.379746835443038,48,79,391,,val,158,158
27,93,12,55,14,38,0.40860215053763443,54,93,555,,615,51,2,230,9,60,3,27,9,26,0.43333333333333335,38,60,238,,val,152,152
44,84,13,60,15,38,0.4523809523809524,52,84,595,,616,49,4,191,15,45,2,24,9,21,0.4666666666666667,29,45,192,,val,133,133
61,123,21,86,21,52,0.42276422764227645,71,123,1022,,617,60,1,346,21,85,5,35,13,34,0.4,52,85,356,,val,168,168
20,52,4,28,11,24,0.46153846153846156,33,52,233,,618,42,1,58,3,28,0,8,7,16,0.5714285714285714,22,28,63,,val,85,85
32,76,13,45,12,28,0.3684210526315789,39,76,576,,619,57,2,197,9,52,2,18,7,22,0.4230769230769231,32,52,206,,val,116,116
18,47,13,27,8,16,0.3404255319148936,25,47,367,,620,41,2,146,10,35,4,12,4,11,0.3142857142857143,20,35,156,,val,98,98
34,71,17,50,12,28,0.39436619718309857,40,71,654,,621,51,1,279,17,49,7,28,9,21,0.42857142857142855,30,49,286,,val,135,135
46,73,20,60,16,35,0.4794520547945205,45,73,514,,622,38,8,222,20,66,6,41,11,31,0.4696969696969697,43,66,233,,val,132,132
36,68,13,48,13,32,0.47058823529411764,44,68,287,,623,27,4,149,19,55,5,35,11,29,0.5272727272727272,39,55,160,,val,134,134
72,114,27,86,22,52,0.45614035087719296,71,114,1024,,624,50,3,354,27,86,5,37,13,34,0.3953488372093023,50,86,360,,val,145,145
46,85,25,63,14,35,0.4117647058823529,47,85,870,,625,52,2,510,24,66,15,46,9,24,0.36363636363636365,38,66,523,,val,136,136
31,73,6,43,15,31,0.4246575342465753,43,73,454,,626,56,2,148,9,45,1,22,9,22,0.4888888888888889,30,45,150,,val,108,108
56,113,30,80,20,47,0.415929203539823,66,113,1003,,627,51,2,401,23,87,11,35,13,32,0.367816091954023,51,87,414,,val,154,154
45,86,26,58,14,31,0.36046511627906974,43,86,1002,,628,55,0,574,25,62,15,46,9,23,0.3709677419354839,35,62,579,,val,144,144
30,72,15,46,10,25,0.3472222222222222,38,72,567,,629,50,2,231,14,45,5,25,6,19,0.4222222222222222,27,45,238,,val,108,108
41,80,21,54,15,32,0.4,43,80,759,,630,54,0,321,21,55,5,37,11,26,0.4727272727272727,35,55,326,,val,118,118
29,70,14,43,10,26,0.37142857142857144,38,70,741,,631,68,5,290,13,50,5,19,7,18,0.36,28,50,298,,val,101,101
38,86,14,52,15,35,0.4069767441860465,49,86,525,,632,41,1,187,13,43,6,20,8,19,0.4418604651162791,27,43,188,,val,130,130
43,69,21,55,15,33,0.4782608695652174,45,69,359,,633,28,1,79,13,37,0,17,9,21,0.5675675675675675,29,37,80,,val,112,112
51,113,15,65,18,46,0.40707964601769914,65,113,728,,634,50,2,304,17,73,9,29,9,29,0.3972602739726027,44,73,310,,val,159,159
43,88,23,69,15,34,0.38636363636363635,50,88,634,,635,40,2,284,23,64,10,42,9,26,0.40625,39,64,296,,val,145,145
35,74,14,46,14,32,0.43243243243243246,44,74,468,,636,47,0,179,14,48,3,24,9,22,0.4583333333333333,30,48,182,,val,111,111
32,75,15,46,11,27,0.36,40,75,566,,637,50,2,253,17,52,5,23,6,18,0.34615384615384615,28,52,261,,val,132,132
44,99,15,61,17,41,0.41414141414141414,57,99,740,,638,55,6,316,16,74,5,35,11,33,0.44594594594594594,47,74,322,,val,147,147
56,96,27,65,19,42,0.4375,56,96,762,,639,44,2,291,23,75,7,34,13,33,0.44,47,75,294,,val,149,149
52,121,26,87,16,45,0.371900826446281,68,121,1130,,640,51,2,612,22,96,16,37,9,25,0.2604166666666667,46,96,620,,val,170,170
31,73,11,53,13,33,0.4520547945205479,45,73,508,,641,53,0,142,5,42,3,16,6,18,0.42857142857142855,28,42,147,,val,106,106
33,83,17,53,12,29,0.3493975903614458,44,83,754,,642,53,1,295,15,56,8,26,8,20,0.35714285714285715,32,56,298,,val,114,114
37,93,11,54,17,40,0.43010752688172044,55,93,517,,643,47,3,136,9,45,2,17,8,20,0.4444444444444444,32,45,138,,val,128,128
29,56,15,34,10,22,0.39285714285714285,30,56,455,,644,47,1,191,14,41,4,21,7,17,0.4146341463414634,25,41,197,,val,102,102
37,63,20,48,11,26,0.4126984126984127,35,63,823,,645,53,0,410,19,48,9,25,6,16,0.3333333333333333,22,48,413,,val,126,126
35,70,20,44,11,25,0.35714285714285715,36,70,641,,646,48,0,266,19,52,9,25,8,19,0.36538461538461536,28,52,275,,val,132,132
40,95,13,64,13,38,0.4,54,95,761,,647,54,1,271,14,52,5,23,6,18,0.34615384615384615,28,52,275,,val,143,143
46,107,22,68,17,42,0.3925233644859813,59,107,852,,648,53,1,452,26,85,10,44,13,33,0.38823529411764707,49,85,457,,val,162,162
54,106,24,77,18,44,0.41509433962264153,61,106,945,,649,49,1,426,29,79,9,37,11,29,0.3670886075949367,45,79,434,,val,155,155
36,66,18,54,15,31,0.4696969696969697,42,66,394,,650,40,0,131,13,50,1,27,11,26,0.52,37,50,132,,val,112,112
48,93,26,60,16,36,0.3870967741935484,50,93,771,,651,47,3,316,22,66,6,31,9,26,0.3939393939393939,39,66,318,,val,144,144
39,83,16,56,15,35,0.42168674698795183,49,83,645,,652,55,1,244,16,62,2,29,11,27,0.43548387096774194,38,62,250,,val,153,153
39,82,17,54,14,35,0.4268292682926829,49,82,574,,653,43,1,198,13,54,4,19,8,23,0.42592592592592593,34,54,200,,val,127,127
43,95,19,52,14,34,0.35789473684210527,47,95,1021,,654,65,5,522,19,81,12,32,10,24,0.2962962962962963,39,81,538,,val,146,146
59,131,22,76,25,52,0.3969465648854962,71,131,1116,,655,69,4,310,15,89,0,31,17,41,0.4606741573033708,57,89,322,,val,165,165
47,90,22,74,18,39,0.43333333333333335,54,90,590,,656,39,1,290,28,70,8,44,11,30,0.42857142857142855,43,70,295,,val,131,131
64,117,28,92,22,51,0.4358974358974359,70,117,749,,657,38,2,297,29,82,7,55,15,38,0.4634146341463415,53,82,312,,val,175,175
53,101,29,66,17,38,0.37623762376237624,52,101,1049,,658,56,2,425,22,61,7,38,8,24,0.39344262295081966,34,61,430,,val,138,138
26,73,16,41,10,25,0.3424657534246575,38,73,684,,659,63,3,247,9,39,4,13,4,12,0.3076923076923077,20,39,250,,val,105,105
54,98,28,72,19,43,0.4387755102040816,59,98,766,,660,44,0,293,20,68,6,35,11,29,0.4264705882352941,41,68,295,,val,141,141
36,74,18,48,11,25,0.33783783783783783,36,74,896,,661,57,5,502,19,63,12,29,7,17,0.2698412698412698,28,63,504,,val,116,116
45,80,27,56,15,33,0.4125,45,80,718,,662,44,1,273,17,56,8,26,8,22,0.39285714285714285,33,56,274,,val,122,122
43,78,27,52,14,30,0.38461538461538464,41,78,775,,663,46,2,371,25,57,10,31,9,21,0.3684210526315789,30,57,379,,val,126,126
49,93,17,72,15,40,0.43010752688172044,56,93,550,,664,38,5,250,16,71,7,39,9,30,0.4225352112676056,46,71,258,,val,139,139
47,87,28,58,16,35,0.40229885057471265,46,87,822,,665,47,2,347,28,66,7,36,11,27,0.4090909090909091,38,66,356,,val,133,133
34,53,14,45,11,27,0.5094339622641509,35,53,555,,666,52,1,147,8,40,2,18,7,19,0.475,27,40,150,,val,75,75
47,85,24,68,17,38,0.4470588235294118,52,85,905,,667,58,5,335,20,68,5,34,11,27,0.39705882352941174,39,68,341,,val,137,137
48,88,26,61,16,34,0.38636363636363635,46,88,970,,668,52,0,537,27,69,15,42,10,25,0.36231884057971014,36,69,544,,val,152,152
45,103,18,78,15,41,0.39805825242718446,61,103,950,,669,57,1,464,20,80,8,38,10,29,0.3625,46,80,467,,val,144,144
40,78,21,53,13,30,0.38461538461538464,42,78,682,,670,48,0,329,22,52,8,30,8,20,0.38461538461538464,28,52,333,,val,127,127
44,83,21,58,14,33,0.39759036144578314,46,83,728,,671,48,2,325,18,66,7,29,7,23,0.3484848484848485,36,66,330,,val,133,133
32,74,22,55,13,28,0.3783783783783784,42,74,769,,672,54,0,347,20,46,7,24,7,17,0.3695652173913043,24,46,349,,val,114,114
34,63,10,47,11,27,0.42857142857142855,37,63,393,,673,39,1,134,8,42,4,24,6,19,0.4523809523809524,28,42,140,,val,104,104
23,61,9,30,8,21,0.3442622950819672,30,61,376,,674,48,1,122,7,31,3,14,4,13,0.41935483870967744,19,31,128,,val,101,101
62,95,25,74,20,45,0.47368421052631576,61,95,508,,675,27,0,221,32,71,9,41,13,34,0.4788732394366197,49,71,226,,val,164,164
33,64,15,48,11,26,0.40625,36,64,412,,676,40,1,113,10,38,1,23,7,19,0.5,27,38,118,,val,96,96
36,91,17,58,14,37,0.4065934065934066,55,91,603,,677,46,3,174,12,53,2,21,9,23,0.4339622641509434,36,53,174,,val,114,114
23,59,10,35,10,25,0.423728813559322,35,59,336,,678,42,1,125,6,40,2,14,5,18,0.45,28,40,129,,val,100,100
53,124,29,76,21,47,0.3790322580645161,68,124,1565,,679,86,2,645,23,98,6,40,13,35,0.35714285714285715,50,98,651,,val,173,173
44,86,19,56,15,36,0.4186046511627907,49,86,640,,680,47,1,218,15,58,4,23,9,25,0.43103448275862066,36,58,223,,val,119,119
36,89,14,48,13,33,0.3707865168539326,48,89,802,,681,62,5,334,15,62,5,21,6,20,0.3225806451612903,34,62,346,,val,131,131
37,76,20,58,12,28,0.3684210526315789,41,76,896,,682,57,2,439,20,66,10,31,8,20,0.30303030303030304,34,66,448,,val,119,119
38,73,16,52,13,30,0.410958904109589,42,73,587,,683,49,2,223,18,45,4,25,7,19,0.4222222222222222,26,45,227,,val,117,117
38,86,11,55,14,35,0.4069767441860465,51,86,570,,684,50,0,176,7,40,4,13,4,14,0.35,23,40,177,,val,120,120
46,86,25,55,13,31,0.36046511627906974,42,86,983,,685,50,0,618,27,72,16,41,9,21,0.2916666666666667,34,72,624,,val,137,137
55,87,23,69,18,40,0.45977011494252873,54,87,775,,686,49,1,263,18,60,6,28,9,25,0.4166666666666667,36,60,270,,val,119,119
46,88,23,52,14,30,0.3409090909090909,43,88,868,,687,49,1,481,25,60,16,38,9,20,0.3333333333333333,31,60,485,,val,142,142
39,76,23,51,13,29,0.3815789473684211,39,76,804,,688,51,0,489,23,68,10,38,9,23,0.3382352941176471,35,68,497,,val,152,152
51,96,23,69,20,47,0.4895833333333333,64,96,380,,689,22,5,180,23,74,9,35,15,37,0.5,56,74,185,,val,149,149
53,102,31,69,19,43,0.4215686274509804,57,102,1223,,690,62,2,545,27,75,10,40,12,31,0.41333333333333333,45,75,551,,val,143,143
36,67,16,51,15,32,0.47761194029850745,43,67,339,,691,32,1,123,12,45,2,29,11,25,0.5555555555555556,33,45,129,,val,121,121
42,124,12,75,22,55,0.4435483870967742,74,124,907,,692,71,3,338,7,92,3,31,15,42,0.45652173913043476,59,92,352,,val,166,166
36,77,17,47,13,30,0.38961038961038963,43,77,592,,693,46,3,225,12,60,6,21,7,23,0.38333333333333336,37,60,233,,val,138,138
38,86,21,56,13,29,0.3372093023255814,43,86,801,,694,50,1,424,21,60,15,32,9,20,0.3333333333333333,31,60,430,,val,141,141
33,83,16,48,12,31,0.37349397590361444,46,83,555,,695,47,3,230,14,55,7,21,8,21,0.38181818181818183,32,55,238,,val,140,140
12,47,5,28,6,17,0.3617021276595745,27,47,291,,696,60,0,73,2,22,1,6,3,10,0.45454545454545453,15,22,73,,val,70,70
52,102,21,70,20,47,0.46078431372549017,63,102,708,,697,42,1,257,16,71,5,30,12,33,0.4647887323943662,46,71,259,,val,158,158
56,109,29,71,19,42,0.3853211009174312,59,109,1035,,698,56,2,522,28,88,12,47,12,32,0.36363636363636365,49,88,542,,val,160,160
42,100,21,58,15,36,0.36,52,100,732,,699,47,1,272,16,57,6,24,7,20,0.3508771929824561,31,57,276,,val,147,147
15,42,7,25,7,17,0.40476190476190477,24,42,304,,700,53,3,90,7,27,0,12,6,13,0.48148148148148145,18,27,93,,val,84,84
40,84,28,58,14,30,0.35714285714285715,42,84,962,,701,53,1,448,20,62,14,32,8,18,0.2903225806451613,30,62,452,,val,141,141
26,70,14,34,9,22,0.3142857142857143,34,70,496,,702,49,3,240,13,47,7,17,6,15,0.3191489361702128,25,47,242,,val,115,115
41,104,19,71,17,43,0.41346153846153844,61,104,759,,703,55,1,285,14,71,6,31,10,30,0.4225352112676056,44,71,290,,val,144,144
27,60,12,38,8,22,0.36666666666666664,33,60,463,,704,49,0,196,9,39,4,13,4,13,0.3333333333333333,22,39,197,,val,102,102
49,102,26,72,18,43,0.4215686274509804,60,102,793,,705,41,3,289,19,60,8,31,10,26,0.43333333333333335,38,60,290,,val,133,133
51,106,22,68,22,47,0.44339622641509435,63,106,682,,706,45,1,302,25,79,5,38,15,36,0.45569620253164556,50,79,314,,val,150,150
35,72,17,43,12,28,0.3888888888888889,38,72,536,,707,44,0,226,15,47,5,22,7,18,0.3829787234042553,27,47,231,,val,112,112
48,84,18,56,17,39,0.4642857142857143,50,84,593,,708,44,2,176,13,54,4,24,10,24,0.4444444444444444,36,54,180,,val,130,130
49,96,18,65,18,43,0.4479166666666667,57,96,788,,709,54,0,353,18,73,6,37,11,30,0.410958904109589,44,73,355,,val,153,153
34,77,12,52,15,34,0.44155844155844154,47,77,568,,710,52,2,176,7,47,2,20,8,22,0.46808510638297873,31,47,179,,val,108,108
45,103,18,59,20,42,0.4077669902912621,57,103,813,,711,63,4,262,10,71,3,27,13,32,0.4507042253521127,45,71,268,,val,138,138
61,107,26,76,22,48,0.4485981308411215,64,107,866,,712,47,2,316,20,72,7,38,11,33,0.4583333333333333,46,72,323,,val,168,168
34,75,20,46,11,24,0.32,37,75,960,,713,61,0,501,20,48,9,24,7,16,0.3333333333333333,23,48,503,,val,137,137
45,87,20,61,16,37,0.42528735632183906,51,87,704,,714,50,4,267,15,60,4,32,9,27,0.45,37,60,272,,val,132,132
39,65,24,50,12,26,0.4,36,65,827,,715,46,0,266,16,38,6,23,5,14,0.3684210526315789,21,38,269,,val,110,110
35,93,18,59,13,32,0.34408602150537637,49,93,804,,716,58,3,365,20,61,9,27,9,20,0.32786885245901637,31,61,369,,val,143,143
49,98,23,67,16,38,0.3877551020408163,53,98,861,,717,49,1,523,34,82,11,44,13,31,0.3780487804878049,46,82,528,,val,168,168
41,104,20,74,18,45,0.4326923076923077,63,104,806,,718,52,7,397,21,87,7,42,12,35,0.40229885057471265,52,87,408,,val,152,152
44,105,17,64,16,41,0.3904761904761905,57,105,770,,719,55,2,288,14,67,6,24,8,25,0.373134328358209,39,67,294,,val,157,157
32,78,11,49,11,30,0.38461538461538464,43,78,560,,720,51,4,241,10,50,6,23,6,19,0.38,29,50,246,,val,131,131
50,103,22,77,17,43,0.4174757281553398,60,103,963,,721,60,4,383,19,70,8,36,9,27,0.38571428571428573,41,70,384,,val,133,133
22,62,9,37,8,24,0.3870967741935484,34,62,460,,722,55,3,158,6,32,3,12,3,11,0.34375,19,32,161,,val,105,105
42,83,19,58,15,34,0.40963855421686746,46,83,781,,723,53,3,341,19,64,6,32,8,24,0.375,36,64,342,,val,112,112
56,91,33,66,18,37,0.4065934065934066,48,91,1109,,724,50,0,540,30,69,12,45,11,27,0.391304347826087,38,69,544,,val,140,140
50,94,19,70,19,44,0.46808510638297873,60,94,689,,725,45,3,238,18,66,4,29,12,30,0.45454545454545453,43,66,249,,val,130,130
40,76,24,56,15,31,0.40789473684210525,44,76,683,,726,49,2,287,18,53,6,29,8,21,0.39622641509433965,30,53,291,,val,144,144
44,91,26,60,14,32,0.3516483516483517,47,91,868,,727,49,2,375,22,61,10,30,9,22,0.36065573770491804,33,61,375,,val,136,136
33,83,12,48,16,37,0.4457831325301205,52,83,427,,728,42,1,133,11,44,0,20,10,22,0.5,31,44,137,,val,131,131
68,118,27,98,24,57,0.4830508474576271,76,118,730,,729,35,0,271,26,89,6,54,17,44,0.4943820224719101,62,89,276,,val,174,174
64,119,26,84,23,53,0.44537815126050423,72,119,883,,730,46,1,309,23,76,6,36,13,33,0.4342105263157895,47,76,312,,val,160,160
14,38,4,21,8,18,0.47368421052631576,24,38,175,,731,43,0,42,2,19,0,6,5,11,0.5789473684210527,15,19,43,,val,66,66
50,96,28,68,18,39,0.40625,53,96,902,,732,50,0,411,33,78,8,44,13,33,0.4230769230769231,45,78,412,,val,149,149
18,68,5,32,12,31,0.45588235294117646,43,68,271,,733,46,2,74,5,34,0,8,7,18,0.5294117647058824,26,34,82,,val,107,107
60,127,35,84,20,46,0.36220472440944884,65,127,1386,,734,58,1,709,36,87,15,54,12,31,0.3563218390804598,45,87,716,,val,169,169
50,95,20,67,18,41,0.43157894736842106,57,95,735,,735,50,4,284,21,71,6,28,11,28,0.39436619718309857,43,71,287,,val,138,138
29,75,16,44,9,25,0.3333333333333333,40,75,588,,736,47,3,286,15,44,8,19,6,13,0.29545454545454547,21,44,286,,val,120,120
37,80,16,45,12,29,0.3625,42,80,609,,737,49,2,239,11,57,6,22,7,22,0.38596491228070173,34,57,249,,val,125,125
37,74,17,48,13,31,0.4189189189189189,42,74,739,,738,61,0,294,15,51,3,25,8,22,0.43137254901960786,30,51,302,,val,119,119
18,44,11,26,6,13,0.29545454545454547,21,44,434,,739,50,1,188,9,25,6,12,4,8,0.32,11,25,189,,val,89,89
62,100,27,79,23,47,0.47,61,100,692,,740,40,2,175,18,64,2,35,13,32,0.5,46,64,182,,val,139,139
59,119,24,87,22,53,0.44537815126050423,74,119,882,,741,45,1,327,24,83,4,36,13,35,0.42168674698795183,52,83,339,,val,161,161
47,88,22,75,16,38,0.4318181818181818,55,88,597,,742,38,0,229,21,56,8,39,12,26,0.4642857142857143,36,56,232,,val,136,136
39,91,18,61,16,39,0.42857142857142855,53,91,631,,743,52,3,250,15,66,4,29,11,28,0.42424242424242425,41,66,258,,val,149,149
43,92,21,60,18,38,0.41304347826086957,52,92,595,,744,46,2,257,19,64,3,34,11,29,0.453125,40,64,267,,val,156,156
50,105,23,68,21,43,0.4095238095238095,58,105,868,,745,60,4,300,19,62,4,37,11,28,0.45161290322580644,38,62,303,,val,142,142
38,93,22,55,13,32,0.34408602150537637,48,93,702,,746,47,2,336,18,59,7,28,7,20,0.3389830508474576,33,59,337,,val,149,149
38,76,12,54,16,36,0.47368421052631576,48,76,498,,747,42,1,137,8,49,1,15,8,25,0.5102040816326531,36,49,138,,val,115,115
43,98,21,63,18,40,0.40816326530612246,55,98,880,,748,62,4,280,14,64,3,25,11,29,0.453125,40,64,289,,val,142,142
34,75,11,52,14,33,0.44,45,75,549,,749,55,5,112,4,40,1,14,7,20,0.5,29,40,112,,val,106,106
43,86,18,59,15,37,0.43023255813953487,51,86,675,,750,48,0,245,15,65,6,27,9,27,0.4153846153846154,40,65,252,,val,134,134
53,112,25,77,19,43,0.38392857142857145,60,112,1041,,751,58,1,494,29,79,10,44,11,31,0.3924050632911392,44,79,495,,val,174,174
43,86,17,55,14,36,0.4186046511627907,50,86,648,,752,45,5,288,18,65,7,26,8,24,0.36923076923076925,37,65,296,,val,140,140
37,81,16,57,14,33,0.4074074074074074,48,81,607,,753,49,1,227,14,51,3,24,8,22,0.43137254901960786,32,51,230,,val,127,127
40,97,15,60,19,41,0.422680412371134,57,97,812,,754,61,5,313,14,80,3,29,13,36,0.45,50,80,324,,val,148,148
38,81,22,48,12,25,0.30864197530864196,38,81,805,,755,50,3,451,21,65,13,30,9,20,0.3076923076923077,32,65,461,,val,126,126
56,101,18,76,18,44,0.43564356435643564,59,101,933,,756,60,1,285,13,68,7,30,9,28,0.4117647058823529,42,68,297,,val,147,147
46,98,25,63,14,34,0.3469387755102041,50,98,954,,757,56,3,477,21,77,10,32,8,22,0.2857142857142857,36,77,484,,val,152,152
22,59,8,32,8,23,0.3898305084745763,35,59,348,,758,46,5,110,6,26,2,10,4,10,0.38461538461538464,16,26,112,,val,110,110
41,93,25,62,15,33,0.3548387096774194,48,93,930,,759,58,4,466,27,77,10,35,10,27,0.35064935064935066,40,77,474,,val,138,138
41,82,22,58,15,33,0.4024390243902439,43,82,822,,760,58,3,292,14,59,4,32,9,26,0.4406779661016949,37,59,298,,val,123,123
44,103,15,58,17,40,0.3883495145631068,57,103,669,,761,49,3,288,19,71,5,30,10,28,0.39436619718309857,42,71,295,,val,151,151
32,87,16,51,14,33,0.3793103448275862,48,87,562,,762,51,0,225,10,59,3,24,8,24,0.4067796610169492,36,59,232,,val,126,126
26,62,13,44,9,22,0.3548387096774194,34,62,573,,763,57,2,226,10,43,4,19,4,14,0.32558139534883723,22,43,239,,val,109,109
33,75,15,54,13,31,0.41333333333333333,44,75,617,,764,56,2,154,9,43,0,23,8,21,0.4883720930232558,28,43,160,,val,111,111
56,105,19,76,21,51,0.4857142857142857,66,105,824,,765,56,2,268,14,78,2,34,14,34,0.4358974358974359,51,78,278,,val,136,136
30,65,16,39,9,23,0.35384615384615387,33,65,552,,766,50,2,281,16,49,7,21,6,16,0.32653061224489793,26,49,287,,val,118,118
34,82,16,48,13,31,0.3780487804878049,43,82,724,,767,63,1,258,12,50,4,21,8,19,0.38,29,50,259,,val,119,119
48,92,28,67,15,35,0.3804347826086957,49,92,1042,,768,54,2,477,22,65,13,41,9,23,0.35384615384615387,37,65,485,,val,129,129
40,88,19,62,15,37,0.42045454545454547,52,88,755,,769,57,2,211,9,47,3,18,6,18,0.3829787234042553,28,47,215,,val,112,112
39,76,17,52,13,31,0.40789473684210525,44,76,627,,770,47,1,261,14,49,6,24,6,18,0.3673469387755102,27,49,261,,val,130,130
41,87,20,57,15,34,0.39080459770114945,47,87,744,,771,54,3,369,20,68,8,36,10,27,0.39705882352941174,41,68,376,,val,139,139
37,73,14,47,15,34,0.4657534246575342,45,73,454,,772,44,5,138,11,49,1,19,9,22,0.4489795918367347,35,49,141,,val,118,118
27,61,15,39,10,24,0.39344262295081966,34,61,439,,773,44,1,159,10,33,5,16,5,13,0.3939393939393939,20,33,161,,val,105,105
33,74,13,53,14,34,0.4594594594594595,46,74,545,,774,51,1,223,11,49,5,30,9,24,0.4897959183673469,32,49,232,,val,127,127
57,100,21,73,23,49,0.49,65,100,664,,775,43,5,188,14,65,2,25,13,33,0.5076923076923077,46,65,192,,val,148,148
40,87,20,57,14,36,0.41379310344827586,51,87,616,,776,44,2,250,13,61,9,26,8,22,0.36065573770491804,36,61,256,,val,139,139
29,69,15,45,11,26,0.37681159420289856,38,69,559,,777,55,1,213,10,47,4,18,5,16,0.3404255319148936,26,47,216,,val,95,95
40,72,10,47,15,33,0.4583333333333333,43,72,470,,778,48,0,110,7,41,0,14,8,21,0.5121951219512195,30,41,112,,val,104,104
44,83,29,59,14,33,0.39759036144578314,44,83,957,,779,52,0,568,32,70,15,43,10,27,0.38571428571428573,37,70,573,,val,139,139
50,94,27,62,14,33,0.35106382978723405,46,94,1141,,780,57,2,605,26,79,12,38,9,23,0.2911392405063291,35,79,613,,val,139,139
54,91,27,68,16,37,0.4065934065934066,50,91,980,,781,50,0,489,29,64,13,42,9,25,0.390625,36,64,491,,val,145,145
40,71,20,52,16,35,0.49295774647887325,47,71,300,,782,22,1,134,19,49,7,29,11,25,0.5102040816326531,35,49,140,,val,125,125
41,81,21,60,14,31,0.38271604938271603,43,81,850,,783,59,3,283,14,48,7,27,8,19,0.3958333333333333,27,48,284,,val,128,128
25,47,9,39,9,23,0.48936170212765956,30,47,267,,784,35,2,68,7,25,2,17,6,14,0.56,18,25,72,,val,71,71
55,119,24,83,21,48,0.40336134453781514,67,119,1038,,785,55,2,324,19,83,4,36,13,34,0.40963855421686746,50,83,332,,val,160,160
41,87,18,61,14,38,0.4367816091954023,53,87,653,,786,48,2,181,9,55,5,17,7,23,0.41818181818181815,36,55,190,,val,120,120
37,99,15,58,16,39,0.3939393939393939,55,99,631,,787,56,1,210,10,61,3,29,10,29,0.47540983606557374,39,61,222,,val,140,140
39,91,18,59,14,33,0.3626373626373626,47,91,792,,788,60,2,304,17,56,6,28,9,22,0.39285714285714285,32,56,307,,val,125,125
44,90,25,64,16,35,0.3888888888888889,51,90,848,,789,49,1,415,26,76,13,37,12,26,0.34210526315789475,40,76,421,,val,147,147
56,115,26,82,24,53,0.4608695652173913,71,115,889,,790,52,4,305,17,78,3,38,14,36,0.46153846153846156,51,78,311,,val,160,160
50,112,25,72,20,44,0.39285714285714285,63,112,802,,791,49,0,275,20,72,2,36,13,33,0.4583333333333333,46,72,286,,val,170,170
19,45,3,29,9,22,0.4888888888888889,31,45,249,,792,49,5,70,3,26,1,6,4,13,0.5,19,26,73,,val,80,80
47,95,23,62,17,40,0.42105263157894735,55,95,697,,793,45,5,200,16,59,3,25,11,26,0.4406779661016949,39,59,205,,val,128,128
32,75,16,50,12,32,0.4266666666666667,45,75,519,,794,43,2,198,10,49,8,18,6,17,0.3469387755102041,29,49,200,,val,116,116
46,112,25,73,18,41,0.36607142857142855,60,112,977,,795,53,2,367,18,72,8,31,10,26,0.3611111111111111,40,72,371,,val,173,173
24,64,17,41,10,23,0.359375,36,64,471,,796,42,0,161,13,29,4,15,5,11,0.3793103448275862,15,29,162,,val,114,114
47,86,20,55,16,37,0.43023255813953487,49,86,664,,797,48,0,212,13,52,4,20,8,22,0.4230769230769231,32,52,214,,val,139,139
46,89,34,60,18,36,0.4044943820224719,48,89,833,,798,42,5,389,29,65,13,37,12,26,0.4,36,65,395,,val,140,140
33,69,14,52,11,29,0.42028985507246375,41,69,650,,799,60,5,277,13,63,6,27,7,24,0.38095238095238093,37,63,289,,val,100,100
44,89,26,57,13,30,0.33707865168539325,44,89,886,,800,50,4,418,24,61,9,30,7,20,0.32786885245901637,30,61,421,,val,131,131
38,84,21,55,13,29,0.34523809523809523,44,84,775,,801,54,1,373,21,64,8,29,8,21,0.328125,33,64,377,,val,146,146
42,75,29,60,15,31,0.41333333333333333,41,75,933,,802,51,5,454,24,55,13,34,9,21,0.38181818181818183,30,55,458,,val,122,122
48,94,20,67,16,38,0.40425531914893614,52,94,957,,803,56,1,451,20,72,9,36,8,25,0.3472222222222222,38,72,455,,val,127,127
30,73,12,47,15,32,0.4383561643835616,45,73,416,,804,42,0,118,8,45,1,17,10,22,0.4888888888888889,33,45,121,,val,110,110
26,68,12,36,10,24,0.35294117647058826,34,68,478,,805,54,1,190,8,42,4,18,5,16,0.38095238095238093,24,42,192,,val,126,126
36,76,23,51,14,30,0.39473684210526316,42,76,591,,806,43,3,245,19,53,5,23,7,20,0.37735849056603776,30,53,246,,val,122,122
27,73,11,45,9,29,0.3972602739726027,43,73,494,,807,49,4,221,10,58,5,19,6,20,0.3448275862068966,35,58,236,,val,132,132
45,86,18,60,17,39,0.45348837209302323,52,86,566,,808,43,2,154,9,47,5,14,6,19,0.40425531914893614,32,47,157,,val,117,117
51,103,20,69,17,42,0.4077669902912621,57,103,871,,809,53,0,349,15,67,8,30,8,25,0.373134328358209,40,67,353,,val,155,155
33,53,23,37,10,22,0.41509433962264153,29,53,381,,810,25,0,250,27,41,14,31,7,18,0.43902439024390244,25,41,259,,val,150,150
34,79,13,49,15,34,0.43037974683544306,48,79,472,,811,43,2,170,9,53,3,22,8,25,0.4716981132075472,35,53,182,,val,141,141
39,76,21,52,13,29,0.3815789473684211,40,76,769,,812,53,0,368,18,59,10,27,8,19,0.3220338983050847,29,59,373,,val,128,128
17,38,6,27,8,18,0.47368421052631576,24,38,174,,813,39,0,47,4,17,0,9,4,9,0.5294117647058824,13,17,49,,val,68,68
39,82,23,51,12,27,0.32926829268292684,39,82,868,,814,56,1,464,21,63,11,33,7,21,0.3333333333333333,32,63,471,,val,131,131
62,125,31,77,21,51,0.408,70,125,915,,815,42,1,433,28,82,15,42,14,33,0.4024390243902439,47,82,442,,val,174,174
34,76,19,47,11,26,0.34210526315789475,38,76,673,,816,52,4,260,15,55,6,23,7,17,0.3090909090909091,29,55,265,,val,128,128
57,106,26,72,18,44,0.41509433962264153,60,106,905,,817,46,1,483,31,84,15,44,13,33,0.39285714285714285,49,84,483,,val,166,166
32,62,5,39,15,31,0.5,40,62,306,,818,42,1,74,2,36,0,10,9,21,0.5833333333333334,29,36,78,,val,100,100
45,105,14,64,18,45,0.42857142857142855,62,105,1185,,819,82,4,503,17,80,5,33,12,31,0.3875,44,80,513,,val,135,135
43,74,22,53,12,27,0.36486486486486486,38,74,835,,820,49,1,484,24,58,13,34,8,19,0.3275862068965517,28,58,486,,val,118,118
39,88,27,57,15,30,0.3409090909090909,42,88,999,,821,54,2,557,29,71,18,37,11,23,0.323943661971831,33,71,561,,val,162,162
46,92,20,70,16,40,0.43478260869565216,55,92,818,,822,54,3,300,12,66,6,29,7,25,0.3787878787878788,39,66,306,,val,123,123
35,73,20,52,14,30,0.410958904109589,44,73,587,,823,48,1,167,10,46,2,19,7,19,0.41304347826086957,29,46,170,,val,113,113
38,96,14,57,15,37,0.3854166666666667,53,96,656,,824,53,2,223,9,65,3,23,8,26,0.4,43,65,227,,val,132,132
53,90,27,67,18,39,0.43333333333333335,52,90,852,,825,46,2,364,25,69,9,39,11,29,0.42028985507246375,41,69,371,,val,133,133
48,94,22,64,16,39,0.4148936170212766,55,94,733,,826,42,1,303,19,67,10,32,11,27,0.40298507462686567,40,67,307,,val,143,143
51,104,19,72,21,48,0.46153846153846156,65,104,675,,827,47,2,219,12,66,1,27,12,33,0.5,44,66,223,,val,157,157
32,91,15,58,16,39,0.42857142857142855,56,91,574,,828,55,3,159,12,45,0,17,9,19,0.4222222222222222,29,45,162,,val,139,139
46,106,29,68,15,35,0.330188679245283,55,106,985,,829,48,0,512,25,72,18,35,10,22,0.3055555555555556,35,72,519,,val,176,176
39,79,14,52,16,33,0.4177215189873418,46,79,559,,830,49,3,132,8,47,1,16,9,24,0.5106382978723404,34,47,138,,val,129,129
41,87,19,67,16,38,0.4367816091954023,53,87,773,,831,56,3,267,15,65,4,31,9,26,0.4,39,65,269,,val,123,123
36,75,23,50,13,28,0.37333333333333335,39,75,758,,832,51,2,381,20,56,9,31,8,20,0.35714285714285715,29,56,387,,val,128,128
45,95,29,61,17,35,0.3684210526315789,51,95,796,,833,42,0,347,23,66,8,34,10,26,0.3939393939393939,38,66,348,,val,154,154
49,112,21,73,19,46,0.4107142857142857,65,112,1034,,834,61,4,377,16,85,5,32,12,35,0.4117647058823529,52,85,397,,val,149,149
41,80,22,46,14,31,0.3875,42,80,664,,835,48,6,242,16,55,6,27,9,22,0.4,32,55,249,,val,120,120
40,66,19,52,15,35,0.5303030303030303,46,66,277,,836,24,2,65,11,34,1,15,9,21,0.6176470588235294,28,34,66,,val,119,119
20,46,11,26,8,18,0.391304347826087,26,46,318,,837,45,3,86,7,28,1,10,5,13,0.4642857142857143,20,28,89,,val,85,85
45,91,17,54,18,40,0.43956043956043955,54,91,555,,838,47,2,177,13,62,0,22,13,35,0.5645161290322581,44,62,184,,val,124,124
54,102,33,72,20,43,0.4215686274509804,59,102,849,,839,43,2,368,25,78,12,40,13,33,0.4230769230769231,48,78,373,,val,158,158
34,82,10,54,16,36,0.43902439024390244,48,82,537,,840,55,4,120,6,42,1,13,6,20,0.47619047619047616,30,42,123,,val,117,117
36,71,19,54,13,32,0.4507042253521127,46,71,338,,841,27,0,147,15,51,7,29,8,25,0.49019607843137253,36,51,151,,val,134,134
49,107,18,66,21,47,0.4392523364485981,64,107,630,,842,42,2,207,15,65,5,22,11,31,0.47692307692307695,44,65,211,,val,169,169
40,93,13,55,15,38,0.40860215053763443,52,93,787,,843,61,3,240,9,63,6,10,7,25,0.3968253968253968,39,63,246,,val,125,125
26,76,12,51,12,32,0.42105263157894735,47,76,504,,844,51,3,179,9,55,3,15,6,22,0.4,37,55,181,,val,129,129
19,48,7,31,7,21,0.4375,28,48,324,,845,55,1,96,4,30,2,11,4,14,0.4666666666666667,20,30,105,,val,75,75
30,57,14,38,9,23,0.40350877192982454,32,57,464,,846,45,0,175,9,34,4,14,4,12,0.35294117647058826,20,34,178,,val,98,98
52,88,24,64,15,36,0.4090909090909091,50,88,900,,847,50,2,498,29,70,13,41,10,25,0.35714285714285715,37,70,513,,val,153,153
38,82,19,52,13,31,0.3780487804878049,45,82,872,,848,67,2,403,16,65,6,29,8,22,0.3384615384615385,33,65,412,,val,137,137
29,71,14,38,10,23,0.323943661971831,33,71,718,,849,62,1,280,14,50,5,19,7,17,0.34,26,50,290,,val,103,103
38,75,14,54,14,33,0.44,44,75,632,,850,59,2,229,11,49,4,27,7,23,0.46938775510204084,32,49,234,,val,123,123
27,77,13,39,12,28,0.36363636363636365,41,77,591,,851,63,3,229,10,57,3,19,8,21,0.3684210526315789,34,57,238,,val,123,123
21,45,7,28,7,18,0.4,25,45,384,,852,51,1,140,8,30,3,10,4,12,0.4,19,30,144,,val,87,87
47,98,32,66,18,36,0.3673469387755102,52,98,889,,853,48,1,346,26,67,8,38,12,28,0.417910447761194,39,67,357,,val,145,145
53,102,23,76,17,42,0.4117647058823529,58,102,1004,,854,60,7,445,22,75,7,36,9,26,0.3466666666666667,39,75,447,,val,129,129
30,59,12,41,10,24,0.4067796610169492,34,59,451,,855,41,0,140,8,31,5,14,5,13,0.41935483870967744,19,31,145,,val,93,93
60,110,26,80,20,47,0.42727272727272725,63,110,667,,856,35,2,356,32,85,12,55,15,37,0.43529411764705883,52,85,361,,val,187,187
55,112,22,77,19,46,0.4107142857142857,65,112,826,,857,46,3,347,24,75,9,37,11,30,0.4,43,75,361,,val,146,146
53,92,24,64,17,41,0.44565217391304346,55,92,742,,858,43,1,304,18,60,10,32,9,24,0.4,35,60,310,,val,131,131
29,61,15,38,12,26,0.4262295081967213,35,61,413,,859,43,3,139,10,39,3,18,7,17,0.4358974358974359,25,39,142,,val,102,102
43,90,23,69,17,39,0.43333333333333335,55,90,506,,860,33,1,220,20,64,7,39,12,30,0.46875,42,64,226,,val,146,146
54,110,21,71,22,47,0.42727272727272725,65,110,731,,861,47,4,223,15,75,2,29,14,36,0.48,52,75,232,,val,150,150
40,82,25,57,16,33,0.4024390243902439,47,82,655,,862,44,5,167,13,47,3,21,9,21,0.44680851063829785,31,47,168,,val,119,119
40,71,24,51,13,26,0.36619718309859156,37,71,853,,863,49,1,450,28,56,15,34,10,21,0.375,30,56,458,,val,143,143
43,84,19,59,13,33,0.39285714285714285,48,84,747,,864,50,4,304,18,56,7,26,7,18,0.32142857142857145,28,56,311,,val,124,124
52,104,24,72,19,44,0.4230769230769231,61,104,780,,865,47,2,298,19,66,9,27,10,26,0.3939393939393939,40,66,300,,val,141,141
37,89,20,55,12,31,0.34831460674157305,45,89,799,,866,56,2,404,18,67,9,30,7,21,0.31343283582089554,36,67,408,,val,152,152
47,94,24,63,15,36,0.3829787234042553,50,94,947,,867,56,3,441,20,77,10,35,9,25,0.3246753246753247,41,77,449,,val,133,133
31,66,12,47,13,31,0.4696969696969697,41,66,487,,868,55,3,124,7,45,1,16,8,22,0.4888888888888889,33,45,127,,val,109,109
58,101,33,72,21,44,0.43564356435643564,60,101,833,,869,41,3,289,20,72,5,37,14,34,0.4722222222222222,46,72,290,,val,158,158
34,93,19,56,14,33,0.3548387096774194,50,93,708,,870,59,2,252,15,56,2,26,7,23,0.4107142857142857,34,56,259,,val,135,135
52,95,29,62,14,35,0.3684210526315789,49,95,1009,,871,50,3,595,34,71,13,45,10,27,0.38028169014084506,40,71,601,,val,155,155
35,72,14,49,15,32,0.4444444444444444,43,72,548,,872,53,1,186,11,47,2,24,9,23,0.48936170212765956,31,47,190,,val,106,106
42,92,26,59,15,32,0.34782608695652173,44,92,988,,873,53,3,586,31,73,12,43,11,27,0.3698630136986301,38,73,591,,val,145,145
45,71,30,55,14,28,0.39436619718309857,38,71,1072,,874,55,0,685,32,59,20,43,11,24,0.4067796610169492,32,59,687,,val,135,135
45,87,17,65,15,37,0.42528735632183906,50,87,844,,875,59,5,319,15,68,5,31,8,27,0.39705882352941174,40,68,324,,val,124,124
28,76,10,44,13,33,0.4342105263157895,45,76,412,,876,45,3,116,8,44,0,14,9,23,0.5227272727272727,32,44,122,,val,114,114
60,118,31,84,22,49,0.4152542372881356,69,118,968,,877,48,3,302,20,73,9,30,11,30,0.410958904109589,45,73,304,,val,158,158
41,109,20,68,14,38,0.3486238532110092,57,109,893,,878,53,3,490,20,69,11,38,9,24,0.34782608695652173,36,69,495,,val,150,150
34,73,10,54,16,34,0.4657534246575342,46,73,534,,879,57,3,109,5,42,0,12,8,22,0.5238095238095238,31,42,112,,val,104,104
30,65,9,47,11,28,0.4307692307692308,39,65,538,,880,59,0,197,11,47,3,20,7,18,0.3829787234042553,27,47,202,,val,99,99
48,95,22,64,14,35,0.3684210526315789,50,95,952,,881,53,1,409,22,60,11,31,8,21,0.35,31,60,410,,val,139,139
38,83,14,55,16,37,0.4457831325301205,50,83,597,,882,54,3,161,7,55,2,19,9,26,0.4727272727272727,39,55,167,,val,120,120
33,68,12,45,12,31,0.45588235294117646,41,68,414,,883,44,1,145,7,41,2,17,6,19,0.4634146341463415,27,41,146,,val,107,107
38,97,20,58,14,33,0.3402061855670103,49,97,843,,884,55,3,388,16,69,10,27,8,23,0.3333333333333333,39,69,392,,val,145,145
53,98,18,68,23,50,0.5102040816326531,66,98,352,,885,23,1,116,14,62,3,25,15,39,0.6290322580645161,51,62,117,,val,163,163
41,75,20,55,13,30,0.4,40,75,896,,886,57,1,447,19,60,11,35,7,18,0.3,31,60,456,,val,130,130
56,104,27,72,22,45,0.4326923076923077,60,104,853,,887,49,5,305,19,68,4,36,10,30,0.4411764705882353,43,68,306,,val,152,152
49,99,29,67,16,35,0.35353535353535354,50,99,979,,888,50,2,500,27,69,17,36,11,23,0.3333333333333333,34,69,505,,val,139,139
40,83,17,60,15,37,0.4457831325301205,51,83,612,,889,45,3,209,11,57,3,27,8,25,0.43859649122807015,36,57,211,,val,127,127
42,93,26,64,16,36,0.3870967741935484,50,93,907,,890,53,1,476,27,68,13,37,11,25,0.36764705882352944,37,68,477,,val,147,147
35,82,16,64,12,31,0.3780487804878049,48,82,515,,891,40,2,205,17,43,8,24,8,16,0.37209302325581395,24,43,206,,val,135,135
44,92,19,64,16,37,0.40217391304347827,52,92,827,,892,59,2,242,11,53,6,25,7,22,0.41509433962264153,33,53,245,,val,133,133
45,107,25,68,19,43,0.40186915887850466,62,107,983,,893,65,4,397,22,81,4,30,13,31,0.38271604938271603,48,81,406,,val,146,146
70,138,23,92,25,61,0.4420289855072464,82,138,1340,,894,67,0,590,29,112,11,40,15,44,0.39285714285714285,66,112,607,,val,196,196
34,102,22,49,12,30,0.29411764705882354,48,102,949,,895,61,1,492,17,76,10,22,6,18,0.23684210526315788,34,76,503,,val,156,156
38,77,20,44,14,31,0.4025974025974026,40,77,722,,896,61,3,259,13,51,3,26,9,23,0.45098039215686275,31,51,265,,val,130,130
39,98,20,63,16,39,0.3979591836734694,55,98,763,,897,57,0,286,16,63,4,30,10,25,0.3968253968253968,38,63,296,,val,136,136
16,46,7,24,7,18,0.391304347826087,27,46,236,,898,48,2,53,5,24,0,7,5,13,0.5416666666666666,19,24,59,,val,80,80
23,64,10,35,9,24,0.375,35,64,422,,899,52,0,124,7,29,3,12,4,11,0.3793103448275862,17,29,125,,val,82,82
40,84,25,53,12,28,0.3333333333333333,41,84,876,,900,48,0,466,23,64,14,31,8,19,0.296875,31,64,473,,val,134,134
31,61,22,39,10,22,0.36065573770491804,30,61,449,,901,31,1,235,18,37,9,27,6,14,0.3783783783783784,21,37,240,,val,137,137
29,65,17,42,12,24,0.36923076923076925,33,65,584,,902,58,1,145,8,36,2,16,6,16,0.4444444444444444,24,36,146,,val,112,112
34,77,14,52,13,31,0.4025974025974026,43,77,653,,903,60,1,246,14,44,3,28,7,19,0.4318181818181818,27,44,250,,val,118,118
34,68,22,46,13,27,0.39705882352941174,38,68,563,,904,44,2,267,17,54,7,30,8,22,0.4074074074074074,31,54,277,,val,155,155
51,102,24,70,20,44,0.43137254901960786,59,102,989,,905,61,2,370,22,76,4,32,14,32,0.42105263157894735,47,76,378,,val,135,135
48,69,27,69,16,32,0.463768115942029,44,69,292,,906,19,1,106,25,40,7,40,9,22,0.55,30,40,107,,val,135,135
36,76,19,53,14,31,0.40789473684210525,44,76,554,,907,41,1,174,12,55,2,26,11,26,0.4727272727272727,37,55,180,,val,110,110
47,78,28,64,15,34,0.4358974358974359,44,78,678,,908,39,2,297,27,57,8,43,9,25,0.43859649122807015,35,57,302,,val,142,142
50,112,17,72,20,47,0.41964285714285715,65,112,802,,909,59,6,313,19,86,2,38,15,37,0.43023255813953487,53,86,332,,val,152,152
23,70,8,42,10,28,0.4,40,70,455,,910,53,1,162,6,44,2,19,6,21,0.4772727272727273,29,44,168,,val,127,127
35,77,14,42,14,33,0.42857142857142855,46,77,436,,911,42,4,206,17,61,3,26,12,28,0.45901639344262296,40,61,216,,val,148,148
33,68,17,43,12,28,0.4117647058823529,39,68,507,,912,41,0,202,12,42,7,22,7,18,0.42857142857142855,26,42,208,,val,118,118
41,95,19,60,14,34,0.35789473684210527,50,95,782,,913,53,0,336,20,67,7,33,10,24,0.3582089552238806,36,67,346,,val,140,140
63,107,41,81,21,45,0.4205607476635514,62,107,1082,,914,42,0,553,38,86,21,52,15,35,0.4069767441860465,48,86,556,,val,149,149
48,89,27,60,16,36,0.4044943820224719,48,89,869,,915,52,1,351,20,63,7,38,10,27,0.42857142857142855,37,63,355,,val,125,125
51,104,31,66,18,38,0.36538461538461536,53,104,1177,,916,61,4,627,28,90,15,40,13,31,0.34444444444444444,48,90,638,,val,151,151
65,121,39,91,24,51,0.4214876033057851,70,121,1216,,917,56,2,420,26,97,7,48,16,42,0.4329896907216495,60,97,434,,val,178,178
31,70,19,42,10,23,0.32857142857142857,35,70,672,,918,49,5,285,14,35,7,18,5,11,0.3142857142857143,16,35,286,,val,121,121
50,112,23,63,18,43,0.38392857142857145,59,112,853,,919,52,5,375,23,85,6,42,14,36,0.4235294117647059,52,85,385,,val,174,174
48,116,23,83,19,47,0.4051724137931034,68,116,958,,920,56,3,378,16,82,8,35,10,32,0.3902439024390244,49,82,384,,val,150,150
43,104,17,60,18,42,0.40384615384615385,59,104,605,,921,46,2,226,16,62,3,27,10,27,0.43548387096774194,39,62,232,,val,157,157
60,120,34,83,22,46,0.38333333333333336,64,120,1239,,922,60,4,568,33,85,11,50,14,34,0.4,48,85,576,,val,162,162
42,101,15,64,17,42,0.4158415841584158,59,101,836,,923,65,6,435,21,80,5,37,12,34,0.425,48,80,448,,val,134,134
61,115,30,80,20,46,0.4,65,115,1026,,924,49,3,505,31,83,14,43,12,30,0.3614457831325301,44,83,524,,val,154,154
44,88,28,53,15,33,0.375,46,88,743,,925,42,1,386,24,72,10,39,10,27,0.375,39,72,393,,val,142,142
57,112,34,78,21,46,0.4107142857142857,63,112,1371,,926,66,3,674,34,88,12,46,14,32,0.36363636363636365,44,88,680,,val,143,143
48,86,26,63,16,36,0.4186046511627907,48,86,1001,,927,58,1,504,27,69,9,44,10,26,0.37681159420289856,39,69,518,,val,149,149
37,89,21,57,14,31,0.34831460674157305,47,89,809,,928,57,0,360,20,55,8,26,9,19,0.34545454545454546,27,55,368,,val,133,133
34,83,16,53,14,33,0.39759036144578314,46,83,587,,929,53,2,162,8,56,1,18,10,26,0.4642857142857143,40,56,168,,val,120,120
47,96,25,64,18,41,0.4270833333333333,57,96,705,,930,42,4,368,28,84,9,40,13,33,0.39285714285714285,48,84,372,,val,163,163
52,109,28,76,20,44,0.4036697247706422,61,109,956,,931,52,4,479,25,89,10,50,14,37,0.4157303370786517,52,89,486,,val,151,151
42,85,24,57,15,33,0.38823529411764707,47,85,692,,932,41,1,301,19,58,12,28,10,22,0.3793103448275862,34,58,304,,val,136,136
46,91,25,63,14,33,0.3626373626373626,46,91,1084,,933,57,0,634,26,73,16,44,9,22,0.3013698630136986,36,73,636,,val,141,141
39,87,25,64,15,33,0.3793103448275862,48,87,871,,934,57,1,416,22,64,10,43,11,27,0.421875,38,64,427,,val,125,125
47,86,27,58,15,33,0.38372093023255816,45,86,843,,935,45,1,472,32,64,14,41,11,26,0.40625,36,64,475,,val,147,147
67,109,30,87,22,51,0.46788990825688076,69,109,957,,936,47,4,424,26,89,10,40,13,34,0.38202247191011235,52,89,434,,val,155,155
43,78,24,53,13,29,0.3717948717948718,40,78,863,,937,50,0,495,31,60,12,36,9,23,0.38333333333333336,31,60,497,,val,168,168
43,80,28,57,14,30,0.375,41,80,1003,,938,53,0,534,25,58,12,36,9,21,0.3620689655172414,30,58,539,,val,140,140
51,100,24,69,16,40,0.4,55,100,1007,,939,54,1,469,24,78,10,41,11,29,0.3717948717948718,44,78,474,,val,143,143
43,89,24,58,14,32,0.3595505617977528,46,89,850,,940,50,1,420,27,61,12,33,10,23,0.3770491803278688,32,61,424,,val,151,151
60,107,26,84,20,49,0.45794392523364486,67,107,888,,941,48,0,437,31,92,12,45,14,37,0.40217391304347827,55,92,447,,val,159,159
54,94,32,65,19,40,0.425531914893617,53,94,855,,942,44,1,378,28,75,12,40,12,31,0.41333333333333333,45,75,382,,val,144,144
46,106,27,71,16,40,0.37735849056603776,57,106,941,,943,52,3,401,18,73,10,39,10,29,0.3972602739726027,42,73,410,,val,162,162
52,98,29,68,15,36,0.3673469387755102,52,98,1011,,944,48,2,532,30,73,16,37,10,24,0.3287671232876712,36,73,540,,val,142,142
53,91,27,63,16,36,0.3956043956043956,51,91,888,,945,49,0,482,28,69,13,39,11,26,0.37681159420289856,37,69,485,,val,152,152
49,96,34,66,16,33,0.34375,45,96,1278,,946,53,2,735,32,80,20,46,11,25,0.3125,35,80,742,,val,158,158
33,64,19,48,12,27,0.421875,37,64,439,,947,32,2,217,15,49,10,28,7,18,0.3673469387755102,28,49,222,,val,121,121
43,79,23,59,14,33,0.4177215189873418,45,79,786,,948,49,2,402,29,69,11,36,10,26,0.37681159420289856,38,69,410,,val,118,118
52,94,33,71,17,37,0.39361702127659576,51,94,732,,949,39,2,379,35,70,13,47,11,29,0.4142857142857143,40,70,384,,val,149,149
49,96,26,66,16,38,0.3958333333333333,53,96,921,,950,52,6,469,25,65,11,39,9,24,0.36923076923076925,35,65,478,,val,146,146
53,94,30,69,17,36,0.3829787234042553,52,94,1110,,951,51,1,540,28,77,17,43,11,26,0.33766233766233766,40,77,556,,val,137,137
48,95,24,62,15,35,0.3684210526315789,50,95,871,,952,47,2,413,22,74,11,30,8,23,0.3108108108108108,39,74,417,,val,150,150
60,87,32,74,18,41,0.47126436781609193,55,87,1106,,953,56,4,453,22,71,12,43,11,27,0.38028169014084506,41,71,455,,val,110,110
46,98,19,71,17,42,0.42857142857142855,58,98,825,,954,51,2,363,22,66,7,33,10,26,0.3939393939393939,39,66,369,,val,137,137
37,80,23,57,11,25,0.3125,39,80,898,,955,50,1,497,22,57,13,30,7,17,0.2982456140350877,26,57,500,,val,142,142
30,58,18,37,10,20,0.3448275862068966,28,58,649,,956,49,4,367,17,47,11,23,7,14,0.2978723404255319,21,47,372,,val,93,93
53,95,27,67,17,37,0.3894736842105263,52,95,944,,957,49,0,489,30,70,14,36,11,24,0.34285714285714286,35,70,498,,val,154,154
62,105,25,71,18,42,0.4,58,105,971,,958,49,0,461,26,81,11,39,10,29,0.35802469135802467,45,81,466,,val,156,156
52,86,28,61,15,33,0.38372093023255816,46,86,1027,,959,49,2,602,24,72,20,39,11,21,0.2916666666666667,34,72,605,,val,149,149
41,88,23,58,15,33,0.375,47,88,742,,960,49,3,344,27,67,8,34,11,26,0.3880597014925373,37,67,350,,val,132,132
51,94,17,77,20,46,0.48936170212765956,61,94,528,,961,33,4,176,14,59,4,34,10,29,0.4915254237288136,42,59,177,,val,132,132
58,111,26,76,18,44,0.3963963963963964,61,111,967,,962,50,2,463,33,81,12,43,12,31,0.38271604938271603,44,81,473,,val,147,147
59,102,34,77,19,41,0.4019607843137255,56,102,1107,,963,48,0,597,33,83,18,44,12,28,0.3373493975903614,41,83,602,,val,165,165
43,81,28,54,14,32,0.3950617283950617,42,81,793,,964,43,1,377,25,60,14,32,10,23,0.38333333333333336,33,60,378,,val,124,124
51,106,22,79,18,45,0.42452830188679247,63,106,910,,965,54,4,415,23,83,8,38,10,30,0.3614457831325301,46,83,419,,val,140,140
38,93,25,61,16,34,0.3655913978494624,49,93,816,,966,56,1,330,16,67,8,35,10,27,0.40298507462686567,39,67,338,,val,150,150
57,118,29,79,20,46,0.3898305084745763,65,118,1020,,967,45,1,458,25,86,9,42,12,31,0.36046511627906974,48,86,464,,val,175,175
40,74,19,54,15,33,0.44594594594594594,44,74,605,,968,52,2,249,14,58,4,28,9,24,0.41379310344827586,35,58,261,,val,108,108
49,85,22,69,16,38,0.4470588235294118,51,85,570,,969,38,1,212,20,56,5,33,10,25,0.44642857142857145,35,56,216,,val,135,135
60,113,30,76,19,46,0.40707964601769914,64,113,978,,970,48,3,436,28,92,10,42,12,35,0.3804347826086957,53,92,443,,val,174,174
30,72,15,45,12,28,0.3888888888888889,40,72,547,,971,53,1,178,7,47,3,22,7,21,0.44680851063829785,30,47,180,,val,107,107
59,116,32,85,23,51,0.4396551724137931,69,116,1001,,972,52,6,410,27,83,10,46,15,37,0.4457831325301205,50,83,418,,val,159,159
49,93,32,62,16,36,0.3870967741935484,48,93,980,,973,49,0,470,28,66,12,41,9,25,0.3787878787878788,36,66,476,,val,144,144
54,99,38,70,18,37,0.37373737373737376,51,99,1143,,974,48,4,569,33,74,16,42,10,26,0.35135135135135137,37,74,572,,val,136,136
42,82,15,52,14,35,0.4268292682926829,47,82,590,,975,47,0,222,14,52,5,20,6,21,0.40384615384615385,32,52,224,,val,123,123
58,100,28,77,19,45,0.45,61,100,839,,976,44,2,437,32,84,14,43,15,34,0.40476190476190477,52,84,449,,val,141,141
50,99,23,71,18,42,0.42424242424242425,58,99,899,,977,56,4,347,20,73,6,38,12,32,0.4383561643835616,46,73,353,,val,139,139
70,114,27,82,23,54,0.47368421052631576,68,114,900,,978,46,4,362,21,88,6,40,13,38,0.4318181818181818,56,88,368,,val,164,164
55,125,35,76,22,46,0.368,65,125,1313,,979,61,1,653,32,93,12,45,14,34,0.3655913978494624,49,93,657,,val,182,182
53,117,27,76,18,42,0.358974358974359,63,117,946,,980,50,3,422,28,71,13,37,13,28,0.39436619718309857,42,71,427,,val,172,172
50,74,31,57,15,34,0.4594594594594595,44,74,852,,981,48,1,321,23,59,7,33,10,25,0.423728813559322,35,59,323,,val,119,119
52,110,20,79,19,49,0.44545454545454544,67,110,867,,982,55,2,334,17,84,4,37,13,35,0.4166666666666667,51,84,336,,val,161,161
43,94,25,64,14,33,0.35106382978723405,47,94,1054,,983,56,5,566,25,70,12,36,9,23,0.32857142857142857,34,70,572,,val,149,149
33,63,22,40,11,21,0.3333333333333333,28,63,862,,984,49,1,535,22,42,15,27,8,14,0.3333333333333333,19,42,536,,val,119,119
47,94,32,67,15,33,0.35106382978723405,47,94,1107,,985,52,1,652,29,69,18,40,10,24,0.34782608695652173,34,69,659,,val,147,147
25,37,22,29,9,17,0.4594594594594595,20,37,844,,986,50,0,597,22,36,17,24,7,13,0.3611111111111111,17,36,600,,val,77,77
56,115,23,83,20,51,0.4434782608695652,69,115,947,,987,51,2,320,12,75,9,35,10,34,0.4533333333333333,49,75,329,,val,158,158
43,85,28,59,16,32,0.3764705882352941,44,85,915,,988,52,0,394,24,63,11,35,10,24,0.38095238095238093,35,63,402,,val,134,134
46,84,22,65,14,35,0.4166666666666667,48,84,895,,989,51,1,478,23,67,10,41,8,25,0.373134328358209,37,67,479,,val,123,123
46,120,23,73,16,41,0.3416666666666667,62,120,1021,,990,55,0,477,25,69,12,36,10,23,0.3333333333333333,35,69,481,,val,159,159
42,94,26,61,13,31,0.32978723404255317,43,94,1064,,991,53,2,622,27,73,12,36,8,21,0.2876712328767123,32,73,629,,val,145,145
48,91,38,56,15,31,0.34065934065934067,41,91,1605,,992,64,0,996,35,75,21,45,11,24,0.32,35,75,1011,,val,146,146
36,71,28,47,12,24,0.3380281690140845,32,71,1021,,993,52,0,598,21,50,15,31,8,15,0.3,22,50,602,,val,111,111
37,67,21,45,11,23,0.34328358208955223,34,67,774,,994,50,1,446,21,55,14,32,8,18,0.32727272727272727,27,55,454,,val,104,104
25,58,20,36,8,18,0.3103448275862069,27,58,694,,995,55,4,393,12,45,7,23,5,11,0.24444444444444444,20,45,398,,val,118,118
42,88,26,56,15,31,0.3522727272727273,44,88,820,,996,50,0,408,27,69,9,34,10,25,0.36231884057971014,36,69,415,,val,136,136
52,90,26,60,15,33,0.36666666666666664,47,90,901,,997,46,1,434,26,69,13,39,10,25,0.36231884057971014,38,69,440,,val,153,153
41,95,22,57,15,35,0.3684210526315789,51,95,703,,998,48,1,318,23,63,7,35,11,28,0.4444444444444444,38,63,324,,val,157,157
34,74,18,47,14,32,0.43243243243243246,45,74,488,,999,44,5,133,7,44,2,14,7,21,0.4772727272727273,31,44,137,,val,109,109
