model,logical_id,physical_id,branch,predicate_classes,classes_activation_ge_1pct,classes_selection_ge_1pct,classes_selection_ge_5pct,mean_class_activation_frequency,std_class_activation_frequency,mean_class_selection_frequency,std_class_selection_frequency,selection_class_entropy,selection_class_hhi,representative_samples
swin,0,0,+,49,24,13,4,0.04215759211050641,0.0757694993233907,0.015104487703000049,0.03132142446003202,0.698902565962279,0.10816378149058174,class=817:n04285008.pkl:1;n04285008.pkl:2;n04285008.pkl:22|class=789:n04201297.pkl:11;n04201297.pkl:20;n04201297.pkl:26|class=381:n02493793.pkl:7;n02493793.pkl:23;n02493793.pkl:25
swin,1,1,+,83,51,26,9,0.06372615070381635,0.11356269209221931,0.02532042026889385,0.057781837157330394,0.7059909644709806,0.07479083155041766,class=825:n04326547.pkl:0;n04326547.pkl:1;n04326547.pkl:3|class=766:n04111531.pkl:1;n04111531.pkl:2;n04111531.pkl:3|class=907:n04591713.pkl:3;n04591713.pkl:6;n04591713.pkl:15
swin,2,2,+,86,59,34,12,0.10010218418045191,0.1664136938875673,0.04054465498791906,0.10567665334072046,0.6749347898491849,0.09062160271019137,class=66:n01753488.pkl:4;n01753488.pkl:6;n01753488.pkl:7|class=3:n01491361.pkl:4;n01491361.pkl:11;n01491361.pkl:13|class=734:n03977966.pkl:1;n03977966.pkl:2;n03977966.pkl:12
swin,3,3,+,67,42,24,16,0.09963336933759302,0.1557751246313873,0.038802944468632396,0.0772119016550488,0.7180282908627003,0.07402222284992967,class=964:n07875152.pkl:1;n07875152.pkl:7;n07875152.pkl:8|class=465:n02916936.pkl:4;n02916936.pkl:5;n02916936.pkl:10|class=96:n01843383.pkl:1;n01843383.pkl:9;n01843383.pkl:11
swin,4,4,+,86,47,28,11,0.07415222361489222,0.14625813542152818,0.036261295545270265,0.0986977040548875,0.6495592868519672,0.09777269681314962,class=82:n01797886.pkl:3;n01797886.pkl:4;n01797886.pkl:10|class=30:n01641577.pkl:2;n01641577.pkl:4;n01641577.pkl:8|class=782:n04152593.pkl:22;n04152593.pkl:23;n04152593.pkl:24
swin,5,5,+,80,65,41,23,0.18059473821153002,0.25409978502246866,0.09406108251349987,0.1773093464663853,0.7260577961871686,0.05691741971292155,class=80:n01795545.pkl:2;n01795545.pkl:4;n01795545.pkl:5|class=97:n01847000.pkl:0;n01847000.pkl:2;n01847000.pkl:3|class=7:n01514668.pkl:1;n01514668.pkl:2;n01514668.pkl:5
swin,6,6,+,62,42,26,10,0.08436263597807164,0.13305522903954908,0.03059888984276304,0.07032651744891162,0.7039852327746502,0.1013281688800039,class=259:n02112018.pkl:0;n02112018.pkl:1;n02112018.pkl:5|class=859:n04442312.pkl:3;n04442312.pkl:6;n04442312.pkl:9|class=825:n04326547.pkl:0;n04326547.pkl:10;n04326547.pkl:12
swin,7,7,+,195,120,89,29,0.06020721498630708,0.09620713907181387,0.02860867068799988,0.06053193879655557,0.8024407086452305,0.028086477289173465,class=578:n03450230.pkl:1;n03450230.pkl:5;n03450230.pkl:7|class=204:n02098413.pkl:5;n02098413.pkl:17;n02098413.pkl:18|class=834:n04350905.pkl:1;n04350905.pkl:10;n04350905.pkl:11
swin,8,8,+,68,40,23,8,0.06915861274172203,0.12098071159301071,0.025469980556035134,0.06973424713355654,0.6701666590952996,0.12494255433084642,class=405:n02692877.pkl:2;n02692877.pkl:5;n02692877.pkl:7|class=603:n03538406.pkl:0;n03538406.pkl:3;n03538406.pkl:4|class=28:n01632458.pkl:8;n01632458.pkl:21;n01632458.pkl:30
swin,9,9,+,73,49,27,10,0.08813671759388131,0.15990417103191343,0.03886547927334656,0.10576920301989985,0.6382676250792265,0.1151522502844572,class=28:n01632458.pkl:2;n01632458.pkl:3;n01632458.pkl:5|class=123:n01984695.pkl:0;n01984695.pkl:2;n01984695.pkl:6|class=152:n02085782.pkl:1;n02085782.pkl:3;n02085782.pkl:4
swin,10,10,+,68,29,21,12,0.09333440725097489,0.16685354147312034,0.03631626954381782,0.07668394282402165,0.6797666256074119,0.08027472153261832,class=942:n07717556.pkl:2;n07717556.pkl:6;n07717556.pkl:14|class=740:n03995372.pkl:0;n03995372.pkl:5;n03995372.pkl:14|class=967:n07920052.pkl:0;n07920052.pkl:1;n07920052.pkl:5
swin,11,11,+,60,36,24,9,0.06469315142812221,0.09679737815171176,0.021587551119402505,0.04302284882752008,0.7359881771784893,0.08286397345105356,class=371:n02486261.pkl:10;n02486261.pkl:12;n02486261.pkl:16|class=717:n03930630.pkl:49;n03930630.pkl:59;n03930630.pkl:63|class=333:n02342885.pkl:29;n02342885.pkl:33;n02342885.pkl:39
swin,12,12,+,89,53,33,14,0.08449819978738944,0.15153608291783668,0.03582444800559312,0.08848723809467307,0.6923692865693539,0.07978671259261062,class=320:n02268853.pkl:0;n02268853.pkl:1;n02268853.pkl:4|class=80:n01795545.pkl:6;n01795545.pkl:8;n01795545.pkl:14|class=176:n02091831.pkl:0;n02091831.pkl:14;n02091831.pkl:16
swin,13,13,+,90,54,37,11,0.07896734547480189,0.13586227964784872,0.0319976056328688,0.07708148228037191,0.6947887308830605,0.07559075685578907,class=301:n02165456.pkl:0;n02165456.pkl:2;n02165456.pkl:4|class=206:n02099429.pkl:0;n02099429.pkl:6;n02099429.pkl:12|class=58:n01737021.pkl:0;n01737021.pkl:9;n01737021.pkl:12
swin,14,14,+,77,57,41,20,0.13339027832587888,0.17995345225264897,0.056577560464393224,0.1272590577334051,0.7158012919835793,0.07869198679141495,class=61:n01742172.pkl:0;n01742172.pkl:1;n01742172.pkl:2|class=712:n03920288.pkl:2;n03920288.pkl:4;n03920288.pkl:6|class=995:n13044778.pkl:0;n13044778.pkl:5;n13044778.pkl:6
swin,15,15,+,103,76,55,29,0.14189759244145655,0.1786546958981438,0.06154484187605355,0.10361831239251301,0.7859164512361803,0.03722899480721236,class=703:n03891251.pkl:2;n03891251.pkl:4;n03891251.pkl:9|class=702:n03888605.pkl:0;n03888605.pkl:1;n03888605.pkl:2|class=801:n04251144.pkl:0;n04251144.pkl:2;n04251144.pkl:5
swin,16,16,+,90,54,36,17,0.10724578009572094,0.19905819488953078,0.059438108184689725,0.15316007508171273,0.6474274186077529,0.08488771767439418,class=131:n02009229.pkl:0;n02009229.pkl:2;n02009229.pkl:4|class=190:n02095889.pkl:0;n02095889.pkl:1;n02095889.pkl:2|class=575:n03445924.pkl:0;n03445924.pkl:3;n03445924.pkl:5
swin,17,17,+,116,89,67,39,0.17981717176546622,0.23846690332994674,0.08929753633796557,0.18410071805035555,0.7408914749751189,0.04526225522003539,class=137:n02018207.pkl:0;n02018207.pkl:1;n02018207.pkl:2|class=147:n02066245.pkl:1;n02066245.pkl:2;n02066245.pkl:3|class=958:n07802026.pkl:0;n07802026.pkl:2;n07802026.pkl:3
swin,18,18,+,76,44,30,21,0.11751772961506188,0.18842906119538366,0.058156432532135795,0.13569285023544722,0.6802382651152002,0.08478952275879559,class=318:n02264363.pkl:1;n02264363.pkl:2;n02264363.pkl:3|class=919:n06794110.pkl:0;n06794110.pkl:1;n06794110.pkl:2|class=162:n02088364.pkl:1;n02088364.pkl:3;n02088364.pkl:5
swin,19,19,+,85,59,43,24,0.1562196414015664,0.22066597786654388,0.0773361460915515,0.1535955808711807,0.7284635356264032,0.058170634079038774,class=393:n02607072.pkl:0;n02607072.pkl:1;n02607072.pkl:3|class=989:n12620546.pkl:0;n12620546.pkl:1;n12620546.pkl:2|class=983:n10565667.pkl:1;n10565667.pkl:2;n10565667.pkl:5
swin,20,20,+,101,57,41,17,0.09315801219879964,0.16145598781402962,0.03807054612791175,0.08721733182713418,0.7132857062245527,0.06186540066830664,class=144:n02051845.pkl:0;n02051845.pkl:2;n02051845.pkl:3|class=333:n02342885.pkl:0;n02342885.pkl:4;n02342885.pkl:5|class=228:n02105505.pkl:2;n02105505.pkl:16;n02105505.pkl:25
swin,21,21,+,72,41,25,9,0.07010087738692788,0.13416889330768253,0.02903832762100289,0.07229673591895662,0.6645720545329508,0.09998066786322897,class=266:n02113712.pkl:2;n02113712.pkl:4;n02113712.pkl:5|class=870:n04482393.pkl:1;n04482393.pkl:3;n04482393.pkl:4|class=65:n01751748.pkl:1;n01751748.pkl:3;n01751748.pkl:9
swin,22,22,+,76,57,33,15,0.09512151567071396,0.15167936895862666,0.03932994107601092,0.09579839552285463,0.6958217310601899,0.09122288087935974,class=169:n02090622.pkl:0;n02090622.pkl:1;n02090622.pkl:3|class=136:n02017213.pkl:0;n02017213.pkl:4;n02017213.pkl:5|class=537:n03218198.pkl:8;n03218198.pkl:9;n03218198.pkl:14
swin,24,24,+,95,49,27,10,0.04818903564232077,0.08920061204536218,0.020893264910293995,0.05081368736157795,0.7086790799725725,0.07278862092005102,class=717:n03930630.pkl:1;n03930630.pkl:3;n03930630.pkl:8|class=648:n03742115.pkl:6;n03742115.pkl:12;n03742115.pkl:19|class=585:n03476991.pkl:7;n03476991.pkl:9;n03476991.pkl:16
swin,25,25,+,149,107,79,45,0.18657600622923498,0.26125777179272847,0.10418752670224901,0.20554192939531415,0.7529963316105902,0.0328320084192598,class=548:n03290653.pkl:0;n03290653.pkl:1;n03290653.pkl:2|class=97:n01847000.pkl:0;n01847000.pkl:1;n01847000.pkl:2|class=387:n02509815.pkl:1;n02509815.pkl:2;n02509815.pkl:3
swin,26,26,+,67,41,28,10,0.10025768342937597,0.17567346292771358,0.044461491305934776,0.10609251868771892,0.667206427242811,0.0999073180210848,class=467:n02927161.pkl:0;n02927161.pkl:3;n02927161.pkl:7|class=47:n01694178.pkl:1;n01694178.pkl:2;n01694178.pkl:6|class=200:n02097474.pkl:2;n02097474.pkl:6;n02097474.pkl:8
swin,27,27,+,66,45,28,16,0.13863416280903001,0.21023074907834874,0.06230245416457106,0.13671110985802726,0.6883999897243018,0.08810623159959197,class=574:n03445777.pkl:1;n03445777.pkl:3;n03445777.pkl:5|class=302:n02167151.pkl:0;n02167151.pkl:1;n02167151.pkl:3|class=832:n04346328.pkl:0;n04346328.pkl:2;n04346328.pkl:3
swin,28,28,+,111,73,53,28,0.11590886683437304,0.16599751722032496,0.04946437095731973,0.10621350895876863,0.739701802250826,0.050547580187279124,class=746:n04019541.pkl:0;n04019541.pkl:5;n04019541.pkl:7|class=294:n02132136.pkl:0;n02132136.pkl:1;n02132136.pkl:2|class=207:n02099601.pkl:0;n02099601.pkl:1;n02099601.pkl:2
swin,29,29,+,67,31,21,7,0.04434732357566322,0.07603915515057379,0.017229742535605184,0.03481224734338143,0.7343713040516646,0.07585545235005205,class=287:n02127052.pkl:6;n02127052.pkl:11;n02127052.pkl:16|class=182:n02093754.pkl:5;n02093754.pkl:11;n02093754.pkl:25|class=359:n02443484.pkl:16;n02443484.pkl:18;n02443484.pkl:31
swin,30,30,+,61,35,20,11,0.11298000378136511,0.2152115710219336,0.061957833082881955,0.17185778610442676,0.5768058646505606,0.14252279042857183,class=297:n02134418.pkl:0;n02134418.pkl:1;n02134418.pkl:2|class=958:n07802026.pkl:0;n07802026.pkl:1;n07802026.pkl:2|class=295:n02133161.pkl:6;n02133161.pkl:7;n02133161.pkl:8
swin,31,31,+,163,103,76,34,0.08972331393180899,0.14441804490550464,0.042514270092670094,0.09520123859991754,0.7581244980462712,0.036897930580643,class=105:n01882714.pkl:1;n01882714.pkl:2;n01882714.pkl:3|class=985:n11939491.pkl:2;n11939491.pkl:3;n11939491.pkl:4|class=767:n04116512.pkl:0;n04116512.pkl:6;n04116512.pkl:11
swin,32,32,+,83,47,29,12,0.09427454533980693,0.18003199676850035,0.04384205761690583,0.11428130851434709,0.6416476690192494,0.09391172120961375,class=923:n07579787.pkl:1;n07579787.pkl:3;n07579787.pkl:4|class=381:n02493793.pkl:1;n02493793.pkl:2;n02493793.pkl:5|class=121:n01981276.pkl:0;n01981276.pkl:3;n01981276.pkl:7
swin,33,33,+,112,74,51,17,0.08166223140413467,0.12441585845350431,0.0320231754289932,0.06401646731987233,0.7621256915116836,0.04460953689231254,class=710:n03908714.pkl:4;n03908714.pkl:8;n03908714.pkl:11|class=992:n12998815.pkl:10;n12998815.pkl:12;n12998815.pkl:25|class=413:n02749479.pkl:0;n02749479.pkl:2;n02749479.pkl:3
swin,34,34,+,59,39,24,10,0.11380120808953004,0.18918583324511012,0.054042265576820826,0.12395076674191412,0.6607918710043476,0.10611105547845999,class=476:n02966193.pkl:0;n02966193.pkl:1;n02966193.pkl:2|class=291:n02129165.pkl:0;n02129165.pkl:2;n02129165.pkl:3|class=669:n03788365.pkl:4;n03788365.pkl:7;n03788365.pkl:8
swin,35,35,+,73,45,26,13,0.09272160210274372,0.17744375538985882,0.0489863467554406,0.13956317900774642,0.6115055437540664,0.12488940119054541,class=85:n01806567.pkl:1;n01806567.pkl:3;n01806567.pkl:4|class=229:n02105641.pkl:0;n02105641.pkl:1;n02105641.pkl:2|class=247:n02109525.pkl:0;n02109525.pkl:3;n02109525.pkl:4
swin,36,36,+,86,68,45,24,0.16336415728916112,0.21386739376503078,0.07297482066052266,0.14947440494140937,0.7365931607132257,0.06041322521817276,class=129:n02006656.pkl:1;n02006656.pkl:2;n02006656.pkl:3|class=781:n04149813.pkl:2;n04149813.pkl:4;n04149813.pkl:5|class=939:n07716358.pkl:0;n07716358.pkl:2;n07716358.pkl:6
swin,37,37,+,85,56,44,17,0.11373014634121281,0.16670619661788835,0.04862997776924777,0.12120893807489456,0.7006896349158833,0.08485205746060828,class=296:n02134084.pkl:0;n02134084.pkl:1;n02134084.pkl:2|class=685:n03841143.pkl:1;n03841143.pkl:3;n03841143.pkl:7|class=857:n04429376.pkl:0;n04429376.pkl:6;n04429376.pkl:9
swin,38,38,+,100,69,50,20,0.11743039763386905,0.1835211305827943,0.05706501135414938,0.1346893844359806,0.7089526715823686,0.06570919977378244,class=404:n02690373.pkl:0;n02690373.pkl:2;n02690373.pkl:3|class=74:n01773797.pkl:7;n01773797.pkl:10;n01773797.pkl:13|class=715:n03929855.pkl:1;n03929855.pkl:3;n03929855.pkl:4
swin,39,39,+,71,51,31,11,0.10023407978247031,0.14485513177316978,0.036292346079643344,0.06933495668050753,0.7461802327708976,0.06549077328178213,class=965:n07880968.pkl:4;n07880968.pkl:8;n07880968.pkl:10|class=821:n04311004.pkl:2;n04311004.pkl:6;n04311004.pkl:12|class=822:n04311174.pkl:1;n04311174.pkl:3;n04311174.pkl:10
swin,40,40,+,88,58,40,18,0.10427127130372318,0.17308851892965402,0.052044660393709606,0.1216097030914787,0.7030193594825085,0.07340787022984127,class=476:n02966193.pkl:0;n02966193.pkl:1;n02966193.pkl:2|class=183:n02093859.pkl:0;n02093859.pkl:1;n02093859.pkl:2|class=12:n01532829.pkl:3;n01532829.pkl:8;n01532829.pkl:12
swin,41,41,+,85,63,43,23,0.14845756334278773,0.2222797270760635,0.07523195191734271,0.16078990533961704,0.7076901859953965,0.06550424946567909,class=4:n01494475.pkl:0;n01494475.pkl:1;n01494475.pkl:2|class=293:n02130308.pkl:0;n02130308.pkl:2;n02130308.pkl:3|class=271:n02114712.pkl:0;n02114712.pkl:1;n02114712.pkl:2
swin,42,42,+,111,85,53,28,0.11505938129035136,0.162360729360943,0.048069290338573066,0.08907621276698219,0.7764136920344664,0.039945075180575995,class=44:n01689811.pkl:1;n01689811.pkl:3;n01689811.pkl:7|class=553:n03337140.pkl:1;n03337140.pkl:2;n03337140.pkl:4|class=420:n02787622.pkl:0;n02787622.pkl:1;n02787622.pkl:4
swin,43,43,+,91,56,33,8,0.07376982280884703,0.1335840466840785,0.0253876803752239,0.057020360345903215,0.7266473332193486,0.06642253377249491,class=52:n01728572.pkl:0;n01728572.pkl:2;n01728572.pkl:4|class=69:n01768244.pkl:3;n01768244.pkl:4;n01768244.pkl:6|class=66:n01753488.pkl:6;n01753488.pkl:7;n01753488.pkl:10
swin,44,44,+,77,56,32,21,0.14711098685058266,0.21771196520553712,0.0746377026228979,0.1594967659241017,0.7015426370979667,0.07229272321319227,class=537:n03218198.pkl:1;n03218198.pkl:2;n03218198.pkl:3|class=29:n01632777.pkl:0;n01632777.pkl:1;n01632777.pkl:3|class=302:n02167151.pkl:0;n02167151.pkl:2;n02167151.pkl:3
swin,45,45,+,109,87,62,33,0.16718811828615096,0.21609348266762082,0.08026683820155683,0.15624044560779132,0.7554117887800015,0.04393498106219752,class=392:n02606052.pkl:0;n02606052.pkl:1;n02606052.pkl:2|class=30:n01641577.pkl:1;n01641577.pkl:2;n01641577.pkl:3|class=97:n01847000.pkl:0;n01847000.pkl:2;n01847000.pkl:3
swin,46,46,+,92,65,42,19,0.09618462592028262,0.14841912135325525,0.038382750849747974,0.08652672290848792,0.7399210434149276,0.06610788884448306,class=128:n02002724.pkl:0;n02002724.pkl:2;n02002724.pkl:4|class=438:n02815834.pkl:1;n02815834.pkl:4;n02815834.pkl:12|class=52:n01728572.pkl:5;n01728572.pkl:6;n01728572.pkl:7
swin,47,47,+,113,92,64,33,0.21129547284041517,0.25948090916756544,0.10701946068814958,0.2035323968807639,0.7536716392779291,0.04085789626367763,class=139:n02025239.pkl:0;n02025239.pkl:1;n02025239.pkl:2|class=130:n02007558.pkl:0;n02007558.pkl:1;n02007558.pkl:2|class=21:n01608432.pkl:0;n01608432.pkl:1;n01608432.pkl:2
swin,48,48,+,146,109,80,42,0.14955529488952818,0.20691250685892756,0.06959518988427893,0.1409807175449471,0.7640056588202887,0.03495590317749364,class=152:n02085782.pkl:3;n02085782.pkl:4;n02085782.pkl:5|class=262:n02112706.pkl:0;n02112706.pkl:3;n02112706.pkl:4|class=794:n04209239.pkl:1;n04209239.pkl:5;n04209239.pkl:7
swin,49,49,+,57,31,21,10,0.07578695376563682,0.137383548461019,0.03336352897817872,0.09507807473597957,0.6262613984405577,0.16001993377263962,class=991:n12985857.pkl:0;n12985857.pkl:2;n12985857.pkl:3|class=56:n01734418.pkl:2;n01734418.pkl:3;n01734418.pkl:6|class=172:n02091134.pkl:6;n02091134.pkl:7;n02091134.pkl:23
swin,50,50,+,62,38,23,12,0.09922584140562346,0.15268644584579938,0.038889755602987144,0.07239296154434642,0.7164829429866069,0.07201857674775014,class=555:n03345487.pkl:2;n03345487.pkl:3;n03345487.pkl:4|class=427:n02795169.pkl:3;n02795169.pkl:11;n02795169.pkl:15|class=674:n03794056.pkl:10;n03794056.pkl:11;n03794056.pkl:12
swin,51,51,+,57,30,20,4,0.05422553538349622,0.10502852253075283,0.022396128583314804,0.06057036990210357,0.6509051494128891,0.14586543765742693,class=8:n01514859.pkl:4;n01514859.pkl:5;n01514859.pkl:6|class=801:n04251144.pkl:6;n04251144.pkl:8;n04251144.pkl:11|class=555:n03345487.pkl:18;n03345487.pkl:26;n03345487.pkl:39
swin,52,52,+,153,104,73,31,0.08270695787988024,0.13769395463225467,0.03881085578628162,0.0822837378513841,0.7704708596019192,0.03591448402581436,class=978:n09428293.pkl:2;n09428293.pkl:5;n09428293.pkl:6|class=536:n03216828.pkl:5;n03216828.pkl:9;n03216828.pkl:12|class=975:n09332890.pkl:0;n09332890.pkl:1;n09332890.pkl:7
swin,53,53,+,120,90,67,34,0.1569164037211965,0.21275371523738204,0.07501575031401604,0.1534626250930538,0.7549207160482668,0.0432087242841426,class=90:n01820546.pkl:0;n01820546.pkl:1;n01820546.pkl:2|class=40:n01682714.pkl:0;n01682714.pkl:1;n01682714.pkl:2|class=736:n03982430.pkl:0;n03982430.pkl:2;n03982430.pkl:3
swin,54,54,+,89,57,31,13,0.08389872137165708,0.14262818275125486,0.03533241342804757,0.07738462245498813,0.7049429484625923,0.06513396404663034,class=378:n02492035.pkl:1;n02492035.pkl:5;n02492035.pkl:10|class=157:n02086910.pkl:3;n02086910.pkl:6;n02086910.pkl:7|class=41:n01685808.pkl:6;n01685808.pkl:25;n01685808.pkl:27
swin,55,55,+,71,45,26,9,0.07672168317395478,0.15132352373084185,0.03465147516306044,0.09749715124983913,0.6361133369242082,0.12558635063611712,class=132:n02009912.pkl:2;n02009912.pkl:5;n02009912.pkl:7|class=331:n02326432.pkl:1;n02326432.pkl:3;n02326432.pkl:5|class=801:n04251144.pkl:5;n04251144.pkl:7;n04251144.pkl:14
swin,56,56,+,64,43,28,9,0.11205369319310937,0.18876856722497332,0.05408824826300047,0.14104321769599873,0.6216085103658242,0.1218724725645022,class=98:n01855032.pkl:0;n01855032.pkl:1;n01855032.pkl:2|class=562:n03388043.pkl:0;n03388043.pkl:4;n03388043.pkl:6|class=83:n01798484.pkl:1;n01798484.pkl:8;n01798484.pkl:10
swin,57,57,+,90,62,36,18,0.10502948616226361,0.16421544338628888,0.045814480815766334,0.10792217886509888,0.7047756128684083,0.07276682937488761,class=117:n01968897.pkl:0;n01968897.pkl:2;n01968897.pkl:4|class=614:n03617480.pkl:2;n03617480.pkl:4;n03617480.pkl:9|class=367:n02481823.pkl:0;n02481823.pkl:2;n02481823.pkl:3
swin,58,58,+,75,57,34,12,0.10871219078682856,0.1808188186872482,0.053028628873183464,0.14166043392762329,0.6510753473140742,0.10848471001203051,class=83:n01798484.pkl:0;n01798484.pkl:1;n01798484.pkl:2|class=871:n04483307.pkl:2;n04483307.pkl:3;n04483307.pkl:6|class=923:n07579787.pkl:2;n07579787.pkl:11;n07579787.pkl:17
swin,59,59,+,62,40,26,11,0.09278099626810771,0.13248677105162238,0.03487934105962991,0.06753325362281416,0.7298234240831736,0.07659445792816746,class=771:n04125021.pkl:3;n04125021.pkl:4;n04125021.pkl:7|class=550:n03297495.pkl:3;n03297495.pkl:8;n03297495.pkl:13|class=5:n01496331.pkl:5;n01496331.pkl:6;n01496331.pkl:9
swin,60,60,+,143,92,67,27,0.09348756934699083,0.16643895964375724,0.04927333767793726,0.11778260212081346,0.7242927436143621,0.04695087326133338,class=328:n02319095.pkl:0;n02319095.pkl:1;n02319095.pkl:2|class=309:n02206856.pkl:0;n02206856.pkl:2;n02206856.pkl:3|class=119:n01978455.pkl:1;n01978455.pkl:2;n01978455.pkl:4
swin,61,61,+,80,54,32,15,0.12240858842181002,0.19906910099901165,0.0514027928514945,0.12302836230568542,0.6799659370733802,0.08410561297204762,class=320:n02268853.pkl:0;n02268853.pkl:4;n02268853.pkl:7|class=854:n04418357.pkl:0;n04418357.pkl:2;n04418357.pkl:3|class=727:n03956157.pkl:1;n03956157.pkl:5;n03956157.pkl:6
swin,62,62,+,67,49,31,16,0.12120123678746199,0.15582692604938167,0.04661797614725398,0.08779140357880273,0.7460581415374183,0.06785786647155957,class=416:n02777292.pkl:3;n02777292.pkl:5;n02777292.pkl:7|class=5:n01496331.pkl:1;n01496331.pkl:4;n01496331.pkl:5|class=873:n04486054.pkl:0;n04486054.pkl:1;n04486054.pkl:3
swin,63,63,+,81,58,39,19,0.1299589593487143,0.19162057817814385,0.05492788697585415,0.1201761957869162,0.7153928228047954,0.07144276959383125,class=253:n02110806.pkl:0;n02110806.pkl:1;n02110806.pkl:3|class=291:n02129165.pkl:5;n02129165.pkl:10;n02129165.pkl:11|class=426:n02794156.pkl:2;n02794156.pkl:4;n02794156.pkl:13
swin,64,64,+,65,45,31,10,0.10462914839015071,0.15557026805481206,0.04097557151757363,0.09262121693088503,0.697657350104375,0.09399095430041016,class=30:n01641577.pkl:4;n01641577.pkl:6;n01641577.pkl:7|class=779:n04146614.pkl:5;n04146614.pkl:14;n04146614.pkl:15|class=263:n02113023.pkl:4;n02113023.pkl:8;n02113023.pkl:9
swin,65,65,+,95,59,35,15,0.07711740829122807,0.1282882353471745,0.030557756157000123,0.06388090460911036,0.731769232129918,0.05652819652333345,class=0:n01440764.pkl:0;n01440764.pkl:11;n01440764.pkl:12|class=26:n01630670.pkl:2;n01630670.pkl:4;n01630670.pkl:7|class=648:n03742115.pkl:1;n03742115.pkl:6;n03742115.pkl:9
swin,66,66,+,101,64,49,25,0.15347306130025373,0.23165120492663618,0.07632299417974185,0.1593330243231601,0.7233604021397694,0.053050853611241316,class=396:n02643566.pkl:0;n02643566.pkl:1;n02643566.pkl:2|class=45:n01692333.pkl:0;n01692333.pkl:1;n01692333.pkl:2|class=391:n02536864.pkl:1;n02536864.pkl:3;n02536864.pkl:5
swin,67,67,+,52,28,16,8,0.06171680473800449,0.09859151933586714,0.02361279598256091,0.045393858531545685,0.7076991593265823,0.09030235841617328,class=909:n04596742.pkl:2;n04596742.pkl:15;n04596742.pkl:16|class=166:n02089867.pkl:21;n02089867.pkl:26;n02089867.pkl:38|class=963:n07873807.pkl:0;n07873807.pkl:3;n07873807.pkl:4
swin,68,68,+,55,35,21,12,0.1212790548776838,0.18187518832495495,0.044452450760049486,0.08628030598108774,0.6962850781177033,0.08667845443209782,class=642:n03721384.pkl:4;n03721384.pkl:5;n03721384.pkl:7|class=657:n03773504.pkl:6;n03773504.pkl:13;n03773504.pkl:16|class=612:n03599486.pkl:1;n03599486.pkl:4;n03599486.pkl:10
swin,69,69,+,75,51,33,21,0.17126726922797214,0.24464186515423994,0.08586737031907984,0.18220458053171323,0.6960455557666994,0.07336784637740855,class=194:n02096437.pkl:0;n02096437.pkl:1;n02096437.pkl:2|class=214:n02101006.pkl:1;n02101006.pkl:2;n02101006.pkl:3|class=14:n01537544.pkl:0;n01537544.pkl:1;n01537544.pkl:2
swin,70,70,+,80,55,35,12,0.10035547271606923,0.16436815161043355,0.037730443715614084,0.09174432684574191,0.697147833378536,0.08640683846996294,class=327:n02317335.pkl:0;n02317335.pkl:3;n02317335.pkl:4|class=992:n12998815.pkl:0;n12998815.pkl:1;n12998815.pkl:8|class=616:n03627232.pkl:1;n03627232.pkl:3;n03627232.pkl:6
swin,71,71,+,57,40,21,10,0.10537410934809918,0.1678769068583764,0.044414622658539786,0.11922422113352421,0.644412799142664,0.14395989874396,class=640:n03717622.pkl:0;n03717622.pkl:1;n03717622.pkl:2|class=454:n02871525.pkl:0;n02871525.pkl:4;n02871525.pkl:5|class=129:n02006656.pkl:1;n02006656.pkl:5;n02006656.pkl:23
swin,72,72,+,75,51,30,16,0.13346010857796523,0.21301680611000332,0.06930817508724574,0.14185898486135853,0.7023635932366146,0.06919109187611594,class=441:n02823750.pkl:0;n02823750.pkl:3;n02823750.pkl:4|class=339:n02389026.pkl:0;n02389026.pkl:2;n02389026.pkl:3|class=199:n02097298.pkl:0;n02097298.pkl:1;n02097298.pkl:2
swin,73,73,+,80,48,35,20,0.11308677624643985,0.1694850509165282,0.04405446150950918,0.0901485212157062,0.7250140136188516,0.0648416528623711,class=33:n01664065.pkl:2;n01664065.pkl:3;n01664065.pkl:4|class=409:n02708093.pkl:2;n02708093.pkl:5;n02708093.pkl:6|class=777:n04141327.pkl:1;n04141327.pkl:5;n04141327.pkl:10
swin,74,74,+,70,53,33,13,0.1173607269401134,0.18810191822403532,0.06081407017803743,0.16026203820612164,0.654880328112529,0.11349564393090229,class=84:n01806143.pkl:0;n01806143.pkl:1;n01806143.pkl:2|class=363:n02454379.pkl:0;n02454379.pkl:2;n02454379.pkl:4|class=931:n07693725.pkl:3;n07693725.pkl:7;n07693725.pkl:9
swin,75,75,+,101,69,48,24,0.13985594324667727,0.21618987865843925,0.07039243008653849,0.14945722500528064,0.7170587578650898,0.054534448439570345,class=15:n01558993.pkl:1;n01558993.pkl:2;n01558993.pkl:3|class=265:n02113624.pkl:0;n02113624.pkl:1;n02113624.pkl:2|class=283:n02123394.pkl:2;n02123394.pkl:3;n02123394.pkl:5
swin,76,76,+,87,52,33,10,0.08508988813265614,0.16307983749740632,0.037333191263332476,0.10378392024445561,0.645477615519389,0.10032241151635447,class=349:n02415577.pkl:0;n02415577.pkl:1;n02415577.pkl:2|class=415:n02776631.pkl:2;n02776631.pkl:6;n02776631.pkl:9|class=838:n04357314.pkl:3;n04357314.pkl:5;n04357314.pkl:9
swin,77,77,+,83,53,34,18,0.10726427975905994,0.16441603428476115,0.05223755415122761,0.10728021887009992,0.7202868604808811,0.06286361525248993,class=303:n02168699.pkl:0;n02168699.pkl:1;n02168699.pkl:2|class=205:n02099267.pkl:0;n02099267.pkl:6;n02099267.pkl:7|class=686:n03843555.pkl:10;n03843555.pkl:11;n03843555.pkl:22
swin,78,78,+,92,63,38,24,0.14720368012389642,0.22160434345700403,0.07686826528080962,0.14206432265103483,0.7298233191827918,0.04799641168806695,class=455:n02877765.pkl:5;n02877765.pkl:7;n02877765.pkl:9|class=729:n03961711.pkl:0;n03961711.pkl:1;n03961711.pkl:2|class=736:n03982430.pkl:0;n03982430.pkl:1;n03982430.pkl:2
swin,79,79,+,127,98,70,43,0.17856749046096115,0.22976374048688558,0.09411687042130387,0.1696042239616006,0.7784719399985582,0.033444246785679796,class=188:n02095314.pkl:2;n02095314.pkl:4;n02095314.pkl:5|class=440:n02823428.pkl:1;n02823428.pkl:2;n02823428.pkl:5|class=37:n01669191.pkl:0;n01669191.pkl:1;n01669191.pkl:2
swin,80,80,+,62,45,36,17,0.1405768543901641,0.20487726066984976,0.07629850386319585,0.15501001491307315,0.7075057137278865,0.08270167272248623,class=300:n02165105.pkl:0;n02165105.pkl:1;n02165105.pkl:2|class=133:n02011460.pkl:0;n02011460.pkl:2;n02011460.pkl:3|class=138:n02018795.pkl:0;n02018795.pkl:1;n02018795.pkl:3
swin,81,81,+,54,29,15,4,0.04792124268779254,0.08771119583514936,0.017232505475847815,0.04040603624854757,0.677243468774498,0.12033120287798098,class=861:n04447861.pkl:0;n04447861.pkl:2;n04447861.pkl:7|class=660:n03776460.pkl:6;n03776460.pkl:11;n03776460.pkl:14|class=690:n03868242.pkl:1;n03868242.pkl:3;n03868242.pkl:7
swin,82,82,+,90,65,50,24,0.14734604493894846,0.2085645931397223,0.06780505043754141,0.12937188187183096,0.7487418806227537,0.05156061458456668,class=682:n03837869.pkl:2;n03837869.pkl:5;n03837869.pkl:7|class=824:n04325704.pkl:1;n04325704.pkl:5;n04325704.pkl:6|class=51:n01704323.pkl:1;n01704323.pkl:3;n01704323.pkl:6
swin,83,83,+,80,49,33,15,0.09948569920896057,0.1569977043453545,0.04030523526906622,0.09971291171012159,0.6956025031182838,0.08900501213852548,class=353:n02423022.pkl:0;n02423022.pkl:1;n02423022.pkl:2|class=271:n02114712.pkl:5;n02114712.pkl:9;n02114712.pkl:33|class=720:n03937543.pkl:2;n03937543.pkl:14;n03937543.pkl:20
swin,84,84,+,91,54,37,18,0.10876581374158785,0.18684055005263991,0.05143038133563976,0.12058363957573026,0.6862433319966891,0.07139721094992689,class=137:n02018207.pkl:1;n02018207.pkl:5;n02018207.pkl:7|class=598:n03529860.pkl:3;n03529860.pkl:5;n03529860.pkl:6|class=797:n04235860.pkl:2;n04235860.pkl:4;n04235860.pkl:5
swin,85,85,+,57,35,16,12,0.0872768994238899,0.1428490812310383,0.033752173854826234,0.06836232268833933,0.6844425497289857,0.08951448320394868,class=137:n02018207.pkl:3;n02018207.pkl:6;n02018207.pkl:9|class=601:n03534580.pkl:9;n03534580.pkl:16;n03534580.pkl:19|class=639:n03710721.pkl:0;n03710721.pkl:7;n03710721.pkl:15
swin,86,86,+,89,55,32,12,0.09108913634835011,0.16446491916686534,0.033598518930050905,0.07979245265875905,0.6867086316720031,0.07460736292437034,class=103:n01873310.pkl:2;n01873310.pkl:3;n01873310.pkl:5|class=156:n02086646.pkl:2;n02086646.pkl:5;n02086646.pkl:9|class=713:n03924679.pkl:0;n03924679.pkl:1;n03924679.pkl:6
swin,87,87,+,79,59,33,14,0.10343019028347925,0.15124060799623562,0.03309962055084637,0.061143870315450995,0.7606306725451885,0.05585315335618316,class=231:n02106030.pkl:4;n02106030.pkl:10;n02106030.pkl:21|class=140:n02027492.pkl:2;n02027492.pkl:9;n02027492.pkl:11|class=883:n04522168.pkl:2;n04522168.pkl:6;n04522168.pkl:7
swin,88,88,+,89,69,46,18,0.13877858833453335,0.20975869511192272,0.06604660477994576,0.14898004300532253,0.7020786802525415,0.06840555984578797,class=303:n02168699.pkl:0;n02168699.pkl:1;n02168699.pkl:2|class=955:n07754684.pkl:0;n07754684.pkl:1;n07754684.pkl:2|class=496:n03026506.pkl:1;n03026506.pkl:6;n03026506.pkl:9
swin,89,89,+,67,50,29,16,0.119805524561624,0.17751746119317155,0.05071171570760845,0.09260526148478064,0.7326412941641031,0.06469677964846711,class=651:n03761084.pkl:1;n03761084.pkl:2;n03761084.pkl:4|class=234:n02106550.pkl:1;n02106550.pkl:2;n02106550.pkl:4|class=754:n04041544.pkl:12;n04041544.pkl:17;n04041544.pkl:24
swin,90,90,+,281,236,199,126,0.20762455307868166,0.2422189195366936,0.1291049174408003,0.1963014493594274,0.8452037242751802,0.01178597699692394,class=79:n01784675.pkl:0;n01784675.pkl:1;n01784675.pkl:2|class=302:n02167151.pkl:0;n02167151.pkl:1;n02167151.pkl:2|class=300:n02165105.pkl:0;n02165105.pkl:1;n02165105.pkl:2
swin,91,91,+,93,62,42,19,0.09470317433641823,0.13764160694064023,0.03972706829010185,0.07830375862801492,0.756305034395356,0.052526993389572396,class=325:n02281406.pkl:0;n02281406.pkl:4;n02281406.pkl:5|class=685:n03841143.pkl:1;n03841143.pkl:2;n03841143.pkl:4|class=928:n07614500.pkl:0;n07614500.pkl:1;n07614500.pkl:4
swin,92,92,+,82,54,38,23,0.13614309767278196,0.19737236147328835,0.06222310248128539,0.1251661314496196,0.7243975634719805,0.06154163659213295,class=396:n02643566.pkl:0;n02643566.pkl:1;n02643566.pkl:3|class=190:n02095889.pkl:0;n02095889.pkl:1;n02095889.pkl:2|class=766:n04111531.pkl:0;n04111531.pkl:7;n04111531.pkl:10
swin,93,93,+,71,49,30,18,0.12802980446826004,0.18829280114567323,0.054780831700496344,0.12210253323260917,0.697872087142795,0.0840580326971022,class=955:n07754684.pkl:0;n07754684.pkl:2;n07754684.pkl:4|class=878:n04505470.pkl:0;n04505470.pkl:2;n04505470.pkl:4|class=22:n01614925.pkl:3;n01614925.pkl:6;n01614925.pkl:7
swin,94,94,+,37,18,9,1,0.0249349598221825,0.032657059405740846,0.008317780987966247,0.012014345388910962,0.7941992714543201,0.08341461787889905,class=371:n02486261.pkl:18;n02486261.pkl:75;n02486261.pkl:89|class=210:n02100236.pkl:42;n02100236.pkl:47;n02100236.pkl:80|class=508:n03085013.pkl:24;n03085013.pkl:66;n03085013.pkl:169
swin,95,95,+,78,52,34,15,0.12319215660635692,0.20060803635044022,0.056303504512318345,0.1371682970488673,0.6783686453601282,0.08891304487176824,class=92:n01828970.pkl:0;n01828970.pkl:1;n01828970.pkl:2|class=508:n03085013.pkl:0;n03085013.pkl:1;n03085013.pkl:3|class=139:n02025239.pkl:0;n02025239.pkl:2;n02025239.pkl:4
swin,96,96,+,82,62,34,17,0.1327016742240427,0.21180124543013276,0.0657867442503434,0.15166636738642605,0.6776557234636396,0.07701197321889365,class=368:n02483362.pkl:1;n02483362.pkl:3;n02483362.pkl:5|class=614:n03617480.pkl:0;n03617480.pkl:3;n03617480.pkl:4|class=236:n02107142.pkl:1;n02107142.pkl:4;n02107142.pkl:5
swin,97,97,+,70,47,28,12,0.095812049252957,0.14436479989148138,0.03321903258962716,0.06594108630047839,0.7256401459691568,0.07057687363224828,class=536:n03216828.pkl:16;n03216828.pkl:18;n03216828.pkl:20|class=444:n02835271.pkl:3;n02835271.pkl:8;n02835271.pkl:16|class=315:n02236044.pkl:4;n02236044.pkl:7;n02236044.pkl:8
swin,98,98,+,87,62,31,12,0.07401505741780551,0.1256807657721276,0.03002470174372981,0.08642116958452804,0.6861658822577416,0.10672202468507014,class=121:n01981276.pkl:1;n01981276.pkl:2;n01981276.pkl:3|class=474:n02963159.pkl:4;n02963159.pkl:8;n02963159.pkl:13|class=337:n02363005.pkl:4;n02363005.pkl:15;n02363005.pkl:16
swin,99,99,+,79,57,39,21,0.14375524875922574,0.2031370361199908,0.06672000351950787,0.13280152658087574,0.729562671944122,0.06280776422020043,class=81:n01796340.pkl:1;n01796340.pkl:2;n01796340.pkl:3|class=17:n01580077.pkl:1;n01580077.pkl:3;n01580077.pkl:4|class=86:n01807496.pkl:1;n01807496.pkl:2;n01807496.pkl:4
swin,100,100,+,76,55,30,18,0.11057409039209283,0.16010621252985163,0.04564089279007422,0.08240999541244702,0.7376973490926376,0.05605598170683284,class=319:n02268443.pkl:2;n02268443.pkl:3;n02268443.pkl:4|class=75:n01774384.pkl:1;n01774384.pkl:12;n01774384.pkl:16|class=526:n03179701.pkl:1;n03179701.pkl:3;n03179701.pkl:7
swin,101,101,+,45,33,17,7,0.10067891962582287,0.1788078892374042,0.04342858550826819,0.12789891166815334,0.5774641993267821,0.21496131717441033,class=293:n02130308.pkl:0;n02130308.pkl:2;n02130308.pkl:3|class=904:n04589890.pkl:1;n04589890.pkl:9;n04589890.pkl:22|class=754:n04041544.pkl:2;n04041544.pkl:33;n04041544.pkl:60
swin,102,102,+,87,63,42,24,0.12913385322581994,0.18540442269114918,0.06141858305963216,0.1374692483619166,0.7220405247208728,0.06907698641443727,class=142:n02033041.pkl:0;n02033041.pkl:1;n02033041.pkl:2|class=979:n09468604.pkl:0;n09468604.pkl:2;n09468604.pkl:4|class=190:n02095889.pkl:0;n02095889.pkl:2;n02095889.pkl:3
swin,103,103,+,25,12,4,0,0.019114674482511043,0.0191734052878017,0.0039821675996062865,0.00377855130664754,0.8788920365491216,0.07601401736491437,class=570:n03424325.pkl:61;n03424325.pkl:72;n03424325.pkl:113|class=523:n03141823.pkl:2;n03141823.pkl:181;n03141823.pkl:229|class=834:n04350905.pkl:53;n04350905.pkl:235;n04350905.pkl:413
swin,104,104,+,96,66,34,19,0.10709072800800752,0.16863211070559614,0.044428444599113125,0.10050402391714701,0.7090117756329315,0.06372234186326754,class=133:n02011460.pkl:1;n02011460.pkl:2;n02011460.pkl:3|class=88:n01818515.pkl:3;n01818515.pkl:5;n01818515.pkl:7|class=411:n02730930.pkl:1;n02730930.pkl:2;n02730930.pkl:3
swin,105,105,+,98,68,37,14,0.06851391930659939,0.09916123583745584,0.021337058681009546,0.03939916884024869,0.7902263845431943,0.04499604531300633,class=161:n02088238.pkl:3;n02088238.pkl:5;n02088238.pkl:13|class=671:n03792782.pkl:9;n03792782.pkl:10;n03792782.pkl:13|class=83:n01798484.pkl:14;n01798484.pkl:28;n01798484.pkl:44
swin,106,106,+,37,16,8,3,0.045274815890129556,0.08954448951839107,0.014482983123536781,0.035019303065261985,0.609899142391741,0.1850416299696162,class=796:n04229816.pkl:32;n04229816.pkl:72;n04229816.pkl:76|class=970:n09193705.pkl:3;n09193705.pkl:5;n09193705.pkl:22|class=381:n02493793.pkl:26;n02493793.pkl:55;n02493793.pkl:58
swin,107,107,+,54,34,22,8,0.09852031445408359,0.15429989670142435,0.032609915159399115,0.07657441495005228,0.6668786378665805,0.12062992943728688,class=834:n04350905.pkl:0;n04350905.pkl:2;n04350905.pkl:10|class=645:n03733131.pkl:0;n03733131.pkl:3;n03733131.pkl:5|class=986:n12057211.pkl:8;n12057211.pkl:9;n12057211.pkl:12
swin,108,108,+,125,85,61,37,0.14060801958500913,0.19221187333737377,0.0669234882988329,0.11825802414941264,0.7740917650890171,0.032980094919138954,class=331:n02326432.pkl:2;n02326432.pkl:3;n02326432.pkl:5|class=14:n01537544.pkl:0;n01537544.pkl:1;n01537544.pkl:2|class=905:n04590129.pkl:0;n04590129.pkl:3;n04590129.pkl:7
swin,109,109,+,93,66,39,19,0.10944840495817203,0.17083330792982254,0.049718014969443274,0.11096932814784423,0.7029627115347471,0.06431945118953786,class=386:n02504458.pkl:0;n02504458.pkl:1;n02504458.pkl:2|class=422:n02790996.pkl:0;n02790996.pkl:6;n02790996.pkl:7|class=839:n04366367.pkl:0;n04366367.pkl:2;n04366367.pkl:5
swin,110,110,+,100,65,43,19,0.11357576304297429,0.1859504946502608,0.05092982225987575,0.11590169465237,0.7094980066376928,0.06178872879846763,class=22:n01614925.pkl:0;n01614925.pkl:2;n01614925.pkl:4|class=93:n01829413.pkl:0;n01829413.pkl:1;n01829413.pkl:2|class=7:n01514668.pkl:1;n01514668.pkl:3;n01514668.pkl:4
swin,111,111,+,87,62,41,16,0.11357319420651471,0.18101714820597659,0.04917672927613379,0.10856303860065586,0.712598134344802,0.06751197526159804,class=357:n02442845.pkl:0;n02442845.pkl:1;n02442845.pkl:2|class=305:n02172182.pkl:1;n02172182.pkl:2;n02172182.pkl:4|class=346:n02408429.pkl:1;n02408429.pkl:12;n02408429.pkl:13
swin,112,112,+,48,33,21,14,0.15166217353652192,0.23233492405191075,0.07912296780388761,0.1707170646022636,0.6475931447940237,0.11781898638662328,class=275:n02116738.pkl:0;n02116738.pkl:1;n02116738.pkl:2|class=951:n07749582.pkl:0;n07749582.pkl:1;n07749582.pkl:2|class=986:n12057211.pkl:0;n12057211.pkl:6;n12057211.pkl:7
swin,113,113,+,65,43,28,8,0.07724083775109863,0.09331027722691831,0.020307503577681903,0.031704837470170624,0.8033403032621579,0.052884042146010314,class=282:n02123159.pkl:8;n02123159.pkl:12;n02123159.pkl:17|class=71:n01770393.pkl:5;n01770393.pkl:14;n01770393.pkl:18|class=81:n01796340.pkl:6;n01796340.pkl:18;n01796340.pkl:62
swin,114,114,+,76,55,33,12,0.09639412011733894,0.14638251399142826,0.03682138351563844,0.08075745791988458,0.7200269657245847,0.07645028280497197,class=109:n01917289.pkl:0;n01917289.pkl:1;n01917289.pkl:4|class=377:n02490219.pkl:2;n02490219.pkl:7;n02490219.pkl:10|class=724:n03947888.pkl:0;n03947888.pkl:1;n03947888.pkl:3
swin,115,115,+,86,57,37,15,0.1302228818314035,0.21299925498228311,0.06265559273333059,0.15605351777167492,0.6658945619179609,0.0837600755715601,class=976:n09399592.pkl:0;n09399592.pkl:1;n09399592.pkl:2|class=555:n03345487.pkl:0;n03345487.pkl:1;n03345487.pkl:2|class=946:n07730033.pkl:2;n07730033.pkl:4;n07730033.pkl:5
swin,116,116,+,71,46,28,13,0.08529782609337815,0.1417218587118905,0.03826268057629893,0.08733224640576254,0.7012365275142826,0.08745815805662609,class=734:n03977966.pkl:1;n03977966.pkl:2;n03977966.pkl:7|class=939:n07716358.pkl:0;n07716358.pkl:17;n07716358.pkl:27|class=719:n03935335.pkl:13;n03935335.pkl:17;n03935335.pkl:21
swin,117,117,+,81,51,34,17,0.10257048294285066,0.1472708471511844,0.041168316252676064,0.08277877326573203,0.7318611209375977,0.062260181087581794,class=137:n02018207.pkl:0;n02018207.pkl:2;n02018207.pkl:6|class=200:n02097474.pkl:0;n02097474.pkl:1;n02097474.pkl:2|class=133:n02011460.pkl:0;n02011460.pkl:4;n02011460.pkl:6
swin,118,118,+,62,39,21,6,0.08131017637629036,0.16837442728419272,0.03311926013791231,0.09706599964890932,0.605586391333953,0.15467099015155225,class=975:n09332890.pkl:0;n09332890.pkl:1;n09332890.pkl:3|class=977:n09421951.pkl:0;n09421951.pkl:2;n09421951.pkl:4|class=978:n09428293.pkl:2;n09428293.pkl:13;n09428293.pkl:14
swin,119,119,+,88,65,45,20,0.12005511997405077,0.16763425723827072,0.04845780800405632,0.11314034585171721,0.730502808441762,0.07331128152845733,class=18:n01582220.pkl:0;n01582220.pkl:1;n01582220.pkl:2|class=641:n03720891.pkl:5;n03720891.pkl:9;n03720891.pkl:18|class=155:n02086240.pkl:0;n02086240.pkl:2;n02086240.pkl:3
swin,120,120,+,53,33,17,8,0.07216134774818672,0.11448998375892887,0.024611198853425803,0.04781379982344754,0.7052967262682572,0.09008188013889266,class=148:n02071294.pkl:0;n02071294.pkl:3;n02071294.pkl:4|class=614:n03617480.pkl:5;n03617480.pkl:9;n03617480.pkl:13|class=966:n07892512.pkl:1;n07892512.pkl:2;n07892512.pkl:6
swin,121,121,+,87,59,42,17,0.08596938605068599,0.12315631655503208,0.0372974352600282,0.07660895638605636,0.7555504223315259,0.05998757107202339,class=52:n01728572.pkl:1;n01728572.pkl:2;n01728572.pkl:4|class=812:n04266014.pkl:0;n04266014.pkl:5;n04266014.pkl:7|class=815:n04275548.pkl:5;n04275548.pkl:9;n04275548.pkl:13
swin,122,122,+,84,59,35,15,0.07698122662742693,0.11237645609078664,0.027573066494463998,0.04814731561448329,0.7761023750042501,0.04820376809885152,class=202:n02098105.pkl:0;n02098105.pkl:16;n02098105.pkl:18|class=263:n02113023.pkl:1;n02113023.pkl:2;n02113023.pkl:7|class=126:n01990800.pkl:1;n01990800.pkl:20;n01990800.pkl:27
swin,123,123,+,109,76,50,17,0.07712537286137898,0.11373101283900017,0.03289886968033214,0.06786471185475638,0.7614497006436429,0.04821339125912502,class=599:n03530642.pkl:5;n03530642.pkl:11;n03530642.pkl:15|class=1:n01443537.pkl:1;n01443537.pkl:2;n01443537.pkl:3|class=549:n03291819.pkl:4;n03291819.pkl:9;n03291819.pkl:16
swin,124,124,+,122,95,72,40,0.18695298294263646,0.2493554502405569,0.09859752821694495,0.18691614854217367,0.764967444596484,0.03765461982082428,class=520:n03131574.pkl:0;n03131574.pkl:1;n03131574.pkl:3|class=873:n04486054.pkl:0;n04486054.pkl:1;n04486054.pkl:2|class=5:n01496331.pkl:0;n01496331.pkl:1;n01496331.pkl:3
swin,125,125,+,121,83,61,32,0.11387325193785941,0.15674011645903602,0.04740730051758759,0.08550820064637153,0.7848813163692153,0.035151299693404484,class=863:n04458633.pkl:2;n04458633.pkl:3;n04458633.pkl:6|class=682:n03837869.pkl:2;n03837869.pkl:3;n03837869.pkl:13|class=447:n02841315.pkl:2;n02841315.pkl:4;n02841315.pkl:5
swin,126,126,+,88,73,55,30,0.1667538050414403,0.18143540519340895,0.05798588851354616,0.08598206623046148,0.8177711594358962,0.03634915969015399,class=268:n02113978.pkl:2;n02113978.pkl:3;n02113978.pkl:5|class=243:n02108422.pkl:3;n02108422.pkl:6;n02108422.pkl:7|class=668:n03788195.pkl:1;n03788195.pkl:2;n03788195.pkl:3
swin,127,127,+,62,42,30,14,0.14375935623504335,0.21434571197524585,0.06510031487694817,0.15810127312977193,0.6590989492713628,0.11125801802675059,class=376:n02489166.pkl:0;n02489166.pkl:1;n02489166.pkl:2|class=586:n03478589.pkl:1;n03478589.pkl:2;n03478589.pkl:3|class=466:n02917067.pkl:2;n02917067.pkl:4;n02917067.pkl:6
swin,128,128,+,83,59,40,19,0.13730164031884284,0.21701386735401604,0.07048276676234944,0.14699285596548234,0.6997396812389141,0.0644502667834696,class=366:n02480855.pkl:0;n02480855.pkl:1;n02480855.pkl:4|class=194:n02096437.pkl:0;n02096437.pkl:3;n02096437.pkl:4|class=404:n02690373.pkl:2;n02690373.pkl:3;n02690373.pkl:4
swin,129,129,+,103,79,43,13,0.10105279951689217,0.1622439234229798,0.040785746749685714,0.09908628408003484,0.6979134192764724,0.06701116565062078,class=117:n01968897.pkl:0;n01968897.pkl:1;n01968897.pkl:3|class=9:n01518878.pkl:1;n01518878.pkl:2;n01518878.pkl:5|class=24:n01622779.pkl:3;n01622779.pkl:7;n01622779.pkl:14
swin,130,130,+,87,65,43,21,0.13554084510114425,0.21300075595154158,0.07078786508914908,0.16408548825990812,0.692275954473931,0.07325370941632083,class=959:n07831146.pkl:0;n07831146.pkl:1;n07831146.pkl:2|class=66:n01753488.pkl:4;n01753488.pkl:5;n01753488.pkl:6|class=108:n01914609.pkl:0;n01914609.pkl:2;n01914609.pkl:4
swin,131,131,+,71,47,30,15,0.10242422860884069,0.15004787373114398,0.03811724153031423,0.07496514347989715,0.7291429129467845,0.06856204553663511,class=861:n04447861.pkl:4;n04447861.pkl:6;n04447861.pkl:7|class=41:n01685808.pkl:3;n01685808.pkl:9;n01685808.pkl:10|class=905:n04590129.pkl:12;n04590129.pkl:17;n04590129.pkl:18
swin,132,132,+,83,45,35,12,0.08391208111880663,0.13198172058581592,0.02878981230651095,0.058008527687353,0.7479145616535102,0.0609616011288003,class=994:n13040303.pkl:1;n13040303.pkl:4;n13040303.pkl:5|class=43:n01688243.pkl:6;n01688243.pkl:8;n01688243.pkl:15|class=834:n04350905.pkl:2;n04350905.pkl:10;n04350905.pkl:15
swin,133,133,+,87,60,39,23,0.11802715190872656,0.1656317873109846,0.04371956546108426,0.08078197472528953,0.7552755275983845,0.050736873741553536,class=886:n04525305.pkl:3;n04525305.pkl:4;n04525305.pkl:6|class=672:n03792972.pkl:2;n03792972.pkl:6;n03792972.pkl:7|class=800:n04243546.pkl:3;n04243546.pkl:7;n04243546.pkl:9
swin,134,134,+,74,52,34,17,0.11995584056882501,0.1688747808796522,0.049586141550112824,0.09262759333471919,0.7393136012762551,0.0606685851771254,class=204:n02098413.pkl:1;n02098413.pkl:2;n02098413.pkl:3|class=67:n01755581.pkl:3;n01755581.pkl:4;n01755581.pkl:6|class=619:n03637318.pkl:15;n03637318.pkl:19;n03637318.pkl:38
swin,135,135,+,62,31,20,11,0.10877747424038572,0.21614790990035196,0.0670515934522636,0.1755437743635281,0.584584760134272,0.1266795976374504,class=113:n01944390.pkl:0;n01944390.pkl:1;n01944390.pkl:4|class=575:n03445924.pkl:0;n03445924.pkl:3;n03445924.pkl:4|class=116:n01955084.pkl:0;n01955084.pkl:1;n01955084.pkl:2
swin,136,136,+,118,83,46,23,0.10259147830899377,0.1712147498263525,0.0460270897457656,0.10881346613405922,0.7133226911786721,0.05583943543670843,class=376:n02489166.pkl:2;n02489166.pkl:3;n02489166.pkl:7|class=777:n04141327.pkl:2;n04141327.pkl:7;n04141327.pkl:10|class=337:n02363005.pkl:0;n02363005.pkl:1;n02363005.pkl:7
swin,137,137,+,57,43,25,18,0.15902119087967465,0.2350090173478882,0.07892071810269775,0.1611327974819896,0.682289828830982,0.09067645431508983,class=698:n03877845.pkl:0;n03877845.pkl:1;n03877845.pkl:4|class=220:n02102480.pkl:4;n02102480.pkl:6;n02102480.pkl:8|class=668:n03788195.pkl:0;n03788195.pkl:2;n03788195.pkl:5
swin,138,138,+,74,43,24,8,0.07129253605330622,0.13640411317116571,0.028007126165335856,0.1000030861045561,0.6118627116806641,0.18580268789332277,class=145:n02056570.pkl:0;n02056570.pkl:1;n02056570.pkl:2|class=616:n03627232.pkl:5;n03627232.pkl:6;n03627232.pkl:9|class=822:n04311174.pkl:6;n04311174.pkl:24;n04311174.pkl:31
swin,139,139,+,118,81,58,36,0.15849517351332135,0.22271898235453969,0.07789845962519701,0.1475072203039019,0.7552196110749386,0.038861505252670105,class=225:n02105162.pkl:0;n02105162.pkl:1;n02105162.pkl:3|class=966:n07892512.pkl:0;n07892512.pkl:2;n07892512.pkl:5|class=943:n07718472.pkl:0;n07718472.pkl:1;n07718472.pkl:3
swin,140,140,+,101,72,49,23,0.10891739769757129,0.15991803270171467,0.04742247861181709,0.09716243962565005,0.7495403269580599,0.051463996037272246,class=348:n02412080.pkl:0;n02412080.pkl:2;n02412080.pkl:3|class=180:n02093428.pkl:4;n02093428.pkl:7;n02093428.pkl:15|class=403:n02687172.pkl:4;n02687172.pkl:6;n02687172.pkl:9
swin,141,141,+,102,68,39,17,0.07903046938447077,0.1393162166847337,0.03552577424356888,0.09398382142195129,0.6931897193493172,0.07841889890332582,class=45:n01692333.pkl:0;n01692333.pkl:1;n01692333.pkl:2|class=34:n01665541.pkl:6;n01665541.pkl:10;n01665541.pkl:12|class=516:n03125729.pkl:2;n03125729.pkl:6;n03125729.pkl:8
swin,142,142,+,74,55,31,13,0.1204949009778347,0.19464011162418307,0.044554428312318296,0.10983452317408997,0.6746296058430072,0.0956364116206139,class=43:n01688243.pkl:2;n01688243.pkl:3;n01688243.pkl:5|class=278:n02119789.pkl:1;n02119789.pkl:2;n02119789.pkl:3|class=42:n01687978.pkl:1;n01687978.pkl:2;n01687978.pkl:5
swin,143,143,+,104,71,49,34,0.17511389075529935,0.2384702488184341,0.09604344365986894,0.1733067657900703,0.7516531726712569,0.04092388376867564,class=484:n02981792.pkl:1;n02981792.pkl:2;n02981792.pkl:3|class=938:n07715103.pkl:0;n07715103.pkl:3;n07715103.pkl:4|class=385:n02504013.pkl:1;n02504013.pkl:2;n02504013.pkl:3
swin,144,144,+,92,63,41,20,0.11877321232986379,0.17159150596521963,0.048439352195066114,0.0927212326837301,0.7453517998184491,0.05069622766340346,class=387:n02509815.pkl:2;n02509815.pkl:3;n02509815.pkl:5|class=77:n01775062.pkl:1;n01775062.pkl:2;n01775062.pkl:8|class=289:n02128757.pkl:0;n02128757.pkl:4;n02128757.pkl:5
swin,145,145,+,87,52,31,9,0.060495755330973525,0.09404951242822766,0.02114031011068757,0.046705107771195256,0.7421927834040858,0.06759734485357231,class=914:n04612504.pkl:6;n04612504.pkl:8;n04612504.pkl:10|class=711:n03916031.pkl:12;n03916031.pkl:31;n03916031.pkl:32|class=522:n03134739.pkl:0;n03134739.pkl:6;n03134739.pkl:7
swin,146,146,+,113,78,55,32,0.16283941175571656,0.22907856436967516,0.08098479653261857,0.16030265439616548,0.7422299961967502,0.04352292267005687,class=115:n01950731.pkl:0;n01950731.pkl:1;n01950731.pkl:2|class=726:n03954731.pkl:1;n03954731.pkl:2;n03954731.pkl:4|class=320:n02268853.pkl:0;n02268853.pkl:3;n02268853.pkl:4
swin,147,147,+,86,60,48,31,0.19584494235493205,0.25642068658329575,0.10876206747768169,0.2013090927177268,0.7434664266453512,0.051463695911384735,class=37:n01669191.pkl:0;n01669191.pkl:1;n01669191.pkl:2|class=540:n03240683.pkl:1;n03240683.pkl:2;n03240683.pkl:3|class=364:n02457408.pkl:1;n02457408.pkl:3;n02457408.pkl:4
swin,148,148,+,114,82,55,30,0.13815670040275016,0.19829546264241027,0.06805582737516863,0.13377178467192716,0.7491508989670205,0.042663645507932266,class=625:n03662601.pkl:2;n03662601.pkl:4;n03662601.pkl:6|class=291:n02129165.pkl:0;n02129165.pkl:1;n02129165.pkl:3|class=789:n04201297.pkl:0;n04201297.pkl:1;n04201297.pkl:2
swin,149,149,+,82,62,38,14,0.08623766528669906,0.10462304895605916,0.026914524329421635,0.040595183356512396,0.8168814024200091,0.03993865362536011,class=492:n03014705.pkl:2;n03014705.pkl:3;n03014705.pkl:7|class=823:n04317175.pkl:14;n04317175.pkl:15;n04317175.pkl:16|class=951:n07749582.pkl:5;n07749582.pkl:7;n07749582.pkl:8
swin,150,150,+,71,48,27,12,0.10041559371378356,0.15388570900491405,0.037447809265988174,0.08426698646987196,0.6970240459960114,0.08540326073921513,class=495:n03018349.pkl:0;n03018349.pkl:5;n03018349.pkl:7|class=774:n04133789.pkl:1;n04133789.pkl:2;n04133789.pkl:3|class=532:n03201208.pkl:0;n03201208.pkl:7;n03201208.pkl:8
swin,151,151,+,98,57,42,12,0.07464493223443537,0.1466748922941796,0.03791417656394503,0.11718147995156088,0.6534346181295254,0.10767804499525609,class=136:n02017213.pkl:0;n02017213.pkl:1;n02017213.pkl:2|class=48:n01695060.pkl:0;n01695060.pkl:4;n01695060.pkl:5|class=794:n04209239.pkl:2;n04209239.pkl:15;n04209239.pkl:19
swin,153,153,+,110,83,57,31,0.17109965231498003,0.23508113990224017,0.08125814812287104,0.16067165149965934,0.7433837548155942,0.04463373785293589,class=393:n02607072.pkl:0;n02607072.pkl:1;n02607072.pkl:2|class=89:n01819313.pkl:1;n01819313.pkl:3;n01819313.pkl:4|class=338:n02364673.pkl:1;n02364673.pkl:2;n02364673.pkl:4
swin,154,154,+,47,27,13,3,0.044354696846066445,0.07534125541369827,0.012984146410938213,0.024869647752031845,0.7374481382852862,0.09933408935614249,class=848:n04392985.pkl:0;n04392985.pkl:5;n04392985.pkl:9|class=903:n04584207.pkl:14;n04584207.pkl:18;n04584207.pkl:21|class=275:n02116738.pkl:11;n02116738.pkl:15;n02116738.pkl:16
swin,155,155,+,78,55,27,20,0.129540259774718,0.1999643075800813,0.05559433230264315,0.13670818655439695,0.6718245775601589,0.09034401870224201,class=316:n02256656.pkl:0;n02256656.pkl:1;n02256656.pkl:2|class=20:n01601694.pkl:2;n01601694.pkl:3;n01601694.pkl:4|class=901:n04579145.pkl:0;n04579145.pkl:2;n04579145.pkl:3
swin,156,156,+,96,71,50,25,0.13816038156309796,0.19567412466824916,0.06479532121937959,0.1312469255028393,0.7387658609928237,0.05315521335374406,class=564:n03388549.pkl:0;n03388549.pkl:2;n03388549.pkl:3|class=27:n01631663.pkl:0;n01631663.pkl:2;n01631663.pkl:4|class=512:n03109150.pkl:0;n03109150.pkl:2;n03109150.pkl:3
swin,157,157,+,66,45,32,17,0.11796117048841354,0.18272339424506073,0.05748515220831905,0.12654600410969563,0.6965096383524974,0.0885761111460761,class=78:n01776313.pkl:0;n01776313.pkl:1;n01776313.pkl:2|class=602:n03535780.pkl:4;n03535780.pkl:6;n03535780.pkl:7|class=538:n03220513.pkl:0;n03220513.pkl:1;n03220513.pkl:2
swin,158,158,+,63,48,29,8,0.0897956559498405,0.12938867459746212,0.0317436898673305,0.0755361010622247,0.7190337471853183,0.10575109122558424,class=353:n02423022.pkl:0;n02423022.pkl:1;n02423022.pkl:3|class=657:n03773504.pkl:2;n03773504.pkl:18;n03773504.pkl:37|class=936:n07714571.pkl:12;n07714571.pkl:18;n07714571.pkl:41
swin,159,159,+,108,72,47,22,0.14579838950712948,0.2466678992147926,0.07857190740526183,0.18200581367488217,0.682072975261235,0.05894275820080889,class=305:n02172182.pkl:0;n02172182.pkl:1;n02172182.pkl:2|class=128:n02002724.pkl:1;n02002724.pkl:2;n02002724.pkl:5|class=538:n03220513.pkl:0;n03220513.pkl:1;n03220513.pkl:2
swin,160,160,+,74,50,24,10,0.07664680548258138,0.1285833946582858,0.028882872108864772,0.08059340068976555,0.6667585190622095,0.11873065257160799,class=625:n03662601.pkl:6;n03662601.pkl:7;n03662601.pkl:8|class=903:n04584207.pkl:2;n04584207.pkl:8;n04584207.pkl:10|class=790:n04204238.pkl:2;n04204238.pkl:11;n04204238.pkl:12
swin,161,161,+,81,53,30,16,0.10537624138892253,0.1745852944337796,0.046449600065843706,0.11616245458827669,0.677224087706637,0.08955728464418418,class=918:n06785654.pkl:0;n06785654.pkl:1;n06785654.pkl:2|class=936:n07714571.pkl:2;n07714571.pkl:3;n07714571.pkl:4|class=942:n07717556.pkl:3;n07717556.pkl:10;n07717556.pkl:14
swin,162,162,+,68,37,21,8,0.051517152111269816,0.0941087259441326,0.019312232945479055,0.04655696144651654,0.7008095928199526,0.10017227253238516,class=221:n02102973.pkl:4;n02102973.pkl:7;n02102973.pkl:10|class=856:n04428191.pkl:15;n04428191.pkl:17;n04428191.pkl:23|class=234:n02106550.pkl:4;n02106550.pkl:20;n02106550.pkl:21
swin,163,163,+,80,51,34,10,0.07388031095888331,0.10898980063653599,0.02487968273663945,0.05014465224488315,0.753323201341607,0.06327729771205902,class=206:n02099429.pkl:7;n02099429.pkl:12;n02099429.pkl:16|class=21:n01608432.pkl:2;n01608432.pkl:3;n01608432.pkl:6|class=110:n01924916.pkl:0;n01924916.pkl:9;n01924916.pkl:13
swin,164,164,+,36,23,12,6,0.10642900737988949,0.19056667387641882,0.0438308205386085,0.10972502531756846,0.5798027377090377,0.20185809792823148,class=45:n01692333.pkl:0;n01692333.pkl:1;n01692333.pkl:2|class=621:n03649909.pkl:5;n03649909.pkl:10;n03649909.pkl:22|class=951:n07749582.pkl:0;n07749582.pkl:7;n07749582.pkl:11
swin,165,165,+,64,42,24,7,0.06614006459153464,0.10724294404540222,0.024193221715678868,0.056344147830642566,0.7054929714780408,0.10037315353812881,class=687:n03854065.pkl:0;n03854065.pkl:3;n03854065.pkl:5|class=476:n02966193.pkl:2;n02966193.pkl:7;n02966193.pkl:10|class=785:n04162706.pkl:22;n04162706.pkl:24;n04162706.pkl:30
swin,166,166,+,95,67,49,28,0.15131409519293615,0.21497511152663368,0.07418876386491524,0.1501809315817345,0.7331320118137655,0.05366130689206851,class=315:n02236044.pkl:0;n02236044.pkl:2;n02236044.pkl:3|class=358:n02443114.pkl:0;n02443114.pkl:1;n02443114.pkl:2|class=534:n03207941.pkl:0;n03207941.pkl:2;n03207941.pkl:3
swin,167,167,+,61,31,21,11,0.09999963452122822,0.18819501204626632,0.05106160401669405,0.1283021198011353,0.622698709538803,0.11989548554466524,class=100:n01860187.pkl:2;n01860187.pkl:3;n01860187.pkl:4|class=974:n09288635.pkl:4;n09288635.pkl:7;n09288635.pkl:10|class=414:n02769748.pkl:14;n02769748.pkl:19;n02769748.pkl:21
swin,168,168,+,98,77,48,24,0.1450959194841939,0.21799465752823266,0.07084529899303973,0.16096003180820556,0.7047239579921802,0.06287706869043154,class=297:n02134418.pkl:0;n02134418.pkl:1;n02134418.pkl:2|class=369:n02483708.pkl:0;n02483708.pkl:1;n02483708.pkl:2|class=367:n02481823.pkl:0;n02481823.pkl:3;n02481823.pkl:4
swin,169,169,+,84,56,38,19,0.12314860067717369,0.17417799180684493,0.049609665220905964,0.09702970871463491,0.7410397394372056,0.057445239047935415,class=717:n03930630.pkl:0;n03930630.pkl:1;n03930630.pkl:2|class=982:n10148035.pkl:0;n10148035.pkl:3;n10148035.pkl:4|class=151:n02085620.pkl:8;n02085620.pkl:9;n02085620.pkl:12
swin,170,170,+,69,48,29,13,0.10861469935956952,0.17716820286195736,0.048440765413104436,0.12072309663056129,0.6566698369624053,0.10450666828167311,class=3:n01491361.pkl:1;n01491361.pkl:2;n01491361.pkl:4|class=75:n01774384.pkl:1;n01774384.pkl:2;n01774384.pkl:3|class=687:n03854065.pkl:1;n03854065.pkl:6;n03854065.pkl:11
swin,171,171,+,85,59,47,20,0.15761939500936292,0.22741957451083106,0.07679216857107005,0.16559752424466306,0.7033125599653194,0.06647321621616355,class=107:n01910747.pkl:0;n01910747.pkl:1;n01910747.pkl:2|class=720:n03937543.pkl:0;n03937543.pkl:1;n03937543.pkl:2|class=134:n02012849.pkl:0;n02012849.pkl:1;n02012849.pkl:2
swin,172,172,+,63,40,21,7,0.06359872704342732,0.1255338796202397,0.027798453631872094,0.09236874166779115,0.5953148617923371,0.19112713314536986,class=290:n02128925.pkl:0;n02128925.pkl:3;n02128925.pkl:4|class=581:n03459775.pkl:5;n03459775.pkl:8;n03459775.pkl:20|class=658:n03775071.pkl:0;n03775071.pkl:26;n03775071.pkl:29
swin,173,173,+,55,38,21,8,0.08388405853649877,0.1286070739931668,0.031512507285634615,0.06372385194293798,0.7098677345291377,0.09253086963148217,class=115:n01950731.pkl:1;n01950731.pkl:7;n01950731.pkl:8|class=661:n03777568.pkl:0;n03777568.pkl:1;n03777568.pkl:5|class=670:n03791053.pkl:6;n03791053.pkl:16;n03791053.pkl:19
swin,174,174,+,72,49,30,15,0.10950963885168467,0.1685908736286126,0.05051650241718251,0.11050857671184829,0.6972019966585989,0.0803538762781326,class=779:n04146614.pkl:0;n04146614.pkl:3;n04146614.pkl:4|class=127:n02002556.pkl:4;n02002556.pkl:5;n02002556.pkl:6|class=826:n04328186.pkl:0;n04328186.pkl:1;n04328186.pkl:3
swin,175,175,+,165,117,88,57,0.17047066564684593,0.22670971700024412,0.09122147445340024,0.15737563983606045,0.7906821640328687,0.02409895974750374,class=927:n07613480.pkl:0;n07613480.pkl:1;n07613480.pkl:2|class=48:n01695060.pkl:2;n01695060.pkl:3;n01695060.pkl:4|class=216:n02101556.pkl:0;n02101556.pkl:1;n02101556.pkl:2
swin,176,176,+,86,60,34,19,0.10672482978193085,0.16738203809655322,0.04817549987669216,0.10731352835620174,0.7136402965882991,0.06932554542445889,class=574:n03445777.pkl:0;n03445777.pkl:1;n03445777.pkl:3|class=32:n01644900.pkl:2;n01644900.pkl:8;n01644900.pkl:9|class=623:n03658185.pkl:3;n03658185.pkl:7;n03658185.pkl:8
swin,177,177,+,174,130,94,50,0.15149639905368548,0.2215494285807831,0.0819280775927431,0.16597805698382057,0.7696710421772237,0.029334879647776944,class=59:n01739381.pkl:0;n01739381.pkl:3;n01739381.pkl:4|class=983:n10565667.pkl:0;n10565667.pkl:1;n10565667.pkl:2|class=20:n01601694.pkl:0;n01601694.pkl:1;n01601694.pkl:2
swin,178,178,+,103,75,48,21,0.101253693420406,0.16264180218646113,0.04733823028795618,0.11149615096683037,0.7163682103348452,0.06356776312994879,class=713:n03924679.pkl:0;n03924679.pkl:2;n03924679.pkl:3|class=832:n04346328.pkl:1;n04346328.pkl:3;n04346328.pkl:5|class=698:n03877845.pkl:4;n03877845.pkl:5;n03877845.pkl:6
swin,179,179,+,55,32,20,8,0.099734354471627,0.17225000850212435,0.038722443610040014,0.09915925110089846,0.631065722958803,0.1374098225249615,class=992:n12998815.pkl:1;n12998815.pkl:3;n12998815.pkl:4|class=454:n02871525.pkl:6;n02871525.pkl:11;n02871525.pkl:19|class=466:n02917067.pkl:20;n02917067.pkl:24;n02917067.pkl:40
swin,180,180,+,70,41,24,7,0.08074210559376079,0.16213085772745076,0.03022196308903917,0.08264289696519488,0.6299812775451065,0.12110943078613029,class=407:n02701002.pkl:3;n02701002.pkl:4;n02701002.pkl:7|class=104:n01877812.pkl:1;n01877812.pkl:2;n01877812.pkl:3|class=849:n04398044.pkl:2;n04398044.pkl:3;n04398044.pkl:7
swin,181,181,+,71,40,28,12,0.08943556473852422,0.15966996443846215,0.04215831921920225,0.11779294979151629,0.6413400726744232,0.12403917478421642,class=389:n02514041.pkl:0;n02514041.pkl:4;n02514041.pkl:5|class=66:n01753488.pkl:4;n01753488.pkl:8;n01753488.pkl:10|class=800:n04243546.pkl:1;n04243546.pkl:2;n04243546.pkl:5
swin,182,182,+,81,48,29,15,0.09971531223260022,0.1953651429665412,0.05106959164722263,0.13645713978429838,0.639778636152336,0.10048764611231915,class=257:n02111500.pkl:0;n02111500.pkl:2;n02111500.pkl:3|class=292:n02129604.pkl:0;n02129604.pkl:1;n02129604.pkl:3|class=38:n01675722.pkl:0;n01675722.pkl:2;n01675722.pkl:3
swin,183,183,+,102,73,50,27,0.14308369490887657,0.21622732615015153,0.07385513321806854,0.15632360926570738,0.7208573766063985,0.053726477432413586,class=80:n01795545.pkl:0;n01795545.pkl:2;n01795545.pkl:4|class=825:n04326547.pkl:0;n04326547.pkl:2;n04326547.pkl:3|class=39:n01677366.pkl:0;n01677366.pkl:1;n01677366.pkl:2
swin,184,184,+,29,17,8,4,0.058227859955963815,0.09135561478397221,0.01976815814058763,0.04309624711273796,0.6273464774687856,0.19837126390036672,class=625:n03662601.pkl:6;n03662601.pkl:8;n03662601.pkl:12|class=997:n13054560.pkl:0;n13054560.pkl:11;n13054560.pkl:23|class=336:n02361337.pkl:15;n02361337.pkl:17;n02361337.pkl:20
swin,185,185,+,73,47,30,15,0.11296588351071121,0.16414414653933396,0.04091879266317942,0.07921428810844783,0.7270705833704815,0.06503658513261226,class=779:n04146614.pkl:1;n04146614.pkl:6;n04146614.pkl:7|class=727:n03956157.pkl:4;n03956157.pkl:6;n03956157.pkl:18|class=855:n04423845.pkl:12;n04423845.pkl:16;n04423845.pkl:17
swin,187,187,+,147,104,77,47,0.1649529221694261,0.22244182396204995,0.0794267201137007,0.15546206216890518,0.7699974733936664,0.03286415192144147,class=98:n01855032.pkl:0;n01855032.pkl:1;n01855032.pkl:2|class=276:n02117135.pkl:0;n02117135.pkl:1;n02117135.pkl:2|class=780:n04147183.pkl:0;n04147183.pkl:1;n04147183.pkl:2
swin,188,188,+,165,107,81,37,0.07137104339286393,0.1096945096246348,0.03641462777650508,0.07174043018051166,0.7946710506933086,0.0295835816974587,class=175:n02091635.pkl:0;n02091635.pkl:1;n02091635.pkl:2|class=465:n02916936.pkl:2;n02916936.pkl:6;n02916936.pkl:8|class=170:n02090721.pkl:4;n02090721.pkl:5;n02090721.pkl:13
swin,189,189,+,75,54,34,17,0.13242589846379058,0.20027039620470502,0.06483689801765077,0.1526349034853619,0.673774185926639,0.08722611093916845,class=347:n02410509.pkl:2;n02410509.pkl:3;n02410509.pkl:4|class=847:n04389033.pkl:3;n04389033.pkl:4;n04389033.pkl:5|class=148:n02071294.pkl:0;n02071294.pkl:1;n02071294.pkl:2
swin,190,190,+,68,50,25,17,0.10434472672951535,0.15884367314204015,0.04446428618474873,0.09230483356419118,0.719274123899337,0.07808078789343145,class=261:n02112350.pkl:0;n02112350.pkl:1;n02112350.pkl:2|class=703:n03891251.pkl:0;n03891251.pkl:2;n03891251.pkl:3|class=157:n02086910.pkl:0;n02086910.pkl:1;n02086910.pkl:2
swin,191,191,+,74,60,40,16,0.12702152367267977,0.17916794138512096,0.049393994503516246,0.10578811696199211,0.7348656342181366,0.07549953401343909,class=734:n03977966.pkl:2;n03977966.pkl:3;n03977966.pkl:4|class=997:n13054560.pkl:0;n13054560.pkl:2;n13054560.pkl:3|class=17:n01580077.pkl:1;n01580077.pkl:6;n01580077.pkl:8
swin,192,192,+,76,49,37,23,0.1554427235328499,0.22341288110113583,0.0732680246809213,0.14106188340666867,0.7195461757798409,0.06193059468310074,class=881:n04515003.pkl:1;n04515003.pkl:5;n04515003.pkl:6|class=925:n07584110.pkl:1;n07584110.pkl:3;n07584110.pkl:5|class=707:n03902125.pkl:2;n03902125.pkl:4;n03902125.pkl:7
swin,193,193,+,71,49,31,17,0.10422369169628344,0.14842667500534276,0.03637700274705523,0.06179260382523308,0.7613521803130145,0.05472517314699904,class=236:n02107142.pkl:0;n02107142.pkl:4;n02107142.pkl:12|class=275:n02116738.pkl:3;n02116738.pkl:20;n02116738.pkl:30|class=476:n02966193.pkl:11;n02966193.pkl:12;n02966193.pkl:22
swin,194,194,+,75,45,31,17,0.12538524847339294,0.19513672780587948,0.062463611343800816,0.13214584064616083,0.6928109236620288,0.07300821326584764,class=949:n07745940.pkl:0;n07745940.pkl:4;n07745940.pkl:5|class=19:n01592084.pkl:0;n01592084.pkl:6;n01592084.pkl:9|class=916:n06359193.pkl:2;n06359193.pkl:3;n06359193.pkl:5
swin,195,195,+,100,69,44,24,0.1360129474413141,0.21640436952206682,0.06986754363823432,0.1559519880636531,0.701945028699611,0.05982311552757102,class=154:n02086079.pkl:0;n02086079.pkl:2;n02086079.pkl:3|class=573:n03444034.pkl:0;n03444034.pkl:1;n03444034.pkl:2|class=155:n02086240.pkl:0;n02086240.pkl:1;n02086240.pkl:2
swin,196,196,+,76,52,28,12,0.09889489117399969,0.1699353944740196,0.047260995919945925,0.10821041243602654,0.6746056335461812,0.08213719333289694,class=86:n01807496.pkl:0;n01807496.pkl:1;n01807496.pkl:2|class=869:n04479046.pkl:0;n04479046.pkl:1;n04479046.pkl:3|class=94:n01833805.pkl:1;n01833805.pkl:2;n01833805.pkl:3
swin,197,197,+,105,66,49,22,0.1200161378632738,0.1867460533100885,0.05405733839549707,0.12496903774520945,0.70990286495571,0.060422456197035616,class=682:n03837869.pkl:0;n03837869.pkl:1;n03837869.pkl:3|class=316:n02256656.pkl:1;n02256656.pkl:2;n02256656.pkl:3|class=326:n02281787.pkl:1;n02281787.pkl:11;n02281787.pkl:17
swin,198,198,+,101,66,49,24,0.13014504619241338,0.19831716483979872,0.06270952615128789,0.13626388014685306,0.7161343213999065,0.05665007248587364,class=963:n07873807.pkl:0;n07873807.pkl:1;n07873807.pkl:2|class=479:n02974003.pkl:5;n02974003.pkl:9;n02974003.pkl:10|class=897:n04554684.pkl:3;n04554684.pkl:6;n04554684.pkl:9
swin,199,199,+,43,20,8,3,0.05972692819039719,0.1531948347494555,0.024984268237753248,0.09554497488761429,0.4525699316718623,0.36336156658507995,class=993:n13037406.pkl:0;n13037406.pkl:3;n13037406.pkl:4|class=991:n12985857.pkl:5;n12985857.pkl:6;n12985857.pkl:8|class=872:n04485082.pkl:57;n04485082.pkl:59;n04485082.pkl:82
swin,200,200,+,66,47,27,11,0.09337372457299972,0.16104660548761815,0.039496168836783016,0.08743046036376342,0.679560988044284,0.08939727449852533,class=723:n03944341.pkl:0;n03944341.pkl:3;n03944341.pkl:4|class=491:n03000684.pkl:6;n03000684.pkl:8;n03000684.pkl:10|class=93:n01829413.pkl:1;n01829413.pkl:3;n01829413.pkl:4
swin,201,201,+,123,90,64,34,0.17151467206161844,0.24263746226057284,0.08927937384333419,0.17936616866934788,0.7390116343580754,0.040945177385890756,class=229:n02105641.pkl:0;n02105641.pkl:2;n02105641.pkl:3|class=867:n04467665.pkl:1;n04467665.pkl:2;n04467665.pkl:3|class=9:n01518878.pkl:0;n01518878.pkl:1;n01518878.pkl:2
swin,202,202,+,94,69,49,28,0.17580055036414602,0.24030451452124824,0.08117864355283956,0.16663346975581583,0.7328225930541595,0.05546254884557536,class=239:n02107683.pkl:0;n02107683.pkl:2;n02107683.pkl:3|class=321:n02276258.pkl:0;n02276258.pkl:1;n02276258.pkl:2|class=365:n02480495.pkl:2;n02480495.pkl:5;n02480495.pkl:9
swin,203,203,+,60,40,22,10,0.09522938634877481,0.13814806949082536,0.0299134300206571,0.054863085318079076,0.7369222529899531,0.07272972372033643,class=304:n02169497.pkl:17;n02169497.pkl:20;n02169497.pkl:29|class=0:n01440764.pkl:2;n01440764.pkl:13;n01440764.pkl:16|class=501:n03045698.pkl:5;n03045698.pkl:16;n03045698.pkl:26
swin,204,204,+,85,61,41,23,0.14121078894413203,0.20649934670384776,0.06532735960396403,0.13016163607613618,0.7276823699743871,0.058469005256290715,class=940:n07716906.pkl:0;n07716906.pkl:1;n07716906.pkl:5|class=644:n03729826.pkl:0;n03729826.pkl:6;n03729826.pkl:7|class=942:n07717556.pkl:0;n07717556.pkl:2;n07717556.pkl:3
swin,205,205,+,94,68,45,24,0.12914674078921137,0.18035759062492443,0.053157724422386816,0.10619470280653485,0.7479274914515397,0.05309488606332437,class=603:n03538406.pkl:1;n03538406.pkl:2;n03538406.pkl:4|class=287:n02127052.pkl:0;n02127052.pkl:3;n02127052.pkl:6|class=908:n04592741.pkl:0;n04592741.pkl:1;n04592741.pkl:2
swin,206,206,+,84,56,34,14,0.08408278411920365,0.12530095423337825,0.02942363490328135,0.05820524521137956,0.7519835769987625,0.05849042849832373,class=252:n02110627.pkl:1;n02110627.pkl:4;n02110627.pkl:6|class=676:n03803284.pkl:0;n03803284.pkl:5;n03803284.pkl:11|class=46:n01693334.pkl:5;n01693334.pkl:17;n01693334.pkl:27
swin,207,207,+,73,56,31,8,0.07291233270080276,0.10856747105619052,0.024486603317634238,0.055605400806866524,0.745415065650141,0.08433916834306224,class=299:n02138441.pkl:0;n02138441.pkl:1;n02138441.pkl:5|class=511:n03100240.pkl:0;n03100240.pkl:6;n03100240.pkl:8|class=204:n02098413.pkl:5;n02098413.pkl:34;n02098413.pkl:50
swin,208,208,+,119,81,47,21,0.10850450292641695,0.19074837450376905,0.054973464800352034,0.13170350637230982,0.6925144861725342,0.056636052421004265,class=199:n02097298.pkl:0;n02097298.pkl:1;n02097298.pkl:2|class=404:n02690373.pkl:5;n02690373.pkl:6;n02690373.pkl:7|class=364:n02457408.pkl:0;n02457408.pkl:1;n02457408.pkl:2
swin,209,209,+,77,54,33,17,0.1023960786691739,0.1678324073360612,0.04632479983859955,0.09584068388065113,0.7150042339909266,0.06857513215542013,class=224:n02105056.pkl:0;n02105056.pkl:5;n02105056.pkl:6|class=37:n01669191.pkl:1;n01669191.pkl:2;n01669191.pkl:3|class=798:n04238763.pkl:1;n04238763.pkl:7;n04238763.pkl:11
swin,210,210,+,89,61,37,8,0.06860401670944602,0.09990933246468488,0.02335969591135148,0.050836803179133964,0.7580366455630493,0.06445071269520447,class=271:n02114712.pkl:2;n02114712.pkl:13;n02114712.pkl:18|class=451:n02865351.pkl:11;n02865351.pkl:12;n02865351.pkl:22|class=736:n03982430.pkl:15;n03982430.pkl:19;n03982430.pkl:21
swin,211,211,+,75,44,28,10,0.07983909660646528,0.14404846337301713,0.03171059068523218,0.08039530570072596,0.673347499270847,0.09903543155048232,class=951:n07749582.pkl:1;n07749582.pkl:2;n07749582.pkl:3|class=940:n07716906.pkl:2;n07716906.pkl:4;n07716906.pkl:12|class=123:n01984695.pkl:0;n01984695.pkl:2;n01984695.pkl:10
swin,212,212,+,75,50,30,10,0.06600839293346973,0.10623447031490682,0.027784662767360527,0.05620925950150129,0.7329744755918869,0.06790210834077483,class=698:n03877845.pkl:2;n03877845.pkl:7;n03877845.pkl:15|class=616:n03627232.pkl:0;n03627232.pkl:2;n03627232.pkl:4|class=718:n03933933.pkl:0;n03933933.pkl:13;n03933933.pkl:18
swin,213,213,+,68,47,28,11,0.10390837920469365,0.17676633706376824,0.05069609021141813,0.1257214365828207,0.6546149337250099,0.10514593850321512,class=68:n01756291.pkl:0;n01756291.pkl:1;n01756291.pkl:2|class=66:n01753488.pkl:4;n01753488.pkl:5;n01753488.pkl:6|class=163:n02088466.pkl:2;n02088466.pkl:3;n02088466.pkl:14
swin,214,214,+,100,83,47,32,0.16858059201483988,0.20796832695634854,0.07032236100564497,0.11692461847769337,0.7813078293994773,0.03764553738331582,class=278:n02119789.pkl:0;n02119789.pkl:1;n02119789.pkl:3|class=449:n02859443.pkl:1;n02859443.pkl:2;n02859443.pkl:6|class=917:n06596364.pkl:0;n06596364.pkl:2;n06596364.pkl:3
swin,215,215,+,142,106,79,43,0.13784895378474307,0.17908073413537978,0.06066886140592812,0.11478143477460105,0.7901006905141563,0.03224937561761334,class=143:n02037110.pkl:0;n02037110.pkl:2;n02037110.pkl:3|class=136:n02017213.pkl:0;n02017213.pkl:1;n02017213.pkl:2|class=283:n02123394.pkl:0;n02123394.pkl:1;n02123394.pkl:3
swin,216,216,+,59,38,17,7,0.07573160640474885,0.13869359089269845,0.028374336771411737,0.08369906109452452,0.6037705653609867,0.16443071257796638,class=439:n02817516.pkl:1;n02817516.pkl:2;n02817516.pkl:3|class=937:n07714990.pkl:0;n07714990.pkl:2;n07714990.pkl:3|class=400:n02669723.pkl:17;n02669723.pkl:21;n02669723.pkl:23
swin,217,217,+,94,62,41,19,0.102697225062616,0.16775005179615787,0.04566978540986579,0.101976871716844,0.7144093360821016,0.06368001497906091,class=500:n03042490.pkl:0;n03042490.pkl:6;n03042490.pkl:8|class=889:n04536866.pkl:1;n04536866.pkl:3;n04536866.pkl:5|class=476:n02966193.pkl:3;n02966193.pkl:4;n02966193.pkl:12
swin,218,218,+,74,49,30,13,0.10032256663482071,0.17043520698314163,0.04601380536741703,0.11059128619653952,0.6732238598957975,0.09157445698380966,class=141:n02028035.pkl:1;n02028035.pkl:2;n02028035.pkl:4|class=815:n04275548.pkl:2;n04275548.pkl:3;n04275548.pkl:4|class=979:n09468604.pkl:5;n09468604.pkl:10;n09468604.pkl:14
swin,219,219,+,71,48,28,10,0.08102120708703758,0.14289040154336602,0.03686617449335436,0.09694673499952502,0.6648016842764713,0.11148291931217874,class=168:n02090379.pkl:0;n02090379.pkl:7;n02090379.pkl:13|class=375:n02488702.pkl:0;n02488702.pkl:5;n02488702.pkl:6|class=159:n02087394.pkl:5;n02087394.pkl:18;n02087394.pkl:42
swin,220,220,+,73,45,27,12,0.09751448013914243,0.1637885321365783,0.03944890360763307,0.09555631913282678,0.6799521578621915,0.09407457462676613,class=367:n02481823.pkl:0;n02481823.pkl:3;n02481823.pkl:5|class=33:n01664065.pkl:3;n01664065.pkl:4;n01664065.pkl:5|class=30:n01641577.pkl:1;n01641577.pkl:2;n01641577.pkl:7
swin,221,221,+,103,69,42,17,0.09090602616023637,0.15585857955520524,0.04063925253019833,0.10528900847309121,0.6897809650903169,0.07487719273932002,class=976:n09399592.pkl:0;n09399592.pkl:1;n09399592.pkl:2|class=142:n02033041.pkl:0;n02033041.pkl:1;n02033041.pkl:4|class=846:n04380533.pkl:2;n04380533.pkl:4;n04380533.pkl:5
swin,222,222,+,65,47,25,7,0.0645611101105807,0.11075620126596078,0.02437908724336157,0.05681752517865066,0.710522885023464,0.09894807009528195,class=595:n03496892.pkl:0;n03496892.pkl:7;n03496892.pkl:10|class=364:n02457408.pkl:3;n02457408.pkl:10;n02457408.pkl:15|class=658:n03775071.pkl:14;n03775071.pkl:24;n03775071.pkl:32
swin,223,223,+,63,35,22,8,0.07608857027376231,0.1460252875175187,0.03191543704836727,0.082298547266978,0.6478674365609184,0.12141911740246482,class=84:n01806143.pkl:0;n01806143.pkl:2;n01806143.pkl:4|class=934:n07697537.pkl:0;n07697537.pkl:1;n07697537.pkl:2|class=508:n03085013.pkl:1;n03085013.pkl:5;n03085013.pkl:7
swin,224,224,+,96,66,41,20,0.10867349717407486,0.17056136254946622,0.048817132407982966,0.11571071545552641,0.7121470088343866,0.06894031544941592,class=290:n02128925.pkl:0;n02128925.pkl:1;n02128925.pkl:2|class=644:n03729826.pkl:0;n03729826.pkl:1;n03729826.pkl:3|class=697:n03877472.pkl:1;n03877472.pkl:2;n03877472.pkl:3
swin,225,225,+,95,67,40,17,0.10299084464015104,0.1708393084726875,0.04872203018681147,0.11054298502798561,0.7028797826283602,0.0647124311517149,class=956:n07760859.pkl:0;n07760859.pkl:1;n07760859.pkl:2|class=314:n02233338.pkl:0;n02233338.pkl:5;n02233338.pkl:6|class=417:n02782093.pkl:1;n02782093.pkl:3;n02782093.pkl:9
swin,226,226,+,106,64,48,27,0.11067741571798931,0.17638362602396654,0.051621108450287875,0.13323933114191422,0.7059407843889636,0.07228383039851628,class=388:n02510455.pkl:0;n02510455.pkl:1;n02510455.pkl:2|class=986:n12057211.pkl:1;n12057211.pkl:3;n12057211.pkl:4|class=56:n01734418.pkl:0;n01734418.pkl:1;n01734418.pkl:5
swin,227,227,+,53,34,19,6,0.0781173254718184,0.12728352214260816,0.019449045211145176,0.036972097949853865,0.7334763728220267,0.08705086841323152,class=181:n02093647.pkl:0;n02093647.pkl:1;n02093647.pkl:5|class=176:n02091831.pkl:1;n02091831.pkl:43;n02091831.pkl:52|class=701:n03888257.pkl:27;n03888257.pkl:35;n03888257.pkl:58
swin,228,228,+,77,55,38,15,0.13609344582662655,0.2053595125035676,0.0625804896798921,0.13901694201470072,0.6950227159941998,0.07707355266069738,class=293:n02130308.pkl:3;n02130308.pkl:4;n02130308.pkl:6|class=759:n04069434.pkl:4;n04069434.pkl:5;n04069434.pkl:6|class=628:n03673027.pkl:0;n03673027.pkl:6;n03673027.pkl:8
swin,229,229,+,52,34,22,8,0.09334182262351008,0.17714824767416787,0.049086006801874985,0.11930905299721163,0.6204204110126289,0.13284377427908103,class=322:n02277742.pkl:0;n02277742.pkl:2;n02277742.pkl:5|class=354:n02437312.pkl:1;n02437312.pkl:3;n02437312.pkl:6|class=202:n02098105.pkl:0;n02098105.pkl:1;n02098105.pkl:6
swin,230,230,+,69,36,25,12,0.10370079774354897,0.17501024851652117,0.04448285326772657,0.099401199770355,0.67372947186258,0.08686113998938905,class=908:n04592741.pkl:0;n04592741.pkl:2;n04592741.pkl:5|class=875:n04487394.pkl:2;n04487394.pkl:3;n04487394.pkl:6|class=936:n07714571.pkl:0;n07714571.pkl:3;n07714571.pkl:4
swin,231,231,+,111,71,47,24,0.13439248963447648,0.2182308641865891,0.07053789777241357,0.1568082198721228,0.6991730432297473,0.05353049443340877,class=22:n01614925.pkl:0;n01614925.pkl:2;n01614925.pkl:3|class=117:n01968897.pkl:0;n01968897.pkl:1;n01968897.pkl:2|class=946:n07730033.pkl:2;n07730033.pkl:5;n07730033.pkl:6
swin,232,232,+,79,46,29,15,0.09672716349499434,0.16593677955094124,0.040813327080268386,0.0987430601719149,0.6806394541002316,0.08675206290756138,class=664:n03782006.pkl:0;n03782006.pkl:1;n03782006.pkl:6|class=540:n03240683.pkl:1;n03240683.pkl:2;n03240683.pkl:4|class=228:n02105505.pkl:1;n02105505.pkl:3;n02105505.pkl:10
swin,233,233,+,91,45,29,13,0.08658066628213024,0.1625198834263039,0.0380846541003357,0.09349884339225335,0.6653752660264622,0.07722149659318422,class=658:n03775071.pkl:3;n03775071.pkl:6;n03775071.pkl:9|class=332:n02328150.pkl:1;n02328150.pkl:2;n02328150.pkl:6|class=479:n02974003.pkl:14;n02974003.pkl:16;n02974003.pkl:21
swin,234,234,+,82,56,43,20,0.12895367248058076,0.19009302269272607,0.0610314901665058,0.1347152994374731,0.7156001210459986,0.07161230267802768,class=288:n02128385.pkl:0;n02128385.pkl:1;n02128385.pkl:3|class=27:n01631663.pkl:0;n01631663.pkl:3;n01631663.pkl:5|class=1:n01443537.pkl:0;n01443537.pkl:1;n01443537.pkl:8
swin,235,235,+,101,71,44,17,0.1093029677067424,0.16693027163463534,0.04171319546525682,0.10403266477488256,0.71170384873494,0.07148545200984167,class=282:n02123159.pkl:3;n02123159.pkl:6;n02123159.pkl:8|class=900:n04562935.pkl:0;n04562935.pkl:4;n04562935.pkl:11|class=169:n02090622.pkl:0;n02090622.pkl:3;n02090622.pkl:5
swin,236,236,+,70,53,41,21,0.1493814240369138,0.1908391758967426,0.0679575888296228,0.1280248059868112,0.7542702195839277,0.06498645331122972,class=36:n01667778.pkl:0;n01667778.pkl:2;n01667778.pkl:4|class=294:n02132136.pkl:1;n02132136.pkl:2;n02132136.pkl:3|class=891:n04542943.pkl:3;n04542943.pkl:4;n04542943.pkl:6
swin,237,237,+,91,61,41,17,0.10613130500693758,0.1637842784878865,0.044487547536427946,0.10949006619269748,0.6994298725130883,0.07755173921230281,class=303:n02168699.pkl:0;n02168699.pkl:2;n02168699.pkl:3|class=365:n02480495.pkl:1;n02480495.pkl:3;n02480495.pkl:4|class=373:n02487347.pkl:0;n02487347.pkl:1;n02487347.pkl:5
swin,238,238,+,88,53,32,17,0.09736443581066818,0.16481290854609262,0.043876230444707794,0.09275352985291829,0.7034507325361513,0.06214678247240041,class=675:n03796401.pkl:2;n03796401.pkl:5;n03796401.pkl:6|class=317:n02259212.pkl:0;n02259212.pkl:1;n02259212.pkl:2|class=375:n02488702.pkl:0;n02488702.pkl:2;n02488702.pkl:3
swin,239,239,+,67,51,32,17,0.15344680014860979,0.19999789281171765,0.06645988735616984,0.128977281934712,0.7224012642764421,0.0711378130491851,class=355:n02437616.pkl:1;n02437616.pkl:2;n02437616.pkl:4|class=757:n04065272.pkl:2;n04065272.pkl:3;n04065272.pkl:4|class=611:n03598930.pkl:0;n03598930.pkl:1;n03598930.pkl:3
swin,240,240,+,80,44,23,16,0.09205938716328307,0.16243927405508204,0.04132093400300864,0.10446646826664815,0.660879233891712,0.09239573181043782,class=724:n03947888.pkl:1;n03947888.pkl:2;n03947888.pkl:3|class=576:n03447447.pkl:0;n03447447.pkl:3;n03447447.pkl:7|class=304:n02169497.pkl:4;n02169497.pkl:6;n02169497.pkl:13
swin,241,241,+,97,76,52,30,0.180077261906855,0.24589376022661416,0.09350664261102108,0.1686729124216583,0.7545584570687347,0.04385475952977741,class=335:n02356798.pkl:1;n02356798.pkl:2;n02356798.pkl:3|class=317:n02259212.pkl:1;n02259212.pkl:3;n02259212.pkl:6|class=644:n03729826.pkl:0;n03729826.pkl:3;n03729826.pkl:4
swin,242,242,+,64,42,24,6,0.06739802827958988,0.12134252701358257,0.027261335734525067,0.06847559625081025,0.677282401958741,0.1142069509147615,class=685:n03841143.pkl:3;n03841143.pkl:5;n03841143.pkl:7|class=873:n04486054.pkl:1;n04486054.pkl:4;n04486054.pkl:5|class=798:n04238763.pkl:0;n04238763.pkl:10;n04238763.pkl:14
swin,243,243,+,56,36,21,5,0.067703799982212,0.1183498649195104,0.024770685610854385,0.0666454383401334,0.6592396333310049,0.1471209003138557,class=133:n02011460.pkl:0;n02011460.pkl:1;n02011460.pkl:5|class=727:n03956157.pkl:2;n03956157.pkl:4;n03956157.pkl:22|class=831:n04344873.pkl:3;n04344873.pkl:12;n04344873.pkl:15
swin,244,244,+,82,51,32,14,0.08695562139224212,0.12819450320943296,0.03217580622157247,0.06332344873158159,0.7401184303634534,0.05942930312458414,class=716:n03930313.pkl:2;n03930313.pkl:4;n03930313.pkl:8|class=848:n04392985.pkl:3;n04392985.pkl:13;n04392985.pkl:18|class=43:n01688243.pkl:2;n01688243.pkl:5;n01688243.pkl:8
swin,245,245,+,229,201,166,103,0.24223365024225094,0.24514697929941195,0.1252468277051979,0.18394023084713262,0.8472707915718675,0.013785372093881232,class=741:n03998194.pkl:0;n03998194.pkl:1;n03998194.pkl:3|class=884:n04523525.pkl:1;n04523525.pkl:2;n04523525.pkl:5|class=640:n03717622.pkl:0;n03717622.pkl:1;n03717622.pkl:2
swin,246,246,+,99,71,50,31,0.15921072085797355,0.21415086870388225,0.0758514246627378,0.14810242472849727,0.7517432626925217,0.04860995845632775,class=332:n02328150.pkl:0;n02328150.pkl:1;n02328150.pkl:2|class=328:n02319095.pkl:0;n02319095.pkl:1;n02319095.pkl:2|class=668:n03788195.pkl:0;n03788195.pkl:4;n03788195.pkl:5
swin,247,247,+,64,47,33,17,0.1543620924603734,0.21329469752879623,0.06621055995406046,0.14411177610598622,0.6937958589205387,0.08964761881725855,class=300:n02165105.pkl:0;n02165105.pkl:3;n02165105.pkl:4|class=458:n02892201.pkl:1;n02892201.pkl:2;n02892201.pkl:4|class=8:n01514859.pkl:1;n01514859.pkl:4;n01514859.pkl:5
swin,248,248,+,98,66,44,28,0.14622380376819094,0.20862715276514066,0.06891341913695799,0.1410592727218312,0.7319869970171023,0.05295737837110265,class=72:n01773157.pkl:0;n01773157.pkl:1;n01773157.pkl:2|class=22:n01614925.pkl:3;n01614925.pkl:5;n01614925.pkl:6|class=527:n03180011.pkl:1;n03180011.pkl:2;n03180011.pkl:3
swin,249,249,+,95,67,44,25,0.1403617701764,0.20422552965441448,0.06931044948103467,0.13362167207412404,0.7376321127519012,0.04964937150841901,class=141:n02028035.pkl:6;n02028035.pkl:7;n02028035.pkl:8|class=258:n02111889.pkl:1;n02111889.pkl:4;n02111889.pkl:5|class=505:n03063689.pkl:0;n03063689.pkl:6;n03063689.pkl:7
swin,250,250,+,87,60,35,20,0.12494916197188687,0.1816603635678527,0.056127974409158315,0.11127560570273874,0.7279984145641719,0.05667172666060372,class=934:n07697537.pkl:0;n07697537.pkl:1;n07697537.pkl:2|class=46:n01693334.pkl:4;n01693334.pkl:7;n01693334.pkl:9|class=535:n03208938.pkl:0;n03208938.pkl:3;n03208938.pkl:9
swin,251,251,+,76,58,37,16,0.1410293984574125,0.20659942465306916,0.06024484859575932,0.12335994175043823,0.711970962486818,0.06832686583685198,class=918:n06785654.pkl:1;n06785654.pkl:3;n06785654.pkl:5|class=364:n02457408.pkl:0;n02457408.pkl:1;n02457408.pkl:2|class=360:n02444819.pkl:2;n02444819.pkl:3;n02444819.pkl:4
swin,252,252,+,124,90,69,22,0.10943082976535122,0.15873118269066191,0.04735111115489041,0.11235348883606754,0.7448600424645807,0.05346819997977775,class=324:n02280649.pkl:0;n02280649.pkl:1;n02280649.pkl:2|class=318:n02264363.pkl:0;n02264363.pkl:4;n02264363.pkl:8|class=803:n04252225.pkl:1;n04252225.pkl:7;n04252225.pkl:16
swin,253,253,+,62,43,28,14,0.10245982165194713,0.15240558343415928,0.04161207929883038,0.07886654575854288,0.7248288210021457,0.07406591374743451,class=107:n01910747.pkl:0;n01910747.pkl:1;n01910747.pkl:2|class=477:n02966687.pkl:4;n02966687.pkl:12;n02966687.pkl:18|class=119:n01978455.pkl:0;n01978455.pkl:8;n01978455.pkl:17
swin,254,254,+,113,81,59,28,0.1363026935029878,0.19157886639299593,0.05839347911188188,0.110279161652302,0.7603848755525587,0.04041266581278844,class=234:n02106550.pkl:1;n02106550.pkl:2;n02106550.pkl:4|class=205:n02099267.pkl:1;n02099267.pkl:4;n02099267.pkl:7|class=674:n03794056.pkl:1;n03794056.pkl:2;n03794056.pkl:4
swin,255,255,+,127,90,64,34,0.1373199755174305,0.20167406894118994,0.06564380973609174,0.14077991229553397,0.7400465675883627,0.04408915034028621,class=288:n02128385.pkl:0;n02128385.pkl:1;n02128385.pkl:2|class=221:n02102973.pkl:0;n02102973.pkl:1;n02102973.pkl:2|class=702:n03888605.pkl:0;n03888605.pkl:2;n03888605.pkl:3
swin,256,256,+,65,39,24,10,0.1027232121862778,0.19156752076978711,0.05095135630755412,0.13902849833419784,0.6087989953262625,0.12993137515873981,class=871:n04483307.pkl:0;n04483307.pkl:1;n04483307.pkl:2|class=25:n01629819.pkl:1;n01629819.pkl:5;n01629819.pkl:9|class=273:n02115641.pkl:3;n02115641.pkl:4;n02115641.pkl:14
swin,257,257,+,73,52,33,12,0.1302124215917711,0.20057070846661373,0.05935202520139379,0.13636835915619935,0.6683323541792391,0.08601444508277314,class=141:n02028035.pkl:0;n02028035.pkl:2;n02028035.pkl:5|class=825:n04326547.pkl:3;n04326547.pkl:4;n04326547.pkl:5|class=109:n01917289.pkl:1;n01917289.pkl:3;n01917289.pkl:4
swin,258,258,+,59,31,21,4,0.051430549212344474,0.07735807915110712,0.011484204181266316,0.01968760885524124,0.7839778815132655,0.06676093955708445,class=650:n03759954.pkl:11;n03759954.pkl:14;n03759954.pkl:19|class=545:n03271574.pkl:90;n03271574.pkl:96;n03271574.pkl:118|class=161:n02088238.pkl:10;n02088238.pkl:16;n02088238.pkl:26
swin,259,259,+,97,62,36,16,0.11740471875910327,0.21120067463503722,0.06187118901638174,0.16170961207943757,0.6489288391922936,0.08073365505567334,class=986:n12057211.pkl:0;n12057211.pkl:1;n12057211.pkl:2|class=670:n03791053.pkl:0;n03791053.pkl:5;n03791053.pkl:7|class=753:n04040759.pkl:3;n04040759.pkl:5;n04040759.pkl:6
swin,260,260,+,60,33,18,6,0.06819725471033236,0.12362984162429605,0.02530846897466149,0.06616448642726526,0.6367285400784694,0.1305779892418,class=913:n04606251.pkl:4;n04606251.pkl:10;n04606251.pkl:11|class=252:n02110627.pkl:0;n02110627.pkl:8;n02110627.pkl:11|class=581:n03459775.pkl:0;n03459775.pkl:8;n03459775.pkl:16
swin,261,261,+,82,62,38,17,0.1321496519610697,0.198188431595384,0.06528392348479282,0.14765763404068014,0.6919400597210205,0.07458088107613316,class=933:n07697313.pkl:0;n07697313.pkl:1;n07697313.pkl:2|class=967:n07920052.pkl:1;n07920052.pkl:3;n07920052.pkl:4|class=968:n07930864.pkl:0;n07930864.pkl:2;n07930864.pkl:4
swin,262,262,+,95,66,44,21,0.12485881758514478,0.18378753709018036,0.05677989197524522,0.11407044580337956,0.7276508385905238,0.053011112892014656,class=128:n02002724.pkl:1;n02002724.pkl:3;n02002724.pkl:4|class=37:n01669191.pkl:0;n01669191.pkl:3;n01669191.pkl:5|class=927:n07613480.pkl:1;n07613480.pkl:2;n07613480.pkl:3
swin,263,263,+,89,69,46,23,0.16070518811734755,0.23476358830105531,0.08542256341212186,0.17339739859207576,0.7176445400888052,0.05753264578841087,class=547:n03272562.pkl:1;n03272562.pkl:2;n03272562.pkl:3|class=221:n02102973.pkl:0;n02102973.pkl:1;n02102973.pkl:3|class=649:n03743016.pkl:0;n03743016.pkl:1;n03743016.pkl:2
swin,264,264,+,81,52,29,14,0.12182795972542856,0.20931962514408972,0.06479896500943166,0.15476274666329992,0.6537100348313251,0.08276822145983831,class=888:n04532670.pkl:0;n04532670.pkl:1;n04532670.pkl:2|class=11:n01531178.pkl:0;n01531178.pkl:4;n01531178.pkl:5|class=443:n02834397.pkl:0;n02834397.pkl:7;n02834397.pkl:8
swin,265,265,+,72,52,36,17,0.14433882344045137,0.2064544732990376,0.06791039524116792,0.14607935606137534,0.6985654148556752,0.0781536176569598,class=49:n01697457.pkl:1;n01697457.pkl:2;n01697457.pkl:5|class=31:n01644373.pkl:0;n01644373.pkl:3;n01644373.pkl:4|class=72:n01773157.pkl:5;n01773157.pkl:7;n01773157.pkl:9
swin,266,266,+,75,52,32,16,0.10563580979174168,0.16933270558894747,0.048273030707556376,0.12510745378113836,0.677621459974519,0.10288959891517824,class=81:n01796340.pkl:0;n01796340.pkl:1;n01796340.pkl:2|class=946:n07730033.pkl:0;n07730033.pkl:2;n07730033.pkl:6|class=783:n04153751.pkl:4;n04153751.pkl:7;n04153751.pkl:8
swin,267,267,+,79,49,35,13,0.07956658288335391,0.133233871326366,0.03258056406266628,0.0746630679624889,0.7243074229523366,0.07913460969239619,class=405:n02692877.pkl:2;n02692877.pkl:4;n02692877.pkl:5|class=703:n03891251.pkl:3;n03891251.pkl:13;n03891251.pkl:20|class=833:n04347754.pkl:9;n04347754.pkl:11;n04347754.pkl:12
swin,268,268,+,103,68,49,25,0.11531796240633368,0.16956601028034204,0.053935743488976666,0.10786713625683057,0.7465083719931587,0.048540556766252886,class=144:n02051845.pkl:4;n02051845.pkl:5;n02051845.pkl:6|class=86:n01807496.pkl:1;n01807496.pkl:2;n01807496.pkl:4|class=369:n02483708.pkl:0;n02483708.pkl:2;n02483708.pkl:3
swin,269,269,+,117,81,47,24,0.10635778985786683,0.16484231754143638,0.03951457615508179,0.08870218979095613,0.7346077554128857,0.05161634344434573,class=919:n06794110.pkl:1;n06794110.pkl:2;n06794110.pkl:3|class=296:n02134084.pkl:2;n02134084.pkl:4;n02134084.pkl:5|class=570:n03424325.pkl:0;n03424325.pkl:2;n03424325.pkl:5
swin,270,270,+,105,70,49,23,0.12423360943013477,0.19105936196681936,0.06232044103889482,0.1368384410402058,0.7212688326154288,0.055440005423912385,class=135:n02013706.pkl:0;n02013706.pkl:1;n02013706.pkl:2|class=974:n09288635.pkl:0;n09288635.pkl:1;n09288635.pkl:2|class=82:n01797886.pkl:0;n01797886.pkl:3;n01797886.pkl:10
swin,271,271,+,88,53,33,15,0.09517164418448329,0.16805533384274732,0.0361806399613066,0.08539696417537225,0.6906954240721506,0.07467034037465012,class=194:n02096437.pkl:2;n02096437.pkl:3;n02096437.pkl:4|class=81:n01796340.pkl:3;n01796340.pkl:4;n01796340.pkl:7|class=973:n09256479.pkl:1;n09256479.pkl:2;n09256479.pkl:11
swin,272,272,+,86,63,39,19,0.13587161270546785,0.20563398481078374,0.061378436734650446,0.13341928602677935,0.7042484576518502,0.06657024381730822,class=157:n02086910.pkl:0;n02086910.pkl:1;n02086910.pkl:2|class=372:n02486410.pkl:1;n02486410.pkl:2;n02486410.pkl:6|class=688:n03857828.pkl:1;n03857828.pkl:2;n03857828.pkl:4
swin,273,273,+,103,73,48,20,0.11909802274771517,0.2035486945475163,0.06330856600953312,0.15761885611398235,0.6822513419924391,0.0698890124582814,class=311:n02226429.pkl:1;n02226429.pkl:2;n02226429.pkl:3|class=312:n02229544.pkl:0;n02229544.pkl:2;n02229544.pkl:3|class=814:n04273569.pkl:0;n04273569.pkl:2;n04273569.pkl:3
swin,274,274,+,110,79,57,31,0.1673566075779601,0.23724481820900692,0.08167338373048183,0.1715004125071635,0.7313902636607494,0.049175416888996966,class=15:n01558993.pkl:0;n01558993.pkl:1;n01558993.pkl:2|class=93:n01829413.pkl:0;n01829413.pkl:1;n01829413.pkl:3|class=276:n02117135.pkl:0;n02117135.pkl:1;n02117135.pkl:2
swin,275,275,+,86,64,44,24,0.15587914933191357,0.21433487607868607,0.08023521551909081,0.15783652412252594,0.7295825948690361,0.056625213508583204,class=107:n01910747.pkl:1;n01910747.pkl:2;n01910747.pkl:3|class=479:n02974003.pkl:4;n02974003.pkl:9;n02974003.pkl:10|class=78:n01776313.pkl:3;n01776313.pkl:5;n01776313.pkl:7
swin,276,276,+,95,71,52,31,0.17689033826188705,0.2372184818750303,0.09199501741958223,0.17496904346752712,0.7469002116286204,0.0486039728322208,class=15:n01558993.pkl:0;n01558993.pkl:1;n01558993.pkl:2|class=658:n03775071.pkl:0;n03775071.pkl:4;n03775071.pkl:5|class=260:n02112137.pkl:1;n02112137.pkl:3;n02112137.pkl:4
swin,277,277,+,105,79,53,30,0.15482416395447834,0.2289030758721037,0.07584662026637626,0.1603569248297907,0.7273700227762816,0.052094791943258126,class=292:n02129604.pkl:0;n02129604.pkl:2;n02129604.pkl:4|class=319:n02268443.pkl:1;n02268443.pkl:2;n02268443.pkl:4|class=694:n03874293.pkl:0;n03874293.pkl:4;n03874293.pkl:8
swin,278,278,+,77,55,39,21,0.13211880618481306,0.2029930639697928,0.06490779137720254,0.1407353527929954,0.7032238951230014,0.0740421238106171,class=956:n07760859.pkl:0;n07760859.pkl:1;n07760859.pkl:2|class=95:n01843065.pkl:0;n01843065.pkl:1;n01843065.pkl:4|class=990:n12768682.pkl:0;n12768682.pkl:1;n12768682.pkl:3
swin,279,279,+,101,68,42,20,0.10193876388937963,0.15165615493876233,0.0400595603631872,0.08172472839491307,0.7414968812567512,0.05110820290367748,class=22:n01614925.pkl:0;n01614925.pkl:2;n01614925.pkl:5|class=889:n04536866.pkl:3;n04536866.pkl:5;n04536866.pkl:7|class=729:n03961711.pkl:2;n03961711.pkl:6;n03961711.pkl:8
swin,280,280,+,98,69,42,15,0.09775653875494039,0.15364247387852603,0.040961249803990366,0.08519045856632948,0.7282517389166154,0.054341755126561975,class=578:n03450230.pkl:4;n03450230.pkl:7;n03450230.pkl:11|class=960:n07836838.pkl:1;n07836838.pkl:3;n07836838.pkl:5|class=455:n02877765.pkl:0;n02877765.pkl:2;n02877765.pkl:5
swin,281,281,+,71,49,29,13,0.11424445221339564,0.19449221612560058,0.05683694444280129,0.16441276168107882,0.6118017418538049,0.13194038721240736,class=24:n01622779.pkl:0;n01622779.pkl:1;n01622779.pkl:2|class=13:n01534433.pkl:0;n01534433.pkl:1;n01534433.pkl:2|class=757:n04065272.pkl:1;n04065272.pkl:2;n04065272.pkl:3
swin,282,282,+,101,69,46,18,0.11870278271031975,0.185494616417432,0.0539971232386853,0.13086080258595445,0.7078131842085726,0.06805190333893268,class=137:n02018207.pkl:0;n02018207.pkl:1;n02018207.pkl:2|class=443:n02834397.pkl:0;n02834397.pkl:5;n02834397.pkl:7|class=92:n01828970.pkl:0;n01828970.pkl:1;n01828970.pkl:3
swin,283,283,+,53,30,23,10,0.09421585035240361,0.15821573658940702,0.040965007867686774,0.11267256904163753,0.6268371512429588,0.16160422580521167,class=71:n01770393.pkl:0;n01770393.pkl:1;n01770393.pkl:2|class=681:n03832673.pkl:3;n03832673.pkl:4;n03832673.pkl:8|class=402:n02676566.pkl:4;n02676566.pkl:5;n02676566.pkl:11
swin,284,284,+,79,45,29,12,0.07043209700285617,0.12040267406826279,0.02515862922720472,0.059658305985901994,0.7031438667006598,0.08383541050083843,class=121:n01981276.pkl:1;n01981276.pkl:3;n01981276.pkl:7|class=970:n09193705.pkl:9;n09193705.pkl:10;n09193705.pkl:17|class=675:n03796401.pkl:1;n03796401.pkl:2;n03796401.pkl:13
swin,285,285,+,53,37,22,12,0.09572967699562063,0.13502947291953252,0.03272045963431229,0.06208880362615947,0.72082921173557,0.08680579382996155,class=741:n03998194.pkl:0;n03998194.pkl:1;n03998194.pkl:9|class=437:n02814860.pkl:3;n02814860.pkl:17;n02814860.pkl:19|class=398:n02666196.pkl:7;n02666196.pkl:12;n02666196.pkl:14
swin,286,286,+,75,51,33,15,0.1001592867982852,0.1478777448037452,0.039970521446912675,0.07957301853076804,0.7345954030285876,0.0661767359698991,class=959:n07831146.pkl:1;n07831146.pkl:2;n07831146.pkl:3|class=493:n03016953.pkl:2;n03016953.pkl:5;n03016953.pkl:11|class=973:n09256479.pkl:2;n09256479.pkl:6;n09256479.pkl:14
swin,287,287,+,55,34,19,12,0.11264849025555848,0.18893906452238043,0.0578284103539188,0.12269772163139883,0.6581596528008871,0.10003353612776526,class=449:n02859443.pkl:0;n02859443.pkl:1;n02859443.pkl:3|class=123:n01984695.pkl:2;n01984695.pkl:3;n01984695.pkl:4|class=101:n01871265.pkl:0;n01871265.pkl:3;n01871265.pkl:12
swin,288,288,+,103,57,35,10,0.06854015422481603,0.13896166066511084,0.02960263554833894,0.09667500163163611,0.6382124726593447,0.11325403880228667,class=460:n02894605.pkl:0;n02894605.pkl:1;n02894605.pkl:3|class=405:n02692877.pkl:2;n02692877.pkl:3;n02692877.pkl:4|class=358:n02443114.pkl:3;n02443114.pkl:13;n02443114.pkl:21
swin,289,289,+,54,30,18,4,0.05558788283532832,0.10544862864794814,0.01932009808691726,0.05653961204942865,0.6609987458233324,0.17711488553920895,class=29:n01632777.pkl:0;n01632777.pkl:3;n01632777.pkl:7|class=653:n03764736.pkl:21;n03764736.pkl:56;n03764736.pkl:109|class=614:n03617480.pkl:25;n03617480.pkl:26;n03617480.pkl:38
swin,290,290,+,64,45,28,10,0.10664754069494936,0.15716212673197083,0.029116288465779357,0.05952444990594422,0.735247853170133,0.08092884914776598,class=998:n13133613.pkl:0;n13133613.pkl:2;n13133613.pkl:6|class=349:n02415577.pkl:10;n02415577.pkl:11;n02415577.pkl:12|class=981:n09835506.pkl:13;n09835506.pkl:19;n09835506.pkl:23
swin,291,291,+,65,41,25,3,0.046557355402896225,0.07099042528214408,0.0144097743971959,0.029899107596374673,0.7581019654269586,0.08161979716703185,class=679:n03814906.pkl:5;n03814906.pkl:10;n03814906.pkl:12|class=349:n02415577.pkl:6;n02415577.pkl:10;n02415577.pkl:21|class=962:n07871810.pkl:5;n07871810.pkl:7;n07871810.pkl:23
swin,292,292,+,53,27,18,4,0.057795709472027244,0.1130598245877078,0.019895423602923023,0.050771565836399066,0.6437999750371897,0.1417416044029737,class=908:n04592741.pkl:0;n04592741.pkl:4;n04592741.pkl:5|class=491:n03000684.pkl:0;n03000684.pkl:5;n03000684.pkl:8|class=769:n04118776.pkl:3;n04118776.pkl:27;n04118776.pkl:31
swin,293,293,+,96,61,36,15,0.08098679942339997,0.14121719328605878,0.03445299512834933,0.10205561449305824,0.665692877974147,0.10181717381982583,class=198:n02097209.pkl:0;n02097209.pkl:4;n02097209.pkl:5|class=634:n03697007.pkl:0;n03697007.pkl:3;n03697007.pkl:5|class=489:n03000134.pkl:5;n03000134.pkl:8;n03000134.pkl:11
swin,294,294,+,64,40,26,14,0.11025559768990789,0.17693722405363638,0.05074349352492069,0.1289194055415142,0.6549255227528975,0.11647964085780994,class=17:n01580077.pkl:0;n01580077.pkl:1;n01580077.pkl:2|class=344:n02398521.pkl:0;n02398521.pkl:1;n02398521.pkl:5|class=609:n03594945.pkl:1;n03594945.pkl:4;n03594945.pkl:11
swin,295,295,+,78,45,23,7,0.050623483569037356,0.08852671291039314,0.01790310778585433,0.03834688036073337,0.734394539032531,0.07163829187381175,class=43:n01688243.pkl:10;n01688243.pkl:11;n01688243.pkl:34|class=926:n07590611.pkl:11;n07590611.pkl:15;n07590611.pkl:18|class=499:n03041632.pkl:6;n03041632.pkl:19;n03041632.pkl:21
swin,296,296,+,79,54,38,23,0.15431684410705285,0.21991914773959814,0.07275858614267096,0.13981887043495894,0.7325316515524584,0.05940331618327111,class=53:n01728920.pkl:0;n01728920.pkl:1;n01728920.pkl:2|class=993:n13037406.pkl:1;n13037406.pkl:3;n13037406.pkl:4|class=77:n01775062.pkl:0;n01775062.pkl:7;n01775062.pkl:8
swin,297,297,+,92,58,35,15,0.10568158300168025,0.19876327607592606,0.0559025382626143,0.1553936400742134,0.6310061449224926,0.09485724771293985,class=143:n02037110.pkl:0;n02037110.pkl:2;n02037110.pkl:3|class=48:n01695060.pkl:1;n01695060.pkl:2;n01695060.pkl:3|class=324:n02280649.pkl:1;n02280649.pkl:4;n02280649.pkl:6
swin,298,298,+,133,80,53,18,0.05347713439669368,0.09298809117957675,0.024663446091103495,0.05695330757529487,0.7603646357736834,0.047612737768951814,class=917:n06596364.pkl:8;n06596364.pkl:11;n06596364.pkl:13|class=939:n07716358.pkl:2;n07716358.pkl:3;n07716358.pkl:5|class=856:n04428191.pkl:26;n04428191.pkl:39;n04428191.pkl:40
swin,299,299,+,85,61,37,22,0.1330817073706919,0.1884746140854826,0.05507702793927211,0.10502695819558149,0.7380257199878657,0.054544792120093395,class=6:n01498041.pkl:3;n01498041.pkl:4;n01498041.pkl:8|class=794:n04209239.pkl:3;n04209239.pkl:7;n04209239.pkl:8|class=341:n02395406.pkl:6;n02395406.pkl:7;n02395406.pkl:9
swin,300,300,+,87,68,51,26,0.17174242529661615,0.23075501235403853,0.08721507745492964,0.16326338450634892,0.7499816997413528,0.051772929798840836,class=19:n01592084.pkl:0;n01592084.pkl:3;n01592084.pkl:4|class=301:n02165456.pkl:0;n02165456.pkl:1;n02165456.pkl:2|class=992:n12998815.pkl:2;n12998815.pkl:3;n12998815.pkl:4
swin,301,301,+,106,77,50,26,0.12664384216252048,0.19929903185415618,0.06646562623257928,0.1464600279883217,0.7182995780153654,0.055241627658401606,class=12:n01532829.pkl:0;n01532829.pkl:1;n01532829.pkl:2|class=852:n04409515.pkl:0;n04409515.pkl:2;n04409515.pkl:5|class=704:n03891332.pkl:0;n03891332.pkl:2;n03891332.pkl:3
swin,302,302,+,93,60,33,15,0.09233360566210688,0.16935959881349097,0.042901483893596035,0.12074680264268782,0.6624481790788366,0.095929955431826,class=547:n03272562.pkl:1;n03272562.pkl:2;n03272562.pkl:3|class=89:n01819313.pkl:0;n01819313.pkl:1;n01819313.pkl:3|class=355:n02437616.pkl:1;n02437616.pkl:4;n02437616.pkl:5
swin,303,303,+,82,52,31,14,0.08608251453475771,0.1538673234958583,0.037125370786166394,0.08473256824291751,0.697837705148234,0.07572021181780546,class=0:n01440764.pkl:0;n01440764.pkl:6;n01440764.pkl:8|class=126:n01990800.pkl:1;n01990800.pkl:4;n01990800.pkl:8|class=116:n01955084.pkl:0;n01955084.pkl:5;n01955084.pkl:6
swin,304,304,+,115,82,53,31,0.13903587541697907,0.20764144800982423,0.06811214175612179,0.15291323512894997,0.7235850051769722,0.05252280311180721,class=30:n01641577.pkl:1;n01641577.pkl:2;n01641577.pkl:3|class=123:n01984695.pkl:0;n01984695.pkl:1;n01984695.pkl:2|class=3:n01491361.pkl:1;n01491361.pkl:4;n01491361.pkl:8
swin,305,305,+,81,45,26,15,0.10650599169407574,0.20291072192834864,0.05503579519109322,0.13982869524540115,0.6421959023009879,0.09203811457628719,class=500:n03042490.pkl:0;n03042490.pkl:1;n03042490.pkl:2|class=916:n06359193.pkl:2;n06359193.pkl:6;n06359193.pkl:7|class=87:n01817953.pkl:0;n01817953.pkl:3;n01817953.pkl:5
swin,306,306,+,98,73,53,32,0.14827790218154407,0.1880953256259773,0.06852589564042239,0.12070432391134873,0.7801061500231334,0.04186402538166529,class=55:n01729977.pkl:5;n01729977.pkl:8;n01729977.pkl:9|class=64:n01749939.pkl:1;n01749939.pkl:2;n01749939.pkl:4|class=668:n03788195.pkl:0;n03788195.pkl:1;n03788195.pkl:6
swin,307,307,+,78,54,32,15,0.1032389113663045,0.17614160036495505,0.050612259950527184,0.14113158445450302,0.657982198392451,0.11250839551688277,class=136:n02017213.pkl:0;n02017213.pkl:1;n02017213.pkl:2|class=270:n02114548.pkl:1;n02114548.pkl:3;n02114548.pkl:5|class=957:n07768694.pkl:3;n07768694.pkl:9;n07768694.pkl:12
swin,308,308,+,89,63,34,15,0.09313889586467124,0.15408050266410528,0.038041217109320825,0.09625645377854455,0.6935302924442812,0.08317437613112968,class=75:n01774384.pkl:1;n01774384.pkl:2;n01774384.pkl:5|class=164:n02088632.pkl:0;n02088632.pkl:1;n02088632.pkl:2|class=874:n04487081.pkl:2;n04487081.pkl:3;n04487081.pkl:5
swin,309,309,+,114,77,47,18,0.0828543156178064,0.1309138261218804,0.03523667380966476,0.07448082632597292,0.7528205950186476,0.04796364849033001,class=511:n03100240.pkl:0;n03100240.pkl:1;n03100240.pkl:4|class=225:n02105162.pkl:2;n02105162.pkl:5;n02105162.pkl:10|class=190:n02095889.pkl:13;n02095889.pkl:16;n02095889.pkl:17
swin,310,310,+,80,41,23,7,0.05950029364853725,0.13632352730463523,0.027448502193105045,0.11350589195100445,0.5308555688431822,0.2262516731260277,class=74:n01773797.pkl:1;n01773797.pkl:7;n01773797.pkl:11|class=938:n07715103.pkl:7;n07715103.pkl:9;n07715103.pkl:10|class=97:n01847000.pkl:1;n01847000.pkl:4;n01847000.pkl:8
swin,311,311,+,68,58,43,26,0.22237230363761887,0.2525766687045188,0.10366214527060204,0.17853537840990194,0.7600396414570278,0.05832725018113244,class=388:n02510455.pkl:1;n02510455.pkl:2;n02510455.pkl:3|class=953:n07753275.pkl:0;n07753275.pkl:1;n07753275.pkl:2|class=407:n02701002.pkl:1;n02701002.pkl:3;n02701002.pkl:4
swin,312,312,+,91,57,39,15,0.07380942589868301,0.11852096348695522,0.027033978192608124,0.05082123553129448,0.7650971604471734,0.04982453125784157,class=815:n04275548.pkl:5;n04275548.pkl:6;n04275548.pkl:8|class=701:n03888257.pkl:5;n03888257.pkl:10;n03888257.pkl:13|class=63:n01748264.pkl:13;n01748264.pkl:15;n01748264.pkl:25
swin,313,313,+,75,50,31,15,0.10793023184260939,0.16227769079298549,0.04439917055424263,0.08477309148634542,0.7283323548710924,0.06194103259922592,class=871:n04483307.pkl:0;n04483307.pkl:3;n04483307.pkl:4|class=295:n02133161.pkl:0;n02133161.pkl:2;n02133161.pkl:3|class=400:n02669723.pkl:2;n02669723.pkl:3;n02669723.pkl:9
swin,314,314,+,126,94,61,34,0.13614364511327226,0.18380658681857207,0.05618223866430013,0.10267626432035273,0.7725776016067886,0.03444417412500639,class=504:n03063599.pkl:0;n03063599.pkl:2;n03063599.pkl:4|class=535:n03208938.pkl:0;n03208938.pkl:1;n03208938.pkl:4|class=25:n01629819.pkl:1;n01629819.pkl:4;n01629819.pkl:7
swin,315,315,+,98,72,50,28,0.16942717327682003,0.2413588960898097,0.0881371685159579,0.17155754667261489,0.733977756204245,0.04886528696575333,class=493:n03016953.pkl:0;n03016953.pkl:1;n03016953.pkl:2|class=331:n02326432.pkl:2;n02326432.pkl:3;n02326432.pkl:6|class=101:n01871265.pkl:0;n01871265.pkl:6;n01871265.pkl:7
swin,316,316,+,86,68,47,22,0.17299332649177082,0.24464418586639727,0.09213743109664387,0.19721892802430166,0.7009210445326808,0.0649032847135084,class=408:n02704792.pkl:0;n02704792.pkl:1;n02704792.pkl:2|class=486:n02992211.pkl:2;n02992211.pkl:6;n02992211.pkl:8|class=72:n01773157.pkl:0;n01773157.pkl:1;n01773157.pkl:2
swin,317,317,+,59,37,22,13,0.09166370962984112,0.13634299826758264,0.03318979632234434,0.0582723490408744,0.7276005257014984,0.06919645405664858,class=949:n07745940.pkl:4;n07745940.pkl:7;n07745940.pkl:13|class=968:n07930864.pkl:5;n07930864.pkl:10;n07930864.pkl:15|class=146:n02058221.pkl:2;n02058221.pkl:4;n02058221.pkl:7
swin,318,318,+,108,77,51,25,0.10659929157752802,0.16676450809199875,0.0482532979870851,0.11082159399401897,0.730793344457354,0.05809873870203756,class=135:n02013706.pkl:0;n02013706.pkl:1;n02013706.pkl:2|class=815:n04275548.pkl:0;n04275548.pkl:2;n04275548.pkl:10|class=342:n02396427.pkl:6;n02396427.pkl:7;n02396427.pkl:14
swin,319,319,+,75,47,28,16,0.12130165458407409,0.19929647376509885,0.054378201617625105,0.1249872404620777,0.6722871314868637,0.08377350643253194,class=758:n04067472.pkl:1;n04067472.pkl:2;n04067472.pkl:3|class=498:n03032252.pkl:1;n03032252.pkl:6;n03032252.pkl:7|class=519:n03127925.pkl:0;n03127925.pkl:1;n03127925.pkl:5
swin,320,320,+,79,56,35,16,0.11915051567274626,0.19950767404332564,0.060854176541842546,0.15015321058705172,0.6661809284904733,0.08972397159586006,class=959:n07831146.pkl:0;n07831146.pkl:1;n07831146.pkl:4|class=407:n02701002.pkl:1;n02701002.pkl:2;n02701002.pkl:3|class=991:n12985857.pkl:0;n12985857.pkl:3;n12985857.pkl:4
swin,321,321,+,90,60,31,18,0.11086978703785329,0.1841116491535084,0.04619714720708587,0.10855994807565081,0.6880462575689361,0.07246843778842063,class=878:n04505470.pkl:0;n04505470.pkl:1;n04505470.pkl:2|class=87:n01817953.pkl:4;n01817953.pkl:5;n01817953.pkl:6|class=398:n02666196.pkl:0;n02666196.pkl:7;n02666196.pkl:8
swin,322,322,+,94,59,38,12,0.06599064395534551,0.10928799716442479,0.028064038385455705,0.06217116912609955,0.73388056312996,0.06284783989734319,class=436:n02814533.pkl:1;n02814533.pkl:4;n02814533.pkl:7|class=726:n03954731.pkl:5;n03954731.pkl:8;n03954731.pkl:12|class=785:n04162706.pkl:5;n04162706.pkl:9;n04162706.pkl:15
swin,323,323,+,104,69,46,29,0.1528531162576721,0.23064675495459874,0.07695032589191089,0.15861557053839104,0.7185315340870696,0.050469646567550125,class=884:n04523525.pkl:0;n04523525.pkl:1;n04523525.pkl:3|class=461:n02895154.pkl:0;n02895154.pkl:1;n02895154.pkl:2|class=282:n02123159.pkl:3;n02123159.pkl:5;n02123159.pkl:6
swin,324,324,+,63,35,17,10,0.09003461155771084,0.16950834557718272,0.041605853703567404,0.1018894903626309,0.6260246165816692,0.11106696746374345,class=685:n03841143.pkl:0;n03841143.pkl:1;n03841143.pkl:4|class=986:n12057211.pkl:5;n12057211.pkl:7;n12057211.pkl:10|class=483:n02980441.pkl:0;n02980441.pkl:5;n02980441.pkl:6
swin,325,325,+,91,72,50,25,0.16709995917602033,0.2306437783224889,0.08999080021762382,0.17809804015196123,0.730382818588658,0.05402984330798385,class=323:n02279972.pkl:0;n02279972.pkl:1;n02279972.pkl:2|class=394:n02640242.pkl:0;n02640242.pkl:2;n02640242.pkl:4|class=916:n06359193.pkl:0;n06359193.pkl:3;n06359193.pkl:4
swin,326,326,+,121,98,70,31,0.14889087058152367,0.19962634807133778,0.06729332332432962,0.14115755017235876,0.7504689925541898,0.04462907003428193,class=393:n02607072.pkl:0;n02607072.pkl:1;n02607072.pkl:2|class=762:n04081281.pkl:3;n04081281.pkl:4;n04081281.pkl:5|class=55:n01729977.pkl:0;n01729977.pkl:1;n01729977.pkl:7
swin,327,327,+,166,106,69,31,0.0836485026145209,0.14324292745337275,0.041334867819118666,0.09559919881449046,0.7534690415838244,0.038247195773513654,class=956:n07760859.pkl:0;n07760859.pkl:1;n07760859.pkl:2|class=591:n03485794.pkl:5;n03485794.pkl:7;n03485794.pkl:8|class=207:n02099601.pkl:2;n02099601.pkl:4;n02099601.pkl:8
swin,328,328,+,92,58,42,25,0.15444217220577655,0.23258949438738286,0.07828481239983323,0.15851884554212925,0.7185621666621826,0.055437134049911706,class=578:n03450230.pkl:1;n03450230.pkl:3;n03450230.pkl:4|class=165:n02089078.pkl:0;n02089078.pkl:1;n02089078.pkl:3|class=19:n01592084.pkl:0;n01592084.pkl:3;n01592084.pkl:4
swin,329,329,+,53,34,21,9,0.08954828438478792,0.1385243981407256,0.032552874786075325,0.06629225787127838,0.6993523842425957,0.09711553017031407,class=393:n02607072.pkl:0;n02607072.pkl:1;n02607072.pkl:2|class=915:n04613696.pkl:2;n04613696.pkl:4;n04613696.pkl:6|class=28:n01632458.pkl:1;n01632458.pkl:6;n01632458.pkl:8
swin,330,330,+,61,38,28,11,0.0878604839382228,0.13213339990571904,0.03099401468806768,0.06477561405318252,0.7180616170748385,0.08799749033485682,class=94:n01833805.pkl:1;n01833805.pkl:7;n01833805.pkl:14|class=611:n03598930.pkl:0;n03598930.pkl:2;n03598930.pkl:5|class=838:n04357314.pkl:5;n04357314.pkl:11;n04357314.pkl:18
swin,331,331,+,88,56,40,16,0.09047925787043111,0.14887411144108628,0.03766571707730253,0.07963263413629677,0.735398372610519,0.06215700444914904,class=795:n04228054.pkl:0;n04228054.pkl:2;n04228054.pkl:4|class=157:n02086910.pkl:0;n02086910.pkl:1;n02086910.pkl:3|class=406:n02699494.pkl:5;n02699494.pkl:9;n02699494.pkl:13
swin,332,332,+,93,56,35,15,0.09361288589109111,0.1667609158020068,0.04173211586740621,0.10205755519308699,0.678907768106606,0.07506091922371816,class=586:n03478589.pkl:0;n03478589.pkl:2;n03478589.pkl:3|class=466:n02917067.pkl:0;n02917067.pkl:2;n02917067.pkl:4|class=990:n12768682.pkl:1;n12768682.pkl:2;n12768682.pkl:7
swin,333,333,+,39,21,11,6,0.07996888885043855,0.13740723673695315,0.03142371873811149,0.0712442316887757,0.6198800566900244,0.15744231225814578,class=325:n02281406.pkl:3;n02281406.pkl:7;n02281406.pkl:8|class=916:n06359193.pkl:5;n06359193.pkl:9;n06359193.pkl:12|class=346:n02408429.pkl:11;n02408429.pkl:26;n02408429.pkl:32
swin,334,334,+,90,62,42,21,0.11792726307016733,0.17595865372769923,0.047544976479581745,0.10262282887016264,0.7314460362021199,0.06287610666117317,class=949:n07745940.pkl:0;n07745940.pkl:1;n07745940.pkl:3|class=546:n03272010.pkl:2;n03272010.pkl:4;n03272010.pkl:5|class=122:n01983481.pkl:0;n01983481.pkl:3;n01983481.pkl:4
swin,335,335,+,105,69,51,24,0.15481092034982258,0.23923947621541972,0.07962759386804548,0.18078355963315842,0.6973685801280631,0.05861475339179486,class=144:n02051845.pkl:0;n02051845.pkl:1;n02051845.pkl:2|class=985:n11939491.pkl:2;n11939491.pkl:3;n11939491.pkl:4|class=908:n04592741.pkl:2;n04592741.pkl:6;n04592741.pkl:7
swin,336,336,+,84,56,33,9,0.06449579107575516,0.10582120660187816,0.023674873882785438,0.0536906073763902,0.7403594399464645,0.07313162361847289,class=350:n02417914.pkl:1;n02417914.pkl:5;n02417914.pkl:6|class=234:n02106550.pkl:6;n02106550.pkl:9;n02106550.pkl:22|class=663:n03781244.pkl:0;n03781244.pkl:14;n03781244.pkl:43
swin,337,337,+,103,76,55,35,0.17581601075837763,0.22813501848962064,0.08695109996116585,0.1637124420553819,0.7545167871633549,0.044125973737654624,class=468:n02930766.pkl:0;n02930766.pkl:2;n02930766.pkl:3|class=410:n02727426.pkl:0;n02727426.pkl:1;n02727426.pkl:3|class=739:n03992509.pkl:2;n03992509.pkl:3;n03992509.pkl:5
swin,338,338,+,67,32,17,4,0.05199435152735627,0.11415929063853653,0.020328418038661547,0.056934972824331576,0.6224804326165049,0.13200363506112614,class=953:n07753275.pkl:3;n07753275.pkl:6;n07753275.pkl:7|class=646:n03733281.pkl:5;n03733281.pkl:12;n03733281.pkl:15|class=866:n04465501.pkl:17;n04465501.pkl:23;n04465501.pkl:24
swin,339,339,+,76,56,42,18,0.14441091557093477,0.18284036485613514,0.055830521666767774,0.09902738708442012,0.7661039539665779,0.054553446537906815,class=369:n02483708.pkl:0;n02483708.pkl:1;n02483708.pkl:3|class=571:n03425413.pkl:0;n03425413.pkl:7;n03425413.pkl:8|class=144:n02051845.pkl:2;n02051845.pkl:4;n02051845.pkl:7
swin,340,340,+,67,52,37,13,0.12129532933511224,0.17143055651637423,0.05192206364041696,0.1197031648640529,0.7000600566218751,0.0942544814975766,class=13:n01534433.pkl:0;n01534433.pkl:1;n01534433.pkl:2|class=314:n02233338.pkl:5;n02233338.pkl:6;n02233338.pkl:9|class=533:n03207743.pkl:0;n03207743.pkl:16;n03207743.pkl:18
swin,341,341,+,91,66,50,27,0.17703067101538972,0.2330093669556137,0.09217485432089542,0.17350240756348187,0.7405042353428279,0.049924416210919906,class=992:n12998815.pkl:0;n12998815.pkl:1;n12998815.pkl:2|class=592:n03492542.pkl:0;n03492542.pkl:1;n03492542.pkl:2|class=88:n01818515.pkl:1;n01818515.pkl:2;n01818515.pkl:3
swin,342,342,+,91,66,38,16,0.09752492537030846,0.14894034019640173,0.039308384809180454,0.08253558827352843,0.7359218185443489,0.05943643742835467,class=781:n04149813.pkl:0;n04149813.pkl:2;n04149813.pkl:3|class=236:n02107142.pkl:0;n02107142.pkl:4;n02107142.pkl:6|class=49:n01697457.pkl:4;n01697457.pkl:7;n01697457.pkl:12
swin,343,343,+,59,38,25,13,0.11503968776055565,0.18932949897650458,0.0523442611673496,0.10713176050945178,0.678820204438963,0.0879471866582014,class=930:n07684084.pkl:11;n07684084.pkl:12;n07684084.pkl:15|class=388:n02510455.pkl:0;n02510455.pkl:2;n02510455.pkl:3|class=300:n02165105.pkl:1;n02165105.pkl:2;n02165105.pkl:3
swin,344,344,+,64,40,27,12,0.09211155033448173,0.1569138834286744,0.041820503462628215,0.09725253898507075,0.6700622802469947,0.1001224122904554,class=776:n04141076.pkl:1;n04141076.pkl:2;n04141076.pkl:3|class=35:n01667114.pkl:4;n01667114.pkl:5;n01667114.pkl:17|class=904:n04589890.pkl:1;n04589890.pkl:8;n04589890.pkl:14
swin,345,345,+,43,24,16,5,0.07228074069470268,0.102855026291641,0.018148228574496217,0.028914898394477917,0.7525924660803499,0.08229038398947126,class=642:n03721384.pkl:8;n03721384.pkl:23;n03721384.pkl:26|class=863:n04458633.pkl:1;n04458633.pkl:11;n04458633.pkl:46|class=237:n02107312.pkl:13;n02107312.pkl:18;n02107312.pkl:24
swin,346,346,+,42,32,25,8,0.11282880479057862,0.16080845002740146,0.036075166842181816,0.06139019940909215,0.741333043489198,0.09275917938842414,class=318:n02264363.pkl:4;n02264363.pkl:5;n02264363.pkl:7|class=766:n04111531.pkl:0;n04111531.pkl:1;n04111531.pkl:12|class=900:n04562935.pkl:2;n04562935.pkl:11;n04562935.pkl:17
swin,347,347,+,89,53,29,13,0.06256967656797441,0.10858483094401299,0.026934903922154935,0.05883840884820269,0.7308577473664245,0.06485276502700466,class=371:n02486261.pkl:14;n02486261.pkl:17;n02486261.pkl:22|class=611:n03598930.pkl:1;n03598930.pkl:7;n03598930.pkl:8|class=328:n02319095.pkl:1;n02319095.pkl:6;n02319095.pkl:11
swin,348,348,+,83,48,31,11,0.0731979621071438,0.11583103538694572,0.021555399922088513,0.03852750539558251,0.766646634841195,0.05053851242613038,class=369:n02483708.pkl:0;n02483708.pkl:3;n02483708.pkl:6|class=17:n01580077.pkl:23;n01580077.pkl:29;n01580077.pkl:36|class=308:n02190166.pkl:4;n02190166.pkl:29;n02190166.pkl:41
swin,349,349,+,65,40,22,6,0.0558583237168171,0.09825114412408856,0.019821851277228367,0.043419485828013825,0.7286719037665584,0.08920351536508232,class=340:n02391049.pkl:1;n02391049.pkl:7;n02391049.pkl:9|class=39:n01677366.pkl:1;n01677366.pkl:4;n01677366.pkl:18|class=383:n02497673.pkl:9;n02497673.pkl:13;n02497673.pkl:19
swin,350,350,+,90,59,37,22,0.11407221673457849,0.16483138062235153,0.04414646816370244,0.07567545451522795,0.7641774712537053,0.04376054365539905,class=430:n02802426.pkl:10;n02802426.pkl:12;n02802426.pkl:15|class=942:n07717556.pkl:3;n07717556.pkl:4;n07717556.pkl:6|class=741:n03998194.pkl:3;n03998194.pkl:8;n03998194.pkl:16
swin,351,351,+,84,59,39,16,0.10295671476729143,0.1440623227798363,0.03990399185107602,0.07431431115543391,0.7616398200411113,0.053193626539556206,class=381:n02493793.pkl:3;n02493793.pkl:5;n02493793.pkl:12|class=100:n01860187.pkl:2;n01860187.pkl:3;n01860187.pkl:4|class=116:n01955084.pkl:1;n01955084.pkl:4;n01955084.pkl:5
swin,352,352,+,85,56,36,20,0.12276453273756595,0.1944885967518068,0.06085777583151094,0.15018714302211006,0.6820718461633377,0.08341441535278883,class=57:n01735189.pkl:0;n01735189.pkl:1;n01735189.pkl:2|class=244:n02108551.pkl:0;n02108551.pkl:1;n02108551.pkl:2|class=200:n02097474.pkl:1;n02097474.pkl:5;n02097474.pkl:6
swin,353,353,+,53,37,19,9,0.06827732162975302,0.09387370732651162,0.02286412129375136,0.03927028331970284,0.7573811129046221,0.0745279202654793,class=394:n02640242.pkl:5;n02640242.pkl:8;n02640242.pkl:10|class=775:n04136333.pkl:8;n04136333.pkl:10;n04136333.pkl:12|class=18:n01582220.pkl:3;n01582220.pkl:17;n01582220.pkl:32
swin,354,354,+,77,55,25,10,0.08311764407014952,0.14628515654548083,0.03321470682966977,0.07868226282133581,0.6786484142494195,0.08586596357572182,class=290:n02128925.pkl:0;n02128925.pkl:1;n02128925.pkl:8|class=142:n02033041.pkl:1;n02033041.pkl:2;n02033041.pkl:3|class=443:n02834397.pkl:4;n02834397.pkl:5;n02834397.pkl:7
swin,355,355,+,84,56,32,12,0.08334481285362644,0.14717419723408975,0.03136370940615328,0.08004902677230287,0.6921685713928334,0.08945408005050315,class=353:n02423022.pkl:1;n02423022.pkl:2;n02423022.pkl:3|class=17:n01580077.pkl:0;n01580077.pkl:2;n01580077.pkl:3|class=350:n02417914.pkl:2;n02417914.pkl:4;n02417914.pkl:6
swin,356,356,+,69,50,38,22,0.1744040699910029,0.21910212082177258,0.06413565949972073,0.10292143810751175,0.7713383328651658,0.051814630111685904,class=812:n04266014.pkl:0;n04266014.pkl:1;n04266014.pkl:2|class=969:n07932039.pkl:0;n07932039.pkl:2;n07932039.pkl:4|class=428:n02797295.pkl:4;n02797295.pkl:5;n02797295.pkl:7
swin,357,357,+,121,99,69,45,0.20285168729317246,0.2477306513384856,0.09854105513375971,0.1725265678160263,0.7777151525912283,0.03359778687593561,class=324:n02280649.pkl:0;n02280649.pkl:1;n02280649.pkl:2|class=0:n01440764.pkl:1;n01440764.pkl:5;n01440764.pkl:6|class=755:n04044716.pkl:0;n04044716.pkl:1;n04044716.pkl:2
swin,358,358,+,75,43,24,7,0.06445428843127103,0.11622110504517882,0.024462172023772485,0.055920494752947095,0.6955745708151816,0.08301053734347599,class=651:n03761084.pkl:0;n03761084.pkl:1;n03761084.pkl:2|class=793:n04209133.pkl:0;n04209133.pkl:4;n04209133.pkl:8|class=142:n02033041.pkl:4;n02033041.pkl:9;n02033041.pkl:12
swin,359,359,+,70,44,31,20,0.15400708018401219,0.22125988060458926,0.0760942940549877,0.15918168654033293,0.6961232757486691,0.07680067733958988,class=96:n01843383.pkl:0;n01843383.pkl:1;n01843383.pkl:2|class=984:n11879895.pkl:1;n11879895.pkl:2;n11879895.pkl:5|class=759:n04069434.pkl:1;n04069434.pkl:5;n04069434.pkl:8
swin,360,360,+,83,59,24,10,0.0819460391899326,0.13653890904100888,0.030907360315112976,0.0748722889748912,0.676730245936092,0.0827515926935786,class=922:n07565083.pkl:0;n07565083.pkl:2;n07565083.pkl:4|class=930:n07684084.pkl:11;n07684084.pkl:14;n07684084.pkl:15|class=886:n04525305.pkl:1;n04525305.pkl:6;n04525305.pkl:10
swin,361,361,+,114,85,59,28,0.13030400102143191,0.19316585336681122,0.060797677696569415,0.12457717463273776,0.7439595415363163,0.04560162472843378,class=951:n07749582.pkl:0;n07749582.pkl:1;n07749582.pkl:2|class=487:n02992529.pkl:0;n02992529.pkl:1;n02992529.pkl:3|class=99:n01855672.pkl:0;n01855672.pkl:1;n01855672.pkl:2
swin,362,362,+,69,47,38,21,0.1332973152207735,0.17826882821303514,0.05631721949371903,0.10315673026410453,0.7582667975821833,0.06311820390397381,class=386:n02504458.pkl:0;n02504458.pkl:6;n02504458.pkl:7|class=770:n04120489.pkl:0;n04120489.pkl:2;n04120489.pkl:7|class=725:n03950228.pkl:2;n03950228.pkl:3;n03950228.pkl:4
swin,363,363,+,143,94,62,25,0.0860353094446403,0.15901805602176367,0.03936645301285966,0.10156628912022449,0.7254538783577523,0.053542029019895354,class=121:n01981276.pkl:0;n01981276.pkl:1;n01981276.pkl:2|class=155:n02086240.pkl:0;n02086240.pkl:1;n02086240.pkl:2|class=947:n07734744.pkl:1;n07734744.pkl:3;n07734744.pkl:5
swin,364,364,+,96,84,53,23,0.12917901852426325,0.17759746069549256,0.05725066694641621,0.11513408505516232,0.7484621058548175,0.05254511798291996,class=285:n02124075.pkl:2;n02124075.pkl:3;n02124075.pkl:4|class=571:n03425413.pkl:0;n03425413.pkl:2;n03425413.pkl:3|class=436:n02814533.pkl:3;n02814533.pkl:9;n02814533.pkl:22
swin,365,365,+,86,52,27,11,0.06260117569683367,0.12719500262720945,0.027491762439158726,0.08063010954700085,0.6469850234427529,0.11164883588099477,class=822:n04311174.pkl:0;n04311174.pkl:3;n04311174.pkl:6|class=379:n02492660.pkl:0;n02492660.pkl:5;n02492660.pkl:8|class=925:n07584110.pkl:1;n07584110.pkl:4;n07584110.pkl:5
swin,366,366,+,42,25,12,5,0.10180506736367922,0.18872420963235675,0.05022320964724253,0.1425392408478707,0.5228187765218978,0.21559276961276236,class=694:n03874293.pkl:0;n03874293.pkl:1;n03874293.pkl:2|class=495:n03018349.pkl:0;n03018349.pkl:2;n03018349.pkl:4|class=406:n02699494.pkl:1;n02699494.pkl:4;n02699494.pkl:5
swin,367,367,+,148,116,85,46,0.15650583357478826,0.21918982702479084,0.07934809339902527,0.16007906584026718,0.7659873070089859,0.03425686323720842,class=278:n02119789.pkl:0;n02119789.pkl:2;n02119789.pkl:5|class=875:n04487394.pkl:0;n04487394.pkl:1;n04487394.pkl:2|class=821:n04311004.pkl:1;n04311004.pkl:3;n04311004.pkl:4
swin,368,368,+,95,69,44,24,0.15414413400111493,0.23380751126034877,0.08555355054080435,0.1885253095333287,0.6949978990677049,0.06164028936385968,class=108:n01914609.pkl:0;n01914609.pkl:1;n01914609.pkl:2|class=628:n03673027.pkl:0;n03673027.pkl:1;n03673027.pkl:5|class=105:n01882714.pkl:0;n01882714.pkl:1;n01882714.pkl:2
swin,369,369,+,113,78,51,30,0.13232024538876036,0.20504810538451865,0.06688216122931982,0.14299616744347163,0.723505207726409,0.04930246629743878,class=317:n02259212.pkl:0;n02259212.pkl:1;n02259212.pkl:2|class=133:n02011460.pkl:0;n02011460.pkl:1;n02011460.pkl:3|class=225:n02105162.pkl:3;n02105162.pkl:5;n02105162.pkl:9
swin,370,370,+,96,72,47,32,0.1676478960834387,0.22185431749968423,0.07998545395892032,0.15937070620435356,0.748611548809588,0.051771257969129444,class=343:n02397096.pkl:0;n02397096.pkl:1;n02397096.pkl:2|class=597:n03527444.pkl:0;n03527444.pkl:1;n03527444.pkl:2|class=392:n02606052.pkl:1;n02606052.pkl:2;n02606052.pkl:3
swin,371,371,+,88,59,38,18,0.11041883945486672,0.16746945638714086,0.04371270167545881,0.08657999809378802,0.7374412250748986,0.05594333965904223,class=476:n02966193.pkl:1;n02966193.pkl:2;n02966193.pkl:6|class=812:n04266014.pkl:1;n04266014.pkl:2;n04266014.pkl:4|class=741:n03998194.pkl:0;n03998194.pkl:4;n03998194.pkl:13
swin,372,372,+,79,51,30,15,0.10747350774443433,0.1736833244331977,0.04355482732957684,0.09441052925412942,0.7065647951139699,0.07213414947544686,class=812:n04266014.pkl:3;n04266014.pkl:5;n04266014.pkl:9|class=594:n03495258.pkl:0;n03495258.pkl:3;n03495258.pkl:6|class=114:n01945685.pkl:1;n01945685.pkl:6;n01945685.pkl:7
swin,373,373,+,106,67,44,26,0.13226454086677444,0.21066604269997238,0.06793199114387798,0.14238946349904036,0.717718940151659,0.05088173074970068,class=377:n02490219.pkl:0;n02490219.pkl:1;n02490219.pkl:2|class=360:n02444819.pkl:0;n02444819.pkl:2;n02444819.pkl:3|class=380:n02493509.pkl:1;n02493509.pkl:2;n02493509.pkl:3
swin,374,374,+,104,77,53,26,0.1569563743716843,0.22352940102733657,0.07277078675846113,0.148911969221738,0.7330577076066782,0.04987890403210191,class=580:n03457902.pkl:0;n03457902.pkl:1;n03457902.pkl:2|class=351:n02422106.pkl:1;n02422106.pkl:2;n02422106.pkl:4|class=513:n03110669.pkl:0;n03110669.pkl:2;n03110669.pkl:3
swin,375,375,+,59,38,20,5,0.06055001380335037,0.10449882115254315,0.02134221047575668,0.050698704878325736,0.6877024460494761,0.11259429572499297,class=149:n02074367.pkl:1;n02074367.pkl:4;n02074367.pkl:10|class=761:n04074963.pkl:2;n04074963.pkl:10;n04074963.pkl:11|class=693:n03873416.pkl:2;n03873416.pkl:6;n03873416.pkl:10
swin,376,376,+,99,62,43,14,0.07619361546506503,0.1182787758096624,0.031568086495130994,0.06844253545835836,0.7405984028519123,0.05758207699733864,class=110:n01924916.pkl:1;n01924916.pkl:5;n01924916.pkl:8|class=538:n03220513.pkl:0;n03220513.pkl:7;n03220513.pkl:8|class=751:n04037443.pkl:0;n04037443.pkl:5;n04037443.pkl:7
swin,377,377,+,85,61,44,20,0.12312766111024051,0.17303389113294937,0.054472981875515095,0.10172142589520052,0.754779775698615,0.05278923965352997,class=337:n02363005.pkl:0;n02363005.pkl:3;n02363005.pkl:4|class=688:n03857828.pkl:0;n03857828.pkl:2;n03857828.pkl:8|class=89:n01819313.pkl:3;n01819313.pkl:9;n01819313.pkl:12
swin,378,378,+,103,65,46,20,0.07565423114854258,0.11744345290967625,0.030467330578122558,0.06432339821343241,0.7506747991591781,0.05298322464998213,class=157:n02086910.pkl:3;n02086910.pkl:4;n02086910.pkl:11|class=170:n02090721.pkl:2;n02090721.pkl:4;n02090721.pkl:12|class=200:n02097474.pkl:0;n02097474.pkl:1;n02097474.pkl:3
swin,379,379,+,98,70,48,23,0.14238588697442475,0.20401255476366462,0.06580451808008912,0.15104924088584537,0.7177796356663179,0.06396907449991691,class=109:n01917289.pkl:0;n01917289.pkl:1;n01917289.pkl:2|class=325:n02281406.pkl:3;n02281406.pkl:4;n02281406.pkl:5|class=981:n09835506.pkl:0;n09835506.pkl:2;n09835506.pkl:3
swin,380,380,+,52,31,19,6,0.07050130210867658,0.1254855939794705,0.026274379848289193,0.06261998645388894,0.6611363738232998,0.12846472129010775,class=625:n03662601.pkl:0;n03662601.pkl:4;n03662601.pkl:13|class=888:n04532670.pkl:0;n04532670.pkl:1;n04532670.pkl:8|class=718:n03933933.pkl:3;n03933933.pkl:5;n03933933.pkl:15
swin,381,381,+,79,41,21,6,0.06819364829579302,0.16331603161799021,0.035058197525763266,0.12601305429883172,0.5432215981883369,0.17619853824102585,class=351:n02422106.pkl:0;n02422106.pkl:2;n02422106.pkl:4|class=19:n01592084.pkl:0;n01592084.pkl:1;n01592084.pkl:2|class=18:n01582220.pkl:3;n01582220.pkl:5;n01582220.pkl:10
swin,382,382,+,85,55,33,13,0.09202623738061413,0.16466507015328327,0.04010196934785214,0.11328398686090003,0.6611528303309924,0.10564765484997811,class=699:n03884397.pkl:0;n03884397.pkl:1;n03884397.pkl:2|class=922:n07565083.pkl:0;n07565083.pkl:1;n07565083.pkl:4|class=301:n02165456.pkl:12;n02165456.pkl:13;n02165456.pkl:14
swin,383,383,+,90,64,40,26,0.14774160348583504,0.20151666830204654,0.0668297299007925,0.11910034555513781,0.7523090412846163,0.04640049871475197,class=984:n11879895.pkl:0;n11879895.pkl:2;n11879895.pkl:4|class=663:n03781244.pkl:0;n03781244.pkl:1;n03781244.pkl:3|class=117:n01968897.pkl:0;n01968897.pkl:1;n01968897.pkl:2
swin,384,384,+,89,62,42,22,0.13687131780146172,0.19759277109428447,0.055050743759440204,0.11376471619290728,0.7299753854833482,0.059220213452179496,class=924:n07583066.pkl:0;n07583066.pkl:2;n07583066.pkl:5|class=55:n01729977.pkl:5;n01729977.pkl:7;n01729977.pkl:8|class=530:n03196217.pkl:5;n03196217.pkl:12;n03196217.pkl:13
swin,385,385,+,111,63,45,19,0.09384959202156204,0.1772358233460413,0.04085350134965106,0.11445667456236966,0.6727608973497516,0.07972224326306043,class=4:n01494475.pkl:0;n01494475.pkl:2;n01494475.pkl:3|class=402:n02676566.pkl:1;n02676566.pkl:2;n02676566.pkl:3|class=946:n07730033.pkl:1;n07730033.pkl:2;n07730033.pkl:3
swin,386,386,+,86,59,41,26,0.1426581287023316,0.19140964647428144,0.063207256883524,0.11117675941745718,0.7612812810799238,0.04760248306704324,class=963:n07873807.pkl:0;n07873807.pkl:2;n07873807.pkl:3|class=535:n03208938.pkl:0;n03208938.pkl:5;n03208938.pkl:8|class=276:n02117135.pkl:0;n02117135.pkl:2;n02117135.pkl:3
swin,387,387,+,54,37,22,9,0.08404356626462349,0.1453933643084927,0.04130269750614764,0.1117156217966525,0.6410343200593892,0.15399915276049667,class=386:n02504458.pkl:0;n02504458.pkl:1;n02504458.pkl:2|class=278:n02119789.pkl:1;n02119789.pkl:6;n02119789.pkl:9|class=232:n02106166.pkl:5;n02106166.pkl:9;n02106166.pkl:27
swin,389,389,+,93,59,39,18,0.10345292507591654,0.1636166105822311,0.04523316328198181,0.10043087692325363,0.7095108009821386,0.0637602270520541,class=382:n02494079.pkl:0;n02494079.pkl:1;n02494079.pkl:3|class=458:n02892201.pkl:0;n02892201.pkl:4;n02892201.pkl:5|class=220:n02102480.pkl:3;n02102480.pkl:10;n02102480.pkl:14
swin,390,390,+,105,77,48,21,0.11215669700423384,0.15944696980632614,0.043363576496918445,0.0805084073193177,0.7672056291777671,0.04235170051758069,class=997:n13054560.pkl:2;n13054560.pkl:3;n13054560.pkl:5|class=301:n02165456.pkl:0;n02165456.pkl:2;n02165456.pkl:5|class=44:n01689811.pkl:2;n01689811.pkl:7;n01689811.pkl:8
swin,391,391,+,98,63,45,18,0.10360745365957133,0.17052851384682102,0.049649924128476415,0.13543615750205523,0.6818510541204121,0.086132786752002,class=14:n01537544.pkl:0;n01537544.pkl:1;n01537544.pkl:2|class=340:n02391049.pkl:0;n02391049.pkl:1;n02391049.pkl:3|class=521:n03133878.pkl:1;n03133878.pkl:6;n03133878.pkl:8
swin,392,392,+,113,77,61,29,0.14510810173742197,0.21057962814507247,0.07058306431101306,0.14942101373164157,0.7397926849802757,0.048508752600075394,class=500:n03042490.pkl:0;n03042490.pkl:1;n03042490.pkl:3|class=510:n03095699.pkl:0;n03095699.pkl:1;n03095699.pkl:2|class=439:n02817516.pkl:1;n02817516.pkl:2;n02817516.pkl:4
swin,393,393,+,60,39,18,5,0.058360669416779434,0.0891574354359966,0.018826293420488298,0.038764291190858446,0.7236480507876988,0.0873281577816687,class=175:n02091635.pkl:2;n02091635.pkl:5;n02091635.pkl:6|class=198:n02097209.pkl:0;n02097209.pkl:2;n02097209.pkl:10|class=257:n02111500.pkl:7;n02111500.pkl:8;n02111500.pkl:9
swin,394,394,+,76,51,35,8,0.09066952601078038,0.15493830880125503,0.04233584797687015,0.12227010442513105,0.6526658974028616,0.12290939053523676,class=991:n12985857.pkl:0;n12985857.pkl:1;n12985857.pkl:2|class=316:n02256656.pkl:0;n02256656.pkl:1;n02256656.pkl:3|class=668:n03788195.pkl:3;n03788195.pkl:8;n03788195.pkl:11
swin,395,395,+,98,69,45,24,0.13066198043140853,0.19351194079401993,0.06276513129095848,0.12762160832214492,0.7284069889682613,0.052391744609716046,class=992:n12998815.pkl:1;n12998815.pkl:2;n12998815.pkl:3|class=382:n02494079.pkl:1;n02494079.pkl:3;n02494079.pkl:6|class=116:n01955084.pkl:1;n01955084.pkl:2;n01955084.pkl:4
swin,396,396,+,147,94,54,22,0.07660713756011296,0.13338867965744058,0.03505464090618613,0.08125187763543465,0.7301192486545132,0.04335028477772969,class=789:n04201297.pkl:0;n04201297.pkl:1;n04201297.pkl:2|class=532:n03201208.pkl:5;n03201208.pkl:9;n03201208.pkl:17|class=266:n02113712.pkl:0;n02113712.pkl:2;n02113712.pkl:4
swin,397,397,+,75,48,32,13,0.09389405895801566,0.1505482034483213,0.039893019211564476,0.09504388122881825,0.6973647138170295,0.08901544657419268,class=595:n03496892.pkl:4;n03496892.pkl:10;n03496892.pkl:14|class=498:n03032252.pkl:0;n03032252.pkl:1;n03032252.pkl:3|class=958:n07802026.pkl:3;n07802026.pkl:10;n07802026.pkl:11
swin,398,398,+,70,44,32,19,0.14437052198872072,0.23169283439491012,0.07523711225054558,0.16925699782894435,0.6701213634170871,0.08658449788355833,class=96:n01843383.pkl:0;n01843383.pkl:1;n01843383.pkl:2|class=362:n02447366.pkl:0;n02447366.pkl:1;n02447366.pkl:2|class=410:n02727426.pkl:1;n02727426.pkl:2;n02727426.pkl:3
swin,399,399,+,112,74,47,22,0.11260694566721227,0.1864020235608964,0.05622939936596821,0.13210254688435003,0.7035304560283282,0.05820933971320147,class=334:n02346627.pkl:1;n02346627.pkl:2;n02346627.pkl:4|class=11:n01531178.pkl:0;n01531178.pkl:1;n01531178.pkl:2|class=328:n02319095.pkl:0;n02319095.pkl:3;n02319095.pkl:4
swin,400,400,+,106,80,53,30,0.14360029923397466,0.1934066187206762,0.05942758192870489,0.12207727742861792,0.7525088950925055,0.049243550539498526,class=83:n01798484.pkl:0;n01798484.pkl:1;n01798484.pkl:2|class=156:n02086646.pkl:0;n02086646.pkl:2;n02086646.pkl:7|class=776:n04141076.pkl:2;n04141076.pkl:3;n04141076.pkl:5
swin,401,401,+,47,23,8,3,0.058140010051588184,0.1244865635523409,0.017418582063249217,0.04607056050520047,0.6002584149339905,0.17011792373050644,class=925:n07584110.pkl:11;n07584110.pkl:17;n07584110.pkl:19|class=536:n03216828.pkl:1;n03216828.pkl:12;n03216828.pkl:30|class=795:n04228054.pkl:22;n04228054.pkl:24;n04228054.pkl:34
swin,402,402,+,90,57,33,18,0.08690465470089159,0.15170922993667962,0.04203504217732346,0.0990322443731902,0.6915427961617238,0.07278307221086545,class=411:n02730930.pkl:0;n02730930.pkl:2;n02730930.pkl:4|class=962:n07871810.pkl:0;n07871810.pkl:1;n07871810.pkl:2|class=508:n03085013.pkl:4;n03085013.pkl:9;n03085013.pkl:11
swin,403,403,+,78,59,39,14,0.12287516227630342,0.1630392374750109,0.0469825434912004,0.09828700886312941,0.7313072587254734,0.06892848661178004,class=28:n01632458.pkl:0;n01632458.pkl:1;n01632458.pkl:3|class=292:n02129604.pkl:1;n02129604.pkl:3;n02129604.pkl:7|class=349:n02415577.pkl:10;n02415577.pkl:15;n02415577.pkl:28
swin,404,404,+,95,68,47,23,0.14093710234067094,0.2003283284181936,0.06289869960317312,0.1476305500268579,0.7060609919595285,0.06851530474731923,class=814:n04273569.pkl:0;n04273569.pkl:1;n04273569.pkl:2|class=182:n02093754.pkl:0;n02093754.pkl:2;n02093754.pkl:3|class=289:n02128757.pkl:0;n02128757.pkl:3;n02128757.pkl:4
swin,405,405,+,77,49,36,15,0.10618896741620668,0.1705477273237409,0.049621787450469176,0.11721915357141187,0.6836013636198093,0.08545757488878038,class=393:n02607072.pkl:2;n02607072.pkl:4;n02607072.pkl:7|class=227:n02105412.pkl:1;n02105412.pkl:4;n02105412.pkl:5|class=957:n07768694.pkl:2;n07768694.pkl:3;n07768694.pkl:6
swin,406,406,+,89,65,41,27,0.127083679210855,0.16506290692966358,0.05166691696355454,0.08697275423444542,0.7764441739439787,0.04307436318062465,class=980:n09472597.pkl:1;n09472597.pkl:8;n09472597.pkl:9|class=862:n04456115.pkl:0;n04456115.pkl:2;n04456115.pkl:7|class=537:n03218198.pkl:8;n03218198.pkl:9;n03218198.pkl:17
swin,407,407,+,97,75,52,36,0.20373591036622513,0.25346157682896825,0.10467354245456907,0.178862251847709,0.7665417147985837,0.040411032863155796,class=671:n03792782.pkl:0;n03792782.pkl:2;n03792782.pkl:3|class=39:n01677366.pkl:1;n01677366.pkl:2;n01677366.pkl:4|class=43:n01688243.pkl:1;n01688243.pkl:5;n01688243.pkl:6
swin,408,408,+,95,67,35,19,0.10457113089257873,0.16718121608344402,0.047857058079347904,0.10639295142748528,0.7075574441515349,0.06255107907521944,class=984:n11879895.pkl:0;n11879895.pkl:1;n11879895.pkl:2|class=595:n03496892.pkl:9;n03496892.pkl:10;n03496892.pkl:11|class=893:n04548362.pkl:0;n04548362.pkl:1;n04548362.pkl:2
swin,409,409,+,74,50,28,16,0.1563062111664416,0.2510602496323602,0.08770164625033305,0.18451104114085418,0.6692364694511859,0.07332677827729896,class=628:n03673027.pkl:0;n03673027.pkl:1;n03673027.pkl:4|class=992:n12998815.pkl:1;n12998815.pkl:2;n12998815.pkl:3|class=870:n04482393.pkl:0;n04482393.pkl:2;n04482393.pkl:7
swin,410,410,+,120,102,74,42,0.17781584732583605,0.19871580577115439,0.07723678663157153,0.12291497230287239,0.8083844149632959,0.02943806987754613,class=566:n03394916.pkl:0;n03394916.pkl:1;n03394916.pkl:2|class=760:n04070727.pkl:2;n04070727.pkl:4;n04070727.pkl:5|class=226:n02105251.pkl:0;n02105251.pkl:1;n02105251.pkl:9
swin,411,411,+,52,30,21,12,0.08585807090765268,0.12535832353733423,0.03352725150138756,0.060942912670193396,0.71984991888075,0.08277076263635373,class=688:n03857828.pkl:8;n03857828.pkl:15;n03857828.pkl:17|class=746:n04019541.pkl:52;n04019541.pkl:78;n04019541.pkl:95|class=525:n03160309.pkl:0;n03160309.pkl:4;n03160309.pkl:5
swin,412,412,+,180,140,104,62,0.14578913744579722,0.18356315268147513,0.07254308599728294,0.12199298769354396,0.8200240663910393,0.021266604330890067,class=31:n01644373.pkl:1;n01644373.pkl:2;n01644373.pkl:3|class=323:n02279972.pkl:0;n02279972.pkl:2;n02279972.pkl:3|class=250:n02110185.pkl:0;n02110185.pkl:9;n02110185.pkl:15
swin,413,413,+,75,53,31,13,0.10233279359714738,0.1845215653471106,0.04979823278819788,0.1316051604850737,0.637818764005238,0.10645628063653433,class=18:n01582220.pkl:0;n01582220.pkl:1;n01582220.pkl:2|class=949:n07745940.pkl:0;n07745940.pkl:2;n07745940.pkl:3|class=23:n01616318.pkl:0;n01616318.pkl:8;n01616318.pkl:12
swin,414,414,+,52,30,13,6,0.07189380424027497,0.15040455336767405,0.03209746773649919,0.09360120071503225,0.5827394229050713,0.18276849508417656,class=607:n03590841.pkl:0;n03590841.pkl:2;n03590841.pkl:5|class=579:n03452741.pkl:0;n03452741.pkl:6;n03452741.pkl:7|class=85:n01806567.pkl:4;n01806567.pkl:5;n01806567.pkl:25
swin,415,415,+,109,80,50,19,0.09187342083170813,0.15584656914138909,0.04461490830427868,0.11286865376930594,0.7067513912577272,0.0678908149927048,class=557:n03355925.pkl:0;n03355925.pkl:1;n03355925.pkl:3|class=924:n07583066.pkl:2;n07583066.pkl:5;n07583066.pkl:6|class=532:n03201208.pkl:1;n03201208.pkl:2;n03201208.pkl:5
swin,416,416,+,88,54,31,14,0.08339663474609434,0.13788466116536185,0.030788532412094803,0.06500554769762584,0.7314184158833772,0.06202072137444985,class=724:n03947888.pkl:4;n03947888.pkl:6;n03947888.pkl:10|class=760:n04070727.pkl:0;n04070727.pkl:4;n04070727.pkl:6|class=396:n02643566.pkl:2;n02643566.pkl:17;n02643566.pkl:28
swin,417,417,+,87,52,35,11,0.07055391043728172,0.11658962899546217,0.027811863699759593,0.07592139734198365,0.701843474383082,0.09714850908370189,class=866:n04465501.pkl:2;n04465501.pkl:8;n04465501.pkl:9|class=103:n01873310.pkl:1;n01873310.pkl:2;n01873310.pkl:4|class=205:n02099267.pkl:3;n02099267.pkl:9;n02099267.pkl:13
swin,418,418,+,68,38,23,8,0.06979028294050321,0.12052716828158325,0.025565500069074498,0.061097363688433104,0.6817410072909864,0.09869585607416877,class=920:n06874185.pkl:4;n06874185.pkl:6;n06874185.pkl:7|class=978:n09428293.pkl:2;n09428293.pkl:3;n09428293.pkl:13|class=304:n02169497.pkl:20;n02169497.pkl:25;n02169497.pkl:31
swin,419,419,+,106,75,52,29,0.14358224297233382,0.20054441233538065,0.0649052404712956,0.13261319692647597,0.7448529317175472,0.04881689899144438,class=940:n07716906.pkl:2;n07716906.pkl:3;n07716906.pkl:4|class=649:n03743016.pkl:0;n03743016.pkl:2;n03743016.pkl:4|class=847:n04389033.pkl:1;n04389033.pkl:2;n04389033.pkl:3
swin,420,420,+,93,68,47,29,0.1702248499669001,0.22521426459904365,0.0758691048489018,0.14405522757376785,0.7448667879865677,0.049518169182864474,class=874:n04487081.pkl:0;n04487081.pkl:2;n04487081.pkl:3|class=453:n02870880.pkl:1;n02870880.pkl:3;n02870880.pkl:6|class=110:n01924916.pkl:0;n01924916.pkl:1;n01924916.pkl:3
swin,421,421,+,79,46,25,9,0.06235788767019792,0.11143153256996176,0.023839880155661197,0.060890448850876404,0.6742179326516089,0.09523599276294636,class=300:n02165105.pkl:0;n02165105.pkl:2;n02165105.pkl:6|class=50:n01698640.pkl:1;n01698640.pkl:2;n01698640.pkl:4|class=775:n04136333.pkl:4;n04136333.pkl:19;n04136333.pkl:22
swin,422,422,+,57,35,20,4,0.05115530034190612,0.07265338747548344,0.013573875077265925,0.020514431980664573,0.8032664004291119,0.05761543728495835,class=167:n02089973.pkl:3;n02089973.pkl:4;n02089973.pkl:48|class=693:n03873416.pkl:7;n03873416.pkl:10;n03873416.pkl:14|class=368:n02483362.pkl:20;n02483362.pkl:52;n02483362.pkl:62
swin,423,423,+,98,69,36,22,0.12502337310764383,0.20261039841964562,0.0630968221065719,0.14529118438433025,0.6944081342368251,0.06430909138140124,class=933:n07697313.pkl:0;n07697313.pkl:1;n07697313.pkl:2|class=68:n01756291.pkl:0;n01756291.pkl:1;n01756291.pkl:2|class=945:n07720875.pkl:2;n07720875.pkl:3;n07720875.pkl:4
swin,424,424,+,96,71,53,30,0.1374555295310473,0.17923178486095107,0.06067819859073393,0.11925406710816898,0.7650708192701766,0.05065220419930697,class=92:n01828970.pkl:0;n01828970.pkl:1;n01828970.pkl:2|class=310:n02219486.pkl:4;n02219486.pkl:5;n02219486.pkl:6|class=558:n03372029.pkl:1;n03372029.pkl:2;n03372029.pkl:5
swin,425,425,+,68,42,21,8,0.07560549578394317,0.1431104090962564,0.03294831202704544,0.0969103957580755,0.6108161057129722,0.14192883808011664,class=6:n01498041.pkl:1;n01498041.pkl:2;n01498041.pkl:3|class=22:n01614925.pkl:3;n01614925.pkl:4;n01614925.pkl:6|class=822:n04311174.pkl:2;n04311174.pkl:3;n04311174.pkl:13
swin,426,426,+,74,49,26,10,0.06397327806940542,0.10972064187525384,0.024811338805282596,0.06071205545710149,0.6952452670352521,0.09442641126853867,class=835:n04355338.pkl:8;n04355338.pkl:9;n04355338.pkl:15|class=384:n02500267.pkl:8;n02500267.pkl:9;n02500267.pkl:12|class=32:n01644900.pkl:9;n01644900.pkl:25;n01644900.pkl:28
swin,427,427,+,69,49,28,15,0.13109606977010124,0.20661401534841398,0.06152172269691617,0.1359962601436246,0.6721655723219008,0.08531143967419655,class=88:n01818515.pkl:2;n01818515.pkl:4;n01818515.pkl:6|class=944:n07718747.pkl:0;n07718747.pkl:3;n07718747.pkl:7|class=344:n02398521.pkl:0;n02398521.pkl:5;n02398521.pkl:6
swin,428,428,+,49,29,21,11,0.12469390504641767,0.19634296612503366,0.051783241506661463,0.11046954133338865,0.6727612425917114,0.11328567165843453,class=564:n03388549.pkl:0;n03388549.pkl:1;n03388549.pkl:2|class=763:n04086273.pkl:1;n04086273.pkl:2;n04086273.pkl:3|class=9:n01518878.pkl:1;n01518878.pkl:2;n01518878.pkl:4
swin,429,429,+,75,50,41,20,0.13393734619947079,0.18136157958109253,0.05562220095440157,0.10406211882506605,0.7454714059709847,0.06000225066427574,class=231:n02106030.pkl:0;n02106030.pkl:5;n02106030.pkl:9|class=66:n01753488.pkl:6;n01753488.pkl:8;n01753488.pkl:9|class=379:n02492660.pkl:1;n02492660.pkl:2;n02492660.pkl:3
swin,430,430,+,90,54,29,14,0.07619889671758998,0.14358116753473715,0.035443306981725584,0.10033569837941175,0.6631369000839875,0.10015415010245504,class=7:n01514668.pkl:1;n01514668.pkl:2;n01514668.pkl:3|class=953:n07753275.pkl:6;n07753275.pkl:7;n07753275.pkl:10|class=176:n02091831.pkl:6;n02091831.pkl:9;n02091831.pkl:14
swin,431,431,+,79,55,37,17,0.12047280984703705,0.19865230643556617,0.0535882733170821,0.12641759323485818,0.6883395442317572,0.08310294293723229,class=384:n02500267.pkl:0;n02500267.pkl:1;n02500267.pkl:2|class=271:n02114712.pkl:6;n02114712.pkl:7;n02114712.pkl:9|class=706:n03899768.pkl:0;n03899768.pkl:7;n03899768.pkl:8
swin,432,432,+,81,56,32,18,0.10295814030730212,0.14872170892141676,0.03512194703681452,0.060508404462095086,0.7626159265753276,0.048988526607516646,class=960:n07836838.pkl:0;n07836838.pkl:1;n07836838.pkl:6|class=953:n07753275.pkl:0;n07753275.pkl:9;n07753275.pkl:10|class=331:n02326432.pkl:2;n02326432.pkl:10;n02326432.pkl:15
swin,433,433,+,78,56,38,14,0.12415527360318003,0.20009202751711638,0.06308076875075092,0.1611856540352654,0.6631816347416642,0.09652798250068309,class=30:n01641577.pkl:0;n01641577.pkl:1;n01641577.pkl:2|class=364:n02457408.pkl:0;n02457408.pkl:1;n02457408.pkl:2|class=64:n01749939.pkl:1;n01749939.pkl:2;n01749939.pkl:3
swin,434,434,+,85,57,40,18,0.1320551924770056,0.21001505930475237,0.0645525700773915,0.1462008593787314,0.6963148709583855,0.07211145082142988,class=661:n03777568.pkl:0;n03777568.pkl:1;n03777568.pkl:2|class=88:n01818515.pkl:0;n01818515.pkl:3;n01818515.pkl:5|class=533:n03207743.pkl:1;n03207743.pkl:3;n03207743.pkl:5
swin,435,435,+,78,54,30,16,0.1285941135356302,0.21482776929452665,0.06488641188367558,0.15892640541228828,0.6574244972994728,0.08973178598375439,class=57:n01735189.pkl:0;n01735189.pkl:1;n01735189.pkl:2|class=995:n13044778.pkl:0;n13044778.pkl:2;n13044778.pkl:3|class=820:n04310018.pkl:1;n04310018.pkl:3;n04310018.pkl:5
swin,436,436,+,78,45,30,8,0.05639482383274135,0.08733212071862638,0.017298809470538832,0.029180235283084773,0.7878559206589979,0.04930015293716906,class=879:n04507155.pkl:14;n04507155.pkl:16;n04507155.pkl:33|class=488:n02999410.pkl:2;n02999410.pkl:6;n02999410.pkl:16|class=535:n03208938.pkl:10;n03208938.pkl:54;n03208938.pkl:80
swin,437,437,+,124,88,57,24,0.11357962351704876,0.1835803909642044,0.05416601126272568,0.12542540924061718,0.7220663727224738,0.05130550895123376,class=321:n02276258.pkl:0;n02276258.pkl:1;n02276258.pkl:2|class=91:n01824575.pkl:1;n01824575.pkl:2;n01824575.pkl:5|class=937:n07714990.pkl:0;n07714990.pkl:1;n07714990.pkl:2
swin,438,438,+,91,72,42,22,0.15485533836623547,0.240489432892516,0.08358842000693821,0.1841022228617723,0.6961209087676203,0.0642960352393061,class=366:n02480855.pkl:0;n02480855.pkl:1;n02480855.pkl:2|class=533:n03207743.pkl:0;n03207743.pkl:1;n03207743.pkl:3|class=546:n03272010.pkl:1;n03272010.pkl:2;n03272010.pkl:4
swin,439,439,+,77,57,41,19,0.1410480116942022,0.18623669021589992,0.058072975290065706,0.10046286970867487,0.7582461436042192,0.051853230761776635,class=703:n03891251.pkl:0;n03891251.pkl:2;n03891251.pkl:3|class=351:n02422106.pkl:1;n02422106.pkl:2;n02422106.pkl:3|class=154:n02086079.pkl:2;n02086079.pkl:3;n02086079.pkl:6
swin,440,440,+,78,56,42,20,0.15768188810754602,0.2110179587274092,0.06730373506242501,0.14248478946323406,0.7269488121916499,0.07028030814421041,class=800:n04243546.pkl:1;n04243546.pkl:2;n04243546.pkl:3|class=957:n07768694.pkl:0;n07768694.pkl:2;n07768694.pkl:3|class=979:n09468604.pkl:6;n09468604.pkl:8;n09468604.pkl:14
swin,441,441,+,69,38,25,7,0.0567752495067837,0.08728257283306681,0.020489263719534884,0.0404122624216957,0.7401097137514402,0.07087268377915261,class=614:n03617480.pkl:0;n03617480.pkl:1;n03617480.pkl:3|class=302:n02167151.pkl:0;n02167151.pkl:1;n02167151.pkl:11|class=270:n02114548.pkl:7;n02114548.pkl:25;n02114548.pkl:27
swin,442,442,+,87,53,33,17,0.12167916926921148,0.20102845426392604,0.0591744551356008,0.1360650417172861,0.6857012213927919,0.07226650489890614,class=16:n01560419.pkl:0;n01560419.pkl:1;n01560419.pkl:2|class=671:n03792782.pkl:1;n03792782.pkl:3;n03792782.pkl:4|class=15:n01558993.pkl:0;n01558993.pkl:3;n01558993.pkl:4
swin,443,443,+,89,53,39,16,0.09225703166091001,0.15647259014554618,0.03984364474756428,0.09580350230593436,0.7072367855782258,0.07619724600146527,class=682:n03837869.pkl:0;n03837869.pkl:2;n03837869.pkl:4|class=721:n03938244.pkl:0;n03938244.pkl:6;n03938244.pkl:10|class=654:n03769881.pkl:0;n03769881.pkl:6;n03769881.pkl:9
swin,444,444,+,95,63,38,19,0.10976296742707085,0.17835410222260836,0.05068120869141184,0.11937161190788702,0.6928784610535605,0.06892251531174026,class=328:n02319095.pkl:1;n02319095.pkl:2;n02319095.pkl:3|class=771:n04125021.pkl:0;n04125021.pkl:3;n04125021.pkl:4|class=989:n12620546.pkl:5;n12620546.pkl:9;n12620546.pkl:11
swin,445,445,+,88,56,34,16,0.08592317957293566,0.12482429918365757,0.027951382189963212,0.056621436502259787,0.7517049463942929,0.05799439891251353,class=187:n02094433.pkl:1;n02094433.pkl:2;n02094433.pkl:6|class=582:n03461385.pkl:8;n03461385.pkl:10;n03461385.pkl:13|class=214:n02101006.pkl:8;n02101006.pkl:15;n02101006.pkl:16
swin,446,446,+,73,53,37,19,0.10491481778166072,0.13658958468750249,0.03897952898060182,0.06409538935472021,0.786360635380121,0.05073748458415626,class=336:n02361337.pkl:3;n02361337.pkl:4;n02361337.pkl:5|class=101:n01871265.pkl:0;n01871265.pkl:3;n01871265.pkl:6|class=803:n04252225.pkl:2;n04252225.pkl:4;n04252225.pkl:8
swin,447,447,+,87,64,41,19,0.13788735469489766,0.2084043157916916,0.06462200373714476,0.14289597249018424,0.699290056217871,0.06769730284272171,class=661:n03777568.pkl:0;n03777568.pkl:2;n03777568.pkl:8|class=293:n02130308.pkl:0;n02130308.pkl:2;n02130308.pkl:5|class=418:n02783161.pkl:2;n02783161.pkl:9;n02783161.pkl:11
swin,448,448,+,87,55,34,18,0.094709089957553,0.1533457700395695,0.04190264439766284,0.08299963834962401,0.7307242874066158,0.056591526247011914,class=635:n03706229.pkl:2;n03706229.pkl:3;n03706229.pkl:6|class=254:n02110958.pkl:1;n02110958.pkl:6;n02110958.pkl:14|class=481:n02978881.pkl:2;n02978881.pkl:3;n02978881.pkl:7
swin,449,449,+,81,56,43,26,0.15642653807111442,0.21444942881096396,0.07378700334007825,0.1424456513378522,0.738197544360057,0.058355826549669365,class=270:n02114548.pkl:1;n02114548.pkl:3;n02114548.pkl:4|class=48:n01695060.pkl:3;n01695060.pkl:4;n01695060.pkl:5|class=982:n10148035.pkl:1;n10148035.pkl:2;n10148035.pkl:5
swin,450,450,+,78,52,31,18,0.10592080115831153,0.16430209484865238,0.048835525088747854,0.10093028595408558,0.714133268575575,0.06758218250353569,class=324:n02280649.pkl:1;n02280649.pkl:5;n02280649.pkl:7|class=366:n02480855.pkl:0;n02480855.pkl:8;n02480855.pkl:11|class=906:n04591157.pkl:0;n04591157.pkl:5;n04591157.pkl:7
swin,451,451,+,69,46,20,12,0.09191105710883478,0.17538022714354676,0.04598728566830949,0.1257718212982987,0.6138372207199879,0.12289594194327917,class=22:n01614925.pkl:0;n01614925.pkl:2;n01614925.pkl:4|class=131:n02009229.pkl:0;n02009229.pkl:1;n02009229.pkl:3|class=948:n07742313.pkl:1;n07742313.pkl:3;n07742313.pkl:6
swin,452,452,+,110,77,58,36,0.1553689314280981,0.19928087915307063,0.07315843686750804,0.12056984065098678,0.7872397884293659,0.033782885508908206,class=933:n07697313.pkl:1;n07697313.pkl:4;n07697313.pkl:6|class=601:n03534580.pkl:1;n03534580.pkl:2;n03534580.pkl:4|class=657:n03773504.pkl:1;n03773504.pkl:2;n03773504.pkl:7
swin,453,453,+,100,72,50,28,0.1427990433068569,0.18767017203628658,0.06376779958230024,0.11377233167015433,0.7706547850525232,0.04183247854493934,class=326:n02281787.pkl:2;n02281787.pkl:5;n02281787.pkl:6|class=281:n02123045.pkl:3;n02123045.pkl:4;n02123045.pkl:5|class=238:n02107574.pkl:7;n02107574.pkl:10;n02107574.pkl:14
swin,454,454,+,57,39,27,11,0.11692712249250056,0.17526515252512612,0.04924174438758182,0.10335486523304949,0.6935090119953526,0.09483329519037491,class=268:n02113978.pkl:1;n02113978.pkl:3;n02113978.pkl:6|class=39:n01677366.pkl:2;n01677366.pkl:5;n01677366.pkl:8|class=273:n02115641.pkl:7;n02115641.pkl:9;n02115641.pkl:10
swin,455,455,+,100,67,50,22,0.11615354651853371,0.16943471634733065,0.049904907140822796,0.11076225223701787,0.7313817664992179,0.059260300015866935,class=315:n02236044.pkl:0;n02236044.pkl:2;n02236044.pkl:3|class=916:n06359193.pkl:4;n06359193.pkl:8;n06359193.pkl:10|class=551:n03314780.pkl:3;n03314780.pkl:6;n03314780.pkl:9
swin,456,456,+,92,64,40,18,0.12866143361187204,0.22079312671251874,0.06813958243556008,0.16760646312293367,0.668265914320582,0.07663455547359345,class=306:n02174001.pkl:0;n02174001.pkl:1;n02174001.pkl:3|class=149:n02074367.pkl:0;n02074367.pkl:1;n02074367.pkl:2|class=228:n02105505.pkl:0;n02105505.pkl:1;n02105505.pkl:2
swin,457,457,+,106,66,40,18,0.08533460191911411,0.1492980357626262,0.03602157364375283,0.09475668284484869,0.6874964027086373,0.07471521344275714,class=637:n03710193.pkl:2;n03710193.pkl:3;n03710193.pkl:8|class=55:n01729977.pkl:2;n01729977.pkl:5;n01729977.pkl:6|class=24:n01622779.pkl:0;n01622779.pkl:3;n01622779.pkl:5
swin,458,458,+,95,69,36,16,0.09649571385599855,0.1682090212008035,0.04248470452708157,0.10735933261671327,0.6807102335683536,0.07774512220966634,class=654:n03769881.pkl:0;n03769881.pkl:1;n03769881.pkl:3|class=193:n02096294.pkl:4;n02096294.pkl:7;n02096294.pkl:8|class=912:n04604644.pkl:8;n04604644.pkl:9;n04604644.pkl:11
swin,459,459,+,65,46,25,8,0.07919456699933523,0.14409359179600315,0.034596473132255286,0.10175123270233656,0.6287591214900626,0.14846141457062234,class=235:n02106662.pkl:1;n02106662.pkl:2;n02106662.pkl:4|class=174:n02091467.pkl:1;n02091467.pkl:4;n02091467.pkl:5|class=788:n04200800.pkl:2;n04200800.pkl:6;n04200800.pkl:14
swin,460,460,+,53,32,21,13,0.09581241021415339,0.1467691981524064,0.03783247839343536,0.08209476862005066,0.6921863097792152,0.10771139425163904,class=919:n06794110.pkl:1;n06794110.pkl:2;n06794110.pkl:3|class=920:n06874185.pkl:0;n06874185.pkl:3;n06874185.pkl:4|class=455:n02877765.pkl:17;n02877765.pkl:34;n02877765.pkl:36
swin,461,461,+,106,71,50,19,0.0952917972211312,0.14563391098146422,0.0420105035952879,0.09087451149153489,0.7473396015094241,0.05357703271682851,class=195:n02096585.pkl:0;n02096585.pkl:1;n02096585.pkl:3|class=220:n02102480.pkl:1;n02102480.pkl:5;n02102480.pkl:8|class=956:n07760859.pkl:5;n07760859.pkl:16;n07760859.pkl:18
swin,462,462,+,118,82,63,33,0.14392925360216063,0.2065963664919228,0.0665567475316737,0.13694639951493698,0.7452040443925871,0.04435313990934593,class=336:n02361337.pkl:2;n02361337.pkl:4;n02361337.pkl:5|class=798:n04238763.pkl:0;n04238763.pkl:1;n04238763.pkl:2|class=485:n02988304.pkl:0;n02988304.pkl:1;n02988304.pkl:2
swin,463,463,+,52,39,25,10,0.12765810833675323,0.18728968997435871,0.05560687693986605,0.12075792546422862,0.6776143373057295,0.10992317755148434,class=931:n07693725.pkl:1;n07693725.pkl:2;n07693725.pkl:5|class=3:n01491361.pkl:4;n01491361.pkl:6;n01491361.pkl:8|class=500:n03042490.pkl:1;n03042490.pkl:3;n03042490.pkl:6
swin,464,464,+,101,74,43,18,0.0887095654091426,0.12823909175629566,0.03438727508253193,0.07300285410032209,0.7400013952519092,0.05452440264777954,class=668:n03788195.pkl:0;n03788195.pkl:2;n03788195.pkl:3|class=798:n04238763.pkl:0;n04238763.pkl:6;n04238763.pkl:9|class=89:n01819313.pkl:3;n01819313.pkl:4;n01819313.pkl:8
swin,465,465,+,82,55,37,18,0.10978733630547437,0.176944791052136,0.049593028529972716,0.12357993941887156,0.6860727092047368,0.08792039407646733,class=100:n01860187.pkl:0;n01860187.pkl:2;n01860187.pkl:3|class=83:n01798484.pkl:1;n01798484.pkl:2;n01798484.pkl:3|class=972:n09246464.pkl:10;n09246464.pkl:12;n09246464.pkl:16
swin,466,466,+,81,59,35,17,0.14688836420066356,0.2347096671116997,0.07536503063661305,0.1682737105784039,0.6817528289139685,0.0738928030141235,class=874:n04487081.pkl:0;n04487081.pkl:1;n04487081.pkl:2|class=390:n02526121.pkl:1;n02526121.pkl:2;n02526121.pkl:4|class=472:n02951358.pkl:3;n02951358.pkl:4;n02951358.pkl:5
swin,467,467,+,92,58,38,14,0.08455996510035456,0.14860931308423947,0.03694032223343873,0.09704097281839791,0.6835025960746723,0.08587989880146728,class=510:n03095699.pkl:2;n03095699.pkl:4;n03095699.pkl:5|class=858:n04435653.pkl:0;n04435653.pkl:2;n04435653.pkl:4|class=393:n02607072.pkl:1;n02607072.pkl:2;n02607072.pkl:6
swin,468,468,+,157,111,81,39,0.11627981799223877,0.1714241608825172,0.05670612988755301,0.11446113371341944,0.7670498207877645,0.032320565361293546,class=803:n04252225.pkl:0;n04252225.pkl:2;n04252225.pkl:4|class=343:n02397096.pkl:4;n02397096.pkl:5;n02397096.pkl:6|class=680:n03825788.pkl:1;n03825788.pkl:2;n03825788.pkl:5
swin,469,469,+,163,120,86,49,0.12604622987127279,0.18373113819533438,0.0629315912391187,0.13002110083322407,0.7735717351189333,0.03232298829080912,class=321:n02276258.pkl:0;n02276258.pkl:1;n02276258.pkl:4|class=467:n02927161.pkl:1;n02927161.pkl:2;n02927161.pkl:3|class=413:n02749479.pkl:0;n02749479.pkl:2;n02749479.pkl:3
swin,470,470,+,88,57,35,14,0.08405073886951799,0.13797876737253098,0.03124636260906605,0.07905931759317918,0.7053053566980806,0.0841122152286855,class=186:n02094258.pkl:2;n02094258.pkl:3;n02094258.pkl:4|class=410:n02727426.pkl:1;n02727426.pkl:2;n02727426.pkl:4|class=316:n02256656.pkl:4;n02256656.pkl:5;n02256656.pkl:6
swin,471,471,+,51,26,13,2,0.04339755657094728,0.09244707955150468,0.016155471250207432,0.053585817263117334,0.589363266565423,0.23532777766977467,class=73:n01773549.pkl:2;n01773549.pkl:5;n01773549.pkl:18|class=74:n01773797.pkl:31;n01773797.pkl:81;n01773797.pkl:125|class=899:n04560804.pkl:36;n04560804.pkl:218;n04560804.pkl:254
swin,472,472,+,92,53,33,13,0.08067129089297724,0.1372088273923349,0.03280631049172123,0.0788601646985895,0.7020956340025937,0.07367724502730183,class=548:n03290653.pkl:1;n03290653.pkl:2;n03290653.pkl:5|class=86:n01807496.pkl:0;n01807496.pkl:2;n01807496.pkl:3|class=543:n03255030.pkl:0;n03255030.pkl:7;n03255030.pkl:8
swin,473,473,+,84,60,41,23,0.10597957484968264,0.14415806565058836,0.04248380165097144,0.07902051448184608,0.7752903002947406,0.05309114689395253,class=915:n04613696.pkl:0;n04613696.pkl:1;n04613696.pkl:2|class=86:n01807496.pkl:0;n01807496.pkl:6;n01807496.pkl:10|class=139:n02025239.pkl:5;n02025239.pkl:13;n02025239.pkl:18
swin,474,474,+,93,61,38,17,0.1173936163890106,0.20525635683000076,0.06403095262390669,0.1632269769413929,0.653830021090705,0.08062755607175555,class=347:n02410509.pkl:1;n02410509.pkl:2;n02410509.pkl:4|class=92:n01828970.pkl:0;n01828970.pkl:1;n01828970.pkl:2|class=2:n01484850.pkl:0;n01484850.pkl:1;n01484850.pkl:3
swin,475,475,+,71,48,25,11,0.09751761352127944,0.18729798988943608,0.053784848778587614,0.14467314482153648,0.6237402375446127,0.11598999936975743,class=127:n02002556.pkl:1;n02002556.pkl:2;n02002556.pkl:4|class=873:n04486054.pkl:1;n04486054.pkl:3;n04486054.pkl:5|class=80:n01795545.pkl:0;n01795545.pkl:4;n01795545.pkl:5
swin,476,476,+,130,85,60,32,0.12624718378268243,0.18022692997128012,0.04758383982745752,0.08901213449707014,0.7739724448883795,0.03460989365833744,class=303:n02168699.pkl:0;n02168699.pkl:1;n02168699.pkl:4|class=458:n02892201.pkl:1;n02892201.pkl:3;n02892201.pkl:7|class=130:n02007558.pkl:1;n02007558.pkl:2;n02007558.pkl:4
swin,477,477,+,64,32,18,4,0.05674023418475499,0.12667412470505682,0.025503947684762683,0.09530347326592128,0.5436429057122338,0.23380888231875183,class=27:n01631663.pkl:0;n01631663.pkl:2;n01631663.pkl:4|class=795:n04228054.pkl:0;n04228054.pkl:3;n04228054.pkl:8|class=317:n02259212.pkl:2;n02259212.pkl:24;n02259212.pkl:28
swin,478,478,+,103,65,37,16,0.08620047541379272,0.1340489765369785,0.029278682563003887,0.05455330745504728,0.7599338631403594,0.04341432410967402,class=574:n03445777.pkl:3;n03445777.pkl:5;n03445777.pkl:12|class=549:n03291819.pkl:0;n03291819.pkl:2;n03291819.pkl:7|class=23:n01616318.pkl:2;n01616318.pkl:12;n01616318.pkl:14
swin,479,479,+,128,105,80,40,0.20352092241482123,0.25178640449637996,0.10043785889499918,0.18694584274545983,0.7695284965169531,0.034878667312699035,class=386:n02504458.pkl:0;n02504458.pkl:1;n02504458.pkl:2|class=96:n01843383.pkl:0;n01843383.pkl:1;n01843383.pkl:3|class=29:n01632777.pkl:2;n01632777.pkl:3;n01632777.pkl:4
swin,480,480,+,78,45,29,9,0.06853309040374575,0.13209323761629269,0.02593560714428426,0.06767940181734665,0.6742041057838495,0.10012279204864524,class=85:n01806567.pkl:2;n01806567.pkl:3;n01806567.pkl:4|class=408:n02704792.pkl:1;n02704792.pkl:2;n02704792.pkl:7|class=667:n03787032.pkl:4;n03787032.pkl:10;n03787032.pkl:14
swin,481,481,+,81,53,41,22,0.14856941081467154,0.2122997153445116,0.0718664084562937,0.1399183847474729,0.7286599163599123,0.059142102671520015,class=85:n01806567.pkl:0;n01806567.pkl:1;n01806567.pkl:2|class=873:n04486054.pkl:0;n04486054.pkl:1;n04486054.pkl:2|class=188:n02095314.pkl:2;n02095314.pkl:3;n02095314.pkl:4
swin,482,482,+,82,52,35,21,0.14288515904641266,0.2226118798843379,0.07190768655659215,0.15458168434579656,0.6930920507402546,0.06855260440752146,class=324:n02280649.pkl:0;n02280649.pkl:1;n02280649.pkl:2|class=981:n09835506.pkl:0;n09835506.pkl:2;n09835506.pkl:3|class=402:n02676566.pkl:3;n02676566.pkl:4;n02676566.pkl:6
swin,483,483,+,74,43,27,16,0.08787035657465148,0.1548893802948071,0.03681249503525979,0.10522872864057918,0.6603118655991576,0.12393317714695572,class=366:n02480855.pkl:0;n02480855.pkl:1;n02480855.pkl:2|class=641:n03720891.pkl:0;n03720891.pkl:1;n03720891.pkl:2|class=140:n02027492.pkl:8;n02027492.pkl:11;n02027492.pkl:28
swin,484,484,+,69,44,31,13,0.10428775856455759,0.181719556401318,0.05032620264213467,0.1321471282835491,0.649758193252457,0.11441864820077596,class=779:n04146614.pkl:0;n04146614.pkl:1;n04146614.pkl:2|class=297:n02134418.pkl:1;n02134418.pkl:2;n02134418.pkl:3|class=332:n02328150.pkl:2;n02328150.pkl:6;n02328150.pkl:9
swin,485,485,+,160,114,80,28,0.07941981753213764,0.1190087372342215,0.03486874227978749,0.06527064400372985,0.8011787322327518,0.0281499562710937,class=153:n02085936.pkl:0;n02085936.pkl:6;n02085936.pkl:10|class=441:n02823750.pkl:0;n02823750.pkl:2;n02823750.pkl:12|class=987:n12144580.pkl:2;n12144580.pkl:5;n12144580.pkl:7
swin,486,486,+,110,71,51,28,0.1390580641066448,0.21345856861290063,0.07202385335944898,0.1443571194126429,0.7337828996920011,0.045610930513923,class=382:n02494079.pkl:1;n02494079.pkl:4;n02494079.pkl:6|class=140:n02027492.pkl:0;n02027492.pkl:1;n02027492.pkl:3|class=62:n01744401.pkl:0;n01744401.pkl:2;n01744401.pkl:3
swin,487,487,+,71,39,22,10,0.07478261498196302,0.12531419991984355,0.0259119546363867,0.06276014374132267,0.6904140888331233,0.096709067295378,class=466:n02917067.pkl:7;n02917067.pkl:8;n02917067.pkl:9|class=526:n03179701.pkl:2;n03179701.pkl:23;n03179701.pkl:33|class=272:n02114855.pkl:1;n02114855.pkl:3;n02114855.pkl:4
swin,488,488,+,87,58,41,20,0.10045347340067101,0.15431912372555026,0.04376263210025129,0.09524002865097135,0.7216503618435375,0.06593360056343824,class=279:n02120079.pkl:1;n02120079.pkl:2;n02120079.pkl:3|class=716:n03930313.pkl:6;n03930313.pkl:8;n03930313.pkl:9|class=135:n02013706.pkl:0;n02013706.pkl:5;n02013706.pkl:6
swin,489,489,+,72,48,30,14,0.08579563445261623,0.12478369869026422,0.02926905614019875,0.05258003148601008,0.763269295355614,0.05871094262397562,class=931:n07693725.pkl:0;n07693725.pkl:1;n07693725.pkl:4|class=989:n12620546.pkl:1;n12620546.pkl:9;n12620546.pkl:11|class=952:n07753113.pkl:5;n07753113.pkl:8;n07753113.pkl:14
swin,490,490,+,72,49,31,7,0.06615954024077483,0.1046338244238531,0.0249532002650873,0.06193481268438965,0.7359173681821872,0.09945162349478741,class=292:n02129604.pkl:4;n02129604.pkl:5;n02129604.pkl:6|class=374:n02488291.pkl:3;n02488291.pkl:10;n02488291.pkl:23|class=671:n03792782.pkl:6;n03792782.pkl:10;n03792782.pkl:11
swin,491,491,+,63,35,26,13,0.09199570139912569,0.14739071416541988,0.0389237417248482,0.08399353017048422,0.6981777202503247,0.08978620743876273,class=925:n07584110.pkl:4;n07584110.pkl:8;n07584110.pkl:10|class=743:n04005630.pkl:6;n04005630.pkl:8;n04005630.pkl:9|class=34:n01665541.pkl:5;n01665541.pkl:12;n01665541.pkl:14
swin,492,492,+,106,79,52,19,0.10553084372860641,0.14394206488289413,0.034426882010986246,0.06943238984309878,0.7800128248611276,0.047806717203771686,class=292:n02129604.pkl:1;n02129604.pkl:2;n02129604.pkl:5|class=403:n02687172.pkl:7;n02687172.pkl:27;n02687172.pkl:28|class=744:n04008634.pkl:2;n04008634.pkl:6;n04008634.pkl:9
swin,493,493,+,77,54,32,11,0.09665365655951835,0.14456057735509603,0.03024332197410495,0.05811746497005345,0.7472954339175184,0.060945294625006106,class=518:n03127747.pkl:5;n03127747.pkl:7;n03127747.pkl:13|class=321:n02276258.pkl:3;n02276258.pkl:7;n02276258.pkl:14|class=309:n02206856.pkl:3;n02206856.pkl:11;n02206856.pkl:15
swin,494,494,+,54,32,22,6,0.0671011693550352,0.10712523630754775,0.027022562624990285,0.05901505817897722,0.7057304899673642,0.10684254420767966,class=260:n02112137.pkl:2;n02112137.pkl:5;n02112137.pkl:14|class=314:n02233338.pkl:14;n02233338.pkl:15;n02233338.pkl:18|class=480:n02977058.pkl:16;n02977058.pkl:20;n02977058.pkl:25
swin,495,495,+,69,45,30,12,0.09367297911526416,0.16810104898932945,0.04542808616174576,0.12632936937569755,0.6337727849863196,0.12656825335029842,class=983:n10565667.pkl:0;n10565667.pkl:1;n10565667.pkl:3|class=387:n02509815.pkl:0;n02509815.pkl:1;n02509815.pkl:2|class=669:n03788365.pkl:4;n03788365.pkl:9;n03788365.pkl:10
swin,496,496,+,67,44,20,11,0.10284738697915884,0.19565170678365948,0.051691452434253236,0.12325081243021291,0.6331216061686477,0.0997783939886751,class=330:n02325366.pkl:3;n02325366.pkl:4;n02325366.pkl:8|class=331:n02326432.pkl:0;n02326432.pkl:1;n02326432.pkl:3|class=697:n03877472.pkl:0;n03877472.pkl:9;n03877472.pkl:10
swin,497,497,+,83,51,34,17,0.10340138979960178,0.16425720616844447,0.043230303290203526,0.09350362398245002,0.7140007317507968,0.06841224772612357,class=9:n01518878.pkl:0;n01518878.pkl:2;n01518878.pkl:4|class=820:n04310018.pkl:2;n04310018.pkl:3;n04310018.pkl:5|class=841:n04370456.pkl:1;n04370456.pkl:3;n04370456.pkl:10
swin,498,498,+,90,60,36,21,0.1295420542645231,0.209560275044888,0.06542162491483057,0.14486073426266016,0.6991400673493995,0.06558848969851601,class=37:n01669191.pkl:0;n01669191.pkl:1;n01669191.pkl:2|class=375:n02488702.pkl:0;n02488702.pkl:1;n02488702.pkl:2|class=323:n02279972.pkl:0;n02279972.pkl:1;n02279972.pkl:2
swin,499,499,+,106,63,38,17,0.08627045639971546,0.15930711412602647,0.040594404357197064,0.09638496470195128,0.6960725000232703,0.06261788579135225,class=279:n02120079.pkl:0;n02120079.pkl:2;n02120079.pkl:5|class=684:n03840681.pkl:0;n03840681.pkl:1;n03840681.pkl:3|class=639:n03710721.pkl:1;n03710721.pkl:3;n03710721.pkl:15
swin,500,500,+,78,51,33,20,0.14073276590245795,0.22449709005237087,0.07350552989465896,0.15915540497944353,0.690960543065865,0.07292517435952639,class=131:n02009229.pkl:0;n02009229.pkl:1;n02009229.pkl:2|class=938:n07715103.pkl:0;n07715103.pkl:2;n07715103.pkl:3|class=846:n04380533.pkl:1;n04380533.pkl:3;n04380533.pkl:4
swin,501,501,+,44,27,14,8,0.09426888669745485,0.16313255420683637,0.041888672916655725,0.09170870074768714,0.6309503415544548,0.13166422022711724,class=23:n01616318.pkl:0;n01616318.pkl:1;n01616318.pkl:3|class=874:n04487081.pkl:6;n04487081.pkl:13;n04487081.pkl:16|class=569:n03417042.pkl:6;n03417042.pkl:7;n03417042.pkl:14
swin,502,502,+,53,34,22,3,0.06438782829531323,0.1055177991389573,0.018357365459545274,0.04168952814198809,0.7356045550786093,0.11617790418376063,class=132:n02009912.pkl:2;n02009912.pkl:7;n02009912.pkl:9|class=783:n04153751.pkl:4;n04153751.pkl:10;n04153751.pkl:32|class=952:n07753113.pkl:20;n07753113.pkl:28;n07753113.pkl:38
swin,503,503,+,81,51,29,14,0.08932878735633223,0.16398298635685496,0.040929083166062134,0.09642041163119444,0.670937502662305,0.08086119155654338,class=167:n02089973.pkl:1;n02089973.pkl:4;n02089973.pkl:6|class=162:n02088364.pkl:2;n02088364.pkl:4;n02088364.pkl:5|class=336:n02361337.pkl:4;n02361337.pkl:7;n02361337.pkl:9
swin,504,504,+,99,78,56,30,0.16813577333025362,0.2198509821377565,0.08025648346225196,0.1546881905119484,0.7518749801597586,0.047625851954413385,class=87:n01817953.pkl:1;n01817953.pkl:2;n01817953.pkl:3|class=143:n02037110.pkl:0;n02037110.pkl:2;n02037110.pkl:4|class=781:n04149813.pkl:5;n04149813.pkl:7;n04149813.pkl:8
swin,505,505,+,56,34,18,8,0.08030997457762619,0.13924656102700278,0.028135290344683064,0.06169339365726025,0.6736110161805994,0.10371627453689751,class=627:n03670208.pkl:1;n03670208.pkl:2;n03670208.pkl:3|class=67:n01755581.pkl:4;n01755581.pkl:8;n01755581.pkl:11|class=612:n03599486.pkl:6;n03599486.pkl:7;n03599486.pkl:9
swin,506,506,+,80,49,28,2,0.04596265022248521,0.07351091201106154,0.015175197710734783,0.034637108372927085,0.7660176339306274,0.07762152374899232,class=900:n04562935.pkl:2;n04562935.pkl:3;n04562935.pkl:5|class=827:n04330267.pkl:0;n04330267.pkl:6;n04330267.pkl:20|class=979:n09468604.pkl:32;n09468604.pkl:35;n09468604.pkl:71
swin,507,507,+,74,40,20,6,0.05890982570727884,0.11567248328725754,0.01928619346018049,0.04618912913915147,0.694712939034587,0.09102298768223571,class=385:n02504013.pkl:8;n02504013.pkl:18;n02504013.pkl:19|class=43:n01688243.pkl:0;n01688243.pkl:3;n01688243.pkl:8|class=933:n07697313.pkl:3;n07697313.pkl:5;n07697313.pkl:15
swin,508,508,+,77,56,39,21,0.1382254127604744,0.19135839953062714,0.06079259449197615,0.12690591449001504,0.7293093071685202,0.06958117631622258,class=847:n04389033.pkl:1;n04389033.pkl:2;n04389033.pkl:3|class=406:n02699494.pkl:0;n02699494.pkl:1;n02699494.pkl:3|class=632:n03691459.pkl:4;n03691459.pkl:7;n03691459.pkl:8
swin,509,509,+,112,76,46,18,0.10881626039126628,0.18706783627733306,0.0530428294930807,0.13506710985736178,0.6784814987289989,0.06682180744468785,class=135:n02013706.pkl:1;n02013706.pkl:2;n02013706.pkl:4|class=914:n04612504.pkl:3;n04612504.pkl:5;n04612504.pkl:6|class=289:n02128757.pkl:0;n02128757.pkl:4;n02128757.pkl:5
swin,510,510,+,99,70,40,17,0.08809627775708684,0.15358857396339792,0.03723199849920765,0.09748818658630955,0.7000631374407505,0.07935361160713668,class=130:n02007558.pkl:0;n02007558.pkl:3;n02007558.pkl:5|class=24:n01622779.pkl:0;n01622779.pkl:2;n01622779.pkl:4|class=961:n07860988.pkl:8;n07860988.pkl:13;n07860988.pkl:18
swin,511,511,+,81,55,41,17,0.15864727729528683,0.22587692759843803,0.06996213221904354,0.1398557122761055,0.7222594286777,0.06168001942514324,class=900:n04562935.pkl:0;n04562935.pkl:1;n04562935.pkl:3|class=760:n04070727.pkl:1;n04070727.pkl:5;n04070727.pkl:11|class=53:n01728920.pkl:0;n01728920.pkl:1;n01728920.pkl:2
swin,512,512,+,66,38,26,12,0.08333602555162693,0.12898371687839447,0.03261418780697507,0.06996304965290058,0.7060937948287572,0.08487520988399291,class=257:n02111500.pkl:0;n02111500.pkl:3;n02111500.pkl:4|class=378:n02492035.pkl:0;n02492035.pkl:1;n02492035.pkl:7|class=652:n03763968.pkl:10;n03763968.pkl:18;n03763968.pkl:24
swin,513,513,+,71,53,38,21,0.15425354404508282,0.216260774115324,0.07101930528704233,0.1379932611708205,0.733029264690209,0.06725914829977335,class=40:n01682714.pkl:1;n01682714.pkl:2;n01682714.pkl:4|class=122:n01983481.pkl:0;n01983481.pkl:2;n01983481.pkl:5|class=965:n07880968.pkl:1;n07880968.pkl:2;n07880968.pkl:3
swin,514,514,+,63,38,25,5,0.052643407231822405,0.07064550934578889,0.0182754003269287,0.029436679529178517,0.8009951369605313,0.057054623090038795,class=424:n02791270.pkl:1;n02791270.pkl:17;n02791270.pkl:19|class=154:n02086079.pkl:6;n02086079.pkl:10;n02086079.pkl:12|class=259:n02112018.pkl:14;n02112018.pkl:46;n02112018.pkl:58
swin,515,515,+,95,64,34,15,0.10360185880777445,0.1810955618207463,0.04472871732291742,0.1329673459643069,0.6371594111101203,0.10354999382870914,class=781:n04149813.pkl:0;n04149813.pkl:2;n04149813.pkl:4|class=255:n02111129.pkl:0;n02111129.pkl:1;n02111129.pkl:3|class=210:n02100236.pkl:0;n02100236.pkl:1;n02100236.pkl:2
swin,516,516,+,99,67,44,19,0.11769387619303943,0.18753499464204876,0.053962221978938546,0.11448465654871068,0.7231941770760065,0.05556627526785914,class=272:n02114855.pkl:0;n02114855.pkl:2;n02114855.pkl:4|class=305:n02172182.pkl:0;n02172182.pkl:2;n02172182.pkl:3|class=645:n03733131.pkl:0;n03733131.pkl:3;n03733131.pkl:14
swin,517,517,+,88,69,51,27,0.16396213894465114,0.2099124393371866,0.06866918541826529,0.1285729192952875,0.7586569062449231,0.05120117945219073,class=485:n02988304.pkl:0;n02988304.pkl:2;n02988304.pkl:3|class=308:n02190166.pkl:1;n02190166.pkl:4;n02190166.pkl:5|class=116:n01955084.pkl:1;n01955084.pkl:2;n01955084.pkl:4
swin,518,518,+,99,75,55,29,0.13598550561147488,0.1655452326393922,0.05651642447727238,0.09741748664624943,0.786668915393181,0.04011261981858051,class=687:n03854065.pkl:0;n03854065.pkl:2;n03854065.pkl:4|class=277:n02119022.pkl:0;n02119022.pkl:1;n02119022.pkl:10|class=960:n07836838.pkl:0;n07836838.pkl:3;n07836838.pkl:10
swin,519,519,+,92,62,43,21,0.12437027652060738,0.19015797179947813,0.06273755235587644,0.135866357901067,0.7120894229471265,0.06184734275232041,class=334:n02346627.pkl:0;n02346627.pkl:1;n02346627.pkl:2|class=55:n01729977.pkl:2;n01729977.pkl:6;n01729977.pkl:7|class=61:n01742172.pkl:0;n01742172.pkl:1;n01742172.pkl:4
swin,520,520,+,74,51,28,13,0.06602266381482305,0.10100609593985488,0.02724876042460112,0.05695222678294476,0.7533395347372381,0.07254669614138248,class=274:n02115913.pkl:1;n02115913.pkl:3;n02115913.pkl:5|class=128:n02002724.pkl:10;n02002724.pkl:24;n02002724.pkl:25|class=670:n03791053.pkl:2;n03791053.pkl:15;n03791053.pkl:20
swin,521,521,+,89,45,28,15,0.09300164781183085,0.18431971635373057,0.04109456396223526,0.11155575589990814,0.6533117374682305,0.09403497697813717,class=323:n02279972.pkl:0;n02279972.pkl:1;n02279972.pkl:2|class=752:n04039381.pkl:0;n04039381.pkl:1;n04039381.pkl:2|class=75:n01774384.pkl:1;n01774384.pkl:3;n01774384.pkl:5
swin,522,522,+,92,65,37,14,0.09652606756105964,0.1727666640788032,0.04511177859749063,0.12163397046903898,0.6602701335814835,0.08989047754811483,class=383:n02497673.pkl:0;n02497673.pkl:1;n02497673.pkl:2|class=59:n01739381.pkl:0;n01739381.pkl:6;n01739381.pkl:8|class=586:n03478589.pkl:3;n03478589.pkl:6;n03478589.pkl:8
swin,523,523,+,40,19,14,4,0.06981834878179985,0.12022257425182979,0.02534395531433837,0.05376644227754999,0.656465435904235,0.1375158798687765,class=551:n03314780.pkl:1;n03314780.pkl:3;n03314780.pkl:4|class=133:n02011460.pkl:1;n02011460.pkl:2;n02011460.pkl:17|class=519:n03127925.pkl:6;n03127925.pkl:11;n03127925.pkl:18
swin,524,524,+,79,46,27,13,0.09534692491307413,0.19083226366864203,0.051071172440047226,0.13990920820163566,0.6239712478554299,0.10765609397056428,class=685:n03841143.pkl:0;n03841143.pkl:1;n03841143.pkl:2|class=983:n10565667.pkl:1;n10565667.pkl:5;n10565667.pkl:7|class=396:n02643566.pkl:8;n02643566.pkl:10;n02643566.pkl:13
swin,525,525,+,65,45,27,13,0.12217678769474381,0.19050400800359663,0.0522416742065551,0.11509240713922929,0.6871115162646002,0.090054557924445,class=768:n04118538.pkl:0;n04118538.pkl:1;n04118538.pkl:4|class=987:n12144580.pkl:1;n12144580.pkl:3;n12144580.pkl:10|class=145:n02056570.pkl:3;n02056570.pkl:7;n02056570.pkl:8
swin,526,526,+,82,57,36,23,0.13642442160776178,0.1985444998922676,0.05867315135591679,0.12281757361542885,0.7185864860647857,0.06563043328845265,class=33:n01664065.pkl:2;n01664065.pkl:3;n01664065.pkl:4|class=642:n03721384.pkl:2;n03721384.pkl:3;n03721384.pkl:4|class=105:n01882714.pkl:3;n01882714.pkl:4;n01882714.pkl:5
swin,527,527,+,155,115,77,44,0.14593823887083252,0.2039772402036489,0.06951420801178415,0.13226458400654653,0.7752019347442488,0.029808140895842994,class=866:n04465501.pkl:2;n04465501.pkl:6;n04465501.pkl:8|class=750:n04033995.pkl:0;n04033995.pkl:1;n04033995.pkl:2|class=259:n02112018.pkl:1;n02112018.pkl:2;n02112018.pkl:3
swin,528,528,+,100,66,40,21,0.10333122118730731,0.16279371522428987,0.045243345555866156,0.10375439991818393,0.7119952040747698,0.06259005468996692,class=595:n03496892.pkl:4;n03496892.pkl:7;n03496892.pkl:11|class=384:n02500267.pkl:0;n02500267.pkl:1;n02500267.pkl:2|class=979:n09468604.pkl:0;n09468604.pkl:2;n09468604.pkl:4
swin,529,529,+,65,40,22,7,0.06468181935999329,0.11627006395715071,0.02664549647272646,0.06825659801233369,0.6658406356149251,0.11633972101717603,class=352:n02422699.pkl:0;n02422699.pkl:1;n02422699.pkl:4|class=582:n03461385.pkl:5;n03461385.pkl:22;n03461385.pkl:23|class=333:n02342885.pkl:0;n02342885.pkl:2;n02342885.pkl:6
swin,530,530,+,59,45,29,13,0.1313301800540842,0.21709627040573676,0.07262846782882178,0.19221206708813657,0.6232626615358111,0.13566139861894638,class=687:n03854065.pkl:0;n03854065.pkl:1;n03854065.pkl:2|class=100:n01860187.pkl:0;n01860187.pkl:1;n01860187.pkl:2|class=11:n01531178.pkl:0;n01531178.pkl:1;n01531178.pkl:2
swin,531,531,+,94,72,47,29,0.16875909760361738,0.21491882291448358,0.07285318741436392,0.1273414886279264,0.7685177482471689,0.04314065639150897,class=5:n01496331.pkl:1;n01496331.pkl:2;n01496331.pkl:3|class=207:n02099601.pkl:1;n02099601.pkl:3;n02099601.pkl:4|class=646:n03733281.pkl:3;n03733281.pkl:6;n03733281.pkl:7
swin,532,532,+,88,61,43,19,0.11440720553107005,0.17123066339191306,0.05096663939649,0.10042320477389806,0.7422265452119887,0.05548139950549075,class=354:n02437312.pkl:1;n02437312.pkl:3;n02437312.pkl:4|class=554:n03344393.pkl:0;n03344393.pkl:1;n03344393.pkl:2|class=387:n02509815.pkl:2;n02509815.pkl:5;n02509815.pkl:8
swin,533,533,+,89,57,36,15,0.11461855434090146,0.20592895785152165,0.05992271612533785,0.15534110923252595,0.6412916252422637,0.08674514589272969,class=98:n01855032.pkl:0;n01855032.pkl:1;n01855032.pkl:2|class=320:n02268853.pkl:0;n02268853.pkl:1;n02268853.pkl:2|class=287:n02127052.pkl:0;n02127052.pkl:1;n02127052.pkl:3
swin,534,534,+,89,67,45,24,0.1262972518477306,0.1780364519933021,0.05489417759007673,0.11417825472613387,0.7307460882795772,0.05984579913155976,class=81:n01796340.pkl:0;n01796340.pkl:1;n01796340.pkl:2|class=857:n04429376.pkl:2;n04429376.pkl:5;n04429376.pkl:6|class=990:n12768682.pkl:0;n12768682.pkl:3;n12768682.pkl:5
swin,535,535,+,106,87,64,29,0.1735004693537317,0.2249591314961555,0.08305267320867055,0.18093451622397813,0.7329813868885637,0.05420835977257831,class=387:n02509815.pkl:0;n02509815.pkl:1;n02509815.pkl:2|class=993:n13037406.pkl:0;n13037406.pkl:1;n13037406.pkl:2|class=803:n04252225.pkl:0;n04252225.pkl:1;n04252225.pkl:2
swin,536,536,+,109,75,52,31,0.14653364877884642,0.20779648014085647,0.06796130420622748,0.13821927018226066,0.7430093871266735,0.047122171423036124,class=393:n02607072.pkl:0;n02607072.pkl:2;n02607072.pkl:3|class=757:n04065272.pkl:1;n04065272.pkl:2;n04065272.pkl:3|class=938:n07715103.pkl:3;n07715103.pkl:4;n07715103.pkl:5
swin,537,537,+,77,53,36,15,0.0912778887012494,0.15126396252381502,0.03997115303647532,0.08668573326995879,0.7195952549312594,0.07406872153507368,class=319:n02268443.pkl:2;n02268443.pkl:4;n02268443.pkl:5|class=55:n01729977.pkl:2;n01729977.pkl:5;n01729977.pkl:7|class=739:n03992509.pkl:3;n03992509.pkl:7;n03992509.pkl:11
swin,538,538,+,91,65,36,15,0.09251303467756249,0.1544838107041871,0.03897123565255244,0.08720357510929032,0.7046723520270544,0.06601132307497404,class=717:n03930630.pkl:0;n03930630.pkl:4;n03930630.pkl:10|class=841:n04370456.pkl:1;n04370456.pkl:2;n04370456.pkl:3|class=945:n07720875.pkl:5;n07720875.pkl:13;n07720875.pkl:14
swin,539,539,+,83,52,33,20,0.1068173403937578,0.15838998578268693,0.04367003154607449,0.08856712729700542,0.7328115340949819,0.06160462283217262,class=17:n01580077.pkl:0;n01580077.pkl:1;n01580077.pkl:3|class=586:n03478589.pkl:0;n03478589.pkl:4;n03478589.pkl:5|class=691:n03868863.pkl:2;n03868863.pkl:3;n03868863.pkl:6
swin,540,540,+,122,72,52,27,0.11419497430905752,0.16904744410763212,0.04964248006557973,0.09528160662582137,0.761124644250879,0.038392857279719056,class=757:n04065272.pkl:0;n04065272.pkl:1;n04065272.pkl:5|class=305:n02172182.pkl:0;n02172182.pkl:1;n02172182.pkl:5|class=121:n01981276.pkl:0;n01981276.pkl:1;n01981276.pkl:2
swin,541,541,+,83,56,40,19,0.12198999976978386,0.18358766195762308,0.055467280454490384,0.11555126844490775,0.7162467473312227,0.064335658865745,class=654:n03769881.pkl:1;n03769881.pkl:12;n03769881.pkl:13|class=85:n01806567.pkl:1;n01806567.pkl:3;n01806567.pkl:4|class=332:n02328150.pkl:0;n02328150.pkl:1;n02328150.pkl:2
swin,542,542,+,94,57,39,19,0.08626207668526331,0.14798592974360122,0.04058549648492065,0.09632208626890273,0.7096844063173564,0.07055972955745679,class=294:n02132136.pkl:0;n02132136.pkl:1;n02132136.pkl:2|class=97:n01847000.pkl:4;n01847000.pkl:5;n01847000.pkl:7|class=454:n02871525.pkl:0;n02871525.pkl:5;n02871525.pkl:7
swin,543,543,+,130,79,51,17,0.06694996672901,0.11261682432725231,0.02787128131171235,0.07450090858670337,0.7311067531309023,0.06265473658105311,class=340:n02391049.pkl:0;n02391049.pkl:1;n02391049.pkl:2|class=912:n04604644.pkl:2;n04604644.pkl:5;n04604644.pkl:7|class=726:n03954731.pkl:1;n03954731.pkl:3;n03954731.pkl:11
swin,544,544,+,75,47,29,16,0.10490647023218017,0.15724214058905892,0.04150737951538885,0.0836390978311888,0.7148150624035539,0.06747190380970979,class=431:n02804414.pkl:1;n02804414.pkl:3;n02804414.pkl:9|class=382:n02494079.pkl:3;n02494079.pkl:4;n02494079.pkl:6|class=459:n02892767.pkl:0;n02892767.pkl:6;n02892767.pkl:12
swin,545,545,+,87,65,43,20,0.11787474299452302,0.16522779240389152,0.050944353542592816,0.10033249584125685,0.742061649171643,0.05607751759612862,class=969:n07932039.pkl:0;n07932039.pkl:4;n07932039.pkl:5|class=205:n02099267.pkl:1;n02099267.pkl:6;n02099267.pkl:9|class=206:n02099429.pkl:0;n02099429.pkl:1;n02099429.pkl:8
swin,546,546,+,99,57,35,17,0.10121939117288475,0.1888890633213395,0.04899433942411477,0.1315701510738666,0.6529163005136631,0.08294399589274434,class=142:n02033041.pkl:0;n02033041.pkl:1;n02033041.pkl:3|class=985:n11939491.pkl:0;n11939491.pkl:1;n11939491.pkl:2|class=379:n02492660.pkl:1;n02492660.pkl:5;n02492660.pkl:7
swin,547,547,+,91,58,40,15,0.0799789184158981,0.10996054500142294,0.02792880059622322,0.04986752417264205,0.7798418110358355,0.0460230049519502,class=55:n01729977.pkl:2;n01729977.pkl:6;n01729977.pkl:7|class=194:n02096437.pkl:6;n02096437.pkl:16;n02096437.pkl:17|class=853:n04417672.pkl:13;n04417672.pkl:17;n04417672.pkl:18
swin,548,548,+,92,66,53,24,0.12973810861837826,0.18359099383733177,0.05869218501611307,0.11266235872210967,0.7577734257734177,0.05092019003720407,class=289:n02128757.pkl:2;n02128757.pkl:3;n02128757.pkl:4|class=82:n01797886.pkl:0;n01797886.pkl:3;n01797886.pkl:10|class=179:n02093256.pkl:1;n02093256.pkl:2;n02093256.pkl:3
swin,549,549,+,80,44,23,10,0.075798268270994,0.15859755917036283,0.03459683342133732,0.09400429710955964,0.6290430348441439,0.10478534176339524,class=110:n01924916.pkl:1;n01924916.pkl:2;n01924916.pkl:6|class=863:n04458633.pkl:1;n04458633.pkl:3;n04458633.pkl:4|class=440:n02823428.pkl:1;n02823428.pkl:2;n02823428.pkl:5
swin,550,550,+,88,66,37,14,0.10868020326294109,0.1959173676684129,0.05613746953367909,0.15229841230728866,0.637233516075039,0.09500140058627231,class=858:n04435653.pkl:0;n04435653.pkl:1;n04435653.pkl:2|class=383:n02497673.pkl:0;n02497673.pkl:1;n02497673.pkl:2|class=173:n02091244.pkl:0;n02091244.pkl:1;n02091244.pkl:2
swin,551,551,+,58,35,20,12,0.10436622419858035,0.1773087767796858,0.046045909425791155,0.11811568347814125,0.6337240125629967,0.13069151805963844,class=717:n03930630.pkl:0;n03930630.pkl:1;n03930630.pkl:2|class=801:n04251144.pkl:0;n04251144.pkl:3;n04251144.pkl:7|class=901:n04579145.pkl:0;n04579145.pkl:2;n04579145.pkl:3
swin,552,552,+,93,70,50,26,0.13297439389312468,0.18644626761568808,0.05402273861678351,0.09889407753154066,0.7583871091934891,0.04678602041939183,class=665:n03785016.pkl:0;n03785016.pkl:3;n03785016.pkl:4|class=106:n01883070.pkl:0;n01883070.pkl:1;n01883070.pkl:3|class=921:n07248320.pkl:5;n07248320.pkl:11;n07248320.pkl:12
swin,553,553,+,67,42,18,12,0.09805682127115822,0.18716243594865475,0.0475185272667316,0.13501833434216146,0.598404499028072,0.13542473443223912,class=388:n02510455.pkl:0;n02510455.pkl:1;n02510455.pkl:2|class=387:n02509815.pkl:0;n02509815.pkl:2;n02509815.pkl:3|class=948:n07742313.pkl:0;n07742313.pkl:2;n07742313.pkl:3
swin,554,554,+,51,30,12,7,0.06772107836969929,0.1286911252703531,0.02564424225059444,0.06183423181320398,0.6463362908235379,0.13360867536753218,class=867:n04467665.pkl:2;n04467665.pkl:7;n04467665.pkl:11|class=419:n02786058.pkl:6;n02786058.pkl:11;n02786058.pkl:31|class=719:n03935335.pkl:7;n03935335.pkl:12;n03935335.pkl:17
swin,555,555,+,75,50,30,13,0.08578209277912106,0.1294144102454253,0.03468558115117116,0.07759888740933997,0.7149739144166224,0.08006804290666585,class=67:n01755581.pkl:2;n01755581.pkl:3;n01755581.pkl:4|class=272:n02114855.pkl:0;n02114855.pkl:8;n02114855.pkl:12|class=365:n02480495.pkl:0;n02480495.pkl:6;n02480495.pkl:7
swin,556,556,+,82,54,38,20,0.13204924870543233,0.18886486474438344,0.056517915193065954,0.1041709385686059,0.7395566311918803,0.053624368494280365,class=87:n01817953.pkl:3;n01817953.pkl:6;n01817953.pkl:8|class=148:n02071294.pkl:1;n02071294.pkl:2;n02071294.pkl:3|class=744:n04008634.pkl:3;n04008634.pkl:14;n04008634.pkl:27
swin,557,557,+,84,54,37,12,0.08646595535151624,0.1485685843212629,0.03376993605674586,0.10115317906105006,0.6587426602478751,0.1187165806618397,class=74:n01773797.pkl:1;n01773797.pkl:10;n01773797.pkl:13|class=115:n01950731.pkl:3;n01950731.pkl:5;n01950731.pkl:13|class=901:n04579145.pkl:5;n04579145.pkl:6;n04579145.pkl:9
swin,558,558,+,71,48,27,10,0.07405738618248109,0.101664857290336,0.019275264239990986,0.033034560010343196,0.788431709468423,0.05545379291357983,class=114:n01945685.pkl:0;n01945685.pkl:5;n01945685.pkl:19|class=140:n02027492.pkl:2;n02027492.pkl:18;n02027492.pkl:22|class=966:n07892512.pkl:1;n07892512.pkl:7;n07892512.pkl:33
swin,559,559,+,69,45,27,15,0.10632010488500958,0.1778184323845249,0.04677568927412377,0.12088587980476775,0.6590766660847707,0.11128970263154339,class=127:n02002556.pkl:0;n02002556.pkl:1;n02002556.pkl:2|class=22:n01614925.pkl:0;n01614925.pkl:2;n01614925.pkl:3|class=71:n01770393.pkl:1;n01770393.pkl:10;n01770393.pkl:11
swin,560,560,+,101,65,43,20,0.09449359811404322,0.1447665930408907,0.03927534413560424,0.07804471689761935,0.7524384256596051,0.048996388866343055,class=62:n01744401.pkl:1;n01744401.pkl:2;n01744401.pkl:4|class=384:n02500267.pkl:6;n02500267.pkl:7;n02500267.pkl:11|class=960:n07836838.pkl:1;n07836838.pkl:4;n07836838.pkl:5
swin,561,561,+,107,72,48,25,0.13393285583681305,0.20579380153223034,0.059837255022739066,0.14435292030107952,0.7009879106832172,0.06373641895385722,class=688:n03857828.pkl:0;n03857828.pkl:1;n03857828.pkl:2|class=720:n03937543.pkl:0;n03937543.pkl:1;n03937543.pkl:2|class=739:n03992509.pkl:0;n03992509.pkl:1;n03992509.pkl:2
swin,562,562,+,213,155,112,51,0.08434104662242634,0.11531409515167892,0.04339195266639661,0.0746829951426882,0.8253992378539617,0.01860222019051478,class=301:n02165456.pkl:2;n02165456.pkl:7;n02165456.pkl:9|class=312:n02229544.pkl:0;n02229544.pkl:7;n02229544.pkl:8|class=949:n07745940.pkl:0;n07745940.pkl:1;n07745940.pkl:3
swin,563,563,+,98,66,46,25,0.1200376007148345,0.19218870489419584,0.060631928794925564,0.1407075618051012,0.7031081745607348,0.06515893222299357,class=324:n02280649.pkl:0;n02280649.pkl:2;n02280649.pkl:3|class=28:n01632458.pkl:0;n01632458.pkl:2;n01632458.pkl:6|class=106:n01883070.pkl:0;n01883070.pkl:1;n01883070.pkl:4
swin,564,564,+,92,65,41,22,0.1259131750392089,0.18855307137406663,0.050732669413090195,0.10766712715185454,0.7182328703867917,0.059825234716573944,class=138:n02018795.pkl:0;n02018795.pkl:3;n02018795.pkl:6|class=547:n03272562.pkl:0;n03272562.pkl:2;n03272562.pkl:6|class=175:n02091635.pkl:1;n02091635.pkl:2;n02091635.pkl:3
swin,565,565,+,72,42,30,17,0.10603895387523576,0.1722122817609514,0.0514657703752869,0.11808462476391855,0.6847239025211492,0.08700570225322288,class=484:n02981792.pkl:1;n02981792.pkl:2;n02981792.pkl:3|class=67:n01755581.pkl:2;n01755581.pkl:3;n01755581.pkl:7|class=72:n01773157.pkl:2;n01773157.pkl:3;n01773157.pkl:9
swin,566,566,+,64,40,31,17,0.1375701966699984,0.19607813676803856,0.06477107546009417,0.12928294956719727,0.7127945961966315,0.07787513727897186,class=113:n01944390.pkl:0;n01944390.pkl:1;n01944390.pkl:2|class=821:n04311004.pkl:0;n04311004.pkl:2;n04311004.pkl:3|class=410:n02727426.pkl:0;n02727426.pkl:4;n02727426.pkl:6
swin,567,567,+,85,56,33,13,0.08663214279150222,0.1474676818472328,0.03456761449165047,0.1016185157897272,0.6731579116242318,0.11343356480040918,class=49:n01697457.pkl:1;n01697457.pkl:2;n01697457.pkl:4|class=170:n02090721.pkl:1;n02090721.pkl:2;n02090721.pkl:3|class=939:n07716358.pkl:0;n07716358.pkl:4;n07716358.pkl:15
swin,568,568,+,74,58,44,24,0.17020717164050506,0.22889408895552044,0.08571874031400259,0.1806556674868847,0.7134422104590081,0.07353681801658844,class=625:n03662601.pkl:0;n03662601.pkl:2;n03662601.pkl:4|class=140:n02027492.pkl:0;n02027492.pkl:1;n02027492.pkl:2|class=289:n02128757.pkl:0;n02128757.pkl:1;n02128757.pkl:2
swin,569,569,+,75,48,28,15,0.09334790135431895,0.15455844282099118,0.039335170356393,0.08246289589798117,0.7026750614173157,0.07193282248789169,class=474:n02963159.pkl:2;n02963159.pkl:3;n02963159.pkl:7|class=104:n01877812.pkl:1;n01877812.pkl:3;n01877812.pkl:4|class=688:n03857828.pkl:0;n03857828.pkl:5;n03857828.pkl:8
swin,570,570,+,137,102,69,35,0.12818933027170545,0.18280493510868015,0.06361868541533221,0.129118821116857,0.7612293278476647,0.03736620485649292,class=70:n01770081.pkl:1;n01770081.pkl:2;n01770081.pkl:3|class=73:n01773549.pkl:2;n01773549.pkl:5;n01773549.pkl:9|class=548:n03290653.pkl:0;n03290653.pkl:1;n03290653.pkl:2
swin,571,571,+,89,58,35,17,0.1030660236712905,0.16612015766374313,0.038679832149021265,0.09989092996366643,0.6866028049636052,0.08617237559090404,class=320:n02268853.pkl:2;n02268853.pkl:3;n02268853.pkl:4|class=689:n03866082.pkl:2;n03866082.pkl:3;n03866082.pkl:6|class=420:n02787622.pkl:2;n02787622.pkl:3;n02787622.pkl:6
swin,572,572,+,84,56,29,16,0.11599449650608488,0.19440098838052983,0.05173008997521226,0.10720366523084536,0.7002751165766308,0.0630321390873347,class=326:n02281787.pkl:2;n02281787.pkl:3;n02281787.pkl:7|class=774:n04133789.pkl:0;n04133789.pkl:2;n04133789.pkl:6|class=272:n02114855.pkl:2;n02114855.pkl:4;n02114855.pkl:6
swin,573,573,+,70,41,27,11,0.08446207868011103,0.12326730114763192,0.029465951252740968,0.05511358781281529,0.7330249082026853,0.06426365938688239,class=268:n02113978.pkl:0;n02113978.pkl:2;n02113978.pkl:4|class=825:n04326547.pkl:6;n04326547.pkl:11;n04326547.pkl:12|class=68:n01756291.pkl:2;n01756291.pkl:3;n01756291.pkl:18
swin,574,574,+,86,61,40,19,0.12730578469783735,0.18199286548891572,0.054744955197837876,0.1049223713657812,0.7416291213281003,0.05433987026314508,class=187:n02094433.pkl:0;n02094433.pkl:1;n02094433.pkl:7|class=867:n04467665.pkl:2;n04467665.pkl:3;n04467665.pkl:8|class=483:n02980441.pkl:0;n02980441.pkl:2;n02980441.pkl:4
swin,575,575,+,80,47,29,12,0.08202024764359876,0.12916671026657056,0.026794130285488826,0.05357208510631334,0.739253479309925,0.06246981983883616,class=395:n02641379.pkl:7;n02641379.pkl:11;n02641379.pkl:13|class=120:n01980166.pkl:7;n01980166.pkl:11;n01980166.pkl:16|class=66:n01753488.pkl:13;n01753488.pkl:14;n01753488.pkl:23
swin,576,576,+,76,53,38,17,0.1346117709063368,0.19294734319622642,0.05883667437275723,0.12277969291412454,0.7232182722908633,0.07045639556828039,class=466:n02917067.pkl:2;n02917067.pkl:3;n02917067.pkl:4|class=370:n02484975.pkl:2;n02484975.pkl:3;n02484975.pkl:5|class=500:n03042490.pkl:2;n03042490.pkl:3;n03042490.pkl:4
swin,577,577,+,85,56,29,14,0.09684448046520527,0.1807782189154757,0.04410537810330576,0.1279061313859882,0.6310743567516399,0.11070670987576967,class=89:n01819313.pkl:0;n01819313.pkl:1;n01819313.pkl:4|class=871:n04483307.pkl:0;n04483307.pkl:1;n04483307.pkl:3|class=681:n03832673.pkl:2;n03832673.pkl:9;n03832673.pkl:10
swin,578,578,+,75,40,27,12,0.08629417390996856,0.163179882341745,0.03940098085729849,0.11990685433739637,0.6214821039873962,0.13681790207256972,class=290:n02128925.pkl:0;n02128925.pkl:2;n02128925.pkl:3|class=683:n03838899.pkl:0;n03838899.pkl:4;n03838899.pkl:8|class=25:n01629819.pkl:1;n01629819.pkl:3;n01629819.pkl:5
swin,579,579,+,86,58,42,19,0.10459733293480376,0.13067524659680188,0.03668883962987234,0.05532261410091859,0.802255028380687,0.038066539122442476,class=869:n04479046.pkl:3;n04479046.pkl:8;n04479046.pkl:10|class=896:n04553703.pkl:6;n04553703.pkl:11;n04553703.pkl:12|class=852:n04409515.pkl:3;n04409515.pkl:10;n04409515.pkl:18
swin,580,580,+,108,73,48,27,0.11236167412787819,0.17626473184478356,0.0529314295389889,0.11496740689709342,0.7262202248904034,0.05294085242957918,class=157:n02086910.pkl:0;n02086910.pkl:1;n02086910.pkl:2|class=213:n02100877.pkl:0;n02100877.pkl:1;n02100877.pkl:2|class=835:n04355338.pkl:0;n04355338.pkl:1;n04355338.pkl:4
swin,581,581,+,79,50,33,12,0.11595808758960652,0.19903525149853704,0.05001391390570905,0.11361913833075174,0.6838813443502113,0.07798545233847239,class=545:n03271574.pkl:2;n03271574.pkl:3;n03271574.pkl:4|class=44:n01689811.pkl:0;n01689811.pkl:1;n01689811.pkl:2|class=495:n03018349.pkl:1;n03018349.pkl:2;n03018349.pkl:6
swin,582,582,+,55,33,20,7,0.08210983430523022,0.1426736823392755,0.03367082523716179,0.08665242432145812,0.6339834047624817,0.1385997668461356,class=945:n07720875.pkl:2;n07720875.pkl:5;n07720875.pkl:6|class=877:n04501370.pkl:6;n04501370.pkl:7;n04501370.pkl:16|class=151:n02085620.pkl:3;n02085620.pkl:8;n02085620.pkl:9
swin,583,583,+,116,84,54,29,0.1565506955902064,0.21227931757733193,0.07317466612257513,0.14073552509538587,0.7507310338709059,0.04050874149560758,class=576:n03447447.pkl:1;n03447447.pkl:3;n03447447.pkl:4|class=122:n01983481.pkl:0;n01983481.pkl:4;n01983481.pkl:5|class=734:n03977966.pkl:1;n03977966.pkl:3;n03977966.pkl:4
swin,584,584,+,69,45,24,12,0.07683155752582758,0.130057168252745,0.03304547161966169,0.07517154981673145,0.6840456529887723,0.08948804707501752,class=335:n02356798.pkl:1;n02356798.pkl:2;n02356798.pkl:4|class=592:n03492542.pkl:0;n03492542.pkl:1;n03492542.pkl:2|class=225:n02105162.pkl:0;n02105162.pkl:4;n02105162.pkl:8
swin,585,585,+,70,46,33,16,0.13611974181870576,0.2123300344356677,0.0676602144566904,0.14541583234495783,0.6840390300945218,0.08027274812489626,class=96:n01843383.pkl:0;n01843383.pkl:1;n01843383.pkl:2|class=39:n01677366.pkl:0;n01677366.pkl:1;n01677366.pkl:2|class=384:n02500267.pkl:0;n02500267.pkl:1;n02500267.pkl:2
swin,586,586,+,88,56,39,25,0.1631309177264517,0.24329352546400027,0.08870900890881496,0.18473955820186333,0.7081168840424736,0.06064715134870205,class=984:n11879895.pkl:0;n11879895.pkl:2;n11879895.pkl:4|class=27:n01631663.pkl:0;n01631663.pkl:2;n01631663.pkl:4|class=102:n01872401.pkl:1;n01872401.pkl:2;n01872401.pkl:3
swin,587,587,+,72,35,20,7,0.06647460414181167,0.1405051967330833,0.02833200084185583,0.07751999409056785,0.6275713657629118,0.11786665277132752,class=39:n01677366.pkl:0;n01677366.pkl:1;n01677366.pkl:11|class=74:n01773797.pkl:13;n01773797.pkl:17;n01773797.pkl:28|class=821:n04311004.pkl:15;n04311004.pkl:22;n04311004.pkl:31
swin,588,588,+,81,57,36,13,0.10380059720121755,0.15558987870723553,0.03954254569892052,0.0889131999613807,0.7170697178218364,0.07476488100153063,class=569:n03417042.pkl:0;n03417042.pkl:1;n03417042.pkl:3|class=483:n02980441.pkl:0;n02980441.pkl:4;n02980441.pkl:5|class=313:n02231487.pkl:0;n02231487.pkl:1;n02231487.pkl:5
swin,589,589,+,65,49,33,11,0.10476047378783795,0.16259509313790224,0.045398508750825184,0.09923161082775007,0.708818439855392,0.08888735917498798,class=765:n04099969.pkl:1;n04099969.pkl:2;n04099969.pkl:5|class=974:n09288635.pkl:2;n09288635.pkl:3;n09288635.pkl:8|class=865:n04462240.pkl:5;n04462240.pkl:6;n04462240.pkl:11
swin,590,590,+,120,80,50,18,0.10278093837967832,0.18706485087515445,0.05431910292217364,0.14185439750746306,0.6771234539255597,0.0651661503416082,class=129:n02006656.pkl:3;n02006656.pkl:7;n02006656.pkl:10|class=167:n02089973.pkl:3;n02089973.pkl:4;n02089973.pkl:5|class=342:n02396427.pkl:0;n02396427.pkl:2;n02396427.pkl:3
swin,591,591,+,94,72,50,25,0.17073292603757037,0.24424220275496353,0.09118389479959141,0.18728568436444162,0.7191470233074563,0.0555174903374466,class=84:n01806143.pkl:1;n01806143.pkl:2;n01806143.pkl:3|class=275:n02116738.pkl:0;n02116738.pkl:1;n02116738.pkl:2|class=268:n02113978.pkl:0;n02113978.pkl:1;n02113978.pkl:2
swin,592,592,+,153,115,81,37,0.11052123964528511,0.14909260151599768,0.044811077704700726,0.0843727315459165,0.7985785814755063,0.02970680010482154,class=983:n10565667.pkl:3;n10565667.pkl:4;n10565667.pkl:6|class=683:n03838899.pkl:1;n03838899.pkl:2;n03838899.pkl:5|class=841:n04370456.pkl:5;n04370456.pkl:11;n04370456.pkl:12
swin,593,593,+,71,44,34,14,0.0911869325694505,0.12319125778189934,0.03145009479520592,0.052074646310376484,0.7764418145522116,0.052699004885122094,class=271:n02114712.pkl:0;n02114712.pkl:6;n02114712.pkl:12|class=485:n02988304.pkl:4;n02988304.pkl:10;n02988304.pkl:11|class=874:n04487081.pkl:0;n04487081.pkl:17;n04487081.pkl:35
swin,594,594,+,121,93,56,23,0.11276058669929087,0.17640542588188615,0.051969200841806354,0.12350915541397078,0.7148078679976706,0.0549433889588299,class=685:n03841143.pkl:0;n03841143.pkl:1;n03841143.pkl:3|class=353:n02423022.pkl:1;n02423022.pkl:2;n02423022.pkl:4|class=695:n03874599.pkl:0;n03874599.pkl:4;n03874599.pkl:5
swin,595,595,+,57,31,16,6,0.06381192402899923,0.13458893950914586,0.03158749742271301,0.09089685789172125,0.5909663770035372,0.1628193824683926,class=949:n07745940.pkl:3;n07745940.pkl:5;n07745940.pkl:7|class=953:n07753275.pkl:2;n07753275.pkl:3;n07753275.pkl:4|class=974:n09288635.pkl:3;n09288635.pkl:4;n09288635.pkl:5
swin,596,596,+,56,31,17,6,0.05775322235080115,0.11718717204955104,0.02366307272515599,0.06010605829004531,0.6427728925003074,0.133071391625904,class=406:n02699494.pkl:0;n02699494.pkl:3;n02699494.pkl:6|class=395:n02641379.pkl:1;n02641379.pkl:5;n02641379.pkl:7|class=444:n02835271.pkl:5;n02835271.pkl:13;n02835271.pkl:27
swin,597,597,+,95,60,35,19,0.10135127098812881,0.17890378891750577,0.04602592528134168,0.11957211550902706,0.6776190705986765,0.08157093069229746,class=3:n01491361.pkl:1;n01491361.pkl:2;n01491361.pkl:5|class=930:n07684084.pkl:1;n07684084.pkl:2;n07684084.pkl:3|class=560:n03379051.pkl:0;n03379051.pkl:1;n03379051.pkl:3
swin,598,598,+,65,45,27,7,0.06344304581998633,0.11589913806821163,0.024999984710870452,0.07219124242768936,0.6856590864789394,0.14366970726635028,class=353:n02423022.pkl:0;n02423022.pkl:1;n02423022.pkl:2|class=530:n03196217.pkl:0;n03196217.pkl:1;n03196217.pkl:5|class=470:n02948072.pkl:12;n02948072.pkl:16;n02948072.pkl:21
swin,599,599,+,71,42,25,12,0.08093327820631101,0.14487017696007187,0.036614304022759614,0.09252198242556386,0.6575638944679565,0.10401975655071642,class=169:n02090622.pkl:0;n02090622.pkl:5;n02090622.pkl:7|class=363:n02454379.pkl:0;n02454379.pkl:2;n02454379.pkl:3|class=248:n02109961.pkl:2;n02109961.pkl:4;n02109961.pkl:8
swin,600,600,+,132,82,54,29,0.09967747688671534,0.1620808700091151,0.046710780251203954,0.10768872180949861,0.7270735977796368,0.04784118093596554,class=373:n02487347.pkl:0;n02487347.pkl:1;n02487347.pkl:2|class=890:n04540053.pkl:0;n04540053.pkl:1;n04540053.pkl:4|class=956:n07760859.pkl:2;n07760859.pkl:3;n07760859.pkl:4
swin,601,601,+,87,49,33,17,0.10629617031235587,0.17762983921437206,0.04749513487975821,0.10881038665789046,0.6937397419669936,0.0718228468627903,class=496:n03026506.pkl:2;n03026506.pkl:3;n03026506.pkl:5|class=816:n04277352.pkl:1;n04277352.pkl:2;n04277352.pkl:3|class=642:n03721384.pkl:1;n03721384.pkl:2;n03721384.pkl:6
swin,602,602,+,78,50,37,13,0.10282591723741777,0.1623767171449258,0.04461517357085262,0.1083472632745744,0.6922336455748519,0.08842996919720054,class=863:n04458633.pkl:0;n04458633.pkl:1;n04458633.pkl:2|class=353:n02423022.pkl:0;n02423022.pkl:3;n02423022.pkl:5|class=1:n01443537.pkl:0;n01443537.pkl:5;n01443537.pkl:7
swin,603,603,+,67,38,24,11,0.10495509814132084,0.18954928041448238,0.04923079104965113,0.11812944932159081,0.6433789286650708,0.100859947028787,class=430:n02802426.pkl:1;n02802426.pkl:2;n02802426.pkl:3|class=294:n02132136.pkl:2;n02132136.pkl:4;n02132136.pkl:5|class=550:n03297495.pkl:0;n03297495.pkl:5;n03297495.pkl:8
swin,604,604,+,77,49,30,15,0.11667463070204077,0.19515821311321296,0.0580415243595935,0.1451191028150836,0.6534623253586503,0.09417295318078933,class=41:n01685808.pkl:0;n01685808.pkl:1;n01685808.pkl:2|class=397:n02655020.pkl:1;n02655020.pkl:2;n02655020.pkl:3|class=148:n02071294.pkl:2;n02071294.pkl:3;n02071294.pkl:4
swin,605,605,+,101,75,57,30,0.1442887273674102,0.17738827406765448,0.06057021818358038,0.10491754903430332,0.7895815073476015,0.03960784145576382,class=290:n02128925.pkl:2;n02128925.pkl:3;n02128925.pkl:4|class=760:n04070727.pkl:2;n04070727.pkl:3;n04070727.pkl:4|class=115:n01950731.pkl:1;n01950731.pkl:2;n01950731.pkl:5
swin,606,606,+,426,368,327,241,0.2592689898210289,0.2701642556143946,0.17841846481253226,0.23072447099623475,0.8808067000766779,0.006272946228013278,class=935:n07711569.pkl:0;n07711569.pkl:1;n07711569.pkl:2|class=59:n01739381.pkl:0;n01739381.pkl:3;n01739381.pkl:4|class=809:n04263257.pkl:0;n04263257.pkl:1;n04263257.pkl:2
swin,607,607,+,90,63,44,25,0.13636871816176055,0.19639777085471627,0.05921854795579228,0.12864123785532727,0.7307500166973212,0.06354383294542953,class=389:n02514041.pkl:0;n02514041.pkl:1;n02514041.pkl:2|class=500:n03042490.pkl:1;n03042490.pkl:2;n03042490.pkl:3|class=370:n02484975.pkl:3;n02484975.pkl:5;n02484975.pkl:6
swin,608,608,+,96,66,42,16,0.11172343682012918,0.19083225716740246,0.05196328144030985,0.13476416961285861,0.6773415439025425,0.0804789858242441,class=138:n02018795.pkl:0;n02018795.pkl:1;n02018795.pkl:3|class=16:n01560419.pkl:0;n01560419.pkl:1;n01560419.pkl:3|class=994:n13040303.pkl:8;n13040303.pkl:9;n13040303.pkl:11
swin,609,609,+,120,88,68,46,0.186233732414042,0.23430880577333332,0.08627952935193074,0.1650367262045,0.7696902866074128,0.03882382441995841,class=323:n02279972.pkl:0;n02279972.pkl:1;n02279972.pkl:2|class=13:n01534433.pkl:0;n01534433.pkl:1;n01534433.pkl:2|class=389:n02514041.pkl:0;n02514041.pkl:4;n02514041.pkl:6
swin,610,610,+,77,38,20,4,0.03395188273489673,0.05998739141598342,0.012607852772192174,0.026951044464960498,0.7439620121656774,0.07233120463721875,class=912:n04604644.pkl:3;n04604644.pkl:6;n04604644.pkl:9|class=371:n02486261.pkl:10;n02486261.pkl:12;n02486261.pkl:21|class=825:n04326547.pkl:19;n04326547.pkl:30;n04326547.pkl:45
swin,611,611,+,74,47,29,14,0.10269462314560719,0.16884453147140155,0.04601663054679107,0.10113429401649433,0.6950739432145601,0.0787868096225366,class=307:n02177972.pkl:1;n02177972.pkl:2;n02177972.pkl:6|class=417:n02782093.pkl:0;n02782093.pkl:1;n02782093.pkl:3|class=350:n02417914.pkl:1;n02417914.pkl:6;n02417914.pkl:7
swin,612,612,+,85,62,52,24,0.17085884033768925,0.22389314708580974,0.07309066491690981,0.15931359056404248,0.7212644418768385,0.0676584111177293,class=333:n02342885.pkl:0;n02342885.pkl:1;n02342885.pkl:2|class=963:n07873807.pkl:0;n07873807.pkl:1;n07873807.pkl:2|class=586:n03478589.pkl:1;n03478589.pkl:2;n03478589.pkl:3
swin,613,613,+,73,52,37,24,0.16796375003034786,0.22007804018573413,0.08361154997762267,0.14315192126115406,0.7507668833018862,0.05385356755067048,class=925:n07584110.pkl:1;n07584110.pkl:4;n07584110.pkl:8|class=701:n03888257.pkl:0;n03888257.pkl:3;n03888257.pkl:7|class=383:n02497673.pkl:0;n02497673.pkl:1;n02497673.pkl:3
swin,614,614,+,95,63,43,22,0.1300968296177639,0.19689501720716915,0.060820413516707056,0.1252163411868293,0.7248117545124757,0.05514324503500471,class=244:n02108551.pkl:1;n02108551.pkl:2;n02108551.pkl:3|class=101:n01871265.pkl:2;n01871265.pkl:13;n01871265.pkl:15|class=30:n01641577.pkl:0;n01641577.pkl:2;n01641577.pkl:3
swin,615,615,+,125,81,49,27,0.09053368484377991,0.13849790105628265,0.03954236980648654,0.07581893160519305,0.7615117659151837,0.037411686005470256,class=916:n06359193.pkl:3;n06359193.pkl:5;n06359193.pkl:6|class=459:n02892767.pkl:2;n02892767.pkl:5;n02892767.pkl:7|class=665:n03785016.pkl:2;n03785016.pkl:5;n03785016.pkl:6
swin,616,616,+,102,74,56,32,0.17630508481450807,0.23418732781543614,0.09268274907954922,0.17198016945094724,0.755346996613134,0.04356052636648571,class=445:n02837789.pkl:0;n02837789.pkl:1;n02837789.pkl:2|class=806:n04254777.pkl:4;n04254777.pkl:5;n04254777.pkl:6|class=964:n07875152.pkl:0;n07875152.pkl:3;n07875152.pkl:4
swin,617,617,+,81,57,43,22,0.12826824126896894,0.16335926696541261,0.05445818902399356,0.09401515444164332,0.7685178511545852,0.04914029872596662,class=957:n07768694.pkl:2;n07768694.pkl:3;n07768694.pkl:5|class=939:n07716358.pkl:2;n07716358.pkl:3;n07716358.pkl:8|class=532:n03201208.pkl:3;n03201208.pkl:13;n03201208.pkl:15
swin,618,618,+,89,60,33,17,0.11487150021682009,0.18088564475560762,0.04937777463663177,0.1080298161723248,0.6989103709934851,0.06501761979688193,class=812:n04266014.pkl:3;n04266014.pkl:4;n04266014.pkl:5|class=988:n12267677.pkl:0;n12267677.pkl:2;n12267677.pkl:7|class=301:n02165456.pkl:1;n02165456.pkl:4;n02165456.pkl:6
swin,619,619,+,96,58,36,19,0.09926184251029539,0.16701537303726074,0.04723768414782337,0.11677927216681097,0.6843683791567108,0.07407908020850026,class=920:n06874185.pkl:0;n06874185.pkl:1;n06874185.pkl:2|class=472:n02951358.pkl:2;n02951358.pkl:3;n02951358.pkl:5|class=839:n04366367.pkl:1;n04366367.pkl:4;n04366367.pkl:5
swin,620,620,+,75,54,35,14,0.08317960814224858,0.11433955806183495,0.02711359424540449,0.04440805831305457,0.795448356994394,0.04910079502775075,class=967:n07920052.pkl:1;n07920052.pkl:3;n07920052.pkl:4|class=409:n02708093.pkl:2;n02708093.pkl:10;n02708093.pkl:31|class=968:n07930864.pkl:0;n07930864.pkl:4;n07930864.pkl:14
swin,621,621,+,79,53,35,18,0.1524159443494834,0.22788130352091032,0.06449393602180249,0.1300592201371639,0.7069353869878925,0.06413572638479217,class=292:n02129604.pkl:0;n02129604.pkl:3;n02129604.pkl:4|class=439:n02817516.pkl:1;n02817516.pkl:2;n02817516.pkl:4|class=65:n01751748.pkl:0;n01751748.pkl:2;n01751748.pkl:3
swin,622,622,+,72,36,22,5,0.048591798541214884,0.08711117235212157,0.016357434680790667,0.040992998637783856,0.7154697872913488,0.10111700446626479,class=115:n01950731.pkl:6;n01950731.pkl:10;n01950731.pkl:12|class=225:n02105162.pkl:5;n02105162.pkl:18;n02105162.pkl:29|class=311:n02226429.pkl:1;n02226429.pkl:4;n02226429.pkl:11
swin,623,623,+,96,61,41,22,0.10555084672816499,0.17466349673049572,0.05150169051667484,0.12295591684424477,0.7030475749819061,0.06978907457390346,class=31:n01644373.pkl:0;n01644373.pkl:2;n01644373.pkl:3|class=105:n01882714.pkl:0;n01882714.pkl:2;n01882714.pkl:3|class=468:n02930766.pkl:2;n02930766.pkl:7;n02930766.pkl:8
swin,624,624,+,74,48,33,17,0.10568774983517404,0.1621661814605549,0.04347562144116078,0.08924629585322749,0.7231116778668865,0.07045870831384016,class=547:n03272562.pkl:0;n03272562.pkl:1;n03272562.pkl:2|class=160:n02088094.pkl:0;n02088094.pkl:1;n02088094.pkl:3|class=723:n03944341.pkl:7;n03944341.pkl:12;n03944341.pkl:18
swin,625,625,+,104,68,44,21,0.1079928211697656,0.1632719322606351,0.0417645677582481,0.10619529100651333,0.7113648465681827,0.0717825688783397,class=371:n02486261.pkl:1;n02486261.pkl:2;n02486261.pkl:7|class=952:n07753113.pkl:0;n07753113.pkl:1;n07753113.pkl:2|class=445:n02837789.pkl:0;n02837789.pkl:7;n02837789.pkl:8
swin,626,626,+,114,79,63,29,0.1183479330215201,0.16209918789952962,0.0489664690487727,0.08604160857302014,0.7910438205682919,0.03585604263554814,class=0:n01440764.pkl:1;n01440764.pkl:2;n01440764.pkl:5|class=522:n03134739.pkl:2;n03134739.pkl:6;n03134739.pkl:10|class=908:n04592741.pkl:3;n04592741.pkl:5;n04592741.pkl:10
swin,627,627,+,95,62,35,13,0.08704889016486393,0.15869467748409727,0.03914909891805064,0.09985744671221418,0.6724632489533362,0.07901104899144377,class=829:n04335435.pkl:0;n04335435.pkl:2;n04335435.pkl:4|class=773:n04131690.pkl:1;n04131690.pkl:5;n04131690.pkl:6|class=843:n04371774.pkl:1;n04371774.pkl:3;n04371774.pkl:4
swin,628,628,+,101,65,42,22,0.13630183318953257,0.22769681386515153,0.07601467821092289,0.17076310210641996,0.6875658322581082,0.05986666694105516,class=330:n02325366.pkl:0;n02325366.pkl:2;n02325366.pkl:3|class=995:n13044778.pkl:3;n13044778.pkl:4;n13044778.pkl:5|class=947:n07734744.pkl:1;n07734744.pkl:5;n07734744.pkl:6
swin,629,629,+,110,75,40,24,0.10837832810292676,0.1668169376527605,0.04362526056596379,0.09019811183298226,0.7306030904121886,0.04795299787131958,class=308:n02190166.pkl:1;n02190166.pkl:2;n02190166.pkl:4|class=222:n02104029.pkl:0;n02104029.pkl:1;n02104029.pkl:4|class=746:n04019541.pkl:1;n04019541.pkl:2;n04019541.pkl:3
swin,630,630,+,87,59,41,16,0.12925983374803515,0.21336782588496844,0.06509391141396792,0.15627298986163027,0.6763802747779587,0.07774150255723586,class=145:n02056570.pkl:0;n02056570.pkl:1;n02056570.pkl:3|class=317:n02259212.pkl:0;n02259212.pkl:1;n02259212.pkl:2|class=796:n04229816.pkl:4;n04229816.pkl:6;n04229816.pkl:9
swin,631,631,+,104,73,49,25,0.1237254675063799,0.1773510362154532,0.058624593576084946,0.11840657622127213,0.7453966234769306,0.048839993135315965,class=622:n03657121.pkl:0;n03657121.pkl:4;n03657121.pkl:5|class=874:n04487081.pkl:6;n04487081.pkl:8;n04487081.pkl:11|class=32:n01644900.pkl:0;n01644900.pkl:4;n01644900.pkl:5
swin,632,632,+,70,45,31,9,0.08245256020330141,0.12274292048334534,0.028970148124359652,0.0557898392487208,0.7446141814223403,0.0672655672388664,class=698:n03877845.pkl:0;n03877845.pkl:1;n03877845.pkl:7|class=210:n02100236.pkl:1;n02100236.pkl:3;n02100236.pkl:11|class=990:n12768682.pkl:9;n12768682.pkl:10;n12768682.pkl:16
swin,633,633,+,107,78,57,35,0.1756613226652024,0.2423155255855738,0.09170129781058312,0.17654716101687573,0.7461445985128868,0.04398650038881328,class=308:n02190166.pkl:0;n02190166.pkl:1;n02190166.pkl:2|class=561:n03384352.pkl:1;n03384352.pkl:2;n03384352.pkl:4|class=9:n01518878.pkl:0;n01518878.pkl:1;n01518878.pkl:2
swin,634,634,+,73,43,28,6,0.06047454155676024,0.08856921728681748,0.01881833173093333,0.0351598335900257,0.7768667638615756,0.06151851450451855,class=110:n01924916.pkl:2;n01924916.pkl:8;n01924916.pkl:14|class=960:n07836838.pkl:2;n07836838.pkl:10;n07836838.pkl:47|class=768:n04118538.pkl:10;n04118538.pkl:39;n04118538.pkl:48
swin,635,635,+,81,49,24,6,0.06036548513353407,0.09437165253150241,0.017012198797691364,0.03351529071331125,0.7609362699114788,0.06026162477738303,class=550:n03297495.pkl:5;n03297495.pkl:10;n03297495.pkl:30|class=211:n02100583.pkl:5;n02100583.pkl:19;n02100583.pkl:23|class=107:n01910747.pkl:25;n01910747.pkl:29;n01910747.pkl:46
swin,636,636,+,35,22,12,3,0.059665895987143155,0.08781122350531359,0.016802910786979968,0.03146950611859406,0.7201121392420715,0.12878874445150248,class=120:n01980166.pkl:2;n01980166.pkl:23;n01980166.pkl:25|class=949:n07745940.pkl:5;n07745940.pkl:13;n07745940.pkl:19|class=403:n02687172.pkl:10;n02687172.pkl:30;n02687172.pkl:39
swin,637,637,+,85,55,28,12,0.06040049970120343,0.09160221899156662,0.019547430791965123,0.03963126096357524,0.7604754202501804,0.06012372543912292,class=65:n01751748.pkl:3;n01751748.pkl:5;n01751748.pkl:8|class=570:n03424325.pkl:5;n03424325.pkl:10;n03424325.pkl:14|class=917:n06596364.pkl:30;n06596364.pkl:31;n06596364.pkl:32
swin,638,638,+,74,49,38,18,0.12485732098552726,0.18353124065417825,0.05937285980475854,0.12307981209555631,0.7168496421781477,0.07158540786360766,class=714:n03929660.pkl:0;n03929660.pkl:2;n03929660.pkl:5|class=949:n07745940.pkl:0;n07745940.pkl:3;n07745940.pkl:6|class=498:n03032252.pkl:0;n03032252.pkl:2;n03032252.pkl:3
swin,639,639,+,69,46,27,11,0.09308631055634961,0.15637379387816153,0.03907362063203671,0.08734522357823382,0.6839210982635584,0.08691332046123744,class=555:n03345487.pkl:1;n03345487.pkl:2;n03345487.pkl:4|class=537:n03218198.pkl:1;n03218198.pkl:7;n03218198.pkl:11|class=654:n03769881.pkl:6;n03769881.pkl:13;n03769881.pkl:15
swin,640,640,+,64,37,17,7,0.05353931225307497,0.08572863070667851,0.016204706400605243,0.028631675231226263,0.7441749957498551,0.06440381108536847,class=841:n04370456.pkl:12;n04370456.pkl:21;n04370456.pkl:35|class=976:n09399592.pkl:9;n09399592.pkl:23;n09399592.pkl:56|class=4:n01494475.pkl:37;n01494475.pkl:49;n01494475.pkl:50
swin,641,641,+,103,68,49,20,0.09256969325402652,0.131112697842724,0.03635942092366165,0.06351388520042109,0.7814430487204767,0.03933427403560949,class=526:n03179701.pkl:1;n03179701.pkl:3;n03179701.pkl:8|class=608:n03594734.pkl:2;n03594734.pkl:3;n03594734.pkl:9|class=665:n03785016.pkl:0;n03785016.pkl:25;n03785016.pkl:37
swin,642,642,+,62,38,18,6,0.07745586664138245,0.14947365969248827,0.03139400024902542,0.08387589606734892,0.6115144058649642,0.1312592541003284,class=318:n02264363.pkl:0;n02264363.pkl:5;n02264363.pkl:7|class=55:n01729977.pkl:0;n01729977.pkl:1;n01729977.pkl:6|class=442:n02825657.pkl:3;n02825657.pkl:7;n02825657.pkl:10
swin,643,643,+,70,51,27,14,0.11768638539164383,0.1924322799275039,0.05389232837001865,0.12817525565467344,0.6642034341256692,0.09509410353205905,class=938:n07715103.pkl:0;n07715103.pkl:1;n07715103.pkl:3|class=378:n02492035.pkl:1;n02492035.pkl:7;n02492035.pkl:9|class=395:n02641379.pkl:1;n02641379.pkl:3;n02641379.pkl:4
swin,644,644,+,77,52,29,13,0.10022714733326508,0.16122512051707452,0.041073699276367684,0.1059580185454225,0.6692820175206662,0.09941398410140419,class=723:n03944341.pkl:0;n03944341.pkl:1;n03944341.pkl:3|class=299:n02138441.pkl:1;n02138441.pkl:7;n02138441.pkl:9|class=144:n02051845.pkl:0;n02051845.pkl:1;n02051845.pkl:9
swin,645,645,+,33,18,7,3,0.042895564878193244,0.09052979942538691,0.01802917468466486,0.042973869323272774,0.6152922911065807,0.20246740304462083,class=692:n03871628.pkl:1;n03871628.pkl:2;n03871628.pkl:7|class=869:n04479046.pkl:12;n04479046.pkl:38;n04479046.pkl:46|class=466:n02917067.pkl:10;n02917067.pkl:11;n02917067.pkl:18
swin,646,646,+,88,66,44,23,0.12198046919422682,0.1588554328773026,0.045840766051266746,0.08864491113058817,0.7703936026436258,0.05385701006121889,class=364:n02457408.pkl:2;n02457408.pkl:5;n02457408.pkl:6|class=156:n02086646.pkl:1;n02086646.pkl:8;n02086646.pkl:9|class=266:n02113712.pkl:2;n02113712.pkl:6;n02113712.pkl:7
swin,647,647,+,78,58,33,18,0.11813131718959735,0.16013646508847296,0.04932331413958002,0.09901753139476019,0.7321283585181465,0.06448892156861426,class=143:n02037110.pkl:0;n02037110.pkl:2;n02037110.pkl:4|class=690:n03868242.pkl:3;n03868242.pkl:4;n03868242.pkl:6|class=756:n04049303.pkl:3;n04049303.pkl:5;n04049303.pkl:7
swin,648,648,+,73,43,24,9,0.048744713081060376,0.07483543326461058,0.017119467644813896,0.03270691843548843,0.7457204396414613,0.06369930713771062,class=907:n04591713.pkl:0;n04591713.pkl:2;n04591713.pkl:5|class=78:n01776313.pkl:1;n01776313.pkl:4;n01776313.pkl:10|class=433:n02807133.pkl:15;n02807133.pkl:22;n02807133.pkl:24
swin,649,649,+,154,107,79,26,0.08781580143029903,0.141118890467027,0.042378528600906976,0.10159922000847478,0.7456990000776843,0.043815796166342603,class=810:n04264628.pkl:0;n04264628.pkl:3;n04264628.pkl:8|class=403:n02687172.pkl:0;n02687172.pkl:1;n02687172.pkl:2|class=358:n02443114.pkl:0;n02443114.pkl:1;n02443114.pkl:2
swin,650,650,+,66,43,30,16,0.11640511180890621,0.16602639219432758,0.0384760667767986,0.07078160858196289,0.7424664717585342,0.06642768544791208,class=345:n02403003.pkl:0;n02403003.pkl:1;n02403003.pkl:6|class=70:n01770081.pkl:1;n01770081.pkl:2;n01770081.pkl:4|class=484:n02981792.pkl:4;n02981792.pkl:13;n02981792.pkl:25
swin,651,651,+,79,53,29,15,0.07219123886268965,0.1049223985456255,0.026051887391622293,0.04369581437441789,0.778225955336104,0.048268410384927005,class=115:n01950731.pkl:7;n01950731.pkl:15;n01950731.pkl:17|class=475:n02965783.pkl:10;n02965783.pkl:17;n02965783.pkl:25|class=655:n03770439.pkl:4;n03770439.pkl:7;n03770439.pkl:23
swin,652,652,+,55,31,11,4,0.04985424998657365,0.11742183830526444,0.02143423382156398,0.08057815018648014,0.5320367033020937,0.27513616492787046,class=365:n02480495.pkl:0;n02480495.pkl:1;n02480495.pkl:2|class=378:n02492035.pkl:8;n02492035.pkl:10;n02492035.pkl:31|class=262:n02112706.pkl:12;n02112706.pkl:57;n02112706.pkl:62
swin,653,653,+,77,57,31,16,0.10604637385855627,0.15706705850547406,0.04010527847534614,0.0838747650920478,0.7199037648996329,0.06978969422003724,class=886:n04525305.pkl:4;n04525305.pkl:7;n04525305.pkl:8|class=132:n02009912.pkl:5;n02009912.pkl:8;n02009912.pkl:11|class=169:n02090622.pkl:1;n02090622.pkl:7;n02090622.pkl:11
swin,654,654,+,62,40,24,14,0.11336389745306011,0.17693009856600966,0.05217978206058883,0.12566694747729787,0.6552847955193974,0.10967949082971495,class=291:n02129165.pkl:1;n02129165.pkl:3;n02129165.pkl:4|class=377:n02490219.pkl:4;n02490219.pkl:6;n02490219.pkl:7|class=941:n07717410.pkl:0;n07717410.pkl:2;n07717410.pkl:4
swin,655,655,+,78,57,42,18,0.14435868892955864,0.20773210481281906,0.06436957549498586,0.1487649669715375,0.6934068839691648,0.08129762667007542,class=89:n01819313.pkl:0;n01819313.pkl:1;n01819313.pkl:2|class=963:n07873807.pkl:0;n07873807.pkl:1;n07873807.pkl:2|class=188:n02095314.pkl:4;n02095314.pkl:5;n02095314.pkl:6
swin,656,656,+,35,16,8,5,0.09285719704584956,0.1995445252089145,0.05250956174026935,0.1340763003336016,0.5112487398875053,0.2148484152056167,class=598:n03529860.pkl:0;n03529860.pkl:5;n03529860.pkl:6|class=92:n01828970.pkl:4;n01828970.pkl:5;n01828970.pkl:6|class=950:n07747607.pkl:6;n07747607.pkl:8;n07747607.pkl:9
swin,657,657,+,58,38,26,10,0.10046812301598348,0.1639373710654952,0.04007718716118809,0.09309675656062373,0.681431376735807,0.1102764393621687,class=320:n02268853.pkl:0;n02268853.pkl:2;n02268853.pkl:3|class=319:n02268443.pkl:2;n02268443.pkl:3;n02268443.pkl:5|class=92:n01828970.pkl:2;n01828970.pkl:7;n01828970.pkl:10
swin,658,658,+,80,58,39,21,0.12015813632988093,0.15827246189044533,0.04328974034220082,0.07919063579777572,0.7634576919165652,0.0543299851960184,class=316:n02256656.pkl:0;n02256656.pkl:1;n02256656.pkl:3|class=383:n02497673.pkl:4;n02497673.pkl:5;n02497673.pkl:6|class=80:n01795545.pkl:0;n01795545.pkl:5;n01795545.pkl:13
swin,659,659,+,72,47,26,9,0.09290294944542518,0.1647800801232624,0.040090934650529236,0.11327848181953583,0.626877319184105,0.12477316891980446,class=564:n03388549.pkl:1;n03388549.pkl:2;n03388549.pkl:3|class=931:n07693725.pkl:2;n07693725.pkl:5;n07693725.pkl:7|class=825:n04326547.pkl:2;n04326547.pkl:3;n04326547.pkl:7
swin,660,660,+,80,53,34,13,0.0755624355369037,0.11620813358459409,0.03000057351732805,0.06724095888075868,0.7259849618019952,0.07529407895539036,class=497:n03028079.pkl:1;n03028079.pkl:3;n03028079.pkl:7|class=484:n02981792.pkl:1;n02981792.pkl:2;n02981792.pkl:5|class=324:n02280649.pkl:3;n02280649.pkl:6;n02280649.pkl:7
swin,661,661,+,80,42,21,8,0.04829445225296118,0.07799744917925099,0.013250867824235216,0.02210640026889706,0.79366615743415,0.04729024023550811,class=627:n03670208.pkl:3;n03670208.pkl:7;n03670208.pkl:9|class=793:n04209133.pkl:12;n04209133.pkl:36;n04209133.pkl:42|class=94:n01833805.pkl:0;n01833805.pkl:23;n01833805.pkl:52
swin,662,662,+,105,84,54,31,0.17316949840602225,0.2394741541244162,0.09316929447118498,0.19421820970070877,0.7314582010916691,0.05090900209108499,class=326:n02281787.pkl:0;n02281787.pkl:1;n02281787.pkl:2|class=900:n04562935.pkl:0;n04562935.pkl:1;n04562935.pkl:2|class=965:n07880968.pkl:1;n07880968.pkl:2;n07880968.pkl:3
swin,663,663,+,78,46,30,16,0.11359645808278554,0.18851986522049,0.04827424196967576,0.12161935721717429,0.6668003628715756,0.09419342875728669,class=645:n03733131.pkl:0;n03733131.pkl:1;n03733131.pkl:2|class=721:n03938244.pkl:0;n03938244.pkl:2;n03938244.pkl:3|class=2:n01484850.pkl:4;n01484850.pkl:11;n01484850.pkl:12
swin,664,664,+,101,59,41,23,0.11023177861680267,0.18024578997063953,0.04924234272984354,0.1050678137242577,0.7190350935015143,0.05497649541463391,class=970:n09193705.pkl:1;n09193705.pkl:2;n09193705.pkl:3|class=46:n01693334.pkl:1;n01693334.pkl:4;n01693334.pkl:7|class=11:n01531178.pkl:0;n01531178.pkl:1;n01531178.pkl:5
swin,665,665,+,121,92,70,34,0.14151691772101985,0.18585170218660918,0.05919189308288732,0.1201802669010035,0.7711953397138814,0.04233323626144466,class=22:n01614925.pkl:0;n01614925.pkl:2;n01614925.pkl:3|class=72:n01773157.pkl:0;n01773157.pkl:1;n01773157.pkl:2|class=467:n02927161.pkl:1;n02927161.pkl:3;n02927161.pkl:5
swin,666,666,+,100,62,40,18,0.0939886706648782,0.1658664497720785,0.04338175162237778,0.10717644928053512,0.6859482084097979,0.07103578897238116,class=367:n02481823.pkl:0;n02481823.pkl:3;n02481823.pkl:4|class=449:n02859443.pkl:0;n02859443.pkl:3;n02859443.pkl:4|class=954:n07753592.pkl:1;n07753592.pkl:2;n07753592.pkl:4
swin,667,667,+,84,63,37,14,0.13106329577287495,0.20281382847757973,0.051193022209970386,0.11436133446780447,0.6953489996680379,0.07131449544957767,class=822:n04311174.pkl:0;n04311174.pkl:1;n04311174.pkl:2|class=413:n02749479.pkl:0;n02749479.pkl:5;n02749479.pkl:6|class=324:n02280649.pkl:0;n02280649.pkl:1;n02280649.pkl:2
swin,668,668,+,88,63,42,20,0.1192322140567899,0.1708207259665494,0.054003903432771706,0.11773441438192256,0.7280246610395461,0.0653735993565008,class=320:n02268853.pkl:0;n02268853.pkl:1;n02268853.pkl:2|class=863:n04458633.pkl:4;n04458633.pkl:6;n04458633.pkl:14|class=22:n01614925.pkl:0;n01614925.pkl:2;n01614925.pkl:14
swin,669,669,+,58,43,21,11,0.0956780571356761,0.15885500586374326,0.04015529061442779,0.09746355075689603,0.6623003586801322,0.1188126576844679,class=537:n03218198.pkl:0;n03218198.pkl:1;n03218198.pkl:3|class=551:n03314780.pkl:0;n03314780.pkl:3;n03314780.pkl:5|class=458:n02892201.pkl:3;n02892201.pkl:5;n02892201.pkl:6
swin,670,670,+,91,56,30,10,0.06599902206356066,0.10755228060262591,0.024361845128609835,0.050243219222919,0.7383987191098573,0.05772949096497014,class=161:n02088238.pkl:0;n02088238.pkl:5;n02088238.pkl:6|class=893:n04548362.pkl:1;n04548362.pkl:3;n04548362.pkl:4|class=472:n02951358.pkl:3;n02951358.pkl:5;n02951358.pkl:11
swin,671,671,+,82,57,37,17,0.11383530682917238,0.1641319104512144,0.04251265447370668,0.10248352888837235,0.7201264238976338,0.08306437320062196,class=24:n01622779.pkl:0;n01622779.pkl:1;n01622779.pkl:3|class=297:n02134418.pkl:0;n02134418.pkl:8;n02134418.pkl:16|class=215:n02101388.pkl:2;n02101388.pkl:3;n02101388.pkl:4
swin,672,672,+,77,52,30,13,0.08665169520146802,0.1600304977620279,0.040763846033274265,0.1091718645436482,0.6509185245550752,0.10613649088682682,class=355:n02437616.pkl:1;n02437616.pkl:2;n02437616.pkl:3|class=336:n02361337.pkl:2;n02361337.pkl:3;n02361337.pkl:5|class=493:n03016953.pkl:0;n03016953.pkl:7;n03016953.pkl:13
swin,673,673,+,52,31,19,9,0.10349832763032814,0.1794591436937698,0.044440386781511285,0.1265497823856511,0.6053535926604379,0.17517302116706507,class=924:n07583066.pkl:0;n07583066.pkl:1;n07583066.pkl:2|class=522:n03134739.pkl:3;n03134739.pkl:4;n03134739.pkl:5|class=796:n04229816.pkl:0;n04229816.pkl:19;n04229816.pkl:20
swin,674,674,+,71,45,28,14,0.08484061565138175,0.11866248553698741,0.029604427394134953,0.054404996501749674,0.7503523390046511,0.061651521507648445,class=192:n02096177.pkl:1;n02096177.pkl:3;n02096177.pkl:9|class=337:n02363005.pkl:19;n02363005.pkl:24;n02363005.pkl:26|class=601:n03534580.pkl:0;n03534580.pkl:1;n03534580.pkl:3
swin,675,675,+,71,51,36,20,0.1708754290941641,0.2348347052149419,0.08082529886126207,0.16656276330552894,0.7121888019029767,0.07389850719509199,class=564:n03388549.pkl:0;n03388549.pkl:1;n03388549.pkl:2|class=779:n04146614.pkl:0;n04146614.pkl:2;n04146614.pkl:3|class=351:n02422106.pkl:0;n02422106.pkl:1;n02422106.pkl:2
swin,676,676,+,94,66,45,23,0.10515681186145794,0.14709247898204114,0.0418062231064553,0.07096799794222626,0.7784680144921787,0.041294290704355766,class=91:n01824575.pkl:2;n01824575.pkl:11;n01824575.pkl:17|class=954:n07753592.pkl:0;n07753592.pkl:5;n07753592.pkl:6|class=602:n03535780.pkl:9;n03535780.pkl:13;n03535780.pkl:14
swin,677,677,+,71,37,28,14,0.09434584770829303,0.14804803577040218,0.03806812877906327,0.0790262207026367,0.7077370796758373,0.07478063934816598,class=376:n02489166.pkl:0;n02489166.pkl:1;n02489166.pkl:3|class=781:n04149813.pkl:0;n04149813.pkl:2;n04149813.pkl:5|class=354:n02437312.pkl:8;n02437312.pkl:15;n02437312.pkl:21
swin,678,678,+,98,71,48,22,0.12832995422396584,0.18977105420128706,0.05464403327750311,0.12786810224692188,0.7176220362050744,0.06607848121658355,class=389:n02514041.pkl:0;n02514041.pkl:1;n02514041.pkl:4|class=272:n02114855.pkl:1;n02114855.pkl:3;n02114855.pkl:4|class=52:n01728572.pkl:0;n01728572.pkl:1;n01728572.pkl:2
swin,679,679,+,61,37,21,7,0.08505904218269422,0.1667806459541255,0.04083372843298465,0.11468227101050138,0.6121896077547738,0.1457012244353225,class=645:n03733131.pkl:1;n03733131.pkl:2;n03733131.pkl:3|class=240:n02107908.pkl:1;n02107908.pkl:5;n02107908.pkl:9|class=798:n04238763.pkl:0;n04238763.pkl:1;n04238763.pkl:6
swin,680,680,+,100,72,49,32,0.17575572097275124,0.22195022920385965,0.0805400707886554,0.143434270551186,0.7609524444726244,0.041716250859909224,class=165:n02089078.pkl:0;n02089078.pkl:1;n02089078.pkl:2|class=370:n02484975.pkl:3;n02484975.pkl:5;n02484975.pkl:7|class=351:n02422106.pkl:4;n02422106.pkl:5;n02422106.pkl:6
swin,681,681,+,75,53,35,17,0.11212528021078152,0.1638391094467857,0.04628252011789544,0.09477893378697626,0.7297483935281907,0.06924833949021555,class=1:n01443537.pkl:5;n01443537.pkl:6;n01443537.pkl:7|class=395:n02641379.pkl:1;n02641379.pkl:5;n02641379.pkl:6|class=869:n04479046.pkl:1;n04479046.pkl:2;n04479046.pkl:3
swin,682,682,+,76,42,21,6,0.051036709582540585,0.09151864008813489,0.017440544384736387,0.037715738515762896,0.7335341572872002,0.0746913873842628,class=581:n03459775.pkl:11;n03459775.pkl:13;n03459775.pkl:25|class=914:n04612504.pkl:14;n04612504.pkl:33;n04612504.pkl:45|class=497:n03028079.pkl:0;n03028079.pkl:1;n03028079.pkl:22
swin,683,683,+,79,54,28,12,0.09077154407751194,0.16833044165389055,0.04287361273563064,0.13085486004450864,0.6176663144248937,0.13057415271808212,class=388:n02510455.pkl:0;n02510455.pkl:1;n02510455.pkl:2|class=256:n02111277.pkl:0;n02111277.pkl:1;n02111277.pkl:2|class=575:n03445924.pkl:1;n03445924.pkl:12;n03445924.pkl:22
swin,684,684,+,116,95,59,35,0.17325720157232666,0.2463317893003098,0.08958470584046606,0.17555615356716678,0.746947748021671,0.04172666448978146,class=768:n04118538.pkl:0;n04118538.pkl:1;n04118538.pkl:2|class=60:n01740131.pkl:0;n01740131.pkl:1;n01740131.pkl:8|class=53:n01728920.pkl:0;n01728920.pkl:1;n01728920.pkl:4
swin,685,685,+,107,73,48,19,0.10892907461899824,0.15903235504883065,0.03879316452738253,0.0823615621078087,0.749779483721744,0.05147225342519945,class=802:n04252077.pkl:0;n04252077.pkl:2;n04252077.pkl:3|class=293:n02130308.pkl:0;n02130308.pkl:1;n02130308.pkl:2|class=197:n02097130.pkl:3;n02097130.pkl:7;n02097130.pkl:8
swin,686,686,+,92,57,35,15,0.08536106317887068,0.15555438347005468,0.03566175856450031,0.08810973891031909,0.6899744846938294,0.07722163739262934,class=588:n03482405.pkl:2;n03482405.pkl:3;n03482405.pkl:5|class=166:n02089867.pkl:3;n02089867.pkl:9;n02089867.pkl:11|class=70:n01770081.pkl:8;n01770081.pkl:9;n01770081.pkl:14
swin,687,687,+,89,59,40,18,0.1131021693749985,0.17663201874718873,0.04996273658594806,0.10370455066277247,0.7257909232905472,0.059643514342001235,class=962:n07871810.pkl:1;n07871810.pkl:3;n07871810.pkl:5|class=724:n03947888.pkl:0;n03947888.pkl:1;n03947888.pkl:2|class=150:n02077923.pkl:0;n02077923.pkl:1;n02077923.pkl:3
swin,688,688,+,54,36,23,12,0.09601768553244068,0.1604340226536987,0.04178134986729519,0.09981612669618307,0.6631521825421667,0.12421066860522226,class=297:n02134418.pkl:0;n02134418.pkl:1;n02134418.pkl:4|class=296:n02134084.pkl:1;n02134084.pkl:3;n02134084.pkl:4|class=952:n07753113.pkl:5;n07753113.pkl:12;n07753113.pkl:15
swin,689,689,+,80,67,41,17,0.1363477435924471,0.19678008749495887,0.057795271815509905,0.13221581874542274,0.7012748212706434,0.07791724184714226,class=102:n01872401.pkl:0;n01872401.pkl:1;n01872401.pkl:2|class=64:n01749939.pkl:1;n01749939.pkl:2;n01749939.pkl:3|class=897:n04554684.pkl:1;n04554684.pkl:3;n04554684.pkl:6
swin,690,690,+,73,48,30,16,0.12646784920945708,0.20591673822916953,0.057657892204817346,0.13688057060213982,0.6639558888641032,0.09090323952417646,class=279:n02120079.pkl:0;n02120079.pkl:3;n02120079.pkl:5|class=107:n01910747.pkl:0;n01910747.pkl:2;n01910747.pkl:3|class=704:n03891332.pkl:2;n03891332.pkl:4;n03891332.pkl:6
swin,691,691,+,64,39,22,13,0.09381860851213858,0.1560459349663871,0.041658617112760324,0.09854654606836001,0.6693333545519907,0.10306157603545849,class=288:n02128385.pkl:2;n02128385.pkl:3;n02128385.pkl:6|class=552:n03325584.pkl:2;n03325584.pkl:3;n03325584.pkl:10|class=381:n02493793.pkl:3;n02493793.pkl:6;n02493793.pkl:8
swin,692,692,+,63,38,19,7,0.08298766521153662,0.1595772387582385,0.03453161471438408,0.0901331250070659,0.6318035615421397,0.12401505012307466,class=80:n01795545.pkl:0;n01795545.pkl:5;n01795545.pkl:7|class=715:n03929855.pkl:7;n03929855.pkl:9;n03929855.pkl:11|class=106:n01883070.pkl:0;n01883070.pkl:1;n01883070.pkl:3
swin,693,693,+,97,63,39,18,0.12222134747950116,0.19919483915780542,0.056698539740275805,0.14234822467385827,0.6735446910867786,0.07529061317634805,class=451:n02865351.pkl:0;n02865351.pkl:1;n02865351.pkl:2|class=95:n01843065.pkl:1;n01843065.pkl:2;n01843065.pkl:4|class=510:n03095699.pkl:0;n03095699.pkl:1;n03095699.pkl:2
swin,694,694,+,67,45,27,13,0.1337546985967296,0.21509092749606648,0.06162397321622491,0.15007482599390493,0.642461673150874,0.10344539286758578,class=105:n01882714.pkl:0;n01882714.pkl:1;n01882714.pkl:2|class=252:n02110627.pkl:0;n02110627.pkl:2;n02110627.pkl:4|class=344:n02398521.pkl:6;n02398521.pkl:7;n02398521.pkl:8
swin,695,695,+,92,62,36,22,0.1155402023702648,0.19212563679385156,0.05543679839733012,0.13727924086305335,0.68130985055957,0.07752347492596574,class=140:n02027492.pkl:0;n02027492.pkl:1;n02027492.pkl:2|class=322:n02277742.pkl:0;n02277742.pkl:1;n02277742.pkl:2|class=200:n02097474.pkl:2;n02097474.pkl:3;n02097474.pkl:7
swin,696,696,+,97,62,38,16,0.08346696986337182,0.12923723211401283,0.03232704222316248,0.07236999083833189,0.7320180116540418,0.06197629200244931,class=86:n01807496.pkl:1;n01807496.pkl:4;n01807496.pkl:5|class=641:n03720891.pkl:2;n03720891.pkl:3;n03720891.pkl:5|class=202:n02098105.pkl:0;n02098105.pkl:2;n02098105.pkl:5
swin,697,697,+,74,46,24,9,0.07826288223437415,0.16418348127889482,0.039617041341064196,0.11833224080701496,0.5986614382334999,0.13407549584729042,class=305:n02172182.pkl:0;n02172182.pkl:1;n02172182.pkl:2|class=685:n03841143.pkl:0;n03841143.pkl:1;n03841143.pkl:2|class=233:n02106382.pkl:0;n02106382.pkl:3;n02106382.pkl:5
swin,698,698,+,180,120,97,57,0.13547130770677202,0.1891360176774562,0.07564081904977983,0.13557183694924158,0.7936559878053401,0.023402094767505283,class=83:n01798484.pkl:0;n01798484.pkl:2;n01798484.pkl:3|class=724:n03947888.pkl:0;n03947888.pkl:1;n03947888.pkl:2|class=140:n02027492.pkl:5;n02027492.pkl:6;n02027492.pkl:7
swin,699,699,+,100,71,43,19,0.10435302911395695,0.1691776052695988,0.04641901347510821,0.1011563590131473,0.7239562582594017,0.057489168509124375,class=906:n04591157.pkl:0;n04591157.pkl:3;n04591157.pkl:4|class=867:n04467665.pkl:0;n04467665.pkl:1;n04467665.pkl:2|class=223:n02104365.pkl:0;n02104365.pkl:2;n02104365.pkl:5
swin,700,700,+,80,56,32,15,0.10561488325814432,0.1617492456262266,0.0418260435020998,0.0911459619692643,0.7185298611457207,0.07185964694230013,class=311:n02226429.pkl:4;n02226429.pkl:5;n02226429.pkl:10|class=980:n09472597.pkl:3;n09472597.pkl:4;n09472597.pkl:6|class=833:n04347754.pkl:8;n04347754.pkl:19;n04347754.pkl:21
swin,701,701,+,116,81,55,37,0.1802297630210793,0.23537867020162498,0.0807098418047225,0.15220612212838913,0.7580712993266284,0.039279356144624,class=946:n07730033.pkl:1;n07730033.pkl:2;n07730033.pkl:4|class=524:n03146219.pkl:0;n03146219.pkl:1;n03146219.pkl:3|class=939:n07716358.pkl:0;n07716358.pkl:2;n07716358.pkl:3
swin,702,702,+,119,79,47,25,0.1177755609207455,0.18887220602901683,0.056166317482736934,0.12310145130483034,0.7248493924522927,0.04877045513893813,class=992:n12998815.pkl:2;n12998815.pkl:3;n12998815.pkl:4|class=253:n02110806.pkl:0;n02110806.pkl:1;n02110806.pkl:2|class=83:n01798484.pkl:0;n01798484.pkl:1;n01798484.pkl:2
swin,703,703,+,72,48,32,14,0.09527882187310513,0.16239541110613875,0.03989195544211285,0.09120771687956096,0.6944999483733838,0.08649280095813162,class=986:n12057211.pkl:0;n12057211.pkl:1;n12057211.pkl:2|class=429:n02799071.pkl:0;n02799071.pkl:6;n02799071.pkl:7|class=936:n07714571.pkl:0;n07714571.pkl:1;n07714571.pkl:4
swin,704,704,+,56,39,20,11,0.09453183539528935,0.16653270461476138,0.038925115466822466,0.0968173691951536,0.6591093196567334,0.12833079430312735,class=398:n02666196.pkl:0;n02666196.pkl:1;n02666196.pkl:3|class=888:n04532670.pkl:2;n04532670.pkl:9;n04532670.pkl:10|class=568:n03404251.pkl:12;n03404251.pkl:27;n03404251.pkl:32
swin,705,705,+,108,80,57,27,0.12887948445890093,0.1790899798665152,0.0574994591780891,0.10862413246823288,0.7689373692904924,0.04230392526702431,class=65:n01751748.pkl:0;n01751748.pkl:1;n01751748.pkl:2|class=598:n03529860.pkl:0;n03529860.pkl:7;n03529860.pkl:8|class=563:n03388183.pkl:0;n03388183.pkl:1;n03388183.pkl:3
swin,706,706,+,92,56,39,18,0.10022343001705906,0.16006733153084168,0.04203785649257096,0.09369321202128757,0.7173882795277703,0.06486378895029163,class=311:n02226429.pkl:1;n02226429.pkl:2;n02226429.pkl:3|class=493:n03016953.pkl:2;n03016953.pkl:4;n03016953.pkl:7|class=535:n03208938.pkl:2;n03208938.pkl:4;n03208938.pkl:6
swin,707,707,+,88,55,31,12,0.07105974007252668,0.11933367173335313,0.025614692447964185,0.05758681511097014,0.7170235043960679,0.06879976463087101,class=561:n03384352.pkl:0;n03384352.pkl:1;n03384352.pkl:3|class=774:n04133789.pkl:1;n04133789.pkl:3;n04133789.pkl:6|class=882:n04517823.pkl:8;n04517823.pkl:11;n04517823.pkl:15
swin,708,708,+,103,69,48,27,0.13400331001999913,0.1971930697152579,0.060611994522450474,0.1307354001050143,0.7308203065006507,0.05487685898232416,class=322:n02277742.pkl:0;n02277742.pkl:1;n02277742.pkl:2|class=622:n03657121.pkl:0;n03657121.pkl:3;n03657121.pkl:4|class=918:n06785654.pkl:2;n06785654.pkl:3;n06785654.pkl:7
swin,709,709,+,77,48,25,12,0.06479439578016553,0.11112772052789617,0.02584703124504986,0.057093316794335346,0.7026383339000775,0.07635333306104591,class=988:n12267677.pkl:0;n12267677.pkl:1;n12267677.pkl:3|class=221:n02102973.pkl:8;n02102973.pkl:13;n02102973.pkl:16|class=5:n01496331.pkl:3;n01496331.pkl:4;n01496331.pkl:8
swin,710,710,+,99,73,44,22,0.11854864874009041,0.1762894116772895,0.04720366231094482,0.1020879201181544,0.7357864176845136,0.05734669263957743,class=404:n02690373.pkl:0;n02690373.pkl:3;n02690373.pkl:5|class=932:n07695742.pkl:1;n07695742.pkl:2;n07695742.pkl:5|class=822:n04311174.pkl:0;n04311174.pkl:5;n04311174.pkl:9
swin,711,711,+,83,54,35,17,0.11355920356872615,0.17972177774161258,0.047983926549730896,0.11025410138575445,0.6984627756552593,0.07565738027034402,class=12:n01532829.pkl:1;n01532829.pkl:4;n01532829.pkl:6|class=959:n07831146.pkl:1;n07831146.pkl:3;n07831146.pkl:4|class=38:n01675722.pkl:2;n01675722.pkl:3;n01675722.pkl:4
swin,712,712,+,62,43,29,17,0.141497860054354,0.19698373291727844,0.05319579529458788,0.10126926501471477,0.7250579776385032,0.07458232954349665,class=393:n02607072.pkl:1;n02607072.pkl:5;n02607072.pkl:7|class=370:n02484975.pkl:2;n02484975.pkl:5;n02484975.pkl:6|class=277:n02119022.pkl:0;n02119022.pkl:2;n02119022.pkl:11
swin,713,713,+,103,66,36,8,0.05282205023427044,0.07757445613101682,0.016855481289191256,0.030151870930356386,0.8040339853974982,0.04077642982380062,class=221:n02102973.pkl:2;n02102973.pkl:17;n02102973.pkl:24|class=497:n03028079.pkl:0;n03028079.pkl:36;n03028079.pkl:38|class=464:n02910353.pkl:5;n02910353.pkl:17;n02910353.pkl:21
swin,714,714,+,76,51,36,15,0.1133697932727925,0.18573452246797365,0.053547904841481545,0.11745175219261093,0.705791116624362,0.0764603335479623,class=47:n01694178.pkl:0;n01694178.pkl:1;n01694178.pkl:2|class=21:n01608432.pkl:0;n01608432.pkl:6;n01608432.pkl:7|class=213:n02100877.pkl:6;n02100877.pkl:7;n02100877.pkl:10
swin,715,715,+,70,47,27,13,0.09529228633305306,0.1489051109483935,0.04009120815257122,0.08288162832928568,0.7152039991650602,0.07534057175465121,class=614:n03617480.pkl:2;n03617480.pkl:5;n03617480.pkl:7|class=872:n04485082.pkl:0;n04485082.pkl:1;n04485082.pkl:11|class=386:n02504458.pkl:1;n02504458.pkl:6;n02504458.pkl:8
swin,716,716,+,109,74,52,20,0.11000687364539014,0.17068889087018474,0.050366067842150905,0.1166156910818316,0.7305021466519298,0.0583569013702081,class=115:n01950731.pkl:0;n01950731.pkl:1;n01950731.pkl:2|class=118:n01978287.pkl:0;n01978287.pkl:6;n01978287.pkl:12|class=561:n03384352.pkl:3;n03384352.pkl:4;n03384352.pkl:10
swin,717,717,+,99,75,58,36,0.19572128150217427,0.24342719596319914,0.10228520229656105,0.19185493465531314,0.7630307639795861,0.04563836804438439,class=102:n01872401.pkl:0;n01872401.pkl:1;n01872401.pkl:2|class=780:n04147183.pkl:0;n04147183.pkl:1;n04147183.pkl:2|class=306:n02174001.pkl:1;n02174001.pkl:4;n02174001.pkl:6
swin,718,718,+,73,45,25,11,0.11465009211291914,0.21349810138535225,0.05612878557276973,0.14358817995769405,0.6220399045191853,0.1033471719197655,class=361:n02445715.pkl:1;n02445715.pkl:2;n02445715.pkl:3|class=90:n01820546.pkl:4;n01820546.pkl:6;n01820546.pkl:7|class=153:n02085936.pkl:1;n02085936.pkl:2;n02085936.pkl:3
swin,719,719,+,134,111,89,53,0.19394764122640634,0.22660809887900918,0.10009340084788443,0.1694012385379044,0.8029313313039331,0.028838245191481784,class=12:n01532829.pkl:0;n01532829.pkl:1;n01532829.pkl:2|class=959:n07831146.pkl:0;n07831146.pkl:1;n07831146.pkl:2|class=631:n03690938.pkl:1;n03690938.pkl:3;n03690938.pkl:4
swin,720,720,+,87,68,44,26,0.1546001867626381,0.21483047257751756,0.0707303591168331,0.15840462947208936,0.7051929540255784,0.06914497625855368,class=791:n04204347.pkl:0;n04204347.pkl:1;n04204347.pkl:2|class=39:n01677366.pkl:0;n01677366.pkl:1;n01677366.pkl:2|class=768:n04118538.pkl:0;n04118538.pkl:1;n04118538.pkl:2
swin,721,721,+,57,35,21,11,0.08036429042839166,0.11724620117046125,0.029203600003314924,0.048013493583099025,0.7520792213369227,0.06496576251079303,class=977:n09421951.pkl:6;n09421951.pkl:7;n09421951.pkl:16|class=536:n03216828.pkl:0;n03216828.pkl:14;n03216828.pkl:17|class=526:n03179701.pkl:13;n03179701.pkl:44;n03179701.pkl:46
swin,722,722,+,97,73,48,27,0.14919484409091655,0.20635536431843635,0.07222549750101323,0.13835898174800743,0.7453171680481752,0.048141504407391685,class=963:n07873807.pkl:0;n07873807.pkl:1;n07873807.pkl:2|class=901:n04579145.pkl:0;n04579145.pkl:2;n04579145.pkl:3|class=280:n02120505.pkl:1;n02120505.pkl:10;n02120505.pkl:12
swin,723,723,+,71,47,32,16,0.12059253747420721,0.19899726479967203,0.061240799798956906,0.16166774901389444,0.649137826464188,0.11223821855826058,class=17:n01580077.pkl:0;n01580077.pkl:1;n01580077.pkl:2|class=396:n02643566.pkl:0;n02643566.pkl:1;n02643566.pkl:2|class=86:n01807496.pkl:1;n01807496.pkl:3;n01807496.pkl:9
swin,724,724,+,69,51,32,11,0.12585712586245204,0.20216832285211933,0.06113938552856033,0.14745456197964307,0.6623400802782258,0.098792292074972,class=325:n02281406.pkl:0;n02281406.pkl:1;n02281406.pkl:3|class=956:n07760859.pkl:2;n07760859.pkl:3;n07760859.pkl:7|class=442:n02825657.pkl:1;n02825657.pkl:2;n02825657.pkl:3
swin,725,725,+,123,100,70,40,0.1636176243969037,0.19262629909553605,0.06576848562962163,0.10380705737994425,0.8089715114798436,0.02838418200963453,class=187:n02094433.pkl:0;n02094433.pkl:5;n02094433.pkl:6|class=144:n02051845.pkl:1;n02051845.pkl:7;n02051845.pkl:12|class=439:n02817516.pkl:7;n02817516.pkl:12;n02817516.pkl:13
swin,726,726,+,77,56,34,16,0.10941567202408044,0.15990585858385867,0.046325498099590606,0.09229843558090156,0.7274717418037292,0.06454046602615368,class=474:n02963159.pkl:3;n02963159.pkl:5;n02963159.pkl:7|class=331:n02326432.pkl:1;n02326432.pkl:5;n02326432.pkl:9|class=223:n02104365.pkl:1;n02104365.pkl:2;n02104365.pkl:5
swin,727,727,+,75,43,27,10,0.07552250120826942,0.12795954663285786,0.0254700046919568,0.054636460985267796,0.728121938235033,0.07468774669617562,class=997:n13054560.pkl:1;n13054560.pkl:6;n13054560.pkl:14|class=789:n04201297.pkl:0;n04201297.pkl:1;n04201297.pkl:3|class=507:n03075370.pkl:11;n03075370.pkl:17;n03075370.pkl:18
swin,728,728,+,76,47,29,11,0.07931592690250007,0.14471117839472908,0.031247148433816936,0.07915324404785058,0.6828924578700529,0.09758911470317674,class=149:n02074367.pkl:1;n02074367.pkl:4;n02074367.pkl:6|class=864:n04461696.pkl:1;n04461696.pkl:3;n04461696.pkl:5|class=855:n04423845.pkl:5;n04423845.pkl:8;n04423845.pkl:9
swin,729,729,+,89,63,40,20,0.11628279194840528,0.16451696222394854,0.04515857628019823,0.08730363989107512,0.7459684032228568,0.053230628857828484,class=99:n01855672.pkl:0;n01855672.pkl:1;n01855672.pkl:2|class=919:n06794110.pkl:1;n06794110.pkl:3;n06794110.pkl:6|class=384:n02500267.pkl:1;n02500267.pkl:4;n02500267.pkl:9
swin,730,730,+,71,49,34,17,0.16024560746857294,0.2227448997493403,0.06810068841664353,0.127950233110521,0.7188147098705993,0.06380332671623334,class=552:n03325584.pkl:2;n03325584.pkl:3;n03325584.pkl:8|class=649:n03743016.pkl:0;n03743016.pkl:1;n03743016.pkl:2|class=15:n01558993.pkl:7;n01558993.pkl:9;n01558993.pkl:10
swin,731,731,+,64,35,20,7,0.05934683696573959,0.09921109810412727,0.01898926629243604,0.040374438149662045,0.7255876853387466,0.0862594617241307,class=44:n01689811.pkl:0;n01689811.pkl:4;n01689811.pkl:29|class=111:n01930112.pkl:5;n01930112.pkl:7;n01930112.pkl:9|class=664:n03782006.pkl:22;n03782006.pkl:30;n03782006.pkl:74
swin,732,732,+,93,63,43,21,0.133223601084627,0.1920162093232946,0.057842295080490984,0.12789569780066024,0.717993616882679,0.06332267759793185,class=449:n02859443.pkl:1;n02859443.pkl:3;n02859443.pkl:4|class=671:n03792782.pkl:1;n03792782.pkl:2;n03792782.pkl:3|class=564:n03388549.pkl:0;n03388549.pkl:1;n03388549.pkl:4
swin,733,733,+,28,17,10,3,0.1022007792745736,0.18737665578662693,0.039934014345788624,0.09885534174231547,0.5409935304660842,0.25456920508410086,class=943:n07718472.pkl:3;n07718472.pkl:4;n07718472.pkl:5|class=746:n04019541.pkl:5;n04019541.pkl:9;n04019541.pkl:17|class=779:n04146614.pkl:8;n04146614.pkl:22;n04146614.pkl:27
swin,734,734,+,81,56,32,12,0.10327464314190177,0.18159177404164217,0.04646674610038715,0.13538965915275825,0.6319729714560618,0.11715537179619222,class=320:n02268853.pkl:0;n02268853.pkl:1;n02268853.pkl:2|class=121:n01981276.pkl:1;n01981276.pkl:2;n01981276.pkl:3|class=4:n01494475.pkl:0;n01494475.pkl:1;n01494475.pkl:4
swin,735,735,+,45,18,13,4,0.052185630403122435,0.10621631536465174,0.01852280244440335,0.04646337935980632,0.6198454568573957,0.1620507174044531,class=592:n03492542.pkl:0;n03492542.pkl:1;n03492542.pkl:3|class=4:n01494475.pkl:8;n01494475.pkl:14;n01494475.pkl:28|class=645:n03733131.pkl:13;n03733131.pkl:14;n03733131.pkl:16
swin,736,736,+,86,58,42,20,0.11606574619386073,0.18453172498810932,0.05367506691834913,0.13155460274413663,0.6953194102672606,0.08147823575360705,class=336:n02361337.pkl:0;n02361337.pkl:1;n02361337.pkl:2|class=805:n04254680.pkl:1;n04254680.pkl:2;n04254680.pkl:3|class=222:n02104029.pkl:4;n02104029.pkl:5;n02104029.pkl:12
swin,737,737,+,84,52,34,19,0.09767579445973838,0.16277654135176234,0.044549185554508874,0.11538215580258551,0.6829658776023397,0.09176277024210201,class=24:n01622779.pkl:0;n01622779.pkl:1;n01622779.pkl:2|class=196:n02097047.pkl:3;n02097047.pkl:4;n02097047.pkl:6|class=192:n02096177.pkl:6;n02096177.pkl:9;n02096177.pkl:12
swin,738,738,+,83,53,31,18,0.1245328147748356,0.18772256370203402,0.050322494014199706,0.10884351628089364,0.7057747112359946,0.06841231149701052,class=942:n07717556.pkl:1;n07717556.pkl:3;n07717556.pkl:4|class=289:n02128757.pkl:0;n02128757.pkl:1;n02128757.pkl:5|class=403:n02687172.pkl:0;n02687172.pkl:10;n02687172.pkl:12
swin,739,739,+,93,65,47,23,0.1233492308701358,0.17888461201243566,0.056158304503518074,0.12562150980564635,0.7319311139735143,0.06455700163287079,class=430:n02802426.pkl:0;n02802426.pkl:1;n02802426.pkl:2|class=685:n03841143.pkl:0;n03841143.pkl:1;n03841143.pkl:2|class=137:n02018207.pkl:2;n02018207.pkl:5;n02018207.pkl:7
swin,740,740,+,73,50,32,16,0.10579125803331041,0.14074426775873225,0.03528742168495132,0.06150115570327414,0.7732609962483428,0.055309216820807305,class=510:n03095699.pkl:4;n03095699.pkl:7;n03095699.pkl:12|class=210:n02100236.pkl:0;n02100236.pkl:3;n02100236.pkl:6|class=981:n09835506.pkl:5;n09835506.pkl:6;n09835506.pkl:11
swin,741,741,+,101,60,43,23,0.11794094266355996,0.1855461750615343,0.053977321182177976,0.11351740850239742,0.7146957837322341,0.053691591292429695,class=815:n04275548.pkl:4;n04275548.pkl:8;n04275548.pkl:10|class=284:n02123597.pkl:1;n02123597.pkl:3;n02123597.pkl:4|class=783:n04153751.pkl:0;n04153751.pkl:3;n04153751.pkl:4
swin,742,742,+,86,53,32,10,0.07497382300109501,0.13885328289184257,0.03399503343061596,0.09808024366644756,0.6610506294995458,0.1084186170224518,class=656:n03770679.pkl:0;n03770679.pkl:1;n03770679.pkl:5|class=108:n01914609.pkl:2;n01914609.pkl:4;n01914609.pkl:5|class=338:n02364673.pkl:1;n02364673.pkl:4;n02364673.pkl:10
swin,743,743,+,89,64,49,20,0.11432019650775813,0.14947621094185126,0.039667765660993774,0.0730193510396414,0.7774368044329653,0.04930837245487141,class=91:n01824575.pkl:0;n01824575.pkl:1;n01824575.pkl:3|class=366:n02480855.pkl:0;n02480855.pkl:4;n02480855.pkl:8|class=26:n01630670.pkl:1;n01630670.pkl:2;n01630670.pkl:4
swin,744,744,+,91,61,40,22,0.11313087516739222,0.16738485782980847,0.04458665999278792,0.09715679642807148,0.7318840175708563,0.06316793263324955,class=152:n02085782.pkl:5;n02085782.pkl:6;n02085782.pkl:11|class=220:n02102480.pkl:3;n02102480.pkl:5;n02102480.pkl:6|class=208:n02099712.pkl:7;n02099712.pkl:8;n02099712.pkl:10
swin,745,745,+,72,46,33,18,0.13786960670586496,0.2205755526786189,0.07222305016373293,0.16488712818280274,0.6753664655116595,0.08628068631649063,class=130:n02007558.pkl:1;n02007558.pkl:2;n02007558.pkl:3|class=110:n01924916.pkl:0;n01924916.pkl:1;n01924916.pkl:2|class=115:n01950731.pkl:1;n01950731.pkl:2;n01950731.pkl:3
swin,746,746,+,83,59,34,13,0.11428780638104195,0.18740569521334113,0.051850181526673346,0.13161473357399295,0.6629121037793415,0.08967833166550546,class=16:n01560419.pkl:0;n01560419.pkl:1;n01560419.pkl:3|class=69:n01768244.pkl:1;n01768244.pkl:2;n01768244.pkl:4|class=957:n07768694.pkl:0;n07768694.pkl:2;n07768694.pkl:3
swin,747,747,+,64,42,24,4,0.04084246410908644,0.056107119653131435,0.013143830349819549,0.019766679544289345,0.8168160080267279,0.05096313124013348,class=917:n06596364.pkl:10;n06596364.pkl:20;n06596364.pkl:31|class=430:n02802426.pkl:20;n02802426.pkl:23;n02802426.pkl:29|class=760:n04070727.pkl:3;n04070727.pkl:12;n04070727.pkl:17
swin,748,748,+,68,44,32,16,0.107599823447814,0.16490721538370193,0.04821030266770704,0.1013208393701043,0.7020119386580077,0.07966033525456548,class=315:n02236044.pkl:1;n02236044.pkl:6;n02236044.pkl:8|class=953:n07753275.pkl:3;n07753275.pkl:4;n07753275.pkl:5|class=433:n02807133.pkl:0;n02807133.pkl:6;n02807133.pkl:8
swin,749,749,+,87,50,33,12,0.07997731559638771,0.14896963495359986,0.034713747048581586,0.0911404828381614,0.6695518691799299,0.0907262145081868,class=770:n04120489.pkl:0;n04120489.pkl:3;n04120489.pkl:5|class=148:n02071294.pkl:0;n02071294.pkl:2;n02071294.pkl:4|class=721:n03938244.pkl:2;n03938244.pkl:3;n03938244.pkl:9
swin,750,750,+,73,50,34,18,0.1283011156430118,0.20062881255591553,0.06020844985182863,0.13251758449918216,0.7003281943524454,0.08005907217911282,class=19:n01592084.pkl:0;n01592084.pkl:2;n01592084.pkl:4|class=547:n03272562.pkl:1;n03272562.pkl:3;n03272562.pkl:4|class=17:n01580077.pkl:4;n01580077.pkl:6;n01580077.pkl:7
swin,751,751,+,89,64,45,21,0.15099268779337965,0.2136677770471523,0.0681022229699722,0.1377432887708907,0.7264026923541833,0.05720106602531131,class=343:n02397096.pkl:0;n02397096.pkl:3;n02397096.pkl:5|class=958:n07802026.pkl:0;n07802026.pkl:2;n07802026.pkl:4|class=119:n01978455.pkl:0;n01978455.pkl:1;n01978455.pkl:4
swin,752,752,+,89,56,37,20,0.12213448257095427,0.19963756721183926,0.06576811341067114,0.1517280792715633,0.6875844369916305,0.07103732670366321,class=351:n02422106.pkl:0;n02422106.pkl:1;n02422106.pkl:2|class=375:n02488702.pkl:1;n02488702.pkl:2;n02488702.pkl:3|class=338:n02364673.pkl:0;n02364673.pkl:2;n02364673.pkl:5
swin,753,753,+,57,40,24,12,0.13754033968345727,0.1999388674145211,0.06095683558821638,0.14165537509172937,0.6620833231638633,0.11228670725077088,class=116:n01955084.pkl:0;n01955084.pkl:1;n01955084.pkl:3|class=916:n06359193.pkl:0;n06359193.pkl:2;n06359193.pkl:3|class=47:n01694178.pkl:1;n01694178.pkl:6;n01694178.pkl:7
swin,754,754,+,122,82,55,29,0.11196210909759997,0.1650644832029579,0.04856098914777806,0.0965524027225226,0.7594978381098146,0.04060017429419914,class=320:n02268853.pkl:0;n02268853.pkl:1;n02268853.pkl:3|class=328:n02319095.pkl:2;n02319095.pkl:4;n02319095.pkl:8|class=892:n04548280.pkl:1;n04548280.pkl:4;n04548280.pkl:8
swin,755,755,+,110,72,50,18,0.09752841009154734,0.1606053576609546,0.0445764585383252,0.10670725786966948,0.7162262164613752,0.061184477771313396,class=40:n01682714.pkl:0;n01682714.pkl:1;n01682714.pkl:2|class=808:n04259630.pkl:0;n04259630.pkl:3;n04259630.pkl:4|class=311:n02226429.pkl:1;n02226429.pkl:2;n02226429.pkl:3
swin,756,756,+,79,55,35,19,0.13781507196729753,0.19907462678636012,0.05754090457719991,0.13376356550361249,0.7105140084728376,0.08106438782746425,class=323:n02279972.pkl:0;n02279972.pkl:1;n02279972.pkl:2|class=396:n02643566.pkl:0;n02643566.pkl:4;n02643566.pkl:11|class=288:n02128385.pkl:2;n02128385.pkl:6;n02128385.pkl:11
swin,757,757,+,102,70,42,16,0.07694809514639314,0.1089040637249913,0.026065153794624766,0.051157599224390164,0.7788383825063235,0.04756979690622157,class=285:n02124075.pkl:12;n02124075.pkl:14;n02124075.pkl:15|class=693:n03873416.pkl:1;n03873416.pkl:2;n03873416.pkl:15|class=362:n02447366.pkl:19;n02447366.pkl:35;n02447366.pkl:47
swin,758,758,+,86,51,36,19,0.1253842128326872,0.19332091887322275,0.05691949368921202,0.11486497113006082,0.7210186070411841,0.05898169303542796,class=258:n02111889.pkl:0;n02111889.pkl:1;n02111889.pkl:3|class=736:n03982430.pkl:1;n03982430.pkl:3;n03982430.pkl:5|class=21:n01608432.pkl:0;n01608432.pkl:3;n01608432.pkl:5
swin,759,759,+,78,53,31,10,0.09001947286039116,0.15771699313387558,0.04132233491670662,0.10266933218848459,0.6610393564487248,0.09196436136680988,class=0:n01440764.pkl:1;n01440764.pkl:2;n01440764.pkl:3|class=957:n07768694.pkl:0;n07768694.pkl:6;n07768694.pkl:7|class=58:n01737021.pkl:0;n01737021.pkl:5;n01737021.pkl:8
swin,760,760,+,42,16,8,0,0.02122320832358096,0.03666696987158419,0.006070651132394959,0.00971190704262934,0.7808548386710571,0.08474766352919816,class=282:n02123159.pkl:138;n02123159.pkl:149;n02123159.pkl:164|class=802:n04252077.pkl:41;n04252077.pkl:90;n04252077.pkl:142|class=373:n02487347.pkl:35;n02487347.pkl:65;n02487347.pkl:114
swin,761,761,+,84,54,37,9,0.08177017424856019,0.15528419217196168,0.03791756419831173,0.11518787755761242,0.6293379702479679,0.12176825534467421,class=317:n02259212.pkl:0;n02259212.pkl:1;n02259212.pkl:2|class=955:n07754684.pkl:0;n07754684.pkl:1;n07754684.pkl:2|class=346:n02408429.pkl:0;n02408429.pkl:1;n02408429.pkl:2
swin,762,762,+,87,60,40,14,0.10567620973968754,0.1588730467012183,0.04304570924719559,0.08838459836474552,0.7281629023844544,0.059953224896579296,class=783:n04153751.pkl:0;n04153751.pkl:2;n04153751.pkl:3|class=957:n07768694.pkl:9;n07768694.pkl:10;n07768694.pkl:12|class=156:n02086646.pkl:0;n02086646.pkl:10;n02086646.pkl:15
swin,763,763,+,93,66,47,15,0.1031034727970738,0.17425486070211438,0.05232486999694329,0.1319000269234694,0.6876086296534747,0.07907939728213301,class=252:n02110627.pkl:0;n02110627.pkl:1;n02110627.pkl:2|class=557:n03355925.pkl:1;n03355925.pkl:2;n03355925.pkl:4|class=517:n03126707.pkl:1;n03126707.pkl:3;n03126707.pkl:4
swin,764,764,+,84,56,33,11,0.07978452374698386,0.12666713730216037,0.02935296101897173,0.06308157727573009,0.7252167477557688,0.06688694324237832,class=349:n02415577.pkl:0;n02415577.pkl:1;n02415577.pkl:4|class=353:n02423022.pkl:0;n02423022.pkl:6;n02423022.pkl:11|class=324:n02280649.pkl:0;n02280649.pkl:2;n02280649.pkl:3
swin,765,765,+,69,49,29,18,0.13192107440909825,0.19421524153906025,0.059284091724382905,0.1221309081798146,0.7046086168527789,0.07599992307367989,class=571:n03425413.pkl:0;n03425413.pkl:2;n03425413.pkl:6|class=141:n02028035.pkl:0;n02028035.pkl:4;n02028035.pkl:6|class=339:n02389026.pkl:1;n02389026.pkl:3;n02389026.pkl:4
swin,766,766,+,108,77,44,22,0.1165598059356781,0.1955147579112803,0.05886053510300706,0.14381856666657353,0.6907586439013794,0.0645379495570507,class=649:n03743016.pkl:0;n03743016.pkl:1;n03743016.pkl:2|class=263:n02113023.pkl:0;n02113023.pkl:4;n02113023.pkl:6|class=544:n03259280.pkl:0;n03259280.pkl:1;n03259280.pkl:3
swin,767,767,+,63,44,26,14,0.11788833631949407,0.16896340510995822,0.047556419274635366,0.09662037212285643,0.7124321718963936,0.0813937217434454,class=251:n02110341.pkl:0;n02110341.pkl:1;n02110341.pkl:2|class=396:n02643566.pkl:0;n02643566.pkl:1;n02643566.pkl:10|class=120:n01980166.pkl:2;n01980166.pkl:3;n01980166.pkl:4
swin,768,0,-,59,38,23,10,0.07241231168551217,0.09685753774010745,0.022958864646553875,0.04100272438852179,0.7514025207575864,0.07100872428880235,class=816:n04277352.pkl:4;n04277352.pkl:10;n04277352.pkl:11|class=304:n02169497.pkl:9;n02169497.pkl:10;n02169497.pkl:11|class=571:n03425413.pkl:14;n03425413.pkl:15;n03425413.pkl:22
swin,769,1,-,91,64,45,26,0.1636146947349153,0.22785392849614544,0.08620707345343014,0.16665359011768643,0.7334361800831911,0.052056878419165835,class=10:n01530575.pkl:0;n01530575.pkl:1;n01530575.pkl:2|class=332:n02328150.pkl:0;n02328150.pkl:1;n02328150.pkl:2|class=795:n04228054.pkl:1;n04228054.pkl:2;n04228054.pkl:3
swin,770,2,-,84,58,35,14,0.10316330625560553,0.17163183407089172,0.04598278006023134,0.10735243105134856,0.6861783451203047,0.07679121459056824,class=125:n01986214.pkl:0;n01986214.pkl:1;n01986214.pkl:2|class=785:n04162706.pkl:0;n04162706.pkl:1;n04162706.pkl:2|class=932:n07695742.pkl:0;n07695742.pkl:1;n07695742.pkl:2
swin,771,3,-,75,52,32,12,0.09823060391729044,0.16811524431524408,0.04137201315060029,0.12453712281373694,0.6295804130726051,0.1341489526390081,class=142:n02033041.pkl:1;n02033041.pkl:2;n02033041.pkl:3|class=547:n03272562.pkl:0;n03272562.pkl:1;n03272562.pkl:2|class=590:n03485407.pkl:4;n03485407.pkl:9;n03485407.pkl:16
swin,772,4,-,96,72,50,21,0.11053001116443013,0.14566860466911485,0.04090287244486495,0.07733343049315061,0.7775917373305598,0.04765203917057767,class=946:n07730033.pkl:1;n07730033.pkl:2;n07730033.pkl:7|class=445:n02837789.pkl:3;n02837789.pkl:6;n02837789.pkl:7|class=316:n02256656.pkl:5;n02256656.pkl:9;n02256656.pkl:13
swin,773,5,-,55,34,22,8,0.06300312407942353,0.09800042804370108,0.02069079852626472,0.03703372020869178,0.7513031797512932,0.07642934487509116,class=987:n12144580.pkl:2;n12144580.pkl:8;n12144580.pkl:12|class=531:n03197337.pkl:1;n03197337.pkl:4;n03197337.pkl:11|class=937:n07714990.pkl:4;n07714990.pkl:7;n07714990.pkl:13
swin,774,6,-,78,56,40,23,0.16697264287233768,0.24112600624583827,0.09044935040236335,0.1844232376296782,0.7067233307085363,0.06612033706774552,class=87:n01817953.pkl:0;n01817953.pkl:1;n01817953.pkl:2|class=967:n07920052.pkl:1;n07920052.pkl:3;n07920052.pkl:4|class=954:n07753592.pkl:1;n07753592.pkl:2;n07753592.pkl:3
swin,775,7,-,296,250,219,150,0.22968954516267076,0.24815174058916134,0.1425930145089862,0.19441529289353782,0.8644675298543502,0.009658566253690475,class=319:n02268443.pkl:1;n02268443.pkl:2;n02268443.pkl:3|class=188:n02095314.pkl:2;n02095314.pkl:3;n02095314.pkl:4|class=973:n09256479.pkl:1;n09256479.pkl:2;n09256479.pkl:3
swin,776,8,-,101,78,51,27,0.1495550273838813,0.2119077991450863,0.07337602974184129,0.1434191387855731,0.7403327902609352,0.047726468423183704,class=378:n02492035.pkl:0;n02492035.pkl:1;n02492035.pkl:2|class=989:n12620546.pkl:0;n12620546.pkl:2;n12620546.pkl:3|class=484:n02981792.pkl:1;n02981792.pkl:4;n02981792.pkl:6
swin,777,9,-,60,39,22,9,0.07083034772986803,0.12439891117139146,0.025178335904311965,0.05743779235594389,0.7027667013777796,0.10340082766949459,class=94:n01833805.pkl:0;n01833805.pkl:4;n01833805.pkl:9|class=309:n02206856.pkl:2;n02206856.pkl:7;n02206856.pkl:26|class=76:n01774750.pkl:7;n01774750.pkl:17;n01774750.pkl:29
swin,778,10,-,88,61,41,22,0.13642226609024496,0.2010556538555593,0.05836175150760389,0.1316194737171348,0.7066347523142666,0.06916006369438876,class=255:n02111129.pkl:0;n02111129.pkl:2;n02111129.pkl:3|class=938:n07715103.pkl:0;n07715103.pkl:3;n07715103.pkl:4|class=430:n02802426.pkl:0;n02802426.pkl:1;n02802426.pkl:2
swin,779,11,-,65,49,32,15,0.12635252430433266,0.17061292838756603,0.04433468847250459,0.0924302833360153,0.7342834159659318,0.08225408672033112,class=15:n01558993.pkl:0;n01558993.pkl:1;n01558993.pkl:2|class=820:n04310018.pkl:0;n04310018.pkl:10;n04310018.pkl:13|class=953:n07753275.pkl:1;n07753275.pkl:5;n07753275.pkl:8
swin,780,12,-,95,68,44,23,0.1383198902815408,0.19696112958608525,0.06245461340671941,0.12228444390792367,0.7401196175358502,0.050880611462227145,class=7:n01514668.pkl:1;n01514668.pkl:4;n01514668.pkl:6|class=531:n03197337.pkl:0;n03197337.pkl:1;n03197337.pkl:3|class=934:n07697537.pkl:0;n07697537.pkl:3;n07697537.pkl:7
swin,781,13,-,96,63,43,25,0.13631062280594156,0.206327173454307,0.06683458012299791,0.14722660405529917,0.7149046306892946,0.06096407674797062,class=141:n02028035.pkl:0;n02028035.pkl:1;n02028035.pkl:2|class=67:n01755581.pkl:0;n01755581.pkl:2;n01755581.pkl:3|class=889:n04536866.pkl:1;n04536866.pkl:3;n04536866.pkl:4
swin,782,14,-,79,52,25,12,0.07774845899445437,0.1316619233303204,0.03258855394300295,0.078808916073947,0.6917246299008847,0.08668578829805251,class=109:n01917289.pkl:0;n01917289.pkl:1;n01917289.pkl:2|class=663:n03781244.pkl:4;n03781244.pkl:5;n03781244.pkl:9|class=482:n02979186.pkl:5;n02979186.pkl:13;n02979186.pkl:29
swin,783,15,-,96,50,27,12,0.07589154829163211,0.15937520811726344,0.0327697389515863,0.09966140494728584,0.6302029013962575,0.1067633599692576,class=71:n01770393.pkl:1;n01770393.pkl:3;n01770393.pkl:5|class=343:n02397096.pkl:0;n02397096.pkl:1;n02397096.pkl:2|class=31:n01644373.pkl:0;n01644373.pkl:2;n01644373.pkl:3
swin,784,16,-,111,80,56,25,0.14708549915198746,0.21075514330470058,0.06534303542963585,0.13346350174557833,0.7363168761762187,0.04659304728173843,class=118:n01978287.pkl:0;n01978287.pkl:5;n01978287.pkl:6|class=586:n03478589.pkl:2;n03478589.pkl:3;n03478589.pkl:4|class=239:n02107683.pkl:4;n02107683.pkl:6;n02107683.pkl:7
swin,785,17,-,73,48,31,12,0.08043819970204057,0.1387822548456297,0.03649836379279761,0.08813678680399942,0.6936622315224092,0.09357986601954145,class=177:n02092002.pkl:0;n02092002.pkl:1;n02092002.pkl:2|class=665:n03785016.pkl:3;n03785016.pkl:5;n03785016.pkl:20|class=932:n07695742.pkl:1;n07695742.pkl:4;n07695742.pkl:10
swin,786,18,-,100,67,40,20,0.10958834000150056,0.1868558404339106,0.048861160224550684,0.11956131700523309,0.6908973236064482,0.06987614481794366,class=990:n12768682.pkl:0;n12768682.pkl:3;n12768682.pkl:4|class=19:n01592084.pkl:0;n01592084.pkl:1;n01592084.pkl:2|class=30:n01641577.pkl:5;n01641577.pkl:7;n01641577.pkl:9
swin,787,19,-,83,48,31,16,0.08608514622847332,0.14041073180513067,0.03349059832216751,0.07711651837992031,0.7006407672730776,0.07592907756263687,class=152:n02085782.pkl:3;n02085782.pkl:4;n02085782.pkl:7|class=117:n01968897.pkl:3;n01968897.pkl:4;n01968897.pkl:6|class=331:n02326432.pkl:12;n02326432.pkl:13;n02326432.pkl:15
swin,788,20,-,68,51,36,13,0.11534033528853431,0.1577519773643759,0.046721916106117284,0.08992755136581712,0.7347384645685062,0.0691856608474997,class=734:n03977966.pkl:1;n03977966.pkl:5;n03977966.pkl:7|class=849:n04398044.pkl:5;n04398044.pkl:7;n04398044.pkl:8|class=941:n07717410.pkl:0;n07717410.pkl:3;n07717410.pkl:6
swin,789,21,-,99,66,39,20,0.11368053762315776,0.19142079716217483,0.05470624912611629,0.1367850522503684,0.6756986949230381,0.07325026184661387,class=734:n03977966.pkl:1;n03977966.pkl:2;n03977966.pkl:3|class=106:n01883070.pkl:1;n01883070.pkl:2;n01883070.pkl:3|class=821:n04311004.pkl:1;n04311004.pkl:3;n04311004.pkl:6
swin,790,22,-,65,45,30,18,0.1680016278787383,0.23521755840632746,0.08382228130169496,0.17067668297575503,0.6939083862536345,0.07916925094456323,class=832:n04346328.pkl:0;n04346328.pkl:2;n04346328.pkl:3|class=417:n02782093.pkl:0;n02782093.pkl:1;n02782093.pkl:2|class=91:n01824575.pkl:0;n01824575.pkl:1;n01824575.pkl:5
swin,791,23,-,2,1,1,0,0.07759291987459456,0.0766821730622084,0.006960949614371517,0.006050202801985361,0.3485881411705088,0.8777225289179247,class=914:n04612504.pkl:177;n04612504.pkl:388;n04612504.pkl:515|class=465:n02916936.pkl:783
swin,792,24,-,139,106,71,47,0.15614047196109537,0.21098884992049372,0.08283777729375379,0.15187847845866617,0.7809244388811278,0.031377836217401,class=370:n02484975.pkl:1;n02484975.pkl:2;n02484975.pkl:3|class=357:n02442845.pkl:0;n02442845.pkl:1;n02442845.pkl:3|class=10:n01530575.pkl:1;n01530575.pkl:5;n01530575.pkl:7
swin,793,25,-,85,54,40,16,0.09468834290971466,0.14620593892453992,0.04354063918877495,0.09092042983140879,0.73042077274619,0.06306435966133347,class=248:n02109961.pkl:4;n02109961.pkl:6;n02109961.pkl:8|class=952:n07753113.pkl:2;n07753113.pkl:4;n07753113.pkl:6|class=174:n02091467.pkl:4;n02091467.pkl:5;n02091467.pkl:7
swin,794,26,-,85,60,31,16,0.10657561142406052,0.1821885088428071,0.04916129424636976,0.11935723461824525,0.6741411817842763,0.08111238880769366,class=737:n03983396.pkl:2;n03983396.pkl:3;n03983396.pkl:4|class=796:n04229816.pkl:0;n04229816.pkl:3;n04229816.pkl:4|class=829:n04335435.pkl:0;n04335435.pkl:1;n04335435.pkl:4
swin,795,27,-,72,54,33,11,0.08463457269407139,0.13058824280230927,0.030723826649517807,0.07354530899992519,0.7242276143391673,0.09347308713406575,class=847:n04389033.pkl:0;n04389033.pkl:4;n04389033.pkl:8|class=213:n02100877.pkl:5;n02100877.pkl:13;n02100877.pkl:14|class=558:n03372029.pkl:30;n03372029.pkl:32;n03372029.pkl:33
swin,796,28,-,108,70,46,11,0.06551419363583971,0.10054000561071853,0.0203660815208743,0.038872283236456646,0.7913850699015013,0.04299120474861322,class=249:n02110063.pkl:4;n02110063.pkl:9;n02110063.pkl:14|class=32:n01644900.pkl:10;n01644900.pkl:13;n01644900.pkl:15|class=629:n03676483.pkl:1;n03676483.pkl:38;n03676483.pkl:41
swin,797,29,-,209,168,128,82,0.22505363676789975,0.2593406260178479,0.12023128963116833,0.1922803092396389,0.8176690627241696,0.017022065631697298,class=329:n02321529.pkl:0;n02321529.pkl:3;n02321529.pkl:4|class=946:n07730033.pkl:0;n07730033.pkl:1;n07730033.pkl:2|class=394:n02640242.pkl:0;n02640242.pkl:1;n02640242.pkl:2
swin,798,30,-,63,46,27,16,0.11062773459986303,0.17130639769912223,0.048996339593708096,0.1265129849959169,0.6659411204245955,0.1217014533427218,class=105:n01882714.pkl:0;n01882714.pkl:1;n01882714.pkl:2|class=959:n07831146.pkl:0;n07831146.pkl:3;n07831146.pkl:4|class=974:n09288635.pkl:1;n09288635.pkl:2;n09288635.pkl:13
swin,799,31,-,175,130,86,48,0.14055982504760045,0.21174136261763607,0.07867072722775205,0.16088168776637635,0.7614067409726251,0.0296115864565051,class=143:n02037110.pkl:0;n02037110.pkl:2;n02037110.pkl:4|class=392:n02606052.pkl:0;n02606052.pkl:1;n02606052.pkl:2|class=132:n02009912.pkl:1;n02009912.pkl:2;n02009912.pkl:3
swin,800,32,-,74,50,27,11,0.08991959712691593,0.1662350723317719,0.03506824620564693,0.09063048782932467,0.6577908619946661,0.10377216104627654,class=353:n02423022.pkl:1;n02423022.pkl:3;n02423022.pkl:8|class=219:n02102318.pkl:5;n02102318.pkl:7;n02102318.pkl:10|class=143:n02037110.pkl:2;n02037110.pkl:3;n02037110.pkl:7
swin,801,33,-,119,87,63,29,0.14145800910719974,0.1977657431120541,0.06685623048141598,0.1360965887669816,0.7513842430642755,0.04322616591729109,class=292:n02129604.pkl:0;n02129604.pkl:1;n02129604.pkl:2|class=450:n02860847.pkl:1;n02860847.pkl:3;n02860847.pkl:4|class=397:n02655020.pkl:0;n02655020.pkl:1;n02655020.pkl:2
swin,802,34,-,87,65,40,19,0.11123650167832777,0.16931933329949755,0.04389527654876548,0.09533347910201886,0.7250753868914122,0.06571132406732776,class=531:n03197337.pkl:0;n03197337.pkl:1;n03197337.pkl:3|class=651:n03761084.pkl:4;n03761084.pkl:6;n03761084.pkl:7|class=386:n02504458.pkl:1;n02504458.pkl:3;n02504458.pkl:14
swin,803,35,-,80,49,35,19,0.14323497561172635,0.23946175064857753,0.07976865120923428,0.17500871614235042,0.6735872682170844,0.07266790268669177,class=465:n02916936.pkl:0;n02916936.pkl:1;n02916936.pkl:3|class=282:n02123159.pkl:0;n02123159.pkl:2;n02123159.pkl:8|class=544:n03259280.pkl:0;n03259280.pkl:2;n03259280.pkl:5
swin,804,36,-,79,56,36,18,0.10640623061867456,0.16117302065546152,0.04277824747009555,0.0955645969447498,0.728865492860142,0.07582969981658551,class=95:n01843065.pkl:3;n01843065.pkl:4;n01843065.pkl:5|class=147:n02066245.pkl:0;n02066245.pkl:1;n02066245.pkl:2|class=511:n03100240.pkl:1;n03100240.pkl:2;n03100240.pkl:3
swin,805,37,-,92,68,42,21,0.14284280078937717,0.21572149604997473,0.07136362386502036,0.15552124888246927,0.7016333933226718,0.06249192482386245,class=190:n02095889.pkl:0;n02095889.pkl:1;n02095889.pkl:3|class=315:n02236044.pkl:1;n02236044.pkl:3;n02236044.pkl:4|class=148:n02071294.pkl:0;n02071294.pkl:1;n02071294.pkl:2
swin,806,38,-,88,61,41,20,0.12033076590845915,0.18529470843814996,0.052693282860022235,0.10595114138448451,0.7285082384149585,0.0573065034468026,class=734:n03977966.pkl:1;n03977966.pkl:2;n03977966.pkl:3|class=43:n01688243.pkl:3;n01688243.pkl:5;n01688243.pkl:6|class=998:n13133613.pkl:2;n13133613.pkl:4;n13133613.pkl:6
swin,807,39,-,83,56,39,19,0.12655762155831113,0.1932378087261534,0.0536606231601323,0.12119367336646367,0.7080455321867335,0.07350505488987885,class=93:n01829413.pkl:0;n01829413.pkl:2;n01829413.pkl:3|class=403:n02687172.pkl:0;n02687172.pkl:1;n02687172.pkl:2|class=624:n03661043.pkl:0;n03661043.pkl:3;n03661043.pkl:4
swin,808,40,-,96,72,53,26,0.14851056290898346,0.1963745419041862,0.06663513133537656,0.12702392326088227,0.7550790664715361,0.048269055733421204,class=685:n03841143.pkl:0;n03841143.pkl:1;n03841143.pkl:2|class=274:n02115913.pkl:0;n02115913.pkl:1;n02115913.pkl:4|class=454:n02871525.pkl:5;n02871525.pkl:9;n02871525.pkl:15
swin,809,41,-,82,54,39,13,0.09109251468558854,0.14093394112152088,0.038210656447478425,0.07987681902503897,0.735575151009439,0.06548671132109583,class=489:n03000134.pkl:0;n03000134.pkl:4;n03000134.pkl:5|class=664:n03782006.pkl:0;n03782006.pkl:2;n03782006.pkl:18|class=336:n02361337.pkl:0;n02361337.pkl:4;n02361337.pkl:8
swin,810,42,-,91,64,36,20,0.13186740386680884,0.2152264319349694,0.07245529125808266,0.16388365055425583,0.6805946800210046,0.06720885721209315,class=135:n02013706.pkl:0;n02013706.pkl:1;n02013706.pkl:2|class=974:n09288635.pkl:0;n09288635.pkl:1;n09288635.pkl:2|class=922:n07565083.pkl:4;n07565083.pkl:5;n07565083.pkl:6
swin,811,43,-,73,51,31,13,0.09871071059680163,0.16043823074221247,0.037572083049383184,0.09768622078505924,0.6942596987645316,0.10629910400575225,class=576:n03447447.pkl:0;n03447447.pkl:1;n03447447.pkl:2|class=21:n01608432.pkl:4;n01608432.pkl:5;n01608432.pkl:7|class=88:n01818515.pkl:3;n01818515.pkl:5;n01818515.pkl:10
swin,812,44,-,74,45,34,19,0.13305073037543658,0.19510787513604846,0.05936736959348296,0.11075750999214937,0.7280847436991073,0.060548284465799615,class=371:n02486261.pkl:4;n02486261.pkl:12;n02486261.pkl:16|class=268:n02113978.pkl:0;n02113978.pkl:1;n02113978.pkl:2|class=552:n03325584.pkl:0;n03325584.pkl:1;n03325584.pkl:8
swin,813,45,-,74,53,26,7,0.0856357238321857,0.16744139668278274,0.039256681125196695,0.10408247485918529,0.6364029389493044,0.10850754959106766,class=536:n03216828.pkl:0;n03216828.pkl:1;n03216828.pkl:5|class=628:n03673027.pkl:1;n03673027.pkl:2;n03673027.pkl:3|class=484:n02981792.pkl:4;n02981792.pkl:6;n02981792.pkl:13
swin,814,46,-,58,37,22,8,0.09792577626696733,0.17965379012160404,0.042030997375313586,0.11117281756625864,0.6184264858287489,0.13786430003302025,class=917:n06596364.pkl:0;n06596364.pkl:1;n06596364.pkl:9|class=10:n01530575.pkl:0;n01530575.pkl:1;n01530575.pkl:2|class=780:n04147183.pkl:1;n04147183.pkl:5;n04147183.pkl:10
swin,815,47,-,35,15,7,2,0.03065514185222791,0.06827679371650229,0.013944358958399758,0.036267937070032265,0.5977393510924767,0.22184859714624514,class=909:n04596742.pkl:2;n04596742.pkl:4;n04596742.pkl:16|class=940:n07716906.pkl:1;n07716906.pkl:4;n07716906.pkl:6|class=490:n03000247.pkl:19;n03000247.pkl:162;n03000247.pkl:185
swin,816,48,-,55,25,14,4,0.04463254286958419,0.10866893469910911,0.022361225090044286,0.0742309893825657,0.5521591291789574,0.21854440129355945,class=88:n01818515.pkl:1;n01818515.pkl:2;n01818515.pkl:3|class=235:n02106662.pkl:4;n02106662.pkl:15;n02106662.pkl:16|class=692:n03871628.pkl:18;n03871628.pkl:30;n03871628.pkl:38
swin,817,49,-,76,55,35,24,0.17483313369849415,0.2341146181513811,0.08259794854945185,0.15004668429916565,0.7375586815153964,0.056578981744368574,class=98:n01855032.pkl:0;n01855032.pkl:1;n01855032.pkl:2|class=430:n02802426.pkl:0;n02802426.pkl:1;n02802426.pkl:2|class=984:n11879895.pkl:4;n11879895.pkl:5;n11879895.pkl:6
swin,818,50,-,112,90,60,31,0.16453438066810103,0.23418587403586832,0.08750146934136578,0.1813876331996236,0.7324891399095943,0.04729634811825098,class=74:n01773797.pkl:1;n01773797.pkl:7;n01773797.pkl:10|class=77:n01775062.pkl:0;n01775062.pkl:3;n01775062.pkl:4|class=286:n02125311.pkl:3;n02125311.pkl:4;n02125311.pkl:5
swin,819,51,-,100,84,50,29,0.17457002205791144,0.2330696946380023,0.08454674846471867,0.17310970177800253,0.7310804801499832,0.051922675980979154,class=340:n02391049.pkl:0;n02391049.pkl:1;n02391049.pkl:2|class=27:n01631663.pkl:0;n01631663.pkl:2;n01631663.pkl:3|class=38:n01675722.pkl:0;n01675722.pkl:2;n01675722.pkl:3
swin,820,52,-,233,207,166,96,0.22874109422966482,0.25355971317504894,0.12633714862687478,0.20138231887563107,0.8296152558136924,0.015196818930252034,class=886:n04525305.pkl:1;n04525305.pkl:2;n04525305.pkl:4|class=155:n02086240.pkl:0;n02086240.pkl:2;n02086240.pkl:3|class=453:n02870880.pkl:1;n02870880.pkl:2;n02870880.pkl:3
swin,821,53,-,88,64,40,19,0.1117565207131074,0.1841845220463832,0.05201640869226618,0.1194013553647211,0.7007838897195905,0.07123995795886533,class=560:n03379051.pkl:0;n03379051.pkl:1;n03379051.pkl:3|class=252:n02110627.pkl:0;n02110627.pkl:4;n02110627.pkl:6|class=665:n03785016.pkl:0;n03785016.pkl:1;n03785016.pkl:4
swin,822,54,-,142,105,79,48,0.18980500056485358,0.26640799457754993,0.11812675010476903,0.22331863610600522,0.7547642277813421,0.03221120233221274,class=554:n03344393.pkl:0;n03344393.pkl:1;n03344393.pkl:2|class=604:n03544143.pkl:0;n03544143.pkl:1;n03544143.pkl:2|class=607:n03590841.pkl:0;n03590841.pkl:1;n03590841.pkl:2
swin,823,55,-,92,61,41,22,0.14070521453160445,0.22240591861765824,0.07325218107810827,0.16568706632194452,0.6970112099560009,0.06647897282974592,class=88:n01818515.pkl:0;n01818515.pkl:1;n01818515.pkl:2|class=594:n03495258.pkl:0;n03495258.pkl:1;n03495258.pkl:2|class=673:n03793489.pkl:0;n03793489.pkl:1;n03793489.pkl:5
swin,824,56,-,67,44,27,7,0.06105410454669571,0.08986035080935766,0.01939545916463674,0.035372144816815394,0.7734911730933857,0.06456721138200919,class=756:n04049303.pkl:6;n04049303.pkl:11;n04049303.pkl:15|class=915:n04613696.pkl:6;n04613696.pkl:22;n04613696.pkl:25|class=847:n04389033.pkl:1;n04389033.pkl:12;n04389033.pkl:23
swin,825,57,-,80,56,36,10,0.08969222587385724,0.15388702854946384,0.03666400817309558,0.0983219789682779,0.6821339823740384,0.10239413406809636,class=54:n01729322.pkl:1;n01729322.pkl:2;n01729322.pkl:5|class=59:n01739381.pkl:0;n01739381.pkl:4;n01739381.pkl:8|class=657:n03773504.pkl:7;n03773504.pkl:16;n03773504.pkl:18
swin,826,58,-,63,41,24,12,0.10126139629122784,0.15981229133272884,0.03826600880906876,0.10015739865919182,0.6564482877076049,0.12461548471853294,class=278:n02119789.pkl:0;n02119789.pkl:1;n02119789.pkl:5|class=64:n01749939.pkl:5;n01749939.pkl:6;n01749939.pkl:11|class=1:n01443537.pkl:6;n01443537.pkl:7;n01443537.pkl:10
swin,827,59,-,80,50,36,16,0.11251066224234126,0.174537648491481,0.04434442529864045,0.08592427969495242,0.7378015844455882,0.05943142613375434,class=11:n01531178.pkl:0;n01531178.pkl:1;n01531178.pkl:10|class=22:n01614925.pkl:0;n01614925.pkl:3;n01614925.pkl:5|class=564:n03388549.pkl:1;n03388549.pkl:5;n03388549.pkl:6
swin,828,60,-,163,117,84,42,0.13080270024831786,0.19033483490612618,0.06686281012518198,0.12807301245246708,0.7786486235842615,0.028644083016376186,class=91:n01824575.pkl:1;n01824575.pkl:2;n01824575.pkl:3|class=152:n02085782.pkl:3;n02085782.pkl:7;n02085782.pkl:11|class=574:n03445777.pkl:0;n03445777.pkl:1;n03445777.pkl:3
swin,829,61,-,84,59,43,22,0.13050299872231846,0.17283541963843427,0.05221174215961155,0.09155278101740084,0.7707667373352616,0.04850866750732299,class=967:n07920052.pkl:2;n07920052.pkl:3;n07920052.pkl:4|class=209:n02099849.pkl:0;n02099849.pkl:6;n02099849.pkl:8|class=316:n02256656.pkl:0;n02256656.pkl:1;n02256656.pkl:3
swin,830,62,-,85,48,34,11,0.0726664902808036,0.1189654164394194,0.028168433025174446,0.06339569782966942,0.7287895180267043,0.07135496459281816,class=396:n02643566.pkl:1;n02643566.pkl:2;n02643566.pkl:5|class=160:n02088094.pkl:0;n02088094.pkl:8;n02088094.pkl:10|class=119:n01978455.pkl:1;n01978455.pkl:2;n01978455.pkl:13
swin,831,63,-,64,46,35,13,0.11854716247004207,0.14693677156694235,0.04182847240990049,0.07212624647769889,0.7689743229428215,0.06208323225164057,class=926:n07590611.pkl:0;n07590611.pkl:2;n07590611.pkl:4|class=325:n02281406.pkl:4;n02281406.pkl:5;n02281406.pkl:7|class=234:n02106550.pkl:12;n02106550.pkl:13;n02106550.pkl:16
swin,832,64,-,102,64,39,19,0.08536162190438344,0.13863337966626857,0.03438457351727522,0.08313045955854016,0.7241241222830896,0.0671089730354962,class=325:n02281406.pkl:3;n02281406.pkl:4;n02281406.pkl:6|class=833:n04347754.pkl:6;n04347754.pkl:7;n04347754.pkl:9|class=966:n07892512.pkl:0;n07892512.pkl:1;n07892512.pkl:14
swin,833,65,-,86,63,39,20,0.13835666966084118,0.18382385374830942,0.056943622698310215,0.09875972215671068,0.7569673244292647,0.04660398277778129,class=120:n01980166.pkl:1;n01980166.pkl:2;n01980166.pkl:6|class=89:n01819313.pkl:0;n01819313.pkl:4;n01819313.pkl:5|class=990:n12768682.pkl:2;n12768682.pkl:10;n12768682.pkl:12
swin,834,66,-,65,44,29,11,0.08874903770627372,0.13147378442553131,0.031156637931306023,0.06145704041425735,0.7277833641189031,0.07524351827681423,class=567:n03400231.pkl:2;n03400231.pkl:3;n03400231.pkl:8|class=672:n03792972.pkl:0;n03792972.pkl:5;n03792972.pkl:13|class=664:n03782006.pkl:0;n03782006.pkl:2;n03782006.pkl:12
swin,835,67,-,98,72,53,29,0.16612927961254753,0.22151450601113087,0.08221916906208364,0.16087770073691487,0.7472213705497575,0.04927192690743964,class=145:n02056570.pkl:0;n02056570.pkl:1;n02056570.pkl:2|class=351:n02422106.pkl:0;n02422106.pkl:2;n02422106.pkl:4|class=324:n02280649.pkl:0;n02280649.pkl:1;n02280649.pkl:2
swin,836,68,-,56,43,25,13,0.11449967726728343,0.15622666691594664,0.04266773000114848,0.07987404263437496,0.7360577488128899,0.08043551016473857,class=682:n03837869.pkl:0;n03837869.pkl:2;n03837869.pkl:5|class=866:n04465501.pkl:2;n04465501.pkl:8;n04465501.pkl:9|class=819:n04296562.pkl:0;n04296562.pkl:3;n04296562.pkl:10
swin,837,69,-,53,26,11,4,0.037128216079603475,0.06759562211444888,0.01023290093201697,0.019899440292931878,0.7338525052260251,0.0902202798696563,class=576:n03447447.pkl:2;n03447447.pkl:17;n03447447.pkl:18|class=42:n01687978.pkl:6;n01687978.pkl:14;n01687978.pkl:15|class=901:n04579145.pkl:24;n04579145.pkl:54;n04579145.pkl:56
swin,838,70,-,62,41,30,11,0.08872323347219302,0.12456843014403748,0.029774303103402656,0.052358470562113034,0.7683551606653787,0.06600588069919186,class=946:n07730033.pkl:1;n07730033.pkl:3;n07730033.pkl:6|class=397:n02655020.pkl:0;n02655020.pkl:8;n02655020.pkl:11|class=388:n02510455.pkl:1;n02510455.pkl:7;n02510455.pkl:21
swin,839,71,-,62,36,28,11,0.11226632111031347,0.17706665675148317,0.04691486431081577,0.09296866832257669,0.6981107552838167,0.07946648623664562,class=130:n02007558.pkl:1;n02007558.pkl:7;n02007558.pkl:9|class=781:n04149813.pkl:4;n04149813.pkl:7;n04149813.pkl:8|class=174:n02091467.pkl:5;n02091467.pkl:10;n02091467.pkl:13
swin,840,72,-,86,68,44,23,0.15110733613636604,0.2018074629524745,0.07231273656472169,0.1322888597076393,0.7510568994027842,0.05054303832159599,class=675:n03796401.pkl:3;n03796401.pkl:4;n03796401.pkl:6|class=537:n03218198.pkl:2;n03218198.pkl:4;n03218198.pkl:7|class=37:n01669191.pkl:0;n01669191.pkl:1;n01669191.pkl:2
swin,841,73,-,108,63,46,21,0.12559586285052066,0.21023596877753586,0.06131148485145528,0.13342628667697218,0.7099034526619554,0.05310984263575346,class=362:n02447366.pkl:0;n02447366.pkl:1;n02447366.pkl:2|class=475:n02965783.pkl:0;n02965783.pkl:2;n02965783.pkl:4|class=31:n01644373.pkl:0;n01644373.pkl:1;n01644373.pkl:8
swin,842,74,-,91,62,44,30,0.18225841421856154,0.2394808801849112,0.09154232155940979,0.15921682266666884,0.7566678263688573,0.04423143381009413,class=18:n01582220.pkl:0;n01582220.pkl:1;n01582220.pkl:2|class=576:n03447447.pkl:0;n03447447.pkl:1;n03447447.pkl:2|class=691:n03868863.pkl:0;n03868863.pkl:1;n03868863.pkl:2
swin,843,75,-,76,53,34,14,0.09756195577975725,0.1544070609352413,0.041467088161685754,0.09629052277899615,0.7072605676604578,0.084106917299472,class=206:n02099429.pkl:0;n02099429.pkl:3;n02099429.pkl:4|class=756:n04049303.pkl:0;n04049303.pkl:2;n04049303.pkl:3|class=301:n02165456.pkl:0;n02165456.pkl:1;n02165456.pkl:11
swin,844,76,-,89,53,34,21,0.11624444125728531,0.1799565242284248,0.050250861013018074,0.11643017841042202,0.7053801172135887,0.0715549510723651,class=566:n03394916.pkl:0;n03394916.pkl:1;n03394916.pkl:2|class=556:n03347037.pkl:4;n03347037.pkl:5;n03347037.pkl:9|class=452:n02869837.pkl:1;n02869837.pkl:4;n02869837.pkl:5
swin,845,77,-,96,70,52,25,0.13178312956270535,0.18057488968981586,0.05723961338388941,0.1268717322658155,0.7423929744087707,0.061592523501128746,class=69:n01768244.pkl:0;n01768244.pkl:1;n01768244.pkl:2|class=30:n01641577.pkl:0;n01641577.pkl:1;n01641577.pkl:2|class=106:n01883070.pkl:4;n01883070.pkl:5;n01883070.pkl:18
swin,846,78,-,83,57,31,16,0.09188943382117112,0.1441413850393835,0.038302845813274165,0.0774458520572864,0.729060821452701,0.06130385331744898,class=32:n01644900.pkl:0;n01644900.pkl:2;n01644900.pkl:5|class=630:n03680355.pkl:0;n03680355.pkl:6;n03680355.pkl:7|class=707:n03902125.pkl:7;n03902125.pkl:10;n03902125.pkl:12
swin,847,79,-,113,75,53,21,0.08368969868799499,0.1318186545797776,0.03648916074095541,0.07899621125233025,0.747903026416524,0.050326461608280144,class=17:n01580077.pkl:4;n01580077.pkl:5;n01580077.pkl:9|class=931:n07693725.pkl:0;n07693725.pkl:1;n07693725.pkl:3|class=121:n01981276.pkl:0;n01981276.pkl:6;n01981276.pkl:7
swin,848,80,-,87,65,40,14,0.10952651016306646,0.18089483239588744,0.048460220143111674,0.1226615725736619,0.678039025058781,0.08513650106783441,class=715:n03929855.pkl:0;n03929855.pkl:1;n03929855.pkl:3|class=605:n03584254.pkl:0;n03584254.pkl:1;n03584254.pkl:2|class=693:n03873416.pkl:1;n03873416.pkl:3;n03873416.pkl:12
swin,849,81,-,73,59,47,25,0.21186112945594704,0.2367271224456149,0.09575580179460526,0.17743823775613313,0.7521786606722672,0.06073582097350083,class=326:n02281787.pkl:0;n02281787.pkl:1;n02281787.pkl:2|class=318:n02264363.pkl:0;n02264363.pkl:1;n02264363.pkl:2|class=829:n04335435.pkl:0;n04335435.pkl:1;n04335435.pkl:2
swin,850,82,-,74,47,30,13,0.0961410511969312,0.16965681411984015,0.04665490267541698,0.12460990222606468,0.6518581452082404,0.10991390890087657,class=993:n13037406.pkl:0;n13037406.pkl:1;n13037406.pkl:2|class=937:n07714990.pkl:1;n07714990.pkl:2;n07714990.pkl:4|class=337:n02363005.pkl:1;n02363005.pkl:3;n02363005.pkl:4
swin,851,83,-,69,44,28,8,0.07416222430915398,0.11930391380047162,0.026648465271329934,0.06116173195004737,0.705420419856543,0.09083519683300885,class=945:n07720875.pkl:0;n07720875.pkl:1;n07720875.pkl:2|class=967:n07920052.pkl:2;n07920052.pkl:4;n07920052.pkl:11|class=200:n02097474.pkl:0;n02097474.pkl:1;n02097474.pkl:3
swin,852,84,-,85,62,37,18,0.09914563399342549,0.14000895158014884,0.03687631798676591,0.07456885372665951,0.741035779893571,0.059870889661443875,class=581:n03459775.pkl:0;n03459775.pkl:1;n03459775.pkl:3|class=623:n03658185.pkl:5;n03658185.pkl:7;n03658185.pkl:8|class=942:n07717556.pkl:2;n07717556.pkl:4;n07717556.pkl:5
swin,853,85,-,100,68,38,24,0.13667947725337684,0.21447440922103297,0.0691208138854618,0.15294791390974052,0.6978638348718962,0.058963158949704136,class=195:n02096585.pkl:0;n02096585.pkl:5;n02096585.pkl:7|class=88:n01818515.pkl:2;n01818515.pkl:3;n01818515.pkl:5|class=392:n02606052.pkl:0;n02606052.pkl:2;n02606052.pkl:3
swin,854,86,-,74,40,22,10,0.07236836203793927,0.14544309821552545,0.03225054442002767,0.10584891803999212,0.5954377153335294,0.15908188580382757,class=94:n01833805.pkl:0;n01833805.pkl:1;n01833805.pkl:2|class=453:n02870880.pkl:3;n02870880.pkl:4;n02870880.pkl:12|class=716:n03930313.pkl:5;n03930313.pkl:9;n03930313.pkl:15
swin,855,87,-,83,57,39,20,0.10674120423584788,0.1516296914173249,0.039558748736287,0.07811779679573529,0.7504027373802081,0.05903076471759277,class=776:n04141076.pkl:2;n04141076.pkl:4;n04141076.pkl:5|class=780:n04147183.pkl:2;n04147183.pkl:3;n04147183.pkl:4|class=648:n03742115.pkl:0;n03742115.pkl:9;n03742115.pkl:31
swin,856,88,-,63,35,20,12,0.11528688824728607,0.20764590312934272,0.05946885290596171,0.1453753691560132,0.6174673773199757,0.11072840034941872,class=444:n02835271.pkl:1;n02835271.pkl:2;n02835271.pkl:3|class=101:n01871265.pkl:2;n01871265.pkl:3;n01871265.pkl:12|class=779:n04146614.pkl:4;n04146614.pkl:6;n04146614.pkl:7
swin,857,89,-,82,50,32,17,0.09052360506931954,0.14000251560150587,0.03635966520410568,0.07405011294142666,0.7242330413922666,0.06277733737304601,class=936:n07714571.pkl:0;n07714571.pkl:1;n07714571.pkl:2|class=292:n02129604.pkl:1;n02129604.pkl:3;n02129604.pkl:8|class=152:n02085782.pkl:1;n02085782.pkl:6;n02085782.pkl:15
swin,858,90,-,191,113,75,21,0.052591711596566885,0.09540132015635872,0.026183534582410458,0.06033354647350989,0.7725617265614713,0.03303451392708148,class=66:n01753488.pkl:4;n01753488.pkl:5;n01753488.pkl:7|class=390:n02526121.pkl:2;n02526121.pkl:5;n02526121.pkl:6|class=173:n02091244.pkl:0;n02091244.pkl:2;n02091244.pkl:5
swin,859,91,-,126,92,67,36,0.14432888978549524,0.19748867849928545,0.06646894357291613,0.12272633222579159,0.7688786325171192,0.034992746060703635,class=681:n03832673.pkl:2;n03832673.pkl:3;n03832673.pkl:4|class=19:n01592084.pkl:0;n01592084.pkl:1;n01592084.pkl:2|class=484:n02981792.pkl:2;n02981792.pkl:3;n02981792.pkl:6
swin,860,92,-,55,32,14,4,0.045749180673984736,0.08663953568548534,0.013440871104664982,0.03323653681507469,0.6993539410790792,0.12935857668046666,class=148:n02071294.pkl:1;n02071294.pkl:8;n02071294.pkl:11|class=454:n02871525.pkl:30;n02871525.pkl:32;n02871525.pkl:35|class=917:n06596364.pkl:13;n06596364.pkl:30;n06596364.pkl:77
swin,861,93,-,60,39,26,15,0.13279453038665875,0.205083085742743,0.06454102221665899,0.14286924891422798,0.6722142264323737,0.09833516941359131,class=768:n04118538.pkl:0;n04118538.pkl:1;n04118538.pkl:2|class=701:n03888257.pkl:0;n03888257.pkl:5;n03888257.pkl:7|class=240:n02107908.pkl:9;n02107908.pkl:10;n02107908.pkl:11
swin,862,94,-,77,57,36,19,0.11760886680595091,0.17498431262972194,0.04986732459323384,0.1092993375869954,0.7200284022463742,0.07537661240256657,class=933:n07697313.pkl:0;n07697313.pkl:1;n07697313.pkl:2|class=445:n02837789.pkl:0;n02837789.pkl:1;n02837789.pkl:3|class=801:n04251144.pkl:8;n04251144.pkl:14;n04251144.pkl:16
swin,863,95,-,82,57,37,11,0.08500779006930441,0.12649824249995706,0.031742992583125254,0.07247514696650866,0.7261032313144802,0.07576752406250312,class=106:n01883070.pkl:0;n01883070.pkl:2;n01883070.pkl:3|class=101:n01871265.pkl:0;n01871265.pkl:18;n01871265.pkl:19|class=831:n04344873.pkl:1;n04344873.pkl:7;n04344873.pkl:8
swin,864,96,-,69,44,32,8,0.0781598318690537,0.1279580622539487,0.028780082121257343,0.06719015940191087,0.7149749105620016,0.09348385958091075,class=336:n02361337.pkl:0;n02361337.pkl:2;n02361337.pkl:9|class=19:n01592084.pkl:0;n01592084.pkl:5;n01592084.pkl:9|class=148:n02071294.pkl:8;n02071294.pkl:9;n02071294.pkl:11
swin,865,97,-,64,41,21,7,0.07242928450233183,0.13453465468346712,0.029871204245933553,0.08303015261800584,0.6340232242190643,0.1363469482700051,class=41:n01685808.pkl:1;n01685808.pkl:2;n01685808.pkl:4|class=626:n03666591.pkl:1;n03666591.pkl:4;n03666591.pkl:12|class=894:n04550184.pkl:0;n04550184.pkl:2;n04550184.pkl:15
swin,866,98,-,112,90,68,40,0.1703535858983958,0.21391705877866263,0.08195131738191884,0.15598005024017972,0.7811982315140462,0.04127365000086229,class=317:n02259212.pkl:0;n02259212.pkl:1;n02259212.pkl:2|class=403:n02687172.pkl:0;n02687172.pkl:1;n02687172.pkl:2|class=448:n02843684.pkl:0;n02843684.pkl:1;n02843684.pkl:2
swin,867,99,-,87,63,41,20,0.12500512335050587,0.20294587204420292,0.06273026274334083,0.13714921083378437,0.701229107982071,0.06643735295934095,class=661:n03777568.pkl:1;n03777568.pkl:2;n03777568.pkl:3|class=127:n02002556.pkl:0;n02002556.pkl:1;n02002556.pkl:2|class=615:n03623198.pkl:2;n03623198.pkl:4;n03623198.pkl:5
swin,868,100,-,65,52,35,15,0.1323411678136827,0.1879290773213685,0.05763082364363903,0.12416304756311185,0.7005425425965839,0.08679505685334965,class=372:n02486410.pkl:0;n02486410.pkl:2;n02486410.pkl:3|class=259:n02112018.pkl:0;n02112018.pkl:1;n02112018.pkl:2|class=340:n02391049.pkl:0;n02391049.pkl:3;n02391049.pkl:5
swin,869,101,-,67,55,31,15,0.11794634925041059,0.14557001061122166,0.040718451998507946,0.07057767769238255,0.7671503457213208,0.05976659185158861,class=833:n04347754.pkl:3;n04347754.pkl:6;n04347754.pkl:9|class=503:n03062245.pkl:0;n03062245.pkl:2;n03062245.pkl:3|class=929:n07615774.pkl:4;n07615774.pkl:9;n07615774.pkl:15
swin,870,102,-,95,62,39,13,0.06728100307307032,0.11353008019667402,0.0268850505010368,0.0702421155127194,0.7207987314538461,0.08238013342217276,class=138:n02018795.pkl:0;n02018795.pkl:1;n02018795.pkl:3|class=479:n02974003.pkl:4;n02974003.pkl:13;n02974003.pkl:14|class=659:n03775546.pkl:9;n03775546.pkl:16;n03775546.pkl:28
swin,871,103,-,145,120,84,57,0.2113898429622941,0.2513739054406432,0.10877179035229952,0.1828959717394939,0.7939236226203674,0.02639534452858542,class=232:n02106166.pkl:1;n02106166.pkl:2;n02106166.pkl:4|class=274:n02115913.pkl:0;n02115913.pkl:1;n02115913.pkl:3|class=984:n11879895.pkl:0;n11879895.pkl:5;n11879895.pkl:6
swin,872,104,-,63,38,23,10,0.08615154694283307,0.15065018566942678,0.03578601593614641,0.08160782690766,0.6786629299335959,0.09841908092073934,class=383:n02497673.pkl:7;n02497673.pkl:8;n02497673.pkl:9|class=226:n02105251.pkl:4;n02105251.pkl:18;n02105251.pkl:55|class=893:n04548362.pkl:0;n04548362.pkl:1;n04548362.pkl:19
swin,873,105,-,88,62,41,20,0.12885854011221368,0.21349811719425707,0.06354941138225836,0.15461990742830628,0.6769137585343767,0.07863420225549986,class=49:n01697457.pkl:1;n01697457.pkl:2;n01697457.pkl:4|class=407:n02701002.pkl:0;n02701002.pkl:1;n02701002.pkl:2|class=24:n01622779.pkl:1;n01622779.pkl:3;n01622779.pkl:5
swin,874,106,-,105,80,46,20,0.12381195618267686,0.20466364213414523,0.055543427043607346,0.14025701198327584,0.6868923466775999,0.07025258459860324,class=14:n01537544.pkl:0;n01537544.pkl:1;n01537544.pkl:2|class=291:n02129165.pkl:0;n02129165.pkl:1;n02129165.pkl:2|class=555:n03345487.pkl:0;n03345487.pkl:1;n03345487.pkl:5
swin,875,107,-,53,37,24,12,0.13810937416224114,0.21856390239510617,0.06516676880488151,0.15493561590761235,0.6409105007599187,0.12552122039383193,class=668:n03788195.pkl:0;n03788195.pkl:1;n03788195.pkl:2|class=977:n09421951.pkl:0;n09421951.pkl:2;n09421951.pkl:3|class=343:n02397096.pkl:0;n02397096.pkl:1;n02397096.pkl:2
swin,876,108,-,111,78,42,19,0.08876872588925723,0.15730478042772958,0.04355476168896598,0.11034502789166847,0.6929214038430614,0.06683342764918812,class=216:n02101556.pkl:0;n02101556.pkl:1;n02101556.pkl:4|class=570:n03424325.pkl:0;n03424325.pkl:2;n03424325.pkl:4|class=867:n04467665.pkl:2;n04467665.pkl:5;n04467665.pkl:6
swin,877,109,-,84,51,36,19,0.11679730886997941,0.1894379632636744,0.052854882867019594,0.11548542794860607,0.6978014711702086,0.06873832188964862,class=660:n03776460.pkl:1;n03776460.pkl:4;n03776460.pkl:8|class=153:n02085936.pkl:1;n02085936.pkl:2;n02085936.pkl:3|class=121:n01981276.pkl:1;n01981276.pkl:3;n01981276.pkl:8
swin,878,110,-,114,82,56,27,0.1319955825275949,0.18491795177713286,0.05440890113017505,0.10245720309985336,0.7662772785377635,0.03987764790869476,class=91:n01824575.pkl:0;n01824575.pkl:2;n01824575.pkl:3|class=579:n03452741.pkl:0;n03452741.pkl:2;n03452741.pkl:6|class=685:n03841143.pkl:3;n03841143.pkl:5;n03841143.pkl:6
swin,879,111,-,102,66,39,23,0.11596585256858505,0.20381368593175433,0.06302714765195687,0.15332833647565194,0.6854664864877716,0.06782547732608601,class=108:n01914609.pkl:1;n01914609.pkl:2;n01914609.pkl:3|class=10:n01530575.pkl:0;n01530575.pkl:1;n01530575.pkl:2|class=166:n02089867.pkl:0;n02089867.pkl:3;n02089867.pkl:5
swin,880,112,-,63,41,30,14,0.14733045578423246,0.2283380693356232,0.06896200393125071,0.15605715612480967,0.6615355192710575,0.09715739286706396,class=75:n01774384.pkl:0;n01774384.pkl:1;n01774384.pkl:2|class=352:n02422699.pkl:0;n02422699.pkl:1;n02422699.pkl:4|class=353:n02423022.pkl:2;n02423022.pkl:5;n02423022.pkl:6
swin,881,113,-,89,61,42,15,0.09581966429375371,0.13904951423223597,0.03644805867713379,0.08211494389436057,0.7322715662059014,0.0682662465285242,class=923:n07579787.pkl:3;n07579787.pkl:6;n07579787.pkl:11|class=394:n02640242.pkl:2;n02640242.pkl:5;n02640242.pkl:9|class=271:n02114712.pkl:9;n02114712.pkl:18;n02114712.pkl:29
swin,882,114,-,85,60,43,23,0.131379365376775,0.18489703523914644,0.060654621485346616,0.1335484879048293,0.7183621824323979,0.06879836437014249,class=936:n07714571.pkl:1;n07714571.pkl:2;n07714571.pkl:3|class=243:n02108422.pkl:1;n02108422.pkl:4;n02108422.pkl:5|class=996:n13052670.pkl:0;n13052670.pkl:1;n13052670.pkl:3
swin,883,115,-,55,32,16,7,0.07059296669443066,0.1333146203398189,0.02955932834541535,0.07144023923563489,0.6430327122748132,0.12438413415573224,class=952:n07753113.pkl:0;n07753113.pkl:3;n07753113.pkl:4|class=467:n02927161.pkl:1;n02927161.pkl:5;n02927161.pkl:6|class=847:n04389033.pkl:0;n04389033.pkl:1;n04389033.pkl:2
swin,884,116,-,108,87,61,38,0.1959013987471272,0.2541712709960137,0.1036997938860311,0.2032502895485569,0.751213658802018,0.04482917235003657,class=29:n01632777.pkl:0;n01632777.pkl:2;n01632777.pkl:3|class=321:n02276258.pkl:0;n02276258.pkl:1;n02276258.pkl:2|class=365:n02480495.pkl:0;n02480495.pkl:1;n02480495.pkl:2
swin,885,117,-,92,62,42,16,0.10963706996823619,0.19289893613870093,0.05776881483036136,0.16119822996747007,0.6450288955266178,0.0955037459609823,class=128:n02002724.pkl:0;n02002724.pkl:1;n02002724.pkl:2|class=318:n02264363.pkl:1;n02264363.pkl:2;n02264363.pkl:3|class=705:n03895866.pkl:1;n03895866.pkl:5;n03895866.pkl:6
swin,886,118,-,91,67,42,17,0.12046409045534509,0.15839245265148813,0.03726300818410421,0.06923691155270054,0.7677304281887067,0.04892733646615878,class=926:n07590611.pkl:0;n07590611.pkl:1;n07590611.pkl:2|class=996:n13052670.pkl:0;n13052670.pkl:1;n13052670.pkl:5|class=729:n03961711.pkl:3;n03961711.pkl:10;n03961711.pkl:11
swin,887,119,-,98,75,45,21,0.13343771190006842,0.20539282835569203,0.06800074083299609,0.1522939672208984,0.7092385461826963,0.06138546689241289,class=28:n01632458.pkl:0;n01632458.pkl:1;n01632458.pkl:2|class=992:n12998815.pkl:1;n12998815.pkl:2;n12998815.pkl:3|class=291:n02129165.pkl:0;n02129165.pkl:1;n02129165.pkl:2
swin,888,120,-,79,58,40,20,0.13896154513532563,0.1965726134805631,0.05584769770589846,0.10775754976262637,0.7422210831597301,0.05978392364940304,class=450:n02860847.pkl:1;n02860847.pkl:3;n02860847.pkl:5|class=31:n01644373.pkl:1;n01644373.pkl:6;n01644373.pkl:11|class=300:n02165105.pkl:0;n02165105.pkl:1;n02165105.pkl:3
swin,889,121,-,124,88,57,32,0.12750865980657639,0.188474993165492,0.058802871525658246,0.12245253887407131,0.7470559923646525,0.043036223344350595,class=901:n04579145.pkl:0;n04579145.pkl:2;n04579145.pkl:3|class=275:n02116738.pkl:2;n02116738.pkl:3;n02116738.pkl:4|class=577:n03447721.pkl:1;n03447721.pkl:2;n03447721.pkl:3
swin,890,122,-,124,90,63,33,0.1572452627897244,0.22956449457529107,0.0834320500823167,0.17266884494589224,0.7341922380720399,0.042605957185993804,class=48:n01695060.pkl:2;n01695060.pkl:4;n01695060.pkl:5|class=565:n03393912.pkl:0;n03393912.pkl:1;n03393912.pkl:2|class=349:n02415577.pkl:0;n02415577.pkl:1;n02415577.pkl:2
swin,891,123,-,134,100,75,42,0.1741446526888321,0.23252087176100428,0.0884376672916304,0.16951666997233547,0.7715831149432356,0.034881298759825055,class=986:n12057211.pkl:0;n12057211.pkl:1;n12057211.pkl:2|class=57:n01735189.pkl:0;n01735189.pkl:2;n01735189.pkl:3|class=685:n03841143.pkl:0;n03841143.pkl:1;n03841143.pkl:2
swin,892,124,-,78,55,27,11,0.09244483877206394,0.1774394683563528,0.04606334429300983,0.124501068908804,0.6400666360201392,0.10647759567086333,class=29:n01632777.pkl:1;n01632777.pkl:2;n01632777.pkl:3|class=82:n01797886.pkl:0;n01797886.pkl:14;n01797886.pkl:17|class=299:n02138441.pkl:3;n02138441.pkl:7;n02138441.pkl:9
swin,893,125,-,96,72,40,16,0.085391829487459,0.14446283571475754,0.03881488194574687,0.09191212689666377,0.719372943748369,0.06882540964090399,class=948:n07742313.pkl:3;n07742313.pkl:5;n07742313.pkl:6|class=458:n02892201.pkl:2;n02892201.pkl:4;n02892201.pkl:6|class=18:n01582220.pkl:0;n01582220.pkl:6;n01582220.pkl:15
swin,894,126,-,55,31,15,5,0.0539005548567423,0.10250632046711013,0.020205597543239216,0.050399811237581596,0.6371080204550281,0.13130503161907056,class=946:n07730033.pkl:0;n07730033.pkl:2;n07730033.pkl:6|class=649:n03743016.pkl:6;n03743016.pkl:15;n03743016.pkl:19|class=657:n03773504.pkl:1;n03773504.pkl:2;n03773504.pkl:10
swin,895,127,-,54,32,20,8,0.08743956957303937,0.1633170532506919,0.036453788499853354,0.0927751967241006,0.6197257990095251,0.1384642145508116,class=274:n02115913.pkl:3;n02115913.pkl:4;n02115913.pkl:5|class=135:n02013706.pkl:1;n02013706.pkl:2;n02013706.pkl:4|class=790:n04204238.pkl:0;n04204238.pkl:3;n04204238.pkl:4
swin,896,128,-,88,65,39,11,0.0870057488358894,0.1205620094526328,0.031699464855791,0.07391161472608405,0.7468721248169837,0.07314234802172098,class=286:n02125311.pkl:3;n02125311.pkl:4;n02125311.pkl:5|class=698:n03877845.pkl:0;n03877845.pkl:2;n03877845.pkl:5|class=455:n02877765.pkl:12;n02877765.pkl:22;n02877765.pkl:52
swin,897,129,-,90,61,44,22,0.14036244772603118,0.217750014684946,0.06929917912231355,0.140952282410331,0.7164946701498945,0.05707804492671411,class=284:n02123597.pkl:0;n02123597.pkl:1;n02123597.pkl:2|class=38:n01675722.pkl:0;n01675722.pkl:1;n01675722.pkl:2|class=993:n13037406.pkl:0;n13037406.pkl:1;n13037406.pkl:2
swin,898,130,-,76,54,36,15,0.11871643204515081,0.19591821270377957,0.0589159575347174,0.13774584993191277,0.6796658483919373,0.08508251422898766,class=166:n02089867.pkl:3;n02089867.pkl:5;n02089867.pkl:6|class=103:n01873310.pkl:1;n01873310.pkl:3;n01873310.pkl:5|class=167:n02089973.pkl:3;n02089973.pkl:4;n02089973.pkl:5
swin,899,131,-,45,30,15,8,0.09672149672461876,0.17365986991117605,0.04351584487465573,0.10700119624259605,0.6237969322086643,0.15658219661504144,class=204:n02098413.pkl:0;n02098413.pkl:2;n02098413.pkl:3|class=84:n01806143.pkl:0;n01806143.pkl:1;n01806143.pkl:4|class=354:n02437312.pkl:6;n02437312.pkl:7;n02437312.pkl:8
swin,900,132,-,80,54,37,22,0.1368005694489082,0.1984660130368107,0.05575380834458782,0.11651382271364902,0.7150652333783121,0.0670903451197763,class=351:n02422106.pkl:0;n02422106.pkl:2;n02422106.pkl:4|class=280:n02120505.pkl:1;n02120505.pkl:5;n02120505.pkl:6|class=932:n07695742.pkl:5;n07695742.pkl:6;n07695742.pkl:8
swin,901,133,-,72,42,24,8,0.08439962009686817,0.1672845698970015,0.039439583723542844,0.12494991448749057,0.5959254798006609,0.15329274439070836,class=298:n02137549.pkl:0;n02137549.pkl:1;n02137549.pkl:2|class=76:n01774750.pkl:2;n01774750.pkl:6;n01774750.pkl:13|class=253:n02110806.pkl:1;n02110806.pkl:4;n02110806.pkl:7
swin,902,134,-,72,54,36,16,0.1425410684952499,0.2156029222910799,0.07217119831582051,0.16423116411448188,0.6747195789155616,0.08580907681986942,class=3:n01491361.pkl:1;n01491361.pkl:4;n01491361.pkl:5|class=967:n07920052.pkl:2;n07920052.pkl:3;n07920052.pkl:4|class=983:n10565667.pkl:1;n10565667.pkl:6;n10565667.pkl:7
swin,903,135,-,85,56,40,19,0.1127084682985968,0.16579998107521218,0.048393936580596555,0.09129525841542299,0.7483401657608667,0.05363399784609758,class=0:n01440764.pkl:0;n01440764.pkl:1;n01440764.pkl:2|class=436:n02814533.pkl:2;n02814533.pkl:9;n02814533.pkl:16|class=410:n02727426.pkl:2;n02727426.pkl:4;n02727426.pkl:5
swin,904,136,-,91,57,34,18,0.09221347363344168,0.16302302864721063,0.04316962456326708,0.1069609479934734,0.6810202938851777,0.07844997626899623,class=276:n02117135.pkl:2;n02117135.pkl:3;n02117135.pkl:7|class=85:n01806567.pkl:1;n01806567.pkl:4;n01806567.pkl:6|class=110:n01924916.pkl:2;n01924916.pkl:8;n01924916.pkl:9
swin,905,137,-,55,41,33,16,0.17400504142409579,0.23726345027870147,0.07883282449962241,0.14840857126317553,0.7138125588187397,0.08261967751169695,class=739:n03992509.pkl:0;n03992509.pkl:1;n03992509.pkl:4|class=881:n04515003.pkl:1;n04515003.pkl:2;n04515003.pkl:3|class=897:n04554684.pkl:1;n04554684.pkl:2;n04554684.pkl:3
swin,906,138,-,84,62,38,22,0.14533262221444093,0.2261645733418398,0.07647035010722905,0.1709294498171714,0.6902218199689399,0.07138440396343015,class=157:n02086910.pkl:1;n02086910.pkl:2;n02086910.pkl:3|class=722:n03942813.pkl:0;n03942813.pkl:1;n03942813.pkl:2|class=550:n03297495.pkl:0;n03297495.pkl:1;n03297495.pkl:2
swin,907,139,-,72,50,28,10,0.08838510741216288,0.15510237087128387,0.040918339399830334,0.0983804952510838,0.6710625917500233,0.09417668040933501,class=605:n03584254.pkl:0;n03584254.pkl:2;n03584254.pkl:4|class=267:n02113799.pkl:1;n02113799.pkl:13;n02113799.pkl:17|class=114:n01945685.pkl:1;n01945685.pkl:3;n01945685.pkl:4
swin,908,140,-,98,61,42,20,0.12977616222933658,0.21233997826131804,0.06577346511021825,0.14771216991109173,0.6948333486935913,0.06166825910110906,class=10:n01530575.pkl:1;n01530575.pkl:4;n01530575.pkl:5|class=141:n02028035.pkl:0;n02028035.pkl:1;n02028035.pkl:3|class=21:n01608432.pkl:2;n01608432.pkl:3;n01608432.pkl:4
swin,909,141,-,105,83,59,37,0.17686089374454916,0.22796601234331673,0.09323766822142364,0.1639073197200444,0.7741497823958269,0.03895613589293716,class=72:n01773157.pkl:0;n01773157.pkl:2;n01773157.pkl:3|class=140:n02027492.pkl:0;n02027492.pkl:1;n02027492.pkl:2|class=41:n01685808.pkl:0;n01685808.pkl:2;n01685808.pkl:4
swin,910,142,-,46,32,21,7,0.09998934797150043,0.16377343321428028,0.04285812945657534,0.09792395825219716,0.6604295942477117,0.1352281028725676,class=66:n01753488.pkl:5;n01753488.pkl:7;n01753488.pkl:9|class=329:n02321529.pkl:6;n02321529.pkl:7;n02321529.pkl:8|class=627:n03670208.pkl:1;n03670208.pkl:14;n03670208.pkl:21
swin,911,143,-,104,63,40,14,0.07280491764292199,0.12917632714745106,0.031406737737148575,0.0778654898191467,0.7156580507172386,0.068718591320653,class=425:n02793495.pkl:0;n02793495.pkl:1;n02793495.pkl:4|class=869:n04479046.pkl:0;n04479046.pkl:3;n04479046.pkl:6|class=617:n03630383.pkl:0;n03630383.pkl:1;n03630383.pkl:3
swin,912,144,-,73,53,35,14,0.12602389616013207,0.1841999258797529,0.049689326147865066,0.10085667555091353,0.7186460379932575,0.07013514971403782,class=998:n13133613.pkl:0;n13133613.pkl:2;n13133613.pkl:4|class=110:n01924916.pkl:0;n01924916.pkl:3;n01924916.pkl:5|class=853:n04417672.pkl:5;n04417672.pkl:12;n04417672.pkl:14
swin,913,145,-,69,46,28,5,0.059338579634254644,0.0950570304545146,0.021688778339288874,0.05241799438920734,0.7052178237033466,0.09914559284635448,class=445:n02837789.pkl:7;n02837789.pkl:9;n02837789.pkl:15|class=205:n02099267.pkl:1;n02099267.pkl:3;n02099267.pkl:10|class=863:n04458633.pkl:0;n04458633.pkl:13;n04458633.pkl:17
swin,914,146,-,67,42,21,11,0.07853804239332574,0.14507936489779244,0.032132236447203456,0.07475782784746367,0.6801853596108698,0.0957151925365474,class=594:n03495258.pkl:1;n03495258.pkl:4;n03495258.pkl:5|class=248:n02109961.pkl:0;n02109961.pkl:6;n02109961.pkl:8|class=968:n07930864.pkl:5;n07930864.pkl:10;n07930864.pkl:27
swin,915,147,-,63,40,25,16,0.11304574563865909,0.18814102121856632,0.05758806510131553,0.13858783025880783,0.6543462772128529,0.107800350375118,class=107:n01910747.pkl:0;n01910747.pkl:1;n01910747.pkl:2|class=563:n03388183.pkl:1;n03388183.pkl:7;n03388183.pkl:8|class=141:n02028035.pkl:6;n02028035.pkl:9;n02028035.pkl:10
swin,916,148,-,87,66,42,19,0.12294001866911788,0.1916447531453786,0.060347787001335515,0.1427353115939079,0.7026116147220858,0.07579572334190984,class=820:n04310018.pkl:0;n04310018.pkl:2;n04310018.pkl:5|class=350:n02417914.pkl:0;n02417914.pkl:2;n02417914.pkl:3|class=653:n03764736.pkl:0;n03764736.pkl:2;n03764736.pkl:3
swin,917,149,-,85,62,41,20,0.14531981317827494,0.21487683758829335,0.07260020598615224,0.161224000299202,0.6967896373859104,0.06978297308508297,class=991:n12985857.pkl:0;n12985857.pkl:1;n12985857.pkl:2|class=64:n01749939.pkl:1;n01749939.pkl:2;n01749939.pkl:4|class=370:n02484975.pkl:1;n02484975.pkl:2;n02484975.pkl:3
swin,918,150,-,59,39,31,14,0.1308019662940925,0.18045479365361933,0.05224156062684429,0.10117198281369341,0.7271944554505807,0.08051681285656087,class=414:n02769748.pkl:3;n02769748.pkl:6;n02769748.pkl:7|class=342:n02396427.pkl:0;n02396427.pkl:2;n02396427.pkl:3|class=798:n04238763.pkl:2;n04238763.pkl:6;n04238763.pkl:9
swin,919,151,-,144,107,74,39,0.12395835650775171,0.18101573287980716,0.06303067691533808,0.13073548610065655,0.7623672326431054,0.03682031282492364,class=115:n01950731.pkl:0;n01950731.pkl:1;n01950731.pkl:2|class=878:n04505470.pkl:0;n04505470.pkl:3;n04505470.pkl:5|class=300:n02165105.pkl:3;n02165105.pkl:5;n02165105.pkl:6
swin,921,153,-,73,46,25,9,0.06472800845049582,0.09358008612674294,0.023986168271834498,0.04344973129632236,0.7587583553793319,0.05864861788742364,class=165:n02089078.pkl:0;n02089078.pkl:2;n02089078.pkl:7|class=577:n03447721.pkl:10;n03447721.pkl:18;n03447721.pkl:25|class=317:n02259212.pkl:4;n02259212.pkl:14;n02259212.pkl:15
swin,922,154,-,93,69,45,25,0.1757234468499922,0.23820581128040844,0.08171018689860517,0.17456040674353146,0.7085699105449381,0.059827216493664494,class=864:n04461696.pkl:1;n04461696.pkl:2;n04461696.pkl:3|class=493:n03016953.pkl:0;n03016953.pkl:1;n03016953.pkl:2|class=661:n03777568.pkl:1;n03777568.pkl:6;n03777568.pkl:9
swin,923,155,-,71,44,32,14,0.10141270573414178,0.15646140886493215,0.04109264871385542,0.08995340426367811,0.7193068181554412,0.08157593046947119,class=431:n02804414.pkl:1;n02804414.pkl:3;n02804414.pkl:5|class=612:n03599486.pkl:7;n03599486.pkl:10;n03599486.pkl:11|class=985:n11939491.pkl:13;n11939491.pkl:16;n11939491.pkl:17
swin,924,156,-,108,79,51,24,0.11723073447495393,0.17548385538221187,0.05135803887025925,0.09709568163818681,0.7577872204904084,0.04235401736510056,class=874:n04487081.pkl:0;n04487081.pkl:2;n04487081.pkl:4|class=93:n01829413.pkl:2;n01829413.pkl:3;n01829413.pkl:9|class=877:n04501370.pkl:1;n04501370.pkl:2;n04501370.pkl:9
swin,925,157,-,94,63,47,18,0.10942884982805179,0.15925535698777532,0.03932751719976617,0.07288699851043101,0.7706272362179313,0.0471791961842699,class=376:n02489166.pkl:0;n02489166.pkl:5;n02489166.pkl:6|class=514:n03124043.pkl:2;n03124043.pkl:13;n03124043.pkl:15|class=981:n09835506.pkl:2;n09835506.pkl:8;n09835506.pkl:10
swin,926,158,-,66,41,29,20,0.1310185409082154,0.19277226025077965,0.05448698472160183,0.11459205949869662,0.7169262227848877,0.082167678990928,class=45:n01692333.pkl:0;n01692333.pkl:1;n01692333.pkl:2|class=771:n04125021.pkl:0;n04125021.pkl:1;n04125021.pkl:4|class=38:n01675722.pkl:4;n01675722.pkl:6;n01675722.pkl:7
swin,927,159,-,71,40,23,13,0.10736821776050239,0.19855243543728263,0.05662476547458132,0.13353403085797108,0.6460634051848759,0.09241173129004808,class=938:n07715103.pkl:2;n07715103.pkl:3;n07715103.pkl:4|class=724:n03947888.pkl:0;n03947888.pkl:1;n03947888.pkl:2|class=157:n02086910.pkl:1;n02086910.pkl:2;n02086910.pkl:4
swin,928,160,-,100,72,52,28,0.15588735919553287,0.20450344825315367,0.06429281052956667,0.11666408385369609,0.7679341071417315,0.04292680013951325,class=298:n02137549.pkl:1;n02137549.pkl:2;n02137549.pkl:3|class=533:n03207743.pkl:0;n03207743.pkl:2;n03207743.pkl:4|class=115:n01950731.pkl:0;n01950731.pkl:2;n01950731.pkl:3
swin,929,161,-,77,54,40,20,0.1458350403190728,0.1910458592469917,0.060222883367006395,0.11417574395771106,0.7452174372724024,0.05966733950402639,class=740:n03995372.pkl:9;n03995372.pkl:12;n03995372.pkl:14|class=579:n03452741.pkl:2;n03452741.pkl:4;n03452741.pkl:5|class=784:n04154565.pkl:0;n04154565.pkl:6;n04154565.pkl:8
swin,930,162,-,107,77,59,35,0.17252960126206904,0.2349956613198024,0.08925227920130013,0.17247715214580553,0.7525043356816625,0.04424702473854058,class=83:n01798484.pkl:0;n01798484.pkl:1;n01798484.pkl:2|class=275:n02116738.pkl:0;n02116738.pkl:1;n02116738.pkl:2|class=453:n02870880.pkl:1;n02870880.pkl:2;n02870880.pkl:3
swin,931,163,-,73,51,33,18,0.15908150929270856,0.23500030094579571,0.08003429780209347,0.16075036958715105,0.6981388365704758,0.06896091309653397,class=40:n01682714.pkl:0;n01682714.pkl:1;n01682714.pkl:2|class=138:n02018795.pkl:0;n02018795.pkl:1;n02018795.pkl:3|class=855:n04423845.pkl:5;n04423845.pkl:6;n04423845.pkl:7
swin,932,164,-,28,11,8,3,0.07428238165329103,0.17652385646757995,0.039239301885296875,0.14275846961237731,0.3758544010055551,0.5084334308500722,class=84:n01806143.pkl:0;n01806143.pkl:1;n01806143.pkl:3|class=909:n04596742.pkl:6;n04596742.pkl:11;n04596742.pkl:14|class=209:n02099849.pkl:6;n02099849.pkl:28;n02099849.pkl:91
swin,933,165,-,96,74,41,17,0.1004417741928091,0.13059047359390613,0.02979362148552625,0.047693981760226774,0.801693812999601,0.03711040122957988,class=177:n02092002.pkl:0;n02092002.pkl:4;n02092002.pkl:6|class=35:n01667114.pkl:5;n01667114.pkl:7;n01667114.pkl:11|class=483:n02980441.pkl:0;n02980441.pkl:12;n02980441.pkl:32
swin,934,166,-,81,57,30,15,0.08530676788455098,0.13062970617815328,0.03363584014272733,0.0675346987983289,0.732200488040154,0.06211530259265931,class=304:n02169497.pkl:2;n02169497.pkl:8;n02169497.pkl:9|class=282:n02123159.pkl:2;n02123159.pkl:12;n02123159.pkl:14|class=436:n02814533.pkl:4;n02814533.pkl:10;n02814533.pkl:11
swin,935,167,-,94,65,49,35,0.20576777831601184,0.25385023233906734,0.09310489212781563,0.15318380086269123,0.7727816703660483,0.03943566786592877,class=432:n02804610.pkl:1;n02804610.pkl:3;n02804610.pkl:4|class=429:n02799071.pkl:0;n02799071.pkl:2;n02799071.pkl:4|class=283:n02123394.pkl:2;n02123394.pkl:6;n02123394.pkl:7
swin,936,168,-,87,54,40,19,0.12216024727904198,0.19519750551581241,0.05740410807147332,0.13376650496315196,0.6980714561761151,0.07390933706080645,class=734:n03977966.pkl:1;n03977966.pkl:2;n03977966.pkl:4|class=146:n02058221.pkl:2;n02058221.pkl:4;n02058221.pkl:5|class=609:n03594945.pkl:2;n03594945.pkl:4;n03594945.pkl:5
swin,937,169,-,85,67,39,15,0.11884789604716413,0.1769334062390945,0.05002547009440003,0.11557600675487896,0.7060976225554491,0.07456101053339555,class=964:n07875152.pkl:0;n07875152.pkl:2;n07875152.pkl:5|class=50:n01698640.pkl:0;n01698640.pkl:1;n01698640.pkl:2|class=408:n02704792.pkl:8;n02704792.pkl:22;n02704792.pkl:24
swin,938,170,-,78,53,33,16,0.11805185516013406,0.18710264285695927,0.05234982888327787,0.11428839371531929,0.6925444769273723,0.07392584681429296,class=924:n07583066.pkl:0;n07583066.pkl:1;n07583066.pkl:8|class=797:n04235860.pkl:0;n04235860.pkl:1;n04235860.pkl:3|class=894:n04550184.pkl:1;n04550184.pkl:9;n04550184.pkl:10
swin,939,171,-,56,33,28,14,0.12708736438006274,0.17735231314785607,0.05184091253447257,0.10192786417034229,0.7126344593806619,0.08688947501272534,class=888:n04532670.pkl:0;n04532670.pkl:1;n04532670.pkl:5|class=627:n03670208.pkl:2;n03670208.pkl:4;n03670208.pkl:5|class=361:n02445715.pkl:0;n02445715.pkl:2;n02445715.pkl:3
swin,940,172,-,102,73,42,25,0.11249564327673459,0.17909463567114967,0.05135972022085923,0.1318761497281817,0.7004833863008258,0.07444179317641827,class=219:n02102318.pkl:0;n02102318.pkl:1;n02102318.pkl:3|class=950:n07747607.pkl:0;n07747607.pkl:1;n07747607.pkl:2|class=970:n09193705.pkl:1;n09193705.pkl:2;n09193705.pkl:3
swin,941,173,-,105,86,60,35,0.18859995721227418,0.2424033355341867,0.09588854439112252,0.18462787216813023,0.7535422051798669,0.04483170058233075,class=339:n02389026.pkl:0;n02389026.pkl:1;n02389026.pkl:2|class=135:n02013706.pkl:0;n02013706.pkl:1;n02013706.pkl:2|class=76:n01774750.pkl:0;n01774750.pkl:2;n01774750.pkl:4
swin,942,174,-,79,49,30,8,0.08446339388602077,0.14888162490191434,0.029556333088908617,0.077094226226403,0.6724785325638944,0.09878050649952895,class=139:n02025239.pkl:1;n02025239.pkl:2;n02025239.pkl:4|class=642:n03721384.pkl:0;n03721384.pkl:1;n03721384.pkl:2|class=356:n02441942.pkl:5;n02441942.pkl:37;n02441942.pkl:40
swin,943,175,-,97,58,39,13,0.06718241539433983,0.11911128295851073,0.028384721375074095,0.07441479947189467,0.7145650855314751,0.08116544061421,class=280:n02120505.pkl:0;n02120505.pkl:1;n02120505.pkl:2|class=225:n02105162.pkl:3;n02105162.pkl:4;n02105162.pkl:9|class=645:n03733131.pkl:0;n03733131.pkl:4;n03733131.pkl:10
swin,944,176,-,103,67,48,20,0.11469552860714727,0.18658615152719568,0.051684812376598555,0.12550411892022456,0.7006407140177281,0.06695575274284887,class=800:n04243546.pkl:1;n04243546.pkl:2;n04243546.pkl:3|class=48:n01695060.pkl:1;n01695060.pkl:5;n01695060.pkl:7|class=682:n03837869.pkl:4;n03837869.pkl:5;n03837869.pkl:9
swin,945,177,-,112,85,61,28,0.10542290446157887,0.13747621805272384,0.044215153396866345,0.07981560070335582,0.7964092073034319,0.03802336487295767,class=759:n04069434.pkl:1;n04069434.pkl:3;n04069434.pkl:8|class=639:n03710721.pkl:0;n03710721.pkl:15;n03710721.pkl:18|class=519:n03127925.pkl:11;n03127925.pkl:14;n03127925.pkl:32
swin,946,178,-,109,75,48,25,0.117243300272437,0.17405066543170522,0.04976763578795813,0.11047952861219354,0.7372931473742292,0.05438520719304451,class=152:n02085782.pkl:3;n02085782.pkl:5;n02085782.pkl:6|class=322:n02277742.pkl:0;n02277742.pkl:2;n02277742.pkl:7|class=32:n01644900.pkl:2;n01644900.pkl:11;n01644900.pkl:14
swin,947,179,-,71,39,26,12,0.0833972606436402,0.13724963395204562,0.03321194351623575,0.0754614608873105,0.6850946422870323,0.08679607120400996,class=874:n04487081.pkl:1;n04487081.pkl:5;n04487081.pkl:9|class=426:n02794156.pkl:1;n02794156.pkl:3;n02794156.pkl:4|class=640:n03717622.pkl:6;n03717622.pkl:8;n03717622.pkl:26
swin,948,180,-,87,58,34,13,0.09351017066906411,0.15161262973428083,0.03209297814686995,0.07102594416569537,0.7209509133241135,0.0677924824670863,class=26:n01630670.pkl:0;n01630670.pkl:1;n01630670.pkl:7|class=357:n02442845.pkl:0;n02442845.pkl:3;n02442845.pkl:5|class=296:n02134084.pkl:2;n02134084.pkl:4;n02134084.pkl:6
swin,949,181,-,96,65,43,24,0.13568015539966216,0.19890852859636757,0.0653765984393489,0.13582743058808067,0.7243805441004416,0.05538006179984615,class=947:n07734744.pkl:1;n07734744.pkl:3;n07734744.pkl:6|class=806:n04254777.pkl:0;n04254777.pkl:7;n04254777.pkl:9|class=329:n02321529.pkl:0;n02321529.pkl:1;n02321529.pkl:2
swin,950,182,-,99,72,48,29,0.16436125646941405,0.23468617235958933,0.08195465461005977,0.1736003254039326,0.719620362761935,0.055424007779855074,class=820:n04310018.pkl:0;n04310018.pkl:1;n04310018.pkl:2|class=944:n07718747.pkl:2;n07718747.pkl:4;n07718747.pkl:6|class=946:n07730033.pkl:0;n07730033.pkl:1;n07730033.pkl:2
swin,951,183,-,80,50,29,11,0.07759942059789955,0.12963045653900812,0.030653761609716744,0.07349141214697487,0.7055186181113157,0.08434815937142878,class=978:n09428293.pkl:9;n09428293.pkl:14;n09428293.pkl:15|class=881:n04515003.pkl:3;n04515003.pkl:4;n04515003.pkl:6|class=536:n03216828.pkl:9;n03216828.pkl:12;n03216828.pkl:17
swin,952,184,-,47,29,17,7,0.08090532017266937,0.1260250910007884,0.02689683044141236,0.056024350766021996,0.7053765448340575,0.11358762570026754,class=396:n02643566.pkl:0;n02643566.pkl:2;n02643566.pkl:6|class=916:n06359193.pkl:2;n06359193.pkl:5;n06359193.pkl:10|class=741:n03998194.pkl:8;n03998194.pkl:22;n03998194.pkl:34
swin,953,185,-,75,55,41,20,0.11455054601527344,0.1306423825022047,0.037771547284245324,0.05197639983473645,0.8208627714659754,0.038581018986391505,class=15:n01558993.pkl:0;n01558993.pkl:2;n01558993.pkl:6|class=453:n02870880.pkl:1;n02870880.pkl:4;n02870880.pkl:16|class=122:n01983481.pkl:3;n01983481.pkl:4;n01983481.pkl:7
swin,955,187,-,85,43,24,9,0.04753912820296977,0.08685111336389953,0.02072067111437398,0.044130713506923415,0.7177887809747392,0.06512956136517202,class=53:n01728920.pkl:8;n01728920.pkl:9;n01728920.pkl:13|class=917:n06596364.pkl:3;n06596364.pkl:9;n06596364.pkl:14|class=936:n07714571.pkl:1;n07714571.pkl:5;n07714571.pkl:7
swin,956,188,-,228,186,147,91,0.20540914465655555,0.2508089694367833,0.12330617325907246,0.20220305276941128,0.8197767266449971,0.016180231213619854,class=436:n02814533.pkl:0;n02814533.pkl:1;n02814533.pkl:2|class=679:n03814906.pkl:0;n03814906.pkl:1;n03814906.pkl:2|class=645:n03733131.pkl:0;n03733131.pkl:1;n03733131.pkl:2
swin,957,189,-,71,52,32,14,0.11004651665469305,0.15334015999533626,0.04156027653788015,0.08131542833099414,0.7418824106125148,0.06800212560317938,class=139:n02025239.pkl:1;n02025239.pkl:2;n02025239.pkl:5|class=282:n02123159.pkl:13;n02123159.pkl:14;n02123159.pkl:17|class=113:n01944390.pkl:0;n01944390.pkl:16;n01944390.pkl:21
swin,958,190,-,109,74,49,28,0.12439341488389513,0.18344418143000146,0.056416054139084654,0.12563694552028712,0.7323028487327088,0.054673413997864614,class=311:n02226429.pkl:1;n02226429.pkl:2;n02226429.pkl:4|class=781:n04149813.pkl:0;n04149813.pkl:4;n04149813.pkl:6|class=920:n06874185.pkl:0;n06874185.pkl:1;n06874185.pkl:2
swin,959,191,-,63,42,29,13,0.11182934733727169,0.16963191931648755,0.046733305875919985,0.11206104533555494,0.6893839707816553,0.10714043754689867,class=329:n02321529.pkl:0;n02321529.pkl:1;n02321529.pkl:2|class=371:n02486261.pkl:16;n02486261.pkl:17;n02486261.pkl:18|class=122:n01983481.pkl:3;n01983481.pkl:10;n01983481.pkl:16
swin,960,192,-,89,64,42,20,0.13587184948573727,0.20047484858084905,0.061362801834913897,0.14132115191549324,0.7010492392287163,0.07083152371146004,class=56:n01734418.pkl:0;n01734418.pkl:1;n01734418.pkl:2|class=590:n03485407.pkl:0;n03485407.pkl:1;n03485407.pkl:2|class=548:n03290653.pkl:1;n03290653.pkl:2;n03290653.pkl:4
swin,961,193,-,82,50,25,13,0.08746183362690751,0.16594763495325857,0.039721679228005354,0.12207168972547675,0.6231346231173973,0.12737082184428689,class=84:n01806143.pkl:0;n01806143.pkl:1;n01806143.pkl:2|class=512:n03109150.pkl:0;n03109150.pkl:1;n03109150.pkl:4|class=288:n02128385.pkl:0;n02128385.pkl:6;n02128385.pkl:7
swin,962,194,-,82,56,31,15,0.08161389528923055,0.12867018519954412,0.03205921718832362,0.07327007616023432,0.7237413143692011,0.07589426740707059,class=152:n02085782.pkl:4;n02085782.pkl:5;n02085782.pkl:6|class=703:n03891251.pkl:2;n03891251.pkl:24;n03891251.pkl:26|class=455:n02877765.pkl:16;n02877765.pkl:23;n02877765.pkl:33
swin,963,195,-,79,52,33,9,0.06993215817889713,0.1298239306348175,0.03042237060386163,0.08122314036590465,0.6829520360843903,0.10288727209779809,class=437:n02814860.pkl:0;n02814860.pkl:1;n02814860.pkl:3|class=378:n02492035.pkl:1;n02492035.pkl:2;n02492035.pkl:7|class=941:n07717410.pkl:7;n07717410.pkl:8;n07717410.pkl:15
swin,964,196,-,98,67,47,21,0.1211882838629651,0.1784893171998681,0.05211424368674189,0.1063247391903052,0.7392574118912374,0.05267872075558746,class=145:n02056570.pkl:0;n02056570.pkl:1;n02056570.pkl:2|class=374:n02488291.pkl:1;n02488291.pkl:2;n02488291.pkl:5|class=101:n01871265.pkl:0;n01871265.pkl:7;n01871265.pkl:9
swin,965,197,-,65,45,32,18,0.13972970171109692,0.1973782640453696,0.06325350650923331,0.1308605367566181,0.7031950131820264,0.08123143842159151,class=373:n02487347.pkl:0;n02487347.pkl:1;n02487347.pkl:2|class=12:n01532829.pkl:0;n01532829.pkl:1;n01532829.pkl:2|class=53:n01728920.pkl:0;n01728920.pkl:4;n01728920.pkl:7
swin,966,198,-,81,51,33,16,0.09487139461235485,0.18233816427483543,0.05024565749598291,0.14641192690415492,0.6296103876150754,0.11717211649692943,class=925:n07584110.pkl:1;n07584110.pkl:4;n07584110.pkl:5|class=994:n13040303.pkl:0;n13040303.pkl:1;n13040303.pkl:2|class=422:n02790996.pkl:4;n02790996.pkl:5;n02790996.pkl:7
swin,967,199,-,60,35,21,9,0.1429524838984695,0.26612189200930514,0.08736563695498029,0.2108918969692941,0.5966042937288235,0.11378187386909862,class=92:n01828970.pkl:1;n01828970.pkl:2;n01828970.pkl:3|class=607:n03590841.pkl:0;n03590841.pkl:1;n03590841.pkl:2|class=247:n02109525.pkl:1;n02109525.pkl:2;n02109525.pkl:3
swin,968,200,-,60,37,25,11,0.09641158348417339,0.16100596105966536,0.03962706761002723,0.10020062036214293,0.6600547396156964,0.12322948512760541,class=486:n02992211.pkl:1;n02992211.pkl:2;n02992211.pkl:3|class=588:n03482405.pkl:2;n03482405.pkl:6;n03482405.pkl:9|class=8:n01514859.pkl:1;n01514859.pkl:6;n01514859.pkl:14
swin,969,201,-,74,40,25,12,0.06791222998452513,0.12194296919834458,0.030447112770669228,0.07841112786646347,0.6783688531564644,0.10313898437268049,class=437:n02814860.pkl:0;n02814860.pkl:1;n02814860.pkl:2|class=900:n04562935.pkl:1;n04562935.pkl:2;n04562935.pkl:4|class=67:n01755581.pkl:3;n01755581.pkl:5;n01755581.pkl:18
swin,970,202,-,54,36,17,7,0.06614065626840678,0.1124348634884517,0.024898084285232172,0.05738498821166046,0.6645239340216466,0.11689039779279883,class=997:n13054560.pkl:1;n13054560.pkl:2;n13054560.pkl:3|class=200:n02097474.pkl:2;n02097474.pkl:17;n02097474.pkl:30|class=735:n03980874.pkl:3;n03980874.pkl:6;n03980874.pkl:9
swin,971,203,-,70,46,32,15,0.11346030635016986,0.14511366619223603,0.03547156013858748,0.05753106557713247,0.7748527609325313,0.05186480048167462,class=267:n02113799.pkl:1;n02113799.pkl:3;n02113799.pkl:5|class=327:n02317335.pkl:0;n02317335.pkl:14;n02317335.pkl:20|class=839:n04366367.pkl:1;n04366367.pkl:3;n04366367.pkl:9
swin,972,204,-,66,36,21,7,0.06327287786541161,0.09857500945696723,0.019167149965205,0.034451848611942,0.7543999941937015,0.06410301953935552,class=782:n04152593.pkl:1;n04152593.pkl:23;n04152593.pkl:30|class=810:n04264628.pkl:38;n04264628.pkl:73;n04264628.pkl:85|class=664:n03782006.pkl:22;n03782006.pkl:83;n03782006.pkl:105
swin,973,205,-,71,36,27,7,0.06975701892309932,0.127262829903486,0.03014997300142104,0.08307416327135533,0.6413179325597461,0.12101455154902938,class=210:n02100236.pkl:0;n02100236.pkl:2;n02100236.pkl:3|class=980:n09472597.pkl:3;n09472597.pkl:8;n09472597.pkl:11|class=293:n02130308.pkl:0;n02130308.pkl:10;n02130308.pkl:14
swin,974,206,-,88,69,49,24,0.13938542053968153,0.191656212387156,0.06776835828333426,0.1413115743858307,0.73575814106614,0.06077409308134649,class=325:n02281406.pkl:0;n02281406.pkl:1;n02281406.pkl:3|class=397:n02655020.pkl:0;n02655020.pkl:2;n02655020.pkl:3|class=719:n03935335.pkl:3;n03935335.pkl:4;n03935335.pkl:5
swin,975,207,-,86,61,38,23,0.1282301842113468,0.18480086955013475,0.050243160907284166,0.11310566915207311,0.7210852459678401,0.07055518595920654,class=124:n01985128.pkl:0;n01985128.pkl:1;n01985128.pkl:2|class=134:n02012849.pkl:0;n02012849.pkl:1;n02012849.pkl:2|class=368:n02483362.pkl:0;n02483362.pkl:4;n02483362.pkl:5
swin,976,208,-,111,84,55,27,0.12635828657214024,0.18211903570506305,0.05892947587479203,0.11902111057887352,0.7490013442589656,0.04575922204394169,class=348:n02412080.pkl:0;n02412080.pkl:3;n02412080.pkl:4|class=131:n02009229.pkl:2;n02009229.pkl:3;n02009229.pkl:7|class=648:n03742115.pkl:0;n03742115.pkl:13;n03742115.pkl:20
swin,977,209,-,90,63,47,29,0.18602650398896772,0.2589309159047545,0.10124397468491314,0.19875077817037284,0.726973178609607,0.05393013796602997,class=429:n02799071.pkl:0;n02799071.pkl:1;n02799071.pkl:2|class=895:n04552348.pkl:0;n04552348.pkl:1;n04552348.pkl:2|class=57:n01735189.pkl:0;n01735189.pkl:1;n01735189.pkl:2
swin,978,210,-,90,64,33,20,0.11790551789763598,0.19114888165693558,0.05301557984613629,0.12511043984845485,0.6886336020609959,0.07298929530317032,class=533:n03207743.pkl:1;n03207743.pkl:3;n03207743.pkl:5|class=2:n01484850.pkl:0;n01484850.pkl:1;n01484850.pkl:2|class=990:n12768682.pkl:3;n12768682.pkl:8;n12768682.pkl:12
swin,979,211,-,71,46,28,17,0.11632423315375139,0.1748915722539382,0.04356746038625672,0.08189733278793965,0.719547854685341,0.06385325065126053,class=602:n03535780.pkl:5;n03535780.pkl:7;n03535780.pkl:8|class=453:n02870880.pkl:1;n02870880.pkl:7;n02870880.pkl:11|class=546:n03272010.pkl:7;n03272010.pkl:10;n03272010.pkl:15
swin,980,212,-,106,85,65,41,0.1998993039997858,0.23980267649022677,0.09783236887186107,0.1673858425089326,0.7853832201667378,0.03705032261637754,class=275:n02116738.pkl:0;n02116738.pkl:1;n02116738.pkl:2|class=595:n03496892.pkl:0;n03496892.pkl:2;n03496892.pkl:4|class=306:n02174001.pkl:0;n02174001.pkl:3;n02174001.pkl:5
swin,981,213,-,99,59,40,12,0.07193305212792249,0.10272998261060831,0.022503209137911435,0.04295076388500109,0.76915077895471,0.04689845613459125,class=343:n02397096.pkl:3;n02397096.pkl:5;n02397096.pkl:6|class=549:n03291819.pkl:0;n03291819.pkl:4;n03291819.pkl:7|class=309:n02206856.pkl:2;n02206856.pkl:7;n02206856.pkl:22
swin,982,214,-,62,38,25,5,0.05706557911585724,0.08148726346286365,0.017779228933240444,0.03309868398654837,0.7755939059689082,0.07202801686670829,class=103:n01873310.pkl:4;n01873310.pkl:9;n01873310.pkl:14|class=340:n02391049.pkl:7;n02391049.pkl:23;n02391049.pkl:26|class=905:n04590129.pkl:9;n04590129.pkl:14;n04590129.pkl:48
swin,983,215,-,97,56,31,14,0.060850677490669504,0.09847657164377127,0.02450212135527408,0.05086610646471987,0.7421290459731125,0.0547394390995013,class=384:n02500267.pkl:3;n02500267.pkl:6;n02500267.pkl:8|class=885:n04525038.pkl:12;n04525038.pkl:15;n04525038.pkl:18|class=63:n01748264.pkl:4;n01748264.pkl:16;n01748264.pkl:30
swin,984,216,-,59,36,21,12,0.11082874982076735,0.1823617384749497,0.04731380682757557,0.11610085807003452,0.6400149600223808,0.11900621472105928,class=89:n01819313.pkl:0;n01819313.pkl:1;n01819313.pkl:2|class=930:n07684084.pkl:4;n07684084.pkl:6;n07684084.pkl:12|class=119:n01978455.pkl:1;n01978455.pkl:6;n01978455.pkl:7
swin,985,217,-,84,57,32,16,0.1051234749581817,0.17994121850853356,0.04930675394224461,0.12897447030564788,0.6668331864594218,0.09335932066640538,class=142:n02033041.pkl:0;n02033041.pkl:1;n02033041.pkl:2|class=137:n02018207.pkl:1;n02018207.pkl:3;n02018207.pkl:6|class=83:n01798484.pkl:3;n01798484.pkl:5;n01798484.pkl:7
swin,986,218,-,74,53,28,15,0.1074440539970973,0.17060966727094548,0.0434124038135759,0.1014371006010913,0.6903591327470389,0.08729276867184829,class=1:n01443537.pkl:0;n01443537.pkl:2;n01443537.pkl:4|class=910:n04597913.pkl:1;n04597913.pkl:5;n04597913.pkl:6|class=157:n02086910.pkl:1;n02086910.pkl:5;n02086910.pkl:14
swin,987,219,-,77,58,39,19,0.17691301741203366,0.25901955222318346,0.09825462105788996,0.20276254844732777,0.6965919934374225,0.06829384553618656,class=607:n03590841.pkl:0;n03590841.pkl:1;n03590841.pkl:2|class=129:n02006656.pkl:1;n02006656.pkl:3;n02006656.pkl:5|class=100:n01860187.pkl:0;n01860187.pkl:2;n01860187.pkl:3
swin,988,220,-,53,36,21,9,0.10977747152323769,0.17571875814483484,0.04909286965964869,0.1046293153298524,0.6598774975215754,0.10457053671849838,class=490:n03000247.pkl:2;n03000247.pkl:3;n03000247.pkl:4|class=346:n02408429.pkl:1;n02408429.pkl:2;n02408429.pkl:3|class=140:n02027492.pkl:0;n02027492.pkl:1;n02027492.pkl:10
swin,989,221,-,107,80,51,23,0.12839493693036852,0.18982895775047107,0.05785338106670485,0.137776781398804,0.7150894888207138,0.06235005762964525,class=396:n02643566.pkl:0;n02643566.pkl:1;n02643566.pkl:2|class=832:n04346328.pkl:0;n04346328.pkl:2;n04346328.pkl:3|class=479:n02974003.pkl:2;n02974003.pkl:5;n02974003.pkl:9
swin,990,222,-,54,34,25,12,0.12363210451037057,0.16977469240290383,0.0494895295602123,0.09736285724311938,0.7016764096861917,0.09019327233049712,class=993:n13037406.pkl:0;n13037406.pkl:2;n13037406.pkl:3|class=469:n02939185.pkl:2;n02939185.pkl:6;n02939185.pkl:7|class=130:n02007558.pkl:1;n02007558.pkl:2;n02007558.pkl:6
swin,991,223,-,77,54,30,20,0.15377905906088066,0.22892543780336574,0.0677047253715706,0.14684146302921341,0.6959828755462665,0.07407681518529233,class=944:n07718747.pkl:0;n07718747.pkl:2;n07718747.pkl:3|class=843:n04371774.pkl:4;n04371774.pkl:5;n04371774.pkl:6|class=28:n01632458.pkl:3;n01632458.pkl:5;n01632458.pkl:9
swin,992,224,-,95,63,45,19,0.1103381341324379,0.18120676657313106,0.05077043396675095,0.12112375883899186,0.7018540112879031,0.07043824758679214,class=16:n01560419.pkl:0;n01560419.pkl:1;n01560419.pkl:2|class=955:n07754684.pkl:0;n07754684.pkl:1;n07754684.pkl:2|class=959:n07831146.pkl:3;n07831146.pkl:7;n07831146.pkl:8
swin,993,225,-,88,66,48,26,0.14785216167434295,0.21495433476243916,0.0701564266420684,0.1488151005901961,0.7280759191706874,0.06249370919383258,class=565:n03393912.pkl:0;n03393912.pkl:1;n03393912.pkl:3|class=994:n13040303.pkl:3;n13040303.pkl:4;n13040303.pkl:5|class=993:n13037406.pkl:0;n13037406.pkl:1;n13037406.pkl:4
swin,994,226,-,121,83,52,32,0.11718852888982693,0.1735111169229573,0.05242054420541518,0.10877610954491734,0.7538567844565794,0.043850417622389656,class=656:n03770679.pkl:0;n03770679.pkl:1;n03770679.pkl:3|class=333:n02342885.pkl:3;n02342885.pkl:4;n02342885.pkl:7|class=13:n01534433.pkl:1;n01534433.pkl:2;n01534433.pkl:6
swin,995,227,-,55,40,26,12,0.11570304814442009,0.17937288535771848,0.04834693308317168,0.10556097618788664,0.6788663999188449,0.10485929228207017,class=149:n02074367.pkl:1;n02074367.pkl:3;n02074367.pkl:4|class=924:n07583066.pkl:2;n07583066.pkl:4;n07583066.pkl:10|class=925:n07584110.pkl:1;n07584110.pkl:6;n07584110.pkl:9
swin,996,228,-,64,39,22,11,0.08560861873803062,0.14573016040427092,0.028779325976868903,0.06228691706126113,0.6879900890954044,0.08881512023491299,class=729:n03961711.pkl:2;n03961711.pkl:13;n03961711.pkl:23|class=236:n02107142.pkl:1;n02107142.pkl:12;n02107142.pkl:18|class=45:n01692333.pkl:10;n01692333.pkl:12;n01692333.pkl:16
swin,997,229,-,77,61,44,22,0.19571569338804323,0.25761417000752135,0.09744255174314552,0.18983023207104055,0.7192981565505119,0.062275187720311535,class=304:n02169497.pkl:2;n02169497.pkl:4;n02169497.pkl:6|class=878:n04505470.pkl:0;n04505470.pkl:1;n04505470.pkl:2|class=995:n13044778.pkl:3;n13044778.pkl:4;n13044778.pkl:5
swin,998,230,-,55,38,26,9,0.07980804342959023,0.0957293760693169,0.02197550542965054,0.032966933244959,0.7907031399628479,0.05910003157510967,class=876:n04493381.pkl:15;n04493381.pkl:21;n04493381.pkl:25|class=686:n03843555.pkl:6;n03843555.pkl:15;n03843555.pkl:24|class=810:n04264628.pkl:8;n04264628.pkl:32;n04264628.pkl:65
swin,999,231,-,78,44,19,4,0.04949994221896744,0.11575041177551398,0.019383740452632046,0.06117838299257686,0.6173020190105277,0.14053089755697235,class=362:n02447366.pkl:1;n02447366.pkl:8;n02447366.pkl:9|class=640:n03717622.pkl:2;n03717622.pkl:9;n03717622.pkl:11|class=795:n04228054.pkl:4;n04228054.pkl:6;n04228054.pkl:14
swin,1000,232,-,81,54,33,13,0.10547299821890196,0.18712373190856044,0.04805489866000881,0.12486148124284702,0.6475437362554247,0.0956939538368454,class=416:n02777292.pkl:0;n02777292.pkl:2;n02777292.pkl:3|class=888:n04532670.pkl:0;n04532670.pkl:2;n04532670.pkl:5|class=95:n01843065.pkl:1;n01843065.pkl:4;n01843065.pkl:5
swin,1001,233,-,95,71,53,25,0.1438667896054737,0.18075367737587586,0.059984243720426635,0.11913293507596831,0.7655049304554281,0.05204711483152349,class=990:n12768682.pkl:0;n12768682.pkl:1;n12768682.pkl:3|class=286:n02125311.pkl:2;n02125311.pkl:4;n02125311.pkl:5|class=863:n04458633.pkl:0;n04458633.pkl:3;n04458633.pkl:5
swin,1002,234,-,70,42,24,8,0.06766391584047392,0.12091063041843648,0.021012603342380847,0.04617241251489045,0.7278107462027816,0.08326320151042932,class=893:n04548362.pkl:0;n04548362.pkl:2;n04548362.pkl:8|class=762:n04081281.pkl:5;n04081281.pkl:11;n04081281.pkl:14|class=228:n02105505.pkl:8;n02105505.pkl:27;n02105505.pkl:40
swin,1003,235,-,93,69,44,14,0.09825291735319373,0.14999152537689675,0.03903603596096015,0.08778887612780874,0.7274166218679008,0.065135869695162,class=763:n04086273.pkl:1;n04086273.pkl:4;n04086273.pkl:5|class=191:n02096051.pkl:0;n02096051.pkl:3;n02096051.pkl:4|class=81:n01796340.pkl:0;n01796340.pkl:1;n01796340.pkl:2
swin,1004,236,-,74,44,30,15,0.0894210080476143,0.12125115994964636,0.02821359179105992,0.051309637811941554,0.7645187170402465,0.05820753376442311,class=279:n02120079.pkl:2;n02120079.pkl:3;n02120079.pkl:4|class=626:n03666591.pkl:11;n03666591.pkl:12;n03666591.pkl:44|class=118:n01978287.pkl:17;n01978287.pkl:18;n01978287.pkl:25
swin,1005,237,-,88,60,37,16,0.10998813583381181,0.17992196894087248,0.053695772132325986,0.13270493150380444,0.681841236861838,0.08077191416353041,class=640:n03717622.pkl:0;n03717622.pkl:1;n03717622.pkl:2|class=647:n03733805.pkl:0;n03733805.pkl:1;n03733805.pkl:2|class=654:n03769881.pkl:1;n03769881.pkl:3;n03769881.pkl:5
swin,1006,238,-,105,64,48,18,0.10430774573424746,0.16086330181144293,0.040882339459255394,0.09460389343422482,0.7215176925314822,0.060522290596714545,class=396:n02643566.pkl:0;n02643566.pkl:1;n02643566.pkl:2|class=500:n03042490.pkl:9;n03042490.pkl:10;n03042490.pkl:12|class=54:n01729322.pkl:0;n01729322.pkl:8;n01729322.pkl:9
swin,1007,239,-,74,46,23,6,0.04765514519538348,0.08666402836348737,0.0174421853488672,0.05140241511358355,0.6881709379096409,0.13087714390005897,class=225:n02105162.pkl:1;n02105162.pkl:2;n02105162.pkl:7|class=482:n02979186.pkl:14;n02979186.pkl:31;n02979186.pkl:37|class=546:n03272010.pkl:7;n03272010.pkl:39;n03272010.pkl:63
swin,1008,240,-,85,62,46,21,0.12721762365877112,0.17042785178418265,0.04978174173787915,0.09565182541678965,0.7575148807856297,0.05519846560455042,class=343:n02397096.pkl:0;n02397096.pkl:1;n02397096.pkl:4|class=960:n07836838.pkl:0;n07836838.pkl:2;n07836838.pkl:6|class=342:n02396427.pkl:0;n02396427.pkl:2;n02396427.pkl:5
swin,1009,241,-,67,49,25,8,0.08060235526536488,0.14034398698480663,0.03189675724148761,0.08397587289502742,0.6589965146228434,0.11837791950329929,class=821:n04311004.pkl:2;n04311004.pkl:3;n04311004.pkl:6|class=19:n01592084.pkl:2;n01592084.pkl:4;n01592084.pkl:5|class=213:n02100877.pkl:0;n02100877.pkl:1;n02100877.pkl:8
swin,1010,242,-,89,64,45,31,0.17672449060229076,0.2189294712726539,0.07267936729896679,0.11158164802550193,0.7851139206033151,0.03771932580964777,class=108:n01914609.pkl:1;n01914609.pkl:2;n01914609.pkl:5|class=356:n02441942.pkl:0;n02441942.pkl:1;n02441942.pkl:6|class=827:n04330267.pkl:0;n04330267.pkl:1;n04330267.pkl:2
swin,1011,243,-,92,57,34,20,0.1235604164059343,0.20608893090173364,0.05575442879463075,0.12925359547421703,0.6856527835295484,0.06928649077325065,class=393:n02607072.pkl:0;n02607072.pkl:1;n02607072.pkl:2|class=723:n03944341.pkl:0;n03944341.pkl:1;n03944341.pkl:2|class=287:n02127052.pkl:0;n02127052.pkl:1;n02127052.pkl:3
swin,1012,244,-,103,81,65,30,0.18398648573647225,0.24095113856889688,0.09180720906531847,0.18509845334221167,0.7453723935531283,0.04917398119642593,class=352:n02422699.pkl:0;n02422699.pkl:1;n02422699.pkl:3|class=307:n02177972.pkl:0;n02177972.pkl:1;n02177972.pkl:2|class=213:n02100877.pkl:0;n02100877.pkl:1;n02100877.pkl:2
swin,1013,245,-,104,72,36,14,0.07380805034303085,0.11303384401817898,0.02501267964168989,0.04788018094518227,0.7645166194639542,0.04484904672499303,class=928:n07614500.pkl:4;n07614500.pkl:12;n07614500.pkl:18|class=473:n02951585.pkl:6;n02951585.pkl:14;n02951585.pkl:15|class=968:n07930864.pkl:13;n07930864.pkl:18;n07930864.pkl:27
swin,1014,246,-,60,33,14,6,0.053444243208283,0.10096982487891941,0.018417758907619066,0.04182009216604393,0.6931061950708604,0.10259673427953156,class=976:n09399592.pkl:1;n09399592.pkl:7;n09399592.pkl:8|class=267:n02113799.pkl:10;n02113799.pkl:42;n02113799.pkl:53|class=573:n03444034.pkl:4;n03444034.pkl:6;n03444034.pkl:15
swin,1015,247,-,45,24,10,4,0.05344139610064463,0.13865833484640958,0.02647910755421205,0.09979597319713215,0.48284328554745365,0.337872978590592,class=854:n04418357.pkl:0;n04418357.pkl:2;n04418357.pkl:3|class=450:n02860847.pkl:2;n02860847.pkl:10;n02860847.pkl:11|class=138:n02018795.pkl:22;n02018795.pkl:37;n02018795.pkl:46
swin,1016,248,-,71,46,27,12,0.07894623413407365,0.11350515114983352,0.028236199511338968,0.0563033090451322,0.7452253488299397,0.07008566500962034,class=229:n02105641.pkl:3;n02105641.pkl:6;n02105641.pkl:8|class=540:n03240683.pkl:1;n03240683.pkl:8;n03240683.pkl:15|class=617:n03630383.pkl:18;n03630383.pkl:22;n03630383.pkl:27
swin,1017,249,-,109,77,49,22,0.11836089317152233,0.198636628277796,0.06028879166079841,0.14237093488835906,0.7020859567507561,0.06033578218912426,class=301:n02165456.pkl:0;n02165456.pkl:1;n02165456.pkl:3|class=979:n09468604.pkl:0;n09468604.pkl:1;n09468604.pkl:3|class=72:n01773157.pkl:0;n01773157.pkl:3;n01773157.pkl:4
swin,1018,250,-,100,65,48,21,0.12106044173907597,0.20180359074298782,0.06490609259563308,0.14163337113199131,0.7072999450027985,0.057616805312517144,class=511:n03100240.pkl:2;n03100240.pkl:3;n03100240.pkl:4|class=400:n02669723.pkl:0;n02669723.pkl:2;n02669723.pkl:8|class=483:n02980441.pkl:2;n02980441.pkl:7;n02980441.pkl:8
swin,1019,251,-,66,39,23,10,0.08208886057669093,0.15680215587175947,0.04136121394370112,0.1143620875540326,0.6219346075040494,0.13098487660694227,class=99:n01855672.pkl:1;n01855672.pkl:2;n01855672.pkl:3|class=555:n03345487.pkl:1;n03345487.pkl:2;n03345487.pkl:4|class=201:n02097658.pkl:4;n02097658.pkl:16;n02097658.pkl:18
swin,1020,252,-,130,81,50,19,0.07102908278019394,0.11547740618884236,0.030772513811871283,0.06691797868509934,0.7435109938761977,0.04406842365039983,class=793:n04209133.pkl:1;n04209133.pkl:4;n04209133.pkl:8|class=477:n02966687.pkl:2;n02966687.pkl:4;n02966687.pkl:5|class=911:n04599235.pkl:7;n04599235.pkl:8;n04599235.pkl:10
swin,1021,253,-,82,48,30,16,0.09805055551593553,0.16671555217153677,0.04094863839230894,0.08879729848090862,0.6983227963363727,0.06954159639276511,class=422:n02790996.pkl:4;n02790996.pkl:5;n02790996.pkl:6|class=913:n04606251.pkl:5;n04606251.pkl:10;n04606251.pkl:11|class=475:n02965783.pkl:0;n02965783.pkl:1;n02965783.pkl:15
swin,1022,254,-,101,65,43,19,0.09079338152732391,0.15745163432014467,0.04342899725375478,0.10633419789772275,0.7007061247257934,0.06925703316700142,class=110:n01924916.pkl:0;n01924916.pkl:2;n01924916.pkl:3|class=94:n01833805.pkl:0;n01833805.pkl:6;n01833805.pkl:7|class=961:n07860988.pkl:1;n07860988.pkl:5;n07860988.pkl:7
swin,1023,255,-,98,66,47,13,0.07644056067743565,0.11925986529517736,0.026188340010389978,0.06544437096633532,0.7379652074770651,0.07392801547732769,class=513:n03110669.pkl:0;n03110669.pkl:2;n03110669.pkl:3|class=976:n09399592.pkl:4;n09399592.pkl:18;n09399592.pkl:20|class=548:n03290653.pkl:13;n03290653.pkl:14;n03290653.pkl:18
swin,1024,256,-,35,22,16,8,0.12520367637156282,0.1805186063573783,0.05099946921682287,0.08496354750052834,0.7011531079682021,0.10787010123387342,class=500:n03042490.pkl:3;n03042490.pkl:6;n03042490.pkl:10|class=186:n02094258.pkl:3;n02094258.pkl:5;n02094258.pkl:7|class=795:n04228054.pkl:6;n04228054.pkl:13;n04228054.pkl:17
swin,1025,257,-,63,43,28,14,0.13118672466332412,0.20262785126620084,0.06483721918767821,0.14413653112426433,0.6674430649812466,0.09431685170940693,class=323:n02279972.pkl:1;n02279972.pkl:2;n02279972.pkl:3|class=734:n03977966.pkl:3;n03977966.pkl:4;n03977966.pkl:5|class=878:n04505470.pkl:2;n04505470.pkl:6;n04505470.pkl:12
swin,1026,258,-,70,50,35,18,0.1584477448054856,0.23844110416215708,0.08658984847531423,0.18220826826277284,0.686607481004004,0.07754206908667893,class=379:n02492660.pkl:0;n02492660.pkl:1;n02492660.pkl:2|class=937:n07714990.pkl:0;n07714990.pkl:1;n07714990.pkl:2|class=293:n02130308.pkl:0;n02130308.pkl:2;n02130308.pkl:3
swin,1027,259,-,100,67,44,21,0.13231899417415438,0.2105262333444514,0.06142274890879282,0.13853772502289635,0.6969770784101924,0.060871858673201266,class=153:n02085936.pkl:3;n02085936.pkl:6;n02085936.pkl:8|class=555:n03345487.pkl:0;n03345487.pkl:1;n03345487.pkl:2|class=547:n03272562.pkl:1;n03272562.pkl:5;n03272562.pkl:10
swin,1028,260,-,107,81,49,23,0.15905367540934554,0.23257093503128382,0.08128275860429345,0.17048804565569675,0.7181540336561607,0.05046144985984602,class=561:n03384352.pkl:2;n03384352.pkl:3;n03384352.pkl:4|class=713:n03924679.pkl:0;n03924679.pkl:2;n03924679.pkl:4|class=497:n03028079.pkl:0;n03028079.pkl:3;n03028079.pkl:6
swin,1029,261,-,73,52,29,16,0.11291661622192102,0.17264123963592287,0.04983762475639224,0.10400219742269484,0.7084403358622074,0.07335371929356588,class=562:n03388043.pkl:0;n03388043.pkl:1;n03388043.pkl:2|class=567:n03400231.pkl:0;n03400231.pkl:1;n03400231.pkl:4|class=875:n04487394.pkl:0;n04487394.pkl:1;n04487394.pkl:5
swin,1030,262,-,64,40,25,13,0.11217402111330536,0.20023989154894364,0.05874281020846388,0.16560071342583768,0.6093684164333277,0.13980023625025292,class=387:n02509815.pkl:0;n02509815.pkl:1;n02509815.pkl:2|class=147:n02066245.pkl:0;n02066245.pkl:1;n02066245.pkl:2|class=139:n02025239.pkl:0;n02025239.pkl:1;n02025239.pkl:3
swin,1031,263,-,103,64,42,20,0.09032064337602855,0.1387374449617337,0.03457405712659658,0.07498235942443279,0.7412676301812995,0.05537340420961771,class=472:n02951358.pkl:3;n02951358.pkl:4;n02951358.pkl:5|class=368:n02483362.pkl:0;n02483362.pkl:11;n02483362.pkl:12|class=856:n04428191.pkl:2;n04428191.pkl:4;n04428191.pkl:6
swin,1032,264,-,64,52,38,14,0.11797223704204314,0.13382699447393825,0.0419866379979635,0.06716330474936529,0.7984432656804797,0.0556067628867725,class=363:n02454379.pkl:1;n02454379.pkl:2;n02454379.pkl:5|class=973:n09256479.pkl:8;n09256479.pkl:11;n09256479.pkl:12|class=182:n02093754.pkl:6;n02093754.pkl:15;n02093754.pkl:16
swin,1033,265,-,62,33,18,6,0.0628946202107462,0.11068010265610156,0.020293638639441967,0.04687101624001541,0.6966268615063306,0.10216839885893025,class=865:n04462240.pkl:0;n04462240.pkl:3;n04462240.pkl:7|class=104:n01877812.pkl:9;n01877812.pkl:17;n01877812.pkl:29|class=640:n03717622.pkl:2;n03717622.pkl:9;n03717622.pkl:12
swin,1034,266,-,73,51,28,13,0.09430186056115451,0.14382535533140292,0.035866729403369865,0.08708001851329147,0.7019733892544316,0.09444641416293044,class=11:n01531178.pkl:1;n01531178.pkl:3;n01531178.pkl:4|class=853:n04417672.pkl:7;n04417672.pkl:12;n04417672.pkl:13|class=162:n02088364.pkl:5;n02088364.pkl:16;n02088364.pkl:18
swin,1035,267,-,120,92,70,36,0.1641938958183272,0.21744594562859249,0.07926667314566674,0.1507557894128937,0.764832520133934,0.03847626507984539,class=144:n02051845.pkl:0;n02051845.pkl:1;n02051845.pkl:4|class=382:n02494079.pkl:1;n02494079.pkl:3;n02494079.pkl:4|class=607:n03590841.pkl:0;n03590841.pkl:1;n03590841.pkl:2
swin,1036,268,-,99,62,41,14,0.08530432653393775,0.1486927301026043,0.036614883905961786,0.09063412689190872,0.6928039981276142,0.07199279297263628,class=46:n01693334.pkl:1;n01693334.pkl:5;n01693334.pkl:8|class=476:n02966193.pkl:3;n02966193.pkl:5;n02966193.pkl:7|class=947:n07734744.pkl:1;n07734744.pkl:3;n07734744.pkl:8
swin,1037,269,-,82,52,30,10,0.08406891857124528,0.15244169928450965,0.037703177648070706,0.09231173057067942,0.6773847110340527,0.08529960736426406,class=658:n03775071.pkl:5;n03775071.pkl:6;n03775071.pkl:9|class=36:n01667778.pkl:0;n01667778.pkl:4;n01667778.pkl:6|class=531:n03197337.pkl:4;n03197337.pkl:8;n03197337.pkl:11
swin,1038,270,-,96,57,40,14,0.07321715610196287,0.12584738285375047,0.030530222772769695,0.07938498789882378,0.7078245744644586,0.08084470407799964,class=126:n01990800.pkl:2;n01990800.pkl:5;n01990800.pkl:7|class=528:n03187595.pkl:0;n03187595.pkl:1;n03187595.pkl:3|class=621:n03649909.pkl:1;n03649909.pkl:3;n03649909.pkl:10
swin,1039,271,-,74,41,20,11,0.07456163185892167,0.1496002235284299,0.03049836455925322,0.08676774451561224,0.6245274825903586,0.12289197091689759,class=63:n01748264.pkl:3;n01748264.pkl:4;n01748264.pkl:5|class=353:n02423022.pkl:1;n02423022.pkl:2;n02423022.pkl:6|class=11:n01531178.pkl:0;n01531178.pkl:1;n01531178.pkl:6
swin,1040,272,-,69,45,31,12,0.10607969862408938,0.16752828775670245,0.043192338497828504,0.10020940378316771,0.6837719627710863,0.09250349937682732,class=111:n01930112.pkl:4;n01930112.pkl:5;n01930112.pkl:6|class=275:n02116738.pkl:0;n02116738.pkl:1;n02116738.pkl:2|class=216:n02101556.pkl:4;n02101556.pkl:5;n02101556.pkl:9
swin,1041,273,-,99,71,48,19,0.11182208869649142,0.16837378881920204,0.04902596390757899,0.11042268933084526,0.7251484929907313,0.061343374829973166,class=289:n02128757.pkl:0;n02128757.pkl:1;n02128757.pkl:2|class=927:n07613480.pkl:1;n07613480.pkl:4;n07613480.pkl:8|class=249:n02110063.pkl:0;n02110063.pkl:1;n02110063.pkl:8
swin,1042,274,-,83,59,35,12,0.08042990962296195,0.12262497063900653,0.02998120780447521,0.07173661978541157,0.7325506670178903,0.08102537932612676,class=930:n07684084.pkl:0;n07684084.pkl:1;n07684084.pkl:3|class=175:n02091635.pkl:5;n02091635.pkl:17;n02091635.pkl:26|class=186:n02094258.pkl:0;n02094258.pkl:11;n02094258.pkl:13
swin,1043,275,-,78,47,28,13,0.07517834177381195,0.12317234831358198,0.029402057597472966,0.0677799348066437,0.7167748103459279,0.08095268618718336,class=80:n01795545.pkl:7;n01795545.pkl:8;n01795545.pkl:13|class=110:n01924916.pkl:3;n01924916.pkl:9;n01924916.pkl:16|class=525:n03160309.pkl:8;n03160309.pkl:10;n03160309.pkl:17
swin,1044,276,-,70,37,19,7,0.057779419887454025,0.11643953741784142,0.02442338780326074,0.06833508228935584,0.6424156909382108,0.12612067580638636,class=928:n07614500.pkl:2;n07614500.pkl:4;n07614500.pkl:8|class=420:n02787622.pkl:5;n02787622.pkl:8;n02787622.pkl:11|class=466:n02917067.pkl:5;n02917067.pkl:6;n02917067.pkl:10
swin,1045,277,-,73,48,27,9,0.0709088917547764,0.12750166256014137,0.027631326488219646,0.07036450908504809,0.688157037302362,0.10253299366105,class=300:n02165105.pkl:5;n02165105.pkl:7;n02165105.pkl:14|class=257:n02111500.pkl:2;n02111500.pkl:6;n02111500.pkl:7|class=960:n07836838.pkl:0;n07836838.pkl:16;n07836838.pkl:20
swin,1046,278,-,66,46,26,12,0.11009930877205634,0.19147847743554378,0.05186939298371786,0.13619773679167677,0.6327449917172454,0.11961716619378299,class=26:n01630670.pkl:1;n01630670.pkl:2;n01630670.pkl:4|class=25:n01629819.pkl:1;n01629819.pkl:3;n01629819.pkl:4|class=471:n02950826.pkl:8;n02950826.pkl:12;n02950826.pkl:15
swin,1047,279,-,93,65,38,21,0.10356690091085638,0.1556078362115665,0.043352419712132606,0.09929836333755948,0.7170598373846443,0.06716508432165966,class=203:n02098286.pkl:2;n02098286.pkl:5;n02098286.pkl:6|class=803:n04252225.pkl:2;n04252225.pkl:4;n04252225.pkl:8|class=368:n02483362.pkl:5;n02483362.pkl:7;n02483362.pkl:12
swin,1048,280,-,125,77,51,20,0.06693465766250457,0.11647898691034896,0.02934817130879312,0.07239549232882446,0.741521720983897,0.056680042409394574,class=3:n01491361.pkl:1;n01491361.pkl:2;n01491361.pkl:4|class=152:n02085782.pkl:4;n02085782.pkl:7;n02085782.pkl:8|class=148:n02071294.pkl:2;n02071294.pkl:8;n02071294.pkl:10
swin,1049,281,-,66,44,24,12,0.11908236938893878,0.1682161886278214,0.04233427718261276,0.09403934735112328,0.6915683426943983,0.08991524838799139,class=957:n07768694.pkl:2;n07768694.pkl:3;n07768694.pkl:4|class=93:n01829413.pkl:0;n01829413.pkl:2;n01829413.pkl:3|class=439:n02817516.pkl:2;n02817516.pkl:6;n02817516.pkl:7
swin,1050,282,-,90,69,50,25,0.12818938926439363,0.16065679471821728,0.0533636016004824,0.09353271314793239,0.7855001687522496,0.04524566951926867,class=396:n02643566.pkl:0;n02643566.pkl:1;n02643566.pkl:2|class=388:n02510455.pkl:0;n02510455.pkl:1;n02510455.pkl:5|class=278:n02119789.pkl:10;n02119789.pkl:17;n02119789.pkl:18
swin,1051,283,-,65,48,35,24,0.16051615655648063,0.21582591023746509,0.07466976270270861,0.1599125343719113,0.7119570885792297,0.08594519075908202,class=984:n11879895.pkl:0;n11879895.pkl:2;n11879895.pkl:3|class=688:n03857828.pkl:0;n03857828.pkl:1;n03857828.pkl:2|class=37:n01669191.pkl:3;n01669191.pkl:4;n01669191.pkl:5
swin,1052,284,-,82,57,38,17,0.11837499568635951,0.18076735311963685,0.05026516638972718,0.10949771549547455,0.7081739882329687,0.07006625898611246,class=61:n01742172.pkl:0;n01742172.pkl:1;n01742172.pkl:5|class=136:n02017213.pkl:0;n02017213.pkl:2;n02017213.pkl:3|class=183:n02093859.pkl:0;n02093859.pkl:3;n02093859.pkl:4
swin,1053,285,-,70,45,21,12,0.07802551001764997,0.14225667765830088,0.03440088690679524,0.08783520993356542,0.6481077518915902,0.10741793705171143,class=651:n03761084.pkl:1;n03761084.pkl:2;n03761084.pkl:3|class=194:n02096437.pkl:0;n02096437.pkl:1;n02096437.pkl:6|class=482:n02979186.pkl:1;n02979186.pkl:5;n02979186.pkl:12
swin,1054,286,-,102,75,58,28,0.13747697627345232,0.18351451109979589,0.06007746875630624,0.10789271108582775,0.7733038165864349,0.04142384309405341,class=262:n02112706.pkl:2;n02112706.pkl:5;n02112706.pkl:6|class=11:n01531178.pkl:0;n01531178.pkl:1;n01531178.pkl:3|class=933:n07697313.pkl:3;n07697313.pkl:4;n07697313.pkl:8
swin,1055,287,-,74,48,28,17,0.10522108631712453,0.1667486736530739,0.04957198591337325,0.11458893703135717,0.6901851136502853,0.0857208003080567,class=290:n02128925.pkl:1;n02128925.pkl:2;n02128925.pkl:3|class=598:n03529860.pkl:6;n03529860.pkl:7;n03529860.pkl:17|class=957:n07768694.pkl:1;n07768694.pkl:12;n07768694.pkl:17
swin,1056,288,-,109,81,50,25,0.11838474129338106,0.17734886272569272,0.05648600796546341,0.12888263087616117,0.7286560840443885,0.05693609388724245,class=110:n01924916.pkl:0;n01924916.pkl:1;n01924916.pkl:2|class=863:n04458633.pkl:2;n04458633.pkl:3;n04458633.pkl:5|class=557:n03355925.pkl:0;n03355925.pkl:1;n03355925.pkl:3
swin,1057,289,-,72,57,35,14,0.11579248847942823,0.17416282113298606,0.049514917788022056,0.12436532105861646,0.6844213410239587,0.10150701681637876,class=984:n11879895.pkl:0;n11879895.pkl:1;n11879895.pkl:2|class=114:n01945685.pkl:3;n01945685.pkl:5;n01945685.pkl:6|class=290:n02128925.pkl:1;n02128925.pkl:10;n02128925.pkl:12
swin,1058,290,-,6,3,0,0,0.019863766734600902,0.022663908407531675,0.0028513575353182907,0.0028752910314438097,0.780784590017545,0.3361429823464392,class=729:n03961711.pkl:51;n03961711.pkl:365;n03961711.pkl:457|class=710:n03908714.pkl:41;n03908714.pkl:80;n03908714.pkl:990|class=581:n03459775.pkl:621;n03459775.pkl:645
swin,1059,291,-,106,78,51,28,0.1357653980125876,0.19353928715762356,0.06155796776763006,0.12562898397113273,0.7410213568135721,0.04872606598245514,class=759:n04069434.pkl:1;n04069434.pkl:2;n04069434.pkl:3|class=324:n02280649.pkl:1;n02280649.pkl:3;n02280649.pkl:6|class=221:n02102973.pkl:1;n02102973.pkl:2;n02102973.pkl:3
swin,1060,292,-,80,62,44,24,0.1727982084150099,0.2369000697662878,0.08672190536948987,0.1867229057053077,0.7118404667463613,0.07044921867109577,class=67:n01755581.pkl:0;n01755581.pkl:2;n01755581.pkl:3|class=145:n02056570.pkl:1;n02056570.pkl:2;n02056570.pkl:3|class=44:n01689811.pkl:0;n01689811.pkl:1;n01689811.pkl:2
swin,1061,293,-,90,62,43,22,0.12669419363331846,0.1741632974365091,0.052612243057288066,0.10166380020173577,0.7473852345906442,0.05259854126321193,class=109:n01917289.pkl:0;n01917289.pkl:1;n01917289.pkl:3|class=525:n03160309.pkl:5;n03160309.pkl:9;n03160309.pkl:11|class=493:n03016953.pkl:3;n03016953.pkl:5;n03016953.pkl:12
swin,1062,294,-,81,58,37,23,0.1349912169763673,0.18222669770935063,0.05534982853222774,0.10025122952938147,0.7522087544183034,0.052846314427866505,class=7:n01514668.pkl:3;n01514668.pkl:5;n01514668.pkl:11|class=107:n01910747.pkl:1;n01910747.pkl:3;n01910747.pkl:5|class=483:n02980441.pkl:0;n02980441.pkl:4;n02980441.pkl:8
swin,1063,295,-,100,73,53,30,0.1367128273389689,0.1870084918255424,0.058245472146208434,0.11436944549150141,0.7635787277186584,0.04855633018843113,class=64:n01749939.pkl:1;n01749939.pkl:2;n01749939.pkl:4|class=888:n04532670.pkl:7;n04532670.pkl:9;n04532670.pkl:11|class=772:n04127249.pkl:2;n04127249.pkl:4;n04127249.pkl:7
swin,1064,296,-,92,62,44,15,0.11491916804872494,0.18379682079152487,0.054645942921539896,0.12585092833839565,0.6985267713304143,0.06852087404016247,class=234:n02106550.pkl:1;n02106550.pkl:2;n02106550.pkl:4|class=628:n03673027.pkl:0;n03673027.pkl:5;n03673027.pkl:6|class=133:n02011460.pkl:3;n02011460.pkl:5;n02011460.pkl:7
swin,1065,297,-,77,46,30,14,0.08589842500156679,0.14919898390086353,0.03810187713159313,0.0942299671201079,0.6740044288668998,0.09241885055193494,class=47:n01694178.pkl:0;n01694178.pkl:3;n01694178.pkl:7|class=148:n02071294.pkl:0;n02071294.pkl:1;n02071294.pkl:8|class=270:n02114548.pkl:5;n02114548.pkl:16;n02114548.pkl:28
swin,1066,298,-,182,154,117,78,0.2110116180641795,0.2427004672458335,0.1119977576006267,0.1751315234217468,0.8222967770221907,0.01892953449530494,class=480:n02977058.pkl:0;n02977058.pkl:1;n02977058.pkl:2|class=640:n03717622.pkl:0;n03717622.pkl:1;n03717622.pkl:2|class=713:n03924679.pkl:0;n03924679.pkl:1;n03924679.pkl:3
swin,1067,299,-,68,48,32,16,0.11020065314301751,0.16031580247549607,0.048071562895411535,0.09796010628410745,0.7267207269758602,0.07577379819883366,class=397:n02655020.pkl:2;n02655020.pkl:3;n02655020.pkl:4|class=441:n02823750.pkl:3;n02823750.pkl:4;n02823750.pkl:6|class=23:n01616318.pkl:2;n01616318.pkl:4;n01616318.pkl:6
swin,1068,300,-,79,51,34,14,0.10771129338459959,0.1800321363799778,0.0492261116220865,0.1239330225449437,0.6810245894795243,0.0928917629471402,class=70:n01770081.pkl:1;n01770081.pkl:2;n01770081.pkl:3|class=748:n04026417.pkl:0;n04026417.pkl:3;n04026417.pkl:8|class=453:n02870880.pkl:1;n02870880.pkl:3;n02870880.pkl:5
swin,1069,301,-,103,81,54,28,0.1444634316454336,0.19227392722666986,0.061204908741688234,0.12133539573977611,0.7576924666761385,0.04786495290540867,class=340:n02391049.pkl:0;n02391049.pkl:1;n02391049.pkl:2|class=91:n01824575.pkl:0;n01824575.pkl:2;n01824575.pkl:3|class=701:n03888257.pkl:0;n03888257.pkl:3;n03888257.pkl:5
swin,1070,302,-,84,46,30,14,0.09897352960504054,0.17236032011187982,0.042466338955142825,0.1087899876959573,0.6521901925137378,0.09003316101726416,class=31:n01644373.pkl:0;n01644373.pkl:1;n01644373.pkl:3|class=510:n03095699.pkl:0;n03095699.pkl:2;n03095699.pkl:6|class=344:n02398521.pkl:0;n02398521.pkl:5;n02398521.pkl:7
swin,1071,303,-,119,85,54,35,0.16965987672748292,0.24780033907939605,0.09226325165888412,0.1807785096468071,0.7344767251702521,0.04066520104828882,class=196:n02097047.pkl:1;n02097047.pkl:3;n02097047.pkl:4|class=768:n04118538.pkl:0;n04118538.pkl:1;n04118538.pkl:2|class=340:n02391049.pkl:0;n02391049.pkl:3;n02391049.pkl:4
swin,1072,304,-,79,49,32,11,0.07186154533021914,0.10785143777811025,0.027527627755371493,0.06120324068681013,0.7406624195410483,0.075230823651423,class=833:n04347754.pkl:4;n04347754.pkl:6;n04347754.pkl:9|class=50:n01698640.pkl:1;n01698640.pkl:3;n01698640.pkl:8|class=842:n04371430.pkl:1;n04371430.pkl:10;n04371430.pkl:15
swin,1073,305,-,65,41,23,10,0.07646517829590352,0.13421364608030684,0.03218286075471187,0.08506174842929949,0.6594105184819661,0.12285924611612715,class=228:n02105505.pkl:1;n02105505.pkl:3;n02105505.pkl:4|class=138:n02018795.pkl:0;n02018795.pkl:5;n02018795.pkl:9|class=498:n03032252.pkl:4;n03032252.pkl:5;n03032252.pkl:8
swin,1074,306,-,89,61,34,12,0.0801228255940766,0.1488736500343528,0.03583916361711153,0.108490455152359,0.6440628609484026,0.1141980389645249,class=304:n02169497.pkl:2;n02169497.pkl:4;n02169497.pkl:8|class=946:n07730033.pkl:1;n07730033.pkl:2;n07730033.pkl:3|class=640:n03717622.pkl:2;n03717622.pkl:5;n03717622.pkl:6
swin,1075,307,-,80,55,41,17,0.11861663697941435,0.18490665413869872,0.051988345776703616,0.13293866868243032,0.681661638331243,0.09423360710973311,class=205:n02099267.pkl:3;n02099267.pkl:4;n02099267.pkl:5|class=63:n01748264.pkl:0;n01748264.pkl:1;n01748264.pkl:3|class=300:n02165105.pkl:2;n02165105.pkl:6;n02165105.pkl:7
swin,1076,308,-,96,54,32,12,0.08156143477996665,0.14846256638889951,0.03503513523350635,0.08899973531210333,0.6852347475978474,0.0776366809906475,class=755:n04044716.pkl:1;n04044716.pkl:5;n04044716.pkl:7|class=783:n04153751.pkl:0;n04153751.pkl:2;n04153751.pkl:5|class=614:n03617480.pkl:2;n03617480.pkl:6;n03617480.pkl:8
swin,1077,309,-,147,101,67,32,0.12982316956181772,0.20653043093745238,0.06867731099680467,0.1470436688950314,0.7339406350494916,0.03798793741730031,class=279:n02120079.pkl:0;n02120079.pkl:1;n02120079.pkl:2|class=790:n04204238.pkl:1;n04204238.pkl:2;n04204238.pkl:3|class=277:n02119022.pkl:0;n02119022.pkl:1;n02119022.pkl:2
swin,1078,310,-,115,81,51,27,0.15062918505494613,0.23084790743201447,0.07456175245350416,0.16281988762194818,0.7142006481605155,0.050160955555168675,class=757:n04065272.pkl:0;n04065272.pkl:1;n04065272.pkl:2|class=323:n02279972.pkl:0;n02279972.pkl:1;n02279972.pkl:2|class=734:n03977966.pkl:1;n03977966.pkl:3;n03977966.pkl:4
swin,1079,311,-,36,11,4,1,0.021168737389273235,0.04624574685099659,0.006252380137301264,0.013660392375736956,0.6913993237195526,0.16037459444183105,class=483:n02980441.pkl:12;n02980441.pkl:23;n02980441.pkl:24|class=186:n02094258.pkl:6;n02094258.pkl:66;n02094258.pkl:109|class=400:n02669723.pkl:311;n02669723.pkl:324;n02669723.pkl:360
swin,1080,312,-,138,108,78,47,0.15919652609600538,0.20056622975347793,0.0739418777831842,0.13124254258264872,0.7920677928537192,0.0300755001041645,class=376:n02489166.pkl:0;n02489166.pkl:1;n02489166.pkl:2|class=383:n02497673.pkl:0;n02497673.pkl:1;n02497673.pkl:3|class=501:n03045698.pkl:1;n03045698.pkl:4;n03045698.pkl:5
swin,1081,313,-,75,50,34,24,0.13621451273893784,0.1999136480733092,0.06707370636645123,0.14884089002093928,0.6967723230483546,0.07898997164200704,class=989:n12620546.pkl:0;n12620546.pkl:1;n12620546.pkl:2|class=5:n01496331.pkl:0;n01496331.pkl:1;n01496331.pkl:2|class=732:n03976467.pkl:2;n03976467.pkl:5;n03976467.pkl:6
swin,1082,314,-,103,67,43,12,0.07448193170372915,0.13554046434753145,0.031046033567096225,0.0843960060196929,0.6840501302737801,0.08145418040407744,class=672:n03792972.pkl:0;n03792972.pkl:2;n03792972.pkl:3|class=50:n01698640.pkl:0;n01698640.pkl:1;n01698640.pkl:7|class=59:n01739381.pkl:3;n01739381.pkl:4;n01739381.pkl:15
swin,1083,315,-,72,48,32,12,0.10849385083269429,0.17469077830760804,0.0462323070276361,0.10629000075354894,0.6883264242798511,0.08729989777581301,class=712:n03920288.pkl:2;n03920288.pkl:3;n03920288.pkl:4|class=38:n01675722.pkl:1;n01675722.pkl:5;n01675722.pkl:10|class=993:n13037406.pkl:0;n13037406.pkl:5;n13037406.pkl:8
swin,1084,316,-,46,27,15,3,0.057093957604487794,0.1227846561230269,0.0217362974204915,0.07686593872458211,0.5522623169196306,0.2935951182890629,class=160:n02088094.pkl:1;n02088094.pkl:4;n02088094.pkl:6|class=358:n02443114.pkl:17;n02443114.pkl:25;n02443114.pkl:28|class=52:n01728572.pkl:0;n01728572.pkl:26;n01728572.pkl:52
swin,1085,317,-,83,60,39,17,0.138222803175814,0.22133619122298567,0.06561663407768802,0.1516428188252274,0.6816432553677758,0.07639658608899125,class=715:n03929855.pkl:1;n03929855.pkl:4;n03929855.pkl:5|class=134:n02012849.pkl:0;n02012849.pkl:1;n02012849.pkl:2|class=958:n07802026.pkl:0;n07802026.pkl:2;n07802026.pkl:3
swin,1086,318,-,118,82,58,29,0.10839286241325356,0.15583633728137058,0.04292303115990909,0.09086793472232099,0.7636024615296879,0.046454889336716744,class=941:n07717410.pkl:2;n07717410.pkl:3;n07717410.pkl:4|class=900:n04562935.pkl:0;n04562935.pkl:1;n04562935.pkl:2|class=721:n03938244.pkl:1;n03938244.pkl:2;n03938244.pkl:5
swin,1087,319,-,67,43,29,13,0.11802269460023541,0.1907288719855976,0.052506769137327325,0.1153913963782688,0.6759800946726142,0.08700980221504576,class=436:n02814533.pkl:0;n02814533.pkl:1;n02814533.pkl:2|class=985:n11939491.pkl:3;n11939491.pkl:6;n11939491.pkl:9|class=61:n01742172.pkl:0;n01742172.pkl:9;n01742172.pkl:17
swin,1088,320,-,94,66,39,17,0.10789591177597042,0.1702578260533251,0.04455638532446792,0.09346440870922619,0.7294966534041946,0.05744895845703998,class=275:n02116738.pkl:0;n02116738.pkl:1;n02116738.pkl:3|class=527:n03180011.pkl:1;n03180011.pkl:3;n03180011.pkl:6|class=595:n03496892.pkl:2;n03496892.pkl:7;n03496892.pkl:8
swin,1089,321,-,83,52,35,12,0.07568326029213916,0.1300564128777647,0.02861982866498085,0.06377609242841384,0.725497066063718,0.07187607932870231,class=251:n02110341.pkl:2;n02110341.pkl:4;n02110341.pkl:5|class=146:n02058221.pkl:0;n02058221.pkl:5;n02058221.pkl:8|class=724:n03947888.pkl:0;n03947888.pkl:3;n03947888.pkl:7
swin,1090,322,-,158,125,93,45,0.15180218225164235,0.2045916208347466,0.07428984614523068,0.1396411701269488,0.7798986482025597,0.028691129924279204,class=35:n01667114.pkl:0;n01667114.pkl:2;n01667114.pkl:5|class=224:n02105056.pkl:3;n02105056.pkl:5;n02105056.pkl:6|class=895:n04552348.pkl:0;n04552348.pkl:2;n04552348.pkl:3
swin,1091,323,-,60,37,22,8,0.06537852261164478,0.11349836333013084,0.02640684733477651,0.06391712432215366,0.6910837282930291,0.11431168590134069,class=629:n03676483.pkl:1;n03676483.pkl:3;n03676483.pkl:4|class=150:n02077923.pkl:20;n02077923.pkl:24;n02077923.pkl:36|class=126:n01990800.pkl:5;n01990800.pkl:6;n01990800.pkl:13
swin,1092,324,-,72,48,30,14,0.13908552455890835,0.21023767778237917,0.06400410680045386,0.145931985262255,0.6777633095245583,0.08609148319297061,class=645:n03733131.pkl:0;n03733131.pkl:1;n03733131.pkl:2|class=307:n02177972.pkl:0;n02177972.pkl:6;n02177972.pkl:7|class=16:n01560419.pkl:0;n01560419.pkl:2;n01560419.pkl:4
swin,1093,325,-,86,61,41,11,0.10172493896427721,0.15873469184685848,0.04305342717665231,0.09812911146723141,0.7126011327782826,0.07203414994170389,class=47:n01694178.pkl:0;n01694178.pkl:1;n01694178.pkl:2|class=873:n04486054.pkl:0;n04486054.pkl:4;n04486054.pkl:7|class=668:n03788195.pkl:1;n03788195.pkl:4;n03788195.pkl:6
swin,1094,326,-,83,57,37,15,0.09297300696775526,0.15608596288538304,0.04361048638853082,0.1083622237358708,0.6842609105196245,0.0864349906932841,class=780:n04147183.pkl:0;n04147183.pkl:1;n04147183.pkl:4|class=283:n02123394.pkl:1;n02123394.pkl:4;n02123394.pkl:5|class=634:n03697007.pkl:1;n03697007.pkl:3;n03697007.pkl:5
swin,1095,327,-,163,118,76,33,0.10411428133030172,0.16637883024522068,0.05345163958846443,0.121227267977075,0.7468474087466311,0.03769162480867443,class=445:n02837789.pkl:0;n02837789.pkl:1;n02837789.pkl:6|class=671:n03792782.pkl:2;n03792782.pkl:4;n03792782.pkl:5|class=845:n04376876.pkl:0;n04376876.pkl:3;n04376876.pkl:5
swin,1096,328,-,70,39,21,10,0.06593309228321344,0.11698521985956224,0.02580624344805829,0.05847510912686564,0.6931946725821168,0.08763475899502013,class=839:n04366367.pkl:0;n04366367.pkl:3;n04366367.pkl:6|class=146:n02058221.pkl:0;n02058221.pkl:2;n02058221.pkl:6|class=398:n02666196.pkl:2;n02666196.pkl:7;n02666196.pkl:16
swin,1097,329,-,55,40,29,8,0.12355427216388022,0.1976581318695032,0.056427567639978214,0.14718574039499333,0.6287316381419107,0.14188649646384863,class=322:n02277742.pkl:0;n02277742.pkl:1;n02277742.pkl:2|class=270:n02114548.pkl:1;n02114548.pkl:3;n02114548.pkl:5|class=148:n02071294.pkl:13;n02071294.pkl:14;n02071294.pkl:15
swin,1098,330,-,89,62,38,20,0.13512194982199144,0.22032374308011182,0.06845765581986528,0.16535323653886477,0.6756505443997232,0.0767887700578343,class=510:n03095699.pkl:0;n03095699.pkl:1;n03095699.pkl:2|class=732:n03976467.pkl:0;n03976467.pkl:1;n03976467.pkl:2|class=82:n01797886.pkl:0;n01797886.pkl:4;n01797886.pkl:11
swin,1099,331,-,96,63,39,20,0.11613297358261769,0.18820085938057818,0.05519371436781139,0.11793647915172906,0.7144228953915135,0.05797710407276305,class=238:n02107574.pkl:0;n02107574.pkl:2;n02107574.pkl:3|class=533:n03207743.pkl:0;n03207743.pkl:1;n03207743.pkl:2|class=80:n01795545.pkl:0;n01795545.pkl:4;n01795545.pkl:7
swin,1100,332,-,99,62,38,25,0.12273063304250417,0.19469070461089555,0.05424432518882313,0.13322528318799998,0.6890814727339454,0.07103077295904245,class=327:n02317335.pkl:0;n02317335.pkl:1;n02317335.pkl:3|class=405:n02692877.pkl:1;n02692877.pkl:2;n02692877.pkl:3|class=359:n02443484.pkl:3;n02443484.pkl:6;n02443484.pkl:13
swin,1101,333,-,40,24,17,6,0.0875006983704721,0.13116329436788413,0.02928848663924156,0.057802700851395376,0.7003922550017443,0.12237386483326772,class=878:n04505470.pkl:0;n04505470.pkl:1;n04505470.pkl:3|class=329:n02321529.pkl:1;n02321529.pkl:3;n02321529.pkl:12|class=645:n03733131.pkl:6;n03733131.pkl:11;n03733131.pkl:27
swin,1102,334,-,89,58,34,17,0.10917484770429181,0.16517441924056128,0.04032625312343288,0.09283190716675711,0.7063716832176271,0.07077869224806492,class=914:n04612504.pkl:2;n04612504.pkl:4;n04612504.pkl:5|class=555:n03345487.pkl:0;n03345487.pkl:1;n03345487.pkl:2|class=27:n01631663.pkl:0;n01631663.pkl:8;n01631663.pkl:9
swin,1103,335,-,90,64,34,14,0.09009991442381395,0.17267565222051565,0.04208537089347392,0.11716079798581781,0.6461131234323558,0.09722234548951737,class=847:n04389033.pkl:1;n04389033.pkl:2;n04389033.pkl:4|class=81:n01796340.pkl:2;n01796340.pkl:3;n01796340.pkl:4|class=30:n01641577.pkl:4;n01641577.pkl:5;n01641577.pkl:7
swin,1104,336,-,133,93,61,28,0.1096717618162559,0.1710879838693061,0.04656849176493308,0.1088392957888453,0.7324544832813805,0.0485898143154673,class=812:n04266014.pkl:1;n04266014.pkl:2;n04266014.pkl:3|class=738:n03991062.pkl:0;n03991062.pkl:3;n03991062.pkl:5|class=258:n02111889.pkl:3;n02111889.pkl:4;n02111889.pkl:7
swin,1105,337,-,80,60,34,14,0.09398917877517504,0.16100637819348032,0.044472288501321275,0.12381789667202077,0.6638579566757713,0.109394226634314,class=140:n02027492.pkl:0;n02027492.pkl:1;n02027492.pkl:2|class=497:n03028079.pkl:0;n03028079.pkl:4;n03028079.pkl:7|class=180:n02093428.pkl:3;n02093428.pkl:7;n02093428.pkl:8
swin,1106,338,-,74,61,39,17,0.13822283830921128,0.17395689701192613,0.05343785807468904,0.10320865167156373,0.7479941036007589,0.06392185453910806,class=72:n01773157.pkl:0;n01773157.pkl:1;n01773157.pkl:2|class=74:n01773797.pkl:1;n01773797.pkl:7;n01773797.pkl:11|class=669:n03788365.pkl:4;n03788365.pkl:22;n03788365.pkl:29
swin,1107,339,-,60,34,24,11,0.07411894882661071,0.10453142101835129,0.025585954957168956,0.04872365312512912,0.7381542260990157,0.07710676649746707,class=985:n11939491.pkl:3;n11939491.pkl:4;n11939491.pkl:6|class=574:n03445777.pkl:3;n03445777.pkl:19;n03445777.pkl:32|class=963:n07873807.pkl:4;n07873807.pkl:7;n07873807.pkl:9
swin,1108,340,-,66,41,25,10,0.08953917022869792,0.16423623402997672,0.044651866446736195,0.12073370968913472,0.6340356952836244,0.1259245158563769,class=15:n01558993.pkl:0;n01558993.pkl:1;n01558993.pkl:2|class=467:n02927161.pkl:1;n02927161.pkl:2;n02927161.pkl:3|class=962:n07871810.pkl:1;n07871810.pkl:2;n07871810.pkl:3
swin,1109,341,-,77,41,26,11,0.07238780303252818,0.1277739429560252,0.02981058633267749,0.07049814786175082,0.6884524373927899,0.08561828551561473,class=811:n04265275.pkl:6;n04265275.pkl:7;n04265275.pkl:8|class=465:n02916936.pkl:1;n02916936.pkl:4;n02916936.pkl:9|class=154:n02086079.pkl:5;n02086079.pkl:7;n02086079.pkl:9
swin,1110,342,-,111,79,45,19,0.12243406920528624,0.21451983127826635,0.06348023008823059,0.1484495987431498,0.6935465503705663,0.05827623307319062,class=300:n02165105.pkl:0;n02165105.pkl:1;n02165105.pkl:2|class=994:n13040303.pkl:0;n13040303.pkl:1;n13040303.pkl:3|class=736:n03982430.pkl:2;n03982430.pkl:3;n03982430.pkl:4
swin,1111,343,-,61,36,30,16,0.13565534401258528,0.19803942229912538,0.06506651422826717,0.11840072411403622,0.7163953557427759,0.07067643740648719,class=123:n01984695.pkl:0;n01984695.pkl:1;n01984695.pkl:2|class=658:n03775071.pkl:4;n03775071.pkl:5;n03775071.pkl:8|class=386:n02504458.pkl:0;n02504458.pkl:1;n02504458.pkl:2
swin,1112,344,-,80,67,48,23,0.18975260243299003,0.2429884644330842,0.09279229482103282,0.17052388478843278,0.7453144751811169,0.05471401094302864,class=70:n01770081.pkl:0;n01770081.pkl:1;n01770081.pkl:2|class=889:n04536866.pkl:1;n04536866.pkl:3;n04536866.pkl:5|class=950:n07747607.pkl:0;n07747607.pkl:1;n07747607.pkl:2
swin,1113,345,-,68,44,24,13,0.11365926821803198,0.1801189499831792,0.04639632461410317,0.10949600463723264,0.6625406303720176,0.09661277985863245,class=635:n03706229.pkl:2;n03706229.pkl:3;n03706229.pkl:4|class=392:n02606052.pkl:0;n02606052.pkl:2;n02606052.pkl:6|class=727:n03956157.pkl:4;n03956157.pkl:6;n03956157.pkl:10
swin,1114,346,-,37,24,11,5,0.1259848615916485,0.2472336737509052,0.07630177176789421,0.21727924799554496,0.4699446749767459,0.24618916564963375,class=289:n02128757.pkl:0;n02128757.pkl:1;n02128757.pkl:2|class=45:n01692333.pkl:0;n01692333.pkl:1;n01692333.pkl:2|class=297:n02134418.pkl:0;n02134418.pkl:1;n02134418.pkl:2
swin,1115,347,-,137,103,74,40,0.16297140666407267,0.22060661320916308,0.0762726674523132,0.15120464857712573,0.7664510959052384,0.035985392596854925,class=25:n01629819.pkl:0;n01629819.pkl:1;n01629819.pkl:2|class=150:n02077923.pkl:0;n02077923.pkl:1;n02077923.pkl:3|class=138:n02018795.pkl:0;n02018795.pkl:1;n02018795.pkl:3
swin,1116,348,-,86,64,45,30,0.19295209943161756,0.24565350027626962,0.10276626032971084,0.18916689827001518,0.7457845117348664,0.05102740864822197,class=576:n03447447.pkl:0;n03447447.pkl:1;n03447447.pkl:2|class=900:n04562935.pkl:1;n04562935.pkl:3;n04562935.pkl:4|class=993:n13037406.pkl:0;n13037406.pkl:3;n13037406.pkl:6
swin,1117,349,-,87,69,50,35,0.2080980735662927,0.23288390059925596,0.09239063829531657,0.1534289305298558,0.7802107991916194,0.043192797869324236,class=397:n02655020.pkl:0;n02655020.pkl:2;n02655020.pkl:3|class=347:n02410509.pkl:2;n02410509.pkl:5;n02410509.pkl:6|class=258:n02111889.pkl:1;n02111889.pkl:4;n02111889.pkl:5
swin,1118,350,-,72,51,31,11,0.08153451422499024,0.11287341877799818,0.028480352616869598,0.05450554196626007,0.7613323334979969,0.06475846329617019,class=288:n02128385.pkl:0;n02128385.pkl:7;n02128385.pkl:9|class=274:n02115913.pkl:17;n02115913.pkl:20;n02115913.pkl:25|class=966:n07892512.pkl:9;n07892512.pkl:17;n07892512.pkl:23
swin,1119,351,-,87,62,43,20,0.12452384985573552,0.17838929768570722,0.05616179597709709,0.10991746476825466,0.7376392350021446,0.055522579351242544,class=41:n01685808.pkl:0;n01685808.pkl:1;n01685808.pkl:2|class=284:n02123597.pkl:0;n02123597.pkl:2;n02123597.pkl:3|class=333:n02342885.pkl:1;n02342885.pkl:2;n02342885.pkl:3
swin,1120,352,-,62,42,27,11,0.10219635730040828,0.16174197410905627,0.04135193767424563,0.10694664925157082,0.6745740333900827,0.12401151830194562,class=335:n02356798.pkl:2;n02356798.pkl:3;n02356798.pkl:6|class=991:n12985857.pkl:1;n12985857.pkl:6;n12985857.pkl:10|class=729:n03961711.pkl:14;n03961711.pkl:19;n03961711.pkl:35
swin,1121,353,-,91,71,47,30,0.19283202790288934,0.24272467372835838,0.09847032311696281,0.1686432537665363,0.7633315173049227,0.04322090507369888,class=986:n12057211.pkl:0;n12057211.pkl:1;n12057211.pkl:2|class=300:n02165105.pkl:0;n02165105.pkl:1;n02165105.pkl:2|class=376:n02489166.pkl:0;n02489166.pkl:1;n02489166.pkl:2
swin,1122,354,-,58,40,26,13,0.1380627250075157,0.21581839337125008,0.06545064084615115,0.14438159893753047,0.6716034898114349,0.10114252555098176,class=347:n02410509.pkl:0;n02410509.pkl:1;n02410509.pkl:2|class=309:n02206856.pkl:0;n02206856.pkl:5;n02206856.pkl:6|class=359:n02443484.pkl:1;n02443484.pkl:3;n02443484.pkl:4
swin,1123,355,-,55,37,24,9,0.08976869289900709,0.13171679729699015,0.028633711404896536,0.049121860906193526,0.7562100746813138,0.07169141092960722,class=970:n09193705.pkl:18;n09193705.pkl:20;n09193705.pkl:24|class=442:n02825657.pkl:1;n02825657.pkl:14;n02825657.pkl:15|class=884:n04523525.pkl:0;n04523525.pkl:2;n04523525.pkl:11
swin,1124,356,-,54,35,22,8,0.0627245306388511,0.08218073399409191,0.02240958099991914,0.03634523848785508,0.7734106530600414,0.06723027760180059,class=58:n01737021.pkl:4;n01737021.pkl:20;n01737021.pkl:27|class=501:n03045698.pkl:8;n03045698.pkl:16;n03045698.pkl:26|class=513:n03110669.pkl:10;n03110669.pkl:52;n03110669.pkl:63
swin,1125,357,-,65,29,15,4,0.03768751370908253,0.07166076462558747,0.014113254436359262,0.03067359164646536,0.7186535641228156,0.08805568696938071,class=565:n03393912.pkl:0;n03393912.pkl:1;n03393912.pkl:10|class=182:n02093754.pkl:1;n02093754.pkl:2;n02093754.pkl:21|class=584:n03476684.pkl:2;n03476684.pkl:7;n03476684.pkl:20
swin,1126,358,-,103,68,41,20,0.12350635513940846,0.21010403742099285,0.058748218969146775,0.1505369557893152,0.6690584056539896,0.07345571920398598,class=430:n02802426.pkl:0;n02802426.pkl:2;n02802426.pkl:3|class=303:n02168699.pkl:0;n02168699.pkl:1;n02168699.pkl:3|class=301:n02165456.pkl:0;n02165456.pkl:2;n02165456.pkl:3
swin,1127,359,-,61,33,20,6,0.06727310495413438,0.11507279918133761,0.02570878611045588,0.05574064774539271,0.6870926086883036,0.09345735354017717,class=729:n03961711.pkl:0;n03961711.pkl:8;n03961711.pkl:10|class=72:n01773157.pkl:0;n01773157.pkl:1;n01773157.pkl:6|class=28:n01632458.pkl:7;n01632458.pkl:19;n01632458.pkl:28
swin,1128,360,-,102,74,56,29,0.15349306488733325,0.22077540957342248,0.0792007876998931,0.16026655046301674,0.7369693367404994,0.04994847259284798,class=604:n03544143.pkl:0;n03544143.pkl:1;n03544143.pkl:2|class=42:n01687978.pkl:0;n01687978.pkl:1;n01687978.pkl:2|class=249:n02110063.pkl:0;n02110063.pkl:1;n02110063.pkl:2
swin,1129,361,-,93,64,40,21,0.10330800773075695,0.16425400865678147,0.04958378989720704,0.12775818054728685,0.6986845597336849,0.08213901740117804,class=340:n02391049.pkl:0;n02391049.pkl:1;n02391049.pkl:2|class=375:n02488702.pkl:1;n02488702.pkl:2;n02488702.pkl:3|class=385:n02504013.pkl:5;n02504013.pkl:8;n02504013.pkl:12
swin,1130,362,-,85,57,38,17,0.12259656074679255,0.19297069575445167,0.05589960632743678,0.13305660003665357,0.69491429092662,0.07842027167241603,class=123:n01984695.pkl:0;n01984695.pkl:1;n01984695.pkl:2|class=688:n03857828.pkl:0;n03857828.pkl:2;n03857828.pkl:4|class=669:n03788365.pkl:4;n03788365.pkl:9;n03788365.pkl:10
swin,1131,363,-,146,107,78,35,0.13158662114524078,0.19477363451001412,0.06594352549594303,0.13317327575327054,0.7620584135157487,0.03478356313830576,class=707:n03902125.pkl:1;n03902125.pkl:2;n03902125.pkl:3|class=441:n02823750.pkl:2;n02823750.pkl:3;n02823750.pkl:5|class=10:n01530575.pkl:0;n01530575.pkl:3;n01530575.pkl:6
swin,1132,364,-,67,38,29,15,0.10919553299453104,0.16694955787895727,0.051474181608980936,0.09619092496546951,0.712811947505196,0.06704658419088905,class=909:n04596742.pkl:2;n04596742.pkl:4;n04596742.pkl:6|class=411:n02730930.pkl:2;n02730930.pkl:5;n02730930.pkl:6|class=348:n02412080.pkl:4;n02412080.pkl:10;n02412080.pkl:13
swin,1133,365,-,95,73,50,23,0.14241565991619254,0.2075808092931668,0.06753854547594532,0.1595092787094376,0.7009550073675043,0.06924075137183154,class=139:n02025239.pkl:0;n02025239.pkl:1;n02025239.pkl:2|class=90:n01820546.pkl:0;n01820546.pkl:2;n01820546.pkl:3|class=814:n04273569.pkl:0;n04273569.pkl:1;n04273569.pkl:3
swin,1134,366,-,40,20,8,2,0.0390260658452959,0.07336545695998795,0.011547217218128748,0.026374870609785224,0.6618553761140482,0.15542655194429472,class=80:n01795545.pkl:6;n01795545.pkl:14;n01795545.pkl:35|class=996:n13052670.pkl:56;n13052670.pkl:65;n13052670.pkl:82|class=310:n02219486.pkl:22;n02219486.pkl:51;n02219486.pkl:114
swin,1135,367,-,121,78,52,24,0.11426183083672478,0.19503865542816787,0.05956249029363548,0.1272722410274314,0.7205947340621716,0.04599876454301791,class=287:n02127052.pkl:0;n02127052.pkl:1;n02127052.pkl:2|class=702:n03888605.pkl:1;n03888605.pkl:3;n03888605.pkl:4|class=873:n04486054.pkl:2;n04486054.pkl:5;n04486054.pkl:8
swin,1136,368,-,85,47,28,10,0.0694128788020052,0.12641199537263928,0.025612952927376524,0.06096251562748181,0.6979771526668669,0.07841276880368536,class=80:n01795545.pkl:4;n01795545.pkl:5;n01795545.pkl:11|class=630:n03680355.pkl:5;n03680355.pkl:6;n03680355.pkl:14|class=785:n04162706.pkl:6;n04162706.pkl:7;n04162706.pkl:10
swin,1137,369,-,83,50,31,10,0.07225727854360367,0.13497334997955526,0.029489632680430103,0.08251953168063479,0.6676899530979766,0.1063883706234009,class=247:n02109525.pkl:0;n02109525.pkl:1;n02109525.pkl:3|class=51:n01704323.pkl:0;n01704323.pkl:1;n01704323.pkl:2|class=214:n02101006.pkl:2;n02101006.pkl:9;n02101006.pkl:11
swin,1138,370,-,80,50,28,9,0.0774663721464683,0.14755189619963147,0.035830659670920514,0.09793033577091638,0.6381916133995388,0.10587591966541446,class=881:n04515003.pkl:0;n04515003.pkl:3;n04515003.pkl:6|class=779:n04146614.pkl:1;n04146614.pkl:3;n04146614.pkl:4|class=221:n02102973.pkl:0;n02102973.pkl:8;n02102973.pkl:10
swin,1139,371,-,82,53,29,13,0.09712430153944608,0.18134665158516355,0.047070716305490916,0.1476506633206019,0.6148391647527475,0.13218796344311964,class=326:n02281787.pkl:0;n02281787.pkl:1;n02281787.pkl:3|class=803:n04252225.pkl:0;n04252225.pkl:1;n04252225.pkl:3|class=270:n02114548.pkl:12;n02114548.pkl:13;n02114548.pkl:16
swin,1140,372,-,50,27,16,4,0.061406823389643046,0.11391385706089152,0.02264897866144141,0.06034017435218704,0.6463279016860055,0.16195342382928551,class=210:n02100236.pkl:3;n02100236.pkl:6;n02100236.pkl:8|class=759:n04069434.pkl:5;n04069434.pkl:7;n04069434.pkl:8|class=988:n12267677.pkl:1;n12267677.pkl:39;n12267677.pkl:51
swin,1141,373,-,95,66,48,20,0.09807885492341843,0.1382333400371921,0.039486581522330144,0.07030939001215611,0.7738040464863517,0.04389998681777251,class=3:n01491361.pkl:1;n01491361.pkl:2;n01491361.pkl:4|class=613:n03602883.pkl:7;n03602883.pkl:24;n03602883.pkl:25|class=29:n01632777.pkl:0;n01632777.pkl:4;n01632777.pkl:6
swin,1142,374,-,71,40,22,9,0.061881284300837225,0.10279089744829516,0.022688502038309875,0.05174598251123102,0.7086050803130646,0.0873472676433266,class=978:n09428293.pkl:2;n09428293.pkl:3;n09428293.pkl:5|class=267:n02113799.pkl:2;n02113799.pkl:11;n02113799.pkl:13|class=484:n02981792.pkl:1;n02981792.pkl:24;n02981792.pkl:58
swin,1143,375,-,78,56,35,23,0.17087059809286914,0.24454397046944903,0.08895195181353362,0.1799908899832221,0.7098399130794439,0.06531279830918105,class=685:n03841143.pkl:0;n03841143.pkl:1;n03841143.pkl:2|class=295:n02133161.pkl:1;n02133161.pkl:2;n02133161.pkl:3|class=926:n07590611.pkl:2;n07590611.pkl:3;n07590611.pkl:5
swin,1144,376,-,136,110,84,55,0.21212456429163615,0.24847298740107582,0.11142385287307588,0.18536779053349414,0.798417510601336,0.027703357354673386,class=292:n02129604.pkl:0;n02129604.pkl:1;n02129604.pkl:2|class=308:n02190166.pkl:0;n02190166.pkl:1;n02190166.pkl:3|class=267:n02113799.pkl:1;n02113799.pkl:2;n02113799.pkl:5
swin,1145,377,-,86,57,39,20,0.10160473413985789,0.15717747298215798,0.04184775427236737,0.09115640660904327,0.7209470797509634,0.06680154596373107,class=988:n12267677.pkl:3;n12267677.pkl:7;n12267677.pkl:9|class=211:n02100583.pkl:3;n02100583.pkl:5;n02100583.pkl:7|class=112:n01943899.pkl:6;n01943899.pkl:7;n01943899.pkl:13
swin,1146,378,-,126,102,77,47,0.18309871593927898,0.20954534617189088,0.08426987988279239,0.131602798973569,0.8131750030028118,0.02729247869398327,class=625:n03662601.pkl:0;n03662601.pkl:2;n03662601.pkl:4|class=628:n03673027.pkl:0;n03673027.pkl:1;n03673027.pkl:2|class=466:n02917067.pkl:2;n02917067.pkl:7;n02917067.pkl:12
swin,1147,379,-,70,39,19,7,0.06883486548312473,0.14180373753338466,0.029249868941898686,0.08366868969875757,0.6214128108105227,0.1311764377073859,class=552:n03325584.pkl:0;n03325584.pkl:3;n03325584.pkl:7|class=394:n02640242.pkl:0;n02640242.pkl:4;n02640242.pkl:7|class=996:n13052670.pkl:1;n13052670.pkl:5;n13052670.pkl:11
swin,1148,380,-,62,40,19,10,0.1060318925242569,0.1870142787718821,0.04091088946755142,0.10249415408840101,0.6360054243299266,0.11736355917646449,class=178:n02092339.pkl:0;n02092339.pkl:1;n02092339.pkl:2|class=425:n02793495.pkl:3;n02793495.pkl:13;n02793495.pkl:20|class=831:n04344873.pkl:4;n04344873.pkl:5;n04344873.pkl:8
swin,1149,381,-,90,64,40,26,0.16191264990891543,0.2287933887319484,0.08123604729048067,0.15695562049254164,0.7250122527651823,0.05258871572725168,class=325:n02281406.pkl:1;n02281406.pkl:3;n02281406.pkl:4|class=287:n02127052.pkl:0;n02127052.pkl:1;n02127052.pkl:2|class=122:n01983481.pkl:2;n01983481.pkl:3;n01983481.pkl:5
swin,1150,382,-,88,63,38,23,0.15655554967939242,0.2330319744628536,0.08438107965142055,0.17844343129112686,0.7046984552704514,0.062182892469933596,class=326:n02281787.pkl:2;n02281787.pkl:3;n02281787.pkl:4|class=323:n02279972.pkl:0;n02279972.pkl:1;n02279972.pkl:2|class=352:n02422699.pkl:4;n02422699.pkl:6;n02422699.pkl:8
swin,1151,383,-,77,44,23,11,0.07742686125697512,0.1341314105873191,0.03289194260380993,0.07528316385642593,0.6801224364621627,0.08102100462970872,class=158:n02087046.pkl:0;n02087046.pkl:3;n02087046.pkl:4|class=64:n01749939.pkl:3;n01749939.pkl:5;n01749939.pkl:11|class=909:n04596742.pkl:9;n04596742.pkl:11;n04596742.pkl:12
swin,1152,384,-,68,45,28,14,0.09722847739148406,0.14081491978062807,0.037666389270160305,0.07127694304463403,0.7310658341141104,0.06736592869634497,class=926:n07590611.pkl:15;n07590611.pkl:18;n07590611.pkl:19|class=865:n04462240.pkl:3;n04462240.pkl:4;n04462240.pkl:7|class=65:n01751748.pkl:4;n01751748.pkl:20;n01751748.pkl:33
swin,1153,385,-,128,92,70,43,0.17073794981988846,0.22681090747295943,0.08867435714766837,0.1642316806604198,0.7718414856138431,0.0346108347290531,class=986:n12057211.pkl:0;n12057211.pkl:1;n12057211.pkl:2|class=853:n04417672.pkl:0;n04417672.pkl:1;n04417672.pkl:4|class=109:n01917289.pkl:0;n01917289.pkl:3;n01917289.pkl:4
swin,1154,386,-,82,48,27,10,0.07242131138769037,0.14034475392679416,0.03263624160180987,0.09017952743593255,0.6460874502250596,0.10530629089761011,class=44:n01689811.pkl:1;n01689811.pkl:2;n01689811.pkl:3|class=569:n03417042.pkl:0;n03417042.pkl:2;n03417042.pkl:3|class=727:n03956157.pkl:0;n03956157.pkl:4;n03956157.pkl:5
swin,1155,387,-,94,72,48,32,0.17843122662837277,0.22697503468344093,0.08219251814462021,0.1463509325946948,0.756098231833294,0.044366917096568655,class=654:n03769881.pkl:0;n03769881.pkl:1;n03769881.pkl:3|class=107:n01910747.pkl:0;n01910747.pkl:1;n01910747.pkl:3|class=479:n02974003.pkl:5;n02974003.pkl:9;n02974003.pkl:10
swin,1157,389,-,76,51,29,13,0.09038712049474999,0.1422501782348472,0.034783649302187504,0.07196604025833829,0.7156880210417833,0.06948161528720587,class=434:n02808304.pkl:1;n02808304.pkl:10;n02808304.pkl:11|class=603:n03538406.pkl:12;n03538406.pkl:13;n03538406.pkl:15|class=327:n02317335.pkl:3;n02317335.pkl:10;n02317335.pkl:11
swin,1158,390,-,119,79,52,24,0.11351381568171406,0.19821913805384486,0.05718430872000811,0.1450760513275355,0.6907608221277586,0.06249009323405122,class=164:n02088632.pkl:0;n02088632.pkl:1;n02088632.pkl:2|class=392:n02606052.pkl:0;n02606052.pkl:1;n02606052.pkl:2|class=607:n03590841.pkl:0;n03590841.pkl:1;n03590841.pkl:2
swin,1159,391,-,120,88,58,24,0.1216878099046869,0.19062614006195872,0.05603689917091928,0.13139682378469064,0.7207473603572909,0.05415177325506663,class=324:n02280649.pkl:2;n02280649.pkl:3;n02280649.pkl:4|class=481:n02978881.pkl:0;n02978881.pkl:3;n02978881.pkl:5|class=92:n01828970.pkl:0;n01828970.pkl:1;n01828970.pkl:5
swin,1160,392,-,91,63,34,17,0.08293083693976637,0.13644064462907926,0.03338697935494355,0.07564076967281999,0.7223675641911347,0.06739383248023642,class=407:n02701002.pkl:0;n02701002.pkl:2;n02701002.pkl:3|class=61:n01742172.pkl:6;n01742172.pkl:7;n01742172.pkl:8|class=347:n02410509.pkl:3;n02410509.pkl:4;n02410509.pkl:9
swin,1161,393,-,72,49,32,13,0.1037080290964744,0.15189549579402725,0.0373395419868087,0.0794913586686769,0.7177394052458859,0.07683506762268244,class=959:n07831146.pkl:8;n07831146.pkl:9;n07831146.pkl:10|class=6:n01498041.pkl:2;n01498041.pkl:3;n01498041.pkl:5|class=660:n03776460.pkl:0;n03776460.pkl:2;n03776460.pkl:10
swin,1162,394,-,78,59,37,18,0.14282850180539958,0.209307405907156,0.06035523055146452,0.1220752291613567,0.7173735698283651,0.0652687223989734,class=51:n01704323.pkl:1;n01704323.pkl:2;n01704323.pkl:3|class=105:n01882714.pkl:2;n01882714.pkl:4;n01882714.pkl:6|class=349:n02415577.pkl:0;n02415577.pkl:1;n02415577.pkl:5
swin,1163,395,-,81,53,36,15,0.12364969885939034,0.21095305563495906,0.059931488548757024,0.1446587153518221,0.6647361225501084,0.08427302899391316,class=181:n02093647.pkl:0;n02093647.pkl:1;n02093647.pkl:2|class=134:n02012849.pkl:0;n02012849.pkl:1;n02012849.pkl:6|class=250:n02110185.pkl:0;n02110185.pkl:2;n02110185.pkl:3
swin,1164,396,-,181,141,112,73,0.17017830984499238,0.21174112119980332,0.0947536167608544,0.15644193005202964,0.814512875372016,0.020585249978501648,class=352:n02422699.pkl:0;n02422699.pkl:1;n02422699.pkl:3|class=304:n02169497.pkl:1;n02169497.pkl:2;n02169497.pkl:4|class=396:n02643566.pkl:1;n02643566.pkl:3;n02643566.pkl:4
swin,1165,397,-,81,58,39,21,0.12399238727271568,0.17408151003055414,0.050922609877345475,0.107228748738705,0.7271820127797826,0.0670871104518499,class=471:n02950826.pkl:0;n02950826.pkl:2;n02950826.pkl:3|class=14:n01537544.pkl:1;n01537544.pkl:4;n01537544.pkl:5|class=123:n01984695.pkl:0;n01984695.pkl:3;n01984695.pkl:7
swin,1166,398,-,73,52,33,11,0.09142121384566711,0.14694486618239316,0.037021813439503067,0.09193093899063064,0.6821968073142799,0.09816525794510982,class=323:n02279972.pkl:0;n02279972.pkl:2;n02279972.pkl:4|class=62:n01744401.pkl:0;n01744401.pkl:1;n01744401.pkl:6|class=293:n02130308.pkl:1;n02130308.pkl:3;n02130308.pkl:7
swin,1167,399,-,90,64,34,17,0.1017632807238602,0.18148217650278065,0.05124966432426091,0.13381609362741917,0.6707239714812613,0.08686276787064988,class=663:n03781244.pkl:1;n03781244.pkl:4;n03781244.pkl:5|class=152:n02085782.pkl:3;n02085782.pkl:4;n02085782.pkl:5|class=83:n01798484.pkl:2;n01798484.pkl:5;n01798484.pkl:8
swin,1168,400,-,63,37,26,9,0.0909762543352589,0.1703393120869614,0.04516797906943216,0.13167303816684756,0.5968181137829615,0.15076677089598547,class=802:n04252077.pkl:0;n04252077.pkl:1;n04252077.pkl:2|class=569:n03417042.pkl:0;n03417042.pkl:2;n03417042.pkl:3|class=532:n03201208.pkl:4;n03201208.pkl:5;n03201208.pkl:9
swin,1169,401,-,35,26,13,4,0.07526401925698978,0.10550121657820602,0.01996532865859807,0.03529249984688205,0.7144362041447634,0.1178493090447304,class=741:n03998194.pkl:1;n03998194.pkl:8;n03998194.pkl:19|class=509:n03089624.pkl:3;n03089624.pkl:42;n03089624.pkl:57|class=86:n01807496.pkl:5;n01807496.pkl:53;n01807496.pkl:74
swin,1170,402,-,108,77,57,26,0.16539668081397552,0.23235070733315397,0.08636502320052776,0.16939989929246058,0.7380730276406964,0.04488195258513341,class=952:n07753113.pkl:2;n07753113.pkl:3;n07753113.pkl:4|class=56:n01734418.pkl:1;n01734418.pkl:2;n01734418.pkl:3|class=362:n02447366.pkl:0;n02447366.pkl:2;n02447366.pkl:3
swin,1171,403,-,74,46,34,14,0.09423248554152228,0.14256811772510145,0.039416047868962974,0.07403952182286805,0.7402801700008107,0.06119495071877005,class=916:n06359193.pkl:4;n06359193.pkl:9;n06359193.pkl:11|class=237:n02107312.pkl:2;n02107312.pkl:8;n02107312.pkl:9|class=57:n01735189.pkl:8;n01735189.pkl:10;n01735189.pkl:17
swin,1172,404,-,53,40,21,10,0.08616463066411524,0.138234254735925,0.032399997904829995,0.06654262999024368,0.6997733915202474,0.09845345025292747,class=343:n02397096.pkl:6;n02397096.pkl:9;n02397096.pkl:17|class=741:n03998194.pkl:1;n03998194.pkl:10;n03998194.pkl:11|class=721:n03938244.pkl:3;n03938244.pkl:28;n03938244.pkl:34
swin,1173,405,-,61,43,35,11,0.11086199778767808,0.1603347700040672,0.045483668166352624,0.10626087192271828,0.7084519126214734,0.10586931688807338,class=56:n01734418.pkl:0;n01734418.pkl:1;n01734418.pkl:5|class=67:n01755581.pkl:0;n01755581.pkl:3;n01755581.pkl:10|class=245:n02108915.pkl:1;n02108915.pkl:8;n02108915.pkl:10
swin,1174,406,-,87,55,35,17,0.11525424010213506,0.19629157085927518,0.053421083864290356,0.12613035656905597,0.675345326780242,0.0755701364955887,class=161:n02088238.pkl:3;n02088238.pkl:5;n02088238.pkl:7|class=139:n02025239.pkl:0;n02025239.pkl:3;n02025239.pkl:5|class=780:n04147183.pkl:0;n04147183.pkl:1;n04147183.pkl:3
swin,1175,407,-,82,56,34,18,0.0919370597646101,0.144222570970874,0.03568243328265968,0.07784541519018,0.7304537049668944,0.07023724657421684,class=681:n03832673.pkl:2;n03832673.pkl:3;n03832673.pkl:8|class=256:n02111277.pkl:2;n02111277.pkl:7;n02111277.pkl:22|class=526:n03179701.pkl:1;n03179701.pkl:8;n03179701.pkl:9
swin,1176,408,-,85,52,34,17,0.11721634490540499,0.20484985815906093,0.060951327935341595,0.1530961868099817,0.6669177069135647,0.08598855596229776,class=393:n02607072.pkl:0;n02607072.pkl:1;n02607072.pkl:2|class=780:n04147183.pkl:0;n04147183.pkl:1;n04147183.pkl:2|class=9:n01518878.pkl:0;n01518878.pkl:6;n01518878.pkl:9
swin,1177,409,-,69,36,25,7,0.060395153148356126,0.11583329793778116,0.02116148781401421,0.051188345387929025,0.7026889327253503,0.09929369926644667,class=912:n04604644.pkl:2;n04604644.pkl:7;n04604644.pkl:9|class=798:n04238763.pkl:0;n04238763.pkl:9;n04238763.pkl:14|class=714:n03929660.pkl:7;n03929660.pkl:9;n03929660.pkl:20
swin,1178,410,-,96,54,39,16,0.07672524436109189,0.11245070507973703,0.027709562407557276,0.05305141745300657,0.7576156784406083,0.048599083660171405,class=43:n01688243.pkl:0;n01688243.pkl:5;n01688243.pkl:7|class=724:n03947888.pkl:0;n03947888.pkl:3;n03947888.pkl:7|class=524:n03146219.pkl:3;n03146219.pkl:6;n03146219.pkl:9
swin,1179,411,-,82,71,46,27,0.1869653711300225,0.23882353562976713,0.09600896042105345,0.17905650594842565,0.7466154109742756,0.05461240276149334,class=289:n02128757.pkl:0;n02128757.pkl:1;n02128757.pkl:2|class=321:n02276258.pkl:0;n02276258.pkl:1;n02276258.pkl:2|class=522:n03134739.pkl:1;n03134739.pkl:3;n03134739.pkl:4
swin,1180,412,-,171,124,82,39,0.1074184349284952,0.16110403219547026,0.05487876266175028,0.11212215726219842,0.7730262477644216,0.03025853656819747,class=226:n02105251.pkl:0;n02105251.pkl:2;n02105251.pkl:3|class=21:n01608432.pkl:0;n01608432.pkl:2;n01608432.pkl:3|class=0:n01440764.pkl:0;n01440764.pkl:1;n01440764.pkl:5
swin,1181,413,-,84,56,39,15,0.08318257925853265,0.12118916712103892,0.02969694311249775,0.06962983510735278,0.7435746885328414,0.0773514920665208,class=58:n01737021.pkl:0;n01737021.pkl:1;n01737021.pkl:2|class=489:n03000134.pkl:4;n03000134.pkl:11;n03000134.pkl:27|class=674:n03794056.pkl:0;n03794056.pkl:5;n03794056.pkl:33
swin,1182,414,-,84,66,40,25,0.18884001524290492,0.2520366428864199,0.1029334648216069,0.18546811111899444,0.7380166958815616,0.05055445310906599,class=540:n03240683.pkl:0;n03240683.pkl:1;n03240683.pkl:2|class=669:n03788365.pkl:0;n03788365.pkl:1;n03788365.pkl:2|class=951:n07749582.pkl:1;n07749582.pkl:2;n07749582.pkl:4
swin,1183,415,-,101,67,51,23,0.12235533079127502,0.18419478767411815,0.056582215959934144,0.11796111660322174,0.7323935198745767,0.05293347965567662,class=324:n02280649.pkl:0;n02280649.pkl:1;n02280649.pkl:2|class=363:n02454379.pkl:0;n02454379.pkl:1;n02454379.pkl:3|class=305:n02172182.pkl:1;n02172182.pkl:2;n02172182.pkl:3
swin,1184,416,-,81,59,45,23,0.1369333052428247,0.18887181277199466,0.06257096533909738,0.11845916526251703,0.7480779177879245,0.0565949995710089,class=640:n03717622.pkl:0;n03717622.pkl:1;n03717622.pkl:3|class=11:n01531178.pkl:0;n01531178.pkl:1;n01531178.pkl:5|class=914:n04612504.pkl:5;n04612504.pkl:6;n04612504.pkl:8
swin,1185,417,-,100,79,56,33,0.1748181049955912,0.23040884656140811,0.08841384675390117,0.16151883672321324,0.7540852016667918,0.043373809547685604,class=216:n02101556.pkl:0;n02101556.pkl:1;n02101556.pkl:4|class=612:n03599486.pkl:0;n03599486.pkl:2;n03599486.pkl:3|class=989:n12620546.pkl:0;n12620546.pkl:2;n12620546.pkl:3
swin,1186,418,-,75,54,33,15,0.10926559395612107,0.16395216657309802,0.044216370912349263,0.11350644161420897,0.6987616958858982,0.1011978582273766,class=537:n03218198.pkl:0;n03218198.pkl:1;n03218198.pkl:2|class=126:n01990800.pkl:0;n01990800.pkl:1;n01990800.pkl:3|class=864:n04461696.pkl:1;n04461696.pkl:5;n04461696.pkl:16
swin,1187,419,-,76,44,24,15,0.10287840650328861,0.18348500987560057,0.04724698305621757,0.10482305675785751,0.6808641839077145,0.0779246118142069,class=815:n04275548.pkl:1;n04275548.pkl:2;n04275548.pkl:4|class=910:n04597913.pkl:0;n04597913.pkl:6;n04597913.pkl:7|class=74:n01773797.pkl:17;n01773797.pkl:19;n01773797.pkl:20
swin,1188,420,-,71,45,23,7,0.06341399304635077,0.11260762160280274,0.024508009689336575,0.05958751246969627,0.6820903123537012,0.09734444370931633,class=425:n02793495.pkl:4;n02793495.pkl:6;n02793495.pkl:11|class=449:n02859443.pkl:14;n02859443.pkl:23;n02859443.pkl:26|class=378:n02492035.pkl:7;n02492035.pkl:8;n02492035.pkl:24
swin,1189,421,-,75,47,28,6,0.06283091901552995,0.10657685435734071,0.021325947209709425,0.045766887859615496,0.72689618328612,0.07474131733841158,class=520:n03131574.pkl:1;n03131574.pkl:2;n03131574.pkl:5|class=825:n04326547.pkl:1;n04326547.pkl:4;n04326547.pkl:5|class=535:n03208938.pkl:0;n03208938.pkl:1;n03208938.pkl:4
swin,1190,422,-,67,46,25,14,0.1108666775543747,0.1657070840974019,0.04309552699319985,0.09683184301679551,0.6884027293619711,0.09027779259670159,class=137:n02018207.pkl:2;n02018207.pkl:3;n02018207.pkl:5|class=282:n02123159.pkl:6;n02123159.pkl:8;n02123159.pkl:14|class=110:n01924916.pkl:2;n01924916.pkl:9;n01924916.pkl:13
swin,1191,423,-,88,57,39,20,0.09943356405440652,0.14227531880163247,0.04308735463255758,0.07706713047458365,0.7588865748630423,0.04771795780516244,class=540:n03240683.pkl:0;n03240683.pkl:2;n03240683.pkl:3|class=603:n03538406.pkl:0;n03538406.pkl:2;n03538406.pkl:5|class=144:n02051845.pkl:1;n02051845.pkl:3;n02051845.pkl:8
swin,1192,424,-,89,68,48,27,0.17708394548159656,0.23951844456790866,0.0940307038453515,0.17446075836771818,0.7390591566546585,0.04991414407643541,class=658:n03775071.pkl:3;n03775071.pkl:5;n03775071.pkl:6|class=143:n02037110.pkl:0;n02037110.pkl:1;n02037110.pkl:2|class=694:n03874293.pkl:0;n03874293.pkl:2;n03874293.pkl:5
swin,1193,425,-,76,52,37,21,0.1477778535164406,0.21727497987029265,0.07138681094687899,0.1414142400305176,0.7234075283264338,0.06479200919972514,class=90:n01820546.pkl:3;n01820546.pkl:4;n01820546.pkl:5|class=35:n01667114.pkl:2;n01667114.pkl:4;n01667114.pkl:6|class=99:n01855672.pkl:1;n01855672.pkl:2;n01855672.pkl:3
swin,1194,426,-,92,69,46,24,0.1332846512355525,0.18772772408117494,0.060552072410740426,0.13223313542738702,0.7278521776497102,0.06270595430391751,class=955:n07754684.pkl:0;n07754684.pkl:2;n07754684.pkl:3|class=888:n04532670.pkl:0;n04532670.pkl:1;n04532670.pkl:2|class=252:n02110627.pkl:1;n02110627.pkl:10;n02110627.pkl:17
swin,1195,427,-,66,41,29,16,0.10966935123210046,0.15707994890149904,0.04095765840579843,0.09126330305181286,0.7076656516234571,0.09037928568749665,class=403:n02687172.pkl:0;n02687172.pkl:2;n02687172.pkl:3|class=480:n02977058.pkl:0;n02977058.pkl:3;n02977058.pkl:4|class=897:n04554684.pkl:0;n04554684.pkl:31;n04554684.pkl:41
swin,1196,428,-,90,66,45,26,0.18647712166143798,0.2670410822329973,0.104918431967806,0.21648597096971434,0.7049231491646277,0.058416805696873776,class=325:n02281406.pkl:0;n02281406.pkl:1;n02281406.pkl:3|class=323:n02279972.pkl:0;n02279972.pkl:1;n02279972.pkl:2|class=95:n01843065.pkl:0;n01843065.pkl:1;n01843065.pkl:2
swin,1197,429,-,61,34,23,5,0.08024110663065773,0.15080335540950873,0.03424001362570127,0.09153739901036251,0.6260670370003174,0.1335588598355422,class=98:n01855032.pkl:2;n01855032.pkl:5;n01855032.pkl:6|class=963:n07873807.pkl:0;n07873807.pkl:3;n07873807.pkl:6|class=533:n03207743.pkl:0;n03207743.pkl:2;n03207743.pkl:10
swin,1198,430,-,119,96,70,35,0.1655157143509732,0.2211678925786501,0.07922644437262204,0.1547231671348805,0.7595839707532983,0.04045301944785366,class=878:n04505470.pkl:0;n04505470.pkl:1;n04505470.pkl:2|class=378:n02492035.pkl:0;n02492035.pkl:1;n02492035.pkl:2|class=810:n04264628.pkl:3;n04264628.pkl:8;n04264628.pkl:20
swin,1199,431,-,60,39,22,7,0.06074569625467522,0.08132323913096325,0.018182678191659734,0.029003894465959468,0.7862008060796366,0.05907446024747639,class=527:n03180011.pkl:6;n03180011.pkl:10;n03180011.pkl:14|class=864:n04461696.pkl:9;n04461696.pkl:19;n04461696.pkl:23|class=883:n04522168.pkl:9;n04522168.pkl:17;n04522168.pkl:21
swin,1200,432,-,80,50,39,25,0.1286885554921045,0.17172516433453278,0.05527144149318188,0.08891853961305238,0.7764729340750063,0.04485139952999928,class=98:n01855032.pkl:0;n01855032.pkl:1;n01855032.pkl:2|class=776:n04141076.pkl:2;n04141076.pkl:3;n04141076.pkl:4|class=416:n02777292.pkl:1;n02777292.pkl:5;n02777292.pkl:12
swin,1201,433,-,84,53,31,14,0.09463725391981267,0.15450481986465422,0.036936732573817674,0.07958186517351912,0.7208400576631161,0.06716744806534121,class=959:n07831146.pkl:3;n07831146.pkl:5;n07831146.pkl:7|class=336:n02361337.pkl:3;n02361337.pkl:5;n02361337.pkl:7|class=555:n03345487.pkl:0;n03345487.pkl:2;n03345487.pkl:4
swin,1202,434,-,88,55,39,15,0.09537909041509822,0.13140121069382965,0.03372046752037384,0.06571551444807493,0.7556711119299241,0.05452210012075518,class=719:n03935335.pkl:0;n03935335.pkl:1;n03935335.pkl:4|class=945:n07720875.pkl:0;n07720875.pkl:1;n07720875.pkl:3|class=185:n02094114.pkl:6;n02094114.pkl:9;n02094114.pkl:17
swin,1203,435,-,75,42,26,8,0.07861955193728733,0.15479864646369718,0.031899817716255795,0.080027888465065,0.6633076816878632,0.09724938664616475,class=534:n03207941.pkl:0;n03207941.pkl:1;n03207941.pkl:3|class=963:n07873807.pkl:0;n07873807.pkl:1;n07873807.pkl:7|class=748:n04026417.pkl:8;n04026417.pkl:18;n04026417.pkl:23
swin,1204,436,-,105,80,60,40,0.22332613135169285,0.27674961008034726,0.1304839035568597,0.21964232564465327,0.7751855716827245,0.03650921119349883,class=302:n02167151.pkl:0;n02167151.pkl:1;n02167151.pkl:2|class=308:n02190166.pkl:0;n02190166.pkl:1;n02190166.pkl:2|class=48:n01695060.pkl:2;n01695060.pkl:3;n01695060.pkl:4
swin,1205,437,-,93,62,45,20,0.08929353181684871,0.1264662132901622,0.0353365288408515,0.0678859320295094,0.771228888138895,0.05043791341599307,class=579:n03452741.pkl:6;n03452741.pkl:7;n03452741.pkl:8|class=751:n04037443.pkl:4;n04037443.pkl:5;n04037443.pkl:12|class=479:n02974003.pkl:2;n02974003.pkl:5;n02974003.pkl:9
swin,1206,438,-,48,23,14,8,0.06540460086043698,0.10472259312799839,0.021419329873401727,0.0419573012849788,0.6906821703032215,0.10077295650352233,class=290:n02128925.pkl:7;n02128925.pkl:10;n02128925.pkl:16|class=35:n01667114.pkl:21;n01667114.pkl:23;n01667114.pkl:26|class=36:n01667778.pkl:13;n01667778.pkl:17;n01667778.pkl:23
swin,1207,439,-,84,48,27,6,0.0543118165474376,0.10317217820253592,0.018716176640018123,0.05020098301510046,0.6959320798444024,0.09755151159860152,class=224:n02105056.pkl:5;n02105056.pkl:6;n02105056.pkl:7|class=264:n02113186.pkl:13;n02113186.pkl:18;n02113186.pkl:21|class=967:n07920052.pkl:32;n07920052.pkl:41;n07920052.pkl:43
swin,1208,440,-,71,50,36,17,0.12160127976475778,0.1924801568335775,0.05878581313259262,0.1266044054158534,0.7015175930622866,0.07941173462967473,class=93:n01829413.pkl:0;n01829413.pkl:1;n01829413.pkl:2|class=946:n07730033.pkl:1;n07730033.pkl:3;n07730033.pkl:11|class=630:n03680355.pkl:0;n03680355.pkl:2;n03680355.pkl:5
swin,1209,441,-,135,96,64,36,0.15210544160096362,0.20794875297298052,0.0602582888926737,0.11450498914478949,0.7658471094845105,0.03415480053681605,class=996:n13052670.pkl:0;n13052670.pkl:5;n13052670.pkl:7|class=426:n02794156.pkl:1;n02794156.pkl:2;n02794156.pkl:3|class=856:n04428191.pkl:5;n04428191.pkl:6;n04428191.pkl:10
swin,1210,442,-,74,40,22,13,0.0706919455876557,0.11176381326204009,0.023105813364251885,0.04562697288390999,0.7261838258061931,0.06620847254826587,class=352:n02422699.pkl:1;n02422699.pkl:5;n02422699.pkl:9|class=782:n04152593.pkl:6;n04152593.pkl:17;n04152593.pkl:22|class=908:n04592741.pkl:14;n04592741.pkl:24;n04592741.pkl:29
swin,1211,443,-,124,96,75,40,0.17588102361218982,0.22104119881226889,0.08798488830305216,0.17119265860126345,0.7695689201067365,0.03859491046916991,class=993:n13037406.pkl:0;n13037406.pkl:1;n13037406.pkl:2|class=100:n01860187.pkl:0;n01860187.pkl:1;n01860187.pkl:2|class=997:n13054560.pkl:0;n13054560.pkl:2;n13054560.pkl:3
swin,1212,444,-,73,51,35,12,0.09797034698155585,0.13709926970225939,0.03511276316364609,0.0700463716457486,0.7476317855667479,0.06821393104663051,class=548:n03290653.pkl:1;n03290653.pkl:2;n03290653.pkl:4|class=8:n01514859.pkl:0;n01514859.pkl:3;n01514859.pkl:5|class=64:n01749939.pkl:1;n01749939.pkl:11;n01749939.pkl:13
swin,1213,445,-,79,53,30,10,0.07415842787167655,0.12449635343982907,0.026874257462197872,0.059572268520797625,0.7157459054998304,0.07485792047462544,class=605:n03584254.pkl:0;n03584254.pkl:5;n03584254.pkl:14|class=145:n02056570.pkl:3;n02056570.pkl:7;n02056570.pkl:8|class=406:n02699494.pkl:9;n02699494.pkl:11;n02699494.pkl:12
swin,1214,446,-,72,49,30,15,0.10245445628425445,0.1628500148970996,0.04527260160777743,0.10960983511215429,0.6928255019112973,0.09530224314965038,class=100:n01860187.pkl:0;n01860187.pkl:1;n01860187.pkl:2|class=536:n03216828.pkl:0;n03216828.pkl:9;n03216828.pkl:16|class=135:n02013706.pkl:2;n02013706.pkl:5;n02013706.pkl:11
swin,1215,447,-,68,48,31,9,0.0899484320849641,0.1533611152962698,0.03595813380731355,0.09012078271969513,0.6850037602510046,0.10707923554156301,class=802:n04252077.pkl:0;n04252077.pkl:1;n04252077.pkl:2|class=35:n01667114.pkl:0;n01667114.pkl:2;n01667114.pkl:4|class=143:n02037110.pkl:4;n02037110.pkl:22;n02037110.pkl:28
swin,1216,448,-,119,95,60,34,0.16330387230361365,0.22244250469935517,0.08273087092621387,0.16367408051401625,0.7470512934024637,0.04129440587598576,class=918:n06785654.pkl:0;n06785654.pkl:1;n06785654.pkl:2|class=335:n02356798.pkl:1;n02356798.pkl:2;n02356798.pkl:4|class=278:n02119789.pkl:2;n02119789.pkl:3;n02119789.pkl:4
swin,1217,449,-,58,37,18,11,0.09881617552366988,0.1670431147159293,0.04301149516433366,0.09718495332780601,0.6503698161460217,0.10526535658126915,class=678:n03814639.pkl:0;n03814639.pkl:1;n03814639.pkl:4|class=362:n02447366.pkl:0;n02447366.pkl:2;n02447366.pkl:4|class=201:n02097658.pkl:3;n02097658.pkl:5;n02097658.pkl:10
swin,1218,450,-,61,39,24,9,0.09417935281196538,0.16939305040417146,0.041031015648285436,0.1254197769502543,0.613717183830222,0.16956484147348444,class=874:n04487081.pkl:0;n04487081.pkl:1;n04487081.pkl:2|class=353:n02423022.pkl:1;n02423022.pkl:9;n02423022.pkl:13|class=256:n02111277.pkl:7;n02111277.pkl:9;n02111277.pkl:10
swin,1219,451,-,77,51,31,14,0.12572863272039098,0.19526756304531825,0.0539543387087495,0.11597334836020835,0.6903314772646542,0.07299000673212509,class=345:n02403003.pkl:0;n02403003.pkl:1;n02403003.pkl:2|class=857:n04429376.pkl:2;n04429376.pkl:3;n04429376.pkl:4|class=368:n02483362.pkl:0;n02483362.pkl:4;n02483362.pkl:8
swin,1220,452,-,89,51,33,16,0.09667029005621576,0.17342194574924405,0.04320266848449365,0.1214594476494713,0.6409918664836386,0.10004382462576712,class=268:n02113978.pkl:0;n02113978.pkl:1;n02113978.pkl:2|class=467:n02927161.pkl:1;n02927161.pkl:2;n02927161.pkl:3|class=575:n03445924.pkl:3;n03445924.pkl:4;n03445924.pkl:6
swin,1221,453,-,74,41,19,7,0.06277739789220296,0.12035130088625577,0.022492179129062012,0.05893807437513627,0.6635293612516923,0.10630264250278446,class=490:n03000247.pkl:1;n03000247.pkl:3;n03000247.pkl:5|class=507:n03075370.pkl:0;n03075370.pkl:4;n03075370.pkl:9|class=727:n03956157.pkl:3;n03956157.pkl:6;n03956157.pkl:8
swin,1222,454,-,66,50,35,15,0.13630221764060363,0.20731374001521802,0.06361696823961549,0.15154809425418894,0.6728719613027161,0.10113421674673695,class=16:n01560419.pkl:0;n01560419.pkl:1;n01560419.pkl:2|class=535:n03208938.pkl:1;n03208938.pkl:3;n03208938.pkl:4|class=133:n02011460.pkl:2;n02011460.pkl:3;n02011460.pkl:4
swin,1223,455,-,73,52,35,19,0.12353272765703839,0.17125779686164,0.05123995624031076,0.08665350873246924,0.7614362875338788,0.052875699437503566,class=470:n02948072.pkl:2;n02948072.pkl:5;n02948072.pkl:9|class=949:n07745940.pkl:1;n07745940.pkl:2;n07745940.pkl:5|class=724:n03947888.pkl:1;n03947888.pkl:4;n03947888.pkl:5
swin,1224,456,-,93,70,40,14,0.08156068562120874,0.11315723765564809,0.027503582826762903,0.055201022435710186,0.7687749687553275,0.054067132872552784,class=609:n03594945.pkl:2;n03594945.pkl:3;n03594945.pkl:4|class=212:n02100735.pkl:2;n02100735.pkl:7;n02100735.pkl:10|class=783:n04153751.pkl:8;n04153751.pkl:18;n04153751.pkl:19
swin,1225,457,-,89,63,34,14,0.09813432234933236,0.16419207412773956,0.04527111033197991,0.10904561620085032,0.681327166630952,0.07642642665096154,class=8:n01514859.pkl:0;n01514859.pkl:5;n01514859.pkl:6|class=243:n02108422.pkl:3;n02108422.pkl:7;n02108422.pkl:8|class=527:n03180011.pkl:0;n03180011.pkl:2;n03180011.pkl:3
swin,1226,458,-,87,67,41,16,0.09682381517724983,0.13766444198389186,0.03676532820050419,0.07422013683881833,0.7495741235770866,0.058337539051946906,class=460:n02894605.pkl:4;n02894605.pkl:5;n02894605.pkl:7|class=110:n01924916.pkl:3;n01924916.pkl:4;n01924916.pkl:9|class=136:n02017213.pkl:2;n02017213.pkl:8;n02017213.pkl:9
swin,1227,459,-,120,83,54,32,0.16637785580657655,0.23702798810126877,0.0824381762418271,0.16052326844247022,0.7381784164113089,0.03992976153797105,class=67:n01755581.pkl:2;n01755581.pkl:3;n01755581.pkl:4|class=995:n13044778.pkl:0;n13044778.pkl:3;n13044778.pkl:5|class=820:n04310018.pkl:1;n04310018.pkl:2;n04310018.pkl:4
swin,1228,460,-,58,38,19,5,0.09428592575846077,0.1908558136381184,0.04632799914329253,0.16580223143439124,0.5119538881307104,0.23807523795914878,class=323:n02279972.pkl:0;n02279972.pkl:1;n02279972.pkl:2|class=19:n01592084.pkl:0;n01592084.pkl:1;n01592084.pkl:3|class=873:n04486054.pkl:8;n04486054.pkl:9;n04486054.pkl:11
swin,1229,461,-,94,55,40,17,0.10726721155144374,0.17813907744897461,0.04897290917713773,0.11815848981923598,0.6899789400166416,0.07256674678392654,class=108:n01914609.pkl:0;n01914609.pkl:1;n01914609.pkl:3|class=354:n02437312.pkl:0;n02437312.pkl:2;n02437312.pkl:4|class=936:n07714571.pkl:1;n07714571.pkl:3;n07714571.pkl:5
swin,1230,462,-,82,60,37,18,0.09301301990768655,0.12509489724554948,0.03221472505258933,0.05416462828640906,0.7838669683737735,0.04667048304334935,class=915:n04613696.pkl:4;n04613696.pkl:5;n04613696.pkl:7|class=834:n04350905.pkl:1;n04350905.pkl:9;n04350905.pkl:13|class=132:n02009912.pkl:2;n02009912.pkl:18;n02009912.pkl:25
swin,1231,463,-,63,44,29,18,0.16522702250189675,0.2610063873723948,0.09931538870366295,0.20952084017653136,0.6660404524520352,0.08651791527467098,class=140:n02027492.pkl:0;n02027492.pkl:1;n02027492.pkl:2|class=992:n12998815.pkl:1;n12998815.pkl:2;n12998815.pkl:3|class=30:n01641577.pkl:1;n01641577.pkl:2;n01641577.pkl:3
swin,1232,464,-,94,59,36,11,0.06419217346968531,0.10530010179048502,0.02810034161516631,0.05856655026748436,0.743559790902159,0.05684960300757268,class=317:n02259212.pkl:1;n02259212.pkl:2;n02259212.pkl:5|class=213:n02100877.pkl:3;n02100877.pkl:4;n02100877.pkl:8|class=467:n02927161.pkl:5;n02927161.pkl:7;n02927161.pkl:16
swin,1233,465,-,85,59,39,17,0.11559419874001951,0.17812138077769682,0.04663118743384041,0.09713616476500177,0.7164698851960353,0.06281403386888086,class=156:n02086646.pkl:2;n02086646.pkl:5;n02086646.pkl:8|class=891:n04542943.pkl:4;n04542943.pkl:10;n04542943.pkl:12|class=780:n04147183.pkl:3;n04147183.pkl:4;n04147183.pkl:8
swin,1234,466,-,64,42,22,5,0.057709039645139876,0.08794134899054706,0.01785398055543622,0.0346509640541503,0.760929652835983,0.07447961933758544,class=368:n02483362.pkl:0;n02483362.pkl:4;n02483362.pkl:6|class=533:n03207743.pkl:8;n03207743.pkl:21;n03207743.pkl:26|class=770:n04120489.pkl:2;n04120489.pkl:36;n04120489.pkl:54
swin,1235,467,-,88,67,53,30,0.17119916158631093,0.19878737703489419,0.07454382116975412,0.12455486965066423,0.7908065882350699,0.043089645759498814,class=47:n01694178.pkl:0;n01694178.pkl:1;n01694178.pkl:2|class=92:n01828970.pkl:7;n01828970.pkl:8;n01828970.pkl:9|class=513:n03110669.pkl:7;n03110669.pkl:9;n03110669.pkl:13
swin,1236,468,-,172,125,99,54,0.14423191325082108,0.19952579107355475,0.0772823766731573,0.1384057157979861,0.7938327738643745,0.02446136974734886,class=647:n03733805.pkl:2;n03733805.pkl:3;n03733805.pkl:4|class=322:n02277742.pkl:1;n02277742.pkl:2;n02277742.pkl:3|class=954:n07753592.pkl:1;n07753592.pkl:2;n07753592.pkl:3
swin,1237,469,-,156,119,90,43,0.13937440410610108,0.2039589422573797,0.07016125982950837,0.13694294464908435,0.7762684352963224,0.03083106100241371,class=555:n03345487.pkl:0;n03345487.pkl:1;n03345487.pkl:2|class=870:n04482393.pkl:0;n04482393.pkl:1;n04482393.pkl:2|class=914:n04612504.pkl:2;n04612504.pkl:3;n04612504.pkl:4
swin,1238,470,-,87,67,50,25,0.14012660426583012,0.18290660514956456,0.063878306601358,0.12005425695038086,0.7566135843263572,0.05209453827412757,class=272:n02114855.pkl:0;n02114855.pkl:1;n02114855.pkl:3|class=120:n01980166.pkl:0;n01980166.pkl:1;n01980166.pkl:2|class=57:n01735189.pkl:0;n01735189.pkl:3;n01735189.pkl:5
swin,1239,471,-,79,56,40,27,0.17634435366249335,0.23038401620225724,0.08976623698897465,0.17008564512793803,0.7357024593477797,0.0581028181177336,class=628:n03673027.pkl:0;n03673027.pkl:1;n03673027.pkl:3|class=92:n01828970.pkl:0;n01828970.pkl:1;n01828970.pkl:3|class=44:n01689811.pkl:3;n01689811.pkl:6;n01689811.pkl:7
swin,1240,472,-,94,71,47,20,0.11721570663753798,0.17217807113833775,0.048990188842549236,0.11283639820489119,0.7270414598721516,0.06707379421228775,class=89:n01819313.pkl:2;n01819313.pkl:3;n01819313.pkl:4|class=288:n02128385.pkl:3;n02128385.pkl:6;n02128385.pkl:8|class=397:n02655020.pkl:5;n02655020.pkl:6;n02655020.pkl:7
swin,1241,473,-,92,67,48,25,0.13716482001460195,0.19955028727367669,0.06939732152469827,0.1479475777605546,0.7196717326845764,0.060271331155200655,class=109:n01917289.pkl:0;n01917289.pkl:3;n01917289.pkl:4|class=299:n02138441.pkl:0;n02138441.pkl:1;n02138441.pkl:3|class=365:n02480495.pkl:0;n02480495.pkl:2;n02480495.pkl:6
swin,1242,474,-,96,62,44,21,0.10053776727961743,0.14143210873179107,0.037259818549245156,0.07027832764590845,0.7678712601099377,0.047475362582767876,class=581:n03459775.pkl:1;n03459775.pkl:3;n03459775.pkl:13|class=439:n02817516.pkl:2;n02817516.pkl:5;n02817516.pkl:6|class=908:n04592741.pkl:6;n04592741.pkl:7;n04592741.pkl:8
swin,1243,475,-,98,72,51,36,0.1906341308095776,0.23301481440842353,0.08543327250180717,0.1432487585696461,0.7798975403437424,0.03889216760696432,class=425:n02793495.pkl:0;n02793495.pkl:1;n02793495.pkl:2|class=466:n02917067.pkl:0;n02917067.pkl:2;n02917067.pkl:4|class=92:n01828970.pkl:3;n01828970.pkl:6;n01828970.pkl:9
swin,1244,476,-,88,53,37,17,0.10651102957195548,0.18330183303212907,0.05129686249418372,0.12833398602876966,0.6765668141563208,0.08248811391330847,class=316:n02256656.pkl:0;n02256656.pkl:1;n02256656.pkl:2|class=388:n02510455.pkl:1;n02510455.pkl:2;n02510455.pkl:3|class=178:n02092339.pkl:1;n02092339.pkl:3;n02092339.pkl:7
swin,1245,477,-,87,65,44,21,0.14195030728940675,0.19988650929363377,0.061380266974651015,0.1359614964705686,0.7199111215042783,0.06789113219631757,class=290:n02128925.pkl:0;n02128925.pkl:1;n02128925.pkl:2|class=659:n03775546.pkl:0;n03775546.pkl:2;n03775546.pkl:7|class=301:n02165456.pkl:0;n02165456.pkl:1;n02165456.pkl:3
swin,1246,478,-,66,43,29,15,0.11675582549810976,0.18729567142046594,0.04832986572482469,0.09527246197904173,0.7098814207949806,0.07403041189440183,class=277:n02119022.pkl:1;n02119022.pkl:2;n02119022.pkl:3|class=25:n01629819.pkl:1;n01629819.pkl:3;n01629819.pkl:8|class=272:n02114855.pkl:3;n02114855.pkl:8;n02114855.pkl:9
swin,1247,479,-,58,32,13,5,0.04128642956806515,0.08675019080529933,0.015695948858515187,0.040763993684159706,0.6663809175518824,0.13353350465207306,class=905:n04590129.pkl:0;n04590129.pkl:1;n04590129.pkl:2|class=673:n03793489.pkl:0;n03793489.pkl:1;n03793489.pkl:6|class=537:n03218198.pkl:14;n03218198.pkl:23;n03218198.pkl:29
swin,1248,480,-,61,47,37,19,0.16074523951013345,0.17817347369910622,0.06507444068836538,0.10836739258195416,0.7743239738517236,0.06185523192197734,class=384:n02500267.pkl:0;n02500267.pkl:3;n02500267.pkl:6|class=141:n02028035.pkl:0;n02028035.pkl:4;n02028035.pkl:7|class=959:n07831146.pkl:0;n07831146.pkl:4;n07831146.pkl:6
swin,1249,481,-,83,53,29,14,0.10019067005497843,0.17857577401770483,0.045382916957540174,0.10614096378644994,0.6758526411236151,0.07795088375507907,class=664:n03782006.pkl:0;n03782006.pkl:1;n03782006.pkl:2|class=31:n01644373.pkl:1;n01644373.pkl:4;n01644373.pkl:5|class=301:n02165456.pkl:0;n02165456.pkl:3;n02165456.pkl:6
swin,1250,482,-,79,46,34,16,0.10172146152863458,0.15301154639976136,0.038538616055128636,0.07656435924606457,0.7309570610079558,0.06261955700896474,class=100:n01860187.pkl:1;n01860187.pkl:3;n01860187.pkl:9|class=299:n02138441.pkl:4;n02138441.pkl:10;n02138441.pkl:19|class=196:n02097047.pkl:9;n02097047.pkl:12;n02097047.pkl:16
swin,1251,483,-,93,63,37,16,0.12546131426452053,0.2061635009877321,0.0590859339889723,0.14613848701700244,0.6775445623115485,0.07653029295005527,class=396:n02643566.pkl:0;n02643566.pkl:1;n02643566.pkl:3|class=557:n03355925.pkl:1;n03355925.pkl:2;n03355925.pkl:3|class=974:n09288635.pkl:0;n09288635.pkl:1;n09288635.pkl:2
swin,1252,484,-,60,38,27,15,0.11340307467815282,0.1777674549089184,0.057907662841006936,0.13303015607503713,0.6788863803433464,0.10462497670924933,class=352:n02422699.pkl:0;n02422699.pkl:5;n02422699.pkl:7|class=979:n09468604.pkl:0;n09468604.pkl:1;n09468604.pkl:3|class=946:n07730033.pkl:0;n07730033.pkl:4;n07730033.pkl:5
swin,1253,485,-,169,126,91,41,0.15139607369385422,0.2280425292611682,0.08832333320335015,0.1769594188287707,0.7565356817334444,0.02966968352639302,class=95:n01843065.pkl:0;n01843065.pkl:1;n01843065.pkl:3|class=586:n03478589.pkl:0;n03478589.pkl:1;n03478589.pkl:2|class=90:n01820546.pkl:0;n01820546.pkl:2;n01820546.pkl:3
swin,1254,486,-,101,69,43,24,0.11548619647566648,0.1788910686660925,0.05757784959798746,0.12211621024174538,0.725996092264218,0.05443731537298602,class=261:n02112350.pkl:0;n02112350.pkl:1;n02112350.pkl:2|class=401:n02672831.pkl:0;n02672831.pkl:2;n02672831.pkl:3|class=141:n02028035.pkl:0;n02028035.pkl:6;n02028035.pkl:7
swin,1255,487,-,80,64,48,27,0.1659621783782534,0.19644019896377587,0.07513493745021098,0.12293724551273362,0.784767635300667,0.045965175825055445,class=62:n01744401.pkl:0;n01744401.pkl:1;n01744401.pkl:2|class=381:n02493793.pkl:0;n02493793.pkl:1;n02493793.pkl:2|class=973:n09256479.pkl:4;n09256479.pkl:5;n09256479.pkl:6
swin,1256,488,-,73,48,31,11,0.10213297795152412,0.1723391805587207,0.04648234606996525,0.11870836180140808,0.6540371154609366,0.1030422786468031,class=260:n02112137.pkl:1;n02112137.pkl:3;n02112137.pkl:5|class=832:n04346328.pkl:0;n04346328.pkl:2;n04346328.pkl:3|class=815:n04275548.pkl:0;n04275548.pkl:1;n04275548.pkl:3
swin,1257,489,-,91,63,45,16,0.1007840592041018,0.15302119112574297,0.04102190826048123,0.09129720209185521,0.7317850292454464,0.06541944862079456,class=172:n02091134.pkl:1;n02091134.pkl:3;n02091134.pkl:4|class=344:n02398521.pkl:1;n02398521.pkl:2;n02398521.pkl:5|class=5:n01496331.pkl:0;n01496331.pkl:8;n01496331.pkl:11
swin,1258,490,-,102,72,53,31,0.1739482588202892,0.2313401266290187,0.08922365018737878,0.15951484273767863,0.7548814042894813,0.041139813109006815,class=752:n04039381.pkl:2;n04039381.pkl:3;n04039381.pkl:4|class=973:n09256479.pkl:2;n09256479.pkl:3;n09256479.pkl:4|class=400:n02669723.pkl:2;n02669723.pkl:5;n02669723.pkl:6
swin,1259,491,-,72,50,33,14,0.10478232909718799,0.15873504456828713,0.04349822340948154,0.09522300598720851,0.7004971506809349,0.0804481111743309,class=118:n01978287.pkl:1;n01978287.pkl:2;n01978287.pkl:6|class=755:n04044716.pkl:0;n04044716.pkl:5;n04044716.pkl:6|class=732:n03976467.pkl:2;n03976467.pkl:3;n03976467.pkl:7
swin,1260,492,-,78,52,27,16,0.09310720978294112,0.1557201231830676,0.04218155965119853,0.09331690778343035,0.6937969040341884,0.07556575625821331,class=228:n02105505.pkl:0;n02105505.pkl:1;n02105505.pkl:2|class=221:n02102973.pkl:3;n02102973.pkl:5;n02102973.pkl:8|class=965:n07880968.pkl:1;n07880968.pkl:2;n07880968.pkl:3
swin,1261,493,-,64,39,21,9,0.09069821884158381,0.1741548333083879,0.04197386914227179,0.11621775091301223,0.6022011096246562,0.1354112448915647,class=611:n03598930.pkl:4;n03598930.pkl:5;n03598930.pkl:6|class=540:n03240683.pkl:4;n03240683.pkl:6;n03240683.pkl:7|class=9:n01518878.pkl:0;n01518878.pkl:1;n01518878.pkl:4
swin,1262,494,-,102,73,50,29,0.1790721277247198,0.24864259988604467,0.09278510722600547,0.18337103580022857,0.7349772376465405,0.0480956311713656,class=986:n12057211.pkl:0;n12057211.pkl:1;n12057211.pkl:2|class=339:n02389026.pkl:0;n02389026.pkl:1;n02389026.pkl:2|class=856:n04428191.pkl:2;n04428191.pkl:4;n04428191.pkl:5
swin,1263,495,-,86,60,32,17,0.12484742308751214,0.20150033328699163,0.0559115166547626,0.14043706351139365,0.6677972570622387,0.08498844072843413,class=985:n11939491.pkl:0;n11939491.pkl:1;n11939491.pkl:2|class=323:n02279972.pkl:1;n02279972.pkl:6;n02279972.pkl:7|class=78:n01776313.pkl:3;n01776313.pkl:5;n01776313.pkl:8
swin,1264,496,-,86,60,39,19,0.1236919601473743,0.1922296272516399,0.05548253150923437,0.1251380530715513,0.7041826934843058,0.07077968445752827,class=378:n02492035.pkl:0;n02492035.pkl:1;n02492035.pkl:2|class=368:n02483362.pkl:0;n02483362.pkl:1;n02483362.pkl:2|class=153:n02085936.pkl:0;n02085936.pkl:1;n02085936.pkl:3
swin,1265,497,-,84,62,41,21,0.14653127563200977,0.20320465195023907,0.06752590299516162,0.140637184455134,0.7239288154178524,0.06354404916998095,class=13:n01534433.pkl:0;n01534433.pkl:1;n01534433.pkl:2|class=451:n02865351.pkl:0;n02865351.pkl:3;n02865351.pkl:4|class=146:n02058221.pkl:0;n02058221.pkl:2;n02058221.pkl:4
swin,1266,498,-,79,54,30,10,0.09350578995414353,0.1466267860208064,0.03159902397216196,0.0743302968470469,0.6992174055554078,0.08270002912582097,class=229:n02105641.pkl:1;n02105641.pkl:6;n02105641.pkl:10|class=850:n04399382.pkl:0;n04399382.pkl:2;n04399382.pkl:6|class=713:n03924679.pkl:2;n03924679.pkl:5;n03924679.pkl:12
swin,1267,499,-,139,103,71,39,0.15105969030185823,0.21992255600134342,0.08063759761873579,0.16576376579885468,0.7487638255825005,0.03759534105899593,class=715:n03929855.pkl:1;n03929855.pkl:3;n03929855.pkl:4|class=450:n02860847.pkl:1;n02860847.pkl:2;n02860847.pkl:3|class=72:n01773157.pkl:0;n01773157.pkl:1;n01773157.pkl:2
swin,1268,500,-,74,46,29,9,0.06879240825685992,0.11802610692315216,0.02447443943156712,0.054154536742272864,0.7192177861266924,0.07967609830958344,class=740:n03995372.pkl:2;n03995372.pkl:11;n03995372.pkl:14|class=770:n04120489.pkl:7;n04120489.pkl:12;n04120489.pkl:13|class=615:n03623198.pkl:2;n03623198.pkl:6;n03623198.pkl:31
swin,1269,501,-,39,27,13,7,0.0960700376400561,0.1587330836371496,0.03342025482596718,0.0783609390860095,0.6392015869889349,0.16660727439446804,class=321:n02276258.pkl:3;n02276258.pkl:7;n02276258.pkl:8|class=910:n04597913.pkl:8;n04597913.pkl:15;n04597913.pkl:27|class=56:n01734418.pkl:16;n01734418.pkl:33;n01734418.pkl:38
swin,1270,502,-,89,64,41,21,0.14470701167451025,0.21921820378906845,0.07042495416399612,0.15222141447699453,0.7044461393974166,0.06372979633047159,class=276:n02117135.pkl:0;n02117135.pkl:2;n02117135.pkl:3|class=14:n01537544.pkl:0;n01537544.pkl:1;n01537544.pkl:2|class=57:n01735189.pkl:0;n01735189.pkl:8;n01735189.pkl:9
swin,1271,503,-,101,74,53,30,0.16495503685089255,0.2118736261288453,0.0739265781372655,0.1343680458749357,0.7621364752345136,0.04261015226817413,class=102:n01872401.pkl:1;n01872401.pkl:4;n01872401.pkl:5|class=82:n01797886.pkl:3;n01797886.pkl:11;n01797886.pkl:14|class=496:n03026506.pkl:2;n03026506.pkl:5;n03026506.pkl:7
swin,1272,504,-,71,35,21,9,0.06654700774891768,0.1307924773662332,0.025715689164294595,0.06555395926004709,0.6567109298955953,0.10561023036844443,class=928:n07614500.pkl:0;n07614500.pkl:1;n07614500.pkl:2|class=71:n01770393.pkl:11;n01770393.pkl:18;n01770393.pkl:20|class=462:n02906734.pkl:0;n02906734.pkl:7;n02906734.pkl:8
swin,1273,505,-,76,51,34,17,0.11616479420084848,0.1682023973905235,0.04610844098435535,0.0942060335522527,0.7169270652987039,0.06808452661994376,class=574:n03445777.pkl:15;n03445777.pkl:20;n03445777.pkl:21|class=329:n02321529.pkl:1;n02321529.pkl:5;n02321529.pkl:9|class=789:n04201297.pkl:0;n04201297.pkl:1;n04201297.pkl:4
swin,1274,506,-,142,111,83,41,0.18696500932891463,0.25009851330559246,0.09725614957948636,0.1921202630435988,0.7543189697143026,0.03452270462124365,class=24:n01622779.pkl:0;n01622779.pkl:3;n01622779.pkl:4|class=325:n02281406.pkl:0;n02281406.pkl:1;n02281406.pkl:3|class=260:n02112137.pkl:1;n02112137.pkl:2;n02112137.pkl:3
swin,1275,507,-,82,55,40,20,0.13768401452018733,0.20471620177752958,0.06602789310471338,0.15130857222595426,0.6927198471523487,0.07623615589602635,class=19:n01592084.pkl:0;n01592084.pkl:1;n01592084.pkl:2|class=390:n02526121.pkl:1;n02526121.pkl:3;n02526121.pkl:4|class=943:n07718472.pkl:0;n07718472.pkl:2;n07718472.pkl:3
swin,1276,508,-,67,40,26,13,0.0841301754787521,0.1329272313441781,0.03288621527917599,0.07391633242349316,0.7105583194496945,0.09032656769270357,class=201:n02097658.pkl:4;n02097658.pkl:5;n02097658.pkl:12|class=207:n02099601.pkl:4;n02099601.pkl:11;n02099601.pkl:12|class=122:n01983481.pkl:1;n01983481.pkl:13;n01983481.pkl:14
swin,1277,509,-,110,83,53,28,0.13109947674596298,0.18249898726503405,0.06433065569174574,0.127279046648491,0.7556496264852197,0.04467740170165678,class=550:n03297495.pkl:0;n03297495.pkl:1;n03297495.pkl:2|class=102:n01872401.pkl:0;n01872401.pkl:3;n01872401.pkl:9|class=638:n03710637.pkl:13;n03710637.pkl:15;n03710637.pkl:20
swin,1278,510,-,117,100,75,41,0.17981303480927832,0.2250163693764886,0.08808712439187757,0.16499552701451878,0.7793442677863197,0.038534049617607334,class=321:n02276258.pkl:0;n02276258.pkl:1;n02276258.pkl:2|class=13:n01534433.pkl:0;n01534433.pkl:2;n01534433.pkl:3|class=817:n04285008.pkl:0;n04285008.pkl:2;n04285008.pkl:4
swin,1279,511,-,64,38,25,9,0.08363696016436142,0.1468669590350719,0.032424637404150594,0.08819202201535141,0.6444446410192285,0.13121715743823154,class=322:n02277742.pkl:0;n02277742.pkl:7;n02277742.pkl:8|class=328:n02319095.pkl:3;n02319095.pkl:4;n02319095.pkl:7|class=25:n01629819.pkl:4;n01629819.pkl:7;n01629819.pkl:8
swin,1280,512,-,76,55,35,15,0.11595254414507401,0.18343987413629056,0.05168995385102196,0.1299090837796789,0.6756270337495537,0.0962678710359011,class=31:n01644373.pkl:0;n01644373.pkl:1;n01644373.pkl:2|class=935:n07711569.pkl:0;n07711569.pkl:1;n07711569.pkl:4|class=964:n07875152.pkl:2;n07875152.pkl:9;n07875152.pkl:10
swin,1281,513,-,93,50,29,10,0.06765503002099879,0.12598086171420272,0.026468169706607533,0.07714110413570771,0.6627059588445474,0.10208846602686533,class=751:n04037443.pkl:0;n04037443.pkl:3;n04037443.pkl:5|class=698:n03877845.pkl:2;n03877845.pkl:4;n03877845.pkl:7|class=581:n03459775.pkl:0;n03459775.pkl:11;n03459775.pkl:12
swin,1282,514,-,98,78,52,23,0.12259372095988988,0.16481690463339788,0.05052364510882782,0.09233591088972322,0.7660714186028128,0.04428614253987367,class=667:n03787032.pkl:2;n03787032.pkl:3;n03787032.pkl:5|class=495:n03018349.pkl:0;n03018349.pkl:1;n03018349.pkl:2|class=627:n03670208.pkl:3;n03670208.pkl:4;n03670208.pkl:5
swin,1283,515,-,57,40,19,7,0.08271795949239241,0.13760398224915266,0.03296350221664574,0.07026615866159938,0.6865413812713586,0.09726084632696802,class=561:n03384352.pkl:0;n03384352.pkl:2;n03384352.pkl:3|class=109:n01917289.pkl:2;n01917289.pkl:4;n01917289.pkl:12|class=672:n03792972.pkl:0;n03792972.pkl:2;n03792972.pkl:7
swin,1284,516,-,83,58,36,17,0.10263911393894477,0.1584534574491241,0.04309039804646305,0.08749354527648875,0.7314217610595664,0.06172033898482394,class=338:n02364673.pkl:0;n02364673.pkl:2;n02364673.pkl:3|class=194:n02096437.pkl:3;n02096437.pkl:5;n02096437.pkl:10|class=665:n03785016.pkl:0;n03785016.pkl:3;n03785016.pkl:5
swin,1285,517,-,67,39,28,13,0.07938365575463514,0.12505526504345613,0.03376316039345387,0.06795786739733538,0.7218957532623403,0.07539238354785611,class=61:n01742172.pkl:1;n01742172.pkl:3;n01742172.pkl:6|class=798:n04238763.pkl:0;n04238763.pkl:1;n04238763.pkl:3|class=362:n02447366.pkl:19;n02447366.pkl:30;n02447366.pkl:31
swin,1286,518,-,93,66,57,23,0.1344955899333094,0.17958679796199895,0.05623512139592788,0.10817956455976957,0.7635956151944235,0.05054436451275538,class=139:n02025239.pkl:0;n02025239.pkl:1;n02025239.pkl:2|class=326:n02281787.pkl:0;n02281787.pkl:5;n02281787.pkl:6|class=350:n02417914.pkl:1;n02417914.pkl:3;n02417914.pkl:4
swin,1287,519,-,84,63,41,23,0.12749029177850169,0.1819943211962579,0.05855403254501536,0.11563943064011661,0.7431292901909559,0.05833693222698096,class=959:n07831146.pkl:0;n07831146.pkl:1;n07831146.pkl:2|class=135:n02013706.pkl:1;n02013706.pkl:2;n02013706.pkl:4|class=263:n02113023.pkl:2;n02113023.pkl:6;n02113023.pkl:7
swin,1288,520,-,120,80,64,36,0.15401529256624905,0.2140302087832306,0.07531819347093197,0.15175504162752212,0.7524510988458043,0.042163584390429984,class=365:n02480495.pkl:0;n02480495.pkl:1;n02480495.pkl:2|class=995:n13044778.pkl:2;n13044778.pkl:3;n13044778.pkl:5|class=201:n02097658.pkl:1;n02097658.pkl:3;n02097658.pkl:4
swin,1289,521,-,70,51,34,17,0.13002902674334793,0.1765593507875519,0.04761970327884475,0.08506003309274497,0.7493962533022999,0.05986627724003622,class=289:n02128757.pkl:2;n02128757.pkl:9;n02128757.pkl:12|class=296:n02134084.pkl:0;n02134084.pkl:3;n02134084.pkl:6|class=285:n02124075.pkl:3;n02124075.pkl:4;n02124075.pkl:9
swin,1290,522,-,85,63,32,15,0.10464174867121882,0.17629250531868443,0.045868658909991644,0.1105828836204271,0.6898344238282965,0.08014403104588162,class=817:n04285008.pkl:0;n04285008.pkl:1;n04285008.pkl:4|class=461:n02895154.pkl:3;n02895154.pkl:4;n02895154.pkl:8|class=610:n03595614.pkl:2;n03595614.pkl:4;n03595614.pkl:8
swin,1291,523,-,58,39,28,12,0.11942779332040823,0.17660981970274692,0.046836285746075366,0.10587537942989872,0.6907677274052976,0.10534567261709077,class=873:n04486054.pkl:2;n04486054.pkl:4;n04486054.pkl:5|class=951:n07749582.pkl:1;n07749582.pkl:2;n07749582.pkl:3|class=411:n02730930.pkl:6;n02730930.pkl:8;n02730930.pkl:9
swin,1292,524,-,79,53,28,12,0.09727391876748039,0.17532824214126483,0.044766919684317896,0.12482625811429977,0.6515169522912915,0.11107528791609288,class=16:n01560419.pkl:0;n01560419.pkl:1;n01560419.pkl:2|class=498:n03032252.pkl:2;n03032252.pkl:4;n03032252.pkl:9|class=425:n02793495.pkl:4;n02793495.pkl:7;n02793495.pkl:8
swin,1293,525,-,83,57,35,16,0.09719680867669105,0.14526738224238558,0.03488097217287094,0.06560726382209088,0.7509449538425778,0.054671642615425425,class=130:n02007558.pkl:0;n02007558.pkl:1;n02007558.pkl:2|class=32:n01644900.pkl:0;n01644900.pkl:6;n01644900.pkl:11|class=695:n03874599.pkl:4;n03874599.pkl:5;n03874599.pkl:11
swin,1294,526,-,68,42,31,12,0.08665508211869603,0.12759978965411908,0.03469506057698297,0.06757489537951084,0.7432919400126292,0.07049205301265372,class=89:n01819313.pkl:0;n01819313.pkl:1;n01819313.pkl:2|class=430:n02802426.pkl:3;n02802426.pkl:10;n02802426.pkl:14|class=357:n02442845.pkl:5;n02442845.pkl:8;n02442845.pkl:13
swin,1295,527,-,106,63,41,25,0.10303621189318608,0.1659745971107973,0.046339970460012446,0.09604268283953178,0.7349795779910092,0.049957858593019114,class=256:n02111277.pkl:0;n02111277.pkl:1;n02111277.pkl:3|class=551:n03314780.pkl:0;n03314780.pkl:2;n03314780.pkl:3|class=312:n02229544.pkl:3;n02229544.pkl:5;n02229544.pkl:8
swin,1296,528,-,80,58,33,14,0.09610574869807142,0.16050845305471767,0.04419952897374114,0.11022639847574134,0.6738299511977508,0.09024025588095075,class=284:n02123597.pkl:0;n02123597.pkl:1;n02123597.pkl:2|class=71:n01770393.pkl:1;n01770393.pkl:3;n01770393.pkl:7|class=689:n03866082.pkl:6;n03866082.pkl:17;n03866082.pkl:32
swin,1297,529,-,93,67,39,25,0.15444841115317326,0.22890373174965364,0.08013635900351594,0.16876866422644293,0.7126443652442309,0.05844424117371032,class=10:n01530575.pkl:0;n01530575.pkl:1;n01530575.pkl:2|class=435:n02808440.pkl:0;n02808440.pkl:1;n02808440.pkl:3|class=474:n02963159.pkl:0;n02963159.pkl:1;n02963159.pkl:2
swin,1298,530,-,64,42,25,11,0.09648554303437831,0.15561135276021268,0.03400595387514299,0.08270418494792438,0.6791176104621864,0.10804481082466347,class=122:n01983481.pkl:0;n01983481.pkl:1;n01983481.pkl:2|class=939:n07716358.pkl:15;n07716358.pkl:22;n07716358.pkl:33|class=657:n03773504.pkl:2;n03773504.pkl:13;n03773504.pkl:18
swin,1299,531,-,57,36,20,8,0.07367277820780505,0.12792232510700668,0.03184476072615596,0.08176824868305423,0.651695851245639,0.13321327925881973,class=245:n02108915.pkl:0;n02108915.pkl:2;n02108915.pkl:4|class=455:n02877765.pkl:2;n02877765.pkl:7;n02877765.pkl:9|class=581:n03459775.pkl:9;n03459775.pkl:14;n03459775.pkl:17
swin,1300,532,-,102,70,45,22,0.10700826094601616,0.16502867048431938,0.04985168632997261,0.11960692818293357,0.7095076253435246,0.06623947576479423,class=20:n01601694.pkl:0;n01601694.pkl:1;n01601694.pkl:2|class=453:n02870880.pkl:3;n02870880.pkl:7;n02870880.pkl:8|class=394:n02640242.pkl:4;n02640242.pkl:13;n02640242.pkl:18
swin,1301,533,-,74,48,34,15,0.11093013526127746,0.18665098549005973,0.052239872248862104,0.12741272032625284,0.673826737875163,0.09390122113668763,class=362:n02447366.pkl:0;n02447366.pkl:1;n02447366.pkl:3|class=822:n04311174.pkl:0;n04311174.pkl:3;n04311174.pkl:6|class=964:n07875152.pkl:1;n07875152.pkl:3;n07875152.pkl:5
swin,1302,534,-,64,44,35,18,0.13321433428479157,0.1659746281117955,0.05612240167339605,0.10064598499216766,0.7524564671146133,0.06587550604058459,class=57:n01735189.pkl:0;n01735189.pkl:2;n01735189.pkl:3|class=511:n03100240.pkl:0;n03100240.pkl:3;n03100240.pkl:4|class=201:n02097658.pkl:4;n02097658.pkl:16;n02097658.pkl:19
swin,1303,535,-,64,35,14,5,0.05111425970102737,0.10066535190687581,0.016911146494183255,0.044061802843904846,0.6628711927358187,0.12169643601318822,class=116:n01955084.pkl:0;n01955084.pkl:3;n01955084.pkl:6|class=519:n03127925.pkl:1;n03127925.pkl:4;n03127925.pkl:5|class=744:n04008634.pkl:9;n04008634.pkl:60;n04008634.pkl:66
swin,1304,536,-,73,47,28,10,0.0900244002734787,0.15492944802533243,0.03587675349948933,0.07785641345751572,0.6916007862689868,0.07821050351567663,class=141:n02028035.pkl:2;n02028035.pkl:4;n02028035.pkl:10|class=610:n03595614.pkl:0;n03595614.pkl:5;n03595614.pkl:7|class=203:n02098286.pkl:18;n02098286.pkl:25;n02098286.pkl:29
swin,1305,537,-,94,63,41,17,0.11120378591701709,0.171353316894663,0.0457356187989717,0.10907102447837524,0.7036380448059549,0.07114198091865068,class=493:n03016953.pkl:1;n03016953.pkl:2;n03016953.pkl:4|class=404:n02690373.pkl:0;n02690373.pkl:3;n02690373.pkl:4|class=211:n02100583.pkl:0;n02100583.pkl:3;n02100583.pkl:4
swin,1306,538,-,85,64,38,20,0.11704704389883205,0.16933354149932492,0.04842269038399985,0.11351998133222668,0.7129659718453252,0.07642353943316853,class=241:n02108000.pkl:0;n02108000.pkl:2;n02108000.pkl:3|class=672:n03792972.pkl:2;n03792972.pkl:3;n03792972.pkl:4|class=36:n01667778.pkl:6;n01667778.pkl:17;n01667778.pkl:19
swin,1307,539,-,79,56,40,21,0.15284358134185572,0.21559319779420338,0.07100931937743331,0.13923151667743822,0.7337909768359894,0.061323293861150555,class=24:n01622779.pkl:0;n01622779.pkl:1;n01622779.pkl:2|class=128:n02002724.pkl:0;n02002724.pkl:1;n02002724.pkl:2|class=252:n02110627.pkl:3;n02110627.pkl:6;n02110627.pkl:10
swin,1308,540,-,109,74,47,22,0.10456572422987641,0.1741292110043776,0.049909400200977734,0.12562491904248446,0.7019150604186007,0.06729896724646767,class=486:n02992211.pkl:1;n02992211.pkl:2;n02992211.pkl:3|class=308:n02190166.pkl:1;n02190166.pkl:2;n02190166.pkl:3|class=242:n02108089.pkl:0;n02108089.pkl:2;n02108089.pkl:3
swin,1309,541,-,80,53,29,11,0.10463111621180594,0.194006856211147,0.05390733033952426,0.15509741215962797,0.6222561862022318,0.1159721484450794,class=42:n01687978.pkl:0;n01687978.pkl:1;n01687978.pkl:2|class=510:n03095699.pkl:0;n03095699.pkl:4;n03095699.pkl:5|class=863:n04458633.pkl:0;n04458633.pkl:1;n04458633.pkl:2
swin,1310,542,-,135,100,75,41,0.16837884469131967,0.23054860917637468,0.08976989518943787,0.17153943979277236,0.7635401956249661,0.034455258706073216,class=625:n03662601.pkl:0;n03662601.pkl:2;n03662601.pkl:4|class=346:n02408429.pkl:1;n02408429.pkl:2;n02408429.pkl:3|class=536:n03216828.pkl:9;n03216828.pkl:12;n03216828.pkl:13
swin,1311,543,-,166,129,103,54,0.17303383913152118,0.22255041358701272,0.09254106919404781,0.16859922066315797,0.7911158045196267,0.026019676650815858,class=547:n03272562.pkl:0;n03272562.pkl:1;n03272562.pkl:2|class=886:n04525305.pkl:1;n04525305.pkl:2;n04525305.pkl:3|class=829:n04335435.pkl:0;n04335435.pkl:1;n04335435.pkl:2
swin,1312,544,-,67,50,36,11,0.10085029333783674,0.16376531175616516,0.04297507355886012,0.10589206972474952,0.6840177632142029,0.10554427890124882,class=768:n04118538.pkl:0;n04118538.pkl:1;n04118538.pkl:2|class=915:n04613696.pkl:0;n04613696.pkl:1;n04613696.pkl:2|class=914:n04612504.pkl:4;n04612504.pkl:8;n04612504.pkl:13
swin,1313,545,-,101,64,42,23,0.11536686351144854,0.20114004229914295,0.061285879630157004,0.1481956632389635,0.6845831934008022,0.06779435172612798,class=137:n02018207.pkl:2;n02018207.pkl:3;n02018207.pkl:5|class=231:n02106030.pkl:0;n02106030.pkl:5;n02106030.pkl:6|class=230:n02105855.pkl:0;n02105855.pkl:1;n02105855.pkl:2
swin,1314,546,-,87,57,33,20,0.1203034130610491,0.17677472362401178,0.0446447279111363,0.08133299978592667,0.7470437094420942,0.04964244555782965,class=404:n02690373.pkl:3;n02690373.pkl:4;n02690373.pkl:5|class=102:n01872401.pkl:6;n01872401.pkl:7;n01872401.pkl:9|class=241:n02108000.pkl:3;n02108000.pkl:11;n02108000.pkl:15
swin,1315,547,-,84,61,44,17,0.11724944411783203,0.15672785957016713,0.049110201373133815,0.10105856114315691,0.7398471648534566,0.06231555210199694,class=288:n02128385.pkl:1;n02128385.pkl:3;n02128385.pkl:6|class=938:n07715103.pkl:4;n07715103.pkl:5;n07715103.pkl:8|class=881:n04515003.pkl:9;n04515003.pkl:10;n04515003.pkl:11
swin,1316,548,-,110,87,61,27,0.13884400889906506,0.20625752143103673,0.06590876915138266,0.14393708360905433,0.7346218976075612,0.05244861649526778,class=563:n03388183.pkl:0;n03388183.pkl:1;n03388183.pkl:2|class=500:n03042490.pkl:0;n03042490.pkl:1;n03042490.pkl:4|class=11:n01531178.pkl:0;n01531178.pkl:1;n01531178.pkl:4
swin,1317,549,-,90,64,45,19,0.1371899822313732,0.21376561427283694,0.07050843089908142,0.16698173372355513,0.6894439040207332,0.073429084645858,class=297:n02134418.pkl:1;n02134418.pkl:2;n02134418.pkl:3|class=686:n03843555.pkl:0;n03843555.pkl:1;n03843555.pkl:2|class=690:n03868242.pkl:0;n03868242.pkl:1;n03868242.pkl:2
swin,1318,550,-,76,58,40,16,0.12591402145058006,0.17151006030182328,0.04894620217495042,0.1191716670289327,0.7248020446894426,0.09115786501992992,class=57:n01735189.pkl:0;n01735189.pkl:1;n01735189.pkl:2|class=292:n02129604.pkl:4;n02129604.pkl:5;n02129604.pkl:6|class=665:n03785016.pkl:0;n03785016.pkl:4;n03785016.pkl:5
swin,1319,551,-,54,41,26,11,0.12503352092380104,0.17293568506867965,0.0490954668266504,0.09595189222731888,0.7122347653021978,0.08925289665731287,class=431:n02804414.pkl:1;n02804414.pkl:5;n02804414.pkl:12|class=533:n03207743.pkl:3;n03207743.pkl:9;n03207743.pkl:18|class=340:n02391049.pkl:0;n02391049.pkl:7;n02391049.pkl:8
swin,1320,552,-,76,46,24,5,0.05226877120747992,0.09630170593189176,0.0197278013644638,0.05628167310624233,0.6819446879122905,0.12025137533442753,class=688:n03857828.pkl:2;n03857828.pkl:4;n03857828.pkl:7|class=314:n02233338.pkl:4;n02233338.pkl:7;n02233338.pkl:11|class=355:n02437616.pkl:11;n02437616.pkl:40;n02437616.pkl:50
swin,1321,553,-,80,62,41,23,0.14692488667217868,0.20117461048737822,0.06480719126123033,0.1463907953155844,0.7162924114239816,0.0762809750674137,class=393:n02607072.pkl:0;n02607072.pkl:1;n02607072.pkl:2|class=34:n01665541.pkl:2;n01665541.pkl:3;n01665541.pkl:4|class=563:n03388183.pkl:0;n03388183.pkl:1;n03388183.pkl:2
swin,1322,554,-,93,72,46,21,0.1488390515474764,0.19993178330515335,0.060740776781812576,0.11404006814335137,0.7506232329943829,0.04865548910681623,class=194:n02096437.pkl:0;n02096437.pkl:3;n02096437.pkl:4|class=54:n01729322.pkl:1;n01729322.pkl:3;n01729322.pkl:5|class=283:n02123394.pkl:0;n02123394.pkl:1;n02123394.pkl:4
swin,1323,555,-,84,56,38,16,0.11397110329403291,0.17053735631490977,0.04674140352841102,0.09637230625768832,0.7254044350300801,0.0625130585257885,class=120:n01980166.pkl:2;n01980166.pkl:6;n01980166.pkl:7|class=140:n02027492.pkl:0;n02027492.pkl:1;n02027492.pkl:2|class=305:n02172182.pkl:0;n02172182.pkl:3;n02172182.pkl:4
swin,1324,556,-,85,55,37,20,0.09436523519839028,0.12682673751321052,0.03561044669262838,0.06233366254296168,0.7733363131799501,0.047811904744514945,class=177:n02092002.pkl:1;n02092002.pkl:3;n02092002.pkl:4|class=517:n03126707.pkl:1;n03126707.pkl:11;n03126707.pkl:18|class=817:n04285008.pkl:2;n04285008.pkl:4;n04285008.pkl:5
swin,1325,557,-,73,44,24,11,0.08343156680121303,0.16686002554674237,0.03888974203944339,0.11676620677559753,0.6033571394939088,0.13719135096490745,class=68:n01756291.pkl:0;n01756291.pkl:1;n01756291.pkl:3|class=534:n03207941.pkl:1;n03207941.pkl:2;n03207941.pkl:3|class=166:n02089867.pkl:9;n02089867.pkl:11;n02089867.pkl:12
swin,1326,558,-,76,55,36,12,0.10747617320696702,0.15939755269571398,0.037569418996959945,0.0721839880260834,0.7407405763110609,0.0617313719936055,class=407:n02701002.pkl:0;n02701002.pkl:2;n02701002.pkl:5|class=211:n02100583.pkl:0;n02100583.pkl:4;n02100583.pkl:5|class=67:n01755581.pkl:4;n01755581.pkl:7;n01755581.pkl:12
swin,1327,559,-,37,26,11,3,0.0626395891482605,0.12357336214535146,0.019990896532820435,0.057107048175826944,0.592116556100161,0.24758012269712337,class=724:n03947888.pkl:2;n03947888.pkl:6;n03947888.pkl:8|class=714:n03929660.pkl:23;n03929660.pkl:26;n03929660.pkl:39|class=493:n03016953.pkl:1;n03016953.pkl:9;n03016953.pkl:59
swin,1328,560,-,86,59,46,25,0.13532908547767314,0.1802759688458721,0.057306387216769034,0.10199238302508942,0.7690991596631833,0.04846038742427822,class=766:n04111531.pkl:2;n04111531.pkl:4;n04111531.pkl:6|class=354:n02437312.pkl:1;n02437312.pkl:4;n02437312.pkl:6|class=341:n02395406.pkl:7;n02395406.pkl:14;n02395406.pkl:20
swin,1329,561,-,60,33,23,12,0.09928752143790855,0.16988182160589366,0.03698282503031295,0.07479573895604377,0.6966719054303092,0.08483808007946915,class=47:n01694178.pkl:0;n01694178.pkl:12;n01694178.pkl:16|class=5:n01496331.pkl:0;n01496331.pkl:3;n01496331.pkl:7|class=360:n02444819.pkl:0;n02444819.pkl:3;n02444819.pkl:4
swin,1330,562,-,262,202,173,106,0.2046622122440319,0.24861639361637586,0.12395452553737162,0.20271815948209926,0.8251999603975955,0.014025230660356075,class=218:n02102177.pkl:0;n02102177.pkl:1;n02102177.pkl:2|class=993:n13037406.pkl:0;n13037406.pkl:1;n13037406.pkl:2|class=781:n04149813.pkl:0;n04149813.pkl:2;n04149813.pkl:3
swin,1331,563,-,81,50,33,14,0.0712914614396559,0.1113056477418207,0.025927196725047053,0.06478317634362615,0.7175766134521508,0.08942330518988226,class=698:n03877845.pkl:0;n03877845.pkl:1;n03877845.pkl:2|class=824:n04325704.pkl:11;n04325704.pkl:18;n04325704.pkl:20|class=77:n01775062.pkl:7;n01775062.pkl:21;n01775062.pkl:24
swin,1332,564,-,66,34,21,11,0.08672798372609446,0.16781755405729679,0.037377865661139716,0.09409507587755551,0.632756277435903,0.11117132917183499,class=931:n07693725.pkl:1;n07693725.pkl:2;n07693725.pkl:5|class=367:n02481823.pkl:1;n02481823.pkl:3;n02481823.pkl:4|class=702:n03888605.pkl:1;n03888605.pkl:9;n03888605.pkl:15
swin,1333,565,-,83,52,30,13,0.08229898016866828,0.1294316421408935,0.03189628822073762,0.07675807778500834,0.7020244107956406,0.08182157798969339,class=993:n13037406.pkl:2;n13037406.pkl:3;n13037406.pkl:6|class=340:n02391049.pkl:3;n02391049.pkl:4;n02391049.pkl:6|class=912:n04604644.pkl:4;n04604644.pkl:7;n04604644.pkl:8
swin,1334,566,-,102,64,46,21,0.10673415345165335,0.1600480606501808,0.04129224636382119,0.08067568412840892,0.7537078523559181,0.04722774215224802,class=400:n02669723.pkl:2;n02669723.pkl:3;n02669723.pkl:6|class=596:n03498962.pkl:0;n03498962.pkl:9;n03498962.pkl:10|class=743:n04005630.pkl:1;n04005630.pkl:4;n04005630.pkl:11
swin,1335,567,-,78,57,38,18,0.11751587751353174,0.17041934373556514,0.047873730585473985,0.11388049334671144,0.7089440599950817,0.08536585512670936,class=120:n01980166.pkl:0;n01980166.pkl:1;n01980166.pkl:2|class=75:n01774384.pkl:1;n01774384.pkl:2;n01774384.pkl:3|class=575:n03445924.pkl:0;n03445924.pkl:12;n03445924.pkl:15
swin,1336,568,-,51,29,10,4,0.055760226222867554,0.12552584750769688,0.021556337053488528,0.06483738654329407,0.5829615224562633,0.19699856247764705,class=95:n01843065.pkl:3;n01843065.pkl:4;n01843065.pkl:6|class=540:n03240683.pkl:0;n03240683.pkl:8;n03240683.pkl:13|class=687:n03854065.pkl:1;n03854065.pkl:9;n03854065.pkl:24
swin,1337,569,-,94,75,51,23,0.15637136320478773,0.21421871790301766,0.06743935165642498,0.14154431962325506,0.7335826711060025,0.05750131694682366,class=950:n07747607.pkl:0;n07747607.pkl:1;n07747607.pkl:2|class=115:n01950731.pkl:1;n01950731.pkl:2;n01950731.pkl:3|class=18:n01582220.pkl:0;n01582220.pkl:2;n01582220.pkl:3
swin,1338,570,-,164,111,76,38,0.1145774117672629,0.1785619029630998,0.05318326708748115,0.11210658470102522,0.7559031458799883,0.03319126426746956,class=402:n02676566.pkl:2;n02676566.pkl:4;n02676566.pkl:5|class=358:n02443114.pkl:0;n02443114.pkl:2;n02443114.pkl:3|class=67:n01755581.pkl:0;n01755581.pkl:4;n01755581.pkl:5
swin,1339,571,-,72,45,27,15,0.12457088783068507,0.22848858916266268,0.06886866501911841,0.1698126434357586,0.6340557409105819,0.098331998880066,class=20:n01601694.pkl:0;n01601694.pkl:1;n01601694.pkl:2|class=547:n03272562.pkl:0;n03272562.pkl:2;n03272562.pkl:3|class=105:n01882714.pkl:0;n01882714.pkl:2;n01882714.pkl:3
swin,1340,572,-,87,59,40,23,0.14009064801455265,0.20287101910616687,0.061790761200569824,0.12369705417466023,0.7320055836314248,0.05755726894974281,class=816:n04277352.pkl:0;n04277352.pkl:1;n04277352.pkl:2|class=342:n02396427.pkl:0;n02396427.pkl:1;n02396427.pkl:4|class=335:n02356798.pkl:0;n02356798.pkl:3;n02356798.pkl:7
swin,1341,573,-,88,56,32,12,0.09213805784615135,0.15767226642877644,0.03276705691352097,0.07573794593170763,0.7030108837404453,0.07207493211170106,class=265:n02113624.pkl:0;n02113624.pkl:1;n02113624.pkl:2|class=142:n02033041.pkl:4;n02033041.pkl:12;n02033041.pkl:17|class=323:n02279972.pkl:3;n02279972.pkl:4;n02279972.pkl:9
swin,1342,574,-,87,63,40,21,0.11876102466507835,0.17121727936127099,0.05463895763247533,0.10614297553073108,0.741041946589518,0.05487114701264552,class=15:n01558993.pkl:0;n01558993.pkl:1;n01558993.pkl:2|class=800:n04243546.pkl:1;n04243546.pkl:8;n04243546.pkl:12|class=38:n01675722.pkl:0;n01675722.pkl:6;n01675722.pkl:17
swin,1343,575,-,74,54,27,12,0.09703330437489065,0.1560909659048814,0.038247215511994906,0.09594063949834065,0.6774839887637834,0.09854384110041778,class=383:n02497673.pkl:2;n02497673.pkl:3;n02497673.pkl:4|class=363:n02454379.pkl:3;n02454379.pkl:4;n02454379.pkl:7|class=963:n07873807.pkl:1;n07873807.pkl:2;n07873807.pkl:3
swin,1344,576,-,91,58,38,14,0.10020058181752076,0.16310553153743482,0.04239617085969795,0.11325715309981736,0.688049284250992,0.0894107776470492,class=682:n03837869.pkl:0;n03837869.pkl:1;n03837869.pkl:2|class=963:n07873807.pkl:0;n07873807.pkl:3;n07873807.pkl:4|class=735:n03980874.pkl:3;n03980874.pkl:5;n03980874.pkl:6
swin,1345,577,-,76,47,31,12,0.1164370371253038,0.20610992426318672,0.05711681489030576,0.14092751570595308,0.6506621732369614,0.09326112647633023,class=416:n02777292.pkl:1;n02777292.pkl:2;n02777292.pkl:3|class=14:n01537544.pkl:1;n01537544.pkl:2;n01537544.pkl:3|class=352:n02422699.pkl:4;n02422699.pkl:6;n02422699.pkl:11
swin,1346,578,-,98,77,56,35,0.20626431284871372,0.24930956136403254,0.10023618761722322,0.17249608951748452,0.7713644321716068,0.0404233086856033,class=397:n02655020.pkl:0;n02655020.pkl:1;n02655020.pkl:2|class=322:n02277742.pkl:0;n02277742.pkl:1;n02277742.pkl:2|class=687:n03854065.pkl:0;n03854065.pkl:1;n03854065.pkl:2
swin,1347,579,-,96,75,45,22,0.14182297822839277,0.20651943904764475,0.06943321497722281,0.14892211195413985,0.7134815636882699,0.058336201132273405,class=74:n01773797.pkl:1;n01773797.pkl:10;n01773797.pkl:13|class=73:n01773549.pkl:2;n01773549.pkl:5;n01773549.pkl:9|class=63:n01748264.pkl:2;n01748264.pkl:3;n01748264.pkl:5
swin,1348,580,-,94,59,34,16,0.08537322363027801,0.15288351781472134,0.036589851826399414,0.09866094701737407,0.6655111036262268,0.08798492934487369,class=798:n04238763.pkl:0;n04238763.pkl:1;n04238763.pkl:2|class=76:n01774750.pkl:0;n01774750.pkl:2;n01774750.pkl:4|class=909:n04596742.pkl:10;n04596742.pkl:14;n04596742.pkl:21
swin,1349,581,-,48,37,23,10,0.13878146306296138,0.22060738415142406,0.0624957950457928,0.13654769453148888,0.6615547969884217,0.12028817075028135,class=238:n02107574.pkl:0;n02107574.pkl:1;n02107574.pkl:3|class=95:n01843065.pkl:0;n01843065.pkl:1;n01843065.pkl:4|class=981:n09835506.pkl:0;n09835506.pkl:1;n09835506.pkl:3
swin,1350,582,-,80,57,39,23,0.1525444831444332,0.23462222130630428,0.08070408357025842,0.18127329823390942,0.6917053202010325,0.07556474817957398,class=16:n01560419.pkl:0;n01560419.pkl:1;n01560419.pkl:2|class=291:n02129165.pkl:0;n02129165.pkl:1;n02129165.pkl:2|class=311:n02226429.pkl:1;n02226429.pkl:2;n02226429.pkl:3
swin,1351,583,-,93,60,39,11,0.06064977665761728,0.09591562267893086,0.02206122861366103,0.05195941142733345,0.7519532989112191,0.07039934506282683,class=694:n03874293.pkl:0;n03874293.pkl:4;n03874293.pkl:5|class=210:n02100236.pkl:1;n02100236.pkl:5;n02100236.pkl:7|class=145:n02056570.pkl:21;n02056570.pkl:26;n02056570.pkl:33
swin,1352,584,-,116,88,70,43,0.2176064900671559,0.2541530360755752,0.10995236470164114,0.18339182695987538,0.7857106440819069,0.03260309929242032,class=28:n01632458.pkl:0;n01632458.pkl:1;n01632458.pkl:2|class=163:n02088466.pkl:1;n02088466.pkl:2;n02088466.pkl:3|class=72:n01773157.pkl:0;n01773157.pkl:1;n01773157.pkl:3
swin,1353,585,-,71,41,24,9,0.07890895011805638,0.12376239315281803,0.026205355137804785,0.05600789199473001,0.7119406208272202,0.07842138854438198,class=222:n02104029.pkl:2;n02104029.pkl:4;n02104029.pkl:10|class=270:n02114548.pkl:3;n02114548.pkl:4;n02114548.pkl:8|class=329:n02321529.pkl:1;n02321529.pkl:4;n02321529.pkl:14
swin,1354,586,-,92,52,32,12,0.0773207105797064,0.12618708817842694,0.025698330117044744,0.05783330219393834,0.7227179241384605,0.0659196949007948,class=187:n02094433.pkl:0;n02094433.pkl:6;n02094433.pkl:8|class=160:n02088094.pkl:6;n02088094.pkl:10;n02088094.pkl:13|class=294:n02132136.pkl:28;n02132136.pkl:44;n02132136.pkl:50
swin,1355,587,-,79,63,42,21,0.15776991313676497,0.21586971715848682,0.07189130056758831,0.14292679125665533,0.7302398702303535,0.06269018771292618,class=351:n02422106.pkl:0;n02422106.pkl:1;n02422106.pkl:2|class=420:n02787622.pkl:0;n02787622.pkl:2;n02787622.pkl:3|class=955:n07754684.pkl:2;n07754684.pkl:9;n07754684.pkl:12
swin,1356,588,-,72,48,31,16,0.14397383895584406,0.23112688607399004,0.07500772975286628,0.17452596056262143,0.6655802649640189,0.0890815639561458,class=466:n02917067.pkl:0;n02917067.pkl:2;n02917067.pkl:3|class=393:n02607072.pkl:0;n02607072.pkl:1;n02607072.pkl:2|class=330:n02325366.pkl:1;n02325366.pkl:2;n02325366.pkl:3
swin,1357,589,-,97,72,57,34,0.18012383121241182,0.2211365069044071,0.08922677636167346,0.16856145004727646,0.7605283289399702,0.04710136143955205,class=986:n12057211.pkl:0;n12057211.pkl:1;n12057211.pkl:3|class=820:n04310018.pkl:0;n04310018.pkl:1;n04310018.pkl:2|class=821:n04311004.pkl:2;n04311004.pkl:3;n04311004.pkl:4
swin,1358,590,-,163,115,78,40,0.13346325254716868,0.20612157258431088,0.07094215401654623,0.14090733006403441,0.760184145822569,0.030338059882717927,class=547:n03272562.pkl:1;n03272562.pkl:2;n03272562.pkl:3|class=417:n02782093.pkl:0;n02782093.pkl:1;n02782093.pkl:2|class=86:n01807496.pkl:0;n01807496.pkl:1;n01807496.pkl:2
swin,1359,591,-,83,56,35,15,0.10186826650472532,0.1742568938127406,0.04467620449434052,0.10297673755819911,0.6936559142399423,0.0760581629225944,class=232:n02106166.pkl:5;n02106166.pkl:6;n02106166.pkl:8|class=665:n03785016.pkl:1;n03785016.pkl:2;n03785016.pkl:3|class=261:n02112350.pkl:0;n02112350.pkl:2;n02112350.pkl:5
swin,1360,592,-,210,181,141,89,0.20800462168284453,0.24194114314763498,0.12253384611473166,0.19240667729471073,0.8290166501235551,0.016503006570321086,class=992:n12998815.pkl:0;n12998815.pkl:1;n12998815.pkl:2|class=952:n07753113.pkl:0;n07753113.pkl:1;n07753113.pkl:2|class=288:n02128385.pkl:0;n02128385.pkl:1;n02128385.pkl:2
swin,1361,593,-,86,66,45,26,0.17108015581166633,0.2353547881636119,0.08029463568669368,0.16757782866648774,0.723465061444152,0.062275825588529135,class=326:n02281787.pkl:0;n02281787.pkl:1;n02281787.pkl:2|class=92:n01828970.pkl:0;n01828970.pkl:1;n01828970.pkl:2|class=122:n01983481.pkl:0;n01983481.pkl:1;n01983481.pkl:2
swin,1362,594,-,98,69,49,15,0.08605192348215555,0.12764208772655708,0.03038812982043364,0.05737205189641103,0.7724013566241578,0.04657604485972201,class=239:n02107683.pkl:0;n02107683.pkl:6;n02107683.pkl:9|class=851:n04404412.pkl:2;n04404412.pkl:15;n04404412.pkl:23|class=247:n02109525.pkl:11;n02109525.pkl:18;n02109525.pkl:32
swin,1363,595,-,95,77,45,26,0.1663794325644792,0.2395670857471746,0.08257027292550582,0.1841915767743816,0.7048509015369054,0.06290667662861464,class=100:n01860187.pkl:0;n01860187.pkl:1;n01860187.pkl:2|class=958:n07802026.pkl:0;n07802026.pkl:1;n07802026.pkl:2|class=140:n02027492.pkl:0;n02027492.pkl:1;n02027492.pkl:2
swin,1364,596,-,113,84,64,40,0.20690906833777614,0.264040385584909,0.10895430756799732,0.18652700729491772,0.7763969951595575,0.034786345456958835,class=432:n02804610.pkl:0;n02804610.pkl:2;n02804610.pkl:3|class=25:n01629819.pkl:1;n01629819.pkl:3;n01629819.pkl:4|class=72:n01773157.pkl:2;n01773157.pkl:4;n01773157.pkl:5
swin,1365,597,-,86,53,35,18,0.10840642161533996,0.1856942146524254,0.04991442398024129,0.10928001654409342,0.7003975641492804,0.06736328173447713,class=45:n01692333.pkl:1;n01692333.pkl:2;n01692333.pkl:3|class=592:n03492542.pkl:0;n03492542.pkl:2;n03492542.pkl:3|class=918:n06785654.pkl:1;n06785654.pkl:2;n06785654.pkl:6
swin,1366,598,-,106,85,71,44,0.23933350919152602,0.2562126632143421,0.11584845947249171,0.18437273440452276,0.800951237647006,0.03332896046140957,class=69:n01768244.pkl:0;n01768244.pkl:1;n01768244.pkl:2|class=319:n02268443.pkl:1;n02268443.pkl:2;n02268443.pkl:3|class=668:n03788195.pkl:0;n03788195.pkl:1;n03788195.pkl:2
swin,1367,599,-,108,83,52,34,0.16112824996671676,0.21914768546656885,0.07163010584708517,0.13017509782838685,0.7654405933119187,0.03983949888044283,class=129:n02006656.pkl:2;n02006656.pkl:3;n02006656.pkl:5|class=389:n02514041.pkl:0;n02514041.pkl:1;n02514041.pkl:2|class=92:n01828970.pkl:4;n01828970.pkl:8;n01828970.pkl:11
swin,1368,600,-,126,86,63,39,0.13397546809438127,0.20057261759467918,0.07146097811988981,0.15783414120484385,0.7386024690823246,0.04665277218723084,class=85:n01806567.pkl:0;n01806567.pkl:1;n01806567.pkl:2|class=81:n01796340.pkl:0;n01796340.pkl:1;n01796340.pkl:2|class=141:n02028035.pkl:0;n02028035.pkl:1;n02028035.pkl:2
swin,1369,601,-,89,63,40,18,0.12614014289378092,0.1893538221900819,0.05641112199358899,0.11891148653058065,0.7228921119658638,0.06116211164440366,class=25:n01629819.pkl:0;n01629819.pkl:1;n01629819.pkl:2|class=58:n01737021.pkl:2;n01737021.pkl:8;n01737021.pkl:12|class=386:n02504458.pkl:1;n02504458.pkl:4;n02504458.pkl:6
swin,1370,602,-,95,70,52,29,0.1547244991792905,0.20262323329949766,0.07065255996440939,0.13274734034229146,0.7579482735413768,0.047686019894609445,class=97:n01847000.pkl:0;n01847000.pkl:3;n01847000.pkl:5|class=835:n04355338.pkl:3;n04355338.pkl:5;n04355338.pkl:7|class=436:n02814533.pkl:0;n02814533.pkl:1;n02814533.pkl:2
swin,1371,603,-,105,74,47,19,0.0987734918171959,0.1480297621557536,0.03818539617113767,0.08319000559859527,0.7384385343421567,0.05472588816187546,class=33:n01664065.pkl:1;n01664065.pkl:2;n01664065.pkl:4|class=690:n03868242.pkl:2;n03868242.pkl:3;n03868242.pkl:8|class=963:n07873807.pkl:11;n07873807.pkl:17;n07873807.pkl:20
swin,1372,604,-,102,74,53,35,0.15846702990359954,0.20915814232519034,0.07808829356864266,0.14732678920201023,0.7620431571110152,0.044701188179397014,class=105:n01882714.pkl:0;n01882714.pkl:1;n01882714.pkl:2|class=143:n02037110.pkl:0;n02037110.pkl:2;n02037110.pkl:4|class=309:n02206856.pkl:0;n02206856.pkl:3;n02206856.pkl:4
swin,1373,605,-,89,53,28,17,0.08070301512186696,0.12593217930762896,0.029283238563269767,0.057041618106205665,0.7350785021351802,0.05386989367164914,class=228:n02105505.pkl:2;n02105505.pkl:4;n02105505.pkl:5|class=915:n04613696.pkl:0;n04613696.pkl:19;n04613696.pkl:21|class=86:n01807496.pkl:0;n01807496.pkl:11;n01807496.pkl:13
swin,1374,606,-,269,207,178,92,0.10414758895571562,0.135469518230196,0.06225946340945916,0.0983425386711281,0.8522055897172959,0.01299259781286453,class=527:n03180011.pkl:0;n03180011.pkl:1;n03180011.pkl:3|class=489:n03000134.pkl:0;n03000134.pkl:3;n03000134.pkl:4|class=664:n03782006.pkl:0;n03782006.pkl:1;n03782006.pkl:6
swin,1375,607,-,70,48,34,15,0.10839247278531534,0.15328386826865117,0.04253257841674601,0.07674036371671715,0.7519454270484628,0.06079142049385432,class=286:n02125311.pkl:4;n02125311.pkl:5;n02125311.pkl:8|class=627:n03670208.pkl:3;n03670208.pkl:10;n03670208.pkl:17|class=579:n03452741.pkl:2;n03452741.pkl:6;n03452741.pkl:7
swin,1376,608,-,88,64,38,17,0.10689574688408521,0.17366953100871604,0.04999354174339577,0.12386437845925641,0.687398168397996,0.0811197655513945,class=311:n02226429.pkl:1;n02226429.pkl:2;n02226429.pkl:3|class=366:n02480855.pkl:0;n02480855.pkl:1;n02480855.pkl:2|class=313:n02231487.pkl:0;n02231487.pkl:7;n02231487.pkl:8
swin,1377,609,-,66,41,23,9,0.06370530936327166,0.11379399356389815,0.02378269289038847,0.07254979320717309,0.6645720985589009,0.15614737703098236,class=307:n02177972.pkl:0;n02177972.pkl:1;n02177972.pkl:4|class=860:n04443257.pkl:8;n04443257.pkl:15;n04443257.pkl:26|class=104:n01877812.pkl:12;n01877812.pkl:15;n01877812.pkl:31
swin,1378,610,-,181,155,114,64,0.23046329634378473,0.2440370789616533,0.09887600251051447,0.17238947162760865,0.8002528294208568,0.02231913077570767,class=484:n02981792.pkl:1;n02981792.pkl:4;n02981792.pkl:6|class=914:n04612504.pkl:2;n04612504.pkl:3;n04612504.pkl:4|class=890:n04540053.pkl:0;n04540053.pkl:1;n04540053.pkl:2
swin,1379,611,-,59,41,26,10,0.09001728219175119,0.13525569981117141,0.036474082561667585,0.0775711987182007,0.7003446899469922,0.09361116930202458,class=106:n01883070.pkl:1;n01883070.pkl:3;n01883070.pkl:4|class=282:n02123159.pkl:0;n02123159.pkl:3;n02123159.pkl:15|class=946:n07730033.pkl:5;n07730033.pkl:11;n07730033.pkl:21
swin,1380,612,-,47,23,11,5,0.0582430129674795,0.10070009129365495,0.021536414782359882,0.04966580067830297,0.6570554971603073,0.1344306738536711,class=698:n03877845.pkl:1;n03877845.pkl:2;n03877845.pkl:4|class=538:n03220513.pkl:9;n03220513.pkl:14;n03220513.pkl:18|class=663:n03781244.pkl:20;n03781244.pkl:39;n03781244.pkl:45
swin,1381,613,-,82,63,39,18,0.11927676750210169,0.18028017453135634,0.05289875179677846,0.11889195641904772,0.7081985318897571,0.07379789265460665,class=130:n02007558.pkl:0;n02007558.pkl:2;n02007558.pkl:3|class=286:n02125311.pkl:2;n02125311.pkl:4;n02125311.pkl:8|class=550:n03297495.pkl:0;n03297495.pkl:3;n03297495.pkl:4
swin,1382,614,-,77,48,27,9,0.07284051384161097,0.12521737639019181,0.026749762267171608,0.0648712820974136,0.6981895931800535,0.08936608615265425,class=523:n03141823.pkl:1;n03141823.pkl:3;n03141823.pkl:5|class=286:n02125311.pkl:1;n02125311.pkl:3;n02125311.pkl:4|class=686:n03843555.pkl:3;n03843555.pkl:11;n03843555.pkl:19
swin,1383,615,-,133,98,68,31,0.10495615665281928,0.1602133303672261,0.04841478174136149,0.10775375809272182,0.7575469667239115,0.04476287726522495,class=28:n01632458.pkl:0;n01632458.pkl:1;n01632458.pkl:2|class=936:n07714571.pkl:0;n07714571.pkl:1;n07714571.pkl:4|class=609:n03594945.pkl:2;n03594945.pkl:3;n03594945.pkl:8
swin,1384,616,-,68,45,36,15,0.11310917432582313,0.17097805603299024,0.049296445756918064,0.10691593621635766,0.7142113643951736,0.08388017990402888,class=493:n03016953.pkl:0;n03016953.pkl:1;n03016953.pkl:2|class=377:n02490219.pkl:0;n02490219.pkl:1;n02490219.pkl:2|class=298:n02137549.pkl:0;n02137549.pkl:2;n02137549.pkl:5
swin,1385,617,-,100,72,43,25,0.13109389317353595,0.19436382903337082,0.05919006781100272,0.13157982912677876,0.7163773673338478,0.0594175216388743,class=635:n03706229.pkl:2;n03706229.pkl:5;n03706229.pkl:9|class=429:n02799071.pkl:0;n02799071.pkl:1;n02799071.pkl:2|class=416:n02777292.pkl:1;n02777292.pkl:2;n02777292.pkl:3
swin,1386,618,-,92,65,43,23,0.1204239498876191,0.1828718180489332,0.053722703792734604,0.11087574614479918,0.7326475860736261,0.0571683465276277,class=904:n04589890.pkl:5;n04589890.pkl:7;n04589890.pkl:8|class=323:n02279972.pkl:2;n02279972.pkl:5;n02279972.pkl:8|class=460:n02894605.pkl:1;n02894605.pkl:3;n02894605.pkl:5
swin,1387,619,-,91,72,50,24,0.1580051663647887,0.2139731056587743,0.0773959973146308,0.15435579595463622,0.7411992544769369,0.054697670667544385,class=139:n02025239.pkl:0;n02025239.pkl:1;n02025239.pkl:3|class=296:n02134084.pkl:0;n02134084.pkl:1;n02134084.pkl:2|class=887:n04532106.pkl:2;n04532106.pkl:3;n04532106.pkl:5
swin,1388,620,-,82,53,28,12,0.09456385259564318,0.15780480068272298,0.03574856101913666,0.09177744805155488,0.6657115816152129,0.09257382105182356,class=497:n03028079.pkl:0;n03028079.pkl:3;n03028079.pkl:4|class=183:n02093859.pkl:0;n02093859.pkl:5;n02093859.pkl:6|class=334:n02346627.pkl:1;n02346627.pkl:2;n02346627.pkl:12
swin,1389,621,-,33,15,7,3,0.062112189840280545,0.16109638459263742,0.03032510160405795,0.09766997182610718,0.4302196540461016,0.3446459304824659,class=850:n04399382.pkl:0;n04399382.pkl:2;n04399382.pkl:4|class=116:n01955084.pkl:0;n01955084.pkl:4;n01955084.pkl:7|class=119:n01978455.pkl:13;n01978455.pkl:22;n01978455.pkl:41
swin,1390,622,-,91,67,49,23,0.17735102147773224,0.2382764305142874,0.08064912686806566,0.14822477038561946,0.7472801494037987,0.04810840181369545,class=816:n04277352.pkl:0;n04277352.pkl:2;n04277352.pkl:4|class=167:n02089973.pkl:1;n02089973.pkl:3;n02089973.pkl:4|class=52:n01728572.pkl:2;n01728572.pkl:3;n01728572.pkl:4
swin,1391,623,-,115,91,67,41,0.16087561333461595,0.20360223383029,0.07304732228279671,0.13574604422395897,0.781809568432671,0.03872513992487169,class=1:n01443537.pkl:1;n01443537.pkl:2;n01443537.pkl:3|class=583:n03467068.pkl:0;n03467068.pkl:1;n03467068.pkl:2|class=918:n06785654.pkl:0;n06785654.pkl:2;n06785654.pkl:5
swin,1392,624,-,100,70,48,25,0.13179892858629594,0.19118989445218296,0.05948870397317733,0.11544010132476684,0.7439599995948168,0.04765688427130773,class=99:n01855672.pkl:0;n01855672.pkl:1;n01855672.pkl:3|class=814:n04273569.pkl:1;n04273569.pkl:3;n04273569.pkl:4|class=802:n04252077.pkl:2;n04252077.pkl:12;n04252077.pkl:15
swin,1393,625,-,83,55,36,17,0.11639011323979183,0.18561763979315188,0.05662506385340471,0.1355579366043711,0.6824494918604044,0.08109671643705353,class=895:n04552348.pkl:0;n04552348.pkl:1;n04552348.pkl:2|class=603:n03538406.pkl:1;n03538406.pkl:3;n03538406.pkl:5|class=305:n02172182.pkl:2;n02172182.pkl:4;n02172182.pkl:6
swin,1394,626,-,71,43,27,7,0.06760633561104595,0.11056243763491494,0.023663730217378078,0.04673632072698539,0.7395183659083158,0.06902395362682545,class=699:n03884397.pkl:0;n03884397.pkl:1;n03884397.pkl:8|class=261:n02112350.pkl:5;n02112350.pkl:13;n02112350.pkl:23|class=118:n01978287.pkl:2;n01978287.pkl:3;n01978287.pkl:6
swin,1395,627,-,132,96,71,41,0.1485974551038819,0.20074327358277788,0.06958543890562105,0.1302882017853879,0.7764504715201866,0.03413401078492223,class=480:n02977058.pkl:0;n02977058.pkl:1;n02977058.pkl:3|class=637:n03710193.pkl:0;n03710193.pkl:2;n03710193.pkl:7|class=466:n02917067.pkl:0;n02917067.pkl:2;n02917067.pkl:3
swin,1396,628,-,82,52,36,12,0.07233097922180387,0.10503998913317748,0.026762875414369006,0.04913481153295917,0.7714000296974775,0.05330055160109834,class=500:n03042490.pkl:0;n03042490.pkl:1;n03042490.pkl:2|class=986:n12057211.pkl:17;n12057211.pkl:22;n12057211.pkl:38|class=658:n03775071.pkl:0;n03775071.pkl:4;n03775071.pkl:12
swin,1397,629,-,80,57,35,14,0.08930788129001914,0.13466425888201441,0.03494013680632254,0.07479852873914496,0.7312890305274843,0.0697857920098989,class=549:n03291819.pkl:2;n03291819.pkl:3;n03291819.pkl:9|class=547:n03272562.pkl:4;n03272562.pkl:10;n03272562.pkl:11|class=183:n02093859.pkl:1;n02093859.pkl:5;n02093859.pkl:17
swin,1398,630,-,67,42,27,11,0.09985914884309165,0.1687394354757294,0.044202419415774866,0.13406340660363156,0.6235817387436767,0.15222002390795789,class=12:n01532829.pkl:0;n01532829.pkl:1;n01532829.pkl:2|class=941:n07717410.pkl:0;n07717410.pkl:3;n07717410.pkl:6|class=688:n03857828.pkl:1;n03857828.pkl:6;n03857828.pkl:15
swin,1399,631,-,88,60,36,11,0.0625376610805133,0.07952504236375263,0.019456671535283035,0.0292614912862169,0.8216398886198516,0.03706600480681696,class=475:n02965783.pkl:0;n02965783.pkl:8;n02965783.pkl:19|class=170:n02090721.pkl:4;n02090721.pkl:7;n02090721.pkl:23|class=415:n02776631.pkl:8;n02776631.pkl:26;n02776631.pkl:31
swin,1400,632,-,83,46,29,17,0.09908391356894725,0.1711227519236809,0.0470701315688982,0.10459687670492837,0.6863340486399613,0.07154155538083473,class=160:n02088094.pkl:0;n02088094.pkl:1;n02088094.pkl:3|class=40:n01682714.pkl:0;n01682714.pkl:1;n01682714.pkl:2|class=41:n01685808.pkl:1;n01685808.pkl:3;n01685808.pkl:6
swin,1401,633,-,79,52,30,11,0.07516952452993,0.11019667734853135,0.02065897188637341,0.0401702035111331,0.7698558564912911,0.060517221617074464,class=224:n02105056.pkl:0;n02105056.pkl:2;n02105056.pkl:5|class=790:n04204238.pkl:0;n04204238.pkl:7;n04204238.pkl:8|class=255:n02111129.pkl:20;n02111129.pkl:22;n02111129.pkl:34
swin,1402,634,-,82,58,37,13,0.11312555038022999,0.1771918625155922,0.048460540218507424,0.10161590968977653,0.7201342730891885,0.0658158941629472,class=196:n02097047.pkl:1;n02097047.pkl:5;n02097047.pkl:6|class=950:n07747607.pkl:0;n07747607.pkl:1;n07747607.pkl:7|class=222:n02104029.pkl:8;n02104029.pkl:10;n02104029.pkl:14
swin,1403,635,-,84,59,37,16,0.11240657914909062,0.20763664692636624,0.05337456577600225,0.14625915123017788,0.6526531642454266,0.1012966482353907,class=320:n02268853.pkl:0;n02268853.pkl:1;n02268853.pkl:3|class=319:n02268443.pkl:1;n02268443.pkl:3;n02268443.pkl:4|class=203:n02098286.pkl:0;n02098286.pkl:2;n02098286.pkl:4
swin,1404,636,-,76,59,38,24,0.1635270860799701,0.21216012463004807,0.062067013650751374,0.09803538783224314,0.7777402674794838,0.045984838454981004,class=858:n04435653.pkl:1;n04435653.pkl:2;n04435653.pkl:5|class=642:n03721384.pkl:0;n03721384.pkl:2;n03721384.pkl:4|class=373:n02487347.pkl:1;n02487347.pkl:6;n02487347.pkl:7
swin,1405,637,-,109,85,55,29,0.17592767112435487,0.245293182986299,0.09079296614823328,0.1773418423763386,0.7387949351082668,0.044176204301800685,class=367:n02481823.pkl:0;n02481823.pkl:3;n02481823.pkl:4|class=246:n02109047.pkl:0;n02109047.pkl:1;n02109047.pkl:2|class=76:n01774750.pkl:0;n01774750.pkl:1;n01774750.pkl:4
swin,1406,638,-,72,46,35,21,0.14477409534376895,0.19901393206414542,0.06108547174975102,0.11377252931415006,0.7467916931037951,0.06206885225733452,class=688:n03857828.pkl:0;n03857828.pkl:1;n03857828.pkl:2|class=849:n04398044.pkl:0;n04398044.pkl:6;n04398044.pkl:8|class=267:n02113799.pkl:2;n02113799.pkl:5;n02113799.pkl:10
swin,1407,639,-,116,80,58,32,0.1451990058460296,0.2016732076513793,0.06766886791043654,0.13849525397897774,0.7477856681125229,0.04473122867265887,class=986:n12057211.pkl:0;n12057211.pkl:4;n12057211.pkl:5|class=511:n03100240.pkl:0;n03100240.pkl:2;n03100240.pkl:3|class=811:n04265275.pkl:6;n04265275.pkl:8;n04265275.pkl:10
swin,1408,640,-,77,53,30,15,0.1074484439176816,0.17195964819259224,0.040275858454072846,0.09629734691757826,0.6873343302051415,0.08722878124459324,class=937:n07714990.pkl:1;n07714990.pkl:2;n07714990.pkl:4|class=214:n02101006.pkl:0;n02101006.pkl:8;n02101006.pkl:12|class=97:n01847000.pkl:10;n01847000.pkl:14;n01847000.pkl:26
swin,1409,641,-,140,102,75,40,0.1294782311287627,0.18209489589087827,0.06192072102918959,0.12895607643440427,0.7647083186254938,0.03812301145923257,class=47:n01694178.pkl:0;n01694178.pkl:1;n01694178.pkl:2|class=107:n01910747.pkl:0;n01910747.pkl:1;n01910747.pkl:2|class=130:n02007558.pkl:0;n02007558.pkl:1;n02007558.pkl:2
swin,1410,642,-,76,56,35,19,0.11738981410713448,0.1710279076350022,0.04613392065445783,0.09659475767170256,0.7172985418709896,0.0708415527814912,class=262:n02112706.pkl:4;n02112706.pkl:5;n02112706.pkl:6|class=935:n07711569.pkl:8;n07711569.pkl:10;n07711569.pkl:12|class=501:n03045698.pkl:1;n03045698.pkl:11;n03045698.pkl:12
swin,1411,643,-,66,42,25,11,0.08430610271772805,0.137886551889104,0.032606580203017765,0.07045098818229771,0.7067233832056332,0.08588413407666878,class=35:n01667114.pkl:2;n01667114.pkl:4;n01667114.pkl:5|class=668:n03788195.pkl:4;n03788195.pkl:8;n03788195.pkl:11|class=842:n04371430.pkl:0;n04371430.pkl:4;n04371430.pkl:10
swin,1412,644,-,75,50,36,16,0.12699235651405086,0.21058939815621627,0.060834635643740025,0.1314998313821526,0.6912877961238846,0.07563322707586645,class=974:n09288635.pkl:0;n09288635.pkl:2;n09288635.pkl:3|class=257:n02111500.pkl:2;n02111500.pkl:5;n02111500.pkl:7|class=95:n01843065.pkl:0;n01843065.pkl:2;n01843065.pkl:4
swin,1413,645,-,72,47,27,14,0.12857797437354967,0.21717663333398357,0.05666715765851672,0.1547557700636936,0.6226623887093777,0.11747424075813737,class=989:n12620546.pkl:0;n12620546.pkl:1;n12620546.pkl:2|class=344:n02398521.pkl:0;n02398521.pkl:2;n02398521.pkl:3|class=375:n02488702.pkl:1;n02488702.pkl:3;n02488702.pkl:7
swin,1414,646,-,74,53,32,14,0.10890790062613828,0.16405341825181619,0.04575507883365831,0.0953842338257071,0.7087124619628489,0.07224119498337181,class=329:n02321529.pkl:0;n02321529.pkl:5;n02321529.pkl:7|class=843:n04371774.pkl:2;n04371774.pkl:6;n04371774.pkl:7|class=309:n02206856.pkl:3;n02206856.pkl:8;n02206856.pkl:9
swin,1415,647,-,84,52,33,13,0.09125558908554046,0.1581750096547561,0.036728213909665616,0.09816147505631213,0.680837972466534,0.09694084493617988,class=261:n02112350.pkl:0;n02112350.pkl:1;n02112350.pkl:2|class=420:n02787622.pkl:0;n02787622.pkl:1;n02787622.pkl:18|class=194:n02096437.pkl:8;n02096437.pkl:11;n02096437.pkl:13
swin,1416,648,-,91,74,55,27,0.16125440527447996,0.20899158841324977,0.07331147039925952,0.12937383012770515,0.7698846989028618,0.04521118684606311,class=933:n07697313.pkl:0;n07697313.pkl:2;n07697313.pkl:4|class=379:n02492660.pkl:0;n02492660.pkl:1;n02492660.pkl:2|class=331:n02326432.pkl:0;n02326432.pkl:1;n02326432.pkl:2
swin,1417,649,-,157,103,76,32,0.10416231800709447,0.16622557876484217,0.05080089924505344,0.11154009868024146,0.752993633432855,0.03707516874641631,class=495:n03018349.pkl:0;n03018349.pkl:1;n03018349.pkl:6|class=532:n03201208.pkl:1;n03201208.pkl:3;n03201208.pkl:6|class=892:n04548280.pkl:2;n04548280.pkl:4;n04548280.pkl:5
swin,1418,650,-,51,31,18,10,0.10048466550106823,0.1599862292549489,0.044271790100341095,0.09371284143252506,0.6684729053847427,0.10746433762596802,class=315:n02236044.pkl:0;n02236044.pkl:2;n02236044.pkl:6|class=479:n02974003.pkl:10;n02974003.pkl:11;n02974003.pkl:12|class=796:n04229816.pkl:0;n04229816.pkl:12;n04229816.pkl:15
swin,1419,651,-,74,53,32,20,0.1196748003863916,0.15936684526964473,0.04420399938790986,0.07046978688490275,0.7724157857230055,0.04785752874072221,class=148:n02071294.pkl:0;n02071294.pkl:4;n02071294.pkl:5|class=732:n03976467.pkl:7;n03976467.pkl:11;n03976467.pkl:12|class=856:n04428191.pkl:7;n04428191.pkl:22;n04428191.pkl:39
swin,1420,652,-,81,53,34,15,0.11071317257459119,0.1736834324385849,0.04309994705610316,0.09011807125575298,0.7189434942317918,0.0663197634552986,class=717:n03930630.pkl:0;n03930630.pkl:2;n03930630.pkl:3|class=46:n01693334.pkl:5;n01693334.pkl:9;n01693334.pkl:10|class=627:n03670208.pkl:0;n03670208.pkl:2;n03670208.pkl:8
swin,1421,653,-,77,42,31,16,0.10051851314844949,0.17688314839138633,0.046102064990834725,0.11940429416286859,0.6491726420863068,0.10010511576929124,class=347:n02410509.pkl:0;n02410509.pkl:1;n02410509.pkl:4|class=566:n03394916.pkl:0;n03394916.pkl:1;n03394916.pkl:3|class=850:n04399382.pkl:0;n04399382.pkl:9;n04399382.pkl:12
swin,1422,654,-,72,46,22,10,0.06862794790704825,0.11604305524514501,0.02560904611821864,0.05690923002488779,0.7029521459122449,0.08247656976203786,class=682:n03837869.pkl:3;n03837869.pkl:4;n03837869.pkl:6|class=602:n03535780.pkl:1;n03535780.pkl:3;n03535780.pkl:4|class=599:n03530642.pkl:8;n03530642.pkl:13;n03530642.pkl:19
swin,1423,655,-,79,58,42,19,0.12128934426070304,0.17400386561811299,0.05074059180776868,0.12785470494951698,0.7097921716115133,0.09302847074443164,class=984:n11879895.pkl:0;n11879895.pkl:1;n11879895.pkl:2|class=101:n01871265.pkl:0;n01871265.pkl:2;n01871265.pkl:3|class=881:n04515003.pkl:11;n04515003.pkl:14;n04515003.pkl:20
swin,1424,656,-,26,16,5,1,0.04745007953516074,0.08518799092629506,0.01266818591757841,0.033102396430058835,0.5878030875453839,0.3010748075969043,class=553:n03337140.pkl:4;n03337140.pkl:5;n03337140.pkl:8|class=483:n02980441.pkl:15;n02980441.pkl:21;n02980441.pkl:89|class=225:n02105162.pkl:2;n02105162.pkl:33;n02105162.pkl:37
swin,1425,657,-,67,43,31,17,0.13744680451834265,0.1987957849054958,0.06093866588440278,0.11547676503940243,0.7251193565503253,0.0685208983594916,class=13:n01534433.pkl:0;n01534433.pkl:2;n01534433.pkl:4|class=715:n03929855.pkl:0;n03929855.pkl:1;n03929855.pkl:3|class=561:n03384352.pkl:1;n03384352.pkl:10;n03384352.pkl:11
swin,1426,658,-,98,68,37,21,0.10628474628719022,0.16334878512713122,0.042794326144998736,0.0909503050187321,0.7280967535425106,0.056294416095224856,class=271:n02114712.pkl:13;n02114712.pkl:15;n02114712.pkl:18|class=788:n04200800.pkl:0;n04200800.pkl:1;n04200800.pkl:2|class=860:n04443257.pkl:1;n04443257.pkl:4;n04443257.pkl:9
swin,1427,659,-,90,60,30,16,0.11596861544620059,0.1970410581263265,0.05149785330966762,0.1260450067764539,0.6688706046241596,0.07767374991950063,class=306:n02174001.pkl:0;n02174001.pkl:1;n02174001.pkl:3|class=62:n01744401.pkl:0;n01744401.pkl:2;n01744401.pkl:3|class=56:n01734418.pkl:1;n01734418.pkl:2;n01734418.pkl:3
swin,1428,660,-,128,95,70,38,0.1657889804484136,0.20692588282773425,0.07706536015931463,0.13970677177883034,0.7797914313601008,0.033487267559975775,class=704:n03891332.pkl:0;n03891332.pkl:2;n03891332.pkl:3|class=755:n04044716.pkl:0;n04044716.pkl:1;n04044716.pkl:3|class=120:n01980166.pkl:5;n01980166.pkl:11;n01980166.pkl:12
swin,1429,661,-,91,74,51,26,0.17291691145645044,0.21102288648083686,0.06974434821167198,0.13011269387446345,0.7603199844731804,0.04923447242106024,class=985:n11939491.pkl:0;n11939491.pkl:3;n11939491.pkl:5|class=213:n02100877.pkl:0;n02100877.pkl:1;n02100877.pkl:4|class=325:n02281406.pkl:3;n02281406.pkl:6;n02281406.pkl:9
swin,1430,662,-,62,36,22,8,0.06689769041888605,0.10350160355832855,0.024241262856160368,0.044579308487005205,0.732848844348457,0.07067523015349021,class=556:n03347037.pkl:13;n03347037.pkl:20;n03347037.pkl:23|class=890:n04540053.pkl:7;n04540053.pkl:17;n04540053.pkl:51|class=172:n02091134.pkl:13;n02091134.pkl:19;n02091134.pkl:22
swin,1431,663,-,67,46,24,12,0.09744583463274666,0.16336446212417383,0.04110848031607728,0.10942572970049143,0.6467322574848428,0.12068045738727923,class=833:n04347754.pkl:3;n04347754.pkl:6;n04347754.pkl:7|class=9:n01518878.pkl:0;n01518878.pkl:5;n01518878.pkl:8|class=597:n03527444.pkl:0;n03527444.pkl:5;n03527444.pkl:7
swin,1432,664,-,85,63,48,26,0.16550640914080011,0.2120954511878224,0.08060748863069897,0.14393978375347283,0.754931515253434,0.04927858586925088,class=801:n04251144.pkl:4;n04251144.pkl:5;n04251144.pkl:6|class=160:n02088094.pkl:0;n02088094.pkl:1;n02088094.pkl:3|class=174:n02091467.pkl:1;n02091467.pkl:2;n02091467.pkl:4
swin,1433,665,-,78,55,37,19,0.1275713361027599,0.19593388918986795,0.06402740192980995,0.14312714916173844,0.6997973302453351,0.07688504808928016,class=152:n02085782.pkl:1;n02085782.pkl:3;n02085782.pkl:4|class=992:n12998815.pkl:0;n12998815.pkl:2;n12998815.pkl:3|class=694:n03874293.pkl:0;n03874293.pkl:1;n03874293.pkl:3
swin,1434,666,-,73,52,34,14,0.12230543706894617,0.1871603221396271,0.05809035586683228,0.12775788838138535,0.6950949084606389,0.07995757503785313,class=48:n01695060.pkl:0;n01695060.pkl:2;n01695060.pkl:4|class=309:n02206856.pkl:0;n02206856.pkl:1;n02206856.pkl:2|class=966:n07892512.pkl:4;n07892512.pkl:8;n07892512.pkl:9
swin,1435,667,-,46,24,15,6,0.07367295836783747,0.12882269788674394,0.027273084764866052,0.06362215559578366,0.6443721089323262,0.14004067166786474,class=634:n03697007.pkl:0;n03697007.pkl:10;n03697007.pkl:21|class=824:n04325704.pkl:2;n04325704.pkl:4;n04325704.pkl:18|class=399:n02667093.pkl:13;n02667093.pkl:17;n02667093.pkl:25
swin,1436,668,-,49,29,16,4,0.05279942620173936,0.0763024271327167,0.01306248342634173,0.02022187786345667,0.7762403925747321,0.0693179063024396,class=787:n04192698.pkl:2;n04192698.pkl:13;n04192698.pkl:23|class=942:n07717556.pkl:9;n07717556.pkl:21;n07717556.pkl:29|class=346:n02408429.pkl:19;n02408429.pkl:23;n02408429.pkl:69
swin,1437,669,-,65,45,28,15,0.14152242161782755,0.21634137304211817,0.06302566170478709,0.14781366531815104,0.6699047663707952,0.10000616770341535,class=85:n01806567.pkl:2;n01806567.pkl:3;n01806567.pkl:4|class=90:n01820546.pkl:0;n01820546.pkl:1;n01820546.pkl:3|class=368:n02483362.pkl:2;n02483362.pkl:3;n02483362.pkl:4
swin,1438,670,-,108,76,53,29,0.15502265493799283,0.21593301110807223,0.07816271210870272,0.15367339685668158,0.7450328546546272,0.04505030489104242,class=95:n01843065.pkl:0;n01843065.pkl:1;n01843065.pkl:3|class=974:n09288635.pkl:0;n09288635.pkl:1;n09288635.pkl:2|class=366:n02480855.pkl:1;n02480855.pkl:2;n02480855.pkl:4
swin,1439,671,-,73,47,27,8,0.06773633253835636,0.11506448704693548,0.025117375766038546,0.06614705232721736,0.6806066006507557,0.10870431777089445,class=498:n03032252.pkl:1;n03032252.pkl:2;n03032252.pkl:8|class=993:n13037406.pkl:0;n13037406.pkl:2;n13037406.pkl:5|class=512:n03109150.pkl:4;n03109150.pkl:5;n03109150.pkl:23
swin,1440,672,-,93,64,54,30,0.17321289122718694,0.23669634503377457,0.09410679679655887,0.1804225041735764,0.7468939811135279,0.05027628693278368,class=91:n01824575.pkl:0;n01824575.pkl:1;n01824575.pkl:2|class=302:n02167151.pkl:0;n02167151.pkl:1;n02167151.pkl:2|class=959:n07831146.pkl:0;n07831146.pkl:1;n07831146.pkl:2
swin,1441,673,-,51,28,15,6,0.07667472369763403,0.15012069545231027,0.03525337178857872,0.11645345649979627,0.5592407991206623,0.2335681778531481,class=90:n01820546.pkl:0;n01820546.pkl:1;n01820546.pkl:2|class=138:n02018795.pkl:4;n02018795.pkl:8;n02018795.pkl:9|class=930:n07684084.pkl:23;n07684084.pkl:29;n07684084.pkl:31
swin,1442,674,-,111,82,54,28,0.13460091520085457,0.1882669150596332,0.05886593970184485,0.11939611260303597,0.7518897597802405,0.0460710415086354,class=953:n07753275.pkl:0;n07753275.pkl:1;n07753275.pkl:2|class=950:n07747607.pkl:0;n07747607.pkl:4;n07747607.pkl:5|class=649:n03743016.pkl:0;n03743016.pkl:2;n03743016.pkl:3
swin,1443,675,-,80,55,32,16,0.09730621165766336,0.1426666548130707,0.03838078375227383,0.0811094319932121,0.7251405646956455,0.06832452741066543,class=514:n03124043.pkl:1;n03124043.pkl:3;n03124043.pkl:4|class=494:n03017168.pkl:4;n03017168.pkl:6;n03017168.pkl:11|class=258:n02111889.pkl:1;n02111889.pkl:9;n02111889.pkl:12
swin,1444,676,-,92,69,43,28,0.13869732630756856,0.18827150655026256,0.06051704532384449,0.11731699359197056,0.7442605264764893,0.05171829824499631,class=292:n02129604.pkl:2;n02129604.pkl:4;n02129604.pkl:5|class=490:n03000247.pkl:0;n03000247.pkl:1;n03000247.pkl:4|class=271:n02114712.pkl:4;n02114712.pkl:6;n02114712.pkl:15
swin,1445,677,-,72,52,44,24,0.18924795084528334,0.24113052300833016,0.0955198811724382,0.17532233041151712,0.7382908622663664,0.060679037653356915,class=540:n03240683.pkl:1;n03240683.pkl:4;n03240683.pkl:5|class=45:n01692333.pkl:0;n01692333.pkl:2;n01692333.pkl:3|class=75:n01774384.pkl:1;n01774384.pkl:2;n01774384.pkl:3
swin,1446,678,-,96,71,45,24,0.10295028243555732,0.1469600571773827,0.04316834861471258,0.08684762906341578,0.7524953145121224,0.0525779507940714,class=117:n01968897.pkl:0;n01968897.pkl:1;n01968897.pkl:3|class=546:n03272010.pkl:0;n03272010.pkl:8;n03272010.pkl:11|class=376:n02489166.pkl:6;n02489166.pkl:7;n02489166.pkl:9
swin,1447,679,-,111,85,61,32,0.16694288285498085,0.22526504472610467,0.079072633123684,0.16155131468372086,0.7461190907308152,0.04661401067638188,class=554:n03344393.pkl:1;n03344393.pkl:2;n03344393.pkl:3|class=197:n02097130.pkl:1;n02097130.pkl:3;n02097130.pkl:4|class=198:n02097209.pkl:0;n02097209.pkl:2;n02097209.pkl:3
swin,1448,680,-,63,42,25,9,0.0660502547245701,0.10996374756628186,0.024943411417507274,0.07039676410645486,0.6746874337380546,0.142303890888496,class=294:n02132136.pkl:1;n02132136.pkl:2;n02132136.pkl:3|class=869:n04479046.pkl:33;n04479046.pkl:39;n04479046.pkl:40|class=407:n02701002.pkl:16;n02701002.pkl:26;n02701002.pkl:41
swin,1449,681,-,88,60,40,20,0.12813190151136766,0.21331260937129734,0.07355527839261455,0.16858048959175376,0.6818558913188933,0.07105400517968073,class=81:n01796340.pkl:0;n01796340.pkl:1;n01796340.pkl:2|class=110:n01924916.pkl:0;n01924916.pkl:1;n01924916.pkl:2|class=554:n03344393.pkl:1;n03344393.pkl:2;n03344393.pkl:3
swin,1450,682,-,76,45,28,16,0.08248947555126245,0.11909210347720732,0.029755748500609563,0.060679627876098756,0.7393356255855844,0.06787592642299986,class=407:n02701002.pkl:1;n02701002.pkl:2;n02701002.pkl:4|class=605:n03584254.pkl:3;n03584254.pkl:5;n03584254.pkl:10|class=743:n04005630.pkl:15;n04005630.pkl:21;n04005630.pkl:24
swin,1451,683,-,83,43,27,10,0.059120908951801235,0.09729003033229969,0.021316153594261252,0.045795567651213745,0.7288858011050691,0.0676579653557416,class=240:n02107908.pkl:10;n02107908.pkl:12;n02107908.pkl:16|class=931:n07693725.pkl:15;n07693725.pkl:43;n07693725.pkl:53|class=857:n04429376.pkl:0;n04429376.pkl:15;n04429376.pkl:19
swin,1452,684,-,70,39,25,10,0.07643502861153378,0.13826287959854544,0.03047209500148601,0.07107653380324194,0.672855096411728,0.09200876046365744,class=844:n04372370.pkl:31;n04372370.pkl:34;n04372370.pkl:35|class=45:n01692333.pkl:1;n01692333.pkl:3;n01692333.pkl:10|class=771:n04125021.pkl:1;n04125021.pkl:5;n04125021.pkl:7
swin,1453,685,-,68,40,26,12,0.09383780880228001,0.1545599900456061,0.04246735352076008,0.09651440724206273,0.6794925690453041,0.09066238989572273,class=716:n03930313.pkl:0;n03930313.pkl:2;n03930313.pkl:4|class=789:n04201297.pkl:2;n04201297.pkl:4;n04201297.pkl:6|class=755:n04044716.pkl:1;n04044716.pkl:5;n04044716.pkl:7
swin,1454,686,-,75,58,37,17,0.1294078789629644,0.18082798723606494,0.0536263431268206,0.11478304282998562,0.7295633622898793,0.07441879185633665,class=322:n02277742.pkl:0;n02277742.pkl:2;n02277742.pkl:4|class=943:n07718472.pkl:0;n07718472.pkl:1;n07718472.pkl:2|class=215:n02101388.pkl:1;n02101388.pkl:2;n02101388.pkl:3
swin,1455,687,-,74,49,32,18,0.13647133890942728,0.21270245175448532,0.06669370085854416,0.14670067267335704,0.6935836297300928,0.07889621431072726,class=299:n02138441.pkl:0;n02138441.pkl:1;n02138441.pkl:2|class=173:n02091244.pkl:0;n02091244.pkl:1;n02091244.pkl:2|class=13:n01534433.pkl:3;n01534433.pkl:4;n01534433.pkl:7
swin,1456,688,-,56,33,20,9,0.07557713422358549,0.11349583818234628,0.020863984722013423,0.03363770034945247,0.7676272883231636,0.06427339342295366,class=785:n04162706.pkl:2;n04162706.pkl:4;n04162706.pkl:13|class=949:n07745940.pkl:2;n07745940.pkl:9;n07745940.pkl:27|class=878:n04505470.pkl:12;n04505470.pkl:18;n04505470.pkl:21
swin,1457,689,-,58,34,24,8,0.07290301994520954,0.09822255926256938,0.021764669953373013,0.03325652857242213,0.7862390812179233,0.05749654914035242,class=442:n02825657.pkl:0;n02825657.pkl:2;n02825657.pkl:3|class=803:n04252225.pkl:3;n04252225.pkl:5;n04252225.pkl:14|class=528:n03187595.pkl:7;n03187595.pkl:12;n03187595.pkl:13
swin,1458,690,-,55,35,22,6,0.0676531882756712,0.11524350968138922,0.025480358123642313,0.0636090384543647,0.6758439009311953,0.13149069025359075,class=313:n02231487.pkl:0;n02231487.pkl:2;n02231487.pkl:3|class=382:n02494079.pkl:9;n02494079.pkl:30;n02494079.pkl:34|class=49:n01697457.pkl:2;n01697457.pkl:5;n01697457.pkl:14
swin,1459,691,-,80,65,39,19,0.13776296009065542,0.18178092264536858,0.049676978633096884,0.09812530658239119,0.7408249711943916,0.061271006485227264,class=675:n03796401.pkl:2;n03796401.pkl:3;n03796401.pkl:6|class=86:n01807496.pkl:5;n01807496.pkl:9;n01807496.pkl:12|class=973:n09256479.pkl:4;n09256479.pkl:7;n09256479.pkl:12
swin,1460,692,-,73,57,41,23,0.16817213410526988,0.21439074852300663,0.07750975014014361,0.14561949184306686,0.7404429457534218,0.06204941057148362,class=946:n07730033.pkl:0;n07730033.pkl:1;n07730033.pkl:2|class=322:n02277742.pkl:0;n02277742.pkl:1;n02277742.pkl:4|class=405:n02692877.pkl:3;n02692877.pkl:4;n02692877.pkl:5
swin,1461,693,-,65,43,27,9,0.07947526198424357,0.1272536683907792,0.029051419639580214,0.06575601173756014,0.7128076067707078,0.09420215117456711,class=531:n03197337.pkl:1;n03197337.pkl:2;n03197337.pkl:3|class=357:n02442845.pkl:7;n02442845.pkl:8;n02442845.pkl:9|class=202:n02098105.pkl:11;n02098105.pkl:16;n02098105.pkl:29
swin,1462,694,-,28,13,6,1,0.026177691916435108,0.03806305482084486,0.007386358044569187,0.011539919945989447,0.7811782005050634,0.12288826066800979,class=885:n04525038.pkl:5;n04525038.pkl:12;n04525038.pkl:24|class=941:n07717410.pkl:90;n07717410.pkl:143;n07717410.pkl:180|class=887:n04532106.pkl:12;n04532106.pkl:56;n04532106.pkl:105
swin,1463,695,-,84,61,48,24,0.163129554932373,0.2100192153055621,0.07785680435613569,0.14543350983699674,0.7513875441105289,0.05344380965825799,class=661:n03777568.pkl:0;n03777568.pkl:2;n03777568.pkl:3|class=40:n01682714.pkl:0;n01682714.pkl:1;n01682714.pkl:2|class=384:n02500267.pkl:0;n02500267.pkl:1;n02500267.pkl:2
swin,1464,696,-,77,56,43,25,0.17769553544325492,0.23389325404432598,0.09337583975138346,0.17519845299398537,0.740454419170016,0.0587064388285534,class=388:n02510455.pkl:0;n02510455.pkl:1;n02510455.pkl:2|class=53:n01728920.pkl:0;n01728920.pkl:1;n01728920.pkl:4|class=1:n01443537.pkl:0;n01443537.pkl:3;n01443537.pkl:4
swin,1465,697,-,84,64,38,26,0.1395807873232394,0.19205208048543718,0.0596777891823223,0.11203414296720449,0.7439736093886877,0.05386095298141385,class=460:n02894605.pkl:1;n02894605.pkl:3;n02894605.pkl:5|class=724:n03947888.pkl:0;n03947888.pkl:1;n03947888.pkl:2|class=721:n03938244.pkl:0;n03938244.pkl:2;n03938244.pkl:3
swin,1466,698,-,175,125,85,44,0.11774785523078034,0.17736622254463322,0.05931721310057883,0.1208411403896529,0.7702467320094238,0.029429666633917675,class=983:n10565667.pkl:1;n10565667.pkl:2;n10565667.pkl:3|class=232:n02106166.pkl:1;n02106166.pkl:2;n02106166.pkl:5|class=165:n02089078.pkl:1;n02089078.pkl:2;n02089078.pkl:5
swin,1467,699,-,53,34,21,3,0.0587836354949178,0.10837017436990319,0.020581194466753265,0.062075334484726415,0.6583608417263338,0.19050895558505998,class=292:n02129604.pkl:4;n02129604.pkl:5;n02129604.pkl:7|class=911:n04599235.pkl:47;n04599235.pkl:74;n04599235.pkl:81|class=882:n04517823.pkl:4;n04517823.pkl:9;n04517823.pkl:16
swin,1468,700,-,112,78,49,19,0.09618205858420413,0.1549138593586099,0.03853076038294224,0.08936040461591288,0.7356196287486093,0.056952432185931275,class=65:n01751748.pkl:0;n01751748.pkl:1;n01751748.pkl:3|class=656:n03770679.pkl:0;n03770679.pkl:15;n03770679.pkl:17|class=881:n04515003.pkl:4;n04515003.pkl:5;n04515003.pkl:10
swin,1469,701,-,74,38,23,8,0.04974062598969571,0.08034841676158741,0.017874351335764392,0.032643994670811076,0.7623559989392465,0.05858628845784764,class=706:n03899768.pkl:11;n03899768.pkl:13;n03899768.pkl:18|class=843:n04371774.pkl:0;n04371774.pkl:2;n04371774.pkl:8|class=759:n04069434.pkl:7;n04069434.pkl:20;n04069434.pkl:21
swin,1470,702,-,116,82,51,16,0.078866650564101,0.12123590602310332,0.029946873196031815,0.06332942080792103,0.7563652012162161,0.047172970378358214,class=957:n07768694.pkl:2;n07768694.pkl:3;n07768694.pkl:4|class=370:n02484975.pkl:5;n02484975.pkl:8;n02484975.pkl:14|class=207:n02099601.pkl:1;n02099601.pkl:5;n02099601.pkl:7
swin,1471,703,-,80,65,45,17,0.14069742032078553,0.19417546797095453,0.06406117711284302,0.13229235415524965,0.7271034018237793,0.0658076667035586,class=321:n02276258.pkl:0;n02276258.pkl:1;n02276258.pkl:4|class=992:n12998815.pkl:1;n12998815.pkl:3;n12998815.pkl:7|class=173:n02091244.pkl:2;n02091244.pkl:3;n02091244.pkl:4
swin,1472,704,-,67,35,20,12,0.09493713692427196,0.1852107773084221,0.042557659966824576,0.1106176307876228,0.6255289792372755,0.11576202607965454,class=40:n01682714.pkl:0;n01682714.pkl:1;n01682714.pkl:2|class=426:n02794156.pkl:1;n02794156.pkl:13;n02794156.pkl:14|class=152:n02085782.pkl:3;n02085782.pkl:18;n02085782.pkl:19
swin,1473,705,-,62,39,29,13,0.09994063670604807,0.15445049074418665,0.04742204078606607,0.10236943461706695,0.7021127594973221,0.09128932110839173,class=135:n02013706.pkl:0;n02013706.pkl:1;n02013706.pkl:3|class=382:n02494079.pkl:4;n02494079.pkl:18;n02494079.pkl:25|class=214:n02101006.pkl:18;n02101006.pkl:25;n02101006.pkl:27
swin,1474,706,-,79,56,36,19,0.14468861362433832,0.21722098332092057,0.06865696490551725,0.15365043340774867,0.68297024723774,0.07605560434693485,class=766:n04111531.pkl:0;n04111531.pkl:1;n04111531.pkl:2|class=384:n02500267.pkl:0;n02500267.pkl:1;n02500267.pkl:2|class=687:n03854065.pkl:0;n03854065.pkl:1;n03854065.pkl:2
swin,1475,707,-,103,78,45,27,0.15146576006140594,0.21836429623177142,0.07177632136896984,0.14156520358372485,0.7357490043652932,0.0474758187303328,class=108:n01914609.pkl:1;n01914609.pkl:2;n01914609.pkl:3|class=913:n04606251.pkl:0;n04606251.pkl:1;n04606251.pkl:6|class=992:n12998815.pkl:0;n12998815.pkl:1;n12998815.pkl:2
swin,1476,708,-,70,50,29,13,0.10194263659100478,0.1524851970265955,0.039517570617487174,0.08992169097613302,0.7168810912637152,0.08825482786620835,class=74:n01773797.pkl:1;n01773797.pkl:7;n01773797.pkl:11|class=867:n04467665.pkl:0;n04467665.pkl:7;n04467665.pkl:10|class=72:n01773157.pkl:6;n01773157.pkl:14;n01773157.pkl:32
swin,1477,709,-,117,89,64,38,0.174757811095136,0.23696444459697025,0.09063233205724668,0.1660541999015762,0.7620861675927393,0.03723813219740024,class=115:n01950731.pkl:2;n01950731.pkl:3;n01950731.pkl:5|class=178:n02092339.pkl:0;n02092339.pkl:1;n02092339.pkl:3|class=299:n02138441.pkl:0;n02138441.pkl:2;n02138441.pkl:3
swin,1478,710,-,86,59,37,13,0.11266945409432885,0.187515190541552,0.045526307727855604,0.10848678207945875,0.6941683147088421,0.07765624171831065,class=317:n02259212.pkl:0;n02259212.pkl:2;n02259212.pkl:4|class=565:n03393912.pkl:2;n03393912.pkl:3;n03393912.pkl:8|class=69:n01768244.pkl:1;n01768244.pkl:3;n01768244.pkl:5
swin,1479,711,-,62,38,23,10,0.08512853017742172,0.1337454814525516,0.029918762771032652,0.05737725120201878,0.7201424957693593,0.07544894820943973,class=167:n02089973.pkl:6;n02089973.pkl:24;n02089973.pkl:34|class=594:n03495258.pkl:2;n03495258.pkl:6;n03495258.pkl:7|class=411:n02730930.pkl:1;n02730930.pkl:6;n02730930.pkl:8
swin,1480,712,-,30,19,6,3,0.06507865466901622,0.11923255934644333,0.017906374980320043,0.040091689828285,0.6118854262220493,0.2004316669865842,class=401:n02672831.pkl:0;n02672831.pkl:1;n02672831.pkl:3|class=565:n03393912.pkl:4;n03393912.pkl:10;n03393912.pkl:35|class=172:n02091134.pkl:2;n02091134.pkl:20;n02091134.pkl:44
swin,1481,713,-,87,70,49,30,0.15463052884439568,0.2113279539680664,0.07782242953868079,0.16123898232690656,0.7410560370048308,0.060835630885277894,class=339:n02389026.pkl:0;n02389026.pkl:1;n02389026.pkl:2|class=768:n04118538.pkl:1;n04118538.pkl:2;n04118538.pkl:3|class=41:n01685808.pkl:0;n01685808.pkl:1;n01685808.pkl:2
swin,1482,714,-,102,68,48,26,0.13532072543952864,0.1907440693508368,0.06209585477518052,0.12016058378584875,0.7390249674478219,0.046515128950539344,class=504:n03063599.pkl:1;n03063599.pkl:3;n03063599.pkl:4|class=436:n02814533.pkl:3;n02814533.pkl:4;n02814533.pkl:7|class=507:n03075370.pkl:0;n03075370.pkl:1;n03075370.pkl:3
swin,1483,715,-,93,70,44,24,0.15835110567137664,0.23396891982297832,0.07690536223504563,0.16215070085978636,0.7130372334040688,0.0585541818638733,class=360:n02444819.pkl:0;n02444819.pkl:2;n02444819.pkl:3|class=724:n03947888.pkl:0;n03947888.pkl:1;n03947888.pkl:2|class=476:n02966193.pkl:1;n02966193.pkl:2;n02966193.pkl:3
swin,1484,716,-,98,69,46,27,0.1271398206358913,0.1829812953808379,0.057046703684795946,0.1126201919284408,0.74604043645656,0.04997314302023348,class=594:n03495258.pkl:0;n03495258.pkl:1;n03495258.pkl:2|class=432:n02804610.pkl:1;n02804610.pkl:2;n02804610.pkl:3|class=952:n07753113.pkl:1;n07753113.pkl:3;n07753113.pkl:4
swin,1485,717,-,90,62,42,23,0.13099158674889688,0.19653461902865843,0.0637146451202859,0.12153254174322468,0.7384272368363356,0.05153742235293921,class=123:n01984695.pkl:0;n01984695.pkl:2;n01984695.pkl:3|class=967:n07920052.pkl:0;n07920052.pkl:1;n07920052.pkl:6|class=437:n02814860.pkl:0;n02814860.pkl:1;n02814860.pkl:2
swin,1486,718,-,50,33,22,10,0.1352809468614944,0.22016827794205088,0.06527825810736108,0.1586779436112058,0.608268299682835,0.1381751081915067,class=6:n01498041.pkl:0;n01498041.pkl:1;n01498041.pkl:2|class=779:n04146614.pkl:0;n04146614.pkl:1;n04146614.pkl:5|class=967:n07920052.pkl:0;n07920052.pkl:3;n07920052.pkl:4
swin,1487,719,-,67,42,23,7,0.055104223553073144,0.09658490890860465,0.022325687575121843,0.05235582143169522,0.703354804861555,0.09700690765495948,class=829:n04335435.pkl:1;n04335435.pkl:5;n04335435.pkl:6|class=801:n04251144.pkl:0;n04251144.pkl:15;n04251144.pkl:16|class=656:n03770679.pkl:6;n03770679.pkl:14;n03770679.pkl:16
swin,1488,720,-,50,39,26,8,0.09139367684620908,0.12737364899052367,0.028951172367252677,0.05012981195846203,0.764549739500475,0.07996389523281015,class=616:n03627232.pkl:0;n03627232.pkl:1;n03627232.pkl:8|class=123:n01984695.pkl:0;n01984695.pkl:1;n01984695.pkl:2|class=506:n03065424.pkl:10;n03065424.pkl:14;n03065424.pkl:15
swin,1489,721,-,91,60,32,18,0.09501274709182365,0.1523031924541826,0.03557889484160799,0.08356402488670556,0.7072407590355381,0.0716085179128573,class=232:n02106166.pkl:1;n02106166.pkl:4;n02106166.pkl:8|class=477:n02966687.pkl:1;n02966687.pkl:3;n02966687.pkl:4|class=709:n03908618.pkl:5;n03908618.pkl:6;n03908618.pkl:7
swin,1490,722,-,68,41,23,8,0.07379456267275442,0.1325578699109117,0.026078710295985998,0.05681134809511942,0.6887730794756525,0.08449521691858804,class=720:n03937543.pkl:0;n03937543.pkl:3;n03937543.pkl:5|class=293:n02130308.pkl:7;n02130308.pkl:15;n02130308.pkl:26|class=919:n06794110.pkl:0;n06794110.pkl:8;n06794110.pkl:9
swin,1491,723,-,57,37,20,5,0.06426353163104216,0.10022804875544425,0.020224651949759812,0.04020040799490225,0.7323366641407475,0.08685833700133876,class=12:n01532829.pkl:1;n01532829.pkl:4;n01532829.pkl:6|class=484:n02981792.pkl:2;n02981792.pkl:3;n02981792.pkl:25|class=592:n03492542.pkl:3;n03492542.pkl:7;n03492542.pkl:19
swin,1492,724,-,77,53,38,29,0.1783097874430898,0.2261795757388355,0.08319722642799862,0.1481466530101673,0.7513739109694275,0.05416596279182645,class=84:n01806143.pkl:1;n01806143.pkl:2;n01806143.pkl:3|class=946:n07730033.pkl:0;n07730033.pkl:1;n07730033.pkl:2|class=540:n03240683.pkl:6;n03240683.pkl:7;n03240683.pkl:8
swin,1493,725,-,72,44,26,12,0.07603001716523428,0.1236531717304229,0.030495218142459465,0.06542912872581459,0.7049702840743173,0.07782501062682405,class=346:n02408429.pkl:9;n02408429.pkl:10;n02408429.pkl:11|class=257:n02111500.pkl:14;n02111500.pkl:22;n02111500.pkl:24|class=655:n03770439.pkl:1;n03770439.pkl:7;n03770439.pkl:8
swin,1494,726,-,87,55,39,22,0.12458038534039777,0.18800329580628689,0.05707949074689172,0.12427230497826035,0.7189985901239193,0.06597828936029589,class=136:n02017213.pkl:0;n02017213.pkl:1;n02017213.pkl:2|class=116:n01955084.pkl:0;n01955084.pkl:1;n01955084.pkl:2|class=952:n07753113.pkl:9;n07753113.pkl:10;n07753113.pkl:13
swin,1495,727,-,80,48,36,16,0.11457940329235336,0.1669102565764891,0.041128530057488545,0.09441734556516954,0.7194390885094474,0.07837599837264432,class=338:n02364673.pkl:0;n02364673.pkl:1;n02364673.pkl:2|class=251:n02110341.pkl:1;n02110341.pkl:12;n02110341.pkl:16|class=220:n02102480.pkl:11;n02102480.pkl:15;n02102480.pkl:21
swin,1496,728,-,87,63,45,22,0.13682271782471478,0.1813369808728964,0.0527875601172906,0.09801255147645697,0.7616222019290391,0.051120318935988986,class=563:n03388183.pkl:1;n03388183.pkl:3;n03388183.pkl:8|class=12:n01532829.pkl:1;n01532829.pkl:3;n01532829.pkl:5|class=901:n04579145.pkl:0;n04579145.pkl:4;n04579145.pkl:5
swin,1497,729,-,77,50,28,13,0.08205810957239645,0.13907136857286317,0.032104370257266875,0.08068978343201916,0.6963346918090002,0.09502557958238038,class=810:n04264628.pkl:2;n04264628.pkl:29;n04264628.pkl:32|class=30:n01641577.pkl:0;n01641577.pkl:16;n01641577.pkl:21|class=193:n02096294.pkl:3;n02096294.pkl:10;n02096294.pkl:44
swin,1498,730,-,54,38,18,5,0.06252042118001731,0.09464992548547295,0.019138931183736337,0.04506171461260973,0.7000381210709317,0.12117498322445361,class=182:n02093754.pkl:10;n02093754.pkl:11;n02093754.pkl:12|class=795:n04228054.pkl:15;n04228054.pkl:24;n04228054.pkl:30|class=441:n02823750.pkl:17;n02823750.pkl:37;n02823750.pkl:92
swin,1499,731,-,73,57,36,18,0.14679047234593354,0.2098523206287074,0.06962692420609404,0.1477342984697078,0.7075488733783187,0.07537025448990518,class=21:n01608432.pkl:0;n01608432.pkl:1;n01608432.pkl:2|class=2:n01484850.pkl:1;n01484850.pkl:2;n01484850.pkl:3|class=573:n03444034.pkl:0;n03444034.pkl:2;n03444034.pkl:4
swin,1500,732,-,87,49,30,16,0.08326132604937407,0.1556588155197601,0.04015966698936813,0.1036489552263727,0.6687508227710702,0.0880592726712455,class=967:n07920052.pkl:1;n07920052.pkl:3;n07920052.pkl:4|class=392:n02606052.pkl:0;n02606052.pkl:1;n02606052.pkl:2|class=181:n02093647.pkl:1;n02093647.pkl:2;n02093647.pkl:5
swin,1501,733,-,33,19,12,4,0.06446130766284643,0.10416248104849916,0.018708073413057757,0.03415369733029736,0.692108208059446,0.13129884572600942,class=511:n03100240.pkl:11;n03100240.pkl:21;n03100240.pkl:30|class=88:n01818515.pkl:34;n01818515.pkl:47;n01818515.pkl:50|class=77:n01775062.pkl:26;n01775062.pkl:31;n01775062.pkl:43
swin,1502,734,-,91,63,38,20,0.11768892996889208,0.20435048399479072,0.061649510532858554,0.1529881145628637,0.6727399812376026,0.07866190147489198,class=927:n07613480.pkl:1;n07613480.pkl:2;n07613480.pkl:4|class=387:n02509815.pkl:0;n02509815.pkl:2;n02509815.pkl:5|class=991:n12985857.pkl:2;n12985857.pkl:4;n12985857.pkl:8
swin,1503,735,-,101,80,61,40,0.23101522459788243,0.2756951843104653,0.12243068022096298,0.20932726049122505,0.7720701489250501,0.03884439904897417,class=611:n03598930.pkl:0;n03598930.pkl:1;n03598930.pkl:2|class=383:n02497673.pkl:0;n02497673.pkl:1;n02497673.pkl:3|class=83:n01798484.pkl:0;n01798484.pkl:1;n01798484.pkl:2
swin,1504,736,-,80,56,37,15,0.10637918243099095,0.16728300760068696,0.047663789872216755,0.11530222600445948,0.6981956073072622,0.08564897653139761,class=102:n01872401.pkl:1;n01872401.pkl:3;n01872401.pkl:4|class=500:n03042490.pkl:1;n03042490.pkl:3;n03042490.pkl:4|class=642:n03721384.pkl:3;n03721384.pkl:4;n03721384.pkl:6
swin,1505,737,-,75,50,34,20,0.12264366131698566,0.19052073813010845,0.06362538728132167,0.12421633854305508,0.7154141516536969,0.06415340886227616,class=486:n02992211.pkl:8;n02992211.pkl:9;n02992211.pkl:10|class=397:n02655020.pkl:3;n02655020.pkl:4;n02655020.pkl:6|class=343:n02397096.pkl:2;n02397096.pkl:4;n02397096.pkl:7
swin,1506,738,-,93,63,43,21,0.11554322092547024,0.17178290248206207,0.04996183197827025,0.10991356871229106,0.7258919050484518,0.06279336787771302,class=839:n04366367.pkl:3;n04366367.pkl:7;n04366367.pkl:8|class=814:n04273569.pkl:4;n04273569.pkl:5;n04273569.pkl:7|class=315:n02236044.pkl:2;n02236044.pkl:7;n02236044.pkl:11
swin,1507,739,-,90,58,38,12,0.08397458968139089,0.13547962960237006,0.033056009081332875,0.08900710216323346,0.6958697291016963,0.0916686103408476,class=330:n02325366.pkl:0;n02325366.pkl:3;n02325366.pkl:5|class=124:n01985128.pkl:0;n01985128.pkl:7;n01985128.pkl:12|class=225:n02105162.pkl:1;n02105162.pkl:9;n02105162.pkl:11
swin,1508,740,-,65,47,26,11,0.09858832188780149,0.16418098919441684,0.0417087667207898,0.10844398447687673,0.6526681041912152,0.11938689981440251,class=801:n04251144.pkl:1;n04251144.pkl:2;n04251144.pkl:4|class=966:n07892512.pkl:5;n07892512.pkl:7;n07892512.pkl:14|class=572:n03443371.pkl:1;n03443371.pkl:4;n03443371.pkl:6
swin,1509,741,-,100,79,49,29,0.172384336044826,0.24034941926925496,0.09126528879696894,0.17654781413658213,0.7418377387323719,0.047420830770344,class=321:n02276258.pkl:0;n02276258.pkl:1;n02276258.pkl:2|class=4:n01494475.pkl:0;n01494475.pkl:1;n01494475.pkl:2|class=965:n07880968.pkl:1;n07880968.pkl:2;n07880968.pkl:3
swin,1510,742,-,128,98,70,40,0.17575928796732856,0.23200570432001635,0.08825971126071686,0.1619557883326769,0.7687829765239736,0.034118691329127745,class=156:n02086646.pkl:0;n02086646.pkl:1;n02086646.pkl:2|class=98:n01855032.pkl:0;n01855032.pkl:2;n01855032.pkl:6|class=147:n02066245.pkl:0;n02066245.pkl:1;n02066245.pkl:3
swin,1511,743,-,90,58,43,22,0.11616622677411069,0.18639421561007635,0.058355748399527625,0.1414867090224147,0.6964682845008551,0.07642739895709039,class=97:n01847000.pkl:0;n01847000.pkl:2;n01847000.pkl:3|class=318:n02264363.pkl:0;n02264363.pkl:1;n02264363.pkl:4|class=325:n02281406.pkl:1;n02281406.pkl:3;n02281406.pkl:7
swin,1512,744,-,84,53,26,9,0.0665741418696,0.12221700379883128,0.023148777097603098,0.06043947691009101,0.6928955316802942,0.09305802773527522,class=514:n03124043.pkl:0;n03124043.pkl:2;n03124043.pkl:6|class=10:n01530575.pkl:0;n01530575.pkl:2;n01530575.pkl:4|class=625:n03662601.pkl:10;n03662601.pkl:13;n03662601.pkl:39
swin,1513,745,-,80,66,47,27,0.17414340394862685,0.23177697261979285,0.09290852572178063,0.16304092619003321,0.7570369033216755,0.05099392032919884,class=962:n07871810.pkl:0;n07871810.pkl:2;n07871810.pkl:4|class=810:n04264628.pkl:0;n04264628.pkl:2;n04264628.pkl:3|class=941:n07717410.pkl:1;n07717410.pkl:3;n07717410.pkl:4
swin,1514,746,-,71,48,31,16,0.12726702404872162,0.22074439150284444,0.06662348456266909,0.1622032216340522,0.6457688778473193,0.09756901959339513,class=991:n12985857.pkl:0;n12985857.pkl:1;n12985857.pkl:2|class=0:n01440764.pkl:1;n01440764.pkl:5;n01440764.pkl:7|class=938:n07715103.pkl:5;n07715103.pkl:8;n07715103.pkl:11
swin,1515,747,-,106,79,59,34,0.1813980075664196,0.2488186008750262,0.0950095528519835,0.19055144201651597,0.7391558735568114,0.04738154056808697,class=393:n02607072.pkl:0;n02607072.pkl:1;n02607072.pkl:2|class=74:n01773797.pkl:1;n01773797.pkl:10;n01773797.pkl:11|class=377:n02490219.pkl:1;n02490219.pkl:4;n02490219.pkl:6
swin,1516,748,-,97,72,47,19,0.12092035830251853,0.18063825609280965,0.05276278973152094,0.11415322745555602,0.7270540005523245,0.05856503785296094,class=137:n02018207.pkl:1;n02018207.pkl:2;n02018207.pkl:3|class=86:n01807496.pkl:1;n01807496.pkl:2;n01807496.pkl:3|class=300:n02165105.pkl:0;n02165105.pkl:2;n02165105.pkl:3
swin,1517,749,-,75,50,28,15,0.11821508744229876,0.1800807273628593,0.044788254614293914,0.09810269602111446,0.7104581848792013,0.0773027433154847,class=136:n02017213.pkl:0;n02017213.pkl:1;n02017213.pkl:3|class=86:n01807496.pkl:5;n01807496.pkl:7;n01807496.pkl:10|class=445:n02837789.pkl:0;n02837789.pkl:1;n02837789.pkl:9
swin,1518,750,-,83,61,34,21,0.13484325169627573,0.20663526237571417,0.06653968726610818,0.14704159287519228,0.6967078465008063,0.07088387508223197,class=25:n01629819.pkl:0;n01629819.pkl:1;n01629819.pkl:2|class=2:n01484850.pkl:0;n01484850.pkl:1;n01484850.pkl:2|class=957:n07768694.pkl:0;n07768694.pkl:2;n07768694.pkl:3
swin,1519,751,-,76,49,25,14,0.09345472069359867,0.15503409779018057,0.03535664786556449,0.07395960083229255,0.7061100304741652,0.07073281676073713,class=206:n02099429.pkl:1;n02099429.pkl:4;n02099429.pkl:8|class=205:n02099267.pkl:0;n02099267.pkl:1;n02099267.pkl:4|class=35:n01667114.pkl:10;n01667114.pkl:11;n01667114.pkl:15
swin,1520,752,-,104,75,53,22,0.13181403781885304,0.19772435574762698,0.05818172421522831,0.13562437597652693,0.7112128911415012,0.06186330293158687,class=194:n02096437.pkl:0;n02096437.pkl:1;n02096437.pkl:2|class=8:n01514859.pkl:0;n01514859.pkl:1;n01514859.pkl:3|class=190:n02095889.pkl:0;n02095889.pkl:2;n02095889.pkl:3
swin,1521,753,-,33,17,9,3,0.046268018240716434,0.07313971075857395,0.011659787600098023,0.02087794207518307,0.7138017187371754,0.12746138648418173,class=378:n02492035.pkl:29;n02492035.pkl:43;n02492035.pkl:61|class=830:n04336792.pkl:3;n04336792.pkl:7;n04336792.pkl:23|class=877:n04501370.pkl:50;n04501370.pkl:96;n04501370.pkl:101
swin,1522,754,-,104,74,47,26,0.1300163080184757,0.2120784121675326,0.07224254427195212,0.1573128513953735,0.7094818937224011,0.05520952175291254,class=147:n02066245.pkl:1;n02066245.pkl:2;n02066245.pkl:6|class=148:n02071294.pkl:0;n02071294.pkl:1;n02071294.pkl:2|class=663:n03781244.pkl:0;n03781244.pkl:4;n03781244.pkl:6
swin,1523,755,-,161,136,98,54,0.20282555285519438,0.25307781968590404,0.10929716224945572,0.1914318370378729,0.7902192908216358,0.02526511539253371,class=325:n02281406.pkl:0;n02281406.pkl:1;n02281406.pkl:3|class=102:n01872401.pkl:0;n01872401.pkl:1;n01872401.pkl:2|class=324:n02280649.pkl:0;n02280649.pkl:2;n02280649.pkl:3
swin,1524,756,-,71,52,33,17,0.12402390918215912,0.17936355697187528,0.05130515435478743,0.110006822868721,0.7108851192317723,0.07883735853278645,class=682:n03837869.pkl:1;n03837869.pkl:2;n03837869.pkl:3|class=751:n04037443.pkl:0;n04037443.pkl:1;n04037443.pkl:2|class=403:n02687172.pkl:1;n02687172.pkl:3;n02687172.pkl:4
swin,1525,757,-,68,42,29,18,0.12138833127373524,0.18653446789408307,0.06192148365187037,0.11511476801411333,0.7186072534241562,0.06553007229086218,class=936:n07714571.pkl:2;n07714571.pkl:3;n07714571.pkl:4|class=646:n03733281.pkl:0;n03733281.pkl:1;n03733281.pkl:2|class=218:n02102177.pkl:0;n02102177.pkl:2;n02102177.pkl:4
swin,1526,758,-,74,41,31,15,0.11374635506833487,0.19659839893899964,0.05889343106296707,0.14606762434818166,0.6560570438332958,0.0966405884803792,class=307:n02177972.pkl:0;n02177972.pkl:1;n02177972.pkl:2|class=887:n04532106.pkl:2;n04532106.pkl:3;n04532106.pkl:4|class=486:n02992211.pkl:9;n02992211.pkl:13;n02992211.pkl:14
swin,1527,759,-,65,54,34,12,0.13415248795715004,0.2142637100215431,0.0644787851873971,0.15260176088920135,0.6750509179779479,0.10155777961783605,class=547:n03272562.pkl:0;n03272562.pkl:1;n03272562.pkl:2|class=323:n02279972.pkl:0;n02279972.pkl:1;n02279972.pkl:2|class=21:n01608432.pkl:0;n01608432.pkl:2;n01608432.pkl:3
swin,1528,760,-,81,57,30,20,0.13938066766397167,0.21245146800330234,0.06027544400095147,0.12369994768432169,0.7078572284499511,0.06434206711843932,class=723:n03944341.pkl:1;n03944341.pkl:3;n03944341.pkl:5|class=426:n02794156.pkl:8;n02794156.pkl:9;n02794156.pkl:13|class=911:n04599235.pkl:6;n04599235.pkl:9;n04599235.pkl:14
swin,1529,761,-,81,59,33,16,0.11165508809502922,0.1823461492702367,0.04947334801034333,0.11786995210192622,0.6914138621717434,0.08242317778638904,class=76:n01774750.pkl:0;n01774750.pkl:1;n01774750.pkl:5|class=102:n01872401.pkl:0;n01872401.pkl:8;n01872401.pkl:10|class=924:n07583066.pkl:0;n07583066.pkl:1;n07583066.pkl:2
swin,1530,762,-,108,84,59,34,0.16932938479328416,0.20668905517989494,0.07561121034866314,0.13448973121973387,0.772210793293712,0.03855349118498828,class=915:n04613696.pkl:0;n04613696.pkl:1;n04613696.pkl:2|class=277:n02119022.pkl:0;n02119022.pkl:1;n02119022.pkl:2|class=167:n02089973.pkl:1;n02089973.pkl:7;n02089973.pkl:17
swin,1531,763,-,92,67,47,19,0.11427880182499381,0.16956152383885204,0.05072123980746817,0.10740804719941979,0.7305270786056671,0.05961187355175797,class=274:n02115913.pkl:1;n02115913.pkl:2;n02115913.pkl:3|class=955:n07754684.pkl:0;n07754684.pkl:2;n07754684.pkl:4|class=932:n07695742.pkl:1;n07695742.pkl:2;n07695742.pkl:7
swin,1532,764,-,56,36,23,6,0.07763985575007572,0.14525049708841511,0.032228056016181415,0.08597772214279148,0.6210256536007556,0.1449483846560018,class=725:n03950228.pkl:1;n03950228.pkl:2;n03950228.pkl:4|class=249:n02110063.pkl:0;n02110063.pkl:1;n02110063.pkl:3|class=442:n02825657.pkl:11;n02825657.pkl:12;n02825657.pkl:13
swin,1533,765,-,98,62,39,17,0.08423204247073204,0.14791304482366255,0.03432514281587925,0.0980582741567985,0.6876919109986898,0.09347966988492977,class=404:n02690373.pkl:0;n02690373.pkl:2;n02690373.pkl:3|class=291:n02129165.pkl:1;n02129165.pkl:3;n02129165.pkl:9|class=283:n02123394.pkl:6;n02123394.pkl:10;n02123394.pkl:15
swin,1534,766,-,91,68,33,17,0.10651915351357384,0.17053539588814337,0.04907223005378959,0.10745940186709518,0.7089267576905912,0.0636847932815137,class=565:n03393912.pkl:1;n03393912.pkl:3;n03393912.pkl:4|class=140:n02027492.pkl:0;n02027492.pkl:2;n02027492.pkl:3|class=254:n02110958.pkl:0;n02110958.pkl:1;n02110958.pkl:2
swin,1535,767,-,63,40,21,7,0.08883085466036006,0.17929184522314254,0.043770888657654126,0.1293739848922208,0.5840577036675482,0.15454305338803495,class=309:n02206856.pkl:0;n02206856.pkl:1;n02206856.pkl:3|class=410:n02727426.pkl:0;n02727426.pkl:2;n02727426.pkl:3|class=433:n02807133.pkl:2;n02807133.pkl:16;n02807133.pkl:17
