activation_ge_10pct,activation_ge_1pct,activation_ge_25pct,activation_ge_5pct,activation_n50,activation_n80,activation_n80_fraction,activation_n90,activation_observed,activation_occurrences,all_predictions_correct_for_source_label,class_id,images,selected_occurrences_outside_vocabulary,selected_threshold_joint_occurrences,selection_ge_10pct,selection_ge_1pct,selection_ge_25pct,selection_ge_5pct,selection_n50,selection_n80,selection_n80_fraction,selection_n90,selection_observed,selection_occurrences,source_label,split,vocabulary_size_physical,vocabulary_size_signed
22,57,11,32,9,22,0.2268041237113402,33,97,10348,True,0,1278,0,4096,8,38,3,12,5,16,0.16494845360824742,28,97,4096,0,train,97,97
14,45,10,23,6,13,0.18055555555555555,22,72,9880,True,1,1295,0,4088,8,26,3,12,4,10,0.1388888888888889,16,72,4088,1,train,72,72
23,50,14,32,8,18,0.23076923076923078,26,78,12418,True,2,1253,0,4041,9,31,4,16,5,14,0.1794871794871795,21,78,4041,2,train,78,78
21,52,8,31,7,20,0.20202020202020202,29,99,9833,True,3,1225,0,4607,7,35,4,13,4,14,0.1414141414141414,24,99,4607,3,train,99,99
21,50,10,29,8,19,0.2235294117647059,28,85,10366,True,4,1263,0,4035,9,34,3,14,5,13,0.15294117647058825,21,85,4035,4,train,85,85
16,42,9,23,7,16,0.1839080459770115,25,87,7305,True,5,1203,0,2831,8,24,1,12,5,11,0.12643678160919541,19,87,2831,5,train,87,87
25,59,15,38,11,24,0.24,35,100,11498,True,6,1256,0,4105,8,41,2,18,7,20,0.2,31,100,4105,6,train,100,100
29,53,15,35,10,22,0.2391304347826087,29,92,12003,True,7,1226,0,4462,12,37,5,20,6,17,0.18478260869565216,24,92,4462,7,train,92,92
30,69,17,39,11,25,0.22321428571428573,36,112,13571,True,8,1203,0,4586,12,43,5,17,7,16,0.14285714285714285,29,112,4586,8,train,112,112
15,31,12,20,7,13,0.2549019607843137,16,51,8732,True,9,1297,0,3094,7,22,2,12,4,10,0.19607843137254902,13,51,3094,9,train,51,51
16,34,9,19,5,12,0.18461538461538463,17,65,8618,True,10,1274,0,3463,6,20,3,9,3,7,0.1076923076923077,12,65,3463,10,train,65,65
11,23,7,14,4,8,0.18604651162790697,11,43,7052,True,11,1298,0,3097,5,14,3,6,2,4,0.09302325581395349,7,43,3097,11,train,43,43
21,48,11,29,7,17,0.19318181818181818,25,88,10485,True,12,1287,0,4386,10,32,4,13,5,13,0.14772727272727273,22,88,4386,12,train,88,88
12,26,6,15,4,9,0.13432835820895522,12,67,7022,True,13,1292,0,2947,6,17,4,8,3,6,0.08955223880597014,11,67,2947,13,train,67,67
9,20,8,12,4,7,0.1590909090909091,9,44,7478,True,14,1294,0,2853,7,12,2,7,2,5,0.11363636363636363,7,44,2853,14,train,44,44
14,29,8,16,5,10,0.125,14,80,8327,True,15,1293,0,3945,5,21,5,11,3,8,0.1,13,80,3945,15,train,80,80
18,38,9,23,6,14,0.18666666666666668,19,75,10353,True,16,1298,0,4185,7,23,3,9,3,8,0.10666666666666667,15,75,4185,16,train,75,75
9,26,5,13,3,8,0.13333333333333333,12,60,6279,True,17,1290,0,2864,4,14,3,5,2,4,0.06666666666666667,8,60,2864,17,train,60,60
16,43,9,25,6,14,0.18421052631578946,23,76,8948,True,18,1287,0,3581,8,27,4,9,4,9,0.11842105263157894,16,76,3581,18,train,76,76
17,32,10,19,5,12,0.19047619047619047,16,63,9894,True,19,1296,0,3830,6,22,4,11,3,8,0.12698412698412698,12,63,3830,19,train,63,63
23,43,11,28,8,18,0.24324324324324326,24,74,9670,True,20,1278,0,3738,8,30,1,14,5,13,0.17567567567567569,21,74,3738,20,train,74,74
22,50,10,32,7,19,0.2261904761904762,28,84,10869,True,21,1258,0,3286,5,34,3,10,3,12,0.14285714285714285,23,84,3286,21,train,84,84
18,39,9,24,6,15,0.2459016393442623,21,61,8328,True,22,1285,0,3948,8,27,3,10,3,10,0.16393442622950818,17,61,3948,22,train,61,61
20,44,12,25,8,17,0.21518987341772153,24,79,9173,True,23,1278,0,3298,9,29,2,16,6,15,0.189873417721519,22,79,3298,23,train,79,79
14,29,6,18,4,10,0.17857142857142858,15,56,7791,True,24,1295,0,3184,3,14,3,5,2,3,0.05357142857142857,7,56,3184,24,train,56,56
15,38,12,21,7,12,0.13043478260869565,17,92,10671,True,25,1274,0,5051,11,28,5,13,5,10,0.10869565217391304,15,92,5051,25,train,92,92
24,63,12,37,10,23,0.23711340206185566,36,97,10371,True,26,1122,0,3697,12,36,3,15,7,16,0.16494845360824742,27,97,3697,26,train,97,97
25,49,10,32,7,19,0.24675324675324675,26,77,11428,True,27,1237,0,4634,11,32,5,15,5,12,0.15584415584415584,19,77,4634,27,train,77,77
11,30,8,19,5,8,0.14035087719298245,14,57,8353,True,28,1239,0,3458,7,19,3,8,2,6,0.10526315789473684,10,57,3458,28,train,57,57
15,33,9,20,5,11,0.171875,16,64,8345,True,29,1277,0,3196,7,18,3,8,3,7,0.109375,12,64,3196,29,train,64,64
20,50,14,30,8,18,0.20224719101123595,27,89,10515,True,30,1248,0,4369,10,30,4,15,4,12,0.1348314606741573,18,89,4369,30,train,89,89
28,56,14,37,11,24,0.2553191489361702,32,94,11928,True,31,1283,0,4446,6,40,4,21,6,19,0.20212765957446807,27,94,4446,31,train,94,94
22,53,11,31,8,19,0.22093023255813954,28,86,9447,True,32,1159,0,3009,5,32,2,14,4,14,0.16279069767441862,24,86,3009,32,train,86,86
24,60,15,31,9,20,0.22727272727272727,30,88,11046,True,33,1276,0,3607,7,27,3,14,4,13,0.14772727272727273,22,88,3607,33,train,88,88
20,51,7,26,7,19,0.21839080459770116,29,87,8501,True,34,1225,0,2937,5,27,3,9,4,13,0.14942528735632185,22,87,2937,34,train,87,87
16,48,9,28,6,17,0.19540229885057472,27,87,8492,True,35,1196,0,3276,7,24,3,9,3,8,0.09195402298850575,15,87,3276,35,train,87,87
21,57,10,31,9,22,0.25287356321839083,33,87,8971,True,36,1143,0,2942,9,27,4,13,5,13,0.14942528735632185,24,87,2942,36,train,87,87
26,78,14,33,10,24,0.23076923076923078,39,104,12530,True,37,1258,0,4949,11,39,5,16,7,17,0.16346153846153846,29,104,4949,37,train,104,104
16,40,7,28,5,16,0.22535211267605634,24,71,8150,True,38,1244,0,3549,5,29,4,8,3,10,0.14084507042253522,19,71,3549,38,train,71,71
19,47,12,26,8,17,0.18681318681318682,26,91,9759,True,39,1260,0,2978,8,26,2,12,5,12,0.13186813186813187,21,91,2978,39,train,91,91
33,75,14,49,12,30,0.23255813953488372,43,129,13855,True,40,1164,0,5420,13,51,5,20,8,22,0.17054263565891473,36,129,5420,40,train,129,129
13,50,9,24,6,14,0.16091954022988506,25,87,9182,True,41,1217,0,3541,8,25,4,10,4,10,0.11494252873563218,18,87,3541,41,train,87,87
16,39,9,20,6,13,0.17105263157894737,19,76,8460,True,42,1267,0,3752,8,23,5,13,4,10,0.13157894736842105,16,76,3752,42,train,76,76
14,38,9,19,6,11,0.12222222222222222,18,90,7349,True,43,1077,0,3021,8,21,4,11,4,8,0.08888888888888889,14,90,3021,43,train,90,90
25,47,12,28,9,20,0.24390243902439024,26,82,9798,True,44,1226,0,3179,4,30,3,10,3,15,0.18292682926829268,23,82,3179,44,train,82,82
16,27,11,16,5,10,0.1724137931034483,14,58,9157,True,45,1281,0,3239,8,16,4,10,3,7,0.1206896551724138,10,58,3239,45,train,58,58
30,74,11,43,10,28,0.2916666666666667,41,96,9890,True,46,899,0,2690,7,33,3,9,4,12,0.125,25,96,2690,46,train,96,96
24,62,12,31,9,21,0.21649484536082475,30,97,11630,True,47,1284,0,3893,9,33,2,12,6,13,0.13402061855670103,23,97,3893,47,train,97,97
15,34,10,23,6,13,0.19117647058823528,18,68,9205,True,48,1295,0,4007,8,22,3,11,3,8,0.11764705882352941,14,68,4007,48,train,68,68
20,53,14,32,8,17,0.1717171717171717,27,99,11877,True,49,1263,0,4412,12,32,4,16,5,13,0.13131313131313133,20,99,4412,49,train,99,99
23,57,11,32,9,21,0.23076923076923078,31,91,10206,True,50,1278,0,3450,8,36,2,15,7,17,0.18681318681318682,27,91,3450,50,train,91,91
12,25,7,15,4,9,0.1956521739130435,12,46,6415,True,51,1264,0,2357,6,14,2,7,2,6,0.13043478260869565,9,46,2357,51,train,46,46
20,54,9,23,7,17,0.20238095238095238,26,84,8396,True,52,1177,0,3045,7,26,2,12,4,13,0.15476190476190477,21,84,3045,52,train,84,84
12,46,9,17,5,12,0.13043478260869565,21,92,7957,True,53,1236,0,2920,5,17,1,9,3,8,0.08695652173913043,17,92,2920,53,train,92,92
24,61,11,35,9,23,0.23232323232323232,34,99,10614,True,54,1199,0,3596,7,36,4,13,5,17,0.1717171717171717,27,99,3596,54,train,99,99
34,69,18,45,12,27,0.2523364485981308,37,107,12960,True,55,1082,0,4570,13,46,4,19,7,19,0.17757009345794392,31,107,4570,55,train,107,107
22,58,11,32,8,21,0.23333333333333334,31,90,10376,True,56,1268,0,4276,12,37,3,16,6,16,0.17777777777777778,26,90,4276,56,train,90,90
28,67,14,38,12,26,0.24528301886792453,37,106,12615,True,57,1291,0,5624,16,45,3,23,8,20,0.18867924528301888,29,106,5624,57,train,106,106
24,58,10,35,10,25,0.25510204081632654,34,98,9816,True,58,1245,0,3400,6,36,3,14,6,19,0.19387755102040816,30,98,3400,58,train,98,98
23,57,13,31,9,20,0.22988505747126436,29,87,10025,True,59,1176,0,3438,8,34,2,14,5,16,0.1839080459770115,25,87,3438,59,train,87,87
17,56,8,29,7,21,0.2,34,105,7209,True,60,1016,0,2257,7,27,2,9,5,14,0.13333333333333333,29,105,2257,60,train,105,105
15,37,10,23,6,13,0.20967741935483872,19,62,8409,True,61,1250,0,2864,6,22,2,10,3,8,0.12903225806451613,13,62,2864,61,train,62,62
22,53,7,33,8,23,0.25842696629213485,33,89,7222,True,62,986,0,2620,6,36,3,8,4,15,0.16853932584269662,27,89,2620,62,train,89,89
16,60,9,23,7,18,0.1875,31,96,8856,True,63,1277,0,3364,6,26,2,12,4,12,0.125,22,96,3364,63,train,96,96
23,49,11,27,7,17,0.19540229885057472,24,87,10809,True,64,1195,0,4440,9,29,4,12,4,10,0.11494252873563218,17,87,4440,64,train,87,87
22,52,14,28,9,19,0.1919191919191919,28,99,10404,True,65,1244,0,3664,10,26,2,15,6,14,0.1414141414141414,21,99,3664,65,train,99,99
31,70,15,47,11,28,0.25688073394495414,41,109,10946,True,66,939,0,3740,12,45,4,18,7,21,0.1926605504587156,33,109,3740,66,train,109,109
23,65,16,38,9,21,0.21875,33,96,13457,True,67,1216,0,3801,9,30,3,17,6,15,0.15625,23,96,3801,67,train,96,96
34,74,14,46,12,29,0.24786324786324787,42,117,9641,True,68,858,0,3812,14,52,4,22,8,22,0.18803418803418803,36,117,3812,68,train,117,117
11,29,6,16,4,9,0.16666666666666666,13,54,6055,True,69,1287,0,2668,3,13,2,4,2,3,0.05555555555555555,8,54,2668,69,train,54,54
18,39,9,26,6,15,0.2,22,75,9329,True,70,1267,0,3833,6,26,2,12,3,11,0.14666666666666667,18,75,3833,70,train,75,75
10,36,4,18,4,11,0.1774193548387097,17,62,6721,True,71,1286,0,2716,5,17,4,5,3,5,0.08064516129032258,11,62,2716,71,train,62,62
29,77,13,37,11,26,0.21138211382113822,38,123,13576,True,72,1262,0,6455,16,46,5,22,8,20,0.16260162601626016,32,123,6455,72,train,123,123
32,83,12,50,14,33,0.2920353982300885,48,113,10928,True,73,1018,0,3705,12,52,1,20,9,25,0.22123893805309736,42,113,3705,73,train,113,113
27,55,14,38,9,21,0.23863636363636365,30,88,8986,True,74,802,0,3632,11,36,7,18,6,14,0.1590909090909091,23,88,3632,74,train,88,88
12,39,7,17,5,11,0.11224489795918367,19,98,7974,True,75,1285,0,3641,7,20,3,10,3,8,0.08163265306122448,14,98,3641,75,train,98,98
17,61,9,27,6,19,0.18627450980392157,31,102,10028,True,76,1277,0,3555,6,30,4,10,4,12,0.11764705882352941,25,102,3555,76,train,102,102
15,41,7,25,5,15,0.18292682926829268,23,82,8402,True,77,1251,0,3225,6,24,2,9,3,9,0.10975609756097561,17,82,3225,77,train,82,82
9,27,5,15,4,9,0.13636363636363635,14,66,5841,True,78,1256,0,1913,3,16,1,6,2,7,0.10606060606060606,12,66,1913,78,train,66,66
27,51,13,38,9,22,0.2716049382716049,31,81,11702,True,79,1292,0,3712,10,36,2,15,6,17,0.20987654320987653,27,81,3712,79,train,81,81
15,42,9,19,5,12,0.15789473684210525,19,76,8430,True,80,1242,0,3311,8,21,4,11,4,9,0.11842105263157894,15,76,3311,80,train,76,76
19,48,9,29,7,18,0.23076923076923078,27,78,8862,True,81,1281,0,3876,8,33,3,13,5,14,0.1794871794871795,22,78,3876,81,train,78,78
22,48,11,29,8,19,0.24050632911392406,27,79,6096,True,82,848,0,2405,9,32,1,14,5,14,0.17721518987341772,22,79,2405,82,train,79,79
18,36,10,24,6,14,0.2,19,70,9816,True,83,1235,0,4174,7,25,4,15,3,9,0.12857142857142856,15,70,4174,83,train,70,70
9,23,7,14,4,7,0.11666666666666667,10,60,7293,True,84,1298,0,3433,5,10,4,7,2,4,0.06666666666666667,6,60,3433,84,train,60,60
16,32,9,20,5,12,0.1875,16,64,8354,True,85,1267,0,3690,7,19,3,8,3,6,0.09375,11,64,3690,85,train,64,64
19,39,10,24,6,15,0.20270270270270271,20,74,8810,True,86,1161,0,3455,6,24,4,13,3,10,0.13513513513513514,16,74,3455,86,train,74,74
10,29,6,16,4,9,0.15,14,60,7095,True,87,1296,0,2640,5,15,4,7,3,5,0.08333333333333333,10,60,2640,87,train,60,60
16,29,11,19,6,11,0.19642857142857142,15,56,9314,True,88,1294,0,3804,10,18,4,14,4,9,0.16071428571428573,12,56,3804,88,train,56,56
19,41,9,24,6,15,0.19736842105263158,22,76,9474,True,89,1292,0,3464,6,26,2,9,2,9,0.11842105263157894,17,76,3464,89,train,76,76
16,25,10,19,5,10,0.14705882352941177,14,68,9847,True,90,1298,0,3993,8,16,4,10,3,7,0.10294117647058823,10,68,3993,90,train,68,68
17,34,10,20,6,12,0.17142857142857143,17,70,8617,True,91,1285,0,3585,7,22,4,12,4,10,0.14285714285714285,15,70,3585,91,train,70,70
16,29,11,17,5,11,0.16176470588235295,14,68,8469,True,92,1284,0,3514,4,17,3,9,2,6,0.08823529411764706,10,68,3514,92,train,68,68
13,26,9,16,5,9,0.1836734693877551,14,49,7818,True,93,1291,0,2580,5,20,3,6,3,6,0.12244897959183673,12,49,2580,93,train,49,49
23,47,12,26,8,18,0.2727272727272727,25,66,9819,True,94,1291,0,2820,5,29,2,10,4,12,0.18181818181818182,20,66,2820,94,train,66,66
17,46,14,23,7,14,0.19718309859154928,20,71,10622,True,95,1290,0,4665,9,26,4,15,4,10,0.14084507042253522,15,71,4665,95,train,71,71
21,49,9,30,8,19,0.2375,27,80,10511,True,96,1287,0,4345,9,36,4,15,5,14,0.175,22,80,4345,96,train,80,80
13,35,9,18,5,10,0.14705882352941177,15,68,8789,True,97,1280,0,3941,6,19,3,8,3,6,0.08823529411764706,10,68,3941,97,train,68,68
16,46,12,25,6,14,0.1728395061728395,21,81,9300,True,98,1125,0,4647,11,33,5,13,4,10,0.12345679012345678,18,81,4647,98,train,81,81
32,77,14,50,13,32,0.27350427350427353,44,117,13307,True,99,1282,0,4081,11,48,1,18,10,26,0.2222222222222222,39,117,4081,99,train,117,117
17,27,11,19,6,13,0.2708333333333333,16,48,9603,True,100,1296,0,3844,6,19,3,13,3,8,0.16666666666666666,12,48,3844,100,train,48,48
30,60,20,39,10,22,0.22448979591836735,31,98,14105,True,101,1127,0,4622,9,37,5,17,5,15,0.15306122448979592,25,98,4622,101,train,98,98
16,29,12,21,6,12,0.2553191489361702,15,47,9558,True,102,1295,0,4107,8,19,4,11,3,8,0.1702127659574468,11,47,4107,102,train,47,47
17,54,8,26,8,19,0.18811881188118812,31,101,8462,True,103,1256,0,3027,6,28,2,13,6,15,0.1485148514851485,26,101,3027,103,train,101,101
19,57,7,25,7,19,0.21839080459770116,29,87,8907,True,104,1285,0,2992,5,29,3,9,4,13,0.14942528735632185,23,87,2992,104,train,87,87
14,38,9,22,5,10,0.136986301369863,17,73,9669,True,105,1298,0,4031,6,21,4,9,3,6,0.0821917808219178,10,73,4031,105,train,73,73
18,44,10,26,7,16,0.20512820512820512,25,78,8977,True,106,1275,0,3247,8,28,2,13,5,13,0.16666666666666666,21,78,3247,106,train,78,78
14,45,6,26,5,17,0.17708333333333334,25,96,8893,True,107,1295,0,4028,6,29,3,9,3,7,0.07291666666666667,18,96,4028,107,train,96,96
19,49,9,28,6,18,0.20224719101123595,27,89,8951,True,108,1163,0,3550,6,24,5,12,3,9,0.10112359550561797,16,89,3550,108,train,89,89
34,74,19,43,13,29,0.2543859649122807,40,114,13968,True,109,1271,0,5066,14,44,2,24,9,22,0.19298245614035087,33,114,5066,109,train,114,114
19,50,13,26,8,16,0.16666666666666666,26,96,10632,True,110,1263,0,4056,8,28,4,14,5,12,0.125,20,96,4056,110,train,96,96
33,70,12,43,12,30,0.24193548387096775,40,124,11764,True,111,1283,0,4366,9,44,2,17,8,24,0.1935483870967742,35,124,4366,111,train,124,124
19,51,6,25,9,21,0.22580645161290322,31,93,7139,True,112,1263,0,1817,2,25,1,5,4,18,0.1935483870967742,29,93,1817,112,train,93,93
26,64,11,30,10,25,0.27472527472527475,37,91,9846,True,113,1260,0,3083,5,34,2,12,6,18,0.1978021978021978,30,91,3083,113,train,91,91
26,51,12,33,11,23,0.2911392405063291,32,79,9503,True,114,1252,0,2639,4,30,2,15,7,18,0.22784810126582278,26,79,2639,114,train,79,79
24,59,15,35,9,21,0.20588235294117646,32,102,11990,True,115,1280,0,4808,10,42,4,18,6,16,0.1568627450980392,26,102,4808,115,train,102,102
23,60,8,33,9,23,0.23469387755102042,34,98,9696,True,116,1273,0,3352,5,31,1,12,5,17,0.17346938775510204,28,98,3352,116,train,98,98
15,39,10,24,6,12,0.1411764705882353,20,85,9322,True,117,1296,0,3501,6,24,3,9,3,8,0.09411764705882353,16,85,3501,117,train,85,85
24,67,11,40,11,28,0.2616822429906542,40,107,10525,True,118,1217,0,3420,6,41,3,14,7,21,0.19626168224299065,35,107,3420,118,train,107,107
19,67,10,33,9,25,0.21929824561403508,39,114,10455,True,119,1220,0,3845,7,33,4,16,5,15,0.13157894736842105,27,114,3845,119,train,114,114
18,47,9,25,6,16,0.2077922077922078,25,77,9194,True,120,1268,0,3362,5,25,3,9,3,9,0.11688311688311688,18,77,3362,120,train,77,77
19,45,10,30,7,17,0.2073170731707317,26,82,8504,True,121,1155,0,3205,8,30,3,11,4,11,0.13414634146341464,19,82,3205,121,train,82,82
21,50,11,28,8,19,0.19791666666666666,28,96,9765,True,122,1258,0,3704,8,31,3,16,5,15,0.15625,24,96,3704,122,train,96,96
18,45,10,27,6,16,0.2222222222222222,24,72,10026,True,123,1244,0,3659,9,32,3,14,5,12,0.16666666666666666,20,72,3659,123,train,72,72
24,49,8,32,10,23,0.2875,30,80,8441,True,124,1201,0,2466,5,30,1,10,6,18,0.225,26,80,2466,124,train,80,80
24,65,11,36,9,23,0.25274725274725274,35,91,10821,True,125,1285,0,3669,7,34,3,13,5,16,0.17582417582417584,28,91,3669,125,train,91,91
20,55,9,29,9,20,0.23809523809523808,29,84,8596,True,126,1266,0,2662,7,24,2,14,6,15,0.17857142857142858,22,84,2662,126,train,84,84
13,32,10,17,5,10,0.14084507042253522,15,71,8480,True,127,1243,0,3824,9,19,5,10,3,7,0.09859154929577464,11,71,3824,127,train,71,71
12,21,9,15,4,8,0.13333333333333333,11,60,7021,True,128,1234,0,2340,5,14,2,7,2,5,0.08333333333333333,9,60,2340,128,train,60,60
17,38,9,24,6,15,0.2,21,75,8404,True,129,1286,0,3585,8,26,2,10,4,10,0.13333333333333333,17,75,3585,129,train,75,75
14,26,11,17,5,10,0.18867924528301888,13,53,8948,True,130,1297,0,4229,5,14,3,10,2,5,0.09433962264150944,9,53,4229,130,train,53,53
16,43,9,27,6,14,0.18666666666666668,22,75,9380,True,131,1269,0,4032,7,28,4,12,4,10,0.13333333333333333,18,75,4032,131,train,75,75
23,52,15,36,9,20,0.23255813953488372,29,86,11871,True,132,1264,0,4870,11,36,4,19,7,15,0.1744186046511628,23,86,4870,132,train,86,86
16,43,8,26,5,14,0.1686746987951807,22,83,9174,True,133,1290,0,3942,7,25,4,9,3,8,0.0963855421686747,14,83,3942,133,train,83,83
11,40,6,19,5,11,0.14864864864864866,19,74,7477,True,134,1177,0,3155,6,18,4,8,3,6,0.08108108108108109,11,74,3155,134,train,74,74
11,29,9,14,4,8,0.11428571428571428,11,70,8645,True,135,1289,0,3251,4,16,3,7,2,5,0.07142857142857142,9,70,3251,135,train,70,70
7,18,6,9,3,6,0.15789473684210525,7,38,5837,True,136,1274,0,2634,3,8,2,3,2,2,0.05263157894736842,4,38,2634,136,train,38,38
12,31,9,17,5,10,0.19607843137254902,15,51,7204,True,137,1288,0,3302,4,16,2,8,2,6,0.11764705882352941,9,51,3302,137,train,51,51
15,31,9,18,4,10,0.1724137931034483,15,58,8732,True,138,1285,0,3530,5,18,4,8,3,6,0.10344827586206896,9,58,3530,138,train,58,58
10,30,8,14,4,8,0.16,11,50,8185,True,139,1270,0,3892,8,18,5,9,4,7,0.14,9,50,3892,139,train,50,50
15,30,8,18,5,9,0.1956521739130435,13,46,9870,True,140,1275,0,3962,6,18,5,7,3,5,0.10869565217391304,8,46,3962,140,train,46,46
16,34,11,21,6,12,0.18181818181818182,16,66,10023,True,141,1281,0,4449,7,23,4,14,3,8,0.12121212121212122,13,66,4449,141,train,66,66
17,31,15,20,7,13,0.19117647058823528,16,68,11642,True,142,1276,0,4233,8,21,4,13,3,9,0.1323529411764706,14,68,4233,142,train,68,68
11,21,7,12,4,7,0.1590909090909091,10,44,7654,True,143,1291,0,3158,5,16,4,7,2,5,0.11363636363636363,7,44,3158,143,train,44,44
22,46,11,28,7,16,0.21052631578947367,23,76,11266,True,144,1284,0,4643,10,31,6,13,4,10,0.13157894736842105,17,76,4643,144,train,76,76
11,19,7,14,4,9,0.21428571428571427,11,42,6394,True,145,1297,0,1851,2,13,1,3,1,3,0.07142857142857142,7,42,1851,145,train,42,42
12,36,8,20,5,11,0.16923076923076924,18,65,8684,True,146,1289,0,3178,7,18,4,7,3,6,0.09230769230769231,10,65,3178,146,train,65,65
21,48,11,28,8,18,0.2,27,90,9424,True,147,1103,0,3912,10,34,3,13,5,13,0.14444444444444443,23,90,3912,147,train,90,90
26,59,12,40,10,24,0.24,34,100,11730,True,148,1292,0,4720,11,43,3,19,7,18,0.18,30,100,4720,148,train,100,100
21,48,14,29,8,17,0.20481927710843373,25,83,10071,True,149,1293,0,4057,10,29,3,15,5,14,0.1686746987951807,22,83,4057,149,train,83,83
20,51,8,24,7,18,0.20689655172413793,25,87,8905,True,150,1284,0,2884,5,23,3,9,4,13,0.14942528735632185,21,87,2884,150,train,87,87
11,35,7,16,5,11,0.16923076923076924,17,65,5543,True,151,1192,0,1640,4,14,1,7,3,9,0.13846153846153847,14,65,1640,151,train,65,65
20,39,10,27,6,15,0.23076923076923078,22,65,5085,True,152,680,0,2667,8,31,3,13,3,10,0.15384615384615385,18,65,2667,152,train,65,65
29,60,14,40,10,25,0.24271844660194175,35,103,12045,True,153,1252,0,4667,6,40,3,19,5,18,0.17475728155339806,27,103,4667,153,train,103,103
12,24,7,17,4,9,0.19148936170212766,12,47,6495,True,154,1255,0,2597,4,15,2,7,2,6,0.1276595744680851,9,47,2597,154,train,47,47
22,54,9,35,8,22,0.2268041237113402,32,97,8909,True,155,1177,0,3109,2,33,2,11,3,17,0.17525773195876287,27,97,3109,155,train,97,97
17,40,10,24,6,14,0.14893617021276595,20,94,9539,True,156,1280,0,3847,6,22,3,8,3,8,0.0851063829787234,15,94,3847,156,train,94,94
23,46,9,30,7,19,0.2111111111111111,27,90,9326,True,157,1236,0,3785,7,32,4,12,4,12,0.13333333333333333,21,90,3785,157,train,90,90
21,54,10,30,8,20,0.21978021978021978,30,91,5730,True,158,764,0,2408,8,31,3,15,5,15,0.16483516483516483,23,91,2408,158,train,91,91
30,70,12,38,12,28,0.28,39,100,11308,True,159,1220,0,4285,12,45,2,16,9,22,0.22,34,100,4285,159,train,100,100
18,49,6,28,6,19,0.21839080459770116,28,87,8513,True,160,1264,0,2827,5,26,3,8,3,10,0.11494252873563218,21,87,2827,160,train,87,87
22,56,13,26,9,19,0.18269230769230768,28,104,10469,True,161,1263,0,3645,11,29,1,17,7,15,0.14423076923076922,23,104,3645,161,train,104,104
27,64,11,37,11,27,0.23076923076923078,39,117,10683,True,162,1240,0,4275,9,46,3,18,8,23,0.19658119658119658,36,117,4275,162,train,117,117
13,42,7,24,6,15,0.19480519480519481,22,77,6670,True,163,1198,0,2241,5,22,2,8,3,9,0.11688311688311688,18,77,2241,163,train,77,77
17,55,11,26,7,18,0.18947368421052632,29,95,7727,True,164,1097,0,2804,9,28,2,13,5,13,0.1368421052631579,24,95,2804,164,train,95,95
28,64,11,34,10,26,0.2765957446808511,36,94,5352,True,165,655,0,2325,10,44,3,17,6,18,0.19148936170212766,31,94,2325,165,train,94,94
36,90,14,56,15,36,0.2975206611570248,52,121,10594,True,166,868,0,2994,11,50,2,16,8,27,0.2231404958677686,43,121,2994,166,train,121,121
29,70,9,49,11,30,0.3409090909090909,41,88,5803,True,167,591,0,2176,7,52,4,16,5,21,0.23863636363636365,35,88,2176,167,train,88,88
19,41,8,26,7,16,0.23529411764705882,23,68,7880,True,168,1192,0,1755,3,21,2,6,3,10,0.14705882352941177,17,68,1755,168,train,68,68
17,48,8,23,6,16,0.17391304347826086,24,92,8505,True,169,1258,0,3257,6,26,4,12,4,13,0.14130434782608695,20,92,3257,169,train,92,92
26,68,11,40,10,26,0.2524271844660194,39,103,10640,True,170,1209,0,3371,6,35,3,14,6,18,0.17475728155339806,32,103,3371,170,train,103,103
20,46,12,28,9,18,0.18,27,100,8982,True,171,1244,0,2859,8,28,1,13,6,15,0.15,27,100,2859,171,train,100,100
18,54,8,29,7,20,0.19607843137254902,32,102,8873,True,172,1232,0,3149,7,30,2,12,5,14,0.13725490196078433,26,102,3149,172,train,102,102
18,58,9,28,8,19,0.20430107526881722,32,93,9191,True,173,1234,0,3342,7,32,3,12,5,15,0.16129032258064516,27,93,3342,173,train,93,93
20,42,11,30,8,18,0.23376623376623376,26,77,9575,True,174,1264,0,3525,10,32,2,15,7,15,0.19480519480519481,22,77,3525,174,train,77,77
20,50,11,30,8,18,0.1978021978021978,28,91,5385,True,175,671,0,2334,10,37,2,16,6,14,0.15384615384615385,24,91,2334,175,train,91,91
17,65,10,31,9,23,0.24468085106382978,36,94,9381,True,176,1236,0,3183,7,33,1,13,6,17,0.18085106382978725,31,94,3183,176,train,94,94
23,66,12,40,10,25,0.25,39,100,11148,True,177,1231,0,3732,8,37,4,15,5,16,0.16,28,100,3732,177,train,100,100
17,54,9,26,7,19,0.21839080459770116,29,87,8696,True,178,1277,0,3342,7,28,3,12,4,12,0.13793103448275862,23,87,3342,178,train,87,87
19,59,10,31,8,23,0.19827586206896552,36,116,9089,True,179,1193,0,3242,8,37,2,12,5,18,0.15517241379310345,32,116,3242,179,train,116,116
22,52,15,30,10,20,0.2597402597402597,27,77,8714,True,180,1093,0,2934,8,31,2,17,7,17,0.22077922077922077,24,77,2934,180,train,77,77
21,51,10,28,7,18,0.2222222222222222,26,81,9477,True,181,1238,0,3589,6,29,4,12,4,12,0.14814814814814814,21,81,3589,181,train,81,81
19,44,10,25,7,16,0.1951219512195122,23,82,9268,True,182,1262,0,3468,9,27,3,13,4,10,0.12195121951219512,16,82,3468,182,train,82,82
17,41,6,20,6,15,0.18072289156626506,21,83,7090,True,183,1221,0,2957,5,23,2,9,2,9,0.10843373493975904,17,83,2957,183,train,83,83
17,57,8,27,8,20,0.21052631578947367,33,95,7739,True,184,1135,0,2791,5,26,2,10,4,14,0.14736842105263157,26,95,2791,184,train,95,95
14,43,10,23,6,15,0.22388059701492538,23,67,7996,True,185,1172,0,1812,4,16,2,5,3,8,0.11940298507462686,15,67,1812,185,train,67,67
28,62,14,36,11,25,0.22727272727272727,35,110,11408,True,186,1190,0,3591,8,38,1,19,8,21,0.19090909090909092,30,110,3591,186,train,110,110
33,101,13,56,15,42,0.2625,61,160,13250,True,187,1216,0,5043,11,61,2,23,10,32,0.2,54,160,5043,187,train,160,160
17,42,10,26,6,15,0.189873417721519,23,79,6475,True,188,874,0,2623,8,32,3,12,4,10,0.12658227848101267,20,79,2623,188,train,79,79
16,51,7,28,7,19,0.2159090909090909,29,88,7628,True,189,1172,0,2470,5,24,3,9,4,12,0.13636363636363635,22,88,2470,189,train,88,88
14,33,10,18,5,10,0.16129032258064516,15,62,6352,True,190,890,0,2517,8,19,3,10,3,7,0.11290322580645161,11,62,2517,190,train,62,62
24,52,13,33,10,22,0.24719101123595505,30,89,10697,True,191,1245,0,3447,7,36,2,16,7,18,0.20224719101123595,27,89,3447,191,train,89,89
27,72,9,35,12,28,0.25225225225225223,42,111,10244,True,192,1237,0,3571,8,41,2,16,8,23,0.2072072072072072,37,111,3571,192,train,111,111
23,60,9,32,9,23,0.23232323232323232,36,99,8694,True,193,1129,0,2837,5,32,2,11,4,15,0.15151515151515152,28,99,2837,193,train,99,99
21,50,10,29,7,18,0.18947368421052632,27,95,8778,True,194,1091,0,3544,7,34,5,14,5,13,0.1368421052631579,22,95,3544,194,train,95,95
25,59,8,36,10,25,0.26595744680851063,35,94,9394,True,195,1254,0,2534,2,33,1,7,4,19,0.20212765957446807,32,94,2534,195,train,94,94
25,59,16,36,10,21,0.19811320754716982,31,106,11448,True,196,1199,0,4111,11,36,3,16,7,16,0.1509433962264151,25,106,4111,196,train,106,106
23,55,10,35,8,23,0.23958333333333334,32,96,9634,True,197,1188,0,3597,7,38,2,12,6,19,0.19791666666666666,31,96,3597,197,train,96,96
21,68,11,30,9,22,0.21568627450980393,36,102,9759,True,198,1123,0,3310,7,32,3,14,5,15,0.14705882352941177,25,102,3310,198,train,102,102
12,42,8,25,6,16,0.2,24,80,8272,True,199,1227,0,3340,7,24,2,10,3,9,0.1125,17,80,3340,199,train,80,80
17,49,8,21,6,17,0.2073170731707317,28,82,6984,True,200,1179,0,2757,4,22,2,8,2,9,0.10975609756097561,20,82,2757,200,train,82,82
22,64,10,37,9,24,0.2376237623762376,36,101,9931,True,201,1169,0,3490,7,40,2,15,6,17,0.16831683168316833,29,101,3490,201,train,101,101
25,54,11,35,10,24,0.24,33,100,9394,True,202,1239,0,3010,9,33,0,13,7,18,0.18,28,100,3010,202,train,100,100
28,59,11,44,12,27,0.28421052631578947,38,95,11511,True,203,1260,0,2761,4,37,2,11,6,20,0.21052631578947367,33,95,2761,203,train,95,95
29,62,9,41,10,28,0.2641509433962264,39,106,10462,True,204,1144,0,3741,9,45,3,14,6,19,0.1792452830188679,33,106,3741,204,train,106,106
23,64,10,34,9,25,0.2032520325203252,39,123,9850,True,205,1245,0,3912,7,40,2,11,5,20,0.16260162601626016,37,123,3912,205,train,123,123
19,56,8,27,7,19,0.1919191919191919,30,99,8699,True,206,1153,0,3536,8,35,3,10,5,14,0.1414141414141414,26,99,3536,206,train,99,99
27,63,11,36,10,25,0.25,36,100,10721,True,207,1244,0,3910,7,41,2,16,7,19,0.19,30,100,3910,207,train,100,100
20,48,7,24,7,19,0.23170731707317074,27,82,7223,True,208,1201,0,2615,6,28,3,11,5,14,0.17073170731707318,25,82,2615,208,train,82,82
21,47,8,31,8,20,0.29411764705882354,28,68,8525,True,209,1269,0,2614,4,27,2,9,4,12,0.17647058823529413,21,68,2614,209,train,68,68
13,37,7,18,5,11,0.16923076923076924,17,65,7685,True,210,1276,0,2931,6,19,4,7,3,6,0.09230769230769231,13,65,2931,210,train,65,65
22,54,13,33,9,21,0.22105263157894736,32,95,9854,True,211,1239,0,3762,9,33,3,14,6,17,0.17894736842105263,27,95,3762,211,train,95,95
15,46,5,28,6,18,0.23076923076923078,28,78,7545,True,212,1239,0,2438,5,23,3,8,4,11,0.14102564102564102,22,78,2438,212,train,78,78
24,74,5,38,10,29,0.25663716814159293,43,113,10928,True,213,1266,0,4600,5,47,3,11,3,21,0.18584070796460178,36,113,4600,213,train,113,113
18,54,12,26,9,18,0.1978021978021978,30,91,9622,True,214,1261,0,3478,9,37,2,13,6,15,0.16483516483516483,28,91,3478,214,train,91,91
25,63,12,39,11,25,0.2358490566037736,37,106,10271,True,215,1231,0,3739,8,39,3,14,7,22,0.20754716981132076,32,106,3739,215,train,106,106
17,52,14,23,8,16,0.1839080459770115,23,87,9126,True,216,1232,0,3086,5,26,2,13,4,13,0.14942528735632185,21,87,3086,216,train,87,87
17,54,8,28,7,20,0.21978021978021978,32,91,8089,True,217,1254,0,2865,4,31,2,8,4,13,0.14285714285714285,26,91,2865,217,train,91,91
16,32,7,22,5,13,0.14130434782608695,19,92,8362,True,218,1250,0,3079,5,25,3,8,3,8,0.08695652173913043,18,92,3079,218,train,92,92
23,53,9,37,9,23,0.27380952380952384,33,84,9887,True,219,1226,0,2981,7,29,2,12,6,15,0.17857142857142858,24,84,2981,219,train,84,84
20,55,8,31,8,23,0.2875,31,80,7510,True,220,1162,0,2125,4,30,1,7,6,19,0.2375,29,80,2125,220,train,80,80
14,31,9,21,5,11,0.16176470588235295,17,68,6484,True,221,929,0,2350,6,15,3,8,3,6,0.08823529411764706,10,68,2350,221,train,68,68
16,50,9,22,6,16,0.17204301075268819,26,93,8314,True,222,1221,0,3014,5,24,3,9,3,11,0.11827956989247312,20,93,3014,222,train,93,93
14,45,7,22,6,16,0.19047619047619047,25,84,7210,True,223,1257,0,2729,5,27,2,7,3,12,0.14285714285714285,23,84,2729,223,train,84,84
11,37,6,17,4,12,0.15,20,80,6411,True,224,1267,0,2220,3,18,1,4,2,8,0.1,16,80,2220,224,train,80,80
20,55,9,29,8,20,0.1834862385321101,31,109,9427,True,225,1253,0,3343,7,34,2,10,5,15,0.13761467889908258,27,109,3343,225,train,109,109
26,67,9,33,11,26,0.23423423423423423,38,111,10277,True,226,1233,0,3425,8,32,2,14,7,20,0.18018018018018017,30,111,3425,226,train,111,111
28,62,10,41,13,29,0.2761904761904762,40,105,9695,True,227,1199,0,2726,4,39,1,13,9,25,0.23809523809523808,37,105,2726,227,train,105,105
20,43,9,27,7,16,0.24615384615384617,23,65,9212,True,228,1284,0,3532,7,28,4,14,5,13,0.2,19,65,3532,228,train,65,65
15,29,9,18,5,11,0.18032786885245902,15,61,7751,True,229,1281,0,2878,5,18,2,8,2,7,0.11475409836065574,12,61,2878,229,train,61,61
21,47,11,28,8,18,0.21176470588235294,26,85,10044,True,230,1237,0,3517,9,27,3,13,5,13,0.15294117647058825,21,85,3517,230,train,85,85
28,79,11,35,12,28,0.23728813559322035,44,118,7293,True,231,865,0,2698,10,45,2,15,9,24,0.2033898305084746,42,118,2698,231,train,118,118
20,48,11,27,7,17,0.17708333333333334,26,96,9890,True,232,1238,0,4051,10,28,4,15,4,12,0.125,18,96,4051,232,train,96,96
21,64,11,35,10,24,0.25,37,96,10698,True,233,1256,0,3628,9,39,1,17,8,20,0.20833333333333334,31,96,3628,233,train,96,96
13,43,8,19,5,13,0.17105263157894737,21,76,8290,True,234,1244,0,3051,6,17,3,8,3,7,0.09210526315789473,12,76,3051,234,train,76,76
25,70,12,36,11,26,0.208,39,125,10786,True,235,1250,0,3553,6,36,3,14,7,22,0.176,35,125,3553,235,train,125,125
23,69,6,36,11,28,0.25688073394495414,43,109,9586,True,236,1213,0,2772,3,34,2,10,4,20,0.1834862385321101,35,109,2772,236,train,109,109
20,61,8,31,8,24,0.21238938053097345,37,113,9024,True,237,1245,0,3390,7,37,3,14,6,17,0.1504424778761062,32,113,3390,237,train,113,113
32,80,15,44,12,29,0.26126126126126126,41,111,12802,True,238,1167,0,3690,7,40,2,15,6,20,0.18018018018018017,33,111,3690,238,train,111,111
20,53,10,25,7,17,0.1827956989247312,26,93,10463,True,239,1266,0,3465,6,26,3,12,4,12,0.12903225806451613,20,93,3465,239,train,93,93
18,48,9,26,6,17,0.1717171717171717,25,99,7613,True,240,1071,0,3044,7,25,3,11,3,10,0.10101010101010101,19,99,3044,240,train,99,99
32,59,14,36,10,23,0.23,31,100,12028,True,241,1102,0,3483,8,36,3,16,6,18,0.18,28,100,3483,241,train,100,100
19,50,7,32,8,21,0.2727272727272727,30,77,8546,True,242,1241,0,2839,8,29,1,9,5,14,0.18181818181818182,24,77,2839,242,train,77,77
18,53,8,28,7,18,0.1836734693877551,28,98,9106,True,243,1231,0,3581,8,30,4,12,4,13,0.1326530612244898,22,98,3581,243,train,98,98
20,52,6,25,6,18,0.18947368421052632,28,95,9108,True,244,1253,0,3341,6,27,3,12,4,13,0.1368421052631579,24,95,3341,244,train,95,95
20,64,9,32,8,23,0.19166666666666668,37,120,9594,True,245,1251,0,3779,9,41,2,12,6,18,0.15,35,120,3779,245,train,120,120
23,54,9,33,9,22,0.23404255319148937,32,94,9188,True,246,1248,0,3161,8,35,2,13,6,19,0.20212765957446807,28,94,3161,246,train,94,94
15,45,9,25,7,16,0.1797752808988764,25,89,8787,True,247,1273,0,3398,8,29,1,12,5,13,0.14606741573033707,23,89,3398,247,train,89,89
33,87,16,51,15,36,0.2975206611570248,50,121,9397,True,248,841,0,2987,10,55,2,22,10,28,0.23140495867768596,43,121,2987,248,train,121,121
30,73,13,44,12,28,0.2641509433962264,41,106,12296,True,249,1210,0,3694,7,45,2,16,8,23,0.2169811320754717,37,106,3694,249,train,106,106
37,88,14,53,15,36,0.2748091603053435,51,131,11698,True,250,958,0,3622,10,57,2,20,10,27,0.20610687022900764,45,131,3622,250,train,131,131
21,46,10,32,8,19,0.2,28,95,9462,True,251,1286,0,3588,8,34,2,17,7,16,0.16842105263157894,25,95,3588,251,train,95,95
24,68,8,36,9,25,0.24752475247524752,38,101,7638,True,252,900,0,3266,9,45,4,15,5,19,0.18811881188118812,33,101,3266,252,train,101,101
19,52,7,27,7,19,0.18811881188118812,29,101,8394,True,253,1247,0,3055,5,28,1,11,4,15,0.1485148514851485,27,101,3055,253,train,101,101
24,58,8,32,9,23,0.23958333333333334,34,96,9598,True,254,1278,0,3552,7,37,2,14,5,17,0.17708333333333334,30,96,3552,254,train,96,96
19,39,14,24,7,14,0.16666666666666666,20,84,9694,True,255,1273,0,3704,8,27,4,12,4,10,0.11904761904761904,17,84,3704,255,train,84,84
25,66,10,35,10,26,0.2524271844660194,38,103,10034,True,256,1248,0,3526,7,42,2,14,6,21,0.20388349514563106,34,103,3526,256,train,103,103
20,46,9,27,7,19,0.20652173913043478,27,92,9154,True,257,1240,0,3540,8,28,3,12,4,12,0.13043478260869565,20,92,3540,257,train,92,92
18,46,7,28,6,17,0.2,26,85,9082,True,258,1278,0,3401,6,24,3,13,4,11,0.12941176470588237,17,85,3401,258,train,85,85
30,72,13,46,14,30,0.2608695652173913,43,115,12970,True,259,1281,0,4861,14,55,2,26,10,25,0.21739130434782608,38,115,4861,259,train,115,115
15,37,10,26,7,14,0.2028985507246377,22,69,9021,True,260,1279,0,3292,8,27,3,13,5,12,0.17391304347826086,17,69,3292,260,train,69,69
26,66,9,35,9,25,0.22321428571428573,38,112,11439,True,261,1277,0,4740,7,40,3,16,5,17,0.15178571428571427,30,112,4740,261,train,112,112
13,44,6,25,5,16,0.20253164556962025,24,79,6100,True,262,1033,0,2344,6,23,3,7,3,10,0.12658227848101267,19,79,2344,262,train,79,79
38,103,14,61,17,44,0.2953020134228188,62,149,14995,True,263,1246,0,4689,7,55,3,21,10,33,0.2214765100671141,52,149,4689,263,train,149,149
24,62,9,37,10,24,0.23300970873786409,35,103,9527,True,264,1149,0,2770,7,32,1,13,6,18,0.17475728155339806,30,103,2770,264,train,103,103
20,49,9,33,8,20,0.23809523809523808,29,84,8145,True,265,1149,0,2929,6,32,1,13,5,15,0.17857142857142858,25,84,2929,265,train,84,84
30,58,18,42,12,25,0.24752475247524752,36,101,11960,True,266,1124,0,3277,10,36,1,19,9,19,0.18811881188118812,29,101,3277,266,train,101,101
18,59,10,25,7,21,0.21428571428571427,35,98,8215,True,267,1224,0,2933,2,29,2,5,2,13,0.1326530612244898,26,98,2933,267,train,98,98
20,52,11,29,8,18,0.23076923076923078,27,78,5815,True,268,736,0,2549,9,35,3,13,5,14,0.1794871794871795,24,78,2549,268,train,78,78
20,43,11,24,6,15,0.1724137931034483,23,87,9249,True,269,1168,0,3919,7,26,4,10,4,9,0.10344827586206896,16,87,3919,269,train,87,87
17,55,12,25,7,16,0.1797752808988764,27,89,9417,True,270,1185,0,3968,9,28,4,13,4,11,0.12359550561797752,21,89,3968,270,train,89,89
26,59,11,36,10,23,0.22330097087378642,33,103,9771,True,271,1108,0,3657,5,33,2,17,4,19,0.18446601941747573,28,103,3657,271,train,103,103
20,56,5,27,6,19,0.25675675675675674,27,74,8818,True,272,1196,0,3432,5,31,3,9,4,12,0.16216216216216217,22,74,3432,272,train,74,74
16,48,7,29,7,19,0.2638888888888889,28,72,6957,True,273,1151,0,1919,3,21,1,6,3,12,0.16666666666666666,22,72,1919,273,train,72,72
18,44,12,23,7,14,0.18421052631578946,21,76,10001,True,274,1211,0,3410,9,22,2,14,5,11,0.14473684210526316,16,76,3410,274,train,76,76
24,56,12,31,8,20,0.23255813953488372,30,86,10948,True,275,1246,0,4276,10,33,2,15,6,14,0.16279069767441862,24,86,4276,275,train,86,86
18,39,7,24,5,14,0.17073170731707318,21,82,8782,True,276,1280,0,3757,7,26,4,8,3,8,0.0975609756097561,15,82,3757,276,train,82,82
32,68,13,41,11,26,0.2222222222222222,36,117,12327,True,277,1143,0,4604,9,38,3,19,5,19,0.1623931623931624,29,117,4604,277,train,117,117
33,60,17,40,11,25,0.2336448598130841,33,107,13607,True,278,1136,0,4959,15,44,5,24,8,21,0.19626168224299065,29,107,4959,278,train,107,107
18,62,10,33,8,21,0.19811320754716982,32,106,10324,True,279,1267,0,4236,10,38,2,12,5,15,0.14150943396226415,28,106,4236,279,train,106,106
22,58,14,32,9,19,0.1958762886597938,28,97,10469,True,280,1159,0,3573,11,30,2,14,6,13,0.13402061855670103,21,97,3573,280,train,97,97
34,94,15,55,15,40,0.2857142857142857,58,140,12566,True,281,1088,0,4218,10,61,3,18,9,29,0.20714285714285716,49,140,4218,281,train,140,140
28,73,12,46,11,31,0.2719298245614035,43,114,7078,True,282,738,0,2653,8,43,3,16,7,21,0.18421052631578946,34,114,2653,282,train,114,114
21,54,10,29,8,19,0.19791666666666666,28,96,10164,True,283,1283,0,3884,10,34,3,14,5,15,0.15625,25,96,3884,283,train,96,96
27,64,11,39,10,26,0.26262626262626265,37,99,11694,True,284,1295,0,4199,7,41,2,15,6,19,0.1919191919191919,31,99,4199,284,train,99,99
19,73,12,38,10,27,0.226890756302521,43,119,9342,True,285,1160,0,2693,5,37,1,12,7,24,0.20168067226890757,42,119,2693,285,train,119,119
12,34,6,21,5,12,0.17647058823529413,19,68,7026,True,286,1276,0,2848,6,24,3,7,4,8,0.11764705882352941,16,68,2848,286,train,68,68
22,63,8,35,8,23,0.22330097087378642,34,103,10489,True,287,1260,0,3602,7,34,5,11,5,15,0.14563106796116504,28,103,3602,287,train,103,103
28,70,12,39,9,26,0.24074074074074073,39,108,12545,True,288,1144,0,4759,7,42,4,18,4,16,0.14814814814814814,28,108,4759,288,train,108,108
24,56,14,33,9,19,0.19387755102040816,28,98,13427,True,289,1291,0,6063,13,36,5,20,6,14,0.14285714285714285,22,98,6063,289,train,98,98
26,53,13,34,8,19,0.2261904761904762,26,84,12276,True,290,1189,0,4863,13,36,5,18,5,13,0.15476190476190477,21,84,4863,290,train,84,84
17,32,11,21,6,11,0.20754716981132076,16,53,9841,True,291,1295,0,3849,10,21,5,11,5,9,0.16981132075471697,12,53,3849,291,train,53,53
28,57,16,40,9,22,0.19642857142857142,32,112,13843,True,292,1288,0,5981,13,40,7,19,7,16,0.14285714285714285,24,112,5981,292,train,112,112
21,47,11,26,7,15,0.17647058823529413,23,85,11793,True,293,1278,0,5597,11,32,6,11,4,9,0.10588235294117647,15,85,5597,293,train,85,85
21,50,10,28,7,18,0.21428571428571427,26,84,10155,True,294,1274,0,3937,7,32,4,12,4,14,0.16666666666666666,22,84,3937,294,train,84,84
21,46,12,25,7,17,0.20987654320987653,23,81,9659,True,295,1276,0,3528,9,25,3,13,5,12,0.14814814814814814,18,81,3528,295,train,81,81
10,28,9,15,4,9,0.17307692307692307,13,52,6795,True,296,1290,0,2916,6,18,2,9,3,7,0.1346153846153846,9,52,2916,296,train,52,52
14,36,9,21,5,11,0.13253012048192772,19,83,9236,True,297,1261,0,3676,6,24,4,8,3,7,0.08433734939759036,16,83,3676,297,train,83,83
21,55,9,31,7,20,0.20408163265306123,30,98,8664,True,298,1155,0,3198,8,29,3,11,5,13,0.1326530612244898,22,98,3198,298,train,98,98
16,38,12,21,6,11,0.12643678160919541,17,87,10939,True,299,1286,0,4007,8,20,5,11,4,8,0.09195402298850575,12,87,4007,299,train,87,87
16,41,9,26,6,13,0.18055555555555555,21,72,10279,True,300,1263,0,5020,9,29,6,11,4,9,0.125,16,72,5020,300,train,72,72
24,55,15,35,9,21,0.22580645161290322,31,93,12261,True,301,1277,0,3908,8,35,3,16,5,15,0.16129032258064516,25,93,3908,301,train,93,93
22,64,11,33,9,23,0.23469387755102042,36,98,9486,True,302,1160,0,3852,7,35,2,14,5,17,0.17346938775510204,27,98,3852,302,train,98,98
24,48,10,33,8,21,0.2625,28,80,9831,True,303,1257,0,3547,5,33,2,12,4,16,0.2,24,80,3547,303,train,80,80
19,46,8,28,7,18,0.23076923076923078,26,78,8296,True,304,1130,0,3504,6,25,4,10,3,9,0.11538461538461539,16,78,3504,304,train,78,78
19,47,12,27,8,17,0.2328767123287671,23,73,9460,True,305,1265,0,3601,12,29,3,18,7,14,0.1917808219178082,19,73,3601,305,train,73,73
12,33,7,18,4,10,0.13157894736842105,16,76,6897,True,306,1283,0,2673,4,18,3,4,2,4,0.05263157894736842,11,76,2673,306,train,76,76
17,49,9,29,6,17,0.2236842105263158,26,76,9601,True,307,1274,0,4003,6,30,5,12,4,11,0.14473684210526316,19,76,4003,307,train,76,76
22,54,12,34,9,21,0.2625,31,80,10307,True,308,1269,0,4289,9,41,2,14,6,16,0.2,26,80,4289,308,train,80,80
21,68,12,30,9,21,0.21649484536082475,35,97,10309,True,309,1244,0,4010,9,39,2,14,6,17,0.17525773195876287,29,97,4010,309,train,97,97
9,41,7,17,5,13,0.16049382716049382,23,81,5911,True,310,1252,0,1979,5,17,1,6,2,9,0.1111111111111111,21,81,1979,310,train,81,81
26,62,13,37,8,23,0.26436781609195403,34,87,10821,True,311,1131,0,4075,7,37,4,16,4,16,0.1839080459770115,25,87,4075,311,train,87,87
20,54,8,30,7,19,0.22093023255813954,30,86,9102,True,312,1119,0,3427,6,28,3,11,3,12,0.13953488372093023,21,86,3427,312,train,86,86
22,61,11,34,10,23,0.23711340206185566,35,97,9542,True,313,1254,0,3257,7,34,1,16,6,17,0.17525773195876287,29,97,3257,313,train,97,97
23,66,10,34,10,26,0.26804123711340205,38,97,9446,True,314,1257,0,3105,7,37,1,12,6,20,0.20618556701030927,33,97,3105,314,train,97,97
20,55,13,29,7,18,0.1836734693877551,27,98,10758,True,315,1269,0,4490,10,31,5,14,5,12,0.12244897959183673,20,98,4490,315,train,98,98
16,39,8,23,6,14,0.1917808219178082,21,73,7985,True,316,1286,0,2965,5,23,1,7,3,10,0.136986301369863,17,73,2965,316,train,73,73
12,25,9,16,5,9,0.13636363636363635,12,66,8564,True,317,1263,0,3669,7,17,4,10,3,7,0.10606060606060606,11,66,3669,317,train,66,66
13,33,9,19,5,11,0.18032786885245902,16,61,8068,True,318,1278,0,3275,6,21,4,9,3,7,0.11475409836065574,13,61,3275,318,train,61,61
20,42,13,25,7,15,0.17857142857142858,21,84,9974,True,319,1144,0,3491,6,24,4,11,3,9,0.10714285714285714,16,84,3491,319,train,84,84
24,58,15,32,9,20,0.2222222222222222,28,90,12029,True,320,1265,0,4887,8,35,3,16,4,14,0.15555555555555556,22,90,4887,320,train,90,90
16,32,11,23,5,11,0.18032786885245902,16,61,10289,True,321,1299,0,3311,4,20,2,8,2,6,0.09836065573770492,12,61,3311,321,train,61,61
16,33,11,20,5,11,0.19298245614035087,15,57,9679,True,322,1270,0,4184,8,20,4,11,3,7,0.12280701754385964,11,57,4184,322,train,57,57
18,35,11,24,6,14,0.2153846153846154,19,65,10064,True,323,1300,0,4072,6,22,4,10,2,6,0.09230769230769231,12,65,4072,323,train,65,65
18,35,13,21,6,13,0.19696969696969696,16,66,10488,True,324,1276,0,4109,7,22,5,12,3,8,0.12121212121212122,14,66,4109,324,train,66,66
13,47,6,19,4,13,0.17105263157894737,22,76,7684,True,325,1278,0,3151,4,18,2,4,2,4,0.05263157894736842,10,76,3151,325,train,76,76
16,35,7,18,4,11,0.171875,16,64,8214,True,326,1281,0,3153,4,16,3,7,2,6,0.09375,11,64,3153,326,train,64,64
19,46,12,28,8,16,0.21621621621621623,25,74,10323,True,327,1286,0,3525,9,29,3,14,6,13,0.17567567567567569,19,74,3525,327,train,74,74
25,65,12,34,9,22,0.205607476635514,33,107,12978,True,328,1276,0,4676,9,36,3,17,5,15,0.14018691588785046,25,107,4676,328,train,107,107
25,61,10,36,9,24,0.24242424242424243,36,99,10902,True,329,1284,0,3971,5,38,3,12,4,18,0.18181818181818182,28,99,3971,329,train,99,99
20,56,10,34,8,20,0.2222222222222222,30,90,9576,True,330,1250,0,3436,6,29,3,12,5,13,0.14444444444444443,22,90,3436,330,train,90,90
22,47,14,27,7,16,0.16326530612244897,23,98,10414,True,331,1167,0,3379,9,26,3,13,5,12,0.12244897959183673,19,98,3379,331,train,98,98
12,41,5,17,4,13,0.17333333333333334,21,75,6708,True,332,1282,0,2946,4,16,2,5,2,5,0.06666666666666667,12,75,2946,332,train,75,75
21,54,12,31,8,19,0.18627450980392157,28,102,10475,True,333,1285,0,4001,8,32,3,14,5,16,0.1568627450980392,24,102,4001,333,train,102,102
22,51,11,28,8,18,0.23684210526315788,26,76,9933,True,334,1276,0,3424,5,24,4,13,4,12,0.15789473684210525,19,76,3424,334,train,76,76
20,48,10,28,7,16,0.1927710843373494,24,83,9355,True,335,1194,0,3766,9,34,3,16,4,14,0.1686746987951807,21,83,3766,335,train,83,83
19,44,7,23,6,16,0.18604651162790697,23,86,8707,True,336,1275,0,3219,5,23,2,7,3,10,0.11627906976744186,18,86,3219,336,train,86,86
16,47,9,27,6,17,0.2073170731707317,27,82,8728,True,337,1255,0,2872,7,26,3,9,4,10,0.12195121951219512,21,82,2872,337,train,82,82
12,24,7,14,4,8,0.14035087719298245,12,57,6653,True,338,1295,0,2554,7,13,2,7,3,6,0.10526315789473684,7,57,2554,338,train,57,57
19,41,11,25,6,13,0.1566265060240964,19,83,11078,True,339,1299,0,4570,8,26,4,13,4,10,0.12048192771084337,16,83,4570,339,train,83,83
24,50,14,32,9,19,0.21348314606741572,27,89,11138,True,340,1292,0,3883,8,35,3,17,5,15,0.16853932584269662,21,89,3883,340,train,89,89
18,46,7,27,7,18,0.23376623376623376,27,77,6185,True,341,959,0,1716,2,27,1,10,4,13,0.16883116883116883,24,77,1716,341,train,77,77
31,68,14,45,11,28,0.24347826086956523,39,115,12564,True,342,1199,0,4585,10,41,5,17,6,18,0.1565217391304348,30,115,4585,342,train,115,115
20,44,14,25,8,16,0.21333333333333335,22,75,10723,True,343,1281,0,4250,11,30,2,13,5,11,0.14666666666666667,18,75,4250,343,train,75,75
10,21,8,12,4,8,0.18604651162790697,9,43,6593,True,344,1296,0,2677,5,12,3,6,2,5,0.11627906976744186,8,43,2677,344,train,43,43
27,70,12,38,12,27,0.24545454545454545,39,110,8486,True,345,1005,0,2628,8,36,1,12,7,21,0.19090909090909092,35,110,2628,345,train,110,110
26,54,11,34,9,22,0.23157894736842105,30,95,10928,True,346,1269,0,4133,9,38,3,19,7,19,0.2,28,95,4133,346,train,95,95
15,36,11,21,5,11,0.13580246913580246,16,81,9771,True,347,1292,0,3421,5,18,4,6,2,5,0.06172839506172839,10,81,3421,347,train,81,81
21,44,17,29,8,17,0.2537313432835821,23,67,9353,True,348,1052,0,2594,8,26,2,12,5,13,0.19402985074626866,19,67,2594,348,train,67,67
22,56,13,37,8,18,0.20930232558139536,29,86,12377,True,349,1204,0,4267,10,31,3,17,5,13,0.1511627906976744,19,86,4267,349,train,86,86
18,45,8,27,6,17,0.22972972972972974,25,74,9210,True,350,1285,0,3382,7,30,3,8,3,10,0.13513513513513514,20,74,3382,350,train,74,74
17,45,9,26,6,16,0.17582417582417584,24,91,9381,True,351,1267,0,4439,9,28,3,12,4,10,0.10989010989010989,18,91,4439,351,train,91,91
24,53,16,31,9,19,0.2087912087912088,27,91,12141,True,352,1217,0,5227,11,33,6,16,5,12,0.13186813186813187,20,91,5227,352,train,91,91
24,52,15,34,8,19,0.24358974358974358,28,78,11094,True,353,1117,0,3847,8,32,5,17,5,13,0.16666666666666666,20,78,3847,353,train,78,78
15,31,9,17,5,10,0.16393442622950818,15,61,7966,True,354,1298,0,2820,5,19,2,8,2,7,0.11475409836065574,12,61,2820,354,train,61,61
15,37,8,23,6,14,0.19718309859154928,21,71,8040,True,355,1290,0,2852,5,21,2,9,3,9,0.1267605633802817,16,71,2852,355,train,71,71
17,60,8,33,9,25,0.27472527472527475,37,91,5594,True,356,888,0,1479,4,29,1,9,6,18,0.1978021978021978,33,91,1479,356,train,91,91
33,73,10,44,12,31,0.2743362831858407,44,113,11074,True,357,1180,0,3808,8,47,2,16,6,21,0.18584070796460178,36,113,3808,357,train,113,113
34,66,18,45,13,28,0.2616822429906542,39,107,12672,True,358,1081,0,3525,10,40,1,22,9,23,0.21495327102803738,32,107,3525,358,train,107,107
27,63,13,35,10,24,0.23300970873786409,34,103,10661,True,359,1170,0,3601,8,38,3,16,6,16,0.1553398058252427,27,103,3601,359,train,103,103
18,42,7,22,5,15,0.17857142857142858,21,84,8403,True,360,1263,0,3001,5,22,2,8,3,9,0.10714285714285714,16,84,3001,360,train,84,84
14,38,10,18,5,12,0.17647058823529413,19,68,7949,True,361,1285,0,2953,6,20,3,9,4,8,0.11764705882352941,13,68,2953,361,train,68,68
8,27,4,16,3,9,0.15517241379310345,14,58,5570,True,362,1274,0,2616,4,16,2,4,2,4,0.06896551724137931,10,58,2616,362,train,58,58
13,25,9,15,4,8,0.13333333333333333,11,60,8402,True,363,1293,0,3340,6,17,3,9,3,6,0.1,9,60,3340,363,train,60,60
12,31,6,15,4,10,0.16666666666666666,16,60,6718,True,364,1290,0,2720,3,17,2,5,2,5,0.08333333333333333,10,60,2720,364,train,60,60
13,35,8,16,5,10,0.14492753623188406,16,69,7719,True,365,1285,0,3453,7,20,2,9,2,7,0.10144927536231885,12,69,3453,365,train,69,69
17,39,12,22,6,13,0.16666666666666666,19,78,10159,True,366,1279,0,4281,8,27,7,13,5,10,0.1282051282051282,17,78,4281,366,train,78,78
18,50,13,27,8,16,0.19047619047619047,25,84,9783,True,367,1251,0,4093,9,32,2,15,4,13,0.15476190476190477,20,84,4093,367,train,84,84
18,50,9,27,7,17,0.17346938775510204,27,98,9706,True,368,1227,0,3809,8,27,3,11,4,11,0.11224489795918367,19,98,3809,368,train,98,98
23,72,8,39,9,27,0.24545454545454545,41,110,10714,True,369,1232,0,4484,9,50,4,12,4,18,0.16363636363636364,35,110,4484,369,train,110,110
21,52,11,30,9,20,0.2127659574468085,28,94,9484,True,370,1174,0,3825,9,37,3,18,5,16,0.1702127659574468,24,94,3825,370,train,94,94
16,46,11,24,7,15,0.2054794520547945,25,73,7384,True,371,1120,0,2621,5,22,2,10,3,10,0.136986301369863,18,73,2621,371,train,73,73
19,60,11,31,8,20,0.20833333333333334,32,96,11227,True,372,1275,0,4467,10,36,4,13,5,13,0.13541666666666666,26,96,4467,372,train,96,96
16,37,10,25,6,15,0.18518518518518517,21,81,8434,True,373,1258,0,2939,5,27,3,7,3,9,0.1111111111111111,18,81,2939,373,train,81,81
17,45,8,29,7,17,0.20238095238095238,27,84,8657,True,374,1254,0,2460,4,20,1,8,3,11,0.13095238095238096,20,84,2460,374,train,84,84
22,52,7,29,8,20,0.2222222222222222,29,90,10231,True,375,1272,0,4547,5,33,4,15,4,14,0.15555555555555556,23,90,4547,375,train,90,90
15,24,7,19,4,9,0.18,14,50,8586,True,376,1288,0,3621,6,19,4,7,3,6,0.12,9,50,3621,376,train,50,50
29,67,16,38,12,25,0.24752475247524752,34,101,12280,True,377,1233,0,3949,10,37,1,22,9,21,0.2079207920792079,29,101,3949,377,train,101,101
17,49,8,23,6,16,0.16494845360824742,27,97,8942,True,378,1248,0,3440,5,26,3,8,3,9,0.09278350515463918,20,97,3440,378,train,97,97
17,57,7,26,7,19,0.18811881188118812,31,101,9110,True,379,1228,0,4007,8,37,3,14,5,16,0.15841584158415842,28,101,4007,379,train,101,101
26,53,10,31,10,23,0.3026315789473684,30,76,6974,True,380,928,0,2421,9,34,2,16,7,16,0.21052631578947367,26,76,2421,380,train,76,76
15,52,6,25,7,21,0.20192307692307693,34,104,7055,True,381,1055,0,2726,5,36,2,11,5,18,0.17307692307692307,32,104,2726,381,train,104,104
28,83,15,47,10,30,0.25210084033613445,46,119,14321,True,382,1208,0,5281,10,46,6,16,6,17,0.14285714285714285,32,119,5281,382,train,119,119
18,49,10,30,7,17,0.19318181818181818,27,88,10683,True,383,1270,0,4130,7,31,4,13,4,12,0.13636363636363635,21,88,4130,383,train,88,88
22,46,13,27,8,16,0.18181818181818182,23,88,10839,True,384,1209,0,3786,7,28,3,12,3,11,0.125,20,88,3786,384,train,88,88
27,68,15,35,10,23,0.19166666666666668,35,120,12182,True,385,1106,0,4526,12,41,4,18,7,17,0.14166666666666666,30,120,4526,385,train,120,120
22,42,15,31,8,16,0.23529411764705882,22,68,11807,True,386,1166,0,3849,10,28,4,14,4,11,0.16176470588235295,16,68,3849,386,train,68,68
12,34,9,19,4,10,0.14492753623188406,18,69,7867,True,387,1294,0,3899,5,18,2,9,2,6,0.08695652173913043,9,69,3899,387,train,69,69
12,24,9,15,5,9,0.15,12,60,8746,True,388,1299,0,3818,8,16,4,11,4,7,0.11666666666666667,10,60,3818,388,train,60,60
20,45,10,27,7,17,0.1827956989247312,24,93,10119,True,389,1251,0,3864,7,26,5,13,4,11,0.11827956989247312,18,93,3864,389,train,93,93
24,69,11,35,9,23,0.24210526315789474,37,95,9964,True,390,1140,0,3002,6,33,2,12,6,19,0.2,31,95,3002,390,train,95,95
14,40,8,19,5,12,0.17391304347826086,19,69,7998,True,391,1289,0,2566,5,14,2,8,2,7,0.10144927536231885,11,69,2566,391,train,69,69
25,49,20,31,10,20,0.2564102564102564,26,78,9282,True,392,954,0,4109,15,35,5,21,6,16,0.20512820512820512,23,78,4109,392,train,78,78
21,45,15,29,9,16,0.17582417582417584,23,91,13104,True,393,1272,0,5452,13,30,6,17,7,13,0.14285714285714285,19,91,5452,393,train,91,91
17,43,10,24,6,15,0.1875,23,80,8653,True,394,1263,0,3541,8,25,2,10,4,11,0.1375,18,80,3541,394,train,80,80
17,49,10,26,7,18,0.18947368421052632,27,95,8097,True,395,1269,0,2858,5,26,2,12,4,13,0.1368421052631579,22,95,2858,395,train,95,95
15,33,8,20,4,10,0.15873015873015872,16,63,8799,True,396,1281,0,4515,5,23,5,9,3,5,0.07936507936507936,11,63,4515,396,train,63,63
20,36,8,26,6,15,0.21428571428571427,21,70,9437,True,397,1297,0,3500,6,25,3,11,4,10,0.14285714285714285,16,70,3500,397,train,70,70
15,39,9,20,6,13,0.17105263157894737,20,76,7601,True,398,1288,0,2552,7,22,2,10,4,10,0.13157894736842105,16,76,2552,398,train,76,76
17,50,7,27,7,19,0.2,29,95,8069,True,399,1268,0,2748,5,27,1,9,4,15,0.15789473684210525,25,95,2748,399,train,95,95
30,74,12,40,12,28,0.2413793103448276,40,116,11120,True,400,1140,0,4211,11,45,2,23,9,24,0.20689655172413793,36,116,4211,400,train,116,116
10,38,7,16,5,11,0.11956521739130435,21,92,6272,True,401,1259,0,1841,4,17,1,6,3,10,0.10869565217391304,22,92,1841,401,train,92,92
20,49,10,29,7,19,0.1919191919191919,28,99,9885,True,402,1246,0,3769,8,29,5,11,4,12,0.12121212121212122,22,99,3769,402,train,99,99
36,68,16,47,14,30,0.2702702702702703,40,111,14809,True,403,1283,0,4747,10,50,2,21,10,26,0.23423423423423423,36,111,4747,403,train,111,111
27,71,8,36,8,26,0.26804123711340205,39,97,12290,True,404,1277,0,5034,8,44,5,11,5,15,0.15463917525773196,29,97,5034,404,train,97,97
16,43,9,22,6,13,0.16455696202531644,21,79,8921,True,405,1272,0,3412,6,26,3,10,3,9,0.11392405063291139,17,79,3412,405,train,79,79
30,87,12,47,14,34,0.2518518518518518,50,135,12414,True,406,1248,0,3856,9,47,2,19,9,25,0.18518518518518517,41,135,3856,406,train,135,135
18,52,12,28,8,18,0.20224719101123595,28,89,9004,True,407,1232,0,3547,9,30,4,12,5,12,0.1348314606741573,22,89,3547,407,train,89,89
12,36,5,18,5,13,0.16455696202531644,21,79,6112,True,408,1256,0,1940,3,18,1,5,3,11,0.13924050632911392,20,79,1940,408,train,79,79
22,62,9,38,10,28,0.3333333333333333,39,84,8123,True,409,1110,0,2180,5,30,1,11,6,18,0.21428571428571427,31,84,2180,409,train,84,84
27,69,11,40,10,27,0.2523364485981308,39,107,11872,True,410,1282,0,3835,7,39,2,17,7,20,0.18691588785046728,32,107,3835,410,train,107,107
25,55,10,37,11,25,0.26595744680851063,34,94,9622,True,411,1259,0,3102,7,34,0,15,7,18,0.19148936170212766,29,94,3102,411,train,94,94
15,53,6,25,8,24,0.26373626373626374,36,91,6507,True,412,1211,0,1596,2,22,1,5,4,19,0.2087912087912088,35,91,1596,412,train,91,91
36,80,13,51,16,34,0.2833333333333333,47,120,12861,True,413,1170,0,3569,10,48,1,17,10,28,0.23333333333333334,41,120,3569,413,train,120,120
17,43,8,22,7,16,0.2077922077922078,24,77,7045,True,414,1222,0,2348,5,24,2,11,4,13,0.16883116883116883,21,77,2348,414,train,77,77
30,74,10,43,15,31,0.3069306930693069,45,101,10287,True,415,1194,0,2320,3,38,1,12,9,25,0.24752475247524752,39,101,2320,415,train,101,101
29,59,13,38,11,25,0.2840909090909091,34,88,11264,True,416,1270,0,3903,11,39,2,17,8,19,0.2159090909090909,27,88,3903,416,train,88,88
29,70,10,43,12,31,0.29245283018867924,43,106,11488,True,417,1282,0,3397,7,37,2,12,6,20,0.18867924528301888,32,106,3397,417,train,106,106
17,69,6,33,9,29,0.2815533980582524,42,103,7576,True,418,1145,0,2776,5,40,3,9,5,21,0.20388349514563106,37,103,2776,418,train,103,103
15,56,8,21,8,20,0.20833333333333334,33,96,6544,True,419,1187,0,2128,4,29,1,8,5,18,0.1875,31,96,2128,419,train,96,96
19,45,10,32,8,20,0.21978021978021978,28,91,8706,True,420,1272,0,2969,7,33,1,13,6,16,0.17582417582417584,26,91,2969,420,train,91,91
25,60,8,33,11,26,0.27956989247311825,37,93,8467,True,421,1226,0,2004,6,32,0,7,6,21,0.22580645161290322,33,93,2004,421,train,93,93
28,61,8,38,11,26,0.2524271844660194,36,103,9785,True,422,1207,0,3221,5,36,1,12,5,18,0.17475728155339806,30,103,3221,422,train,103,103
29,61,9,38,11,27,0.25961538461538464,37,104,9754,True,423,1198,0,3168,8,38,2,12,7,19,0.18269230769230768,31,104,3168,423,train,104,104
27,73,12,44,14,32,0.25196850393700787,46,127,10290,True,424,1171,0,3316,8,47,1,18,10,26,0.2047244094488189,44,127,3316,424,train,127,127
27,60,8,38,11,26,0.23214285714285715,37,112,10652,True,425,1266,0,4252,6,39,2,17,5,20,0.17857142857142858,31,112,4252,425,train,112,112
18,51,9,27,7,18,0.18947368421052632,27,95,7759,True,426,1141,0,2906,4,27,3,8,3,12,0.12631578947368421,22,95,2906,426,train,95,95
18,55,6,29,10,24,0.25263157894736843,35,95,6574,True,427,1150,0,1648,2,30,1,6,7,23,0.24210526315789474,37,95,1648,427,train,95,95
14,40,8,17,7,14,0.15217391304347827,21,92,6768,True,428,1253,0,2153,7,19,0,10,5,12,0.13043478260869565,20,92,2153,428,train,92,92
19,40,8,26,7,17,0.22077922077922077,23,77,8135,True,429,1229,0,3026,6,28,2,12,5,14,0.18181818181818182,21,77,3026,429,train,77,77
19,52,11,30,8,19,0.20430107526881722,29,93,10109,True,430,1292,0,4313,8,34,4,13,4,13,0.13978494623655913,23,93,4313,430,train,93,93
19,56,9,30,7,19,0.19387755102040816,30,98,9005,True,431,1228,0,2894,5,26,1,10,3,13,0.1326530612244898,24,98,2894,431,train,98,98
28,64,16,37,11,24,0.23300970873786409,34,103,11844,True,432,1244,0,3609,7,37,2,16,6,18,0.17475728155339806,30,103,3609,432,train,103,103
17,52,6,23,7,19,0.19791666666666666,28,96,7620,True,433,1250,0,2359,4,24,1,8,4,15,0.15625,25,96,2359,433,train,96,96
20,65,6,31,11,26,0.24761904761904763,38,105,7781,True,434,1242,0,2823,6,36,1,14,7,20,0.19047619047619047,34,105,2823,434,train,105,105
27,73,9,43,12,31,0.2767857142857143,42,112,9152,True,435,1095,0,3430,9,48,2,19,10,24,0.21428571428571427,38,112,3430,435,train,112,112
26,66,11,36,12,25,0.2403846153846154,36,104,10431,True,436,1191,0,4076,10,42,2,20,8,20,0.19230769230769232,31,104,4076,436,train,104,104
22,51,13,32,9,20,0.19801980198019803,29,101,9672,True,437,1246,0,3292,7,31,1,13,5,14,0.13861386138613863,23,101,3292,437,train,101,101
24,59,9,35,11,24,0.26373626373626374,35,91,10035,True,438,1229,0,3139,6,34,1,15,7,18,0.1978021978021978,29,91,3139,438,train,91,91
14,45,8,21,5,14,0.175,24,80,7077,True,439,1189,0,2536,4,24,3,9,3,9,0.1125,18,80,2536,439,train,80,80
23,57,7,36,10,24,0.3,34,80,9268,True,440,1204,0,2520,5,28,2,11,5,16,0.2,25,80,2520,440,train,80,80
19,57,7,33,8,22,0.2268041237113402,33,97,9604,True,441,1257,0,2995,6,27,2,8,3,13,0.13402061855670103,23,97,2995,441,train,97,97
23,67,6,40,11,30,0.25862068965517243,41,116,8985,True,442,1229,0,2704,4,36,1,10,6,22,0.1896551724137931,37,116,2704,442,train,116,116
23,53,12,34,9,21,0.20388349514563106,30,103,10393,True,443,1266,0,3896,9,35,2,15,5,16,0.1553398058252427,25,103,3896,443,train,103,103
23,66,10,34,9,23,0.22115384615384615,36,104,10995,True,444,1279,0,4448,10,40,3,16,5,16,0.15384615384615385,28,104,4448,444,train,104,104
33,77,10,43,13,32,0.27350427350427353,46,117,11594,True,445,1220,0,3813,6,45,2,16,7,26,0.2222222222222222,39,117,3813,445,train,117,117
26,79,11,51,15,36,0.3157894736842105,50,114,10955,True,446,1240,0,2641,3,41,0,15,11,31,0.2719298245614035,49,114,2641,446,train,114,114
14,40,6,23,7,19,0.22093023255813954,27,86,6300,True,447,1271,0,2018,4,29,0,10,6,16,0.18604651162790697,27,86,2018,447,train,86,86
18,44,7,29,8,18,0.2608695652173913,27,69,7819,True,448,1271,0,2231,6,28,2,8,5,14,0.2028985507246377,23,69,2231,448,train,69,69
19,57,11,34,9,23,0.23,35,100,9400,True,449,1227,0,3581,10,42,3,13,7,18,0.18,30,100,3581,449,train,100,100
16,63,9,31,8,24,0.25263157894736843,36,95,8989,True,450,1277,0,2965,5,31,2,9,4,15,0.15789473684210525,28,95,2965,450,train,95,95
12,41,6,21,5,14,0.15555555555555556,23,90,6939,True,451,1271,0,2670,5,20,3,6,3,8,0.08888888888888889,17,90,2670,451,train,90,90
22,71,5,34,12,29,0.2636363636363636,43,110,8990,True,452,1271,0,2962,4,38,2,12,6,22,0.2,36,110,2962,452,train,110,110
20,54,12,28,8,19,0.19387755102040816,30,98,9275,True,453,1172,0,3426,8,30,3,13,4,13,0.1326530612244898,21,98,3426,453,train,98,98
29,91,9,47,14,38,0.25333333333333335,56,150,11354,True,454,1198,0,3802,8,57,2,13,9,33,0.22,54,150,3802,454,train,150,150
23,62,10,33,9,23,0.23232323232323232,34,99,10010,True,455,1267,0,3002,8,31,2,10,5,15,0.15151515151515152,26,99,3002,455,train,99,99
22,53,5,33,10,24,0.27906976744186046,33,86,7481,True,456,1268,0,1938,4,32,1,6,6,21,0.2441860465116279,33,86,1938,456,train,86,86
27,68,8,35,11,28,0.26666666666666666,41,105,9371,True,457,1212,0,2647,6,34,1,8,5,21,0.2,34,105,2647,457,train,105,105
20,48,8,25,7,17,0.2236842105263158,25,76,9321,True,458,1274,0,2837,4,23,3,11,3,11,0.14473684210526316,18,76,2837,458,train,76,76
34,69,9,46,15,32,0.2711864406779661,44,118,11060,True,459,1231,0,3203,6,46,1,14,9,26,0.22033898305084745,39,118,3203,459,train,118,118
26,63,9,38,9,26,0.25742574257425743,37,101,9488,True,460,1181,0,3209,5,42,3,11,4,19,0.18811881188118812,32,101,3209,460,train,101,101
33,81,11,54,15,37,0.3274336283185841,51,113,11335,True,461,1061,0,2524,4,40,3,9,7,25,0.22123893805309736,40,113,2524,461,train,113,113
25,59,9,36,12,27,0.2872340425531915,37,94,9064,True,462,1248,0,2493,4,33,1,10,7,20,0.2127659574468085,31,94,2493,462,train,94,94
17,51,5,26,10,22,0.25287356321839083,33,87,5921,True,463,1225,0,1694,2,28,0,10,8,20,0.22988505747126436,31,87,1694,463,train,87,87
21,52,7,35,10,25,0.29069767441860467,33,86,7914,True,464,1233,0,1893,3,30,1,8,7,22,0.2558139534883721,32,86,1893,464,train,86,86
26,67,11,39,11,27,0.24545454545454545,39,110,9584,True,465,1131,0,3441,9,39,1,16,8,22,0.2,34,110,3441,465,train,110,110
18,46,10,27,7,16,0.18823529411764706,24,85,10301,True,466,1292,0,4719,9,32,3,13,4,12,0.1411764705882353,19,85,4719,466,train,85,85
26,66,13,39,10,24,0.21621621621621623,35,111,12527,True,467,1275,0,4189,10,37,3,15,6,16,0.14414414414414414,28,111,4189,467,train,111,111
18,63,9,29,8,25,0.19230769230769232,41,130,8873,True,468,1237,0,3388,8,35,2,11,6,19,0.14615384615384616,39,130,3388,468,train,130,130
22,62,7,39,12,28,0.29473684210526313,38,95,8603,True,469,1198,0,2136,3,37,1,7,7,24,0.25263157894736843,35,95,2136,469,train,95,95
22,56,5,35,11,25,0.27472527472527475,35,91,8121,True,470,1262,0,2085,2,29,1,9,6,19,0.2087912087912088,32,91,2085,470,train,91,91
20,61,6,39,9,29,0.2871287128712871,40,101,8449,True,471,1249,0,2411,5,31,2,7,4,20,0.19801980198019803,35,101,2411,471,train,101,101
26,80,12,44,13,31,0.22962962962962963,46,135,11712,True,472,1249,0,3787,6,40,2,18,7,21,0.15555555555555556,35,135,3787,472,train,135,135
17,56,5,29,9,22,0.24719101123595505,33,89,6900,True,473,1200,0,2143,3,31,0,12,7,19,0.21348314606741572,31,89,2143,473,train,89,89
26,67,10,36,10,26,0.23008849557522124,38,113,10036,True,474,1253,0,3930,7,38,3,15,6,19,0.168141592920354,32,113,3930,474,train,113,113
27,66,14,41,12,27,0.2231404958677686,39,121,11515,True,475,1281,0,3944,11,41,0,15,9,21,0.17355371900826447,34,121,3944,475,train,121,121
21,49,10,27,7,17,0.20481927710843373,25,83,9936,True,476,1295,0,3260,6,24,3,9,4,11,0.13253012048192772,19,83,3260,476,train,83,83
25,68,11,44,12,33,0.3055555555555556,45,108,9825,True,477,1212,0,3342,9,50,1,13,9,28,0.25925925925925924,41,108,3342,477,train,108,108
24,61,9,30,9,23,0.21495327102803738,34,107,8946,True,478,1228,0,2350,5,26,1,9,6,18,0.16822429906542055,32,107,2350,478,train,107,107
19,64,9,34,9,25,0.23148148148148148,37,108,8138,True,479,1061,0,3364,9,39,4,16,6,17,0.1574074074074074,30,108,3364,479,train,108,108
25,85,11,42,13,33,0.2682926829268293,49,123,10980,True,480,1265,0,3315,5,40,1,15,9,24,0.1951219512195122,42,123,3315,480,train,123,123
25,55,10,34,9,23,0.2948717948717949,31,78,8107,True,481,1078,0,2689,5,36,1,12,5,17,0.21794871794871795,26,78,2689,481,train,78,78
24,75,11,36,11,28,0.24347826086956523,42,115,6999,True,482,825,0,2460,10,45,1,14,8,23,0.2,39,115,2460,482,train,115,115
18,54,8,26,6,18,0.18,28,100,8954,True,483,1228,0,3652,8,29,3,11,4,11,0.11,23,100,3652,483,train,100,100
31,74,15,45,12,29,0.24786324786324787,41,117,13632,True,484,1196,0,4750,14,47,2,20,9,20,0.17094017094017094,34,117,4750,484,train,117,117
31,64,12,39,11,28,0.28865979381443296,38,97,10688,True,485,1149,0,3062,5,38,3,11,5,18,0.18556701030927836,31,97,3062,485,train,97,97
23,55,14,31,8,19,0.23170731707317074,28,82,11776,True,486,1211,0,4037,10,32,3,15,6,13,0.15853658536585366,21,82,4037,486,train,82,82
16,70,6,37,11,32,0.2962962962962963,46,108,8079,True,487,1210,0,2381,5,28,2,8,5,21,0.19444444444444445,41,108,2381,487,train,108,108
19,55,8,31,9,23,0.24210526315789474,34,95,7709,True,488,1178,0,2064,7,25,0,8,6,16,0.16842105263157894,28,95,2064,488,train,95,95
21,69,9,29,10,25,0.211864406779661,41,118,9192,True,489,1240,0,3188,6,35,2,16,7,19,0.16101694915254236,33,118,3188,489,train,118,118
29,62,8,39,12,28,0.2916666666666667,37,96,9808,True,490,1244,0,2946,1,37,1,9,5,21,0.21875,32,96,2946,490,train,96,96
15,39,10,26,6,14,0.22580645161290322,22,62,7701,True,491,1176,0,2255,7,22,2,8,4,10,0.16129032258064516,16,62,2255,491,train,62,62
21,54,7,30,9,23,0.23469387755102042,33,98,7987,True,492,1255,0,2652,5,33,1,11,6,19,0.19387755102040816,31,98,2652,492,train,98,98
20,47,13,29,7,16,0.1839080459770115,25,87,10295,True,493,1223,0,4023,10,31,3,13,5,12,0.13793103448275862,20,87,4023,493,train,87,87
19,76,7,41,12,35,0.30701754385964913,50,114,7370,True,494,1030,0,1891,2,34,2,6,5,26,0.22807017543859648,44,114,1891,494,train,114,114
31,70,16,44,13,29,0.27102803738317754,41,107,12782,True,495,1242,0,4504,11,49,2,23,10,24,0.22429906542056074,36,107,4504,495,train,107,107
20,43,11,25,7,16,0.22535211267605634,22,71,8925,True,496,1286,0,2947,5,24,3,13,4,12,0.16901408450704225,18,71,2947,496,train,71,71
23,59,9,34,9,23,0.23711340206185566,33,97,8643,True,497,1100,0,3177,7,38,2,12,5,18,0.18556701030927836,30,97,3177,497,train,97,97
17,51,11,32,8,19,0.2087912087912088,29,91,9768,True,498,1229,0,3193,8,31,2,13,6,16,0.17582417582417584,25,91,3193,498,train,91,91
21,58,8,30,10,24,0.25,36,96,6613,True,499,1005,0,2306,7,36,1,12,8,21,0.21875,34,96,2306,499,train,96,96
18,53,10,24,6,16,0.19047619047619047,25,84,10292,True,500,1286,0,4505,8,26,4,12,4,9,0.10714285714285714,16,84,4505,500,train,84,84
28,72,7,41,12,31,0.28703703703703703,44,108,6797,True,501,880,0,2401,5,43,2,12,8,27,0.25,42,108,2401,501,train,108,108
17,57,6,26,8,23,0.22549019607843138,35,102,7564,True,502,1263,0,2045,4,29,1,8,5,20,0.19607843137254902,36,102,2045,502,train,102,102
29,65,10,39,12,28,0.2828282828282828,38,99,9302,True,503,1102,0,2734,6,33,2,13,6,19,0.1919191919191919,32,99,2734,503,train,99,99
22,50,8,30,10,22,0.25,29,88,7512,True,504,1167,0,2620,5,33,1,16,7,18,0.20454545454545456,26,88,2620,504,train,88,88
26,67,10,42,12,28,0.2413793103448276,41,116,10168,True,505,1196,0,3115,8,43,1,15,8,23,0.19827586206896552,38,116,3115,505,train,116,116
19,56,9,28,8,20,0.20618556701030927,31,97,8634,True,506,1261,0,2160,7,24,0,7,6,16,0.16494845360824742,29,97,2160,506,train,97,97
32,78,10,48,15,35,0.2966101694915254,50,118,10844,True,507,1152,0,2748,5,42,1,13,9,28,0.23728813559322035,45,118,2748,507,train,118,118
38,94,12,57,17,41,0.2827586206896552,57,145,12210,True,508,1088,0,3766,7,52,2,20,10,30,0.20689655172413793,47,145,3766,508,train,145,145
25,76,7,43,13,32,0.3018867924528302,46,106,10282,True,509,1207,0,3224,5,38,1,13,7,23,0.2169811320754717,37,106,3224,509,train,106,106
23,55,10,37,9,21,0.23076923076923078,30,91,11265,True,510,1280,0,4151,6,34,4,16,5,16,0.17582417582417584,24,91,4151,510,train,91,91
24,68,12,33,10,23,0.19827586206896552,35,116,11253,True,511,1227,0,4352,9,33,6,17,6,17,0.14655172413793102,26,116,4352,511,train,116,116
20,60,10,32,9,23,0.22115384615384615,34,104,9245,True,512,1267,0,3121,8,34,1,14,8,20,0.19230769230769232,32,104,3121,512,train,104,104
17,58,11,27,8,21,0.2079207920792079,33,101,8200,True,513,1166,0,3126,6,34,3,12,5,16,0.15841584158415842,28,101,3126,513,train,101,101
15,42,5,26,7,18,0.20224719101123595,26,89,7008,True,514,1249,0,1745,2,23,2,6,4,14,0.15730337078651685,27,89,1745,514,train,89,89
20,56,6,34,10,26,0.2826086956521739,36,92,7240,True,515,1209,0,1973,4,35,0,9,9,24,0.2608695652173913,35,92,1973,515,train,92,92
18,59,9,35,10,26,0.22413793103448276,37,116,7608,True,516,1131,0,2309,4,34,1,8,6,22,0.1896551724137931,38,116,2309,516,train,116,116
25,59,11,34,10,23,0.20909090909090908,35,110,9367,True,517,1233,0,3222,8,35,0,13,7,18,0.16363636363636364,29,110,3222,517,train,110,110
22,59,9,36,10,26,0.25742574257425743,36,101,8643,True,518,1226,0,2225,6,32,0,11,7,20,0.19801980198019803,33,101,2225,518,train,101,101
17,52,7,31,8,22,0.2391304347826087,32,92,7139,True,519,1221,0,2162,4,23,1,9,4,13,0.14130434782608695,26,92,2162,519,train,92,92
18,63,9,35,8,23,0.19658119658119658,35,117,10194,True,520,1245,0,3761,6,31,2,10,3,15,0.1282051282051282,29,117,3761,520,train,117,117
18,52,8,32,8,20,0.22727272727272727,29,88,8102,True,521,1153,0,2721,7,33,3,8,5,14,0.1590909090909091,26,88,2721,521,train,88,88
21,47,7,31,9,20,0.2,29,100,8325,True,522,1276,0,2405,2,26,2,6,4,16,0.16,27,100,2405,522,train,100,100
23,67,7,42,13,30,0.3125,41,96,9537,True,523,1233,0,2393,2,35,1,11,9,24,0.25,36,96,2393,523,train,96,96
28,71,13,43,11,29,0.25,41,116,10497,True,524,1096,0,3207,10,34,2,14,6,16,0.13793103448275862,29,116,3207,524,train,116,116
24,54,9,29,9,22,0.23655913978494625,31,93,9330,True,525,1277,0,3503,6,31,1,13,5,17,0.1827956989247312,26,93,3503,525,train,93,93
31,82,8,51,15,39,0.29770992366412213,53,131,10016,True,526,1075,0,2995,7,52,2,13,9,29,0.22137404580152673,49,131,2995,526,train,131,131
34,88,12,52,14,37,0.27205882352941174,53,136,10854,True,527,968,0,3764,7,62,3,18,9,31,0.22794117647058823,51,136,3764,527,train,136,136
19,55,6,30,7,22,0.22916666666666666,33,96,9215,True,528,1252,0,2929,5,31,3,8,4,15,0.15625,28,96,2929,528,train,96,96
27,85,8,41,15,36,0.2926829268292683,52,123,9663,True,529,1234,0,3215,6,41,1,12,8,25,0.2032520325203252,43,123,3215,529,train,123,123
24,57,12,33,10,22,0.22448979591836735,31,98,9590,True,530,1208,0,2838,8,31,1,14,7,16,0.16326530612244897,28,98,2838,530,train,98,98
22,54,12,31,9,21,0.22340425531914893,32,94,6356,True,531,816,0,2528,11,30,2,18,7,16,0.1702127659574468,23,94,2528,531,train,94,94
19,56,6,31,8,21,0.20388349514563106,32,103,8666,True,532,1236,0,3270,5,30,3,14,4,15,0.14563106796116504,27,103,3270,532,train,103,103
21,50,12,28,8,18,0.16981132075471697,27,106,10709,True,533,1287,0,4329,10,30,2,15,5,14,0.1320754716981132,22,106,4329,533,train,106,106
18,56,6,23,7,20,0.20202020202020202,33,99,7131,True,534,1241,0,2663,4,25,2,7,4,15,0.15151515151515152,29,99,2663,534,train,99,99
24,72,11,32,10,26,0.22413793103448276,41,116,10704,True,535,1238,0,4244,8,42,2,17,6,20,0.1724137931034483,34,116,4244,535,train,116,116
31,82,7,52,16,39,0.325,54,120,8971,True,536,1008,0,3371,8,57,3,17,10,32,0.26666666666666666,48,120,3371,536,train,120,120
38,67,16,51,14,32,0.3076923076923077,44,104,14494,True,537,1286,0,5084,12,57,2,22,10,27,0.25961538461538464,39,104,5084,537,train,104,104
26,73,9,35,13,29,0.2457627118644068,44,118,9579,True,538,1203,0,3240,7,40,1,19,9,23,0.19491525423728814,37,118,3240,538,train,118,118
20,72,8,27,9,26,0.21487603305785125,42,121,8540,True,539,1261,0,2684,5,36,0,12,6,22,0.18181818181818182,38,121,2684,539,train,121,121
17,43,11,23,6,14,0.17073170731707318,21,82,9817,True,540,1266,0,3344,6,26,4,11,4,12,0.14634146341463414,20,82,3344,540,train,82,82
19,47,9,29,9,20,0.23809523809523808,28,84,8066,True,541,1206,0,1774,4,26,1,6,4,16,0.19047619047619047,26,84,1774,541,train,84,84
20,63,6,38,11,32,0.2782608695652174,46,115,8086,True,542,1208,0,2564,4,41,1,9,7,27,0.23478260869565218,42,115,2564,542,train,115,115
18,68,8,32,9,26,0.23853211009174313,40,109,8512,True,543,1244,0,2587,4,33,2,8,5,20,0.1834862385321101,37,109,2587,543,train,109,109
18,53,7,24,8,20,0.21052631578947367,32,95,7410,True,544,1253,0,2616,3,26,2,8,3,15,0.15789473684210525,25,95,2616,544,train,95,95
21,59,12,35,11,25,0.25,37,100,9382,True,545,1266,0,2798,8,33,0,14,9,20,0.2,32,100,2798,545,train,100,100
23,69,10,37,10,28,0.23728813559322035,43,118,10160,True,546,1231,0,3431,6,41,2,12,6,21,0.17796610169491525,35,118,3431,546,train,118,118
20,47,10,27,6,16,0.17391304347826086,24,92,10592,True,547,1258,0,4399,7,30,3,13,3,10,0.10869565217391304,18,92,4399,547,train,92,92
29,71,14,38,10,25,0.23148148148148148,36,108,12675,True,548,1205,0,4561,10,40,3,15,5,18,0.16666666666666666,28,108,4561,548,train,108,108
26,57,8,38,13,27,0.27,37,100,9317,True,549,1228,0,3083,5,39,1,16,9,22,0.22,32,100,3083,549,train,100,100
21,55,11,31,9,20,0.2222222222222222,30,90,7921,True,550,1051,0,2862,9,29,1,14,5,13,0.14444444444444443,22,90,2862,550,train,90,90
26,74,13,40,12,31,0.2605042016806723,45,119,9898,True,551,1082,0,3091,10,51,1,14,9,26,0.2184873949579832,44,119,3091,551,train,119,119
21,57,9,33,9,23,0.21495327102803738,33,107,9462,True,552,1282,0,3291,6,36,3,11,4,17,0.1588785046728972,30,107,3291,552,train,107,107
21,68,7,37,10,29,0.25663716814159293,43,113,8689,True,553,1194,0,3100,7,38,2,11,6,22,0.19469026548672566,36,113,3100,553,train,113,113
18,49,7,28,7,19,0.24358974358974358,27,78,8910,True,554,1277,0,3473,7,26,3,10,3,10,0.1282051282051282,19,78,3473,554,train,78,78
17,42,8,27,6,15,0.1744186046511628,23,86,8236,True,555,1274,0,3311,5,26,3,11,3,11,0.12790697674418605,19,86,3311,555,train,86,86
16,50,10,22,7,15,0.16483516483516483,26,91,7979,True,556,1219,0,2188,4,22,2,8,3,12,0.13186813186813187,22,91,2188,556,train,91,91
20,45,11,25,7,16,0.2077922077922078,23,77,9122,True,557,1246,0,3028,8,28,2,13,5,13,0.16883116883116883,20,77,3028,557,train,77,77
16,55,7,22,7,19,0.20430107526881722,32,93,7145,True,558,1209,0,1967,4,22,1,6,3,13,0.13978494623655913,25,93,1967,558,train,93,93
24,59,12,31,10,23,0.26136363636363635,32,88,9400,True,559,1251,0,2553,4,32,1,13,7,19,0.2159090909090909,31,88,2553,559,train,88,88
18,48,11,28,8,17,0.22666666666666666,26,75,10006,True,560,1293,0,3125,8,25,2,13,5,12,0.16,19,75,3125,560,train,75,75
18,54,8,29,7,21,0.25925925925925924,30,81,8736,True,561,1275,0,2856,5,29,2,7,3,12,0.14814814814814814,24,81,2856,561,train,81,81
23,58,11,31,10,22,0.2222222222222222,31,99,9554,True,562,1278,0,2863,8,33,1,16,8,20,0.20202020202020202,30,99,2863,562,train,99,99
30,72,14,44,14,30,0.2608695652173913,43,115,12018,True,563,1263,0,4143,11,47,1,20,10,26,0.22608695652173913,38,115,4143,563,train,115,115
16,45,10,23,6,13,0.18571428571428572,20,70,10024,True,564,1263,0,3852,9,23,3,10,4,8,0.11428571428571428,14,70,3852,564,train,70,70
29,58,11,40,10,26,0.26,36,100,12153,True,565,1258,0,3832,8,41,2,15,6,19,0.19,31,100,3832,565,train,100,100
17,44,10,26,7,16,0.1951219512195122,23,82,9006,True,566,1268,0,3259,7,31,3,10,4,11,0.13414634146341464,21,82,3259,566,train,82,82
22,63,10,36,11,27,0.24107142857142858,39,112,8154,True,567,1125,0,2806,6,38,1,14,7,23,0.20535714285714285,37,112,2806,567,train,112,112
19,45,7,25,8,17,0.2125,25,80,7977,True,568,1261,0,2599,5,28,3,8,4,14,0.175,23,80,2599,568,train,80,80
17,40,8,22,6,13,0.16666666666666666,20,78,8174,True,569,1272,0,2874,6,23,3,9,3,9,0.11538461538461539,16,78,2874,569,train,78,78
13,32,7,21,5,13,0.19117647058823528,19,68,6075,True,570,1253,0,1652,2,18,1,4,2,9,0.1323529411764706,17,68,1652,570,train,68,68
16,58,5,30,8,23,0.23469387755102042,36,98,8761,True,571,1288,0,2739,3,28,3,6,3,13,0.1326530612244898,25,98,2739,571,train,98,98
24,62,9,33,11,24,0.22857142857142856,36,105,8438,True,572,1176,0,2973,10,34,1,17,9,20,0.19047619047619047,31,105,2973,572,train,105,105
16,42,7,23,5,15,0.1724137931034483,23,87,7920,True,573,1291,0,3009,3,25,3,6,2,9,0.10344827586206896,19,87,3009,573,train,87,87
12,40,7,22,5,14,0.1917808219178082,23,73,7491,True,574,1279,0,2621,5,22,2,9,3,10,0.136986301369863,17,73,2621,574,train,73,73
20,53,11,32,8,20,0.2,29,100,9849,True,575,1282,0,3452,6,32,2,13,5,15,0.15,25,100,3452,575,train,100,100
21,40,14,26,7,15,0.19230769230769232,21,78,11230,True,576,1300,0,3951,8,28,4,13,4,11,0.14102564102564102,16,78,3951,576,train,78,78
20,64,7,31,8,24,0.21818181818181817,37,110,8787,True,577,1242,0,2753,6,28,1,8,5,17,0.15454545454545454,33,110,2753,577,train,110,110
24,60,10,41,9,25,0.25510204081632654,36,98,9928,True,578,1132,0,3261,6,36,3,11,4,16,0.16326530612244897,27,98,3261,578,train,98,98
24,56,12,33,9,21,0.21649484536082475,32,97,10188,True,579,1246,0,3074,8,32,3,12,6,14,0.14432989690721648,26,97,3074,579,train,97,97
29,66,9,42,13,30,0.2608695652173913,42,115,10952,True,580,1251,0,3474,6,45,0,18,10,26,0.22608695652173913,38,115,3474,580,train,115,115
19,64,7,29,8,24,0.22641509433962265,39,106,7807,True,581,1123,0,3335,8,31,3,11,5,17,0.16037735849056603,28,106,3335,581,train,106,106
38,85,7,52,19,42,0.302158273381295,55,139,9882,True,582,1130,0,3285,5,55,1,17,15,37,0.26618705035971224,53,139,3285,582,train,139,139
14,56,7,28,7,22,0.2558139534883721,33,86,8302,True,583,1254,0,2164,5,28,1,6,4,16,0.18604651162790697,30,86,2164,583,train,86,86
21,61,5,27,10,24,0.21621621621621623,38,111,7472,True,584,1269,0,2251,4,31,1,9,7,21,0.1891891891891892,35,111,2251,584,train,111,111
22,55,9,28,9,22,0.2558139534883721,32,86,5255,True,585,851,0,1783,7,31,0,14,7,19,0.22093023255813954,29,86,1783,585,train,86,86
16,37,12,20,6,13,0.15476190476190477,18,84,8172,True,586,1264,0,3229,9,18,3,11,4,9,0.10714285714285714,13,84,3229,586,train,84,84
13,48,4,20,7,18,0.20930232558139536,28,86,5639,True,587,1192,0,1758,4,24,0,8,6,16,0.18604651162790697,28,86,1758,587,train,86,86
29,67,9,39,12,30,0.27522935779816515,42,109,10027,True,588,1253,0,2927,6,40,0,15,9,25,0.22935779816513763,38,109,2927,588,train,109,109
21,59,10,40,11,28,0.28865979381443296,38,97,8926,True,589,1232,0,2693,7,38,0,13,8,23,0.23711340206185566,37,97,2693,589,train,97,97
31,82,9,44,13,35,0.28225806451612906,48,124,8966,True,590,986,0,3117,9,49,1,10,7,28,0.22580645161290322,44,124,3117,590,train,124,124
16,58,10,27,9,22,0.2268041237113402,36,97,7646,True,591,1224,0,2436,7,30,1,9,5,17,0.17525773195876287,30,97,2436,591,train,97,97
21,60,9,32,9,24,0.23076923076923078,37,104,9354,True,592,1250,0,3267,6,35,2,11,5,18,0.17307692307692307,32,104,3267,592,train,104,104
24,58,9,37,11,27,0.24107142857142858,36,112,9020,True,593,1250,0,2829,5,37,1,13,8,21,0.1875,36,112,2829,593,train,112,112
18,57,10,27,8,19,0.20430107526881722,30,93,9558,True,594,1296,0,3547,7,29,2,13,5,13,0.13978494623655913,22,93,3547,594,train,93,93
20,65,9,36,9,26,0.2222222222222222,39,117,8935,True,595,1128,0,3321,4,38,3,12,4,19,0.1623931623931624,34,117,3321,595,train,117,117
17,63,5,37,10,28,0.27450980392156865,40,102,5437,True,596,811,0,2075,5,37,2,8,5,22,0.21568627450980393,36,102,2075,596,train,102,102
20,55,10,31,8,21,0.23076923076923078,30,91,8788,True,597,1277,0,3043,5,28,2,8,4,13,0.14285714285714285,23,91,3043,597,train,91,91
30,80,13,49,13,32,0.27586206896551724,45,116,12074,True,598,1160,0,3763,9,52,1,19,10,26,0.22413793103448276,43,116,3763,598,train,116,116
26,71,8,41,11,28,0.27450980392156865,41,102,10316,True,599,1245,0,3444,7,37,2,12,5,18,0.17647058823529413,31,102,3444,599,train,102,102
13,46,3,25,9,22,0.29333333333333333,31,75,4420,True,600,1120,0,1226,2,25,0,7,7,21,0.28,31,75,1226,600,train,75,75
22,57,9,37,8,23,0.23711340206185566,33,97,9357,True,601,1162,0,3194,9,32,3,12,6,14,0.14432989690721648,26,97,3194,601,train,97,97
26,63,12,41,12,28,0.25225225225225223,40,111,9812,True,602,1146,0,3494,10,43,1,18,9,23,0.2072072072072072,35,111,3494,602,train,111,111
25,61,11,36,10,23,0.23469387755102042,33,98,10748,True,603,1276,0,3815,6,35,2,15,5,17,0.17346938775510204,27,98,3815,603,train,98,98
22,48,8,29,7,19,0.2345679012345679,27,81,9286,True,604,1292,0,3084,5,30,2,10,4,15,0.18518518518518517,24,81,3084,604,train,81,81
20,53,10,29,8,19,0.1919191919191919,29,99,9521,True,605,1248,0,3224,7,34,1,9,5,17,0.1717171717171717,28,99,3224,605,train,99,99
23,49,10,31,9,21,0.23595505617977527,30,89,8915,True,606,1262,0,1967,6,30,0,9,6,18,0.20224719101123595,28,89,1967,606,train,89,89
21,46,12,29,7,16,0.17582417582417584,23,91,11261,True,607,1296,0,4849,11,29,5,16,5,11,0.12087912087912088,17,91,4849,607,train,91,91
14,63,6,29,7,26,0.2222222222222222,41,117,7630,True,608,1221,0,2633,5,36,2,6,4,23,0.19658119658119658,38,117,2633,608,train,117,117
28,58,13,39,11,25,0.24271844660194175,35,103,11068,True,609,1270,0,3634,7,38,1,18,8,20,0.1941747572815534,29,103,3634,609,train,103,103
20,65,11,35,9,25,0.22522522522522523,38,111,9071,True,610,1220,0,2785,6,33,2,12,6,18,0.16216216216216217,32,111,2785,610,train,111,111
24,73,9,33,10,27,0.24324324324324326,43,111,10220,True,611,1275,0,3147,7,34,2,10,6,20,0.18018018018018017,34,111,3147,611,train,111,111
17,55,10,23,7,16,0.18604651162790697,28,86,9919,True,612,1286,0,3479,10,25,2,11,6,10,0.11627906976744186,19,86,3479,612,train,86,86
13,48,7,23,6,17,0.2073170731707317,28,82,6568,True,613,1230,0,1827,4,19,0,7,4,12,0.14634146341463414,25,82,1827,613,train,82,82
20,59,9,32,8,24,0.21238938053097345,36,113,9826,True,614,1276,0,3492,5,36,3,8,3,16,0.1415929203539823,31,113,3492,614,train,113,113
15,49,6,26,6,18,0.23376623376623376,27,77,6817,True,615,1237,0,2094,4,28,1,8,3,14,0.18181818181818182,26,77,2094,615,train,77,77
25,53,9,31,9,21,0.27631578947368424,28,76,9610,True,616,1262,0,2196,4,28,2,9,5,16,0.21052631578947367,24,76,2196,616,train,76,76
21,66,7,33,10,26,0.25742574257425743,39,101,8629,True,617,1213,0,2992,6,39,2,12,6,21,0.2079207920792079,36,101,2992,617,train,101,101
22,58,5,31,12,28,0.29473684210526313,40,95,6107,True,618,1156,0,1814,3,35,0,8,11,27,0.28421052631578947,40,95,1814,618,train,95,95
26,74,7,41,14,33,0.2796610169491525,48,118,8632,True,619,1110,0,2641,5,43,1,15,10,29,0.2457627118644068,47,118,2641,619,train,118,118
22,76,11,41,12,30,0.2608695652173913,44,115,7908,True,620,972,0,2121,5,39,1,11,7,24,0.20869565217391303,41,115,2121,620,train,115,115
24,50,8,30,9,22,0.22916666666666666,30,96,8648,True,621,1266,0,2620,5,27,2,13,6,17,0.17708333333333334,25,96,2620,621,train,96,96
10,40,7,18,5,13,0.1511627906976744,22,86,6922,True,622,1248,0,2664,6,20,2,6,3,7,0.08139534883720931,16,86,2664,622,train,86,86
19,53,6,26,8,20,0.24390243902439024,30,82,5468,True,623,888,0,2027,6,31,2,10,4,16,0.1951219512195122,25,82,2027,623,train,82,82
18,64,10,33,9,24,0.21238938053097345,38,113,9063,True,624,1211,0,3060,8,29,3,15,6,17,0.1504424778761062,29,113,3060,624,train,113,113
18,45,11,23,7,15,0.19230769230769232,22,78,9845,True,625,1275,0,3441,9,25,4,11,5,10,0.1282051282051282,17,78,3441,625,train,78,78
16,54,7,28,8,22,0.24175824175824176,31,91,7505,True,626,1243,0,2327,4,23,2,9,4,15,0.16483516483516483,27,91,2327,626,train,91,91
27,64,7,42,11,28,0.27450980392156865,39,102,10164,True,627,1253,0,3177,5,38,2,12,6,21,0.20588235294117646,33,102,3177,627,train,102,102
18,61,10,31,7,20,0.21052631578947367,33,95,10347,True,628,1265,0,4178,9,37,2,11,5,14,0.14736842105263157,27,95,4178,628,train,95,95
25,79,10,41,12,29,0.25892857142857145,43,112,11176,True,629,1260,0,3387,6,40,1,14,6,20,0.17857142857142858,36,112,3387,629,train,112,112
28,63,13,41,11,26,0.2524271844660194,37,103,9636,True,630,1098,0,3202,7,42,2,15,7,20,0.1941747572815534,31,103,3202,630,train,103,103
24,66,11,36,10,25,0.2604166666666667,38,96,8028,True,631,1075,0,2236,3,31,2,10,5,19,0.19791666666666666,34,96,2236,631,train,96,96
26,71,8,37,13,30,0.26548672566371684,43,113,9272,True,632,1166,0,2699,4,37,1,13,8,23,0.20353982300884957,37,113,2699,632,train,113,113
31,68,12,45,14,31,0.31313131313131315,43,99,10688,True,633,1252,0,2516,5,43,0,11,9,26,0.26262626262626265,40,99,2516,633,train,99,99
17,54,7,28,7,20,0.19230769230769232,32,104,8095,True,634,1263,0,2929,6,25,2,8,4,13,0.125,25,104,2929,634,train,104,104
20,59,9,27,8,21,0.2441860465116279,34,86,7779,True,635,1120,0,2839,5,30,3,12,5,15,0.1744186046511628,26,86,2839,635,train,86,86
21,61,7,36,11,27,0.25,38,108,7811,True,636,1168,0,2508,5,38,1,10,8,24,0.2222222222222222,35,108,2508,636,train,108,108
23,54,10,32,10,22,0.25,30,88,9579,True,637,1262,0,2748,4,33,2,8,5,19,0.2159090909090909,28,88,2748,637,train,88,88
33,74,11,47,15,33,0.34375,45,96,7027,True,638,746,0,1826,7,43,1,12,8,24,0.25,38,96,1826,638,train,96,96
25,77,14,37,11,27,0.21951219512195122,44,123,10257,True,639,1065,0,3793,8,46,1,17,6,20,0.16260162601626016,36,123,3793,639,train,123,123
17,41,11,26,6,13,0.1511627906976744,21,86,10399,True,640,1298,0,4106,7,28,4,11,3,8,0.09302325581395349,15,86,4106,640,train,86,86
20,43,7,27,7,19,0.24050632911392406,26,79,7073,True,641,1233,0,1639,3,20,2,3,3,13,0.16455696202531644,22,79,1639,641,train,79,79
12,47,8,20,5,15,0.17045454545454544,25,88,7957,True,642,1291,0,2997,7,22,2,9,4,9,0.10227272727272728,18,88,2997,642,train,88,88
18,48,8,27,8,20,0.22988505747126436,28,87,6809,True,643,1208,0,2270,5,27,2,8,6,18,0.20689655172413793,27,87,2270,643,train,87,87
27,56,6,36,11,26,0.2826086956521739,36,92,9113,True,644,1264,0,2750,4,35,1,13,6,19,0.20652173913043478,31,92,2750,644,train,92,92
23,68,13,40,10,26,0.23008849557522124,40,113,12377,True,645,1294,0,4519,10,42,2,17,6,19,0.168141592920354,31,113,4519,645,train,113,113
14,37,10,19,6,13,0.18840579710144928,19,69,6981,True,646,1280,0,2473,6,17,1,9,3,9,0.13043478260869565,14,69,2473,646,train,69,69
28,71,11,47,13,30,0.27522935779816515,44,109,11801,True,647,1240,0,3692,9,45,3,15,7,24,0.22018348623853212,38,109,3692,647,train,109,109
21,66,10,31,10,25,0.21929824561403508,40,114,9501,True,648,1243,0,3526,9,40,2,15,7,18,0.15789473684210525,34,114,3526,648,train,114,114
24,56,13,30,9,20,0.21505376344086022,27,93,11613,True,649,1270,0,3749,10,31,3,14,6,15,0.16129032258064516,24,93,3749,649,train,93,93
21,53,4,32,11,25,0.31645569620253167,34,79,6949,True,650,1177,0,1797,2,30,1,8,8,22,0.27848101265822783,32,79,1797,650,train,79,79
27,64,11,36,11,25,0.22321428571428573,36,112,10518,True,651,1239,0,3454,7,35,1,15,7,20,0.17857142857142858,31,112,3454,651,train,112,112
27,68,8,41,13,30,0.2857142857142857,42,105,9218,True,652,1226,0,2845,3,40,1,12,9,25,0.23809523809523808,38,105,2845,652,train,105,105
18,38,7,22,5,15,0.19736842105263158,20,76,6375,True,653,1066,0,2529,5,27,4,9,3,10,0.13157894736842105,18,76,2529,653,train,76,76
26,54,10,33,10,23,0.23,32,100,9389,True,654,1191,0,3343,7,39,2,19,7,19,0.19,29,100,3343,654,train,100,100
21,61,6,40,12,29,0.25892857142857145,40,112,8162,True,655,1213,0,3011,5,41,1,12,8,25,0.22321428571428573,39,112,3011,655,train,112,112
24,60,8,33,10,23,0.19827586206896552,35,116,8871,True,656,1135,0,3214,6,40,3,17,6,20,0.1724137931034483,33,116,3214,656,train,116,116
32,93,11,56,15,40,0.3007518796992481,56,133,10524,True,657,983,0,3552,9,52,3,20,10,29,0.21804511278195488,44,133,3552,657,train,133,133
36,76,14,46,15,32,0.26229508196721313,44,122,14652,True,658,1283,0,4884,11,46,2,22,9,26,0.21311475409836064,37,122,4884,658,train,122,122
22,62,6,33,10,28,0.25,40,112,7537,True,659,1200,0,2831,4,40,2,7,5,22,0.19642857142857142,37,112,2831,659,train,112,112
29,72,10,43,13,31,0.2672413793103448,43,116,10562,True,660,1212,0,3637,7,45,1,21,11,28,0.2413793103448276,40,116,3637,660,train,116,116
20,60,10,29,7,19,0.17757009345794392,32,107,10924,True,661,1283,0,4580,9,35,2,12,4,13,0.12149532710280374,24,107,4580,661,train,107,107
31,72,7,44,15,34,0.2786885245901639,48,122,8569,True,662,1005,0,3028,8,51,1,20,11,28,0.22950819672131148,44,122,3028,662,train,122,122
35,83,15,49,15,36,0.27692307692307694,52,130,10628,True,663,993,0,3648,10,62,1,24,12,32,0.24615384615384617,49,130,3648,663,train,130,130
38,80,13,53,16,35,0.3153153153153153,47,111,10348,True,664,944,0,2991,7,53,1,18,11,29,0.26126126126126126,43,111,2991,664,train,111,111
29,73,13,40,11,28,0.22950819672131148,39,122,10856,True,665,1051,0,3579,8,43,2,16,7,23,0.1885245901639344,36,122,3579,665,train,122,122
24,62,10,36,10,26,0.27956989247311825,37,93,9149,True,666,1258,0,2540,3,36,1,11,7,21,0.22580645161290322,34,93,2540,666,train,93,93
35,90,15,49,14,34,0.288135593220339,49,118,12842,True,667,1116,0,3741,9,47,1,20,9,24,0.2033898305084746,39,118,3741,667,train,118,118
25,66,10,34,9,25,0.22321428571428573,37,112,10522,True,668,1271,0,4566,9,40,3,14,5,19,0.16964285714285715,32,112,4566,668,train,112,112
26,71,15,39,11,25,0.1953125,39,128,12530,True,669,1262,0,4241,11,42,2,16,8,21,0.1640625,34,128,4241,669,train,128,128
26,74,12,43,11,31,0.2540983606557377,45,122,11406,True,670,1218,0,3521,8,43,1,11,6,24,0.19672131147540983,42,122,3521,670,train,122,122
24,61,10,36,9,24,0.22018348623853212,35,109,9933,True,671,1254,0,3820,7,37,4,14,5,18,0.1651376146788991,30,109,3820,671,train,109,109
17,46,14,25,8,16,0.20512820512820512,23,78,10069,True,672,1280,0,3584,10,28,3,14,6,12,0.15384615384615385,18,78,3584,672,train,78,78
23,64,9,32,10,25,0.22935779816513763,38,109,7772,True,673,1065,0,2512,5,32,2,12,7,20,0.1834862385321101,36,109,2512,673,train,109,109
23,69,11,40,11,27,0.29347826086956524,40,92,10258,True,674,1270,0,2210,4,27,1,6,5,19,0.20652173913043478,30,92,2210,674,train,92,92
28,74,13,42,11,29,0.25892857142857145,42,112,9853,True,675,1046,0,3385,10,46,0,18,9,23,0.20535714285714285,38,112,3385,675,train,112,112
14,49,4,24,7,20,0.20833333333333334,29,96,5424,True,676,1090,0,1584,1,22,1,5,4,18,0.1875,34,96,1584,676,train,96,96
16,39,9,23,6,15,0.2112676056338028,23,71,7138,True,677,1215,0,2163,6,22,2,10,4,10,0.14084507042253522,17,71,2163,677,train,71,71
11,38,4,18,5,14,0.19718309859154928,22,71,4708,True,678,1121,0,1451,2,17,2,6,2,11,0.15492957746478872,20,71,1451,678,train,71,71
37,84,11,55,15,37,0.29838709677419356,52,124,14520,True,679,1285,0,4295,6,55,2,17,9,29,0.23387096774193547,43,124,4295,679,train,124,124
20,52,10,32,9,22,0.23655913978494625,32,93,8463,True,680,1241,0,2519,5,31,1,12,7,18,0.1935483870967742,30,93,2519,680,train,93,93
28,75,12,45,13,33,0.28205128205128205,47,117,10055,True,681,1059,0,2868,6,43,2,14,7,24,0.20512820512820512,40,117,2868,681,train,117,117
16,48,11,28,7,16,0.16666666666666666,26,96,10098,True,682,1283,0,4337,10,29,4,12,4,11,0.11458333333333333,19,96,4337,682,train,96,96
25,74,10,41,11,29,0.2457627118644068,42,118,10114,True,683,1170,0,3216,7,45,1,14,6,24,0.2033898305084746,41,118,3216,683,train,118,118
23,61,9,34,10,24,0.25263157894736843,35,95,9396,True,684,1282,0,2852,7,31,1,11,7,17,0.17894736842105263,29,95,2852,684,train,95,95
20,42,16,26,8,16,0.1927710843373494,21,83,11249,True,685,1296,0,4920,12,30,3,18,5,13,0.1566265060240964,18,83,4920,685,train,83,83
24,59,6,37,10,26,0.26,36,100,8013,True,686,1110,0,2736,5,38,2,13,6,21,0.21,32,100,2736,686,train,100,100
23,56,11,34,8,22,0.23655913978494625,31,93,10633,True,687,1285,0,4236,10,38,3,15,5,16,0.17204301075268819,27,93,4236,687,train,93,93
21,58,10,28,7,20,0.2,31,100,9909,True,688,1254,0,3450,6,31,2,8,4,13,0.13,26,100,3450,688,train,100,100
34,87,17,54,16,37,0.29838709677419356,53,124,8527,True,689,787,0,3121,11,66,1,23,13,32,0.25806451612903225,49,124,3121,689,train,124,124
24,67,13,36,10,24,0.21818181818181817,36,110,12032,True,690,1267,0,4805,11,40,4,19,6,18,0.16363636363636364,29,110,4805,690,train,110,110
23,57,12,37,11,25,0.2631578947368421,37,95,9492,True,691,1238,0,2470,5,27,1,13,7,17,0.17894736842105263,29,95,2470,691,train,95,95
24,61,4,38,14,30,0.30927835051546393,41,97,7111,True,692,1151,0,2360,4,43,0,13,11,28,0.28865979381443296,40,97,2360,692,train,97,97
32,83,11,42,13,33,0.24444444444444444,47,135,12124,True,693,1214,0,3174,6,39,1,13,8,26,0.1925925925925926,45,135,3174,693,train,135,135
19,55,10,35,8,22,0.24444444444444444,32,90,9683,True,694,1293,0,3764,9,37,2,13,5,13,0.14444444444444443,25,90,3764,694,train,90,90
22,60,8,34,9,24,0.25263157894736843,35,95,9476,True,695,1227,0,3127,7,34,4,11,6,17,0.17894736842105263,29,95,3127,695,train,95,95
18,53,5,29,8,22,0.26506024096385544,32,83,6607,True,696,1233,0,1792,3,32,0,7,6,21,0.25301204819277107,33,83,1792,696,train,83,83
22,60,9,31,10,23,0.21100917431192662,35,109,9292,True,697,1257,0,3307,8,39,2,15,7,19,0.1743119266055046,34,109,3307,697,train,109,109
37,80,12,51,15,36,0.3076923076923077,48,117,12159,True,698,1180,0,4379,14,55,1,23,12,30,0.2564102564102564,44,117,4379,698,train,117,117
17,37,10,22,6,14,0.1794871794871795,19,78,8113,True,699,1284,0,2835,6,25,3,11,4,11,0.14102564102564102,17,78,2835,699,train,78,78
29,75,8,40,14,32,0.2782608695652174,45,115,8929,True,700,1192,0,1847,2,41,0,9,10,32,0.2782608695652174,47,115,1847,700,train,115,115
20,50,11,30,8,19,0.20212765957446807,28,94,9199,True,701,1271,0,3140,6,32,3,12,5,14,0.14893617021276595,25,94,3140,701,train,94,94
34,73,20,44,14,29,0.2815533980582524,39,103,13339,True,702,1161,0,3438,8,37,2,20,9,21,0.20388349514563106,31,103,3438,702,train,103,103
21,67,7,34,10,28,0.25925925925925924,41,108,9211,True,703,1272,0,3012,6,41,2,12,6,22,0.2037037037037037,40,108,3012,703,train,108,108
18,56,8,30,8,22,0.205607476635514,34,107,8234,True,704,1272,0,2792,6,32,2,10,5,18,0.16822429906542055,31,107,2792,704,train,107,107
21,53,8,33,8,22,0.2268041237113402,32,97,8567,True,705,1111,0,2806,5,33,4,12,5,15,0.15463917525773196,28,97,2806,705,train,97,97
32,89,5,54,19,43,0.2986111111111111,58,144,9962,True,706,1083,0,3347,5,55,2,18,12,33,0.22916666666666666,51,144,3347,706,train,144,144
30,64,8,40,11,27,0.27835051546391754,37,97,10988,True,707,1262,0,3162,7,39,2,13,6,21,0.21649484536082475,32,97,3162,707,train,97,97
20,70,7,36,12,30,0.2702702702702703,44,111,7270,True,708,1080,0,2236,3,41,1,11,9,28,0.25225225225225223,45,111,2236,708,train,111,111
17,55,6,32,9,24,0.27906976744186046,35,86,7462,True,709,1227,0,2111,3,23,1,6,3,14,0.16279069767441862,25,86,2111,709,train,86,86
23,68,8,36,11,28,0.25688073394495414,41,109,9837,True,710,1247,0,2358,6,35,1,8,6,22,0.2018348623853211,38,109,2358,710,train,109,109
19,54,7,27,9,24,0.23529411764705882,36,102,7018,True,711,1217,0,2035,4,31,1,6,6,21,0.20588235294117646,36,102,2035,711,train,102,102
24,67,13,39,11,26,0.23853211009174313,39,109,8636,True,712,947,0,3315,13,44,2,19,9,22,0.2018348623853211,35,109,3315,712,train,109,109
21,51,9,29,8,19,0.21839080459770116,28,87,8551,True,713,1188,0,3200,5,33,4,12,4,14,0.16091954022988506,24,87,3200,713,train,87,87
20,53,5,31,9,23,0.26744186046511625,33,86,7002,True,714,1108,0,1941,2,29,1,6,4,19,0.22093023255813954,31,86,1941,714,train,86,86
21,49,11,26,8,18,0.21176470588235294,26,85,10256,True,715,1286,0,4060,10,34,4,16,6,14,0.16470588235294117,21,85,4060,715,train,85,85
19,57,9,29,9,22,0.2391304347826087,33,92,8448,True,716,1255,0,2901,5,32,2,10,5,17,0.18478260869565216,29,92,2901,716,train,92,92
20,59,10,33,8,21,0.21428571428571427,33,98,9376,True,717,1219,0,4298,10,34,5,14,6,15,0.15306122448979592,26,98,4298,717,train,98,98
30,85,9,47,14,38,0.2753623188405797,54,138,10910,True,718,1118,0,3689,8,55,2,14,8,30,0.21739130434782608,49,138,3689,718,train,138,138
13,47,7,23,6,16,0.1797752808988764,26,89,7814,True,719,1285,0,2897,7,26,2,7,3,9,0.10112359550561797,21,89,2897,719,train,89,89
20,64,8,34,10,26,0.26262626262626265,40,99,9081,True,720,1242,0,2851,6,36,1,13,6,19,0.1919191919191919,33,99,2851,720,train,99,99
16,48,7,28,6,18,0.23376623376623376,27,77,8022,True,721,1258,0,2795,5,28,2,7,4,14,0.18181818181818182,23,77,2795,721,train,77,77
17,58,5,24,8,23,0.2,38,115,6494,True,722,1240,0,2021,5,22,0,10,6,19,0.16521739130434782,36,115,2021,722,train,115,115
26,53,10,38,10,24,0.2727272727272727,33,88,8802,True,723,1108,0,2892,7,40,1,12,6,20,0.22727272727272727,31,88,2892,723,train,88,88
25,56,12,35,9,22,0.2619047619047619,30,84,9638,True,724,1055,0,3498,7,33,3,16,4,16,0.19047619047619047,24,84,3498,724,train,84,84
17,61,9,31,9,24,0.21052631578947367,36,114,7634,True,725,1146,0,2723,7,35,2,13,6,19,0.16666666666666666,35,114,2723,725,train,114,114
17,51,10,26,8,19,0.16964285714285715,30,112,8727,True,726,1281,0,3576,7,28,2,12,4,14,0.125,26,112,3576,726,train,112,112
20,64,10,31,8,23,0.24468085106382978,34,94,9287,True,727,1265,0,3101,6,34,2,10,4,16,0.1702127659574468,29,94,3101,727,train,94,94
18,47,8,28,9,21,0.22826086956521738,31,92,6054,True,728,1025,0,2003,5,33,1,10,6,19,0.20652173913043478,29,92,2003,728,train,92,92
18,45,10,23,6,16,0.24242424242424243,23,66,7264,True,729,1022,0,2380,7,21,3,10,4,10,0.15151515151515152,16,66,2380,729,train,66,66
24,67,12,35,10,25,0.2066115702479339,37,121,10202,True,730,1242,0,3530,8,31,0,17,8,19,0.15702479338842976,30,121,3530,730,train,121,121
16,50,3,25,9,22,0.2619047619047619,33,84,5454,True,731,1161,0,1402,1,26,0,5,8,20,0.23809523809523808,32,84,1402,731,train,84,84
24,51,5,34,9,22,0.28205128205128205,30,78,8957,True,732,1278,0,3186,3,30,2,11,3,16,0.20512820512820512,24,78,3186,732,train,78,78
15,53,4,23,9,24,0.2727272727272727,35,88,4595,True,733,1031,0,1249,1,27,0,5,7,23,0.26136363636363635,37,88,1249,733,train,88,88
19,51,9,25,6,17,0.16831683168316833,27,101,9463,True,734,1250,0,4300,8,31,3,10,3,11,0.10891089108910891,20,101,4300,734,train,101,101
24,58,10,33,9,23,0.25555555555555554,33,90,9963,True,735,1255,0,3081,6,34,3,10,4,17,0.18888888888888888,28,90,3081,735,train,90,90
18,50,7,27,7,17,0.2236842105263158,25,76,8570,True,736,1296,0,2923,6,22,2,8,3,9,0.11842105263157894,17,76,2923,736,train,76,76
19,74,8,33,11,30,0.25862068965517243,47,116,8631,True,737,1209,0,2922,5,35,1,13,8,24,0.20689655172413793,42,116,2922,737,train,116,116
22,59,11,34,10,25,0.22727272727272727,37,110,9312,True,738,1238,0,3092,6,37,1,15,9,22,0.2,36,110,3092,738,train,110,110
17,56,8,29,7,21,0.1926605504587156,33,109,9389,True,739,1290,0,3112,6,31,3,10,4,17,0.1559633027522936,29,109,3112,739,train,109,109
26,63,6,34,11,26,0.24528301886792453,38,106,6693,True,740,869,0,2447,5,41,3,14,7,23,0.2169811320754717,37,106,2447,740,train,106,106
26,71,13,37,11,26,0.25,41,104,11518,True,741,1268,0,4041,7,42,3,18,6,19,0.18269230769230768,32,104,4041,741,train,104,104
21,53,10,34,8,21,0.23333333333333334,32,90,8603,True,742,1164,0,2731,8,32,1,14,6,15,0.16666666666666666,28,90,2731,742,train,90,90
21,59,6,29,10,24,0.21238938053097345,38,113,8221,True,743,1254,0,2692,5,34,1,10,6,20,0.17699115044247787,34,113,2692,743,train,113,113
31,95,8,57,17,43,0.33858267716535434,58,127,7502,True,744,786,0,2098,5,51,1,13,9,33,0.25984251968503935,50,127,2098,744,train,127,127
14,52,5,23,7,20,0.21978021978021978,32,91,6899,True,745,1250,0,2817,4,30,2,9,4,17,0.18681318681318682,28,91,2817,745,train,91,91
19,60,10,33,8,23,0.21495327102803738,35,107,9908,True,746,1285,0,3212,5,33,3,7,4,15,0.14018691588785046,29,107,3212,746,train,107,107
16,49,10,26,8,19,0.21839080459770116,29,87,7658,True,747,1215,0,1836,4,22,1,7,5,15,0.1724137931034483,27,87,1836,747,train,87,87
24,71,8,37,12,29,0.2543859649122807,43,114,8748,True,748,1171,0,2851,6,39,1,13,7,23,0.20175438596491227,37,114,2851,748,train,114,114
15,37,4,22,7,16,0.24615384615384617,23,65,5571,True,749,1264,0,1494,2,20,2,4,3,13,0.2,20,65,1494,749,train,65,65
20,52,7,32,8,22,0.2716049382716049,31,81,8245,True,750,1207,0,2399,6,30,0,8,5,17,0.20987654320987653,27,81,2399,750,train,81,81
31,62,11,39,10,26,0.2653061224489796,36,98,12365,True,751,1229,0,3427,8,36,3,15,7,18,0.1836734693877551,28,98,3427,751,train,98,98
18,51,9,27,7,18,0.21176470588235294,27,85,9457,True,752,1271,0,3358,5,30,3,12,3,12,0.1411764705882353,20,85,3358,752,train,85,85
27,77,12,43,14,32,0.2882882882882883,44,111,10543,True,753,1214,0,2903,7,39,0,15,9,25,0.22522522522522523,41,111,2903,753,train,111,111
36,84,9,46,18,37,0.26618705035971224,52,139,9896,True,754,1045,0,2412,6,49,0,13,11,34,0.2446043165467626,52,139,2412,754,train,139,139
23,52,11,34,9,21,0.22580645161290322,30,93,11410,True,755,1287,0,4368,8,33,5,13,5,13,0.13978494623655913,22,93,4368,755,train,93,93
23,70,8,35,11,27,0.24324324324324326,42,111,9367,True,756,1253,0,2834,3,33,2,10,4,19,0.17117117117117117,34,111,2834,756,train,111,111
24,83,11,41,11,30,0.24193548387096775,47,124,11296,True,757,1255,0,4286,11,43,3,18,8,22,0.1774193548387097,35,124,4286,757,train,124,124
16,48,10,21,7,16,0.18823529411764706,26,85,7266,True,758,1267,0,2095,3,20,2,10,5,13,0.15294117647058825,24,85,2095,758,train,85,85
25,68,11,40,11,27,0.24324324324324326,39,111,11111,True,759,1254,0,4148,9,39,2,16,6,18,0.16216216216216217,30,111,4148,759,train,111,111
26,69,9,46,13,31,0.26495726495726496,44,117,10451,True,760,1217,0,3260,7,44,1,15,8,25,0.21367521367521367,38,117,3260,760,train,117,117
17,46,10,22,7,16,0.1927710843373494,25,83,8194,True,761,1217,0,2709,7,23,3,11,4,11,0.13253012048192772,20,83,2709,761,train,83,83
16,54,5,26,8,23,0.24731182795698925,35,93,6021,True,762,1179,0,2205,4,32,1,10,6,19,0.20430107526881722,30,93,2205,762,train,93,93
19,56,11,37,9,23,0.21904761904761905,34,105,9664,True,763,1251,0,2774,5,31,2,10,5,17,0.1619047619047619,29,105,2774,763,train,105,105
28,55,5,35,10,26,0.29545454545454547,34,88,7785,True,764,1014,0,2042,4,35,1,8,5,21,0.23863636363636365,33,88,2042,764,train,88,88
17,42,11,29,8,18,0.20224719101123595,26,89,8750,True,765,1273,0,2600,6,26,1,10,5,13,0.14606741573033707,22,89,2600,765,train,89,89
21,61,8,33,9,23,0.23711340206185566,35,97,8764,True,766,1270,0,2986,4,31,3,10,4,16,0.16494845360824742,27,97,2986,766,train,97,97
22,79,6,36,13,35,0.2536231884057971,53,138,9084,True,767,1211,0,3098,6,49,1,12,8,32,0.2318840579710145,52,138,3098,767,train,138,138
14,42,9,20,5,12,0.14285714285714285,21,84,9132,True,768,1284,0,4012,7,26,5,9,3,9,0.10714285714285714,17,84,4012,768,train,84,84
22,49,5,29,8,22,0.24719101123595505,31,89,7656,True,769,1231,0,2474,5,28,2,7,5,18,0.20224719101123595,30,89,2474,769,train,89,89
17,42,9,21,6,14,0.15730337078651685,21,89,8012,True,770,1278,0,3022,7,22,1,11,4,11,0.12359550561797752,17,89,3022,770,train,89,89
24,53,10,33,10,22,0.24175824175824176,32,91,7657,True,771,970,0,2232,5,33,2,13,6,18,0.1978021978021978,28,91,2232,771,train,91,91
15,48,6,21,7,18,0.20689655172413793,29,87,6032,True,772,1198,0,1688,3,20,0,7,5,13,0.14942528735632185,24,87,1688,772,train,87,87
18,46,7,31,7,19,0.2375,28,80,7930,True,773,1271,0,2508,7,28,0,9,5,14,0.175,23,80,2508,773,train,80,80
18,49,7,27,7,19,0.18627450980392157,29,102,7997,True,774,1252,0,2858,6,28,2,11,5,15,0.14705882352941177,27,102,2858,774,train,102,102
23,50,6,30,9,22,0.2268041237113402,32,97,8001,True,775,1246,0,2835,5,34,2,11,5,18,0.18556701030927836,28,97,2835,775,train,97,97
28,63,9,39,11,26,0.26262626262626265,36,99,10931,True,776,1235,0,3850,8,41,2,17,7,21,0.21212121212121213,32,99,3850,776,train,99,99
22,61,9,34,11,25,0.21551724137931033,35,116,8768,True,777,1247,0,3293,10,39,0,16,9,22,0.1896551724137931,33,116,3293,777,train,116,116
16,55,7,26,10,24,0.23076923076923078,36,104,7136,True,778,1266,0,1814,2,32,1,6,8,25,0.2403846153846154,40,104,1814,778,train,104,104
16,54,10,24,6,15,0.16129032258064516,26,93,9375,True,779,1291,0,4117,8,28,3,11,3,10,0.10752688172043011,19,93,4117,779,train,93,93
21,72,13,32,8,20,0.1694915254237288,34,118,12134,True,780,1200,0,4483,9,40,4,14,5,15,0.1271186440677966,28,118,4483,780,train,118,118
25,57,12,40,10,26,0.27956989247311825,37,93,10562,True,781,1285,0,3866,9,40,4,16,7,18,0.1935483870967742,29,93,3866,781,train,93,93
22,63,10,38,11,27,0.2647058823529412,39,102,5792,True,782,756,0,2003,5,45,1,13,8,25,0.24509803921568626,40,102,2003,782,train,102,102
13,50,5,30,6,22,0.21359223300970873,32,103,7565,True,783,1247,0,2291,5,26,2,6,3,15,0.14563106796116504,28,103,2291,783,train,103,103
19,52,7,28,9,21,0.2441860465116279,31,86,6953,True,784,1199,0,1890,3,27,1,7,5,18,0.20930232558139536,29,86,1890,784,train,86,86
17,55,9,26,7,19,0.18627450980392157,30,102,8230,True,785,1263,0,3035,6,26,2,10,4,13,0.12745098039215685,23,102,3035,785,train,102,102
17,64,8,29,9,25,0.2717391304347826,38,92,8413,True,786,1275,0,2718,4,33,1,10,5,18,0.1956521739130435,31,92,2718,786,train,92,92
17,49,8,28,8,21,0.28378378378378377,29,74,7157,True,787,1270,0,2026,5,25,1,10,5,14,0.1891891891891892,22,74,2026,787,train,74,74
21,64,9,30,10,24,0.21428571428571427,38,112,8570,True,788,1227,0,2642,7,36,0,11,7,23,0.20535714285714285,35,112,2642,788,train,112,112
24,85,8,42,10,33,0.25190839694656486,52,131,10695,True,789,1197,0,4100,6,44,4,12,5,21,0.16030534351145037,40,131,4100,789,train,131,131
24,67,9,41,11,28,0.2616822429906542,41,107,9509,True,790,1211,0,2862,6,40,2,12,7,23,0.21495327102803738,38,107,2862,790,train,107,107
27,69,10,40,13,28,0.27184466019417475,40,103,10720,True,791,1273,0,2950,7,37,0,13,8,22,0.21359223300970873,33,103,2950,791,train,103,103
21,51,8,34,10,25,0.26881720430107525,35,93,7543,True,792,1228,0,2246,4,35,0,9,7,22,0.23655913978494625,33,93,2246,792,train,93,93
21,60,8,33,10,25,0.25773195876288657,36,97,8472,True,793,1261,0,2872,6,38,0,14,8,21,0.21649484536082475,33,97,2872,793,train,97,97
30,68,7,41,13,29,0.26126126126126126,41,111,10344,True,794,1246,0,3052,5,39,1,15,9,23,0.2072072072072072,34,111,3052,794,train,111,111
20,71,7,35,9,26,0.21666666666666667,40,120,9436,True,795,1277,0,3152,5,35,2,9,4,18,0.15,35,120,3152,795,train,120,120
8,44,6,19,5,15,0.22058823529411764,26,68,6888,True,796,1245,0,1932,4,18,2,5,2,8,0.11764705882352941,18,68,1932,796,train,68,68
20,72,7,37,11,31,0.2627118644067797,46,118,9194,True,797,1257,0,2656,5,38,2,8,5,22,0.1864406779661017,39,118,2656,797,train,118,118
20,49,11,24,7,16,0.16326530612244897,24,98,8513,True,798,1145,0,3118,9,24,2,12,5,12,0.12244897959183673,22,98,3118,798,train,98,98
18,47,6,28,8,19,0.2602739726027397,28,73,6635,True,799,1110,0,2347,3,28,3,10,3,14,0.1917808219178082,23,73,2347,799,train,73,73
12,38,8,16,4,10,0.11363636363636363,17,88,8022,True,800,1288,0,2950,4,17,3,7,2,6,0.06818181818181818,12,88,2950,800,train,88,88
25,81,8,45,12,35,0.2734375,52,128,10971,True,801,1278,0,3463,6,45,2,9,6,25,0.1953125,41,128,3463,801,train,128,128
26,61,12,38,9,23,0.23469387755102042,35,98,12172,True,802,1289,0,4652,9,39,4,14,5,17,0.17346938775510204,28,98,4652,802,train,98,98
29,72,13,42,12,28,0.22764227642276422,39,123,12866,True,803,1288,0,4614,14,43,3,19,8,20,0.16260162601626016,33,123,4614,803,train,123,123
25,69,7,40,13,31,0.2818181818181818,43,110,8593,True,804,1212,0,2727,5,43,0,14,11,28,0.2545454545454545,42,110,2727,804,train,110,110
20,41,8,23,7,16,0.21621621621621623,22,74,7616,True,805,1267,0,1933,3,21,1,10,6,13,0.17567567567567569,19,74,1933,805,train,74,74
17,54,9,32,8,23,0.21296296296296297,34,108,8932,True,806,1258,0,3156,6,34,2,10,4,15,0.1388888888888889,30,108,3156,806,train,108,108
15,48,6,25,6,17,0.2,26,85,7906,True,807,1261,0,1942,3,17,2,5,2,10,0.11764705882352941,23,85,1942,807,train,85,85
14,48,7,19,6,15,0.17647058823529413,25,85,6320,True,808,1239,0,2110,7,22,1,8,5,12,0.1411764705882353,23,85,2110,808,train,85,85
21,51,11,29,8,18,0.18181818181818182,27,99,9425,True,809,1210,0,3252,7,29,4,13,5,13,0.13131313131313133,22,99,3252,809,train,99,99
36,87,11,47,14,34,0.2463768115942029,49,138,7983,True,810,772,0,3384,10,62,4,19,7,27,0.1956521739130435,44,138,3384,810,train,138,138
19,67,6,39,11,31,0.29245283018867924,45,106,6373,True,811,929,0,2053,6,34,1,9,6,22,0.20754716981132076,37,106,2053,811,train,106,106
20,44,11,25,8,17,0.1827956989247312,23,93,8711,True,812,1233,0,2890,6,24,3,13,4,14,0.15053763440860216,19,93,2890,812,train,93,93
15,41,6,25,8,19,0.2676056338028169,26,71,5360,True,813,1164,0,1512,3,27,0,8,6,17,0.23943661971830985,27,71,1512,813,train,71,71
26,51,13,33,10,21,0.21649484536082475,28,97,11571,True,814,1264,0,3984,10,40,3,19,7,18,0.18556701030927836,27,97,3984,814,train,97,97
25,63,14,38,10,23,0.21904761904761905,35,105,11850,True,815,1205,0,3955,10,32,3,14,5,14,0.13333333333333333,25,105,3955,815,train,105,105
24,74,9,41,10,29,0.2396694214876033,44,121,11747,True,816,1285,0,3817,5,37,3,13,4,17,0.14049586776859505,31,121,3817,816,train,121,121
30,64,16,42,13,27,0.2523364485981308,38,107,11128,True,817,1079,0,4016,14,44,1,22,10,22,0.205607476635514,33,107,4016,817,train,107,107
12,46,6,18,7,18,0.21176470588235294,29,85,5306,True,818,1164,0,1436,2,21,1,5,5,16,0.18823529411764706,28,85,1436,818,train,85,85
16,77,6,36,11,32,0.256,49,125,8181,True,819,1213,0,2805,5,39,2,11,7,27,0.216,46,125,2805,819,train,125,125
17,42,9,26,6,16,0.19753086419753085,24,81,8721,True,820,1293,0,4059,7,30,3,10,3,9,0.1111111111111111,18,81,4059,820,train,81,81
30,67,12,37,10,26,0.23853211009174313,37,109,10598,True,821,1115,0,4442,10,39,3,21,6,18,0.1651376146788991,28,109,4442,821,train,109,109
19,58,13,26,9,19,0.18269230769230768,29,104,9007,True,822,1268,0,2961,9,31,0,14,7,17,0.16346153846153846,27,104,2961,822,train,104,104
13,48,9,26,7,18,0.19148936170212766,27,94,6866,True,823,1254,0,2352,5,25,2,8,4,14,0.14893617021276595,25,94,2352,823,train,94,94
23,61,6,37,11,28,0.2857142857142857,37,98,8546,True,824,1212,0,2627,4,37,2,10,7,22,0.22448979591836735,34,98,2627,824,train,98,98
22,65,10,33,9,22,0.2037037037037037,34,108,10589,True,825,1280,0,3587,8,33,5,11,5,14,0.12962962962962962,26,108,3587,825,train,108,108
27,63,11,44,12,30,0.297029702970297,41,101,8650,True,826,1018,0,2835,9,41,1,19,8,23,0.22772277227722773,35,101,2835,826,train,101,101
24,70,13,33,11,27,0.2523364485981308,40,107,9406,True,827,1237,0,2871,8,39,1,13,9,23,0.21495327102803738,37,107,2871,827,train,107,107
17,68,5,31,11,29,0.2636363636363636,43,110,7678,True,828,1244,0,2143,4,27,1,7,6,21,0.19090909090909092,37,110,2143,828,train,110,110
21,59,10,31,8,20,0.19607843137254902,31,102,10591,True,829,1267,0,4298,8,32,5,12,5,13,0.12745098039215685,24,102,4298,829,train,102,102
18,44,9,27,9,19,0.20430107526881722,27,93,6927,True,830,1252,0,1917,6,27,0,9,6,16,0.17204301075268819,27,93,1917,830,train,93,93
20,51,8,25,8,19,0.16379310344827586,30,116,8131,True,831,1211,0,2991,6,30,2,11,5,16,0.13793103448275862,28,116,2991,831,train,116,116
15,37,8,20,5,12,0.1518987341772152,19,79,7979,True,832,1296,0,3171,5,23,2,8,2,8,0.10126582278481013,16,79,3171,832,train,79,79
20,46,9,26,7,17,0.19318181818181818,25,88,9003,True,833,1277,0,3459,7,28,4,11,4,11,0.125,20,88,3459,833,train,88,88
23,76,11,36,12,29,0.21323529411764705,47,136,9296,True,834,1163,0,3778,10,45,2,15,9,25,0.18382352941176472,43,136,3778,834,train,136,136
19,48,11,25,9,18,0.2222222222222222,25,81,8116,True,835,1275,0,2494,4,24,1,12,5,14,0.1728395061728395,21,81,2494,835,train,81,81
32,63,7,40,13,30,0.32608695652173914,41,92,7422,True,836,953,0,2058,4,38,1,11,8,22,0.2391304347826087,33,92,2058,836,train,92,92
27,72,5,42,15,34,0.2809917355371901,47,121,7360,True,837,974,0,2013,4,44,0,12,12,32,0.2644628099173554,48,121,2013,837,train,121,121
30,72,10,46,14,32,0.32989690721649484,46,97,8809,True,838,1038,0,1957,3,34,1,11,8,23,0.23711340206185566,39,97,1957,838,train,97,97
26,55,9,34,10,23,0.24210526315789474,32,95,10099,True,839,1236,0,3598,6,37,3,14,6,18,0.18947368421052632,29,95,3598,839,train,95,95
15,48,6,20,7,17,0.19540229885057472,28,87,6523,True,840,1258,0,1834,4,23,1,8,5,15,0.1724137931034483,28,87,1834,840,train,87,87
25,67,9,41,12,29,0.2871287128712871,40,101,6832,True,841,831,0,2359,8,46,1,15,9,26,0.25742574257425743,38,101,2359,841,train,101,101
24,64,11,36,11,27,0.2288135593220339,40,118,9457,True,842,1231,0,3515,10,42,1,18,9,24,0.2033898305084746,39,118,3515,842,train,118,118
19,62,8,29,8,23,0.20535714285714285,34,112,8266,True,843,1276,0,2768,7,29,1,11,6,18,0.16071428571428573,31,112,2768,843,train,112,112
29,74,9,41,13,31,0.2605042016806723,44,119,10056,True,844,1242,0,2913,7,42,0,15,9,26,0.2184873949579832,43,119,2913,844,train,119,119
13,45,5,20,7,19,0.20212765957446807,30,94,5584,True,845,1230,0,1686,3,19,0,8,5,15,0.1595744680851064,30,94,1686,845,train,94,94
34,75,10,47,14,34,0.2982456140350877,46,114,11196,True,846,1163,0,3275,9,49,1,13,9,29,0.2543859649122807,43,114,3275,846,train,114,114
25,72,11,35,10,26,0.21311475409836064,39,122,10932,True,847,1255,0,4301,9,39,2,15,6,20,0.16393442622950818,33,122,4301,847,train,122,122
36,64,13,44,13,29,0.30851063829787234,38,94,8609,True,848,889,0,2670,7,43,1,19,10,26,0.2765957446808511,36,94,2670,848,train,94,94
18,31,10,23,6,14,0.21875,18,64,8273,True,849,1258,0,2976,6,24,2,12,5,12,0.1875,17,64,2976,849,train,64,64
22,51,11,28,9,20,0.22988505747126436,29,87,8770,True,850,1269,0,2406,6,29,0,12,7,17,0.19540229885057472,27,87,2406,850,train,87,87
20,54,5,28,9,22,0.2391304347826087,33,92,6519,True,851,1087,0,1710,3,25,1,5,5,19,0.20652173913043478,34,92,1710,851,train,92,92
14,47,6,25,6,19,0.2,28,95,6843,True,852,1193,0,1775,4,23,1,5,4,14,0.14736842105263157,28,95,1775,852,train,95,95
30,66,10,41,12,27,0.25471698113207547,38,106,11749,True,853,1282,0,3586,7,40,2,16,7,20,0.18867924528301888,32,106,3586,853,train,106,106
28,62,9,39,10,27,0.25961538461538464,37,104,10498,True,854,1224,0,3859,6,42,3,13,5,21,0.20192307692307693,33,104,3859,854,train,104,104
23,46,10,29,8,19,0.2753623188405797,26,69,8581,True,855,1276,0,2034,2,22,1,6,3,13,0.18840579710144928,21,69,2034,855,train,69,69
37,79,14,47,13,33,0.28205128205128205,46,117,12616,True,856,1166,0,3761,8,46,3,16,8,23,0.19658119658119658,37,117,3761,856,train,117,117
17,43,10,23,6,15,0.2054794520547945,23,73,6307,True,857,959,0,2316,5,25,3,10,3,11,0.1506849315068493,19,73,2316,857,train,73,73
21,57,9,30,8,20,0.21978021978021978,29,91,10040,True,858,1278,0,3088,6,28,2,10,5,15,0.16483516483516483,23,91,3088,858,train,91,91
30,69,10,40,12,30,0.2777777777777778,41,108,10403,True,859,1254,0,2594,6,34,1,11,7,22,0.2037037037037037,34,108,2594,859,train,108,108
28,83,8,48,15,37,0.30578512396694213,52,121,9957,True,860,1143,0,3172,6,52,1,15,11,30,0.24793388429752067,47,121,3172,860,train,121,121
23,51,8,31,8,22,0.24175824175824176,30,91,9252,True,861,1246,0,3050,7,35,1,14,6,17,0.18681318681318682,27,91,3050,861,train,91,91
9,37,6,16,5,14,0.16470588235294117,24,85,6097,True,862,1273,0,1801,3,15,1,5,2,9,0.10588235294117647,21,85,1801,862,train,85,85
27,63,12,36,10,24,0.22857142857142856,35,105,11387,True,863,1287,0,3900,7,39,2,14,5,18,0.17142857142857143,30,105,3900,863,train,105,105
16,52,10,28,7,19,0.2159090909090909,30,88,8635,True,864,1207,0,3202,6,30,2,11,5,14,0.1590909090909091,25,88,3202,864,train,88,88
23,75,12,43,13,32,0.25396825396825395,47,126,9810,True,865,1196,0,3324,6,48,1,16,10,27,0.21428571428571427,44,126,3324,865,train,126,126
25,77,11,45,10,30,0.26785714285714285,46,112,12013,True,866,1188,0,3681,9,45,3,14,7,22,0.19642857142857142,37,112,3681,866,train,112,112
26,75,11,43,11,30,0.2777777777777778,44,108,11220,True,867,1229,0,3452,9,42,2,12,7,23,0.21296296296296297,38,108,3452,867,train,108,108
18,49,3,26,10,24,0.25,35,96,5597,True,868,1224,0,1641,2,27,0,6,7,21,0.21875,33,96,1641,868,train,96,96
21,58,9,30,9,23,0.21904761904761905,33,105,7190,True,869,991,0,2879,6,38,3,12,5,18,0.17142857142857143,30,105,2879,869,train,105,105
21,50,8,28,8,20,0.19801980198019803,29,101,8572,True,870,1258,0,3000,8,32,1,15,7,19,0.18811881188118812,29,101,3000,870,train,101,101
29,74,17,37,12,27,0.21951219512195122,40,123,11609,True,871,1137,0,4340,13,44,4,22,8,21,0.17073170731707318,34,123,4340,871,train,123,123
19,49,8,25,8,19,0.2261904761904762,28,84,6905,True,872,1123,0,2052,4,27,1,10,6,17,0.20238095238095238,26,84,2052,872,train,84,84
23,58,18,33,10,20,0.20833333333333334,30,96,12061,True,873,1265,0,4692,14,41,3,19,7,18,0.1875,26,96,4692,873,train,96,96
21,45,12,29,7,17,0.2328767123287671,23,73,10686,True,874,1267,0,4766,7,31,4,12,3,10,0.136986301369863,17,73,4766,874,train,73,73
17,54,7,24,7,18,0.1875,31,96,7689,True,875,1235,0,2462,4,21,2,7,3,12,0.125,23,96,2462,875,train,96,96
17,51,6,23,8,20,0.2247191011235955,31,89,5879,True,876,952,0,1617,3,28,2,8,4,17,0.19101123595505617,31,89,1617,876,train,89,89
37,76,7,50,15,37,0.3557692307692308,49,104,12140,True,877,1283,0,3321,5,45,2,13,7,26,0.25,40,104,3321,877,train,104,104
22,60,12,34,8,20,0.2127659574468085,32,94,8994,True,878,974,0,3185,9,31,3,14,4,13,0.13829787234042554,24,94,3185,878,train,94,94
12,35,6,20,6,14,0.2028985507246377,22,69,5568,True,879,1248,0,1422,2,19,1,5,3,11,0.15942028985507245,20,69,1422,879,train,69,69
20,43,7,29,9,20,0.2564102564102564,28,78,7366,True,880,1259,0,2087,4,27,1,9,5,17,0.21794871794871795,28,78,2087,880,train,78,78
18,57,12,32,8,21,0.1926605504587156,33,109,9944,True,881,1243,0,3935,9,32,4,13,5,13,0.11926605504587157,24,109,3935,881,train,109,109
21,53,5,30,9,22,0.23404255319148937,31,94,7652,True,882,1250,0,2556,3,30,2,10,6,18,0.19148936170212766,27,94,2556,882,train,94,94
23,68,7,39,13,32,0.32,44,100,9118,True,883,1229,0,2910,5,41,0,16,10,26,0.26,37,100,2910,883,train,100,100
24,66,5,41,11,30,0.2803738317757009,40,107,8925,True,884,1157,0,3022,6,43,2,14,7,23,0.21495327102803738,36,107,3022,884,train,107,107
15,41,8,23,8,16,0.21621621621621623,24,74,4999,True,885,944,0,1217,3,21,1,8,5,13,0.17567567567567569,23,74,1217,885,train,74,74
19,53,9,27,7,19,0.1792452830188679,31,106,9830,True,886,1284,0,3492,8,31,2,10,4,14,0.1320754716981132,27,106,3492,886,train,106,106
22,57,8,32,8,22,0.24444444444444444,32,90,9624,True,887,1277,0,3360,7,35,2,13,5,16,0.17777777777777778,26,90,3360,887,train,90,90
23,55,12,26,9,20,0.20202020202020202,29,99,10611,True,888,1281,0,3943,9,30,5,16,6,15,0.15151515151515152,24,99,3943,888,train,99,99
26,71,14,44,12,28,0.22580645161290322,41,124,11930,True,889,1230,0,3835,10,44,1,20,9,23,0.18548387096774194,38,124,3835,889,train,124,124
30,68,10,38,12,29,0.2815533980582524,42,103,11135,True,890,1288,0,3834,5,37,2,14,5,19,0.18446601941747573,29,103,3834,890,train,103,103
16,49,7,24,6,17,0.1827956989247312,26,93,6771,True,891,1124,0,2391,6,26,2,7,4,14,0.15053763440860216,26,93,2391,891,train,93,93
30,79,15,42,13,29,0.26126126126126126,43,111,12200,True,892,1202,0,2617,4,38,2,13,8,22,0.1981981981981982,34,111,2617,892,train,111,111
27,81,8,52,15,37,0.3162393162393162,51,117,10636,True,893,1212,0,3362,8,50,2,14,9,30,0.2564102564102564,44,117,3362,893,train,117,117
24,65,9,39,12,28,0.23728813559322035,40,118,9968,True,894,1219,0,3453,7,38,2,16,8,21,0.17796610169491525,34,118,3453,894,train,118,118
32,68,12,47,13,31,0.26495726495726496,43,117,12329,True,895,1243,0,4724,8,49,2,21,8,23,0.19658119658119658,36,117,4724,895,train,117,117
27,64,8,45,12,29,0.25892857142857145,41,112,9802,True,896,1202,0,2966,7,40,1,10,7,23,0.20535714285714285,38,112,2966,896,train,112,112
25,69,8,42,11,29,0.23770491803278687,41,122,10527,True,897,1266,0,3446,7,42,1,11,6,23,0.1885245901639344,37,122,3446,897,train,122,122
17,66,3,28,11,30,0.27522935779816515,45,109,6358,True,898,1227,0,1870,2,32,0,10,9,28,0.25688073394495414,46,109,1870,898,train,109,109
17,44,6,31,9,22,0.2972972972972973,30,74,5417,True,899,1020,0,1344,3,25,0,6,6,17,0.22972972972972974,26,74,1344,899,train,74,74
19,41,11,26,7,15,0.17857142857142858,22,84,9767,True,900,1288,0,4157,9,30,5,15,6,13,0.15476190476190477,20,84,4157,900,train,84,84
24,53,10,34,9,22,0.2682926829268293,32,82,8208,True,901,1012,0,3043,9,35,3,17,6,16,0.1951219512195122,26,82,3043,901,train,82,82
20,52,5,34,11,25,0.3125,34,80,7390,True,902,1218,0,2067,5,34,0,10,8,21,0.2625,32,80,2067,902,train,80,80
32,65,6,44,16,33,0.2682926829268293,43,123,10250,True,903,1228,0,2975,3,45,1,16,11,29,0.23577235772357724,42,123,2975,903,train,123,123
26,74,10,46,14,33,0.28448275862068967,46,116,9967,True,904,1171,0,3082,6,49,2,12,9,29,0.25,44,116,3082,904,train,116,116
27,67,11,45,12,29,0.24786324786324787,42,117,10491,True,905,1216,0,3245,8,44,0,14,9,25,0.21367521367521367,38,117,3245,905,train,117,117
17,56,12,27,8,19,0.18446601941747573,30,103,7900,True,906,1087,0,2759,6,30,3,11,4,15,0.14563106796116504,26,103,2759,906,train,103,103
27,82,9,39,14,33,0.2619047619047619,49,126,9802,True,907,1146,0,3007,7,48,1,13,10,28,0.2222222222222222,46,126,3007,907,train,126,126
23,47,13,30,8,16,0.19753086419753085,24,81,10474,True,908,1120,0,3105,10,30,3,11,5,12,0.14814814814814814,21,81,3105,908,train,81,81
21,57,7,41,11,29,0.29591836734693877,39,98,8273,True,909,1160,0,2839,4,42,2,11,6,22,0.22448979591836735,35,98,2839,909,train,98,98
11,32,6,16,5,13,0.18309859154929578,21,71,5223,True,910,1207,0,1452,3,15,1,6,3,10,0.14084507042253522,18,71,1452,910,train,71,71
19,64,7,25,9,22,0.2037037037037037,36,108,6460,True,911,1091,0,2164,6,30,0,11,6,19,0.17592592592592593,35,108,2164,911,train,108,108
34,63,7,44,15,32,0.3368421052631579,41,95,9065,True,912,1151,0,2426,4,43,1,12,11,28,0.29473684210526313,39,95,2426,912,train,95,95
14,62,7,29,8,24,0.2891566265060241,37,83,7811,True,913,1235,0,2467,5,27,1,9,5,15,0.18072289156626506,29,83,2467,913,train,83,83
26,51,14,35,8,21,0.22826086956521738,29,92,11142,True,914,1100,0,3735,9,32,3,12,3,11,0.11956521739130435,19,92,3735,914,train,92,92
19,42,12,25,7,16,0.19047619047619047,22,84,8796,True,915,1295,0,3093,7,27,1,12,5,12,0.14285714285714285,19,84,3093,915,train,84,84
20,57,14,28,8,17,0.1827956989247312,28,93,11496,True,916,1252,0,4346,14,28,6,15,6,13,0.13978494623655913,19,93,4346,916,train,93,93
18,58,5,28,9,25,0.22123893805309736,38,113,7110,True,917,1210,0,2313,1,33,1,8,7,24,0.21238938053097345,42,113,2313,917,train,113,113
22,54,13,30,8,20,0.19230769230769232,30,104,10641,True,918,1289,0,2995,7,25,3,9,4,11,0.10576923076923077,21,104,2995,918,train,104,104
27,53,12,30,9,22,0.23157894736842105,30,95,9921,True,919,1239,0,3206,9,32,1,13,7,17,0.17894736842105263,27,95,3206,919,train,95,95
13,48,10,23,6,16,0.1553398058252427,26,103,7950,True,920,1250,0,2947,6,26,3,10,5,12,0.11650485436893204,24,103,2947,920,train,103,103
16,51,6,27,8,21,0.23595505617977527,33,89,5851,True,921,1075,0,1904,4,24,1,9,5,16,0.1797752808988764,26,89,1904,921,train,89,89
34,77,10,47,13,32,0.2601626016260163,44,123,13172,True,922,1263,0,4230,7,47,4,16,6,23,0.18699186991869918,37,123,4230,922,train,123,123
24,79,4,44,16,37,0.30833333333333335,52,120,7751,True,923,1067,0,2249,1,42,1,6,9,30,0.25,49,120,2249,923,train,120,120
20,57,14,30,9,20,0.20408163265306123,29,98,10177,True,924,1268,0,3715,11,32,2,16,7,16,0.16326530612244897,24,98,3715,924,train,98,98
27,66,11,42,12,29,0.25,40,116,10221,True,925,1089,0,4133,9,48,3,20,7,24,0.20689655172413793,36,116,4133,925,train,116,116
28,77,12,42,11,29,0.24166666666666667,43,120,10240,True,926,1075,0,4378,12,46,4,19,8,22,0.18333333333333332,36,120,4378,926,train,120,120
17,38,11,19,7,14,0.15730337078651685,19,89,8412,True,927,1265,0,3245,8,22,2,12,4,11,0.12359550561797752,18,89,3245,927,train,89,89
20,48,8,30,8,19,0.2111111111111111,28,90,8334,True,928,1188,0,2334,4,29,1,8,4,14,0.15555555555555556,25,90,2334,928,train,90,90
23,55,8,31,9,22,0.24719101123595505,31,89,8623,True,929,1248,0,2589,5,32,2,10,5,17,0.19101123595505617,27,89,2589,929,train,89,89
20,55,10,29,7,20,0.17699115044247787,32,113,10157,True,930,1264,0,4055,9,32,4,12,4,12,0.10619469026548672,23,113,4055,930,train,113,113
12,47,7,24,5,15,0.189873417721519,25,79,8370,True,931,1274,0,2837,4,21,4,4,3,9,0.11392405063291139,19,79,2837,931,train,79,79
23,45,9,27,9,19,0.2159090909090909,26,88,9382,True,932,1279,0,3307,8,33,1,16,7,17,0.19318181818181818,24,88,3307,932,train,88,88
25,57,10,34,8,21,0.2441860465116279,30,86,11257,True,933,1291,0,4654,8,39,5,14,5,14,0.16279069767441862,25,86,4654,933,train,86,86
17,43,10,24,6,14,0.16666666666666666,21,84,9454,True,934,1280,0,3424,7,25,4,11,4,11,0.13095238095238096,17,84,3424,934,train,84,84
23,50,11,29,8,19,0.22093023255813954,26,86,10954,True,935,1227,0,3769,8,28,2,13,4,12,0.13953488372093023,19,86,3769,935,train,86,86
17,50,8,25,6,16,0.18604651162790697,25,86,9221,True,936,1265,0,3735,7,28,4,13,4,12,0.13953488372093023,20,86,3735,936,train,86,86
24,60,11,34,9,22,0.21359223300970873,32,103,11073,True,937,1263,0,4089,8,38,5,16,6,16,0.1553398058252427,27,103,4089,937,train,103,103
22,51,9,31,8,20,0.2222222222222222,29,90,9766,True,938,1257,0,3687,7,37,3,12,5,16,0.17777777777777778,26,90,3687,938,train,90,90
25,62,11,33,9,23,0.21100917431192662,33,109,10919,True,939,1264,0,5038,12,42,4,20,7,18,0.1651376146788991,29,109,5038,939,train,109,109
23,60,11,34,9,22,0.20952380952380953,34,105,10416,True,940,1185,0,3961,8,38,4,16,5,17,0.1619047619047619,28,105,3961,940,train,105,105
23,60,11,41,9,25,0.2717391304347826,36,92,11199,True,941,1265,0,3370,6,34,4,9,4,14,0.15217391304347827,26,92,3370,941,train,92,92
33,80,14,48,13,32,0.24060150375939848,45,133,13494,True,942,1254,0,4395,8,46,3,21,9,26,0.19548872180451127,40,133,4395,942,train,133,133
21,49,11,31,9,20,0.21978021978021978,29,91,9575,True,943,1239,0,3643,10,36,2,18,7,18,0.1978021978021978,26,91,3643,943,train,91,91
18,51,8,33,6,20,0.25,30,80,9781,True,944,1238,0,3842,5,26,4,8,3,7,0.0875,16,80,3842,944,train,80,80
20,51,13,30,7,18,0.17647058823529413,27,102,11060,True,945,1286,0,4450,8,28,4,11,4,10,0.09803921568627451,20,102,4450,945,train,102,102
24,64,15,33,9,21,0.17796610169491525,33,118,10647,True,946,1099,0,4949,12,42,5,18,7,16,0.13559322033898305,27,118,4949,946,train,118,118
25,67,14,37,11,25,0.2840909090909091,37,88,9176,True,947,993,0,2589,6,36,3,13,6,18,0.20454545454545456,30,88,2589,947,train,88,88
18,52,10,26,6,16,0.2077922077922078,24,77,10230,True,948,1277,0,3825,9,27,5,11,4,9,0.11688311688311688,18,77,3825,948,train,77,77
22,49,10,31,7,18,0.20224719101123595,27,89,11053,True,949,1274,0,4216,8,37,4,11,4,11,0.12359550561797752,22,89,4216,949,train,89,89
22,66,11,36,9,25,0.22522522522522523,40,111,10900,True,950,1210,0,4395,9,39,3,15,5,16,0.14414414414414414,30,111,4395,950,train,111,111
21,56,10,32,7,20,0.2222222222222222,31,90,10175,True,951,1240,0,3576,6,32,4,10,4,11,0.12222222222222222,21,90,3576,951,train,90,90
25,48,11,34,9,22,0.2972972972972973,29,74,10415,True,952,1276,0,3467,8,36,3,15,5,15,0.20270270270270271,23,74,3467,952,train,74,74
18,54,10,25,7,15,0.14423076923076922,24,104,10859,True,953,1284,0,4183,8,27,6,13,5,10,0.09615384615384616,18,104,4183,953,train,104,104
20,42,7,24,7,16,0.1839080459770115,22,87,8320,True,954,1272,0,2934,6,26,1,10,4,13,0.14942528735632185,20,87,2934,954,train,87,87
10,36,6,15,4,9,0.14516129032258066,16,62,7127,True,955,1296,0,2749,5,18,3,6,3,6,0.0967741935483871,12,62,2749,955,train,62,62
7,22,4,10,2,7,0.12280701754385964,12,57,4781,True,956,1292,0,2507,2,10,2,3,2,2,0.03508771929824561,5,57,2507,956,train,57,57
14,37,10,17,5,11,0.13414634146341464,17,82,8192,True,957,1288,0,3400,5,18,3,8,3,7,0.08536585365853659,13,82,3400,957,train,82,82
19,45,10,29,7,16,0.1927710843373494,25,83,9754,True,958,1285,0,3423,8,25,3,11,4,10,0.12048192771084337,18,83,3423,958,train,83,83
26,50,15,35,10,21,0.22105263157894736,29,95,12137,True,959,1286,0,4687,14,36,3,17,7,15,0.15789473684210525,25,95,4687,959,train,95,95
29,72,14,43,11,28,0.26666666666666666,41,105,13325,True,960,1242,0,3657,8,40,2,14,7,20,0.19047619047619047,33,105,3657,960,train,105,105
26,64,12,42,12,29,0.26851851851851855,40,108,9986,True,961,1224,0,3369,7,44,0,16,9,22,0.2037037037037037,36,108,3369,961,train,108,108
19,52,7,27,7,19,0.1743119266055046,28,109,8470,True,962,1229,0,3425,6,29,2,11,3,14,0.12844036697247707,25,109,3425,962,train,109,109
22,63,11,31,8,21,0.17355371900826447,32,121,11509,True,963,1288,0,5095,9,38,6,17,5,15,0.12396694214876033,26,121,5095,963,train,121,121
26,67,9,35,9,25,0.20491803278688525,37,122,11196,True,964,1264,0,4413,6,41,3,11,4,17,0.13934426229508196,31,122,4413,964,train,122,122
25,64,12,37,10,23,0.21904761904761905,33,105,10868,True,965,1277,0,3718,9,34,3,16,7,19,0.18095238095238095,28,105,3718,965,train,105,105
26,63,9,35,11,26,0.26,39,100,9386,True,966,1150,0,2961,6,36,1,14,7,19,0.19,31,100,2961,966,train,100,100
20,61,10,29,8,21,0.19090909090909092,34,110,9710,True,967,1235,0,3834,8,36,3,13,5,15,0.13636363636363635,29,110,3834,967,train,110,110
28,61,9,34,11,26,0.2826086956521739,37,92,7566,True,968,1018,0,2339,6,37,1,11,7,22,0.2391304347826087,35,92,2339,968,train,92,92
21,55,10,33,10,24,0.2608695652173913,34,92,8056,True,969,1130,0,2698,4,34,2,13,6,20,0.21739130434782608,30,92,2698,969,train,92,92
30,73,15,41,13,29,0.25892857142857145,42,112,10871,True,970,1140,0,3650,8,42,3,18,8,22,0.19642857142857142,35,112,3650,970,train,112,112
23,63,9,39,11,27,0.25471698113207547,38,106,10084,True,971,1271,0,2713,6,36,0,12,8,22,0.20754716981132076,34,106,2713,971,train,106,106
26,73,9,46,12,31,0.25,44,124,9527,True,972,1053,0,3397,8,47,2,17,8,24,0.1935483870967742,40,124,3397,972,train,124,124
26,64,14,38,11,24,0.26373626373626374,35,91,11193,True,973,1144,0,3408,8,32,3,18,6,18,0.1978021978021978,25,91,3408,973,train,91,91
19,50,11,25,7,16,0.1797752808988764,24,89,10500,True,974,1292,0,4428,8,31,5,12,4,11,0.12359550561797752,19,89,4428,974,train,89,89
23,59,10,36,10,25,0.2976190476190476,35,84,7306,True,975,1062,0,2170,6,32,0,14,7,18,0.21428571428571427,30,84,2170,975,train,84,84
23,57,11,37,9,23,0.2169811320754717,33,106,9442,True,976,1080,0,3847,9,41,3,17,5,16,0.1509433962264151,27,106,3847,976,train,106,106
27,84,9,45,14,35,0.2734375,50,128,9403,True,977,1100,0,3434,5,54,2,18,9,29,0.2265625,47,128,3434,977,train,128,128
30,85,11,49,15,37,0.2781954887218045,52,133,9948,True,978,948,0,3416,7,55,4,23,10,30,0.22556390977443608,47,133,3416,978,train,133,133
23,79,14,38,11,26,0.2,42,130,10960,True,979,1100,0,4205,13,45,4,19,7,18,0.13846153846153847,34,130,4205,979,train,130,130
20,53,11,25,8,18,0.17142857142857143,27,105,9857,True,980,1273,0,3231,7,28,3,11,4,14,0.13333333333333333,23,105,3231,980,train,105,105
22,58,16,36,9,19,0.17117117117117117,31,111,12882,True,981,1249,0,4563,11,33,3,17,6,15,0.13513513513513514,23,111,4563,981,train,111,111
24,67,11,35,11,27,0.24107142857142858,39,112,10564,True,982,1276,0,3149,8,36,1,16,8,20,0.17857142857142858,33,112,3149,982,train,112,112
21,43,13,25,7,15,0.2,20,75,11568,True,983,1261,0,4162,9,25,4,13,5,10,0.13333333333333333,16,75,4162,983,train,75,75
24,50,7,33,7,20,0.25316455696202533,28,79,10730,True,984,1293,0,4388,7,32,3,11,3,12,0.1518987341772152,21,79,4388,984,train,79,79
19,44,11,30,7,16,0.19047619047619047,26,84,10878,True,985,1283,0,5110,9,30,3,12,3,10,0.11904761904761904,18,84,5110,985,train,84,84
13,27,8,17,4,8,0.14035087719298245,13,57,8642,True,986,1299,0,4302,7,14,4,8,3,5,0.08771929824561403,7,57,4302,986,train,57,57
29,70,13,44,12,29,0.25,43,116,9777,True,987,1036,0,2562,5,37,1,14,7,21,0.1810344827586207,35,116,2562,987,train,116,116
13,35,7,20,5,12,0.21052631578947367,19,57,7217,True,988,1280,0,2876,5,20,2,8,2,7,0.12280701754385964,13,57,2876,988,train,57,57
18,47,12,24,6,15,0.15625,23,96,10173,True,989,1289,0,4267,8,27,3,14,3,10,0.10416666666666667,17,96,4267,989,train,96,96
17,41,7,24,6,15,0.1875,23,80,8100,True,990,1288,0,3240,5,26,5,8,3,7,0.0875,16,80,3240,990,train,80,80
18,40,11,25,6,14,0.14583333333333334,21,96,9582,True,991,1253,0,3436,6,26,2,11,3,10,0.10416666666666667,18,96,3436,991,train,96,96
19,54,15,30,8,17,0.19540229885057472,28,87,12030,True,992,1266,0,5380,14,36,5,17,6,13,0.14942528735632185,20,87,5380,992,train,87,87
17,39,9,20,5,13,0.17333333333333334,18,75,9179,True,993,1278,0,3684,6,20,3,8,3,6,0.08,12,75,3684,993,train,75,75
15,32,8,20,5,12,0.1791044776119403,17,67,8292,True,994,1260,0,3375,8,20,3,11,4,8,0.11940298507462686,12,67,3375,994,train,67,67
18,39,12,27,8,16,0.2318840579710145,23,69,8175,True,995,1208,0,3195,9,26,2,17,6,13,0.18840579710144928,18,69,3195,995,train,69,69
24,60,8,38,11,27,0.2903225806451613,37,93,9272,True,996,1196,0,3031,7,41,1,14,8,22,0.23655913978494625,33,93,3031,996,train,93,93
29,67,15,37,11,24,0.21238938053097345,34,113,13290,True,997,1275,0,4889,13,36,2,21,7,18,0.1592920353982301,26,113,4889,997,train,113,113
31,67,12,42,12,29,0.26851851851851855,40,108,10565,True,998,1078,0,2787,7,39,1,13,7,22,0.2037037037037037,34,108,2787,998,train,108,108
25,70,9,36,11,28,0.2413793103448276,42,116,9620,True,999,1203,0,2640,6,38,1,10,7,24,0.20689655172413793,40,116,2640,999,train,116,116
23,56,9,40,8,23,0.4107142857142857,34,56,416,,0,49,1,158,7,39,5,11,5,14,0.358974358974359,23,39,161,,val,97,97
21,53,14,31,8,17,0.32075471698113206,27,53,452,,1,50,1,156,10,32,2,13,4,11,0.34375,17,32,159,,val,72,72
24,51,16,35,9,21,0.4117647058823529,30,51,473,,2,51,2,167,9,45,3,19,6,18,0.4,28,45,172,,val,78,78
21,49,12,26,8,17,0.3469387755102041,24,49,379,,3,48,1,183,15,28,5,17,5,12,0.42857142857142855,16,28,184,,val,99,99
22,50,13,32,9,19,0.38,27,50,447,,4,52,0,169,9,35,3,17,6,14,0.4,20,35,169,,val,85,85
15,40,8,21,6,14,0.35,22,40,276,,5,45,0,101,9,21,2,11,4,9,0.42857142857142855,12,21,102,,val,87,87
28,63,11,39,11,26,0.4126984126984127,35,63,451,,6,51,3,165,8,38,4,17,6,16,0.42105263157894735,24,38,165,,val,100,100
32,60,15,41,12,26,0.43333333333333335,35,60,474,,7,49,5,183,11,50,4,24,8,23,0.46,32,50,187,,val,92,92
35,76,15,47,12,29,0.3815789473684211,41,76,565,,8,50,1,192,11,43,6,14,6,14,0.32558139534883723,24,43,195,,val,112,112
17,25,12,19,6,12,0.48,15,25,324,,9,50,1,115,7,20,3,12,4,9,0.45,12,20,117,,val,51,51
16,37,11,24,6,14,0.3783783783783784,20,37,345,,10,52,0,139,6,25,4,11,3,8,0.32,13,25,143,,val,65,65
10,23,8,18,4,9,0.391304347826087,12,23,288,,11,53,5,123,4,15,3,9,2,5,0.3333333333333333,7,15,126,,val,43,43
24,52,14,34,8,19,0.36538461538461536,28,52,442,,12,50,0,169,10,31,3,15,5,11,0.3548387096774194,17,31,170,,val,88,88
13,29,8,17,5,10,0.3448275862068966,14,29,305,,13,53,4,125,7,21,3,10,3,7,0.3333333333333333,11,21,126,,val,67,67
11,16,8,13,4,7,0.4375,9,16,269,,14,48,0,104,6,15,2,9,2,6,0.4,9,15,106,,val,44,44
15,41,10,19,5,11,0.2682926829268293,17,41,325,,15,50,2,158,8,27,5,11,4,8,0.2962962962962963,14,27,161,,val,80,80
21,43,10,23,6,15,0.3488372093023256,20,43,375,,16,46,0,148,7,31,3,11,3,10,0.3225806451612903,17,31,154,,val,75,75
10,22,5,13,3,7,0.3181818181818182,10,22,222,,17,47,0,106,3,15,3,6,2,4,0.26666666666666666,7,15,109,,val,60,60
18,53,10,24,7,16,0.3018867924528302,24,53,415,,18,54,3,153,10,28,3,12,4,9,0.32142857142857145,14,28,153,,val,76,76
17,32,10,18,6,12,0.375,16,32,357,,19,48,0,155,11,19,4,14,4,8,0.42105263157894735,11,19,155,,val,63,63
25,39,12,28,8,17,0.4358974358974359,23,39,356,,20,44,1,124,6,31,2,15,4,14,0.45161290322580644,20,31,126,,val,74,74
27,57,12,38,9,23,0.40350877192982454,31,57,487,,21,52,2,144,5,32,3,12,4,13,0.40625,21,32,147,,val,84,84
16,30,9,19,5,12,0.4,16,30,295,,22,49,1,146,7,22,4,11,3,7,0.3181818181818182,12,22,148,,val,61,61
20,48,10,33,8,18,0.375,27,48,429,,23,57,1,148,11,31,1,19,6,14,0.45161290322580644,19,31,150,,val,79,79
14,28,7,18,4,10,0.35714285714285715,14,28,296,,24,49,1,123,3,19,3,5,2,3,0.15789473684210525,7,19,123,,val,56,56
16,36,12,24,7,12,0.3333333333333333,17,36,466,,25,53,1,204,11,31,5,14,4,10,0.3225806451612903,17,31,208,,val,92,92
30,68,13,45,10,27,0.39705882352941174,38,68,533,,26,55,2,165,11,40,2,14,6,14,0.35,24,40,167,,val,97,97
26,43,11,31,8,19,0.4418604651162791,25,43,403,,27,41,0,153,9,24,5,15,4,10,0.4166666666666667,15,24,153,,val,77,77
14,29,8,19,5,9,0.3103448275862069,14,29,362,,28,51,0,147,8,17,3,11,3,7,0.4117647058823529,9,17,147,,val,57,57
19,41,8,25,6,15,0.36585365853658536,21,41,352,,29,50,6,121,6,22,4,12,3,9,0.4090909090909091,13,22,124,,val,64,64
25,46,15,29,8,18,0.391304347826087,25,46,405,,30,48,2,159,9,25,5,14,4,9,0.36,14,25,159,,val,89,89
28,66,16,36,10,24,0.36363636363636365,34,66,545,,31,54,0,187,8,38,5,17,5,14,0.3684210526315789,21,38,188,,val,94,94
25,49,14,35,10,22,0.4489795918367347,30,49,258,,32,32,1,80,6,29,2,12,5,13,0.4482758620689655,21,29,83,,val,86,86
26,59,14,40,11,23,0.3898305084745763,33,59,481,,33,52,3,149,6,42,4,18,6,18,0.42857142857142855,27,42,152,,val,88,88
24,58,12,30,10,22,0.3793103448275862,32,58,377,,34,43,2,99,6,31,2,9,4,12,0.3870967741935484,21,31,102,,val,87,87
19,53,6,29,7,20,0.37735849056603776,30,53,315,,35,50,4,140,8,36,3,11,4,14,0.3888888888888889,22,36,148,,val,87,87
26,55,10,34,9,24,0.43636363636363634,33,55,372,,36,47,0,110,8,32,1,13,6,15,0.46875,21,32,115,,val,87,87
29,71,15,47,11,26,0.36619718309859156,39,71,598,,37,57,2,233,13,50,7,21,7,18,0.36,27,50,236,,val,104,104
21,48,7,31,6,19,0.3958333333333333,27,48,359,,38,50,2,134,6,27,2,9,3,9,0.3333333333333333,16,27,135,,val,71,71
19,51,12,29,8,18,0.35294117647058826,26,51,412,,39,54,2,132,7,34,2,12,5,13,0.38235294117647056,21,34,134,,val,91,91
39,84,15,58,13,33,0.39285714285714285,47,84,725,,40,57,3,252,15,60,5,25,9,23,0.38333333333333336,35,60,257,,val,129,129
17,51,11,26,7,15,0.29411764705882354,24,51,444,,41,59,3,171,10,34,4,13,5,11,0.3235294117647059,18,34,174,,val,87,87
18,44,13,28,8,16,0.36363636363636365,24,44,340,,42,48,2,136,10,31,4,13,5,12,0.3870967741935484,18,31,138,,val,76,76
17,47,10,24,6,14,0.2978723404255319,23,47,372,,43,50,3,144,8,32,6,8,4,8,0.25,18,32,146,,val,90,90
26,59,13,34,11,25,0.423728813559322,34,59,376,,44,42,3,112,5,39,2,11,5,18,0.46153846153846156,28,39,114,,val,82,82
16,36,11,24,6,12,0.3333333333333333,18,36,362,,45,49,6,122,8,20,3,10,4,8,0.4,11,20,122,,val,58,58
34,70,13,43,10,28,0.4,40,70,489,,46,44,2,124,8,31,4,9,4,9,0.2903225806451613,19,31,127,,val,96,96
19,53,14,34,8,19,0.3584905660377358,30,53,408,,47,46,4,142,11,35,3,14,7,14,0.4,21,35,145,,val,97,97
16,40,11,25,6,14,0.35,21,40,364,,48,52,5,154,7,32,5,9,4,9,0.28125,17,32,160,,val,68,68
30,62,12,41,10,26,0.41935483870967744,36,62,443,,49,46,8,150,8,44,3,12,6,21,0.4772727272727273,29,44,154,,val,99,99
24,58,9,35,10,24,0.41379310344827586,33,58,410,,50,51,2,134,7,41,2,15,7,20,0.4878048780487805,28,41,138,,val,91,91
15,30,8,24,5,13,0.43333333333333335,18,30,298,,51,53,1,97,6,22,1,9,3,9,0.4090909090909091,13,22,97,,val,46,46
20,55,11,30,8,20,0.36363636363636365,30,55,386,,52,49,0,124,10,32,1,12,5,13,0.40625,20,32,125,,val,84,84
20,56,10,32,7,19,0.3392857142857143,30,56,432,,53,59,4,150,8,36,2,16,5,15,0.4166666666666667,22,36,155,,val,92,92
28,60,11,39,10,25,0.4166666666666667,36,60,408,,54,47,2,140,10,37,3,17,6,16,0.43243243243243246,23,37,146,,val,99,99
44,83,17,56,15,35,0.42168674698795183,48,83,644,,55,49,3,202,14,52,3,22,9,24,0.46153846153846156,34,52,206,,val,107,107
25,59,10,35,9,24,0.4067796610169492,33,59,435,,56,52,1,168,9,40,2,18,6,18,0.45,26,40,174,,val,90,90
30,68,16,40,12,26,0.38235294117647056,35,68,550,,57,53,0,225,12,46,4,24,7,19,0.41304347826086957,27,46,229,,val,106,106
30,66,9,46,13,30,0.45454545454545453,40,66,450,,58,55,3,149,5,51,2,20,9,24,0.47058823529411764,36,51,153,,val,98,98
25,58,12,35,10,24,0.41379310344827586,33,58,363,,59,42,2,123,8,35,4,12,5,15,0.42857142857142855,23,35,125,,val,87,87
22,57,7,34,8,21,0.3684210526315789,32,57,285,,60,40,3,85,8,30,1,15,6,14,0.4666666666666667,21,30,90,,val,105,105
18,43,11,28,6,15,0.3488372093023256,22,43,397,,61,56,0,126,6,30,2,10,3,11,0.36666666666666664,18,30,128,,val,62,62
20,53,8,36,7,21,0.39622641509433965,32,53,261,,62,40,0,101,9,32,3,14,4,13,0.40625,22,32,109,,val,89,89
14,55,9,26,7,18,0.32727272727272727,28,55,358,,63,53,2,136,6,35,2,13,5,14,0.4,22,35,139,,val,96,96
21,37,11,24,6,14,0.3783783783783784,19,37,417,,64,51,0,200,10,25,7,14,4,9,0.36,13,25,203,,val,87,87
25,61,13,31,9,21,0.3442622950819672,31,61,407,,65,46,2,142,9,34,4,12,5,13,0.38235294117647056,21,34,145,,val,99,99
32,67,16,49,12,27,0.40298507462686567,39,67,635,,66,57,4,226,11,47,2,27,7,21,0.44680851063829785,30,47,234,,val,109,109
31,72,17,50,12,28,0.3888888888888889,41,72,647,,67,59,3,191,14,47,1,23,8,19,0.40425531914893614,28,47,196,,val,96,96
30,67,12,49,11,29,0.43283582089552236,41,67,359,,68,34,3,151,12,44,4,26,8,20,0.45454545454545453,29,44,155,,val,117,117
11,27,5,15,4,9,0.3333333333333333,13,27,237,,69,52,2,107,3,20,2,6,2,5,0.25,10,20,109,,val,54,54
22,48,10,33,8,19,0.3958333333333333,26,48,441,,70,59,1,179,8,35,3,18,4,13,0.37142857142857144,19,35,180,,val,75,75
12,41,5,18,4,11,0.2682926829268293,19,41,273,,71,54,5,108,5,26,3,8,3,8,0.3076923076923077,15,26,112,,val,62,62
30,71,13,36,10,25,0.352112676056338,35,71,637,,72,66,0,323,14,56,6,23,7,20,0.35714285714285715,30,56,333,,val,123,123
40,77,14,61,14,34,0.44155844155844154,47,77,458,,73,39,5,144,15,49,4,25,9,23,0.46938775510204084,35,49,145,,val,113,113
25,45,12,29,8,16,0.35555555555555557,23,45,457,,74,45,7,213,13,32,7,17,5,11,0.34375,16,32,214,,val,88,88
15,44,7,22,6,14,0.3181818181818182,22,44,282,,75,50,1,140,7,34,6,8,4,10,0.29411764705882354,20,34,149,,val,98,98
20,54,10,26,7,17,0.3148148148148148,26,54,372,,76,49,0,144,9,28,4,12,4,10,0.35714285714285715,16,28,144,,val,102,102
16,34,6,25,5,15,0.4411764705882353,20,34,298,,77,52,1,132,7,25,2,12,3,10,0.4,15,25,137,,val,82,82
10,29,7,12,4,9,0.3103448275862069,13,29,198,,78,42,1,64,4,16,1,7,2,6,0.375,10,16,65,,val,66,66
28,55,12,39,10,25,0.45454545454545453,33,55,410,,79,41,5,120,7,36,1,16,7,17,0.4722222222222222,24,36,121,,val,81,81
13,36,10,15,5,10,0.2777777777777778,15,36,269,,80,46,1,112,8,22,3,11,4,9,0.4090909090909091,12,22,121,,val,76,76
21,49,9,29,8,19,0.3877551020408163,27,49,331,,81,47,1,144,8,39,3,18,6,18,0.46153846153846156,25,39,148,,val,78,78
22,50,9,29,8,19,0.38,26,50,369,,82,56,1,155,9,33,2,16,5,13,0.3939393939393939,19,33,159,,val,79,79
19,40,12,24,6,14,0.35,19,40,412,,83,49,0,167,8,25,4,12,3,8,0.32,13,25,168,,val,70,70
13,27,6,15,4,9,0.3333333333333333,13,27,251,,84,50,4,122,5,22,3,7,2,6,0.2727272727272727,11,22,127,,val,60,60
13,29,7,19,5,11,0.3793103448275862,15,29,312,,85,52,1,149,7,18,4,9,3,6,0.3333333333333333,8,18,152,,val,64,64
20,33,12,20,6,13,0.3939393939393939,17,33,328,,86,45,0,126,7,22,2,12,3,9,0.4090909090909091,12,22,129,,val,74,74
11,22,6,13,4,7,0.3181818181818182,11,22,253,,87,48,0,91,5,14,4,5,3,4,0.2857142857142857,6,14,95,,val,60,60
19,29,11,20,6,11,0.3793103448275862,15,29,364,,88,50,1,143,10,23,4,15,5,10,0.43478260869565216,15,23,144,,val,56,56
23,45,10,26,6,16,0.35555555555555557,22,45,399,,89,50,2,136,6,31,3,11,3,11,0.3548387096774194,18,31,137,,val,76,76
13,26,11,17,5,9,0.34615384615384615,12,26,376,,90,51,0,154,7,16,5,9,3,6,0.375,8,16,155,,val,68,68
18,43,10,26,7,15,0.3488372093023256,22,43,343,,91,48,5,132,9,34,3,14,5,13,0.38235294117647056,21,34,136,,val,70,70
17,26,9,17,4,10,0.38461538461538464,14,26,324,,92,50,1,128,3,20,3,7,2,5,0.25,10,20,130,,val,68,68
15,38,10,21,6,13,0.34210526315789475,18,38,375,,93,55,4,112,5,25,2,12,4,11,0.44,16,25,113,,val,49,49
22,45,7,35,8,20,0.4444444444444444,28,45,374,,94,53,2,108,6,29,1,10,4,11,0.3793103448275862,18,29,110,,val,66,66
16,36,13,21,6,12,0.3333333333333333,16,36,405,,95,50,0,167,8,23,4,12,3,7,0.30434782608695654,12,23,168,,val,71,71
25,52,10,32,8,20,0.38461538461538464,29,52,385,,96,47,3,149,10,30,2,17,5,13,0.43333333333333335,18,30,152,,val,80,80
12,45,8,15,5,11,0.24444444444444444,20,45,309,,97,49,2,146,7,31,3,9,3,8,0.25806451612903225,16,31,151,,val,68,68
17,39,11,25,6,13,0.3333333333333333,19,39,385,,98,48,1,201,12,30,7,15,5,10,0.3333333333333333,15,30,203,,val,81,81
43,82,16,64,19,40,0.4878048780487805,53,82,613,,99,51,2,150,10,59,0,17,11,28,0.4745762711864407,44,59,157,,val,117,117
17,27,10,20,6,12,0.4444444444444444,15,27,349,,100,51,2,151,8,20,3,12,3,7,0.35,10,20,155,,val,48,48
28,58,18,39,9,21,0.3620689655172414,29,58,704,,101,60,5,233,8,41,6,16,4,12,0.2926829268292683,21,41,238,,val,98,98
16,28,11,20,5,11,0.39285714285714285,14,28,366,,102,51,0,162,8,21,2,13,3,8,0.38095238095238093,11,21,166,,val,47,47
19,51,10,29,7,19,0.37254901960784315,30,51,339,,103,45,1,103,7,29,1,10,5,14,0.4827586206896552,19,29,103,,val,101,101
23,53,9,33,9,22,0.41509433962264153,32,53,353,,104,50,5,112,7,33,1,14,6,16,0.48484848484848486,22,33,118,,val,87,87
20,41,10,26,5,14,0.34146341463414637,21,41,367,,105,50,4,153,6,31,4,11,3,10,0.3225806451612903,16,31,156,,val,73,73
22,48,12,31,9,20,0.4166666666666667,28,48,333,,106,43,6,108,7,35,1,11,6,17,0.4857142857142857,24,35,111,,val,78,78
18,63,8,31,7,21,0.3333333333333333,34,63,370,,107,50,2,155,6,40,3,12,3,13,0.325,25,40,156,,val,96,96
24,53,12,37,8,20,0.37735849056603776,29,53,335,,108,38,1,124,10,28,4,15,4,11,0.39285714285714285,16,28,124,,val,89,89
30,66,20,43,13,26,0.3939393939393939,35,66,541,,109,52,0,206,16,47,2,25,10,21,0.44680851063829785,29,47,211,,val,114,114
17,46,10,30,7,16,0.34782608695652173,25,46,394,,110,53,1,171,9,30,5,16,5,11,0.36666666666666664,17,30,174,,val,96,96
28,56,12,31,10,23,0.4107142857142857,30,56,377,,111,48,1,153,11,38,3,18,6,16,0.42105263157894735,23,38,156,,val,124,124
19,50,4,28,9,22,0.44,30,50,256,,112,45,2,55,2,30,1,6,4,18,0.6,24,30,62,,val,93,93
25,63,11,39,10,26,0.4126984126984127,38,63,427,,113,51,0,137,5,42,2,16,7,20,0.47619047619047616,29,42,139,,val,91,91
25,54,10,36,10,24,0.4444444444444444,33,54,352,,114,47,2,95,6,36,2,9,6,17,0.4722222222222222,27,36,97,,val,79,79
23,57,15,37,9,21,0.3684210526315789,30,57,503,,115,51,2,191,11,34,3,20,6,14,0.4117647058823529,21,34,191,,val,102,102
26,59,9,40,12,26,0.4406779661016949,36,59,386,,116,49,6,123,5,39,1,15,5,16,0.41025641025641024,27,39,126,,val,98,98
21,45,11,31,7,18,0.4,25,45,374,,117,48,1,125,7,32,3,14,4,15,0.46875,21,32,127,,val,85,85
25,62,11,38,10,26,0.41935483870967744,36,62,404,,118,51,4,140,6,41,3,15,6,20,0.4878048780487805,27,41,146,,val,107,107
33,86,12,48,12,32,0.37209302325581395,47,86,629,,119,59,4,176,8,47,3,16,6,18,0.3829787234042553,29,47,182,,val,114,114
17,39,10,28,6,15,0.38461538461538464,22,39,264,,120,38,1,99,5,26,2,16,3,11,0.4230769230769231,16,26,101,,val,77,77
17,41,10,25,6,15,0.36585365853658536,22,41,318,,121,47,0,123,9,27,3,11,3,10,0.37037037037037035,15,27,127,,val,82,82
20,46,10,30,8,18,0.391304347826087,26,46,355,,122,49,2,143,10,41,2,18,6,17,0.4146341463414634,27,41,149,,val,96,96
26,43,11,32,8,19,0.4418604651162791,25,43,412,,123,50,0,152,11,32,2,20,7,15,0.46875,20,32,154,,val,72,72
27,57,6,40,11,26,0.45614035087719296,35,57,410,,124,57,5,119,6,43,1,16,9,23,0.5348837209302325,31,43,121,,val,80,80
26,71,13,38,12,27,0.38028169014084506,41,71,550,,125,62,4,172,4,41,3,15,7,19,0.4634146341463415,26,41,175,,val,91,91
26,59,14,38,10,23,0.3898305084745763,32,59,331,,126,40,2,89,8,31,2,18,6,16,0.5161290322580645,23,31,89,,val,84,84
13,37,10,15,5,10,0.2702702702702703,15,37,331,,127,47,0,141,7,26,5,10,3,8,0.3076923076923077,13,26,144,,val,71,71
15,28,5,20,4,11,0.39285714285714285,16,28,274,,128,49,2,101,4,23,2,8,2,8,0.34782608695652173,13,23,103,,val,60,60
16,34,8,20,6,13,0.38235294117647056,18,34,313,,129,51,0,134,7,23,2,14,3,10,0.43478260869565216,14,23,139,,val,75,75
16,28,9,19,5,11,0.39285714285714285,14,28,331,,130,50,0,159,6,19,3,10,2,5,0.2631578947368421,9,19,162,,val,53,53
21,44,10,29,6,16,0.36363636363636365,24,44,414,,131,50,1,166,9,31,4,11,4,11,0.3548387096774194,19,31,166,,val,75,75
24,47,14,38,9,19,0.40425531914893614,28,47,517,,132,56,1,218,14,35,5,21,7,14,0.4,20,35,224,,val,86,86
20,39,9,24,6,15,0.38461538461538464,21,39,337,,133,47,0,143,7,22,4,10,3,8,0.36363636363636365,12,22,145,,val,83,83
14,51,8,28,6,16,0.3137254901960784,26,51,342,,134,46,1,120,5,26,4,10,3,8,0.3076923076923077,14,26,124,,val,74,74
11,24,10,14,5,8,0.3333333333333333,10,24,352,,135,49,0,125,5,14,3,8,2,4,0.2857142857142857,7,14,125,,val,70,70
8,20,6,9,3,6,0.3,7,20,224,,136,50,0,103,3,11,2,3,2,2,0.18181818181818182,3,11,104,,val,38,38
15,35,7,22,5,12,0.34285714285714286,19,35,292,,137,50,0,127,7,24,4,9,3,7,0.2916666666666667,12,24,129,,val,51,51
13,34,9,19,4,10,0.29411764705882354,15,34,332,,138,48,1,133,6,20,4,9,3,6,0.3,10,20,135,,val,58,58
11,30,9,18,5,8,0.26666666666666666,13,30,350,,139,54,0,162,7,19,5,10,3,7,0.3684210526315789,9,19,162,,val,50,50
17,34,9,21,5,12,0.35294117647058826,17,34,388,,140,51,4,164,7,27,5,11,4,8,0.2962962962962963,14,27,165,,val,46,46
19,38,9,22,6,13,0.34210526315789475,18,38,371,,141,48,2,166,7,27,5,13,4,9,0.3333333333333333,15,27,169,,val,66,66
19,40,15,21,7,13,0.325,17,40,452,,142,50,1,169,10,26,4,15,4,10,0.38461538461538464,14,26,175,,val,68,68
9,25,7,13,4,7,0.28,10,25,283,,143,50,4,119,5,19,4,7,2,5,0.2631578947368421,9,19,119,,val,44,44
25,50,13,33,8,19,0.38,25,50,498,,144,53,3,193,11,32,4,17,4,12,0.375,18,32,196,,val,76,76
13,23,7,14,4,9,0.391304347826087,11,23,265,,145,49,2,65,1,16,1,2,1,5,0.3125,10,16,65,,val,42,42
18,37,7,22,5,13,0.35135135135135137,19,37,331,,146,49,1,115,6,21,4,9,3,7,0.3333333333333333,11,21,116,,val,65,65
26,54,10,30,7,19,0.35185185185185186,27,54,451,,147,50,0,180,9,36,5,11,4,10,0.2777777777777778,19,36,182,,val,90,90
27,56,11,36,9,23,0.4107142857142857,32,56,473,,148,52,1,188,12,41,5,19,7,16,0.3902439024390244,24,41,190,,val,100,100
19,45,14,25,8,16,0.35555555555555557,23,45,390,,149,51,1,155,8,33,4,14,5,13,0.3939393939393939,20,33,160,,val,83,83
22,48,9,28,8,19,0.3958333333333333,25,48,375,,150,50,0,109,6,26,1,13,5,12,0.46153846153846156,17,26,111,,val,87,87
12,33,6,21,5,12,0.36363636363636365,18,33,237,,151,54,3,76,4,23,1,10,4,10,0.43478260869565216,15,23,80,,val,65,65
21,41,12,27,7,15,0.36585365853658536,22,41,392,,152,46,0,188,11,30,4,14,4,10,0.3333333333333333,15,30,189,,val,65,65
30,57,15,43,11,24,0.42105263157894735,33,57,552,,153,55,0,209,11,39,4,19,4,14,0.358974358974359,20,39,210,,val,103,103
10,22,6,15,4,8,0.36363636363636365,11,22,227,,154,50,2,99,6,15,2,7,2,5,0.3333333333333333,8,15,102,,val,47,47
18,49,8,30,7,19,0.3877551020408163,27,49,359,,155,52,1,136,3,31,2,15,3,13,0.41935483870967744,19,31,138,,val,97,97
16,43,10,26,6,13,0.3023255813953488,21,43,406,,156,54,2,163,7,38,2,12,3,12,0.3157894736842105,22,38,168,,val,94,94
22,52,10,30,8,19,0.36538461538461536,26,52,414,,157,51,1,153,7,28,2,15,4,11,0.39285714285714285,15,28,155,,val,90,90
20,43,7,32,8,18,0.4186046511627907,26,43,270,,158,40,2,121,12,35,4,20,6,15,0.42857142857142855,23,35,125,,val,91,91
36,68,11,46,13,31,0.45588235294117646,42,68,643,,159,67,2,235,13,53,3,21,9,23,0.4339622641509434,32,53,238,,val,100,100
19,45,6,27,6,17,0.37777777777777777,25,45,319,,160,49,0,106,4,24,3,8,3,8,0.3333333333333333,14,24,108,,val,87,87
21,48,12,27,8,17,0.3541666666666667,23,48,388,,161,52,1,148,10,38,1,19,8,16,0.42105263157894735,23,38,155,,val,104,104
25,66,13,36,10,25,0.3787878787878788,36,66,533,,162,65,0,217,10,56,3,17,7,20,0.35714285714285715,34,56,228,,val,117,117
14,36,9,25,6,16,0.4444444444444444,22,36,183,,163,31,2,63,4,19,2,11,3,9,0.47368421052631576,13,19,65,,val,77,77
17,57,11,29,8,20,0.3508771929824561,30,57,363,,164,53,6,137,9,38,2,13,6,14,0.3684210526315789,24,38,145,,val,95,95
26,51,11,40,10,23,0.45098039215686275,32,51,276,,165,36,3,123,11,37,2,25,7,19,0.5135135135135135,25,37,127,,val,94,94
40,85,15,54,16,37,0.43529411764705883,50,85,768,,166,64,1,219,11,56,3,17,8,22,0.39285714285714285,34,56,228,,val,121,121
37,53,9,53,10,27,0.5094339622641509,36,53,182,,167,20,1,68,12,26,5,26,4,13,0.5,20,26,68,,val,88,88
20,34,11,25,7,15,0.4411764705882353,20,34,302,,168,45,2,77,5,24,2,9,4,12,0.5,17,24,79,,val,68,68
19,49,9,25,7,16,0.32653061224489793,24,49,368,,169,57,0,137,8,28,3,15,4,12,0.42857142857142855,17,28,142,,val,92,92
29,58,12,49,11,27,0.46551724137931033,38,58,320,,170,37,1,110,10,39,3,18,7,18,0.46153846153846156,28,39,112,,val,103,103
21,42,12,30,8,18,0.42857142857142855,24,42,350,,171,52,1,114,7,26,2,14,5,11,0.4230769230769231,16,26,115,,val,100,100
21,47,9,27,7,18,0.3829787234042553,24,47,378,,172,53,2,128,6,33,3,11,4,14,0.42424242424242425,20,33,130,,val,102,102
23,64,10,32,10,25,0.390625,37,64,338,,173,44,3,122,7,41,2,15,7,20,0.4878048780487805,29,41,126,,val,93,93
20,44,12,28,8,17,0.38636363636363635,24,44,404,,174,54,1,145,11,32,2,16,6,13,0.40625,18,32,147,,val,77,77
20,49,11,32,9,19,0.3877551020408163,27,49,341,,175,41,5,139,8,36,3,19,6,17,0.4722222222222222,23,36,142,,val,91,91
22,63,9,43,10,27,0.42857142857142855,37,63,433,,176,53,2,130,5,37,2,14,5,17,0.4594594594594595,24,37,134,,val,94,94
27,66,13,38,10,24,0.36363636363636365,34,66,492,,177,54,1,165,8,43,4,17,6,17,0.3953488372093023,26,43,172,,val,100,100
16,44,7,27,6,16,0.36363636363636365,25,44,325,,178,51,0,139,7,28,4,9,3,9,0.32142857142857145,16,28,141,,val,87,87
22,60,10,35,9,23,0.38333333333333336,34,60,362,,179,48,1,135,8,41,2,15,6,18,0.43902439024390244,28,41,139,,val,116,116
26,48,13,31,10,20,0.4166666666666667,26,48,433,,180,58,2,165,12,38,2,20,8,16,0.42105263157894735,23,38,171,,val,77,77
25,52,9,34,8,21,0.40384615384615385,28,52,419,,181,49,1,145,7,33,3,15,4,14,0.42424242424242425,21,33,145,,val,81,81
22,51,12,34,8,19,0.37254901960784315,27,51,457,,182,57,6,164,10,31,4,13,4,10,0.3225806451612903,15,31,167,,val,82,82
18,40,7,23,6,15,0.375,21,40,270,,183,49,2,118,7,29,2,12,4,10,0.3448275862068966,17,29,124,,val,83,83
19,55,7,35,9,23,0.41818181818181815,32,55,353,,184,53,2,135,5,45,2,13,6,20,0.4444444444444444,31,45,141,,val,95,95
16,37,10,23,5,13,0.35135135135135137,19,37,329,,185,46,1,67,4,16,2,4,2,5,0.3125,10,16,68,,val,67,67
28,56,14,39,10,23,0.4107142857142857,32,56,468,,186,50,1,146,10,39,2,18,7,17,0.4358974358974359,25,39,147,,val,110,110
47,98,14,64,19,46,0.46938775510204084,62,98,576,,187,48,3,194,11,68,2,24,13,34,0.5,48,68,200,,val,160,160
19,43,11,25,6,15,0.3488372093023256,21,43,366,,188,47,1,139,6,30,3,12,3,10,0.3333333333333333,16,30,142,,val,79,79
19,55,7,30,6,20,0.36363636363636365,30,55,344,,189,50,2,105,5,28,3,8,3,10,0.35714285714285715,18,28,106,,val,88,88
17,29,11,22,5,11,0.3793103448275862,16,29,317,,190,43,2,121,6,21,3,9,3,7,0.3333333333333333,11,21,122,,val,62,62
26,57,16,37,11,22,0.38596491228070173,32,57,442,,191,50,2,132,8,39,1,16,6,18,0.46153846153846156,26,39,133,,val,89,89
30,73,10,44,11,29,0.3972602739726027,42,73,511,,192,59,0,153,8,37,2,16,5,15,0.40540540540540543,22,37,154,,val,111,111
22,57,10,35,10,23,0.40350877192982454,34,57,326,,193,41,2,100,5,30,2,9,4,12,0.4,20,30,103,,val,99,99
25,56,12,38,9,23,0.4107142857142857,32,56,456,,194,52,4,163,9,32,3,19,5,15,0.46875,21,32,165,,val,95,95
24,58,8,37,10,24,0.41379310344827586,34,58,416,,195,57,1,120,2,42,1,16,7,20,0.47619047619047616,30,42,125,,val,94,94
25,52,16,38,9,20,0.38461538461538464,28,52,355,,196,39,2,132,13,35,3,22,7,15,0.42857142857142855,22,35,137,,val,106,106
21,59,11,34,9,22,0.3728813559322034,33,59,499,,197,61,2,179,8,46,1,14,7,19,0.41304347826086957,28,46,183,,val,96,96
20,59,11,35,8,19,0.3220338983050847,30,59,465,,198,55,4,151,7,34,2,15,4,13,0.38235294117647056,19,34,155,,val,102,102
19,42,9,29,6,16,0.38095238095238093,24,42,335,,199,48,1,140,7,32,2,15,4,13,0.40625,19,32,143,,val,80,80
17,47,9,29,7,19,0.40425531914893614,28,47,313,,200,49,5,114,4,31,2,7,3,10,0.3225806451612903,20,31,116,,val,82,82
29,70,9,44,12,29,0.4142857142857143,42,70,426,,201,49,5,147,12,48,1,19,10,24,0.5,33,48,154,,val,101,101
18,58,11,31,9,22,0.3793103448275862,33,58,331,,202,51,5,124,6,44,1,17,9,21,0.4772727272727273,31,44,132,,val,100,100
28,55,15,40,10,23,0.41818181818181815,31,55,512,,203,59,1,131,7,35,2,16,6,15,0.42857142857142855,22,35,132,,val,95,95
27,60,10,39,9,25,0.4166666666666667,35,60,416,,204,48,2,150,8,40,3,15,6,18,0.45,26,40,161,,val,106,106
20,63,9,32,9,23,0.36507936507936506,37,63,388,,205,51,1,163,7,44,3,14,5,18,0.4090909090909091,28,44,167,,val,123,123
19,53,10,31,7,18,0.33962264150943394,29,53,356,,206,48,0,135,5,34,4,10,3,12,0.35294117647058826,21,34,139,,val,99,99
26,59,11,40,11,25,0.423728813559322,34,59,463,,207,57,1,176,9,40,2,20,7,18,0.45,25,40,177,,val,100,100
17,49,7,30,7,19,0.3877551020408163,27,49,340,,208,60,5,128,9,35,3,12,6,13,0.37142857142857144,22,35,132,,val,82,82
22,41,9,31,8,18,0.43902439024390244,25,41,328,,209,49,1,95,6,20,2,10,3,9,0.45,13,20,97,,val,68,68
15,35,8,18,5,11,0.3142857142857143,16,35,296,,210,49,1,109,5,20,4,8,3,6,0.3,9,20,111,,val,65,65
21,58,11,38,10,25,0.43103448275862066,34,58,393,,211,51,0,160,12,40,2,19,8,17,0.425,24,40,161,,val,95,95
19,43,7,26,7,17,0.3953488372093023,24,43,315,,212,49,0,87,5,26,2,8,4,11,0.4230769230769231,17,26,90,,val,78,78
33,75,10,41,11,29,0.38666666666666666,41,75,455,,213,48,2,161,5,40,3,14,3,14,0.35,24,40,161,,val,113,113
21,54,10,28,9,20,0.37037037037037035,29,54,332,,214,47,4,122,8,39,2,14,7,19,0.48717948717948717,27,39,128,,val,91,91
26,60,10,37,11,25,0.4166666666666667,35,60,428,,215,54,2,156,10,43,2,17,7,18,0.4186046511627907,27,43,163,,val,106,106
19,48,12,26,7,16,0.3333333333333333,22,48,391,,216,50,4,117,8,30,2,12,4,12,0.4,18,30,124,,val,87,87
12,50,7,31,6,19,0.38,29,50,351,,217,54,2,111,5,21,2,8,3,7,0.3333333333333333,11,21,114,,val,91,91
16,35,8,21,5,12,0.34285714285714286,17,35,368,,218,54,2,130,5,30,4,10,4,9,0.3,17,30,135,,val,92,92
27,52,11,38,9,22,0.4230769230769231,30,52,462,,219,56,2,136,7,35,3,14,5,16,0.45714285714285713,23,35,138,,val,84,84
26,46,9,34,9,21,0.45652173913043476,28,46,268,,220,38,0,63,3,27,2,12,5,15,0.5555555555555556,21,27,64,,val,80,80
14,35,11,20,6,11,0.3142857142857143,16,35,345,,221,52,0,137,6,28,3,10,3,8,0.2857142857142857,14,28,143,,val,68,68
18,44,8,25,7,17,0.38636363636363635,24,44,298,,222,45,1,118,7,30,2,10,4,10,0.3333333333333333,18,30,122,,val,93,93
17,43,11,22,7,15,0.3488372093023256,24,43,293,,223,49,1,104,6,32,2,9,3,12,0.375,22,32,108,,val,84,84
13,33,4,15,4,12,0.36363636363636365,18,33,235,,224,51,1,98,3,23,3,6,2,6,0.2608695652173913,13,23,101,,val,80,80
18,47,11,29,7,17,0.3617021276595745,25,47,363,,225,51,0,130,7,27,4,13,4,11,0.4074074074074074,16,27,135,,val,109,109
28,62,8,40,11,25,0.4032258064516129,36,62,305,,226,37,3,105,9,36,2,21,7,18,0.5,26,36,109,,val,111,111
28,60,11,38,11,26,0.43333333333333335,36,60,387,,227,48,0,101,6,28,1,12,5,14,0.5,19,28,103,,val,105,105
25,39,11,28,8,18,0.46153846153846156,24,39,364,,228,48,0,130,8,27,4,16,5,14,0.5185185185185185,19,27,130,,val,65,65
13,37,8,18,5,11,0.2972972972972973,16,37,320,,229,52,1,113,7,20,2,9,3,7,0.35,10,20,113,,val,61,61
20,46,12,33,8,17,0.3695652173913043,26,46,406,,230,50,0,141,9,36,2,16,5,14,0.3888888888888889,22,36,146,,val,85,85
27,57,10,29,9,22,0.38596491228070173,29,57,342,,231,47,0,143,9,42,3,15,7,19,0.4523809523809524,28,42,148,,val,118,118
22,58,11,32,8,19,0.3275862068965517,29,58,498,,232,59,2,188,10,33,3,17,5,12,0.36363636363636365,17,33,191,,val,96,96
28,60,14,43,12,27,0.45,39,60,418,,233,46,1,135,12,42,0,21,10,20,0.47619047619047616,29,42,137,,val,96,96
16,45,8,22,5,13,0.28888888888888886,20,45,446,,234,61,0,145,7,24,3,7,3,6,0.25,11,24,150,,val,76,76
25,72,9,43,11,28,0.3888888888888889,41,72,447,,235,53,1,145,8,47,1,16,8,23,0.48936170212765956,33,47,148,,val,125,125
27,71,7,43,11,29,0.4084507042253521,41,71,458,,236,58,4,126,5,39,2,11,5,18,0.46153846153846156,26,39,131,,val,109,109
20,57,9,33,8,23,0.40350877192982454,33,57,333,,237,49,1,141,9,42,2,16,7,19,0.4523809523809524,28,42,143,,val,113,113
34,74,16,47,12,29,0.3918918918918919,40,74,624,,238,59,3,188,11,42,3,21,6,17,0.40476190476190477,25,42,192,,val,111,111
20,45,14,26,7,15,0.3333333333333333,21,45,469,,239,57,0,158,8,30,3,14,4,11,0.36666666666666664,16,30,160,,val,93,93
17,49,5,32,8,22,0.4489795918367347,31,49,208,,240,35,0,102,8,33,4,16,4,14,0.42424242424242425,22,33,112,,val,99,99
25,52,9,36,8,21,0.40384615384615385,29,52,474,,241,57,2,177,7,42,3,19,6,17,0.40476190476190477,25,42,181,,val,100,100
24,49,9,28,8,20,0.40816326530612246,27,49,333,,242,46,0,99,4,28,2,13,5,14,0.5,19,28,99,,val,77,77
22,50,10,32,7,19,0.38,27,50,433,,243,55,2,157,8,28,4,11,4,10,0.35714285714285715,17,28,157,,val,98,98
20,49,8,25,7,17,0.3469387755102041,25,49,359,,244,49,2,131,7,34,2,14,5,13,0.38235294117647056,21,34,133,,val,95,95
24,57,9,29,8,21,0.3684210526315789,29,57,370,,245,50,3,147,8,37,2,11,4,13,0.35135135135135137,22,37,152,,val,120,120
24,55,8,32,10,24,0.43636363636363634,33,55,310,,246,44,3,123,10,43,2,18,9,21,0.4883720930232558,31,43,129,,val,94,94
18,51,10,28,8,18,0.35294117647058826,28,51,362,,247,51,3,135,6,35,2,11,4,13,0.37142857142857144,22,35,135,,val,89,89
36,82,13,52,15,36,0.43902439024390244,51,82,539,,248,50,4,177,12,56,2,23,10,26,0.4642857142857143,38,56,183,,val,121,121
28,66,10,43,11,26,0.3939393939393939,36,66,500,,249,58,0,165,11,52,1,18,10,24,0.46153846153846156,36,52,169,,val,106,106
37,76,18,46,15,32,0.42105263157894735,44,76,514,,250,42,1,160,9,54,4,17,8,23,0.42592592592592593,38,54,162,,val,131,131
20,42,9,27,7,16,0.38095238095238093,22,42,357,,251,52,1,143,8,29,3,17,5,13,0.4482758620689655,17,29,144,,val,95,95
25,65,8,36,9,25,0.38461538461538464,36,65,439,,252,50,2,178,8,48,4,13,5,19,0.3958333333333333,30,48,180,,val,101,101
18,47,5,29,7,18,0.3829787234042553,26,47,305,,253,52,4,130,5,38,2,11,4,15,0.39473684210526316,25,38,134,,val,101,101
20,55,8,35,8,22,0.4,32,55,398,,254,51,5,139,6,38,2,14,5,15,0.39473684210526316,24,38,141,,val,96,96
17,35,13,23,6,13,0.37142857142857144,17,35,396,,255,51,1,154,9,26,5,13,4,9,0.34615384615384615,14,26,155,,val,84,84
23,69,8,44,12,31,0.4492753623188406,42,69,491,,256,63,3,179,8,55,2,15,8,24,0.43636363636363634,36,55,190,,val,103,103
23,51,12,32,9,19,0.37254901960784315,28,51,401,,257,49,0,130,11,28,3,12,5,11,0.39285714285714285,16,28,132,,val,92,92
15,41,7,26,5,14,0.34146341463414637,21,41,385,,258,55,1,132,6,26,3,10,3,8,0.3076923076923077,13,26,136,,val,85,85
32,70,16,47,13,29,0.4142857142857143,40,70,583,,259,55,1,221,17,48,3,29,11,24,0.5,32,48,222,,val,115,115
15,40,10,25,6,14,0.35,22,40,311,,260,47,1,118,7,32,3,15,5,14,0.4375,20,32,123,,val,69,69
29,71,9,44,11,28,0.39436619718309857,41,71,467,,261,50,1,188,12,50,4,15,5,20,0.4,32,50,189,,val,112,112
18,44,6,25,6,17,0.38636363636363635,25,44,288,,262,47,2,101,5,30,3,10,4,11,0.36666666666666664,20,30,107,,val,79,79
44,99,16,64,17,42,0.42424242424242425,57,99,752,,263,60,0,211,8,67,3,26,12,32,0.47761194029850745,46,67,219,,val,149,149
25,53,9,38,10,24,0.4528301886792453,33,53,360,,264,48,0,117,8,40,1,15,8,19,0.475,28,40,120,,val,103,103
18,47,8,32,8,21,0.44680851063829785,28,47,340,,265,51,2,123,8,32,2,14,5,14,0.4375,20,32,128,,val,84,84
26,59,13,32,10,22,0.3728813559322034,31,59,408,,266,46,2,141,8,37,2,17,6,16,0.43243243243243246,23,37,143,,val,101,101
19,67,9,34,8,24,0.3582089552238806,35,67,428,,267,56,2,132,2,28,2,13,2,11,0.39285714285714285,16,28,133,,val,98,98
20,50,11,30,8,18,0.36,26,50,414,,268,51,0,170,8,39,4,16,5,15,0.38461538461538464,23,39,176,,val,78,78
20,43,12,22,6,14,0.32558139534883723,19,43,491,,269,61,3,204,8,31,4,12,4,9,0.2903225806451613,14,31,206,,val,87,87
19,58,11,29,7,17,0.29310344827586204,28,58,458,,270,55,1,185,10,35,4,14,4,11,0.3142857142857143,18,35,187,,val,89,89
32,60,10,42,11,26,0.43333333333333335,35,60,341,,271,39,1,136,15,39,2,22,6,17,0.4358974358974359,25,39,143,,val,103,103
21,48,6,27,7,20,0.4166666666666667,28,48,299,,272,46,1,128,8,34,3,13,4,14,0.4117647058823529,21,34,136,,val,74,74
21,51,6,30,7,20,0.39215686274509803,29,51,311,,273,49,2,87,4,27,2,9,3,12,0.4444444444444444,19,27,88,,val,72,72
18,36,13,23,7,13,0.3611111111111111,18,36,411,,274,51,3,146,9,26,5,13,5,10,0.38461538461538464,15,26,146,,val,76,76
18,55,11,32,8,18,0.32727272727272727,27,55,454,,275,52,0,178,12,31,3,17,6,12,0.3870967741935484,17,31,180,,val,86,86
19,36,8,23,6,14,0.3888888888888889,19,36,318,,276,48,1,137,8,23,3,10,3,8,0.34782608695652173,12,23,137,,val,82,82
30,56,11,39,10,23,0.4107142857142857,32,56,469,,277,49,0,203,14,47,3,19,7,18,0.3829787234042553,28,47,212,,val,117,117
36,52,17,38,10,23,0.4423076923076923,31,52,567,,278,50,1,221,14,48,6,25,8,20,0.4166666666666667,29,48,227,,val,107,107
23,64,11,34,9,22,0.34375,33,64,454,,279,53,2,176,10,44,2,20,7,18,0.4090909090909091,26,44,181,,val,106,106
25,48,15,31,9,19,0.3958333333333333,25,48,462,,280,49,0,148,13,28,3,17,6,12,0.42857142857142855,16,28,152,,val,97,97
37,90,13,62,15,37,0.4111111111111111,53,90,687,,281,60,1,218,13,62,2,24,10,25,0.4032258064516129,40,62,225,,val,140,140
37,59,14,59,11,28,0.4745762711864407,39,59,206,,282,20,1,69,13,32,4,32,6,18,0.5625,25,32,70,,val,114,114
21,56,13,35,8,20,0.35714285714285715,31,56,414,,283,51,1,150,9,37,2,16,6,16,0.43243243243243246,23,37,152,,val,96,96
31,63,12,41,11,26,0.4126984126984127,36,63,538,,284,57,0,176,10,42,2,14,6,16,0.38095238095238093,25,42,178,,val,99,99
30,73,10,47,13,33,0.4520547945205479,44,73,458,,285,54,2,146,8,56,0,18,10,28,0.5,41,56,155,,val,119,119
11,30,6,17,5,10,0.3333333333333333,16,30,245,,286,49,0,105,6,18,3,7,3,6,0.3333333333333333,10,18,106,,val,68,68
23,59,11,34,10,25,0.423728813559322,35,59,343,,287,42,0,123,8,36,3,13,6,17,0.4722222222222222,24,36,125,,val,103,103
29,66,9,44,9,26,0.3939393939393939,37,66,541,,288,56,1,223,9,43,5,14,4,12,0.27906976744186046,22,43,226,,val,108,108
28,51,15,31,8,18,0.35294117647058826,26,51,515,,289,47,0,224,14,33,6,16,5,12,0.36363636363636365,17,33,224,,val,98,98
25,51,15,33,8,18,0.35294117647058826,26,51,489,,290,48,4,193,9,33,5,18,5,13,0.3939393939393939,20,33,194,,val,84,84
19,35,12,21,7,13,0.37142857142857144,17,35,447,,291,56,2,174,10,25,5,14,4,10,0.4,14,25,177,,val,53,53
30,60,18,36,10,22,0.36666666666666664,30,60,727,,292,61,4,272,14,40,7,20,7,15,0.375,21,40,277,,val,112,112
21,46,10,28,6,15,0.32608695652173914,22,46,459,,293,54,3,226,11,30,4,16,4,10,0.3333333333333333,15,30,230,,val,85,85
25,45,8,29,7,18,0.4,25,45,431,,294,55,0,175,7,33,4,19,4,14,0.42424242424242425,20,33,177,,val,84,84
19,42,8,24,7,15,0.35714285714285715,21,42,377,,295,55,1,152,8,25,4,16,4,11,0.44,15,25,153,,val,81,81
13,27,7,18,4,10,0.37037037037037035,15,27,236,,296,48,2,106,7,21,2,9,3,8,0.38095238095238093,12,21,107,,val,52,52
14,49,9,29,6,13,0.2653061224489796,24,49,308,,297,39,1,115,6,26,4,12,3,8,0.3076923076923077,15,26,116,,val,83,83
21,55,9,33,8,22,0.4,32,55,343,,298,45,1,126,10,29,2,13,6,12,0.41379310344827586,17,29,127,,val,98,98
15,51,11,27,6,14,0.27450980392156865,25,51,446,,299,51,2,164,8,31,5,14,5,11,0.3548387096774194,17,31,169,,val,87,87
17,37,10,27,6,12,0.32432432432432434,19,37,448,,300,55,0,221,10,31,7,12,4,8,0.25806451612903225,12,31,223,,val,72,72
23,59,12,39,8,20,0.3389830508474576,31,59,534,,301,57,1,175,11,34,3,15,5,13,0.38235294117647056,20,34,177,,val,93,93
26,63,12,39,11,28,0.4444444444444444,38,63,390,,302,44,2,137,7,41,2,9,4,16,0.3902439024390244,28,41,137,,val,98,98
29,57,9,38,11,25,0.43859649122807015,32,57,481,,303,55,8,158,4,41,2,19,7,19,0.4634146341463415,27,41,159,,val,80,80
20,45,7,31,7,20,0.4444444444444444,28,45,307,,304,42,0,130,6,26,4,9,3,9,0.34615384615384615,16,26,131,,val,78,78
24,47,12,31,10,20,0.425531914893617,26,47,393,,305,54,2,160,10,36,3,18,7,17,0.4722222222222222,24,36,162,,val,73,73
13,37,6,20,5,12,0.32432432432432434,19,37,297,,306,51,2,107,4,20,3,7,3,5,0.25,10,20,109,,val,76,76
20,45,9,29,6,17,0.37777777777777777,25,45,347,,307,47,0,139,6,30,5,11,4,11,0.36666666666666664,17,30,142,,val,76,76
26,58,10,45,10,25,0.43103448275862066,35,58,486,,308,52,1,165,10,36,3,18,6,15,0.4166666666666667,22,36,167,,val,80,80
20,64,11,36,10,25,0.390625,38,64,387,,309,47,1,147,8,43,2,15,6,19,0.4418604651162791,29,43,148,,val,97,97
12,37,6,21,5,13,0.35135135135135137,20,37,247,,310,51,1,79,3,24,1,8,3,11,0.4583333333333333,16,24,85,,val,81,81
28,63,10,41,9,24,0.38095238095238093,34,63,544,,311,57,1,203,7,42,5,22,5,17,0.40476190476190477,25,42,206,,val,87,87
27,59,9,37,9,23,0.3898305084745763,33,59,448,,312,50,3,150,8,38,3,13,4,15,0.39473684210526316,23,38,156,,val,86,86
26,60,9,40,12,28,0.4666666666666667,38,60,353,,313,45,3,119,7,44,1,14,8,22,0.5,32,44,120,,val,97,97
25,68,9,44,12,32,0.47058823529411764,43,68,367,,314,45,2,109,6,39,1,13,7,20,0.5128205128205128,28,39,113,,val,97,97
22,62,15,42,10,24,0.3870967741935484,36,62,484,,315,51,7,171,9,48,3,17,7,20,0.4166666666666667,31,48,179,,val,98,98
18,45,8,27,7,16,0.35555555555555557,23,45,353,,316,53,0,118,4,26,1,10,3,10,0.38461538461538464,16,26,119,,val,73,73
12,23,9,14,5,8,0.34782608695652173,11,23,312,,317,48,1,141,8,21,3,10,3,7,0.3333333333333333,11,21,142,,val,66,66
15,32,9,19,5,11,0.34375,17,32,289,,318,46,4,122,6,21,4,10,3,8,0.38095238095238093,12,21,124,,val,61,61
22,50,11,27,7,18,0.36,26,50,376,,319,45,3,132,6,33,3,13,3,12,0.36363636363636365,20,33,139,,val,84,84
26,62,13,39,10,23,0.3709677419354839,33,62,554,,320,59,2,237,13,41,5,23,6,17,0.4146341463414634,24,41,239,,val,90,90
15,34,12,22,6,11,0.3235294117647059,16,34,422,,321,52,4,132,4,28,2,9,2,7,0.25,15,28,134,,val,61,61
18,38,10,24,6,14,0.3684210526315789,20,38,382,,322,51,4,167,9,28,3,13,3,9,0.32142857142857145,14,28,171,,val,57,57
22,38,11,28,6,15,0.39473684210526316,22,38,374,,323,48,3,144,6,27,3,10,2,7,0.25925925925925924,13,27,147,,val,65,65
18,37,14,21,6,13,0.35135135135135137,17,37,426,,324,49,2,159,5,28,5,14,4,10,0.35714285714285715,16,28,160,,val,66,66
17,45,7,24,5,15,0.3333333333333333,24,45,316,,325,49,0,124,5,24,2,5,2,7,0.2916666666666667,14,24,126,,val,76,76
16,30,8,23,5,11,0.36666666666666664,16,30,329,,326,50,0,117,4,21,2,8,2,6,0.2857142857142857,11,21,117,,val,64,64
18,48,11,32,8,18,0.375,27,48,364,,327,51,3,138,12,35,3,14,6,14,0.4,21,35,146,,val,74,74
30,63,14,38,9,24,0.38095238095238093,34,63,485,,328,48,2,172,10,35,4,18,5,14,0.4,20,35,174,,val,107,107
35,76,9,52,15,35,0.4605263157894737,47,76,477,,329,49,3,152,10,44,3,15,7,21,0.4772727272727273,29,44,153,,val,99,99
17,49,8,25,6,16,0.32653061224489793,24,49,300,,330,43,0,106,7,27,4,8,4,9,0.3333333333333333,17,27,109,,val,90,90
22,55,12,33,8,17,0.3090909090909091,26,55,521,,331,58,2,163,8,38,2,15,5,14,0.3684210526315789,22,38,167,,val,98,98
14,35,5,20,4,13,0.37142857142857144,19,35,253,,332,50,1,112,5,18,2,6,2,5,0.2777777777777778,8,18,115,,val,75,75
15,39,10,27,6,13,0.3333333333333333,20,39,395,,333,52,0,155,8,31,4,13,3,10,0.3225806451612903,16,31,157,,val,102,102
23,50,12,34,8,19,0.38,27,50,423,,334,50,6,126,6,31,3,9,3,11,0.3548387096774194,19,31,128,,val,76,76
22,52,11,34,9,20,0.38461538461538464,28,52,420,,335,53,0,175,10,42,2,17,6,16,0.38095238095238093,25,42,178,,val,83,83
20,48,9,27,7,17,0.3541666666666667,25,48,376,,336,55,0,135,5,32,2,11,3,12,0.375,19,32,139,,val,86,86
17,48,8,26,6,16,0.3333333333333333,25,48,333,,337,49,2,108,7,21,3,9,3,7,0.3333333333333333,11,21,111,,val,82,82
12,29,7,16,4,10,0.3448275862068966,14,29,232,,338,48,6,90,5,21,2,7,2,7,0.3333333333333333,12,21,94,,val,57,57
23,54,13,31,8,17,0.3148148148148148,26,54,485,,339,50,1,178,11,33,4,16,5,12,0.36363636363636365,18,33,180,,val,83,83
26,45,14,31,9,19,0.4222222222222222,26,45,422,,340,49,1,143,10,32,3,15,5,14,0.4375,20,32,144,,val,89,89
18,50,7,28,7,20,0.4,28,50,229,,341,39,4,69,4,27,1,11,4,13,0.48148148148148145,20,27,71,,val,77,77
28,61,13,40,10,24,0.39344262295081966,34,61,538,,342,54,3,200,13,37,4,21,7,16,0.43243243243243246,22,37,204,,val,115,115
19,45,12,28,8,16,0.35555555555555557,23,45,428,,343,53,1,169,10,32,2,13,4,11,0.34375,18,32,170,,val,75,75
9,22,9,13,4,8,0.36363636363636365,9,22,270,,344,51,3,106,5,19,3,8,3,6,0.3157894736842105,9,19,110,,val,43,43
29,58,12,45,12,27,0.46551724137931033,37,58,304,,345,38,5,95,9,33,2,16,6,15,0.45454545454545453,23,33,100,,val,110,110
28,50,13,34,9,22,0.44,29,50,463,,346,52,1,163,7,38,4,15,5,14,0.3684210526315789,22,38,165,,val,95,95
17,34,10,21,5,11,0.3235294117647059,16,34,392,,347,49,1,140,5,26,4,8,3,6,0.23076923076923078,12,26,142,,val,81,81
21,44,15,29,8,17,0.38636363636363635,23,44,417,,348,50,3,124,9,28,3,12,5,11,0.39285714285714285,17,28,126,,val,67,67
21,55,14,29,8,18,0.32727272727272727,26,55,468,,349,51,1,188,10,38,5,15,5,12,0.3157894736842105,19,38,192,,val,86,86
20,42,10,26,6,15,0.35714285714285715,22,42,369,,350,49,0,137,7,30,4,9,4,10,0.3333333333333333,17,30,138,,val,74,74
18,40,9,23,5,14,0.35,21,40,330,,351,47,1,163,9,24,4,12,3,8,0.3333333333333333,12,24,166,,val,91,91
28,61,17,43,10,23,0.3770491803278688,33,61,630,,352,60,6,261,12,41,8,20,6,14,0.34146341463414637,22,41,264,,val,91,91
29,57,14,42,10,25,0.43859649122807015,34,57,445,,353,43,4,140,12,33,2,18,7,16,0.48484848484848486,22,33,143,,val,78,78
16,37,9,26,6,14,0.3783783783783784,21,37,330,,354,52,9,110,6,28,2,9,3,10,0.35714285714285715,17,28,113,,val,61,61
18,43,8,24,7,16,0.37209302325581395,23,43,305,,355,50,4,105,7,31,2,9,4,13,0.41935483870967744,20,31,112,,val,71,71
17,49,6,27,8,21,0.42857142857142855,31,49,185,,356,36,3,55,5,24,2,11,4,12,0.5,18,24,61,,val,91,91
37,90,10,53,18,38,0.4222222222222222,52,90,706,,357,62,2,193,6,53,1,18,9,24,0.4528301886792453,34,53,198,,val,113,113
37,67,17,45,12,28,0.417910447761194,38,67,540,,358,48,0,157,11,46,1,20,9,23,0.5,31,46,161,,val,107,107
32,63,13,38,10,24,0.38095238095238093,34,63,478,,359,48,0,149,10,33,5,15,6,14,0.42424242424242425,21,33,149,,val,103,103
14,46,9,22,6,14,0.30434782608695654,22,46,341,,360,51,1,124,6,25,3,10,3,8,0.32,13,25,125,,val,84,84
13,40,6,16,5,12,0.3,21,40,269,,361,49,0,105,7,20,3,8,3,7,0.35,11,20,106,,val,68,68
12,28,4,16,3,10,0.35714285714285715,14,28,232,,362,53,2,109,5,18,2,9,2,7,0.3888888888888889,11,18,111,,val,58,58
12,29,9,15,5,9,0.3103448275862069,13,29,326,,363,52,6,130,6,22,3,9,3,7,0.3181818181818182,11,22,133,,val,60,60
14,31,7,20,4,11,0.3548387096774194,16,31,296,,364,52,0,108,4,22,3,5,2,4,0.18181818181818182,11,22,110,,val,60,60
15,32,9,20,6,11,0.34375,15,32,337,,365,49,4,124,6,22,2,9,2,8,0.36363636363636365,12,22,124,,val,69,69
21,42,11,25,7,15,0.35714285714285715,22,42,377,,366,49,3,166,10,35,5,17,6,14,0.4,21,35,169,,val,78,78
20,47,9,31,7,18,0.3829787234042553,26,47,385,,367,54,1,174,9,41,3,17,5,15,0.36585365853658536,23,41,185,,val,84,84
19,55,12,26,7,17,0.3090909090909091,29,55,407,,368,48,1,139,10,32,5,12,4,11,0.34375,18,32,143,,val,98,98
29,69,11,43,10,28,0.4057971014492754,40,69,434,,369,46,6,165,10,47,3,15,5,18,0.3829787234042553,31,47,169,,val,110,110
24,51,12,33,9,20,0.39215686274509803,29,51,408,,370,50,0,173,12,36,3,19,6,15,0.4166666666666667,22,36,176,,val,94,94
17,43,10,25,7,17,0.3953488372093023,25,43,281,,371,43,1,96,7,22,1,10,4,9,0.4090909090909091,14,22,96,,val,73,73
20,57,11,33,7,19,0.3333333333333333,30,57,443,,372,54,3,193,11,45,4,16,5,15,0.3333333333333333,26,45,198,,val,96,96
21,39,7,26,6,16,0.41025641025641024,22,39,334,,373,54,0,125,4,30,3,10,3,11,0.36666666666666664,17,30,133,,val,81,81
25,47,7,31,8,21,0.44680851063829785,28,47,350,,374,45,0,98,5,35,1,7,4,15,0.42857142857142855,25,35,101,,val,84,84
22,52,9,29,7,19,0.36538461538461536,27,52,385,,375,49,1,168,9,34,4,13,3,11,0.3235294117647059,17,34,170,,val,90,90
12,24,6,16,4,8,0.3333333333333333,12,24,343,,376,53,2,147,6,16,3,8,3,5,0.3125,7,16,147,,val,50,50
30,66,16,44,13,28,0.42424242424242425,40,66,441,,377,44,4,142,10,41,2,25,10,23,0.5609756097560976,29,41,145,,val,101,101
16,53,7,24,5,16,0.3018867924528302,26,53,381,,378,55,0,142,5,21,4,6,3,5,0.23809523809523808,9,21,143,,val,97,97
15,47,8,29,6,17,0.3617021276595745,25,47,352,,379,51,0,158,7,38,3,11,3,13,0.34210526315789475,22,38,164,,val,101,101
29,52,13,38,10,23,0.4423076923076923,31,52,426,,380,50,0,133,9,32,2,16,6,15,0.46875,22,32,135,,val,76,76
22,53,6,35,9,23,0.4339622641509434,32,53,249,,381,38,2,105,7,38,2,23,6,20,0.5263157894736842,27,38,110,,val,104,104
28,75,12,42,9,25,0.3333333333333333,38,75,771,,382,68,0,301,11,45,6,16,5,14,0.3111111111111111,23,45,302,,val,119,119
23,49,10,34,8,19,0.3877551020408163,27,49,308,,383,38,0,126,8,34,4,19,5,14,0.4117647058823529,22,34,129,,val,88,88
23,54,14,32,8,19,0.35185185185185186,27,54,570,,384,64,9,200,7,39,3,13,4,14,0.358974358974359,22,39,209,,val,88,88
26,75,18,40,11,25,0.3333333333333333,39,75,497,,385,48,2,182,12,45,4,18,7,18,0.4,27,45,187,,val,120,120
23,38,11,28,8,16,0.42105263157894735,22,38,303,,386,40,1,143,11,35,7,22,7,15,0.42857142857142855,21,35,151,,val,68,68
13,29,7,16,4,9,0.3103448275862069,13,29,278,,387,50,1,151,6,22,4,7,2,5,0.22727272727272727,9,22,155,,val,69,69
13,27,8,17,5,10,0.37037037037037035,13,27,324,,388,51,1,146,6,21,5,10,3,7,0.3333333333333333,11,21,147,,val,60,60
15,39,9,29,6,14,0.358974358974359,22,39,355,,389,46,0,142,7,28,4,10,3,8,0.2857142857142857,15,28,147,,val,93,93
21,70,7,39,11,30,0.42857142857142855,43,70,363,,390,47,3,120,6,40,2,14,6,17,0.425,28,40,122,,val,95,95
18,42,10,26,6,15,0.35714285714285715,22,42,348,,391,50,4,99,6,22,3,8,3,7,0.3181818181818182,12,22,100,,val,69,69
25,45,17,33,9,18,0.4,25,45,466,,392,49,2,205,16,37,5,18,6,14,0.3783783783783784,19,37,209,,val,78,78
23,52,15,28,9,17,0.3269230769230769,23,52,568,,393,55,0,232,14,36,7,21,7,13,0.3611111111111111,19,36,236,,val,91,91
19,48,9,27,8,18,0.375,26,48,325,,394,46,1,135,11,28,2,17,5,13,0.4642857142857143,17,28,138,,val,80,80
21,60,10,34,10,23,0.38333333333333336,33,60,373,,395,56,3,126,5,37,2,16,7,19,0.5135135135135135,26,37,133,,val,95,95
15,32,8,19,4,10,0.3125,15,32,334,,396,49,2,168,6,17,5,10,3,5,0.29411764705882354,8,17,168,,val,63,63
22,37,10,24,7,16,0.43243243243243246,21,37,364,,397,50,1,130,8,27,3,12,4,10,0.37037037037037035,16,27,132,,val,70,70
13,42,7,21,6,14,0.3333333333333333,22,42,263,,398,48,1,92,6,26,2,10,4,10,0.38461538461538464,17,26,96,,val,76,76
16,52,7,23,7,19,0.36538461538461536,29,52,374,,399,61,5,130,5,34,3,9,4,13,0.38235294117647056,21,34,135,,val,95,95
43,78,17,53,16,35,0.44871794871794873,45,78,442,,400,40,5,148,15,54,1,29,11,27,0.5,40,54,148,,val,116,116
12,39,7,20,5,13,0.3333333333333333,20,39,244,,401,50,1,79,4,24,1,7,4,11,0.4583333333333333,16,24,81,,val,92,92
22,50,14,32,9,20,0.4,28,50,367,,402,44,0,138,10,32,5,16,6,13,0.40625,18,32,141,,val,99,99
34,70,17,51,13,31,0.44285714285714284,43,70,614,,403,54,3,189,10,53,2,23,8,23,0.4339622641509434,34,53,198,,val,111,111
22,56,10,35,7,19,0.3392857142857143,28,56,520,,404,58,1,217,9,35,5,17,5,12,0.34285714285714286,20,35,220,,val,97,97
16,44,8,24,6,15,0.3409090909090909,23,44,295,,405,42,4,112,7,24,3,9,3,8,0.3333333333333333,13,24,113,,val,79,79
33,91,9,49,16,38,0.4175824175824176,53,91,644,,406,69,7,226,8,68,1,18,12,35,0.5147058823529411,46,68,229,,val,135,135
17,41,11,27,6,14,0.34146341463414637,21,41,402,,407,58,1,169,7,31,3,15,4,11,0.3548387096774194,18,31,175,,val,89,89
11,35,6,19,4,12,0.34285714285714286,19,35,171,,408,40,1,59,3,27,2,10,4,14,0.5185185185185185,21,27,66,,val,79,79
21,57,6,33,9,25,0.43859649122807015,35,57,318,,409,50,3,89,6,30,1,11,6,14,0.4666666666666667,21,30,91,,val,84,84
24,76,11,42,12,31,0.40789473684210525,47,76,438,,410,51,2,146,7,47,2,18,7,22,0.46808510638297873,32,47,154,,val,107,107
29,57,14,43,12,25,0.43859649122807015,34,57,482,,411,59,5,144,9,43,1,18,8,20,0.46511627906976744,28,43,151,,val,94,94
14,51,4,27,9,22,0.43137254901960786,32,51,236,,412,52,4,64,3,30,0,9,6,16,0.5333333333333333,23,30,71,,val,91,91
39,75,10,56,16,35,0.4666666666666667,47,75,386,,413,38,0,119,10,50,1,29,11,28,0.56,38,50,124,,val,120,120
20,36,8,29,9,19,0.5277777777777778,24,36,177,,414,31,2,59,3,29,0,14,8,17,0.5862068965517241,23,29,61,,val,77,77
26,79,13,49,14,34,0.43037974683544306,49,79,484,,415,55,3,106,2,48,1,14,10,26,0.5416666666666666,37,48,112,,val,101,101
25,58,12,42,11,25,0.43103448275862066,34,58,461,,416,54,4,171,12,40,3,23,8,19,0.475,25,40,175,,val,88,88
29,67,9,44,12,29,0.43283582089552236,40,67,483,,417,55,3,143,8,43,2,12,5,17,0.3953488372093023,29,43,146,,val,106,106
18,56,6,26,9,23,0.4107142857142857,34,56,259,,418,44,0,108,7,33,3,13,5,15,0.45454545454545453,22,33,110,,val,103,103
15,56,5,24,9,24,0.42857142857142855,35,56,242,,419,49,0,91,4,41,1,9,7,22,0.5365853658536586,32,41,99,,val,96,96
22,52,10,31,9,19,0.36538461538461536,27,52,385,,420,54,1,132,7,32,2,17,6,15,0.46875,20,32,132,,val,91,91
21,50,7,32,10,23,0.46,31,50,284,,421,49,1,76,5,29,0,11,6,14,0.4827586206896552,22,29,78,,val,93,93
31,58,9,41,12,26,0.4482758620689655,35,58,308,,422,39,2,101,6,44,1,21,9,23,0.5227272727272727,34,44,107,,val,103,103
24,54,9,35,10,24,0.4444444444444444,33,54,331,,423,42,2,108,4,37,2,13,6,18,0.4864864864864865,27,37,109,,val,104,104
25,80,8,42,14,34,0.425,47,80,517,,424,63,2,178,7,66,1,17,12,31,0.4696969696969697,47,66,192,,val,127,127
25,54,9,35,9,22,0.4074074074074074,31,54,371,,425,50,0,161,10,34,2,16,4,14,0.4117647058823529,20,34,163,,val,112,112
16,52,8,26,6,17,0.3269230769230769,26,52,343,,426,54,3,140,5,30,3,13,3,12,0.4,18,30,142,,val,95,95
18,50,8,27,10,21,0.42,30,50,264,,427,43,2,58,2,30,0,7,7,18,0.6,24,30,61,,val,95,95
16,33,8,18,6,12,0.36363636363636365,16,33,248,,428,46,0,70,8,17,0,9,5,9,0.5294117647058824,11,17,70,,val,92,92
20,42,8,26,7,17,0.40476190476190477,24,42,289,,429,47,0,116,7,29,3,11,5,12,0.41379310344827586,18,29,117,,val,77,77
21,57,9,38,9,22,0.38596491228070173,33,57,412,,430,51,2,170,8,40,3,18,5,16,0.4,24,40,174,,val,93,93
17,58,8,33,8,22,0.3793103448275862,32,58,368,,431,51,1,114,3,33,1,12,3,13,0.3939393939393939,21,33,120,,val,98,98
28,63,18,44,13,26,0.4126984126984127,37,63,509,,432,52,2,152,9,40,2,21,8,20,0.5,26,40,154,,val,103,103
17,53,7,30,8,21,0.39622641509433965,30,53,310,,433,52,2,92,2,33,2,10,5,15,0.45454545454545453,24,33,98,,val,96,96
20,62,5,36,12,30,0.4838709677419355,40,62,277,,434,46,0,98,5,47,1,10,9,26,0.5531914893617021,37,47,109,,val,105,105
30,74,9,44,13,30,0.40540540540540543,42,74,500,,435,54,2,161,9,46,1,23,8,22,0.4782608695652174,30,46,165,,val,112,112
33,60,10,45,12,27,0.45,37,60,507,,436,59,2,199,12,41,4,22,7,18,0.43902439024390244,27,41,205,,val,104,104
21,48,12,34,9,20,0.4166666666666667,28,48,364,,437,46,3,115,9,31,1,13,5,13,0.41935483870967744,20,31,118,,val,101,101
28,53,11,42,12,26,0.49056603773584906,35,53,289,,438,33,4,87,7,37,2,16,6,19,0.5135135135135135,28,37,90,,val,91,91
13,44,6,21,5,13,0.29545454545454547,21,44,294,,439,54,0,118,5,29,2,11,4,12,0.41379310344827586,18,29,122,,val,80,80
23,56,10,36,9,22,0.39285714285714285,31,56,405,,440,52,4,109,6,29,2,16,6,14,0.4827586206896552,18,29,110,,val,80,80
23,61,11,36,8,22,0.36065573770491804,32,61,461,,441,56,1,126,6,29,2,12,3,11,0.3793103448275862,17,29,126,,val,97,97
25,69,8,37,11,29,0.42028985507246375,42,69,397,,442,52,3,122,5,46,2,15,7,23,0.5,33,46,131,,val,116,116
32,59,11,38,12,26,0.4406779661016949,35,59,417,,443,45,1,128,7,35,2,17,6,15,0.42857142857142855,22,35,130,,val,103,103
26,62,13,40,10,24,0.3870967741935484,34,62,488,,444,51,2,181,11,42,2,22,7,18,0.42857142857142855,25,42,183,,val,104,104
33,72,11,53,15,33,0.4583333333333333,46,72,515,,445,55,1,177,6,53,2,23,9,24,0.4528301886792453,35,53,183,,val,117,117
31,66,11,52,14,32,0.48484848484848486,43,66,320,,446,38,1,81,4,38,0,19,9,22,0.5789473684210527,30,38,81,,val,114,114
20,50,8,30,10,21,0.42,29,50,301,,447,52,0,83,5,32,0,12,7,17,0.53125,24,32,86,,val,86,86
22,45,10,30,8,19,0.4222222222222222,26,45,349,,448,50,1,89,5,30,0,10,5,14,0.4666666666666667,21,30,92,,val,69,69
16,58,10,35,8,23,0.39655172413793105,34,58,371,,449,51,2,148,8,40,2,20,7,18,0.45,25,40,158,,val,100,100
19,60,9,37,9,24,0.4,36,60,363,,450,48,1,108,5,37,2,8,4,16,0.43243243243243246,27,37,109,,val,95,95
14,40,5,23,5,14,0.35,22,40,273,,451,49,1,102,6,23,3,8,4,8,0.34782608695652173,13,23,103,,val,90,90
23,72,8,41,12,32,0.4444444444444444,45,72,365,,452,53,3,123,6,45,2,13,8,23,0.5111111111111111,33,45,127,,val,110,110
19,52,11,35,8,20,0.38461538461538464,30,52,406,,453,55,2,160,8,39,3,13,4,14,0.358974358974359,23,39,162,,val,98,98
29,83,8,43,14,36,0.43373493975903615,51,83,389,,454,45,3,142,6,54,2,16,9,26,0.48148148148148145,40,54,148,,val,150,150
25,66,10,38,10,25,0.3787878787878788,36,66,460,,455,53,2,122,8,36,1,13,7,16,0.4444444444444444,24,36,124,,val,99,99
19,50,4,35,11,25,0.5,34,50,283,,456,54,2,91,4,39,0,8,7,20,0.5128205128205128,30,39,96,,val,86,86
25,69,8,40,12,29,0.42028985507246375,41,69,376,,457,51,0,112,6,41,1,12,6,21,0.5121951219512195,30,41,118,,val,105,105
20,41,11,27,7,16,0.3902439024390244,23,41,383,,458,53,2,128,6,29,2,15,5,13,0.4482758620689655,18,29,132,,val,76,76
35,68,12,48,15,33,0.4852941176470588,44,68,424,,459,46,1,108,6,45,1,11,8,23,0.5111111111111111,34,45,113,,val,118,118
27,63,7,42,12,29,0.4603174603174603,39,63,421,,460,56,3,150,7,45,3,16,6,19,0.4222222222222222,30,45,157,,val,101,101
29,71,11,48,12,32,0.4507042253521127,45,71,464,,461,49,3,111,6,39,3,14,7,19,0.48717948717948717,27,39,121,,val,113,113
28,60,9,34,12,26,0.43333333333333335,35,60,349,,462,47,0,88,4,34,1,10,5,16,0.47058823529411764,25,34,91,,val,94,94
19,44,2,26,10,21,0.4772727272727273,27,44,203,,463,50,1,59,3,34,0,8,8,21,0.6176470588235294,28,34,68,,val,87,87
25,48,6,35,11,23,0.4791666666666667,30,48,236,,464,38,1,61,5,29,1,14,6,17,0.5862068965517241,23,29,62,,val,86,86
29,72,11,42,14,33,0.4583333333333333,45,72,367,,465,41,2,127,7,54,0,14,10,28,0.5185185185185185,41,54,130,,val,110,110
18,50,11,30,7,17,0.34,26,50,414,,466,52,1,187,9,39,5,15,5,13,0.3333333333333333,21,39,190,,val,85,85
34,78,12,45,13,30,0.38461538461538464,41,78,595,,467,56,3,177,9,46,3,20,7,20,0.43478260869565216,29,46,183,,val,111,111
16,59,7,29,8,23,0.3898305084745763,34,59,326,,468,51,0,137,5,44,3,15,6,19,0.4318181818181818,30,44,141,,val,130,130
28,62,6,42,14,30,0.4838709677419355,40,62,317,,469,46,2,79,2,44,0,11,11,27,0.6136363636363636,36,44,86,,val,95,95
24,54,5,33,11,24,0.4444444444444444,32,54,304,,470,49,3,88,8,34,0,11,7,17,0.5,25,34,93,,val,91,91
23,66,7,38,10,26,0.3939393939393939,38,66,406,,471,58,3,107,6,31,1,12,5,15,0.4838709677419355,20,31,110,,val,101,101
22,59,12,35,8,19,0.3220338983050847,29,59,549,,472,58,0,171,10,35,3,15,5,13,0.37142857142857144,18,35,173,,val,135,135
18,51,5,28,10,22,0.43137254901960786,31,51,283,,473,53,2,96,3,35,0,15,8,20,0.5714285714285714,25,35,100,,val,89,89
27,76,10,41,11,28,0.3684210526315789,41,76,503,,474,60,5,188,9,57,3,18,7,24,0.42105263157894735,38,57,195,,val,113,113
24,65,11,35,10,23,0.35384615384615387,34,65,426,,475,53,3,154,12,43,1,18,9,19,0.4418604651162791,28,43,157,,val,121,121
21,48,11,32,8,18,0.375,26,48,419,,476,53,3,132,6,32,3,10,4,12,0.375,19,32,134,,val,83,83
37,67,9,49,15,33,0.4925373134328358,42,67,496,,477,60,4,161,6,52,0,24,11,27,0.5192307692307693,36,52,166,,val,108,108
24,63,10,38,10,27,0.42857142857142855,38,63,358,,478,46,3,93,3,39,2,11,7,20,0.5128205128205128,30,39,95,,val,107,107
28,59,10,39,11,27,0.4576271186440678,38,59,235,,479,30,3,84,9,36,3,13,7,19,0.5277777777777778,28,36,86,,val,108,108
29,85,11,54,15,38,0.4470588235294118,53,85,507,,480,52,0,130,7,50,1,15,9,25,0.5,37,50,136,,val,123,123
27,47,12,38,9,21,0.44680851063829785,29,47,307,,481,39,1,95,9,30,1,19,7,15,0.5,21,30,95,,val,78,78
22,52,9,33,10,24,0.46153846153846156,33,52,202,,482,31,1,96,10,38,2,20,8,19,0.5,28,38,100,,val,115,115
22,52,8,30,7,19,0.36538461538461536,27,52,365,,483,50,2,143,8,36,4,13,4,14,0.3888888888888889,22,36,146,,val,100,100
34,65,15,47,12,29,0.4461538461538462,40,65,494,,484,48,4,196,14,55,2,22,10,23,0.41818181818181815,35,55,202,,val,117,117
23,60,11,38,11,26,0.43333333333333335,36,60,397,,485,51,2,142,11,40,2,17,7,16,0.4,25,40,154,,val,97,97
27,58,15,37,9,22,0.3793103448275862,31,58,499,,486,50,1,166,11,39,3,15,6,14,0.358974358974359,23,39,168,,val,82,82
17,68,4,30,11,30,0.4411764705882353,42,68,382,,487,63,1,129,4,47,2,8,7,23,0.48936170212765956,34,47,136,,val,108,108
24,56,8,31,10,23,0.4107142857142857,32,56,242,,488,39,0,60,6,25,1,15,6,14,0.56,19,25,65,,val,95,95
24,66,9,36,10,24,0.36363636363636365,36,66,418,,489,58,5,137,8,37,2,14,6,17,0.4594594594594595,24,37,141,,val,118,118
27,64,6,39,13,28,0.4375,37,64,334,,490,44,1,111,6,34,1,13,5,14,0.4117647058823529,23,34,112,,val,96,96
15,35,10,24,6,14,0.4,20,35,312,,491,55,1,97,7,26,1,9,5,9,0.34615384615384615,16,26,100,,val,62,62
24,57,8,33,9,24,0.42105263157894735,33,57,321,,492,50,1,90,6,34,2,9,6,17,0.5,25,34,96,,val,98,98
26,50,10,36,9,23,0.46,32,50,223,,493,25,3,82,9,38,3,15,7,21,0.5526315789473685,30,38,87,,val,87,87
23,66,8,36,10,26,0.3939393939393939,37,66,360,,494,49,0,86,5,32,2,7,4,15,0.46875,24,32,89,,val,114,114
38,72,15,47,14,31,0.4305555555555556,40,72,596,,495,55,1,191,10,52,2,24,9,23,0.4423076923076923,33,52,193,,val,107,107
19,43,9,26,8,18,0.4186046511627907,24,43,408,,496,62,3,137,7,33,1,11,5,14,0.42424242424242425,21,33,143,,val,71,71
18,59,9,29,8,21,0.3559322033898305,30,59,358,,497,52,3,140,9,47,2,18,7,19,0.40425531914893614,33,47,147,,val,97,97
26,59,11,40,11,26,0.4406779661016949,36,59,380,,498,48,7,117,9,47,0,16,11,26,0.5531914893617021,35,47,129,,val,91,91
27,61,6,45,12,29,0.47540983606557374,40,61,267,,499,38,1,77,4,33,1,17,7,18,0.5454545454545454,26,33,78,,val,96,96
22,55,13,32,8,18,0.32727272727272727,27,55,473,,500,50,2,171,8,33,4,12,4,10,0.30303030303030304,17,33,171,,val,84,84
30,56,5,38,12,28,0.5,37,56,204,,501,26,0,73,9,38,2,15,8,23,0.6052631578947368,31,38,76,,val,108,108
19,63,7,36,10,27,0.42857142857142855,38,63,301,,502,47,1,78,5,33,0,11,8,17,0.5151515151515151,25,33,81,,val,102,102
27,63,9,37,12,27,0.42857142857142855,39,63,356,,503,45,1,108,6,39,1,12,6,19,0.48717948717948717,28,39,115,,val,99,99
22,54,6,32,11,24,0.4444444444444444,33,54,319,,504,54,2,120,7,45,0,17,9,22,0.4888888888888889,33,45,126,,val,88,88
26,68,8,39,11,28,0.4117647058823529,39,68,513,,505,65,0,159,9,44,1,13,7,19,0.4318181818181818,27,44,170,,val,116,116
17,57,10,30,9,22,0.38596491228070173,33,57,310,,506,45,3,75,5,29,1,11,6,15,0.5172413793103449,22,29,78,,val,97,97
37,79,12,51,17,36,0.45569620253164556,46,79,513,,507,51,1,115,4,47,0,14,10,25,0.5319148936170213,36,47,119,,val,118,118
36,99,14,51,17,40,0.40404040404040403,56,99,686,,508,64,3,214,11,61,1,17,11,28,0.45901639344262296,39,61,223,,val,145,145
32,73,11,45,14,33,0.4520547945205479,45,73,430,,509,48,3,125,5,43,1,16,8,21,0.4883720930232558,31,43,129,,val,106,106
27,58,11,41,10,24,0.41379310344827586,34,58,493,,510,53,3,181,10,38,4,24,7,18,0.47368421052631576,24,38,185,,val,91,91
25,64,10,38,10,24,0.375,34,64,479,,511,60,2,216,12,51,5,24,7,20,0.39215686274509803,29,51,231,,val,116,116
19,60,7,36,9,23,0.38333333333333336,34,60,369,,512,57,4,135,7,43,2,19,7,20,0.46511627906976744,29,43,140,,val,104,104
23,65,13,41,11,25,0.38461538461538464,38,65,437,,513,59,6,169,11,56,1,21,9,24,0.42857142857142855,38,56,184,,val,101,101
19,47,5,26,8,19,0.40425531914893614,27,47,252,,514,47,0,64,3,30,1,7,5,16,0.5333333333333333,23,30,70,,val,89,89
18,53,5,32,11,25,0.4716981132075472,34,53,277,,515,51,0,80,2,42,0,9,11,25,0.5952380952380952,34,42,85,,val,92,92
24,57,6,41,9,25,0.43859649122807015,36,57,263,,516,40,4,86,5,38,2,16,6,21,0.5526315789473685,30,38,89,,val,116,116
26,51,11,32,9,21,0.4117647058823529,29,51,374,,517,50,4,121,8,35,3,15,6,15,0.42857142857142855,23,35,128,,val,110,110
21,54,7,27,9,20,0.37037037037037035,30,54,397,,518,62,3,107,5,32,0,9,6,14,0.4375,22,32,107,,val,101,101
19,49,9,31,8,19,0.3877551020408163,29,49,237,,519,38,1,67,5,24,2,13,5,12,0.5,18,24,68,,val,92,92
25,74,12,36,10,25,0.33783783783783783,39,74,486,,520,55,2,175,6,44,3,13,4,15,0.3409090909090909,27,44,175,,val,117,117
20,48,10,32,8,19,0.3958333333333333,29,48,325,,521,49,4,110,7,30,2,12,5,14,0.4666666666666667,20,30,114,,val,88,88
23,53,12,34,10,22,0.41509433962264153,29,53,371,,522,52,4,102,5,35,1,12,6,15,0.42857142857142855,25,35,107,,val,100,100
25,63,8,38,13,30,0.47619047619047616,41,63,326,,523,48,3,73,3,29,1,10,6,16,0.5517241379310345,22,29,74,,val,96,96
23,68,11,43,11,30,0.4411764705882353,41,68,375,,524,43,3,125,11,40,2,13,7,16,0.4,27,40,132,,val,116,116
25,59,11,32,10,23,0.3898305084745763,33,59,381,,525,47,2,131,10,41,2,13,6,17,0.4146341463414634,28,41,135,,val,93,93
29,76,6,46,15,34,0.4473684210526316,46,76,432,,526,54,2,149,7,57,1,20,11,28,0.49122807017543857,41,57,162,,val,131,131
33,89,8,56,15,37,0.4157303370786517,51,89,771,,527,78,1,313,7,76,4,25,9,33,0.4342105263157895,47,76,323,,val,136,136
18,56,7,30,7,19,0.3392857142857143,30,56,373,,528,54,3,128,4,33,3,13,4,13,0.3939393939393939,20,33,133,,val,96,96
29,78,9,44,15,34,0.4358974358974359,48,78,419,,529,51,2,133,7,47,1,15,8,23,0.48936170212765956,34,47,136,,val,123,123
24,56,13,33,9,21,0.375,30,56,375,,530,46,1,109,9,36,1,14,6,16,0.4444444444444444,25,36,112,,val,98,98
26,49,12,33,11,22,0.4489795918367347,29,49,350,,531,47,3,157,14,37,3,22,8,17,0.4594594594594595,23,37,163,,val,94,94
19,52,8,32,7,19,0.36538461538461536,30,52,383,,532,56,6,139,7,33,2,12,4,15,0.45454545454545453,22,33,143,,val,103,103
26,59,12,35,10,22,0.3728813559322034,31,59,455,,533,54,2,181,10,41,3,16,6,16,0.3902439024390244,25,41,186,,val,106,106
15,47,5,22,8,20,0.425531914893617,29,47,222,,534,45,2,96,4,38,1,9,6,20,0.5263157894736842,28,38,104,,val,99,99
27,73,10,34,11,27,0.3698630136986301,41,73,418,,535,49,0,162,10,44,3,17,6,18,0.4090909090909091,28,44,163,,val,116,116
31,78,8,48,14,34,0.4358974358974359,47,78,416,,536,48,1,157,9,53,3,20,9,25,0.4716981132075472,37,53,161,,val,120,120
35,73,16,49,14,32,0.4383561643835616,43,73,587,,537,51,0,204,13,50,1,26,11,24,0.48,33,50,206,,val,104,104
32,73,11,41,14,30,0.410958904109589,40,73,481,,538,54,0,141,9,47,0,19,9,23,0.48936170212765956,32,47,150,,val,118,118
23,69,9,37,11,29,0.42028985507246375,42,69,347,,539,50,2,109,7,44,0,14,8,22,0.5,33,44,116,,val,121,121
19,40,10,25,7,15,0.375,21,40,357,,540,48,3,132,10,31,3,13,5,12,0.3870967741935484,18,31,135,,val,82,82
19,47,8,34,10,22,0.46808510638297873,31,47,287,,541,42,3,67,5,27,1,8,5,14,0.5185185185185185,20,27,70,,val,84,84
19,67,6,36,10,29,0.43283582089552236,42,67,341,,542,56,1,110,4,42,1,9,6,21,0.5,31,42,114,,val,115,115
15,67,6,30,8,25,0.373134328358209,37,67,372,,543,63,3,127,4,37,2,10,5,16,0.43243243243243246,25,37,129,,val,109,109
20,51,8,30,9,21,0.4117647058823529,30,51,305,,544,49,5,110,7,35,1,16,7,18,0.5142857142857142,24,35,115,,val,95,95
20,56,9,32,9,21,0.375,31,56,356,,545,52,1,107,6,32,0,12,6,15,0.46875,22,32,109,,val,100,100
26,72,13,44,12,31,0.4305555555555556,43,72,436,,546,46,5,136,7,46,2,15,7,22,0.4782608695652174,32,46,140,,val,118,118
23,57,12,31,7,19,0.3333333333333333,27,57,469,,547,51,1,181,6,39,3,17,3,15,0.38461538461538464,22,39,184,,val,92,92
25,72,14,40,10,24,0.3333333333333333,37,72,527,,548,54,1,203,9,44,4,16,5,15,0.3409090909090909,25,44,206,,val,108,108
25,54,13,37,11,23,0.42592592592592593,32,54,292,,549,38,0,92,9,36,0,20,8,19,0.5277777777777778,27,36,92,,val,100,100
21,57,11,34,9,21,0.3684210526315789,31,57,412,,550,51,4,123,8,30,2,12,5,11,0.36666666666666664,17,30,130,,val,90,90
34,71,11,48,13,30,0.4225352112676056,41,71,546,,551,57,5,153,11,50,0,22,10,23,0.46,35,50,158,,val,119,119
19,60,10,32,8,22,0.36666666666666664,32,60,380,,552,52,4,128,4,35,3,11,4,14,0.4,22,35,131,,val,107,107
19,64,8,36,9,26,0.40625,39,64,370,,553,56,3,146,9,49,1,13,8,22,0.4489795918367347,34,49,152,,val,113,113
16,49,7,30,7,19,0.3877551020408163,28,49,353,,554,51,6,134,7,28,2,11,4,10,0.35714285714285715,16,28,136,,val,78,78
16,44,8,29,6,18,0.4090909090909091,25,44,337,,555,52,2,135,6,31,3,12,4,12,0.3870967741935484,18,31,137,,val,86,86
18,48,8,22,8,18,0.375,27,48,260,,556,42,2,76,4,33,1,7,6,18,0.5454545454545454,26,33,79,,val,91,91
22,40,13,25,8,17,0.425,23,40,318,,557,44,4,97,8,29,1,11,5,12,0.41379310344827586,19,29,100,,val,77,77
12,42,5,19,6,16,0.38095238095238093,24,42,204,,558,41,5,64,3,22,1,8,3,9,0.4090909090909091,15,22,70,,val,93,93
24,60,9,36,11,25,0.4166666666666667,35,60,354,,559,49,3,104,5,37,1,15,8,20,0.5405405405405406,27,37,105,,val,88,88
18,45,13,28,8,16,0.35555555555555557,24,45,363,,560,52,2,125,10,27,2,15,6,12,0.4444444444444444,16,27,128,,val,75,75
24,53,5,35,9,23,0.4339622641509434,32,53,349,,561,50,5,113,7,35,2,10,5,15,0.42857142857142855,24,35,115,,val,81,81
24,54,12,35,11,22,0.4074074074074074,30,54,413,,562,56,1,116,9,32,0,17,8,16,0.5,22,32,119,,val,99,99
30,73,12,50,14,30,0.410958904109589,43,73,538,,563,60,0,190,11,46,2,20,8,22,0.4782608695652174,32,46,192,,val,115,115
20,51,11,37,8,21,0.4117647058823529,31,51,456,,564,54,5,154,7,29,3,13,4,11,0.3793103448275862,16,29,157,,val,70,70
27,67,11,43,9,24,0.3582089552238806,36,67,533,,565,55,0,168,8,42,3,14,5,16,0.38095238095238093,25,42,172,,val,100,100
21,50,9,27,7,19,0.38,28,50,333,,566,46,2,115,7,33,2,10,5,14,0.42424242424242425,22,33,116,,val,82,82
23,57,8,30,11,25,0.43859649122807015,35,57,268,,567,44,8,118,8,46,1,14,8,22,0.4782608695652174,34,46,125,,val,112,112
21,44,10,28,8,18,0.4090909090909091,25,44,340,,568,54,2,102,3,29,3,11,3,14,0.4827586206896552,19,29,104,,val,80,80
13,38,9,19,5,11,0.2894736842105263,18,38,331,,569,51,1,114,6,25,2,9,3,8,0.32,14,25,115,,val,78,78
14,36,6,18,5,13,0.3611111111111111,18,36,277,,570,67,0,81,1,25,1,4,2,11,0.44,16,25,90,,val,68,68
19,58,7,30,9,22,0.3793103448275862,32,58,345,,571,51,0,102,3,31,3,5,3,11,0.3548387096774194,21,31,106,,val,98,98
23,62,7,31,11,24,0.3870967741935484,35,62,314,,572,42,2,106,8,45,0,14,10,23,0.5111111111111111,34,45,110,,val,105,105
13,51,6,30,6,19,0.37254901960784315,28,51,328,,573,54,1,135,4,34,3,13,3,13,0.38235294117647056,21,34,137,,val,87,87
15,41,7,22,6,14,0.34146341463414637,22,41,291,,574,50,2,102,5,31,1,8,3,11,0.3548387096774194,21,31,105,,val,73,73
24,54,11,32,9,21,0.3888888888888889,31,54,384,,575,48,2,128,9,39,2,13,6,17,0.4358974358974359,26,39,130,,val,100,100
18,45,14,26,7,15,0.3333333333333333,20,45,441,,576,51,1,150,7,29,4,15,4,11,0.3793103448275862,16,29,153,,val,78,78
18,56,6,28,8,22,0.39285714285714285,33,56,316,,577,51,1,112,4,31,2,11,4,13,0.41935483870967744,20,31,113,,val,110,110
29,61,10,40,12,28,0.45901639344262296,37,61,388,,578,43,0,111,5,33,2,8,4,16,0.48484848484848486,22,33,113,,val,98,98
24,58,12,37,10,22,0.3793103448275862,31,58,463,,579,55,1,141,9,41,2,16,7,19,0.4634146341463415,27,41,146,,val,97,97
30,70,9,44,13,29,0.4142857142857143,40,70,486,,580,57,2,159,10,52,0,20,10,25,0.4807692307692308,36,52,164,,val,115,115
20,69,6,36,11,26,0.37681159420289856,40,69,387,,581,56,9,155,7,41,4,17,6,17,0.4146341463414634,25,41,161,,val,106,106
29,83,8,47,17,38,0.4578313253012048,52,83,507,,582,63,2,186,9,58,0,20,11,27,0.46551724137931033,40,58,189,,val,139,139
15,58,8,29,7,22,0.3793103448275862,33,58,329,,583,53,3,85,3,39,1,8,6,21,0.5384615384615384,30,39,90,,val,86,86
17,61,5,31,11,29,0.47540983606557374,40,61,243,,584,44,6,72,5,35,1,8,6,20,0.5714285714285714,28,35,79,,val,111,111
19,43,8,30,8,19,0.4418604651162791,27,43,200,,585,39,2,80,9,36,1,16,7,19,0.5277777777777778,28,36,88,,val,86,86
16,36,9,20,6,14,0.3888888888888889,19,36,296,,586,51,3,132,8,26,3,14,4,11,0.4230769230769231,16,26,137,,val,84,84
13,43,5,24,7,20,0.46511627906976744,28,43,207,,587,50,0,70,5,25,0,10,6,14,0.56,18,25,72,,val,86,86
31,58,10,37,12,27,0.46551724137931033,35,58,372,,588,46,2,97,7,35,0,14,8,17,0.4857142857142857,25,35,100,,val,109,109
26,61,4,39,13,30,0.4918032786885246,40,61,320,,589,50,2,111,7,48,0,14,9,26,0.5416666666666666,37,48,114,,val,97,97
29,64,11,51,12,29,0.453125,41,64,346,,590,39,1,118,11,42,2,25,9,21,0.5,30,42,125,,val,124,124
20,43,7,24,7,18,0.4186046511627907,25,43,270,,591,50,0,107,8,29,1,13,5,13,0.4482758620689655,18,29,112,,val,97,97
22,61,9,32,9,23,0.3770491803278688,36,61,359,,592,48,8,130,6,40,3,11,4,15,0.375,27,40,135,,val,104,104
31,61,6,34,12,27,0.4426229508196721,35,61,352,,593,49,0,112,6,38,1,16,8,20,0.5263157894736842,27,38,114,,val,112,112
19,53,10,31,8,19,0.3584905660377358,28,53,421,,594,54,4,149,9,37,2,16,6,15,0.40540540540540543,22,37,154,,val,93,93
24,68,6,35,10,25,0.36764705882352944,38,68,410,,595,53,2,158,4,47,3,15,4,19,0.40425531914893614,31,47,164,,val,117,117
21,59,4,35,11,27,0.4576271186440678,37,59,285,,596,45,1,109,3,47,2,13,9,24,0.5106382978723404,35,47,121,,val,102,102
20,57,8,30,10,24,0.42105263157894735,34,57,342,,597,52,1,119,5,28,2,12,4,10,0.35714285714285715,16,28,121,,val,91,91
37,84,13,54,15,35,0.4166666666666667,49,84,583,,598,55,2,192,11,53,1,25,11,25,0.4716981132075472,35,53,196,,val,116,116
29,65,9,47,12,30,0.46153846153846156,41,65,412,,599,48,3,127,8,36,2,13,6,17,0.4722222222222222,23,36,130,,val,102,102
14,38,3,24,9,19,0.5,25,38,133,,600,36,1,39,1,25,0,10,8,17,0.68,21,25,41,,val,75,75
23,58,9,39,9,23,0.39655172413793105,34,58,402,,601,51,6,131,8,41,1,14,7,18,0.43902439024390244,28,41,132,,val,97,97
28,71,12,45,12,29,0.4084507042253521,41,71,486,,602,52,4,149,10,45,2,15,7,19,0.4222222222222222,30,45,153,,val,111,111
30,67,12,45,13,29,0.43283582089552236,39,67,515,,603,56,4,174,10,47,2,17,7,21,0.44680851063829785,30,47,176,,val,98,98
22,48,7,31,8,20,0.4166666666666667,27,48,357,,604,54,5,125,6,34,2,13,5,16,0.47058823529411764,23,34,129,,val,81,81
22,55,10,35,9,22,0.4,31,55,424,,605,55,1,143,8,39,2,15,6,16,0.41025641025641024,25,39,145,,val,99,99
22,51,10,30,9,21,0.4117647058823529,28,51,350,,606,55,1,84,5,31,0,10,6,17,0.5483870967741935,23,31,89,,val,89,89
18,44,13,25,7,14,0.3181818181818182,20,44,410,,607,51,0,197,9,32,7,14,5,9,0.28125,14,32,203,,val,91,91
16,56,5,29,8,25,0.44642857142857145,35,56,261,,608,46,1,98,5,33,2,9,4,15,0.45454545454545453,23,33,102,,val,117,117
33,62,13,42,12,27,0.43548387096774194,36,62,462,,609,48,1,129,9,36,1,17,7,17,0.4722222222222222,23,36,131,,val,103,103
17,60,10,34,9,23,0.38333333333333336,34,60,357,,610,52,3,117,7,34,1,16,7,17,0.5,23,34,120,,val,111,111
19,74,10,36,10,27,0.36486486486486486,43,74,406,,611,52,1,119,4,47,2,13,7,22,0.46808510638297873,35,47,127,,val,111,111
15,54,10,22,7,15,0.2777777777777778,26,54,399,,612,51,2,131,8,27,4,12,5,10,0.37037037037037035,14,27,134,,val,86,86
16,44,7,22,7,17,0.38636363636363635,26,44,263,,613,47,2,67,6,27,1,6,4,13,0.48148148148148145,20,27,73,,val,82,82
21,63,9,37,8,24,0.38095238095238093,35,63,425,,614,53,0,138,5,40,3,13,4,16,0.4,26,40,147,,val,113,113
13,45,6,25,6,17,0.37777777777777777,25,45,272,,615,46,0,77,4,22,3,7,3,9,0.4090909090909091,15,22,77,,val,77,77
23,56,10,35,10,23,0.4107142857142857,32,56,410,,616,52,5,87,5,25,1,11,4,11,0.44,17,25,89,,val,76,76
21,62,7,37,9,26,0.41935483870967744,36,62,388,,617,60,1,147,7,43,1,18,7,18,0.4186046511627907,28,43,152,,val,101,101
18,51,1,34,13,27,0.5294117647058824,36,51,157,,618,36,3,55,5,32,0,12,8,21,0.65625,27,32,59,,val,95,95
25,77,8,40,13,32,0.4155844155844156,45,77,462,,619,62,5,145,4,62,0,11,11,31,0.5,47,62,158,,val,118,118
22,57,6,37,12,26,0.45614035087719296,36,57,229,,620,37,1,79,6,42,0,22,10,24,0.5714285714285714,33,42,90,,val,115,115
22,49,10,35,10,21,0.42857142857142855,29,49,400,,621,56,1,111,6,31,2,14,5,14,0.45161290322580644,20,31,113,,val,96,96
19,43,8,26,6,17,0.3953488372093023,24,43,222,,622,36,4,74,6,25,3,13,4,12,0.48,18,25,77,,val,86,86
19,41,6,27,8,20,0.4878048780487805,27,41,142,,623,25,1,58,5,26,1,12,5,14,0.5384615384615384,20,26,62,,val,82,82
21,67,11,33,9,23,0.34328358208955223,35,67,420,,624,57,0,143,8,33,3,16,6,15,0.45454545454545453,22,33,146,,val,113,113
18,38,11,27,7,15,0.39473684210526316,22,38,411,,625,53,1,138,9,27,4,11,5,10,0.37037037037037035,15,27,140,,val,78,78
16,53,5,28,8,22,0.41509433962264153,32,53,278,,626,58,6,109,4,40,1,13,8,21,0.525,29,40,113,,val,91,91
24,66,9,42,11,28,0.42424242424242425,40,66,422,,627,54,0,137,7,44,1,15,7,18,0.4090909090909091,31,44,139,,val,102,102
24,63,9,40,8,24,0.38095238095238093,36,63,461,,628,54,3,179,9,44,2,18,5,18,0.4090909090909091,27,44,181,,val,95,95
28,77,11,39,12,29,0.37662337662337664,44,77,436,,629,50,1,136,8,45,2,15,7,20,0.4444444444444444,32,45,137,,val,112,112
25,61,13,41,11,25,0.4098360655737705,36,61,433,,630,52,2,149,10,39,2,18,8,18,0.46153846153846156,26,39,153,,val,103,103
23,56,8,40,10,24,0.42857142857142855,34,56,406,,631,54,0,125,5,39,2,14,6,19,0.48717948717948717,27,39,126,,val,96,96
29,67,8,43,12,29,0.43283582089552236,41,67,392,,632,50,2,115,8,48,1,17,10,25,0.5208333333333334,36,48,121,,val,113,113
35,64,12,51,15,30,0.46875,40,64,352,,633,38,3,80,7,37,0,19,9,21,0.5675675675675675,29,37,82,,val,99,99
16,62,7,32,9,26,0.41935483870967744,37,62,291,,634,48,3,115,9,37,2,12,6,16,0.43243243243243246,26,37,119,,val,104,104
23,62,7,36,10,26,0.41935483870967744,37,62,347,,635,46,2,115,6,41,1,12,6,19,0.4634146341463415,29,41,120,,val,86,86
19,54,5,32,10,24,0.4444444444444444,33,54,266,,636,50,3,108,6,42,1,13,8,22,0.5238095238095238,31,42,113,,val,108,108
25,56,8,37,10,23,0.4107142857142857,31,56,445,,637,58,2,123,4,39,1,12,5,18,0.46153846153846156,27,39,125,,val,88,88
28,63,9,51,13,30,0.47619047619047616,42,63,303,,638,40,1,105,9,41,2,21,8,20,0.4878048780487805,30,41,111,,val,96,96
26,79,13,38,11,27,0.34177215189873417,43,79,504,,639,55,2,211,11,57,2,17,7,22,0.38596491228070173,36,57,216,,val,123,123
20,45,12,31,7,16,0.35555555555555557,24,45,423,,640,51,8,162,8,34,2,16,4,13,0.38235294117647056,20,34,165,,val,86,86
14,38,6,22,7,16,0.42105263157894735,22,38,241,,641,54,3,67,3,23,2,5,3,9,0.391304347826087,16,23,71,,val,79,79
17,54,8,29,6,19,0.35185185185185186,30,54,358,,642,55,2,124,6,31,1,11,4,12,0.3870967741935484,19,31,127,,val,88,88
19,43,5,28,10,21,0.4883720930232558,27,43,233,,643,43,2,77,5,29,1,10,7,15,0.5172413793103449,22,29,79,,val,87,87
26,54,10,36,11,25,0.46296296296296297,33,54,344,,644,48,2,100,6,38,1,13,7,18,0.47368421052631576,28,38,103,,val,92,92
30,70,15,43,11,26,0.37142857142857144,37,70,576,,645,55,0,182,8,46,3,16,5,19,0.41304347826086957,28,46,184,,val,113,113
17,34,11,21,6,13,0.38235294117647056,19,34,288,,646,49,0,96,7,19,2,9,3,8,0.42105263157894735,11,19,97,,val,69,69
31,76,12,54,14,35,0.4605263157894737,48,76,513,,647,51,0,150,7,48,3,18,7,22,0.4583333333333333,33,48,152,,val,109,109
23,65,7,44,11,30,0.46153846153846156,41,65,415,,648,53,1,159,8,47,2,18,8,23,0.48936170212765956,31,47,165,,val,114,114
25,58,14,30,10,21,0.3620689655172414,30,58,398,,649,46,6,133,10,37,2,18,7,18,0.4864864864864865,25,37,137,,val,93,93
18,48,8,28,9,21,0.4375,30,48,269,,650,46,1,71,3,33,0,7,7,19,0.5757575757575758,26,33,73,,val,79,79
32,64,12,44,13,30,0.46875,40,64,444,,651,47,5,136,6,45,2,16,8,24,0.5333333333333333,31,45,141,,val,112,112
21,73,10,40,12,29,0.3972602739726027,43,73,446,,652,59,3,134,7,47,1,16,8,23,0.48936170212765956,34,47,139,,val,105,105
17,40,8,23,6,16,0.4,22,40,251,,653,44,1,99,7,31,2,12,5,14,0.45161290322580644,21,31,107,,val,76,76
22,57,10,32,10,22,0.38596491228070173,31,57,476,,654,64,3,171,7,38,4,16,6,16,0.42105263157894735,22,38,177,,val,100,100
20,68,5,34,12,28,0.4117647058823529,38,68,380,,655,66,2,165,6,51,1,15,9,24,0.47058823529411764,34,51,171,,val,112,112
22,59,8,31,11,25,0.423728813559322,36,59,288,,656,41,1,114,7,43,2,13,8,21,0.4883720930232558,32,43,119,,val,116,116
34,90,13,52,16,38,0.4222222222222222,53,90,478,,657,43,4,140,8,56,3,16,8,27,0.48214285714285715,42,56,146,,val,133,133
41,81,17,55,17,35,0.43209876543209874,47,81,625,,658,54,6,194,11,53,2,25,9,25,0.4716981132075472,35,53,199,,val,122,122
14,54,6,29,6,21,0.3888888888888889,31,54,314,,659,58,3,126,5,36,2,11,3,14,0.3888888888888889,23,36,136,,val,112,112
39,73,11,56,17,37,0.5068493150684932,48,73,357,,660,38,3,111,9,48,1,27,12,26,0.5416666666666666,37,48,116,,val,116,116
20,61,10,33,8,19,0.3114754098360656,30,61,469,,661,54,1,188,10,38,5,17,5,13,0.34210526315789475,20,38,188,,val,107,107
24,69,8,40,13,30,0.43478260869565216,43,69,383,,662,52,1,149,10,41,2,24,9,21,0.5121951219512195,27,41,158,,val,122,122
35,78,10,46,12,32,0.41025641025641024,45,78,485,,663,50,2,182,9,52,3,18,7,22,0.4230769230769231,33,52,191,,val,130,130
37,79,13,50,15,34,0.43037974683544306,45,79,575,,664,59,1,188,13,49,1,26,11,24,0.4897959183673469,32,49,192,,val,111,111
37,68,16,45,12,29,0.4264705882352941,39,68,523,,665,48,2,160,9,44,3,16,6,19,0.4318181818181818,28,44,160,,val,122,122
27,65,9,45,12,32,0.49230769230769234,41,65,423,,666,59,5,113,5,37,1,14,7,19,0.5135135135135135,26,37,114,,val,93,93
38,89,17,58,17,38,0.42696629213483145,52,89,658,,667,55,1,171,11,53,0,21,11,27,0.5094339622641509,36,53,173,,val,118,118
26,69,9,45,10,28,0.4057971014492754,40,69,466,,668,57,5,208,8,55,2,24,7,24,0.43636363636363634,35,55,215,,val,112,112
23,66,12,34,10,23,0.3484848484848485,34,66,461,,669,53,0,175,9,47,2,20,7,19,0.40425531914893614,30,47,179,,val,128,128
31,69,11,41,10,29,0.42028985507246375,41,69,446,,670,49,2,140,9,43,2,12,6,16,0.37209302325581395,29,43,145,,val,122,122
23,61,11,32,9,22,0.36065573770491804,33,61,403,,671,49,3,146,9,33,5,17,5,14,0.42424242424242425,20,33,146,,val,109,109
17,44,13,26,7,15,0.3409090909090909,22,44,397,,672,55,0,144,11,28,3,14,5,11,0.39285714285714285,15,28,147,,val,78,78
26,54,7,39,11,26,0.48148148148148145,36,54,226,,673,34,1,80,6,35,1,15,7,19,0.5428571428571428,27,35,81,,val,109,109
22,53,9,31,9,22,0.41509433962264153,31,53,331,,674,48,1,83,2,32,1,7,4,15,0.46875,24,32,88,,val,92,92
36,69,14,57,15,34,0.4927536231884058,48,69,311,,675,29,3,93,11,46,1,19,9,27,0.5869565217391305,37,46,99,,val,112,112
20,50,4,35,9,23,0.46,32,50,227,,676,40,1,58,2,27,1,8,4,16,0.5925925925925926,22,27,58,,val,96,96
13,44,8,19,6,14,0.3181818181818182,23,44,247,,677,43,2,76,5,24,3,7,4,11,0.4583333333333333,17,24,79,,val,71,71
8,30,5,15,4,12,0.4,19,30,159,,678,42,0,48,2,15,1,5,2,7,0.4666666666666667,10,15,51,,val,71,71
35,93,13,55,16,38,0.40860215053763443,54,93,949,,679,84,1,275,8,68,2,19,11,29,0.4264705882352941,43,68,283,,val,124,124
20,51,8,33,9,23,0.45098039215686275,32,51,303,,680,48,4,90,6,35,1,15,8,18,0.5142857142857142,26,35,95,,val,93,93
29,72,8,42,13,31,0.4305555555555556,42,72,527,,681,62,5,179,7,54,2,15,8,25,0.46296296296296297,36,54,185,,val,117,117
22,57,9,33,8,21,0.3684210526315789,31,57,419,,682,57,5,182,9,44,4,17,5,15,0.3409090909090909,25,44,193,,val,96,96
23,67,8,41,11,29,0.43283582089552236,41,67,410,,683,56,3,153,8,51,1,16,8,22,0.43137254901960786,35,51,163,,val,118,118
25,59,9,39,11,26,0.4406779661016949,35,59,409,,684,52,2,109,4,30,2,12,4,14,0.4666666666666667,20,30,110,,val,95,95
21,45,16,27,8,17,0.37777777777777777,22,45,484,,685,55,3,200,13,29,3,19,5,13,0.4482758620689655,17,29,202,,val,83,83
29,62,11,40,13,27,0.43548387096774194,37,62,384,,686,46,4,117,9,39,1,16,8,20,0.5128205128205128,28,39,117,,val,100,100
20,56,11,29,8,18,0.32142857142857145,28,56,393,,687,49,1,165,9,38,2,15,5,15,0.39473684210526316,23,38,167,,val,93,93
17,53,9,30,6,18,0.33962264150943394,27,53,383,,688,52,3,133,5,29,3,9,3,8,0.27586206896551724,16,29,136,,val,100,100
37,78,17,47,15,33,0.4230769230769231,46,78,330,,689,29,1,120,19,41,2,23,10,20,0.4878048780487805,29,41,120,,val,124,124
29,71,14,46,11,27,0.38028169014084506,39,71,566,,690,58,1,211,10,42,4,18,5,16,0.38095238095238093,24,42,213,,val,110,110
25,58,10,43,12,27,0.46551724137931033,37,58,286,,691,38,1,71,9,31,1,17,8,17,0.5483870967741935,24,31,75,,val,95,95
20,58,4,37,12,28,0.4827586206896552,37,58,301,,692,53,1,114,3,36,1,17,8,18,0.5,25,36,114,,val,97,97
24,69,10,35,10,25,0.36231884057971014,38,69,410,,693,47,2,127,6,47,2,14,7,22,0.46808510638297873,34,47,133,,val,135,135
24,55,11,31,8,20,0.36363636363636365,29,55,386,,694,49,0,145,9,32,3,14,5,12,0.375,18,32,145,,val,90,90
25,64,10,38,10,25,0.390625,36,64,419,,695,51,0,124,6,35,3,15,5,15,0.42857142857142855,23,35,126,,val,95,95
16,51,6,28,8,22,0.43137254901960786,31,51,244,,696,48,0,72,5,30,0,10,6,16,0.5333333333333333,23,30,73,,val,83,83
24,54,8,32,10,22,0.4074074074074074,30,54,359,,697,50,3,125,6,36,3,16,5,16,0.4444444444444444,24,36,125,,val,109,109
37,81,16,54,16,35,0.43209876543209874,48,81,616,,698,60,2,227,14,69,1,32,14,32,0.463768115942029,46,69,235,,val,117,117
17,43,10,26,8,17,0.3953488372093023,25,43,322,,699,53,5,115,8,32,1,13,5,13,0.40625,21,32,117,,val,78,78
19,59,6,32,12,27,0.4576271186440678,36,59,266,,700,45,3,60,1,35,0,9,10,22,0.6285714285714286,29,35,65,,val,115,115
16,44,10,23,6,14,0.3181818181818182,21,44,341,,701,51,0,119,6,28,3,12,4,11,0.39285714285714285,16,28,122,,val,94,94
35,70,15,44,14,29,0.4142857142857143,38,70,577,,702,55,3,156,8,43,1,22,9,20,0.46511627906976744,28,43,158,,val,103,103
19,68,6,41,11,30,0.4411764705882353,41,68,348,,703,55,3,128,6,46,2,14,7,22,0.4782608695652174,33,46,132,,val,108,108
21,51,9,30,8,22,0.43137254901960786,31,51,318,,704,47,0,105,7,33,2,10,5,14,0.42424242424242425,23,33,105,,val,107,107
24,59,11,46,9,26,0.4406779661016949,37,59,317,,705,36,1,90,7,32,1,19,6,17,0.53125,23,32,93,,val,97,97
39,86,7,58,19,43,0.5,55,86,507,,706,54,1,165,7,61,1,23,11,30,0.4918032786885246,45,61,166,,val,144,144
33,57,11,39,12,27,0.47368421052631576,35,57,399,,707,44,0,100,5,36,2,12,6,17,0.4722222222222222,26,36,101,,val,97,97
18,52,9,26,8,20,0.38461538461538464,29,52,287,,708,41,1,72,4,23,1,6,4,12,0.5217391304347826,16,23,72,,val,111,111
17,55,7,30,8,23,0.41818181818181815,33,55,381,,709,63,2,101,2,25,1,7,2,9,0.36,15,25,103,,val,86,86
27,71,10,36,12,31,0.43661971830985913,44,71,356,,710,47,4,98,5,41,0,11,8,22,0.5365853658536586,31,41,100,,val,109,109
13,49,6,29,7,22,0.4489795918367347,32,49,287,,711,52,0,88,4,29,1,10,4,14,0.4827586206896552,21,29,89,,val,102,102
30,71,14,50,14,31,0.43661971830985913,45,71,480,,712,49,4,152,12,44,1,20,8,21,0.4772727272727273,29,44,156,,val,109,109
18,51,7,22,7,17,0.3333333333333333,26,51,398,,713,62,0,171,5,32,4,12,4,12,0.375,18,32,175,,val,87,87
17,54,7,30,8,23,0.42592592592592593,34,54,289,,714,47,0,76,2,25,1,7,2,11,0.44,17,25,82,,val,86,86
28,48,9,38,9,23,0.4791666666666667,31,48,401,,715,45,2,154,12,38,4,16,7,16,0.42105263157894735,24,38,159,,val,85,85
17,50,7,33,8,21,0.42,30,50,348,,716,54,1,123,6,33,2,12,5,13,0.3939393939393939,21,33,127,,val,92,92
22,51,12,40,9,20,0.39215686274509803,30,51,322,,717,39,1,133,13,32,3,22,6,15,0.46875,21,32,135,,val,98,98
41,91,10,53,16,39,0.42857142857142855,52,91,701,,718,69,2,222,8,63,1,19,11,28,0.4444444444444444,41,63,225,,val,138,138
17,54,8,30,7,19,0.35185185185185186,29,54,345,,719,54,3,124,6,31,2,10,4,11,0.3548387096774194,19,31,128,,val,89,89
21,58,9,32,9,25,0.43103448275862066,36,58,323,,720,47,1,106,7,23,3,11,4,10,0.43478260869565216,15,23,107,,val,99,99
15,52,8,33,8,20,0.38461538461538464,29,52,356,,721,59,6,125,8,31,1,14,5,13,0.41935483870967744,19,31,128,,val,77,77
15,46,6,24,7,19,0.41304347826086957,28,46,254,,722,53,0,77,3,29,1,10,5,14,0.4827586206896552,22,29,79,,val,115,115
31,60,13,45,13,29,0.48333333333333334,38,60,465,,723,52,1,136,4,47,1,15,7,22,0.46808510638297873,34,47,139,,val,88,88
27,57,12,35,10,23,0.40350877192982454,32,57,427,,724,49,4,157,8,42,3,18,5,18,0.42857142857142855,26,42,164,,val,84,84
20,68,8,30,10,26,0.38235294117647056,39,68,317,,725,51,4,114,7,44,0,14,8,21,0.4772727272727273,32,44,122,,val,114,114
19,56,9,28,8,19,0.3392857142857143,30,56,340,,726,48,0,129,7,31,2,11,3,12,0.3870967741935484,18,31,130,,val,112,112
18,47,8,22,6,15,0.3191489361702128,23,47,326,,727,49,3,107,4,27,2,8,2,11,0.4074074074074074,16,27,110,,val,94,94
19,44,6,37,9,23,0.5227272727272727,31,44,194,,728,38,1,71,8,34,1,13,7,19,0.5588235294117647,27,34,76,,val,92,92
16,38,11,30,7,16,0.42105263157894735,23,38,239,,729,33,0,74,8,21,2,12,4,9,0.42857142857142855,14,21,75,,val,66,66
27,63,14,41,11,27,0.42857142857142855,38,63,411,,730,47,2,124,11,41,1,15,8,20,0.4878048780487805,29,41,128,,val,121,121
16,44,3,21,9,20,0.45454545454545453,29,44,195,,731,50,2,61,3,27,0,8,7,16,0.5925925925925926,21,27,64,,val,84,84
29,55,10,33,10,23,0.41818181818181815,30,55,387,,732,50,1,122,5,32,2,13,4,14,0.4375,20,32,122,,val,78,78
15,47,4,30,8,23,0.48936170212765956,31,47,160,,733,36,1,44,3,23,1,8,5,15,0.6521739130434783,19,23,44,,val,88,88
22,59,8,35,7,20,0.3389830508474576,32,59,460,,734,58,2,193,7,35,3,14,3,11,0.3142857142857143,18,35,196,,val,101,101
27,62,7,45,12,29,0.46774193548387094,39,62,425,,735,54,5,135,5,46,2,12,6,22,0.4782608695652174,32,46,141,,val,90,90
22,50,9,32,7,21,0.42,30,50,337,,736,48,1,105,5,23,3,7,2,7,0.30434782608695654,13,23,106,,val,76,76
19,67,8,35,11,30,0.44776119402985076,42,67,298,,737,44,1,111,5,48,1,19,11,25,0.5208333333333334,36,48,120,,val,116,116
23,64,11,43,11,28,0.4375,39,64,431,,738,56,2,135,8,43,1,13,7,19,0.4418604651162791,30,43,135,,val,110,110
20,54,8,28,7,19,0.35185185185185186,28,54,365,,739,51,0,119,5,38,1,13,5,16,0.42105263157894735,26,38,123,,val,109,109
30,63,11,42,12,28,0.4444444444444444,38,63,303,,740,39,5,106,8,45,2,26,10,25,0.5555555555555556,34,45,113,,val,106,106
28,68,15,47,13,31,0.45588235294117646,43,68,427,,741,43,5,132,11,48,2,15,8,21,0.4375,35,48,137,,val,104,104
23,46,12,37,8,20,0.43478260869565216,28,46,290,,742,39,1,86,9,27,1,18,6,14,0.5185185185185185,19,27,88,,val,90,90
17,52,4,29,9,22,0.4230769230769231,32,52,285,,743,53,6,110,5,47,1,13,7,23,0.48936170212765956,35,47,122,,val,113,113
39,78,11,57,14,37,0.47435897435897434,49,78,380,,744,40,0,109,7,42,3,22,8,22,0.5238095238095238,32,42,109,,val,127,127
13,46,6,16,6,16,0.34782608695652173,27,46,229,,745,45,0,103,6,32,3,9,4,13,0.40625,22,32,105,,val,91,91
19,56,9,30,7,20,0.35714285714285715,29,56,374,,746,52,3,133,5,36,5,13,5,15,0.4166666666666667,22,36,141,,val,107,107
16,47,8,31,8,18,0.3829787234042553,28,47,220,,747,38,3,64,3,32,1,10,5,19,0.59375,26,32,66,,val,87,87
22,67,6,36,12,29,0.43283582089552236,41,67,442,,748,63,2,152,5,50,1,14,9,24,0.48,35,50,155,,val,114,114
15,36,3,21,6,15,0.4166666666666667,21,36,211,,749,50,5,57,3,19,1,5,3,9,0.47368421052631576,14,19,58,,val,65,65
29,46,8,34,11,23,0.5,29,46,330,,750,49,1,114,9,41,0,17,10,21,0.5121951219512195,30,41,117,,val,81,81
33,64,13,43,12,27,0.421875,36,64,564,,751,54,2,144,9,39,1,19,8,18,0.46153846153846156,25,39,151,,val,98,98
23,47,11,28,8,18,0.3829787234042553,25,47,360,,752,46,0,115,7,31,3,11,5,13,0.41935483870967744,19,31,120,,val,85,85
29,76,12,48,15,34,0.4473684210526316,47,76,459,,753,51,0,122,4,45,1,15,9,23,0.5111111111111111,33,45,127,,val,111,111
34,77,7,52,15,35,0.45454545454545453,48,77,512,,754,59,1,120,5,58,0,10,11,33,0.5689655172413793,46,58,129,,val,139,139
29,51,12,33,9,21,0.4117647058823529,28,51,434,,755,50,0,159,8,33,4,14,4,12,0.36363636363636365,19,33,161,,val,93,93
30,72,10,38,12,28,0.3888888888888889,38,72,463,,756,58,0,134,5,40,2,14,5,16,0.4,27,40,136,,val,111,111
29,82,11,43,12,32,0.3902439024390244,48,82,463,,757,49,5,159,13,51,2,21,10,24,0.47058823529411764,35,51,169,,val,124,124
17,48,7,24,8,18,0.375,27,48,268,,758,47,2,79,4,32,1,8,6,16,0.5,24,32,85,,val,85,85
34,75,12,45,13,31,0.41333333333333333,42,75,558,,759,58,4,187,11,58,2,19,9,26,0.4482758620689655,39,58,191,,val,111,111
28,69,6,49,15,32,0.463768115942029,43,69,465,,760,58,2,148,7,55,1,20,10,28,0.509090909090909,40,55,157,,val,117,117
17,45,10,24,7,16,0.35555555555555557,23,45,321,,761,49,6,106,7,25,3,11,4,10,0.4,15,25,107,,val,83,83
17,54,4,36,11,28,0.5185185185185185,38,54,286,,762,60,3,125,9,48,0,17,10,23,0.4791666666666667,35,48,138,,val,93,93
18,43,10,25,7,15,0.3488372093023256,23,43,322,,763,49,0,109,5,27,2,9,4,10,0.37037037037037035,16,27,110,,val,105,105
18,49,6,32,9,23,0.46938775510204084,32,49,280,,764,45,4,88,5,34,1,9,5,16,0.47058823529411764,25,34,93,,val,88,88
24,50,11,32,8,20,0.4,28,50,374,,765,48,1,89,5,28,1,9,4,13,0.4642857142857143,20,28,89,,val,89,89
20,59,7,32,9,23,0.3898305084745763,36,59,367,,766,53,2,114,4,36,2,11,5,16,0.4444444444444444,25,36,119,,val,97,97
25,83,5,38,15,36,0.43373493975903615,50,83,435,,767,62,2,165,4,70,1,15,14,36,0.5142857142857142,53,70,178,,val,138,138
16,47,9,26,6,16,0.3404255319148936,25,47,319,,768,46,5,146,7,40,4,10,4,15,0.375,25,40,152,,val,84,84
18,50,6,32,7,22,0.44,30,50,317,,769,54,1,102,5,37,1,11,5,17,0.4594594594594595,27,37,108,,val,89,89
16,49,7,24,7,18,0.3673469387755102,26,49,314,,770,53,3,130,5,37,1,13,5,15,0.40540540540540543,24,37,132,,val,89,89
22,44,10,26,8,18,0.4090909090909091,24,44,362,,771,52,3,118,5,27,2,13,4,12,0.4444444444444444,17,27,122,,val,91,91
15,44,4,24,9,21,0.4772727272727273,28,44,187,,772,41,2,58,3,30,0,9,7,17,0.5666666666666667,24,30,66,,val,87,87
17,49,5,30,8,22,0.4489795918367347,30,49,277,,773,52,3,95,4,32,1,11,5,13,0.40625,23,32,96,,val,80,80
19,57,8,30,8,21,0.3684210526315789,31,57,333,,774,54,0,121,5,40,1,14,7,18,0.45,27,40,131,,val,102,102
23,65,7,38,12,28,0.4307692307692308,37,65,366,,775,54,6,123,7,46,0,16,8,22,0.4782608695652174,34,46,129,,val,97,97
23,58,11,39,10,26,0.4482758620689655,36,58,357,,776,44,1,134,9,39,3,16,7,20,0.5128205128205128,27,39,141,,val,99,99
25,55,8,28,11,22,0.4,30,55,320,,777,50,0,118,9,37,2,16,7,17,0.4594594594594595,25,37,121,,val,116,116
19,58,4,29,12,26,0.4482758620689655,37,58,270,,778,51,3,68,2,35,0,7,9,21,0.6,28,35,71,,val,104,104
20,51,13,27,7,17,0.3333333333333333,26,51,430,,779,56,4,181,8,38,2,16,4,14,0.3684210526315789,21,38,182,,val,93,93
24,61,14,38,9,21,0.3442622950819672,32,61,546,,780,54,4,192,10,42,3,13,4,13,0.30952380952380953,23,42,196,,val,118,118
33,62,12,45,11,27,0.43548387096774194,37,62,505,,781,55,3,165,9,40,3,21,7,18,0.45,25,40,165,,val,93,93
27,41,8,41,9,22,0.5365853658536586,29,41,121,,782,19,2,46,8,31,2,31,7,21,0.6774193548387096,26,31,50,,val,102,102
13,52,7,26,5,16,0.3076923076923077,26,52,353,,783,60,3,103,5,29,1,7,3,10,0.3448275862068966,19,29,108,,val,103,103
18,52,7,28,10,23,0.4423076923076923,33,52,241,,784,41,1,58,2,26,0,6,6,15,0.5769230769230769,21,26,59,,val,86,86
21,55,9,30,8,20,0.36363636363636365,29,55,373,,785,56,3,139,8,33,1,13,5,13,0.3939393939393939,20,33,139,,val,102,102
22,64,7,36,11,27,0.421875,38,64,345,,786,51,1,107,4,44,1,12,8,23,0.5227272727272727,33,44,114,,val,92,92
18,43,7,27,8,18,0.4186046511627907,26,43,270,,787,50,1,84,5,23,1,11,4,11,0.4782608695652174,15,23,84,,val,74,74
23,70,6,41,11,29,0.4142857142857143,41,70,409,,788,60,2,134,6,48,2,16,7,21,0.4375,34,48,140,,val,112,112
31,79,9,47,11,33,0.4177215189873418,47,79,481,,789,49,0,179,9,49,3,20,6,20,0.40816326530612246,31,49,184,,val,131,131
31,66,9,41,12,29,0.4393939393939394,40,66,403,,790,50,3,123,9,44,0,15,9,22,0.5,32,44,125,,val,107,107
30,62,10,39,12,27,0.43548387096774194,36,62,393,,791,47,1,104,6,34,2,14,7,17,0.5,24,34,105,,val,103,103
17,50,5,26,10,22,0.44,32,50,230,,792,43,0,78,5,36,0,10,8,20,0.5555555555555556,28,36,83,,val,93,93
22,52,7,33,10,24,0.46153846153846156,32,52,285,,793,47,4,106,8,35,0,16,8,20,0.5714285714285714,25,35,109,,val,97,97
31,68,9,39,13,30,0.4411764705882353,41,68,392,,794,46,2,112,8,44,0,16,10,22,0.5,33,44,115,,val,111,111
22,55,6,33,9,23,0.41818181818181815,32,55,311,,795,50,1,122,6,39,1,13,5,17,0.4358974358974359,26,39,134,,val,120,120
12,46,7,21,5,15,0.32608695652173914,25,46,262,,796,46,2,65,4,19,2,5,2,7,0.3684210526315789,13,19,67,,val,68,68
24,75,7,45,12,32,0.4266666666666667,45,75,413,,797,51,2,104,5,39,2,12,6,18,0.46153846153846156,29,39,106,,val,118,118
23,44,13,27,9,18,0.4090909090909091,24,44,330,,798,41,1,111,6,34,4,13,6,18,0.5294117647058824,24,34,117,,val,98,98
15,48,5,26,8,20,0.4166666666666667,27,48,263,,799,51,1,99,5,29,2,11,4,13,0.4482758620689655,19,29,104,,val,73,73
14,40,9,20,5,12,0.3,19,40,327,,800,51,5,121,5,22,3,11,3,8,0.36363636363636365,12,22,122,,val,88,88
27,79,9,54,13,35,0.4430379746835443,49,79,474,,801,57,3,146,5,47,2,16,6,21,0.44680851063829785,32,47,151,,val,128,128
30,68,13,45,11,27,0.39705882352941174,38,68,514,,802,53,3,192,8,48,4,19,7,19,0.3958333333333333,29,48,197,,val,98,98
30,68,15,45,12,28,0.4117647058823529,39,68,498,,803,51,1,174,10,44,4,20,7,19,0.4318181818181818,28,44,176,,val,123,123
26,66,5,36,14,32,0.48484848484848486,43,66,275,,804,41,1,84,5,42,0,8,8,25,0.5952380952380952,34,42,89,,val,110,110
16,38,7,24,7,15,0.39473684210526316,22,38,319,,805,58,3,95,3,25,1,13,5,13,0.52,17,25,100,,val,74,74
23,56,10,33,10,23,0.4107142857142857,33,56,347,,806,43,0,111,6,39,2,11,6,18,0.46153846153846156,28,39,111,,val,108,108
17,47,6,25,6,16,0.3404255319148936,25,47,307,,807,48,3,74,3,21,2,6,2,9,0.42857142857142855,14,21,75,,val,85,85
16,49,7,20,8,17,0.3469387755102041,27,49,237,,808,43,3,77,4,32,1,13,8,17,0.53125,24,32,82,,val,85,85
20,53,7,26,8,20,0.37735849056603776,29,53,402,,809,61,2,166,8,40,2,13,6,17,0.425,25,40,174,,val,99,99
28,74,10,48,10,30,0.40540540540540543,44,74,355,,810,38,3,149,10,49,4,24,5,21,0.42857142857142855,34,49,158,,val,138,138
19,54,7,39,10,25,0.46296296296296297,36,54,217,,811,33,1,70,6,25,2,9,4,11,0.44,18,25,71,,val,106,106
22,44,12,24,8,17,0.38636363636363635,21,44,334,,812,49,1,108,8,28,2,13,5,13,0.4642857142857143,19,28,111,,val,93,93
14,41,3,18,8,18,0.43902439024390244,26,41,160,,813,42,0,51,3,21,0,7,5,12,0.5714285714285714,16,21,56,,val,71,71
29,58,11,38,10,24,0.41379310344827586,33,58,490,,814,57,3,183,11,46,2,25,8,21,0.45652173913043476,29,46,191,,val,97,97
34,71,18,43,12,28,0.39436619718309857,39,71,510,,815,43,1,151,11,45,2,15,7,19,0.4222222222222222,30,45,151,,val,105,105
33,81,12,52,12,33,0.4074074074074074,48,81,581,,816,54,2,154,7,41,3,16,5,16,0.3902439024390244,26,41,159,,val,121,121
33,55,15,47,11,26,0.4727272727272727,35,55,386,,817,40,1,144,14,37,4,24,7,17,0.4594594594594595,24,37,145,,val,107,107
11,41,3,27,8,20,0.4878048780487805,27,41,149,,818,38,1,47,2,26,1,10,6,16,0.6153846153846154,21,26,51,,val,85,85
21,83,6,36,13,33,0.39759036144578314,48,83,480,,819,75,2,173,4,59,0,16,11,29,0.4915254237288136,41,59,180,,val,125,125
22,52,9,34,8,21,0.40384615384615385,29,52,402,,820,51,2,163,8,38,4,14,5,15,0.39473684210526316,23,38,167,,val,81,81
24,58,12,38,9,22,0.3793103448275862,32,58,485,,821,53,2,209,8,45,3,19,5,16,0.35555555555555557,25,45,218,,val,109,109
23,57,12,33,10,22,0.38596491228070173,32,57,362,,822,50,2,119,10,43,0,17,9,21,0.4883720930232558,31,43,127,,val,104,104
21,45,6,30,8,20,0.4444444444444444,27,45,223,,823,40,0,73,5,28,2,13,5,14,0.5,21,28,74,,val,94,94
19,56,7,32,9,25,0.44642857142857145,35,56,276,,824,42,1,92,7,35,1,12,6,16,0.45714285714285713,26,35,97,,val,98,98
26,63,13,39,10,25,0.3968253968253968,36,63,424,,825,45,1,128,8,38,3,14,6,17,0.4473684210526316,26,38,129,,val,108,108
31,58,10,48,13,29,0.5,38,58,303,,826,39,1,108,7,43,1,28,11,25,0.5813953488372093,32,43,111,,val,101,101
31,61,9,49,12,29,0.47540983606557374,40,61,319,,827,39,3,91,9,43,0,20,10,24,0.5581395348837209,34,43,95,,val,107,107
23,62,5,35,12,27,0.43548387096774194,37,62,325,,828,57,2,99,5,40,1,12,7,20,0.5,30,40,105,,val,110,110
15,52,10,29,7,17,0.3269230769230769,26,52,390,,829,51,1,176,8,37,5,13,5,12,0.32432432432432434,20,37,176,,val,102,102
15,51,6,26,8,20,0.39215686274509803,31,51,283,,830,55,4,93,6,31,0,13,6,14,0.45161290322580644,22,31,94,,val,93,93
19,58,9,30,8,21,0.3620689655172414,31,58,379,,831,58,3,147,7,43,1,18,7,18,0.4186046511627907,28,43,156,,val,116,116
15,44,10,24,6,13,0.29545454545454547,22,44,361,,832,51,0,132,6,29,3,11,3,10,0.3448275862068966,16,29,135,,val,79,79
23,44,12,30,8,18,0.4090909090909091,24,44,367,,833,47,0,117,9,25,3,13,4,11,0.44,16,25,123,,val,88,88
25,85,10,50,13,35,0.4117647058823529,49,85,481,,834,58,0,201,9,65,2,24,11,30,0.46153846153846156,45,65,204,,val,136,136
20,55,9,35,9,23,0.41818181818181815,32,55,352,,835,51,8,89,5,28,1,8,4,13,0.4642857142857143,19,28,92,,val,81,81
25,54,8,34,11,28,0.5185185185185185,38,54,166,,836,25,4,52,6,31,0,12,9,21,0.6774193548387096,26,31,53,,val,92,92
28,73,7,46,16,33,0.4520547945205479,46,73,381,,837,51,3,114,3,50,0,18,12,27,0.54,39,50,119,,val,121,121
27,68,14,46,13,30,0.4411764705882353,43,68,416,,838,47,0,91,5,42,1,10,8,24,0.5714285714285714,33,42,92,,val,97,97
28,60,11,45,11,25,0.4166666666666667,35,60,353,,839,39,1,111,10,31,2,20,6,15,0.4838709677419355,20,31,113,,val,95,95
13,46,7,19,6,15,0.32608695652173914,25,46,279,,840,60,2,88,5,32,1,9,4,14,0.4375,23,32,93,,val,87,87
22,56,7,38,12,27,0.48214285714285715,36,56,220,,841,33,4,91,6,46,1,25,11,26,0.5652173913043478,36,46,104,,val,101,101
25,68,10,36,11,28,0.4117647058823529,41,68,358,,842,45,2,128,8,46,1,14,7,21,0.45652173913043476,33,46,132,,val,118,118
23,62,8,39,10,26,0.41935483870967744,37,62,384,,843,59,2,121,7,45,1,15,7,21,0.4666666666666667,33,45,126,,val,112,112
22,77,7,42,14,34,0.44155844155844154,49,77,389,,844,53,1,122,5,50,1,14,9,26,0.52,38,50,129,,val,119,119
12,44,3,18,7,17,0.38636363636363635,27,44,175,,845,42,1,54,3,26,0,5,5,15,0.5769230769230769,21,26,58,,val,94,94
29,71,11,48,12,32,0.4507042253521127,44,71,453,,846,47,2,134,8,47,3,15,8,23,0.48936170212765956,34,47,135,,val,114,114
28,72,13,44,11,26,0.3611111111111111,38,72,572,,847,59,1,220,12,51,3,19,7,19,0.37254901960784315,30,51,225,,val,122,122
32,62,10,42,13,28,0.45161290322580644,36,62,662,,848,74,1,216,8,46,2,24,10,22,0.4782608695652174,29,46,222,,val,94,94
16,33,9,23,7,14,0.42424242424242425,19,33,372,,849,63,7,143,8,31,3,12,5,12,0.3870967741935484,18,31,153,,val,64,64
26,52,9,32,10,22,0.4230769230769231,30,52,383,,850,56,4,103,4,35,0,15,8,19,0.5428571428571428,25,35,104,,val,87,87
17,51,4,33,9,23,0.45098039215686275,32,51,292,,851,53,3,88,3,39,1,8,6,20,0.5128205128205128,30,39,95,,val,92,92
15,41,8,21,6,15,0.36585365853658536,22,41,257,,852,48,3,65,3,23,1,4,2,9,0.391304347826087,16,23,70,,val,95,95
30,60,12,40,12,27,0.45,36,60,429,,853,47,3,128,6,41,2,16,7,21,0.5121951219512195,29,41,128,,val,106,106
26,64,10,43,10,27,0.421875,39,64,443,,854,54,2,170,8,51,3,18,7,21,0.4117647058823529,34,51,176,,val,104,104
20,43,9,29,8,20,0.46511627906976744,27,43,266,,855,43,2,73,4,25,1,7,4,12,0.48,18,25,73,,val,69,69
39,70,16,59,13,32,0.45714285714285713,44,70,447,,856,40,0,120,9,39,3,26,7,21,0.5384615384615384,27,39,122,,val,117,117
21,42,10,29,7,17,0.40476190476190477,24,42,356,,857,50,3,113,8,26,3,12,4,11,0.4230769230769231,16,26,115,,val,73,73
25,63,12,35,11,24,0.38095238095238093,34,63,424,,858,47,1,114,8,33,3,14,6,15,0.45454545454545453,22,33,117,,val,91,91
29,72,9,44,14,31,0.4305555555555556,42,72,426,,859,53,3,108,5,45,1,12,8,23,0.5111111111111111,34,45,113,,val,108,108
30,78,5,54,16,38,0.48717948717948717,51,78,304,,860,40,2,114,7,55,1,27,13,32,0.5818181818181818,44,55,119,,val,121,121
26,55,11,34,9,22,0.4,30,55,401,,861,48,3,118,9,35,1,17,7,17,0.4857142857142857,24,35,119,,val,91,91
17,44,7,25,8,19,0.4318181818181818,28,44,237,,862,45,5,72,4,29,1,8,5,16,0.5517241379310345,22,29,78,,val,85,85
24,59,12,33,10,21,0.3559322033898305,31,59,427,,863,50,1,146,7,39,2,15,4,14,0.358974358974359,25,39,149,,val,105,105
27,56,9,37,9,24,0.42857142857142855,33,56,392,,864,49,2,133,8,38,2,15,6,17,0.4473684210526316,25,38,133,,val,88,88
29,72,13,47,14,32,0.4444444444444444,44,72,438,,865,55,2,156,8,58,0,16,10,28,0.4827586206896552,42,58,160,,val,126,126
31,79,11,48,12,31,0.3924050632911392,46,79,555,,866,57,1,173,9,48,2,16,6,20,0.4166666666666667,31,48,173,,val,112,112
33,79,14,49,14,31,0.3924050632911392,43,79,620,,867,59,2,168,10,49,2,18,8,22,0.4489795918367347,33,49,168,,val,108,108
15,43,2,25,9,20,0.46511627906976744,27,43,202,,868,53,6,65,3,30,0,9,7,16,0.5333333333333333,23,30,71,,val,96,96
24,65,7,43,12,29,0.4461538461538462,40,65,389,,869,52,1,153,7,46,2,17,7,21,0.45652173913043476,31,46,158,,val,105,105
21,62,6,38,11,24,0.3870967741935484,37,62,388,,870,59,3,142,9,46,1,17,8,21,0.45652173913043476,32,46,145,,val,101,101
24,70,14,38,11,25,0.35714285714285715,38,70,468,,871,51,2,192,8,48,4,22,6,20,0.4166666666666667,29,48,198,,val,123,123
18,48,8,31,10,22,0.4583333333333333,31,48,305,,872,54,4,101,3,39,0,14,10,23,0.5897435897435898,29,39,103,,val,84,84
25,60,16,39,10,22,0.36666666666666664,32,60,485,,873,51,2,185,13,48,4,18,7,18,0.375,30,48,188,,val,96,96
23,42,12,27,7,15,0.35714285714285715,21,42,489,,874,57,1,197,8,26,4,13,3,8,0.3076923076923077,13,26,199,,val,73,73
18,57,6,32,9,23,0.40350877192982454,34,57,338,,875,56,4,112,6,41,1,11,5,18,0.43902439024390244,30,41,118,,val,96,96
21,53,9,29,9,21,0.39622641509433965,30,53,294,,876,44,1,77,4,31,2,11,7,17,0.5483870967741935,23,31,82,,val,89,89
41,75,12,58,16,37,0.49333333333333335,50,75,527,,877,50,5,128,9,40,0,13,7,20,0.5,28,40,128,,val,104,104
21,54,13,34,8,20,0.37037037037037035,30,54,423,,878,47,1,166,11,40,4,17,6,16,0.4,23,40,173,,val,94,94
12,39,3,22,7,17,0.4358974358974359,22,39,213,,879,53,3,56,2,24,1,6,4,12,0.5,18,24,61,,val,69,69
18,42,4,30,8,20,0.47619047619047616,27,42,277,,880,53,2,83,2,28,2,9,4,13,0.4642857142857143,20,28,86,,val,78,78
22,71,9,39,9,26,0.36619718309859156,39,71,438,,881,55,1,170,8,44,4,18,6,18,0.4090909090909091,27,44,174,,val,109,109
19,51,3,29,10,21,0.4117647058823529,30,51,276,,882,55,3,104,3,31,1,13,5,14,0.45161290322580644,21,31,108,,val,94,94
23,63,6,35,14,29,0.4603174603174603,41,63,286,,883,43,5,104,7,43,0,14,10,24,0.5581395348837209,33,43,105,,val,100,100
22,66,6,41,11,29,0.4393939393939394,40,66,385,,884,54,1,141,4,44,2,19,7,21,0.4772727272727273,30,44,147,,val,107,107
20,32,8,26,9,17,0.53125,23,32,135,,885,26,0,30,3,12,1,7,3,7,0.5833333333333334,9,12,31,,val,74,74
22,60,9,33,8,21,0.35,32,60,444,,886,58,5,157,6,50,3,13,5,20,0.4,34,50,165,,val,106,106
28,55,10,40,10,25,0.45454545454545453,34,55,408,,887,48,1,126,8,39,2,11,6,19,0.48717948717948717,26,39,130,,val,90,90
27,64,12,36,10,24,0.375,35,64,420,,888,49,2,151,13,36,3,16,6,14,0.3888888888888889,21,36,155,,val,99,99
32,69,11,46,13,31,0.4492753623188406,42,69,435,,889,46,3,144,8,51,1,19,10,26,0.5098039215686274,37,51,146,,val,124,124
29,68,10,42,11,27,0.39705882352941174,39,68,463,,890,50,3,143,10,32,2,16,5,14,0.4375,19,32,143,,val,103,103
18,46,9,26,7,17,0.3695652173913043,26,46,293,,891,46,1,94,5,29,2,8,4,12,0.41379310344827586,20,29,95,,val,93,93
32,73,14,47,14,30,0.410958904109589,42,73,525,,892,53,2,112,4,39,2,13,7,19,0.48717948717948717,28,39,119,,val,111,111
32,84,6,50,18,40,0.47619047619047616,52,84,512,,893,62,9,175,5,62,1,16,12,31,0.5,44,62,181,,val,117,117
24,70,9,35,12,27,0.38571428571428573,39,70,532,,894,68,2,199,6,56,2,21,10,24,0.42857142857142855,36,56,208,,val,118,118
33,76,15,51,14,31,0.40789473684210525,43,76,630,,895,59,3,229,14,55,2,28,9,24,0.43636363636363634,34,55,236,,val,117,117
23,56,8,41,10,24,0.42857142857142855,34,56,420,,896,55,2,131,6,48,2,12,6,21,0.4375,35,48,136,,val,112,112
23,68,7,40,12,30,0.4411764705882353,42,68,371,,897,49,4,126,10,45,1,18,8,21,0.4666666666666667,32,45,137,,val,122,122
19,57,4,35,10,26,0.45614035087719296,35,57,292,,898,59,0,87,3,38,0,12,9,21,0.5526315789473685,29,38,91,,val,109,109
21,40,6,31,10,21,0.525,27,40,180,,899,35,0,45,2,22,1,9,5,13,0.5909090909090909,18,22,45,,val,74,74
17,35,14,22,7,14,0.4,18,35,356,,900,47,1,153,12,30,4,14,6,12,0.4,17,30,155,,val,84,84
25,47,11,37,9,21,0.44680851063829785,29,47,270,,901,36,3,105,8,35,3,19,5,17,0.4857142857142857,25,35,107,,val,82,82
15,44,8,28,8,19,0.4318181818181818,27,44,274,,902,52,0,88,4,29,1,12,6,15,0.5172413793103449,21,29,89,,val,80,80
31,62,7,45,14,30,0.4838709677419355,39,62,420,,903,56,4,125,6,48,0,15,9,24,0.5,35,48,131,,val,123,123
24,69,8,33,11,27,0.391304347826087,41,69,352,,904,48,3,119,6,44,2,15,8,21,0.4772727272727273,32,44,120,,val,116,116
35,74,10,55,14,34,0.4594594594594595,46,74,529,,905,59,1,170,9,58,0,25,13,30,0.5172413793103449,41,58,172,,val,117,117
13,41,10,25,8,19,0.4634146341463415,27,41,141,,906,21,0,52,5,24,2,8,4,14,0.5833333333333334,19,24,53,,val,103,103
28,85,8,41,15,37,0.43529411764705883,54,85,392,,907,46,3,115,5,51,1,13,10,28,0.5490196078431373,40,51,118,,val,126,126
28,46,16,36,10,20,0.43478260869565216,26,46,374,,908,38,2,110,13,30,1,17,7,14,0.4666666666666667,19,30,114,,val,81,81
21,53,6,30,10,23,0.4339622641509434,32,53,284,,909,48,1,108,9,36,1,14,7,16,0.4444444444444444,25,36,114,,val,98,98
11,39,6,19,6,14,0.358974358974359,21,39,273,,910,67,1,82,4,28,1,5,4,12,0.42857142857142855,20,28,87,,val,71,71
14,42,7,23,7,18,0.42857142857142855,27,42,154,,911,31,7,60,8,27,2,10,6,14,0.5185185185185185,21,27,65,,val,108,108
25,58,7,39,12,29,0.5,38,58,316,,912,48,0,99,4,44,0,12,10,24,0.5454545454545454,34,44,103,,val,95,95
18,54,7,29,8,20,0.37037037037037035,31,54,320,,913,50,0,103,6,29,1,12,4,12,0.41379310344827586,19,29,105,,val,83,83
26,55,14,32,8,19,0.34545454545454546,28,55,450,,914,44,0,150,9,29,4,15,4,11,0.3793103448275862,16,29,154,,val,92,92
20,44,11,27,8,17,0.38636363636363635,23,44,372,,915,51,2,124,8,25,3,13,4,11,0.44,15,25,124,,val,84,84
23,56,13,33,9,19,0.3392857142857143,28,56,530,,916,59,2,190,12,36,3,16,6,14,0.3888888888888889,20,36,195,,val,93,93
25,68,5,39,13,29,0.4264705882352941,40,68,370,,917,59,6,132,6,50,0,17,10,26,0.52,36,50,140,,val,113,113
19,54,12,34,8,20,0.37037037037037035,30,54,424,,918,52,1,121,7,31,2,10,4,11,0.3548387096774194,19,31,124,,val,104,104
26,51,13,32,10,21,0.4117647058823529,28,51,372,,919,44,0,110,6,35,2,15,7,17,0.4857142857142857,24,35,113,,val,95,95
17,63,6,32,7,23,0.36507936507936506,36,63,382,,920,57,1,138,6,41,2,14,5,19,0.4634146341463415,27,41,143,,val,103,103
13,50,5,26,7,20,0.4,30,50,258,,921,54,1,94,5,30,1,11,5,15,0.5,21,30,99,,val,89,89
36,73,14,51,14,32,0.4383561643835616,44,73,532,,922,50,3,180,14,55,4,18,9,26,0.4727272727272727,37,55,185,,val,123,123
25,72,4,41,14,35,0.4861111111111111,47,72,321,,923,50,1,131,6,53,1,16,10,27,0.5094339622641509,39,53,140,,val,120,120
22,53,14,35,10,21,0.39622641509433965,32,53,380,,924,49,1,148,13,38,3,17,7,16,0.42105263157894735,23,38,151,,val,98,98
28,64,14,37,11,25,0.390625,35,64,410,,925,42,1,158,11,39,3,19,7,18,0.46153846153846156,26,39,162,,val,116,116
25,75,16,37,12,26,0.3466666666666667,38,75,580,,926,64,5,258,12,57,2,20,8,22,0.38596491228070173,34,57,269,,val,120,120
17,40,10,23,7,14,0.35,19,40,351,,927,54,3,132,7,29,3,13,4,11,0.3793103448275862,16,29,136,,val,89,89
25,45,7,32,9,19,0.4222222222222222,26,45,339,,928,50,2,107,8,30,3,11,5,12,0.4,19,30,111,,val,90,90
24,54,8,35,10,23,0.42592592592592593,31,54,370,,929,59,5,126,8,34,1,19,8,18,0.5294117647058824,23,34,132,,val,89,89
24,68,9,39,9,25,0.36764705882352944,38,68,429,,930,50,3,154,8,36,6,14,5,14,0.3888888888888889,21,36,158,,val,113,113
16,51,6,28,6,21,0.4117647058823529,32,51,314,,931,48,5,118,5,35,3,9,4,16,0.45714285714285713,23,35,123,,val,79,79
24,51,9,29,9,21,0.4117647058823529,28,51,316,,932,42,1,107,6,35,2,14,7,19,0.5428571428571428,25,35,108,,val,88,88
28,58,10,41,9,24,0.41379310344827586,33,58,516,,933,57,0,208,9,39,4,20,5,16,0.41025641025641024,23,39,210,,val,86,86
20,45,10,28,7,17,0.37777777777777777,23,45,392,,934,55,1,144,8,31,4,16,5,14,0.45161290322580644,20,31,146,,val,84,84
22,52,12,32,8,18,0.34615384615384615,27,52,474,,935,53,2,162,8,32,2,15,4,12,0.375,18,32,162,,val,86,86
19,47,10,29,7,17,0.3617021276595745,25,47,365,,936,48,2,141,9,26,5,13,4,11,0.4230769230769231,15,26,141,,val,86,86
15,43,9,24,6,14,0.32558139534883723,22,43,367,,937,51,0,156,9,29,5,13,4,10,0.3448275862068966,16,29,162,,val,103,103
19,45,9,37,8,20,0.4444444444444444,29,45,365,,938,51,1,150,7,32,1,17,5,15,0.46875,22,32,151,,val,90,90
20,68,10,40,10,28,0.4117647058823529,39,68,426,,939,52,2,197,10,52,5,16,7,21,0.40384615384615385,32,52,201,,val,109,109
25,61,14,40,10,23,0.3770491803278688,33,61,493,,940,53,2,175,10,42,2,19,7,17,0.40476190476190477,25,42,180,,val,105,105
32,65,17,42,11,27,0.4153846153846154,38,65,486,,941,48,1,133,10,30,3,12,5,12,0.4,18,30,133,,val,92,92
39,88,19,52,15,35,0.3977272727272727,49,88,574,,942,48,4,158,10,56,1,22,11,28,0.5,40,56,164,,val,133,133
21,49,11,33,9,20,0.40816326530612246,28,49,400,,943,56,1,157,11,33,2,18,7,15,0.45454545454545453,21,33,161,,val,91,91
21,53,7,31,7,21,0.39622641509433965,31,53,366,,944,47,3,145,8,33,3,10,3,9,0.2727272727272727,19,33,147,,val,80,80
25,58,9,33,8,20,0.3448275862068966,28,58,474,,945,54,6,185,7,42,4,10,4,13,0.30952380952380953,24,42,186,,val,102,102
21,62,14,36,9,19,0.3064516129032258,32,62,509,,946,54,2,242,14,45,6,20,6,15,0.3333333333333333,23,45,248,,val,118,118
25,59,13,41,11,25,0.423728813559322,37,59,276,,947,31,1,77,6,29,3,12,5,14,0.4827586206896552,22,29,79,,val,88,88
22,48,11,32,7,18,0.375,26,48,402,,948,50,5,142,9,31,4,11,4,11,0.3548387096774194,18,31,145,,val,77,77
26,45,15,39,9,20,0.4444444444444444,28,45,348,,949,37,3,116,10,28,2,20,5,13,0.4642857142857143,19,28,118,,val,89,89
24,69,12,46,10,28,0.4057971014492754,40,69,526,,950,57,3,198,8,44,4,16,5,15,0.3409090909090909,25,44,201,,val,111,111
23,59,10,32,8,20,0.3389830508474576,29,59,429,,951,50,0,142,9,34,4,14,4,13,0.38235294117647056,20,34,148,,val,90,90
25,49,8,35,9,22,0.4489795918367347,29,49,372,,952,47,0,131,7,32,4,15,5,14,0.4375,19,32,133,,val,74,74
23,59,12,35,8,20,0.3389830508474576,30,59,457,,953,51,2,154,9,41,4,16,6,16,0.3902439024390244,25,41,164,,val,104,104
19,48,6,29,7,19,0.3958333333333333,27,48,332,,954,50,2,115,7,32,1,11,5,14,0.4375,21,32,117,,val,87,87
10,29,6,17,4,9,0.3103448275862069,14,29,260,,955,51,1,109,5,19,3,7,3,5,0.2631578947368421,9,19,110,,val,62,62
8,35,2,16,3,12,0.34285714285714286,19,35,204,,956,53,3,104,2,19,2,4,2,3,0.15789473684210525,9,19,104,,val,57,57
16,40,10,21,6,13,0.325,19,40,339,,957,52,1,134,4,27,3,10,3,8,0.2962962962962963,14,27,135,,val,82,82
23,52,10,35,8,22,0.4230769230769231,32,52,390,,958,50,0,134,7,42,3,14,5,18,0.42857142857142855,28,42,141,,val,83,83
27,48,13,33,9,19,0.3958333333333333,26,48,447,,959,49,3,177,14,28,4,17,6,13,0.4642857142857143,18,28,178,,val,95,95
30,75,12,41,12,29,0.38666666666666666,40,75,524,,960,53,5,152,7,51,2,19,8,24,0.47058823529411764,36,51,158,,val,105,105
37,64,13,51,16,34,0.53125,43,64,313,,961,35,0,92,10,39,0,20,9,21,0.5384615384615384,30,39,92,,val,108,108
20,54,8,30,8,20,0.37037037037037035,30,54,348,,962,52,4,144,7,39,2,13,5,15,0.38461538461538464,25,39,149,,val,109,109
26,65,11,36,9,23,0.35384615384615387,34,65,457,,963,50,2,187,7,45,6,17,5,16,0.35555555555555557,26,45,190,,val,121,121
31,69,10,49,12,31,0.4492753623188406,44,69,459,,964,49,0,173,9,52,3,17,6,22,0.4230769230769231,35,52,179,,val,122,122
26,58,15,36,10,22,0.3793103448275862,31,58,434,,965,47,1,133,10,40,2,14,7,18,0.45,27,40,137,,val,105,105
22,61,8,37,10,24,0.39344262295081966,35,61,417,,966,54,0,134,6,39,1,17,7,18,0.46153846153846156,26,39,136,,val,100,100
21,59,8,38,10,27,0.4576271186440678,38,59,333,,967,45,1,138,9,44,2,16,7,18,0.4090909090909091,30,44,141,,val,110,110
24,61,10,37,11,27,0.4426229508196721,38,61,349,,968,46,0,105,8,38,1,13,8,19,0.5,28,38,108,,val,92,92
33,65,8,40,14,30,0.46153846153846156,39,65,365,,969,48,3,131,8,50,0,17,11,25,0.5,37,50,131,,val,92,92
27,66,13,42,12,28,0.42424242424242425,38,66,492,,970,51,2,163,10,43,2,17,8,19,0.4418604651162791,27,43,164,,val,112,112
26,70,9,42,13,30,0.42857142857142855,43,70,406,,971,51,2,107,4,39,1,14,8,20,0.5128205128205128,28,39,112,,val,106,106
31,68,12,42,12,30,0.4411764705882353,40,68,418,,972,48,0,147,7,49,3,16,7,22,0.4489795918367347,34,49,154,,val,124,124
29,61,14,44,11,26,0.4262295081967213,36,61,507,,973,51,1,158,8,43,2,17,7,18,0.4186046511627907,28,43,158,,val,91,91
19,51,11,26,7,16,0.3137254901960784,25,51,410,,974,48,2,152,7,34,6,12,4,11,0.3235294117647059,19,34,157,,val,89,89
25,56,9,30,10,24,0.42857142857142855,34,56,311,,975,47,1,98,8,30,1,13,6,15,0.5,21,30,99,,val,84,84
27,55,11,32,9,23,0.41818181818181815,31,55,345,,976,42,11,147,8,44,3,17,6,19,0.4318181818181818,29,44,157,,val,106,106
29,85,9,50,15,36,0.4235294117647059,51,85,497,,977,57,0,174,7,53,1,23,11,26,0.49056603773584906,36,53,178,,val,128,128
30,80,12,52,15,37,0.4625,51,80,430,,978,41,2,150,9,52,3,16,9,26,0.5,37,52,152,,val,133,133
24,61,12,32,9,20,0.32786885245901637,31,61,429,,979,47,1,167,11,36,4,17,6,15,0.4166666666666667,21,36,168,,val,130,130
25,60,11,31,9,21,0.35,30,60,429,,980,53,5,139,9,35,3,14,6,14,0.4,21,35,141,,val,105,105
27,67,16,39,10,23,0.34328358208955223,33,67,572,,981,52,1,194,11,38,6,16,6,13,0.34210526315789475,22,38,196,,val,111,111
26,70,8,41,13,29,0.4142857142857143,41,70,445,,982,57,9,130,5,45,0,20,9,22,0.4888888888888889,32,45,135,,val,112,112
20,44,14,25,8,15,0.3409090909090909,20,44,475,,983,51,0,158,11,20,3,16,4,10,0.5,13,20,160,,val,75,75
24,54,7,36,8,22,0.4074074074074074,31,54,435,,984,52,2,170,7,31,3,11,3,9,0.2903225806451613,16,31,171,,val,79,79
18,45,10,32,6,16,0.35555555555555557,26,45,409,,985,52,1,210,8,32,3,19,3,12,0.375,18,32,211,,val,84,84
12,24,7,14,4,7,0.2916666666666667,10,24,308,,986,50,0,166,7,10,5,8,3,4,0.4,6,10,166,,val,57,57
26,75,11,44,12,30,0.4,43,75,485,,987,53,3,130,4,40,1,16,7,19,0.475,27,40,133,,val,116,116
16,43,9,24,6,14,0.32558139534883723,22,43,328,,988,55,6,122,5,30,2,10,3,11,0.36666666666666664,18,30,125,,val,57,57
20,52,14,28,7,17,0.3269230769230769,26,52,447,,989,52,1,167,9,31,4,15,5,12,0.3870967741935484,18,31,171,,val,96,96
19,45,7,28,6,17,0.37777777777777777,24,45,383,,990,57,4,146,5,29,4,10,3,9,0.3103448275862069,16,29,148,,val,80,80
19,42,14,25,7,15,0.35714285714285715,20,42,415,,991,52,1,141,6,27,2,15,3,11,0.4074074074074074,16,27,142,,val,96,96
18,56,15,28,8,17,0.30357142857142855,26,56,581,,992,64,0,290,15,41,6,17,6,14,0.34146341463414637,20,41,292,,val,87,87
16,34,10,21,5,12,0.35294117647058826,18,34,350,,993,52,2,157,5,27,4,8,3,7,0.25925925925925924,13,27,159,,val,75,75
18,30,10,21,5,12,0.4,17,30,326,,994,46,0,125,8,22,4,11,4,9,0.4090909090909091,13,22,126,,val,67,67
16,34,12,22,7,13,0.38235294117647056,18,34,341,,995,52,0,143,8,27,2,14,4,11,0.4074074074074074,16,27,145,,val,69,69
23,60,9,39,10,25,0.4166666666666667,35,60,363,,996,50,1,123,11,35,2,16,7,16,0.45714285714285713,23,35,130,,val,93,93
31,73,16,42,13,28,0.3835616438356164,38,73,512,,997,52,4,187,10,40,3,25,8,19,0.475,26,40,200,,val,113,113
25,62,11,40,10,26,0.41935483870967744,37,62,396,,998,45,0,113,6,33,2,12,5,15,0.45454545454545453,22,33,114,,val,108,108
26,70,12,36,13,29,0.4142857142857143,43,70,355,,999,45,1,102,6,48,0,14,10,27,0.5625,38,48,107,,val,116,116
