model,logical_id,physical_id,branch,predicate_classes,classes_activation_ge_1pct,classes_selection_ge_1pct,classes_selection_ge_5pct,mean_class_activation_frequency,std_class_activation_frequency,mean_class_selection_frequency,std_class_selection_frequency,selection_class_entropy,selection_class_hhi,representative_samples
vit,0,0,+,74,41,23,7,0.05536311296738441,0.10550030619610289,0.01705899194972618,0.041732890617329474,0.7039854095196725,0.0943892941904847,class=443:n02834397.pkl:1;n02834397.pkl:4;n02834397.pkl:5|class=747:n04023962.pkl:6;n04023962.pkl:7;n04023962.pkl:15|class=623:n03658185.pkl:2;n03658185.pkl:3;n03658185.pkl:8
vit,1,1,+,93,66,39,15,0.10114626726242121,0.15416734249584108,0.03329416310323231,0.06944696870412767,0.7448742837724458,0.05753561987088163,class=214:n02101006.pkl:0;n02101006.pkl:3;n02101006.pkl:4|class=432:n02804610.pkl:2;n02804610.pkl:4;n02804610.pkl:5|class=166:n02089867.pkl:2;n02089867.pkl:9;n02089867.pkl:13
vit,2,2,+,70,35,16,4,0.04381469484756817,0.09981794992605923,0.014397154922547872,0.034977679398382595,0.6803122988747357,0.09860571266826546,class=933:n07697313.pkl:0;n07697313.pkl:7;n07697313.pkl:13|class=219:n02102318.pkl:4;n02102318.pkl:5;n02102318.pkl:15|class=524:n03146219.pkl:2;n03146219.pkl:5;n03146219.pkl:11
vit,3,3,+,56,39,18,3,0.07368173838070871,0.10447179735551877,0.0172610567045064,0.031030823648688918,0.763371569306556,0.0755688366674036,class=314:n02233338.pkl:1;n02233338.pkl:14;n02233338.pkl:19|class=413:n02749479.pkl:10;n02749479.pkl:19;n02749479.pkl:26|class=97:n01847000.pkl:3;n01847000.pkl:22;n01847000.pkl:24
vit,4,4,+,81,60,35,18,0.13397048137056503,0.1993203332691499,0.05334400478383142,0.10717204025949689,0.7180654896897396,0.06217749842892483,class=123:n01984695.pkl:3;n01984695.pkl:6;n01984695.pkl:7|class=946:n07730033.pkl:2;n07730033.pkl:3;n07730033.pkl:7|class=771:n04125021.pkl:3;n04125021.pkl:5;n04125021.pkl:7
vit,5,5,+,71,38,14,4,0.05289499247085254,0.12327178586205896,0.019295868625319353,0.07656014740314361,0.5608168224695332,0.23581146873100897,class=357:n02442845.pkl:0;n02442845.pkl:1;n02442845.pkl:5|class=707:n03902125.pkl:1;n03902125.pkl:5;n03902125.pkl:6|class=532:n03201208.pkl:0;n03201208.pkl:21;n03201208.pkl:47
vit,6,6,+,20,11,8,3,0.135279328693595,0.20718882045844492,0.03656995234452517,0.07910816167727079,0.5666487579310372,0.28397195313828394,class=93:n01829413.pkl:3;n01829413.pkl:9;n01829413.pkl:12|class=126:n01990800.pkl:9;n01990800.pkl:10;n01990800.pkl:27|class=268:n02113978.pkl:11;n02113978.pkl:13;n02113978.pkl:14
vit,7,7,+,26,14,4,0,0.035728836873255565,0.05589480302539613,0.0047038235670976035,0.005375170982709347,0.8462901243001952,0.08868529254299276,class=754:n04041544.pkl:52;n04041544.pkl:87;n04041544.pkl:97|class=991:n12985857.pkl:92;n12985857.pkl:97;n12985857.pkl:260|class=812:n04266014.pkl:34;n04266014.pkl:43;n04266014.pkl:126
vit,8,8,+,70,39,26,8,0.08144376374950321,0.13381031753553602,0.027204244713587615,0.06489016295545384,0.6942966916297626,0.09556621004075054,class=748:n04026417.pkl:4;n04026417.pkl:7;n04026417.pkl:8|class=977:n09421951.pkl:0;n09421951.pkl:5;n09421951.pkl:7|class=601:n03534580.pkl:1;n03534580.pkl:13;n03534580.pkl:16
vit,9,9,+,78,44,24,4,0.05440934085525056,0.12408937804000089,0.018544221304687268,0.06475711552769424,0.6333860185442697,0.16915802111022157,class=234:n02106550.pkl:5;n02106550.pkl:6;n02106550.pkl:9|class=243:n02108422.pkl:6;n02108422.pkl:8;n02108422.pkl:17|class=318:n02264363.pkl:3;n02264363.pkl:4;n02264363.pkl:12
vit,10,10,+,40,30,20,9,0.1662334547074085,0.24063988786653892,0.06571101100744026,0.11443199258020954,0.6950573023205171,0.10081560953803698,class=29:n01632777.pkl:2;n01632777.pkl:3;n01632777.pkl:5|class=701:n03888257.pkl:0;n03888257.pkl:3;n03888257.pkl:5|class=44:n01689811.pkl:0;n01689811.pkl:1;n01689811.pkl:13
vit,11,11,+,79,43,25,11,0.07718209098484159,0.15514371733598045,0.03300031852627218,0.09118529164690477,0.6439150414692557,0.10930474947171993,class=988:n12267677.pkl:0;n12267677.pkl:1;n12267677.pkl:3|class=241:n02108000.pkl:0;n02108000.pkl:2;n02108000.pkl:4|class=96:n01843383.pkl:1;n01843383.pkl:3;n01843383.pkl:4
vit,12,12,+,81,42,25,8,0.06192499566918735,0.10903214846499992,0.019123180781556948,0.03989118648735085,0.7215657714162707,0.06606724047418443,class=834:n04350905.pkl:9;n04350905.pkl:13;n04350905.pkl:15|class=567:n03400231.pkl:3;n03400231.pkl:8;n03400231.pkl:14|class=610:n03595614.pkl:4;n03595614.pkl:11;n03595614.pkl:15
vit,13,13,+,41,26,12,7,0.09822600496678698,0.17384525078089963,0.033789202518902016,0.06771635358358417,0.6419205948182541,0.12234993064151885,class=303:n02168699.pkl:3;n02168699.pkl:7;n02168699.pkl:24|class=53:n01728920.pkl:2;n01728920.pkl:8;n01728920.pkl:15|class=694:n03874293.pkl:4;n03874293.pkl:11;n03874293.pkl:17
vit,14,14,+,27,17,6,4,0.13184727177190855,0.23601277141159716,0.03841375990097989,0.09558145239496703,0.5286278362048926,0.26634009776453577,class=318:n02264363.pkl:4;n02264363.pkl:6;n02264363.pkl:7|class=242:n02108089.pkl:0;n02108089.pkl:2;n02108089.pkl:9|class=130:n02007558.pkl:21;n02007558.pkl:32;n02007558.pkl:39
vit,15,15,+,70,38,21,11,0.08111164166466073,0.13630811503259085,0.025019445590420096,0.04987158426501189,0.7144236145321023,0.07104709165576283,class=315:n02236044.pkl:2;n02236044.pkl:3;n02236044.pkl:4|class=579:n03452741.pkl:1;n03452741.pkl:8;n03452741.pkl:10|class=598:n03529860.pkl:0;n03529860.pkl:7;n03529860.pkl:13
vit,16,16,+,46,27,15,2,0.08004385004187832,0.12387485955855108,0.014259231296252926,0.02406490275853373,0.7648714289503522,0.08365730770141822,class=19:n01592084.pkl:9;n01592084.pkl:15;n01592084.pkl:18|class=776:n04141076.pkl:23;n04141076.pkl:68;n04141076.pkl:73|class=777:n04141327.pkl:9;n04141327.pkl:13;n04141327.pkl:14
vit,17,17,+,55,29,19,6,0.06818231556520131,0.11552855370292946,0.020987777908846518,0.04502866090670529,0.692470540310872,0.10187353065870595,class=509:n03089624.pkl:2;n03089624.pkl:3;n03089624.pkl:8|class=497:n03028079.pkl:6;n03028079.pkl:7;n03028079.pkl:13|class=121:n01981276.pkl:7;n01981276.pkl:13;n01981276.pkl:26
vit,18,18,+,31,18,10,8,0.1099011789457815,0.18594693174063448,0.036451552185449945,0.08419671115674322,0.6040679553581576,0.20436426185166362,class=131:n02009229.pkl:1;n02009229.pkl:6;n02009229.pkl:7|class=717:n03930630.pkl:3;n03930630.pkl:19;n03930630.pkl:40|class=565:n03393912.pkl:8;n03393912.pkl:15;n03393912.pkl:16
vit,19,19,+,44,27,18,9,0.10384014272295423,0.17083190074129273,0.0427933204302478,0.08892568069088747,0.6670265689615055,0.12086810770094122,class=190:n02095889.pkl:1;n02095889.pkl:2;n02095889.pkl:3|class=871:n04483307.pkl:0;n04483307.pkl:3;n04483307.pkl:11|class=867:n04467665.pkl:1;n04467665.pkl:11;n04467665.pkl:23
vit,20,20,+,95,60,38,16,0.1020529892556379,0.16120819769868058,0.03525775340786982,0.0729411436156683,0.7347663630597412,0.05557812736488191,class=342:n02396427.pkl:2;n02396427.pkl:3;n02396427.pkl:4|class=906:n04591157.pkl:5;n04591157.pkl:11;n04591157.pkl:18|class=385:n02504013.pkl:0;n02504013.pkl:1;n02504013.pkl:3
vit,21,21,+,71,38,18,5,0.04708643294380995,0.08386093063683607,0.013436569824760205,0.027462455921763947,0.7398215594966997,0.07292056543927128,class=196:n02097047.pkl:2;n02097047.pkl:6;n02097047.pkl:7|class=859:n04442312.pkl:3;n04442312.pkl:8;n04442312.pkl:9|class=624:n03661043.pkl:3;n03661043.pkl:7;n03661043.pkl:11
vit,22,22,+,77,43,26,9,0.08449949504947069,0.16001930711347837,0.029052266602094676,0.07012107418908055,0.677719651536981,0.08864353176459729,class=854:n04418357.pkl:0;n04418357.pkl:2;n04418357.pkl:3|class=312:n02229544.pkl:1;n02229544.pkl:2;n02229544.pkl:7|class=385:n02504013.pkl:10;n02504013.pkl:16;n02504013.pkl:24
vit,23,23,+,31,21,13,5,0.10929486801293051,0.1808467990641726,0.03717255416580226,0.09547992078881191,0.5825731087792846,0.24508059383999298,class=334:n02346627.pkl:0;n02346627.pkl:1;n02346627.pkl:2|class=737:n03983396.pkl:6;n03983396.pkl:12;n03983396.pkl:15|class=51:n01704323.pkl:3;n01704323.pkl:29;n01704323.pkl:33
vit,24,24,+,29,21,10,7,0.13469339807648895,0.21175267644461987,0.0486744323831043,0.10218373782839804,0.6305173122554218,0.18645482915143238,class=84:n01806143.pkl:0;n01806143.pkl:1;n01806143.pkl:2|class=368:n02483362.pkl:0;n02483362.pkl:2;n02483362.pkl:13|class=822:n04311174.pkl:7;n04311174.pkl:26;n04311174.pkl:27
vit,25,25,+,48,28,17,4,0.060451591755413404,0.09449128550524868,0.016261182946141723,0.032972929638906204,0.7234683471729624,0.10649165534013416,class=219:n02102318.pkl:0;n02102318.pkl:13;n02102318.pkl:14|class=270:n02114548.pkl:0;n02114548.pkl:12;n02114548.pkl:15|class=495:n03018349.pkl:12;n03018349.pkl:21;n03018349.pkl:23
vit,26,26,+,89,55,37,13,0.10097698342810238,0.17062264370224656,0.03413710739702434,0.07586785559627636,0.717354565227901,0.06673329588367026,class=120:n01980166.pkl:1;n01980166.pkl:7;n01980166.pkl:13|class=964:n07875152.pkl:1;n07875152.pkl:4;n07875152.pkl:7|class=424:n02791270.pkl:5;n02791270.pkl:7;n02791270.pkl:8
vit,27,27,+,52,37,21,8,0.1012931954631335,0.16059988155205174,0.0334628656614911,0.06986659110249244,0.6926832436213286,0.1030627068692571,class=301:n02165456.pkl:2;n02165456.pkl:10;n02165456.pkl:14|class=239:n02107683.pkl:3;n02107683.pkl:9;n02107683.pkl:11|class=424:n02791270.pkl:6;n02791270.pkl:11;n02791270.pkl:15
vit,28,28,+,99,56,32,13,0.07168465866494154,0.13668128900495907,0.026978085033404927,0.06921735961158698,0.6884265158742715,0.07659350429709551,class=631:n03690938.pkl:5;n03690938.pkl:7;n03690938.pkl:8|class=26:n01630670.pkl:0;n01630670.pkl:1;n01630670.pkl:4|class=292:n02129604.pkl:0;n02129604.pkl:3;n02129604.pkl:11
vit,29,29,+,122,68,40,16,0.08529223224272617,0.17023108076029309,0.0393157448819935,0.10316293628166405,0.6806171709926205,0.06463250267412575,class=28:n01632458.pkl:0;n01632458.pkl:1;n01632458.pkl:2|class=810:n04264628.pkl:12;n04264628.pkl:17;n04264628.pkl:32|class=40:n01682714.pkl:2;n01682714.pkl:9;n01682714.pkl:13
vit,30,30,+,52,36,22,8,0.10442943358680265,0.16691542224224298,0.03392680240353877,0.0855098837774632,0.6593775536307197,0.1413948214351516,class=645:n03733131.pkl:0;n03733131.pkl:1;n03733131.pkl:2|class=613:n03602883.pkl:7;n03602883.pkl:9;n03602883.pkl:12|class=236:n02107142.pkl:7;n02107142.pkl:10;n02107142.pkl:12
vit,31,31,+,57,36,23,4,0.07644099837096072,0.11373262563483508,0.01846468858886456,0.04201245831968955,0.7355861385316217,0.10836717654241053,class=637:n03710193.pkl:0;n03710193.pkl:8;n03710193.pkl:10|class=133:n02011460.pkl:24;n02011460.pkl:28;n02011460.pkl:29|class=942:n07717556.pkl:1;n07717556.pkl:40;n07717556.pkl:41
vit,32,32,+,16,8,4,1,0.08411588231984442,0.17818158955793814,0.028225048360987447,0.08477051857571646,0.3293186440858489,0.6262678526264078,class=521:n03133878.pkl:1;n03133878.pkl:2;n03133878.pkl:5|class=832:n04346328.pkl:3;n04346328.pkl:17;n04346328.pkl:19|class=422:n02790996.pkl:8;n02790996.pkl:13;n02790996.pkl:32
vit,33,33,+,71,37,25,8,0.06780805751931562,0.1046231193685864,0.018994997923477905,0.03624098537504598,0.7490259716315738,0.06535448672069667,class=790:n04204238.pkl:1;n04204238.pkl:7;n04204238.pkl:13|class=230:n02105855.pkl:2;n02105855.pkl:4;n02105855.pkl:6|class=328:n02319095.pkl:9;n02319095.pkl:12;n02319095.pkl:17
vit,34,34,+,94,56,33,15,0.07635070286146944,0.1310899305659693,0.025859694626064432,0.05496115452351751,0.7414509497483597,0.058693129102420236,class=239:n02107683.pkl:2;n02107683.pkl:6;n02107683.pkl:7|class=493:n03016953.pkl:0;n03016953.pkl:4;n03016953.pkl:5|class=36:n01667778.pkl:29;n01667778.pkl:51;n01667778.pkl:69
vit,35,35,+,40,27,17,4,0.09307035021178686,0.15751711190040685,0.03272537574869512,0.07726202680029129,0.6454696614266732,0.16434869907005714,class=339:n02389026.pkl:2;n02389026.pkl:10;n02389026.pkl:12|class=873:n04486054.pkl:2;n04486054.pkl:4;n04486054.pkl:5|class=243:n02108422.pkl:4;n02108422.pkl:9;n02108422.pkl:12
vit,36,36,+,81,42,22,6,0.046692776248696465,0.08894984046679723,0.013853574357641743,0.034580920783973026,0.7069038982962944,0.08927013029216868,class=759:n04069434.pkl:1;n04069434.pkl:11;n04069434.pkl:12|class=668:n03788195.pkl:4;n03788195.pkl:6;n03788195.pkl:10|class=849:n04398044.pkl:2;n04398044.pkl:16;n04398044.pkl:21
vit,37,37,+,39,25,16,8,0.10154499230713758,0.1282212832583862,0.022785658256357613,0.034674048967521305,0.7645697876520148,0.08501844935893636,class=217:n02102040.pkl:9;n02102040.pkl:10;n02102040.pkl:16|class=7:n01514668.pkl:10;n01514668.pkl:22;n01514668.pkl:66|class=687:n03854065.pkl:25;n03854065.pkl:33;n03854065.pkl:43
vit,38,38,+,66,36,22,7,0.08133127965903644,0.18272982949718863,0.04363023572415862,0.14547700298715094,0.5550070272009398,0.18360098038397824,class=500:n03042490.pkl:0;n03042490.pkl:1;n03042490.pkl:2|class=349:n02415577.pkl:2;n02415577.pkl:3;n02415577.pkl:4|class=123:n01984695.pkl:1;n01984695.pkl:2;n01984695.pkl:3
vit,39,39,+,81,44,30,9,0.06146437142755329,0.09681891228023895,0.01854897043921909,0.03162896897078854,0.7854006925845869,0.04824162749871014,class=154:n02086079.pkl:3;n02086079.pkl:5;n02086079.pkl:10|class=161:n02088238.pkl:3;n02088238.pkl:16;n02088238.pkl:60|class=675:n03796401.pkl:9;n03796401.pkl:35;n03796401.pkl:55
vit,40,40,+,68,42,19,6,0.06560195659540413,0.14014421030083157,0.02677579549461153,0.09603801969220079,0.564752724841913,0.2038935029772914,class=96:n01843383.pkl:0;n01843383.pkl:1;n01843383.pkl:2|class=359:n02443484.pkl:2;n02443484.pkl:11;n02443484.pkl:14|class=9:n01518878.pkl:2;n01518878.pkl:5;n01518878.pkl:6
vit,41,41,+,53,32,16,3,0.0557730098499426,0.09934848187959268,0.015180038123327296,0.03899730055232902,0.6848336101880969,0.143390328702224,class=369:n02483708.pkl:0;n02483708.pkl:4;n02483708.pkl:7|class=318:n02264363.pkl:0;n02264363.pkl:8;n02264363.pkl:34|class=703:n03891251.pkl:5;n03891251.pkl:19;n03891251.pkl:80
vit,42,42,+,50,38,20,8,0.10269585015118123,0.14836388719086321,0.02937190932424831,0.0575387276586928,0.706950678464455,0.09675137179488114,class=763:n04086273.pkl:0;n04086273.pkl:1;n04086273.pkl:3|class=20:n01601694.pkl:0;n01601694.pkl:2;n01601694.pkl:7|class=781:n04149813.pkl:3;n04149813.pkl:8;n04149813.pkl:9
vit,43,43,+,62,36,21,6,0.07091198822627327,0.11498160259660178,0.017688730229029885,0.04566822180216944,0.6851474377744861,0.1236376298622193,class=486:n02992211.pkl:2;n02992211.pkl:6;n02992211.pkl:7|class=441:n02823750.pkl:10;n02823750.pkl:15;n02823750.pkl:18|class=518:n03127747.pkl:12;n03127747.pkl:29;n03127747.pkl:85
vit,44,44,+,93,49,28,11,0.07251703795093918,0.14734562234382168,0.022781385357532994,0.054607291371525854,0.6867950126814834,0.07253413307435447,class=211:n02100583.pkl:10;n02100583.pkl:15;n02100583.pkl:16|class=445:n02837789.pkl:1;n02837789.pkl:8;n02837789.pkl:12|class=397:n02655020.pkl:6;n02655020.pkl:9;n02655020.pkl:12
vit,45,45,+,76,55,41,14,0.11635292849301059,0.16298037168640991,0.03460681910785757,0.06420812607512259,0.7729387223243447,0.058452140505719334,class=821:n04311004.pkl:2;n04311004.pkl:3;n04311004.pkl:6|class=991:n12985857.pkl:3;n12985857.pkl:5;n12985857.pkl:6|class=702:n03888605.pkl:0;n03888605.pkl:4;n03888605.pkl:5
vit,46,46,+,64,41,24,11,0.09588618241296742,0.15096539095713524,0.032522523631767344,0.0669390999684143,0.7022141133757357,0.08181788157410311,class=549:n03291819.pkl:6;n03291819.pkl:10;n03291819.pkl:14|class=64:n01749939.pkl:1;n01749939.pkl:5;n01749939.pkl:7|class=171:n02091032.pkl:0;n02091032.pkl:3;n02091032.pkl:4
vit,47,47,+,96,60,36,16,0.09700327727073031,0.18935480927377646,0.046024858586782035,0.1326392086443403,0.6460090447598404,0.09693092431863752,class=128:n02002724.pkl:1;n02002724.pkl:2;n02002724.pkl:3|class=45:n01692333.pkl:0;n01692333.pkl:1;n01692333.pkl:2|class=343:n02397096.pkl:0;n02397096.pkl:1;n02397096.pkl:3
vit,48,48,+,105,59,32,9,0.06893823085484165,0.14442181267381843,0.027807566556102583,0.0797375410500056,0.6469618242429737,0.08783258045381578,class=205:n02099267.pkl:0;n02099267.pkl:4;n02099267.pkl:8|class=40:n01682714.pkl:3;n01682714.pkl:15;n01682714.pkl:20|class=894:n04550184.pkl:0;n04550184.pkl:1;n04550184.pkl:4
vit,49,49,+,52,29,15,5,0.06545140022492527,0.10418840900996126,0.015753967796140682,0.0304101263163813,0.7285712476836546,0.09088687427332341,class=475:n02965783.pkl:0;n02965783.pkl:1;n02965783.pkl:11|class=713:n03924679.pkl:3;n03924679.pkl:5;n03924679.pkl:7|class=526:n03179701.pkl:5;n03179701.pkl:16;n03179701.pkl:20
vit,50,50,+,74,46,26,6,0.06545497519077885,0.09846221983188172,0.01741847256445458,0.037103715188116594,0.7409959192540649,0.07483080146537,class=372:n02486410.pkl:0;n02486410.pkl:8;n02486410.pkl:9|class=645:n03733131.pkl:0;n03733131.pkl:4;n03733131.pkl:6|class=736:n03982430.pkl:8;n03982430.pkl:31;n03982430.pkl:35
vit,51,51,+,15,13,8,3,0.1600092974004288,0.19144566690123496,0.04289158726260198,0.07772589917273474,0.6243217651349598,0.2855919973125789,class=668:n03788195.pkl:9;n03788195.pkl:11;n03788195.pkl:12|class=242:n02108089.pkl:11;n02108089.pkl:29;n02108089.pkl:30|class=86:n01807496.pkl:10;n01807496.pkl:12;n01807496.pkl:70
vit,52,52,+,119,65,38,15,0.06035535249484851,0.1249176956064154,0.026942947980597192,0.0717372798857389,0.6960561158970645,0.06797679381691757,class=190:n02095889.pkl:0;n02095889.pkl:4;n02095889.pkl:7|class=983:n10565667.pkl:0;n10565667.pkl:4;n10565667.pkl:7|class=270:n02114548.pkl:1;n02114548.pkl:6;n02114548.pkl:9
vit,53,53,+,51,27,16,3,0.04949582589657808,0.0774455087598387,0.011901669227307184,0.020126207030592973,0.756405875874169,0.07567879686914779,class=118:n01978287.pkl:3;n01978287.pkl:8;n01978287.pkl:11|class=868:n04476259.pkl:58;n04476259.pkl:127;n04476259.pkl:128|class=440:n02823428.pkl:10;n02823428.pkl:24;n02823428.pkl:36
vit,54,54,+,116,68,48,18,0.09358804847675847,0.16676862433024614,0.03964449832161725,0.0878242726422933,0.7226785268060154,0.05092701268782163,class=561:n03384352.pkl:1;n03384352.pkl:2;n03384352.pkl:3|class=39:n01677366.pkl:2;n01677366.pkl:5;n01677366.pkl:6|class=164:n02088632.pkl:0;n02088632.pkl:3;n02088632.pkl:5
vit,55,55,+,57,40,20,8,0.10328297788157573,0.16890038626902426,0.03510395578431666,0.10488689112358618,0.6195865272999728,0.17416682872873546,class=985:n11939491.pkl:0;n11939491.pkl:1;n11939491.pkl:3|class=954:n07753592.pkl:4;n07753592.pkl:6;n07753592.pkl:9|class=981:n09835506.pkl:0;n09835506.pkl:3;n09835506.pkl:4
vit,56,56,+,71,38,23,11,0.09325663485314585,0.1631721801879367,0.03040513038733808,0.06047606071504971,0.7108559614486104,0.06980499355465691,class=833:n04347754.pkl:3;n04347754.pkl:7;n04347754.pkl:11|class=317:n02259212.pkl:8;n02259212.pkl:12;n02259212.pkl:13|class=351:n02422106.pkl:3;n02422106.pkl:9;n02422106.pkl:13
vit,57,57,+,83,38,28,11,0.07241269211516936,0.11449910378720021,0.020641914176283804,0.04275321078383928,0.7322408779317637,0.0637325885550023,class=809:n04263257.pkl:1;n04263257.pkl:2;n04263257.pkl:7|class=531:n03197337.pkl:1;n03197337.pkl:4;n03197337.pkl:24|class=959:n07831146.pkl:6;n07831146.pkl:19;n07831146.pkl:22
vit,58,58,+,167,114,81,36,0.09928678092480765,0.15164100373813727,0.040320620442669326,0.0825827559122891,0.787848579719451,0.031107342878354448,class=578:n03450230.pkl:1;n03450230.pkl:2;n03450230.pkl:3|class=576:n03447447.pkl:1;n03447447.pkl:2;n03447447.pkl:3|class=671:n03792782.pkl:1;n03792782.pkl:2;n03792782.pkl:5
vit,59,59,+,35,22,14,6,0.1190142558514081,0.1779436846857874,0.03615840172427833,0.07528938844446846,0.6433943379533927,0.15244568015562832,class=37:n01669191.pkl:0;n01669191.pkl:1;n01669191.pkl:2|class=959:n07831146.pkl:1;n07831146.pkl:5;n07831146.pkl:6|class=88:n01818515.pkl:5;n01818515.pkl:6;n01818515.pkl:20
vit,60,60,+,63,44,24,10,0.09951498737312613,0.1643567173697558,0.03986544950157618,0.09384247777349292,0.6791110430356412,0.10382893114048698,class=143:n02037110.pkl:0;n02037110.pkl:3;n02037110.pkl:4|class=407:n02701002.pkl:1;n02701002.pkl:3;n02701002.pkl:5|class=767:n04116512.pkl:1;n04116512.pkl:10;n04116512.pkl:14
vit,61,61,+,72,49,26,11,0.10966022255851028,0.17959796123852734,0.038096312011641466,0.10149319313704967,0.6501645722946832,0.1124658591847345,class=311:n02226429.pkl:1;n02226429.pkl:2;n02226429.pkl:3|class=4:n01494475.pkl:2;n01494475.pkl:3;n01494475.pkl:4|class=912:n04604644.pkl:7;n04604644.pkl:8;n04604644.pkl:11
vit,63,63,+,65,41,25,7,0.09518692531276755,0.18262697557215177,0.03711532680495249,0.09727111906148932,0.6223934817829033,0.12105368656956873,class=240:n02107908.pkl:0;n02107908.pkl:3;n02107908.pkl:8|class=101:n01871265.pkl:1;n01871265.pkl:3;n01871265.pkl:5|class=596:n03498962.pkl:2;n03498962.pkl:3;n03498962.pkl:6
vit,64,64,+,29,19,12,7,0.1542474325720418,0.21068976642635787,0.04165265858076963,0.07269883669608372,0.6796199087360524,0.13952681207398293,class=705:n03895866.pkl:0;n03895866.pkl:6;n03895866.pkl:9|class=510:n03095699.pkl:0;n03095699.pkl:3;n03095699.pkl:4|class=94:n01833805.pkl:11;n01833805.pkl:13;n01833805.pkl:30
vit,65,65,+,104,48,37,9,0.05025339580778598,0.09928239356236909,0.017830411758327343,0.04741650902558586,0.7288106901238304,0.07761446959939246,class=460:n02894605.pkl:2;n02894605.pkl:3;n02894605.pkl:4|class=849:n04398044.pkl:4;n04398044.pkl:12;n04398044.pkl:23|class=108:n01914609.pkl:15;n01914609.pkl:39;n01914609.pkl:40
vit,66,66,+,71,42,20,5,0.06251126381774742,0.12247109753725179,0.020609838092543548,0.06829931967023016,0.6295602090000301,0.1687613312234195,class=93:n01829413.pkl:0;n01829413.pkl:1;n01829413.pkl:2|class=669:n03788365.pkl:2;n03788365.pkl:16;n03788365.pkl:27|class=557:n03355925.pkl:1;n03355925.pkl:3;n03355925.pkl:10
vit,67,67,+,82,46,27,10,0.07277940917964106,0.12214066432978128,0.020244163907669917,0.04243244607076334,0.7520014533114566,0.06577264028893602,class=228:n02105505.pkl:2;n02105505.pkl:6;n02105505.pkl:7|class=486:n02992211.pkl:2;n02992211.pkl:4;n02992211.pkl:6|class=804:n04254120.pkl:0;n04254120.pkl:5;n04254120.pkl:10
vit,68,68,+,56,32,21,12,0.1117602087970908,0.1761523542922042,0.04304220628598684,0.08173880909663063,0.7078398570751576,0.08225620395830394,class=315:n02236044.pkl:0;n02236044.pkl:2;n02236044.pkl:5|class=610:n03595614.pkl:2;n03595614.pkl:5;n03595614.pkl:8|class=276:n02117135.pkl:0;n02117135.pkl:1;n02117135.pkl:2
vit,69,69,+,75,38,21,7,0.044926038890366504,0.08050570257609563,0.016902221557925527,0.03493029140449969,0.7372834066499655,0.07027833022984141,class=197:n02097130.pkl:8;n02097130.pkl:12;n02097130.pkl:13|class=20:n01601694.pkl:0;n01601694.pkl:12;n01601694.pkl:20|class=250:n02110185.pkl:27;n02110185.pkl:28;n02110185.pkl:45
vit,70,70,+,143,83,56,15,0.05739776222239759,0.1025177915818945,0.022341812046211537,0.056221419883743504,0.7567526621680006,0.051275370626067615,class=38:n01675722.pkl:0;n01675722.pkl:1;n01675722.pkl:5|class=984:n11879895.pkl:10;n11879895.pkl:11;n11879895.pkl:12|class=826:n04328186.pkl:3;n04328186.pkl:11;n04328186.pkl:13
vit,71,71,+,73,41,29,9,0.08356835154214816,0.1332605552703338,0.023743842041486978,0.04974326458568674,0.7314662167396739,0.073822056028977,class=671:n03792782.pkl:0;n03792782.pkl:1;n03792782.pkl:2|class=861:n04447861.pkl:2;n04447861.pkl:7;n04447861.pkl:11|class=359:n02443484.pkl:1;n02443484.pkl:6;n02443484.pkl:8
vit,72,72,+,64,39,22,5,0.06558971875133077,0.09752437407059418,0.0175846544555225,0.03460315628685582,0.7515176083170325,0.07612895677888736,class=782:n04152593.pkl:1;n04152593.pkl:5;n04152593.pkl:12|class=263:n02113023.pkl:25;n02113023.pkl:29;n02113023.pkl:31|class=946:n07730033.pkl:7;n07730033.pkl:18;n07730033.pkl:29
vit,73,73,+,82,47,27,10,0.06916936586204295,0.1204544879305912,0.021539694988581222,0.044099117517904546,0.7400802356853403,0.06331229721474806,class=629:n03676483.pkl:17;n03676483.pkl:37;n03676483.pkl:44|class=750:n04033995.pkl:1;n04033995.pkl:8;n04033995.pkl:16|class=297:n02134418.pkl:8;n02134418.pkl:37;n02134418.pkl:48
vit,74,74,+,48,28,18,8,0.09124249137474534,0.15722096899321183,0.03274188382382053,0.07520611193937365,0.661204575779059,0.13074852203092224,class=745:n04009552.pkl:1;n04009552.pkl:5;n04009552.pkl:8|class=157:n02086910.pkl:1;n02086910.pkl:2;n02086910.pkl:3|class=718:n03933933.pkl:8;n03933933.pkl:23;n03933933.pkl:30
vit,75,75,+,85,52,32,14,0.09011098739389889,0.1613398063249812,0.033974925335064354,0.09513671458109559,0.6706711470884278,0.10401342644556458,class=396:n02643566.pkl:0;n02643566.pkl:1;n02643566.pkl:2|class=219:n02102318.pkl:0;n02102318.pkl:3;n02102318.pkl:5|class=274:n02115913.pkl:0;n02115913.pkl:1;n02115913.pkl:5
vit,76,76,+,59,27,17,4,0.0516140974990082,0.10169694184842587,0.014867150153518574,0.03870714595605878,0.6781506935760389,0.1318371959264354,class=958:n07802026.pkl:0;n07802026.pkl:1;n07802026.pkl:7|class=424:n02791270.pkl:0;n02791270.pkl:4;n02791270.pkl:40|class=565:n03393912.pkl:67;n03393912.pkl:100;n03393912.pkl:116
vit,77,77,+,72,44,21,8,0.06924613296503078,0.13828080413156724,0.023990294515000662,0.06946512584068587,0.6432553086920001,0.13033634300224262,class=98:n01855032.pkl:0;n01855032.pkl:1;n01855032.pkl:2|class=22:n01614925.pkl:0;n01614925.pkl:2;n01614925.pkl:4|class=837:n04356056.pkl:3;n04356056.pkl:34;n04356056.pkl:36
vit,78,78,+,68,44,30,11,0.09838612238962421,0.14766705852217846,0.030595028092503,0.056583662123448356,0.7445585911062309,0.06500628693838251,class=863:n04458633.pkl:2;n04458633.pkl:11;n04458633.pkl:14|class=404:n02690373.pkl:2;n02690373.pkl:6;n02690373.pkl:11|class=455:n02877765.pkl:2;n02877765.pkl:5;n02877765.pkl:18
vit,79,79,+,28,21,8,4,0.11379722324452325,0.20819240888546164,0.04444009226252195,0.11658229518778206,0.5130790118306094,0.2815003566429907,class=869:n04479046.pkl:1;n04479046.pkl:2;n04479046.pkl:3|class=272:n02114855.pkl:1;n02114855.pkl:2;n02114855.pkl:4|class=363:n02454379.pkl:3;n02454379.pkl:5;n02454379.pkl:8
vit,80,80,+,25,20,11,4,0.14517441593498914,0.241420086301686,0.06796721576862796,0.18644827512681877,0.4604440250356667,0.3410078154254797,class=344:n02398521.pkl:0;n02398521.pkl:1;n02398521.pkl:2|class=640:n03717622.pkl:0;n03717622.pkl:1;n03717622.pkl:3|class=392:n02606052.pkl:9;n02606052.pkl:17;n02606052.pkl:23
vit,81,81,+,46,30,16,5,0.08380650249588675,0.13795914384092886,0.027889126851584976,0.06584660564509834,0.6460161455139162,0.14292140992260177,class=953:n07753275.pkl:0;n07753275.pkl:3;n07753275.pkl:6|class=946:n07730033.pkl:0;n07730033.pkl:2;n07730033.pkl:19|class=372:n02486410.pkl:2;n02486410.pkl:3;n02486410.pkl:5
vit,82,82,+,59,31,13,3,0.053467107571769874,0.12551271731603342,0.017228580761247052,0.0636312720009008,0.5643952663223989,0.2481504101967654,class=18:n01582220.pkl:0;n01582220.pkl:2;n01582220.pkl:6|class=690:n03868242.pkl:12;n03868242.pkl:23;n03868242.pkl:35|class=321:n02276258.pkl:5;n02276258.pkl:12;n02276258.pkl:35
vit,83,83,+,30,21,15,6,0.13577036631274908,0.19937332760243998,0.04692175055398878,0.10038579402146176,0.6258418412967968,0.18590533692918187,class=603:n03538406.pkl:1;n03538406.pkl:3;n03538406.pkl:4|class=693:n03873416.pkl:3;n03873416.pkl:6;n03873416.pkl:11|class=70:n01770081.pkl:4;n01770081.pkl:7;n01770081.pkl:10
vit,84,84,+,85,47,24,7,0.052719637558311785,0.0893097548106208,0.016762236129270643,0.03690391886306622,0.7404881248789493,0.06878929166157358,class=881:n04515003.pkl:0;n04515003.pkl:14;n04515003.pkl:20|class=435:n02808440.pkl:0;n02808440.pkl:13;n02808440.pkl:17|class=338:n02364673.pkl:6;n02364673.pkl:10;n02364673.pkl:14
vit,85,85,+,53,28,18,9,0.09813651135820091,0.18671045469313802,0.039625281373232284,0.11376863834762972,0.5880729895737321,0.17440163493569438,class=863:n04458633.pkl:2;n04458633.pkl:3;n04458633.pkl:4|class=269:n02114367.pkl:1;n02114367.pkl:3;n02114367.pkl:4|class=349:n02415577.pkl:0;n02415577.pkl:1;n02415577.pkl:7
vit,86,86,+,69,48,29,11,0.0884232296258099,0.12682171925715469,0.023130766517168177,0.04510525032899695,0.7532594847650863,0.0696020739047805,class=625:n03662601.pkl:7;n03662601.pkl:9;n03662601.pkl:10|class=397:n02655020.pkl:6;n02655020.pkl:28;n02655020.pkl:32|class=892:n04548280.pkl:1;n04548280.pkl:3;n04548280.pkl:7
vit,87,87,+,122,72,44,15,0.0699376106512976,0.13712529872229276,0.026156409485519897,0.07787434790331452,0.6961380137138456,0.08085293467332624,class=296:n02134084.pkl:0;n02134084.pkl:3;n02134084.pkl:7|class=292:n02129604.pkl:1;n02129604.pkl:2;n02129604.pkl:4|class=411:n02730930.pkl:4;n02730930.pkl:16;n02730930.pkl:18
vit,88,88,+,64,25,9,1,0.025709177616222975,0.05950155081415838,0.005651483987767099,0.010152981661195687,0.7951273661459447,0.06605421717777452,class=281:n02123045.pkl:8;n02123045.pkl:71;n02123045.pkl:82|class=536:n03216828.pkl:0;n03216828.pkl:22;n03216828.pkl:129|class=265:n02113624.pkl:62;n02113624.pkl:84;n02113624.pkl:117
vit,89,89,+,44,24,14,5,0.09395459276670151,0.18331686029897806,0.03471261524924596,0.10500617527970772,0.5642093081239479,0.23069805933267218,class=13:n01534433.pkl:2;n01534433.pkl:4;n01534433.pkl:7|class=205:n02099267.pkl:4;n02099267.pkl:12;n02099267.pkl:16|class=764:n04090263.pkl:9;n04090263.pkl:10;n04090263.pkl:25
vit,90,90,+,70,35,19,7,0.06128570393147533,0.11294365862342773,0.0177966635852454,0.04177845558881663,0.6939936259391348,0.09301377271647941,class=150:n02077923.pkl:0;n02077923.pkl:5;n02077923.pkl:7|class=856:n04428191.pkl:4;n04428191.pkl:7;n04428191.pkl:9|class=463:n02909870.pkl:0;n02909870.pkl:5;n02909870.pkl:7
vit,91,91,+,58,35,15,2,0.04988470285954979,0.07514128335632347,0.011146058991905083,0.01926244551721449,0.7799184758185718,0.06873485166662045,class=392:n02606052.pkl:1;n02606052.pkl:4;n02606052.pkl:6|class=784:n04154565.pkl:15;n04154565.pkl:27;n04154565.pkl:35|class=917:n06596364.pkl:51;n06596364.pkl:90;n06596364.pkl:122
vit,92,92,+,39,31,11,6,0.0930664491971605,0.1522239248428389,0.0334328663627917,0.07967046430444122,0.63951583057534,0.17124823033382466,class=95:n01843065.pkl:0;n01843065.pkl:2;n01843065.pkl:3|class=432:n02804610.pkl:1;n02804610.pkl:5;n02804610.pkl:13|class=398:n02666196.pkl:2;n02666196.pkl:8;n02666196.pkl:9
vit,93,93,+,72,43,13,5,0.059004615884219916,0.14916693527888045,0.026767533936856,0.11196144715672915,0.491841433357849,0.2568785449137128,class=152:n02085782.pkl:1;n02085782.pkl:3;n02085782.pkl:5|class=503:n03062245.pkl:0;n03062245.pkl:1;n03062245.pkl:2|class=691:n03868863.pkl:6;n03868863.pkl:28;n03868863.pkl:30
vit,94,94,+,98,56,39,12,0.0704694506539154,0.10908956364219465,0.024027009260508984,0.04331816773138246,0.7764162003369546,0.04337172766436501,class=179:n02093256.pkl:9;n02093256.pkl:10;n02093256.pkl:16|class=400:n02669723.pkl:0;n02669723.pkl:1;n02669723.pkl:3|class=834:n04350905.pkl:19;n04350905.pkl:39;n04350905.pkl:40
vit,95,95,+,218,113,81,36,0.06737103557248002,0.1288468137588314,0.03226542068362405,0.07616570785161826,0.7588458943340987,0.030148742616599975,class=453:n02870880.pkl:0;n02870880.pkl:1;n02870880.pkl:3|class=458:n02892201.pkl:0;n02892201.pkl:1;n02892201.pkl:2|class=281:n02123045.pkl:1;n02123045.pkl:2;n02123045.pkl:6
vit,96,96,+,55,27,20,5,0.053615994397406136,0.08910598304477632,0.016991643430682234,0.03303046112671602,0.7211671648606639,0.08688799968917046,class=776:n04141076.pkl:1;n04141076.pkl:7;n04141076.pkl:8|class=777:n04141327.pkl:3;n04141327.pkl:7;n04141327.pkl:24|class=512:n03109150.pkl:4;n03109150.pkl:7;n03109150.pkl:31
vit,97,97,+,64,33,17,2,0.03975700078064587,0.05576071580520849,0.009406388016220681,0.014717087311106674,0.7978070383147327,0.053873814562679485,class=683:n03838899.pkl:11;n03838899.pkl:30;n03838899.pkl:82|class=443:n02834397.pkl:81;n02834397.pkl:94;n02834397.pkl:107|class=132:n02009912.pkl:31;n02009912.pkl:99;n02009912.pkl:133
vit,98,98,+,92,44,24,5,0.05258425149374589,0.12104950423521618,0.0186813209578894,0.06022739351260915,0.6364786391630974,0.12384529243513175,class=61:n01742172.pkl:0;n01742172.pkl:1;n01742172.pkl:4|class=102:n01872401.pkl:6;n01872401.pkl:7;n01872401.pkl:8|class=116:n01955084.pkl:14;n01955084.pkl:18;n01955084.pkl:19
vit,99,99,+,80,53,29,9,0.08747722406318184,0.12363305364495536,0.0217286406050421,0.04781839093162344,0.7434570033398351,0.07303894050030976,class=527:n03180011.pkl:2;n03180011.pkl:3;n03180011.pkl:18|class=122:n01983481.pkl:3;n01983481.pkl:7;n01983481.pkl:24|class=638:n03710637.pkl:13;n03710637.pkl:24;n03710637.pkl:29
vit,100,100,+,57,29,16,4,0.06415015823113325,0.12493482948332134,0.01905559271977381,0.046947892647343524,0.661936425836641,0.12403474215452363,class=258:n02111889.pkl:8;n02111889.pkl:10;n02111889.pkl:19|class=696:n03876231.pkl:7;n03876231.pkl:8;n03876231.pkl:22|class=519:n03127925.pkl:0;n03127925.pkl:5;n03127925.pkl:27
vit,101,101,+,102,57,29,10,0.07295370105977562,0.16752620248201697,0.03169830306931428,0.0973420211964384,0.6141621647372364,0.10225852086765211,class=815:n04275548.pkl:0;n04275548.pkl:1;n04275548.pkl:3|class=77:n01775062.pkl:0;n01775062.pkl:5;n01775062.pkl:6|class=48:n01695060.pkl:1;n01695060.pkl:2;n01695060.pkl:3
vit,102,102,+,44,27,14,6,0.1076142937507519,0.2031126948318684,0.04268737657105812,0.10786136880010888,0.5826083176931275,0.16783156109587472,class=318:n02264363.pkl:1;n02264363.pkl:2;n02264363.pkl:5|class=255:n02111129.pkl:0;n02111129.pkl:10;n02111129.pkl:13|class=528:n03187595.pkl:0;n03187595.pkl:1;n03187595.pkl:2
vit,103,103,+,56,39,23,6,0.07729082764684184,0.11114888101155038,0.023878405352413496,0.04597073418999836,0.7437454369386187,0.08404284978842581,class=47:n01694178.pkl:0;n01694178.pkl:1;n01694178.pkl:3|class=56:n01734418.pkl:1;n01734418.pkl:3;n01734418.pkl:6|class=159:n02087394.pkl:10;n02087394.pkl:19;n02087394.pkl:28
vit,104,104,+,92,48,24,10,0.057144257911553066,0.12479082267568105,0.02297616861618392,0.07020591779149227,0.648180937820413,0.11235515863834863,class=396:n02643566.pkl:0;n02643566.pkl:1;n02643566.pkl:3|class=647:n03733805.pkl:5;n03733805.pkl:13;n03733805.pkl:14|class=57:n01735189.pkl:12;n01735189.pkl:13;n01735189.pkl:14
vit,105,105,+,47,29,15,3,0.08093039427920175,0.1459712138177416,0.024518815892326157,0.07004955365184316,0.6032643358160027,0.1949422359079128,class=67:n01755581.pkl:3;n01755581.pkl:7;n01755581.pkl:8|class=284:n02123597.pkl:1;n02123597.pkl:2;n02123597.pkl:5|class=551:n03314780.pkl:12;n03314780.pkl:19;n03314780.pkl:25
vit,106,106,+,41,24,12,4,0.08901353766277303,0.1704876157043839,0.03231254057078108,0.07756823403977008,0.5900029326083649,0.16494376833407862,class=371:n02486261.pkl:5;n02486261.pkl:12;n02486261.pkl:22|class=346:n02408429.pkl:0;n02408429.pkl:1;n02408429.pkl:3|class=334:n02346627.pkl:8;n02346627.pkl:14;n02346627.pkl:17
vit,107,107,+,45,26,17,4,0.0801873047960288,0.14292248600810029,0.026942877032508132,0.07053604535173567,0.6213171148666805,0.174529887990528,class=115:n01950731.pkl:1;n01950731.pkl:3;n01950731.pkl:6|class=843:n04371774.pkl:0;n04371774.pkl:5;n04371774.pkl:10|class=650:n03759954.pkl:8;n03759954.pkl:11;n03759954.pkl:25
vit,108,108,+,60,36,20,13,0.10408383972600929,0.18170536829678446,0.04283103923599201,0.10633794437923579,0.6497737950368969,0.11939921162241184,class=355:n02437616.pkl:0;n02437616.pkl:1;n02437616.pkl:2|class=7:n01514668.pkl:1;n01514668.pkl:2;n01514668.pkl:5|class=774:n04133789.pkl:1;n04133789.pkl:2;n04133789.pkl:4
vit,109,109,+,27,15,7,3,0.06684129044619448,0.10724349602666831,0.017729845820682377,0.0351311971116673,0.6331715792616658,0.18245304417973476,class=165:n02089078.pkl:5;n02089078.pkl:18;n02089078.pkl:45|class=164:n02088632.pkl:1;n02088632.pkl:6;n02088632.pkl:9|class=447:n02841315.pkl:40;n02841315.pkl:106;n02841315.pkl:108
vit,110,110,+,55,28,13,5,0.05797573673097241,0.0951194135067004,0.013987508228362481,0.02635535262180761,0.7253648390220458,0.08273152334853745,class=687:n03854065.pkl:6;n03854065.pkl:9;n03854065.pkl:13|class=700:n03887697.pkl:2;n03887697.pkl:12;n03887697.pkl:33|class=406:n02699494.pkl:1;n02699494.pkl:3;n02699494.pkl:15
vit,111,111,+,82,43,29,15,0.10680716433315375,0.1894555610873629,0.04120055158643943,0.1021862593389334,0.667057957343954,0.08721305431417925,class=64:n01749939.pkl:1;n01749939.pkl:2;n01749939.pkl:3|class=262:n02112706.pkl:0;n02112706.pkl:2;n02112706.pkl:3|class=564:n03388549.pkl:0;n03388549.pkl:5;n03388549.pkl:7
vit,112,112,+,96,55,35,9,0.05755095855674969,0.1066977535138183,0.019853257199748738,0.05539044226496048,0.7202040585785786,0.09150061620248418,class=270:n02114548.pkl:0;n02114548.pkl:3;n02114548.pkl:4|class=211:n02100583.pkl:12;n02100583.pkl:13;n02100583.pkl:14|class=239:n02107683.pkl:4;n02107683.pkl:15;n02107683.pkl:36
vit,113,113,+,44,29,18,7,0.1090412690598534,0.17701942929926404,0.04287470776357756,0.08964839427361145,0.656834284887684,0.12209148822801391,class=417:n02782093.pkl:0;n02782093.pkl:5;n02782093.pkl:6|class=418:n02783161.pkl:0;n02783161.pkl:3;n02783161.pkl:5|class=959:n07831146.pkl:1;n07831146.pkl:5;n07831146.pkl:7
vit,114,114,+,164,94,74,31,0.1074686702771431,0.18697718214560566,0.050913321142580265,0.12840276951486204,0.7213233886809495,0.04488062159649119,class=290:n02128925.pkl:0;n02128925.pkl:2;n02128925.pkl:3|class=289:n02128757.pkl:2;n02128757.pkl:4;n02128757.pkl:5|class=165:n02089078.pkl:1;n02089078.pkl:2;n02089078.pkl:4
vit,115,115,+,25,17,12,3,0.10688585954753645,0.1484746511459505,0.024155724043984014,0.04346920452825342,0.7066510970967166,0.16953384523895892,class=241:n02108000.pkl:2;n02108000.pkl:5;n02108000.pkl:13|class=388:n02510455.pkl:27;n02510455.pkl:51;n02510455.pkl:53|class=290:n02128925.pkl:16;n02128925.pkl:35;n02128925.pkl:45
vit,116,116,+,37,22,10,3,0.0569812677108657,0.09408692336586628,0.015316388257037405,0.03153502212566508,0.6998253152822937,0.14159726691231742,class=666:n03786901.pkl:4;n03786901.pkl:19;n03786901.pkl:24|class=603:n03538406.pkl:12;n03538406.pkl:24;n03538406.pkl:26|class=838:n04357314.pkl:0;n04357314.pkl:44;n04357314.pkl:54
vit,117,117,+,61,35,17,3,0.05395773259041187,0.13009466813520693,0.017988058569561358,0.060403082497736287,0.6058944739070621,0.20124358242283955,class=185:n02094114.pkl:2;n02094114.pkl:3;n02094114.pkl:4|class=215:n02101388.pkl:0;n02101388.pkl:19;n02101388.pkl:22|class=495:n03018349.pkl:0;n03018349.pkl:17;n03018349.pkl:22
vit,118,118,+,69,41,24,8,0.06767017798552198,0.13148573383127496,0.0232809260261926,0.06426683409563932,0.6612924370456469,0.12493219978111296,class=140:n02027492.pkl:0;n02027492.pkl:1;n02027492.pkl:3|class=55:n01729977.pkl:8;n01729977.pkl:14;n01729977.pkl:17|class=963:n07873807.pkl:9;n07873807.pkl:12;n07873807.pkl:17
vit,119,119,+,70,44,26,11,0.09285171349961582,0.16143418119541178,0.03750673813069627,0.07908293727805905,0.6898787504568066,0.07779671419156502,class=803:n04252225.pkl:0;n04252225.pkl:1;n04252225.pkl:4|class=939:n07716358.pkl:0;n07716358.pkl:2;n07716358.pkl:4|class=415:n02776631.pkl:4;n02776631.pkl:5;n02776631.pkl:6
vit,120,120,+,31,16,12,1,0.04900133076200917,0.06828162894459826,0.011923806914477421,0.01679474819890302,0.7803173136901924,0.09625444775166138,class=793:n04209133.pkl:17;n04209133.pkl:28;n04209133.pkl:29|class=389:n02514041.pkl:59;n02514041.pkl:76;n02514041.pkl:89|class=873:n04486054.pkl:2;n04486054.pkl:10;n04486054.pkl:29
vit,121,121,+,82,50,31,15,0.11317674364178021,0.18563388963861346,0.04800595730009585,0.11030859775261873,0.6805187614364455,0.0765845557698395,class=92:n01828970.pkl:0;n01828970.pkl:1;n01828970.pkl:4|class=340:n02391049.pkl:0;n02391049.pkl:1;n02391049.pkl:5|class=15:n01558993.pkl:0;n01558993.pkl:1;n01558993.pkl:3
vit,123,123,+,108,58,34,12,0.07320415715050217,0.14784183656021171,0.027530794393842022,0.07230901758168697,0.6817598411633037,0.07313319552590011,class=44:n01689811.pkl:2;n01689811.pkl:5;n01689811.pkl:8|class=397:n02655020.pkl:1;n02655020.pkl:3;n02655020.pkl:4|class=307:n02177972.pkl:3;n02177972.pkl:4;n02177972.pkl:5
vit,124,124,+,32,17,10,2,0.06267021216860671,0.12728198228896173,0.022135881913080087,0.05693170054996554,0.5873049605373201,0.23796151776765256,class=334:n02346627.pkl:1;n02346627.pkl:2;n02346627.pkl:4|class=935:n07711569.pkl:16;n07711569.pkl:30;n07711569.pkl:71|class=254:n02110958.pkl:4;n02110958.pkl:99;n02110958.pkl:105
vit,125,125,+,75,44,27,14,0.10650094744771385,0.1755583186831355,0.039028357038232056,0.08328413960877562,0.6961452118720179,0.0740492847687475,class=519:n03127925.pkl:0;n03127925.pkl:1;n03127925.pkl:2|class=8:n01514859.pkl:1;n01514859.pkl:18;n01514859.pkl:20|class=809:n04263257.pkl:0;n04263257.pkl:4;n04263257.pkl:6
vit,126,126,+,55,37,28,10,0.10783579816857118,0.14260408024937465,0.03141830013576768,0.053316822552240066,0.7656614367073042,0.07054191743819685,class=451:n02865351.pkl:0;n02865351.pkl:1;n02865351.pkl:4|class=763:n04086273.pkl:1;n04086273.pkl:6;n04086273.pkl:11|class=684:n03840681.pkl:0;n03840681.pkl:3;n03840681.pkl:12
vit,127,127,+,88,47,29,9,0.08111343134512176,0.1493052551963707,0.032029578877186334,0.11401379301485198,0.5972847700704099,0.15535275012321248,class=949:n07745940.pkl:0;n07745940.pkl:1;n07745940.pkl:2|class=82:n01797886.pkl:0;n01797886.pkl:4;n01797886.pkl:10|class=982:n10148035.pkl:4;n10148035.pkl:5;n10148035.pkl:9
vit,128,128,+,53,38,24,12,0.15949566204454146,0.24439619844444344,0.0692742065868159,0.15895198150897247,0.6546853595175994,0.11820535042527626,class=135:n02013706.pkl:0;n02013706.pkl:1;n02013706.pkl:2|class=882:n04517823.pkl:0;n04517823.pkl:4;n04517823.pkl:7|class=299:n02138441.pkl:0;n02138441.pkl:3;n02138441.pkl:10
vit,129,129,+,85,50,33,10,0.07444575161685749,0.1140128041646315,0.022699241535105597,0.04376819700916771,0.7572644605188611,0.055504395347740786,class=286:n02125311.pkl:7;n02125311.pkl:14;n02125311.pkl:22|class=159:n02087394.pkl:4;n02087394.pkl:5;n02087394.pkl:15|class=246:n02109047.pkl:0;n02109047.pkl:7;n02109047.pkl:10
vit,130,130,+,18,13,8,4,0.12429501261528222,0.1510197234782954,0.026209908446762367,0.041073710750825825,0.6836547725469887,0.19199010713736275,class=814:n04273569.pkl:3;n04273569.pkl:10;n04273569.pkl:14|class=148:n02071294.pkl:8;n02071294.pkl:12;n02071294.pkl:24|class=340:n02391049.pkl:2;n02391049.pkl:36;n02391049.pkl:39
vit,131,131,+,58,42,26,14,0.15060366676264214,0.21853969399388676,0.061774370270483527,0.13599511987834195,0.6860969610439611,0.1008020661458622,class=102:n01872401.pkl:1;n01872401.pkl:2;n01872401.pkl:3|class=394:n02640242.pkl:3;n02640242.pkl:5;n02640242.pkl:6|class=684:n03840681.pkl:6;n03840681.pkl:23;n03840681.pkl:24
vit,132,132,+,68,46,27,6,0.0738650698137628,0.11636967813378465,0.023088070295511947,0.05452620122028963,0.7121068263287617,0.09672711638515462,class=697:n03877472.pkl:0;n03877472.pkl:1;n03877472.pkl:7|class=275:n02116738.pkl:13;n02116738.pkl:14;n02116738.pkl:18|class=574:n03445777.pkl:10;n03445777.pkl:15;n03445777.pkl:22
vit,134,134,+,88,49,31,17,0.08579457002205461,0.14995223969789057,0.030041533176326962,0.07812232697952134,0.6968240545528377,0.08821002859413475,class=3:n01491361.pkl:1;n01491361.pkl:2;n01491361.pkl:3|class=95:n01843065.pkl:0;n01843065.pkl:12;n01843065.pkl:19|class=961:n07860988.pkl:21;n07860988.pkl:22;n07860988.pkl:24
vit,135,135,+,21,14,5,2,0.06819680818658203,0.11573542249623145,0.013496551006331311,0.026702221917129492,0.6377732432819126,0.23401217984739822,class=123:n01984695.pkl:1;n01984695.pkl:6;n01984695.pkl:8|class=399:n02667093.pkl:1;n02667093.pkl:26;n02667093.pkl:39|class=852:n04409515.pkl:51;n04409515.pkl:106;n04409515.pkl:249
vit,136,136,+,60,31,18,7,0.08330125729549624,0.15624910412147874,0.025543363476241903,0.06639988847197044,0.641355940823782,0.12928971621559096,class=505:n03063689.pkl:0;n03063689.pkl:1;n03063689.pkl:2|class=929:n07615774.pkl:2;n07615774.pkl:4;n07615774.pkl:7|class=384:n02500267.pkl:0;n02500267.pkl:1;n02500267.pkl:7
vit,137,137,+,19,11,6,4,0.13413325966299,0.20273567126606218,0.04660392634361359,0.09439022255724835,0.5465998671507133,0.268532952268459,class=624:n03661043.pkl:0;n03661043.pkl:15;n03661043.pkl:17|class=122:n01983481.pkl:0;n01983481.pkl:2;n01983481.pkl:6|class=698:n03877845.pkl:1;n03877845.pkl:5;n03877845.pkl:44
vit,138,138,+,85,49,24,9,0.069260473927684,0.14128395957388748,0.023735495686623094,0.08056372327860363,0.6353683669281875,0.14730346981838635,class=199:n02097298.pkl:0;n02097298.pkl:1;n02097298.pkl:2|class=935:n07711569.pkl:2;n07711569.pkl:4;n07711569.pkl:5|class=372:n02486410.pkl:0;n02486410.pkl:7;n02486410.pkl:41
vit,139,139,+,59,36,22,8,0.07023065931466611,0.09809814792672426,0.020385673129148817,0.03329141976035716,0.762437117968963,0.06215165818496878,class=677:n03804744.pkl:4;n03804744.pkl:6;n03804744.pkl:11|class=723:n03944341.pkl:14;n03944341.pkl:16;n03944341.pkl:19|class=457:n02883205.pkl:10;n02883205.pkl:26;n02883205.pkl:29
vit,140,140,+,36,17,6,2,0.04072479704770147,0.0706967219930817,0.008133981096834029,0.013822279496308926,0.754153927118003,0.10799184222483287,class=683:n03838899.pkl:18;n03838899.pkl:32;n03838899.pkl:71|class=216:n02101556.pkl:20;n02101556.pkl:55;n02101556.pkl:64|class=482:n02979186.pkl:31;n02979186.pkl:126;n02979186.pkl:138
vit,141,141,+,104,54,27,8,0.04177535659496052,0.09096657689260072,0.01631778708603066,0.051071215020803876,0.6799925229330321,0.10380358881327399,class=930:n07684084.pkl:0;n07684084.pkl:1;n07684084.pkl:5|class=896:n04553703.pkl:7;n04553703.pkl:10;n04553703.pkl:11|class=320:n02268853.pkl:10;n02268853.pkl:14;n02268853.pkl:20
vit,142,142,+,86,53,25,12,0.07572294778634349,0.14877783383315873,0.029667261087361712,0.0846988374394111,0.6478516918237593,0.10640459760423278,class=948:n07742313.pkl:0;n07742313.pkl:1;n07742313.pkl:2|class=33:n01664065.pkl:0;n01664065.pkl:2;n01664065.pkl:4|class=776:n04141076.pkl:1;n04141076.pkl:2;n04141076.pkl:10
vit,143,143,+,81,44,23,10,0.08178811844906757,0.15328924591470985,0.0294575965555099,0.06980893837142892,0.6735660223142913,0.08167906791149941,class=965:n07880968.pkl:3;n07880968.pkl:5;n07880968.pkl:9|class=751:n04037443.pkl:1;n04037443.pkl:6;n04037443.pkl:8|class=41:n01685808.pkl:1;n01685808.pkl:3;n01685808.pkl:8
vit,144,144,+,52,27,18,10,0.09306307201225308,0.16720504736430739,0.036356807291708836,0.0809473491897208,0.6642213270215989,0.11456095571043295,class=755:n04044716.pkl:0;n04044716.pkl:1;n04044716.pkl:5|class=867:n04467665.pkl:2;n04467665.pkl:5;n04467665.pkl:6|class=150:n02077923.pkl:1;n02077923.pkl:10;n02077923.pkl:13
vit,145,145,+,69,39,25,9,0.08135038308608436,0.1343515032329098,0.025429101076159696,0.05007207743842158,0.7313531187711171,0.07068548125711106,class=25:n01629819.pkl:1;n01629819.pkl:7;n01629819.pkl:9|class=658:n03775071.pkl:5;n03775071.pkl:10;n03775071.pkl:31|class=579:n03452741.pkl:8;n03452741.pkl:9;n03452741.pkl:14
vit,146,146,+,50,30,17,8,0.10043277167024695,0.19437083282224735,0.04532544531461982,0.12103220209262415,0.5783277606390478,0.1626092534596738,class=723:n03944341.pkl:1;n03944341.pkl:2;n03944341.pkl:3|class=573:n03444034.pkl:2;n03444034.pkl:5;n03444034.pkl:9|class=938:n07715103.pkl:0;n07715103.pkl:3;n07715103.pkl:5
vit,148,148,+,76,49,30,8,0.06546720575425553,0.08801965894486315,0.021506225352265963,0.03816363362793924,0.7776496863499875,0.05459195173771344,class=725:n03950228.pkl:4;n03950228.pkl:14;n03950228.pkl:15|class=698:n03877845.pkl:0;n03877845.pkl:7;n03877845.pkl:15|class=109:n01917289.pkl:2;n01917289.pkl:10;n01917289.pkl:22
vit,149,149,+,104,60,33,10,0.07020209622111911,0.12725400333568265,0.02416869039090732,0.05635369225301632,0.7182974106682801,0.06189172487674974,class=787:n04192698.pkl:6;n04192698.pkl:13;n04192698.pkl:16|class=348:n02412080.pkl:10;n02412080.pkl:16;n02412080.pkl:25|class=633:n03692522.pkl:0;n03692522.pkl:5;n03692522.pkl:8
vit,150,150,+,23,14,8,1,0.06919200379773638,0.10592452232965138,0.011805971062727304,0.01736700656996406,0.7376401490245755,0.1375628889229697,class=274:n02115913.pkl:14;n02115913.pkl:24;n02115913.pkl:25|class=932:n07695742.pkl:95;n07695742.pkl:98;n07695742.pkl:133|class=952:n07753113.pkl:62;n07753113.pkl:89;n07753113.pkl:116
vit,151,151,+,60,39,18,2,0.053548948918684745,0.07463301118396852,0.013175930096976606,0.02689708310377912,0.7608563286909663,0.0861205534992275,class=81:n01796340.pkl:7;n01796340.pkl:16;n01796340.pkl:28|class=380:n02493509.pkl:3;n02493509.pkl:15;n02493509.pkl:19|class=925:n07584110.pkl:37;n07584110.pkl:44;n07584110.pkl:51
vit,152,152,+,67,44,32,9,0.10426715351492752,0.15343835854911886,0.03414906364212719,0.0726522395228065,0.7248744800187306,0.08248163485770095,class=839:n04366367.pkl:2;n04366367.pkl:6;n04366367.pkl:7|class=802:n04252077.pkl:1;n04252077.pkl:8;n04252077.pkl:9|class=901:n04579145.pkl:2;n04579145.pkl:9;n04579145.pkl:11
vit,153,153,+,45,26,15,5,0.0829713771789659,0.14647980564741395,0.024018155123254722,0.05468646793800423,0.663189528891457,0.1374263244708096,class=616:n03627232.pkl:1;n03627232.pkl:5;n03627232.pkl:6|class=174:n02091467.pkl:1;n02091467.pkl:2;n02091467.pkl:9|class=475:n02965783.pkl:29;n02965783.pkl:33;n02965783.pkl:37
vit,154,154,+,66,35,22,10,0.09842812941318975,0.18122422329793364,0.037069213099291086,0.1085140589272278,0.6161327027838818,0.14498937470913004,class=16:n01560419.pkl:0;n01560419.pkl:1;n01560419.pkl:2|class=417:n02782093.pkl:0;n02782093.pkl:6;n02782093.pkl:7|class=580:n03457902.pkl:7;n03457902.pkl:8;n03457902.pkl:13
vit,155,155,+,55,33,13,4,0.057269506944055124,0.11134801551636557,0.018858207249942898,0.05824589222839353,0.5996001454377199,0.19162894359487992,class=39:n01677366.pkl:1;n01677366.pkl:3;n01677366.pkl:5|class=423:n02791124.pkl:31;n02791124.pkl:32;n02791124.pkl:38|class=842:n04371430.pkl:14;n04371430.pkl:17;n04371430.pkl:23
vit,156,156,+,53,31,20,9,0.08838430831251248,0.14381991453913023,0.02657458562670736,0.05255210244527082,0.6982284714319313,0.09265347448608256,class=366:n02480855.pkl:3;n02480855.pkl:5;n02480855.pkl:10|class=660:n03776460.pkl:1;n03776460.pkl:15;n03776460.pkl:16|class=612:n03599486.pkl:9;n03599486.pkl:14;n03599486.pkl:16
vit,157,157,+,68,45,28,10,0.09483045795758369,0.1551716271305264,0.03497633921522445,0.08344580510632366,0.6843003909287881,0.09841088243731548,class=64:n01749939.pkl:1;n01749939.pkl:4;n01749939.pkl:6|class=308:n02190166.pkl:1;n02190166.pkl:2;n02190166.pkl:6|class=572:n03443371.pkl:11;n03443371.pkl:18;n03443371.pkl:24
vit,158,158,+,67,41,21,6,0.06813909717961436,0.11845952291737902,0.01930775561026165,0.04248386576977419,0.7147932224179058,0.08718732151541651,class=609:n03594945.pkl:4;n03594945.pkl:5;n03594945.pkl:9|class=59:n01739381.pkl:36;n01739381.pkl:38;n01739381.pkl:58|class=357:n02442845.pkl:0;n02442845.pkl:1;n02442845.pkl:4
vit,159,159,+,40,22,16,3,0.07098199454368967,0.11765478001414544,0.022480849834199058,0.05200296286027759,0.6612846277444644,0.15877369892474097,class=940:n07716906.pkl:2;n07716906.pkl:4;n07716906.pkl:14|class=4:n01494475.pkl:0;n01494475.pkl:9;n01494475.pkl:13|class=623:n03658185.pkl:32;n03658185.pkl:35;n03658185.pkl:50
vit,160,160,+,56,35,19,8,0.09360721591384806,0.15054524356042315,0.026769514526526893,0.0528577327883245,0.7080754283046167,0.0874793913308176,class=40:n01682714.pkl:10;n01682714.pkl:14;n01682714.pkl:15|class=354:n02437312.pkl:1;n02437312.pkl:3;n02437312.pkl:23|class=430:n02802426.pkl:5;n02802426.pkl:13;n02802426.pkl:15
vit,161,161,+,129,66,40,19,0.07670873206016653,0.16387677520811708,0.03552060422386445,0.0956491296522509,0.6794174487705223,0.06396168690228468,class=86:n01807496.pkl:1;n01807496.pkl:2;n01807496.pkl:4|class=213:n02100877.pkl:0;n02100877.pkl:2;n02100877.pkl:4|class=930:n07684084.pkl:2;n07684084.pkl:4;n07684084.pkl:5
vit,162,162,+,58,30,21,8,0.07160757763579992,0.10823601964685808,0.022076349522210246,0.042196938898660837,0.7289159145391892,0.08023250617814864,class=411:n02730930.pkl:0;n02730930.pkl:1;n02730930.pkl:2|class=979:n09468604.pkl:3;n09468604.pkl:8;n09468604.pkl:15|class=99:n01855672.pkl:3;n01855672.pkl:11;n01855672.pkl:15
vit,163,163,+,68,33,18,9,0.0662238813095919,0.1232589019907151,0.02432000520559687,0.054345179258756995,0.6735473029465919,0.08813795921324469,class=54:n01729322.pkl:0;n01729322.pkl:1;n01729322.pkl:2|class=895:n04552348.pkl:4;n04552348.pkl:10;n04552348.pkl:15|class=120:n01980166.pkl:3;n01980166.pkl:6;n01980166.pkl:9
vit,164,164,+,78,41,23,9,0.07125067967588541,0.13533552905066726,0.025365033835341465,0.06109034130942954,0.6883489060663281,0.08718740086884663,class=180:n02093428.pkl:4;n02093428.pkl:15;n02093428.pkl:16|class=319:n02268443.pkl:1;n02268443.pkl:3;n02268443.pkl:6|class=314:n02233338.pkl:7;n02233338.pkl:11;n02233338.pkl:21
vit,165,165,+,64,40,23,6,0.07592219418356673,0.12290003219347717,0.021941694600119944,0.04641608302179222,0.7262682668340699,0.0855474554055133,class=148:n02071294.pkl:2;n02071294.pkl:3;n02071294.pkl:7|class=770:n04120489.pkl:6;n04120489.pkl:8;n04120489.pkl:15|class=569:n03417042.pkl:1;n03417042.pkl:7;n03417042.pkl:14
vit,166,166,+,57,35,19,10,0.09209164260405124,0.15140239690947296,0.030244886786946774,0.056333917834542904,0.7152284559195573,0.07840794920711908,class=377:n02490219.pkl:4;n02490219.pkl:13;n02490219.pkl:14|class=602:n03535780.pkl:4;n03535780.pkl:21;n03535780.pkl:56|class=164:n02088632.pkl:9;n02088632.pkl:18;n02088632.pkl:19
vit,167,167,+,82,47,24,10,0.06506834545504903,0.11062036884957828,0.018479390420841707,0.03543411410486562,0.750433919150741,0.05703392638515893,class=846:n04380533.pkl:9;n04380533.pkl:31;n04380533.pkl:34|class=367:n02481823.pkl:10;n02481823.pkl:20;n02481823.pkl:23|class=826:n04328186.pkl:2;n04328186.pkl:4;n04328186.pkl:29
vit,168,168,+,127,73,43,22,0.08396537866266814,0.16117141244388453,0.03891982831400994,0.10651092520981219,0.6900820267986494,0.06684559548336426,class=269:n02114367.pkl:0;n02114367.pkl:1;n02114367.pkl:3|class=263:n02113023.pkl:2;n02113023.pkl:5;n02113023.pkl:6|class=385:n02504013.pkl:0;n02504013.pkl:2;n02504013.pkl:3
vit,169,169,+,23,18,8,5,0.13045426288092069,0.17915345792345974,0.03616661862738694,0.07084224496874175,0.6196097951354089,0.21029552010268765,class=185:n02094114.pkl:0;n02094114.pkl:24;n02094114.pkl:36|class=340:n02391049.pkl:5;n02391049.pkl:8;n02391049.pkl:18|class=781:n04149813.pkl:3;n04149813.pkl:7;n04149813.pkl:11
vit,170,170,+,63,39,20,9,0.07695853991999957,0.13788881546135126,0.026996985417717754,0.061801332999003235,0.680353067070898,0.09905410293572839,class=680:n03825788.pkl:3;n03825788.pkl:5;n03825788.pkl:10|class=407:n02701002.pkl:2;n02701002.pkl:3;n02701002.pkl:4|class=964:n07875152.pkl:2;n07875152.pkl:4;n07875152.pkl:9
vit,171,171,+,66,39,25,10,0.09021633189205835,0.1609723132383216,0.033996113581774325,0.09850669131931747,0.631395724449113,0.14236378021597143,class=64:n01749939.pkl:1;n01749939.pkl:2;n01749939.pkl:4|class=88:n01818515.pkl:1;n01818515.pkl:4;n01818515.pkl:7|class=712:n03920288.pkl:34;n03920288.pkl:36;n03920288.pkl:41
vit,172,172,+,37,17,9,3,0.052766075818373934,0.09322077198069194,0.015480102514268354,0.039046099249654256,0.6248236852802272,0.19897850729716993,class=205:n02099267.pkl:0;n02099267.pkl:1;n02099267.pkl:7|class=574:n03445777.pkl:0;n03445777.pkl:26;n03445777.pkl:35|class=141:n02028035.pkl:7;n02028035.pkl:28;n02028035.pkl:52
vit,173,173,+,60,43,22,8,0.09137019062048556,0.12574724626137965,0.02445849923840338,0.04228105857423815,0.7635981390448721,0.06647257246599089,class=684:n03840681.pkl:1;n03840681.pkl:6;n03840681.pkl:9|class=997:n13054560.pkl:13;n13054560.pkl:22;n13054560.pkl:23|class=423:n02791124.pkl:7;n02791124.pkl:9;n02791124.pkl:12
vit,174,174,+,32,17,9,7,0.14306982973077342,0.2387953718667214,0.04112381266163016,0.08356054874520873,0.621283309550299,0.16027261631137069,class=109:n01917289.pkl:0;n01917289.pkl:4;n01917289.pkl:12|class=105:n01882714.pkl:3;n01882714.pkl:5;n01882714.pkl:18|class=222:n02104029.pkl:2;n02104029.pkl:8;n02104029.pkl:10
vit,175,175,+,56,31,16,7,0.091342977028265,0.17351680842661338,0.03525704182513776,0.10256967031579883,0.5967573288543402,0.16898974171525571,class=547:n03272562.pkl:1;n03272562.pkl:2;n03272562.pkl:3|class=104:n01877812.pkl:1;n01877812.pkl:2;n01877812.pkl:3|class=313:n02231487.pkl:17;n02231487.pkl:19;n02231487.pkl:27
vit,176,176,+,28,20,14,4,0.1005673908127949,0.1321266067335816,0.024263787304767283,0.03847571924435314,0.7387692692211919,0.1255188235376666,class=963:n07873807.pkl:4;n07873807.pkl:8;n07873807.pkl:20|class=419:n02786058.pkl:8;n02786058.pkl:13;n02786058.pkl:14|class=260:n02112137.pkl:6;n02112137.pkl:18;n02112137.pkl:29
vit,177,177,+,96,58,29,12,0.07607654348215877,0.1310653598029752,0.028007024976064273,0.06392438925866083,0.7147141881298128,0.06468268839950417,class=57:n01735189.pkl:1;n01735189.pkl:2;n01735189.pkl:3|class=662:n03777754.pkl:5;n03777754.pkl:6;n03777754.pkl:10|class=132:n02009912.pkl:1;n02009912.pkl:7;n02009912.pkl:8
vit,178,178,+,68,37,22,10,0.0916491220351564,0.15619762306434398,0.029864346840037196,0.07725916771376533,0.6573878018416706,0.11312627569858648,class=685:n03841143.pkl:0;n03841143.pkl:1;n03841143.pkl:2|class=683:n03838899.pkl:2;n03838899.pkl:4;n03838899.pkl:8|class=664:n03782006.pkl:1;n03782006.pkl:8;n03782006.pkl:17
vit,179,179,+,60,37,28,12,0.12481476850668878,0.17697239583960483,0.04723880470728057,0.08280420813935774,0.7440390626813775,0.06787678344895844,class=608:n03594734.pkl:3;n03594734.pkl:4;n03594734.pkl:13|class=827:n04330267.pkl:2;n04330267.pkl:3;n04330267.pkl:11|class=882:n04517823.pkl:0;n04517823.pkl:2;n04517823.pkl:7
vit,180,180,+,53,36,22,7,0.10535409967474928,0.16894989535369231,0.033581815513788894,0.08056792483390138,0.6478027306767571,0.12747050464301726,class=382:n02494079.pkl:1;n02494079.pkl:2;n02494079.pkl:3|class=287:n02127052.pkl:0;n02127052.pkl:3;n02127052.pkl:5|class=918:n06785654.pkl:0;n06785654.pkl:1;n06785654.pkl:2
vit,181,181,+,29,19,10,3,0.08060502519074975,0.1288552173264162,0.025693212194325674,0.05333556463854481,0.6364736317067015,0.18307597695540226,class=12:n01532829.pkl:2;n01532829.pkl:8;n01532829.pkl:10|class=81:n01796340.pkl:18;n01796340.pkl:23;n01796340.pkl:25|class=466:n02917067.pkl:0;n02917067.pkl:31;n02917067.pkl:40
vit,182,182,+,12,7,5,2,0.10383780466741589,0.1525682890389339,0.030107563723576838,0.05119830452417245,0.5826650284344438,0.32431204814182296,class=675:n03796401.pkl:3;n03796401.pkl:7;n03796401.pkl:10|class=88:n01818515.pkl:16;n01818515.pkl:26;n01818515.pkl:33|class=671:n03792782.pkl:50;n03792782.pkl:113;n03792782.pkl:115
vit,183,183,+,52,29,14,4,0.05762049342697513,0.10959544190921634,0.012991130776087616,0.02358776824551748,0.7483022520521666,0.08262889969840781,class=28:n01632458.pkl:13;n01632458.pkl:26;n01632458.pkl:43|class=969:n07932039.pkl:3;n07932039.pkl:13;n07932039.pkl:14|class=671:n03792782.pkl:3;n03792782.pkl:7;n03792782.pkl:11
vit,184,184,+,31,20,11,6,0.14172429855848598,0.23362818495600818,0.06013956098231826,0.13963690952276814,0.5606273021697794,0.2061655421011475,class=363:n02454379.pkl:0;n02454379.pkl:2;n02454379.pkl:4|class=259:n02112018.pkl:1;n02112018.pkl:5;n02112018.pkl:7|class=900:n04562935.pkl:4;n04562935.pkl:8;n04562935.pkl:11
vit,185,185,+,25,12,5,2,0.06431181645700956,0.1366166152643157,0.015866435823487467,0.04390975458514771,0.5208808434647273,0.3463537861804807,class=239:n02107683.pkl:0;n02107683.pkl:9;n02107683.pkl:17|class=418:n02783161.pkl:7;n02783161.pkl:12;n02783161.pkl:17|class=924:n07583066.pkl:4;n07583066.pkl:94;n07583066.pkl:115
vit,186,186,+,73,45,29,17,0.13002862253765576,0.2056126512065048,0.05877216811018875,0.1325725375159473,0.6833044154780433,0.08339992618209621,class=520:n03131574.pkl:0;n03131574.pkl:1;n03131574.pkl:2|class=108:n01914609.pkl:8;n01914609.pkl:11;n01914609.pkl:12|class=977:n09421951.pkl:0;n09421951.pkl:3;n09421951.pkl:4
vit,187,187,+,73,38,21,7,0.049612860320999944,0.09558933968635025,0.015078534823915904,0.03786651181757747,0.7211005284012282,0.10008981980041617,class=300:n02165105.pkl:0;n02165105.pkl:6;n02165105.pkl:9|class=411:n02730930.pkl:46;n02730930.pkl:47;n02730930.pkl:51|class=662:n03777754.pkl:9;n03777754.pkl:31;n03777754.pkl:38
vit,188,188,+,53,35,14,6,0.10592059631106296,0.21991438301172408,0.050652891344749595,0.14395567869918752,0.5337531658077228,0.17126381363012555,class=89:n01819313.pkl:3;n01819313.pkl:5;n01819313.pkl:6|class=86:n01807496.pkl:0;n01807496.pkl:4;n01807496.pkl:5|class=974:n09288635.pkl:2;n09288635.pkl:3;n09288635.pkl:6
vit,189,189,+,88,54,32,16,0.08646982080454108,0.14368021513649892,0.026960886467520876,0.0591237922550547,0.7382303479743967,0.06601154639326845,class=974:n09288635.pkl:0;n09288635.pkl:4;n09288635.pkl:7|class=849:n04398044.pkl:1;n04398044.pkl:3;n04398044.pkl:5|class=883:n04522168.pkl:1;n04522168.pkl:2;n04522168.pkl:6
vit,190,190,+,124,70,43,19,0.06386696336261019,0.11178459630771097,0.023398422310985545,0.04669916470155694,0.7664637304837134,0.04018805547936878,class=654:n03769881.pkl:5;n03769881.pkl:29;n03769881.pkl:32|class=688:n03857828.pkl:7;n03857828.pkl:11;n03857828.pkl:21|class=246:n02109047.pkl:7;n02109047.pkl:11;n02109047.pkl:12
vit,191,191,+,48,27,15,7,0.08768638887642748,0.16141386133389798,0.03296517505292026,0.08466747679327839,0.6128105196142799,0.1582632315432934,class=160:n02088094.pkl:0;n02088094.pkl:3;n02088094.pkl:5|class=878:n04505470.pkl:2;n04505470.pkl:10;n04505470.pkl:12|class=932:n07695742.pkl:2;n07695742.pkl:7;n07695742.pkl:8
vit,192,192,+,204,135,102,42,0.09175970375330997,0.15023154388104257,0.04326478275766819,0.09537886699812684,0.7800684498882131,0.028725435029407123,class=155:n02086240.pkl:1;n02086240.pkl:3;n02086240.pkl:4|class=222:n02104029.pkl:1;n02104029.pkl:3;n02104029.pkl:4|class=102:n01872401.pkl:1;n01872401.pkl:2;n01872401.pkl:3
vit,193,193,+,24,13,7,5,0.12358096706194592,0.19187380440382423,0.03182220711708148,0.062065072486746004,0.5985704422196023,0.20016426872716447,class=420:n02787622.pkl:2;n02787622.pkl:11;n02787622.pkl:13|class=982:n10148035.pkl:7;n10148035.pkl:10;n10148035.pkl:19|class=280:n02120505.pkl:0;n02120505.pkl:1;n02120505.pkl:18
vit,194,194,+,23,14,9,3,0.13110540925743286,0.22756236421231688,0.04781588850951366,0.1057107657595604,0.5483883414143866,0.255981787209262,class=87:n01817953.pkl:0;n01817953.pkl:4;n01817953.pkl:6|class=133:n02011460.pkl:5;n02011460.pkl:7;n02011460.pkl:9|class=644:n03729826.pkl:7;n03729826.pkl:12;n03729826.pkl:14
vit,195,195,+,27,19,11,7,0.16383615722156236,0.20734797947135714,0.03966486411719306,0.07020605820460576,0.6791330627893176,0.1530678870390586,class=635:n03706229.pkl:4;n03706229.pkl:21;n03706229.pkl:30|class=123:n01984695.pkl:0;n01984695.pkl:2;n01984695.pkl:12|class=247:n02109525.pkl:0;n02109525.pkl:1;n02109525.pkl:3
vit,196,196,+,152,92,60,17,0.0699752560884916,0.14352426885238273,0.03231553668220267,0.08696302730153116,0.715846578399453,0.05422237139675588,class=232:n02106166.pkl:0;n02106166.pkl:4;n02106166.pkl:5|class=386:n02504458.pkl:2;n02504458.pkl:8;n02504458.pkl:9|class=189:n02095570.pkl:3;n02095570.pkl:6;n02095570.pkl:7
vit,197,197,+,37,24,18,8,0.13842639225649692,0.18243512631671735,0.04301681970210101,0.07060240984973412,0.7296750478898085,0.09983194676366963,class=494:n03017168.pkl:5;n03017168.pkl:14;n03017168.pkl:15|class=860:n04443257.pkl:0;n04443257.pkl:4;n04443257.pkl:7|class=984:n11879895.pkl:3;n11879895.pkl:6;n11879895.pkl:17
vit,198,198,+,65,37,24,10,0.1115153124241744,0.20250216281093142,0.0463393379250309,0.118845273074923,0.627648528541372,0.11657769665187374,class=131:n02009229.pkl:0;n02009229.pkl:1;n02009229.pkl:4|class=95:n01843065.pkl:0;n01843065.pkl:3;n01843065.pkl:4|class=369:n02483708.pkl:1;n02483708.pkl:2;n02483708.pkl:8
vit,199,199,+,22,14,6,2,0.11250612828013179,0.18485091261796346,0.03321417516311336,0.07414301357661554,0.5502974512753033,0.2719559211341512,class=707:n03902125.pkl:3;n03902125.pkl:4;n03902125.pkl:5|class=378:n02492035.pkl:2;n02492035.pkl:5;n02492035.pkl:13|class=661:n03777568.pkl:25;n03777568.pkl:28;n03777568.pkl:59
vit,200,200,+,38,29,16,3,0.10013353093437909,0.15543512692502173,0.03156228580257567,0.0891165637351817,0.5967946356926654,0.2361113874097335,class=379:n02492660.pkl:0;n02492660.pkl:1;n02492660.pkl:3|class=280:n02120505.pkl:1;n02120505.pkl:9;n02120505.pkl:16|class=465:n02916936.pkl:4;n02916936.pkl:16;n02916936.pkl:22
vit,201,201,+,9,6,4,3,0.23151078504353675,0.28274264007525846,0.1007013937015694,0.15922574463972405,0.5071951095021041,0.3888988708441942,class=275:n02116738.pkl:1;n02116738.pkl:2;n02116738.pkl:3|class=208:n02099712.pkl:2;n02099712.pkl:3;n02099712.pkl:9|class=335:n02356798.pkl:23;n02356798.pkl:32;n02356798.pkl:59
vit,202,202,+,61,34,19,4,0.05989838142571132,0.11957138593009227,0.019895932366819722,0.06342783692613098,0.617144334225655,0.18300356177932978,class=724:n03947888.pkl:1;n03947888.pkl:2;n03947888.pkl:7|class=456:n02879718.pkl:7;n02879718.pkl:10;n02879718.pkl:18|class=400:n02669723.pkl:0;n02669723.pkl:1;n02669723.pkl:5
vit,203,203,+,56,37,21,5,0.08042110939540911,0.14606558095978994,0.02802798634094971,0.08164846814707595,0.621606005533837,0.16939608836321104,class=370:n02484975.pkl:6;n02484975.pkl:8;n02484975.pkl:9|class=118:n01978287.pkl:1;n01978287.pkl:2;n01978287.pkl:7|class=456:n02879718.pkl:22;n02879718.pkl:31;n02879718.pkl:35
vit,204,204,+,66,36,16,3,0.044350132212153524,0.08205197065044079,0.012740634144683766,0.03225073506715817,0.7051956147283291,0.11223675548256311,class=854:n04418357.pkl:2;n04418357.pkl:8;n04418357.pkl:10|class=433:n02807133.pkl:6;n02807133.pkl:10;n02807133.pkl:14|class=468:n02930766.pkl:74;n02930766.pkl:82;n02930766.pkl:95
vit,205,205,+,20,11,6,3,0.12401313479234881,0.2289156361784749,0.055850078656451016,0.15500781898280486,0.4192141611631632,0.43514976517088577,class=321:n02276258.pkl:0;n02276258.pkl:1;n02276258.pkl:3|class=193:n02096294.pkl:3;n02096294.pkl:8;n02096294.pkl:10|class=863:n04458633.pkl:2;n04458633.pkl:6;n04458633.pkl:14
vit,206,206,+,83,47,31,15,0.08984814949846384,0.16185354784088798,0.035106805155049776,0.08611232253407687,0.6925103689123042,0.08453682333936799,class=147:n02066245.pkl:0;n02066245.pkl:1;n02066245.pkl:2|class=235:n02106662.pkl:1;n02106662.pkl:4;n02106662.pkl:5|class=215:n02101388.pkl:11;n02101388.pkl:13;n02101388.pkl:15
vit,207,207,+,44,31,19,7,0.1364186118281317,0.20280410344397012,0.055676918473514886,0.1336806814095686,0.6165961284037109,0.15374626164605418,class=0:n01440764.pkl:0;n01440764.pkl:1;n01440764.pkl:2|class=993:n13037406.pkl:0;n13037406.pkl:2;n13037406.pkl:4|class=658:n03775071.pkl:4;n03775071.pkl:5;n03775071.pkl:9
vit,208,208,+,72,41,19,8,0.07616058398514548,0.15064939954157158,0.028955919825717918,0.08671652768969251,0.621413942879311,0.13845403208633003,class=310:n02219486.pkl:0;n02219486.pkl:5;n02219486.pkl:6|class=981:n09835506.pkl:0;n09835506.pkl:2;n09835506.pkl:3|class=305:n02172182.pkl:0;n02172182.pkl:11;n02172182.pkl:12
vit,209,209,+,53,29,20,7,0.09592000637592592,0.17814182161631648,0.037932683220666084,0.10634077579690313,0.6108496688517829,0.16715272961350022,class=914:n04612504.pkl:1;n04612504.pkl:2;n04612504.pkl:4|class=540:n03240683.pkl:11;n03240683.pkl:17;n03240683.pkl:20|class=50:n01698640.pkl:0;n01698640.pkl:1;n01698640.pkl:3
vit,210,210,+,51,24,13,2,0.05458888704600607,0.11100260750238841,0.015141073809983157,0.041162125984931235,0.6328485361590851,0.16452241761207695,class=695:n03874599.pkl:0;n03874599.pkl:2;n03874599.pkl:4|class=196:n02097047.pkl:6;n02097047.pkl:14;n02097047.pkl:16|class=577:n03447721.pkl:0;n03447721.pkl:44;n03447721.pkl:99
vit,211,211,+,15,11,5,2,0.09455181633167202,0.21783803570852167,0.04354151634034662,0.13101229376624776,0.295123482484756,0.6702340227614122,class=29:n01632777.pkl:2;n01632777.pkl:6;n01632777.pkl:8|class=804:n04254120.pkl:2;n04254120.pkl:3;n04254120.pkl:5|class=278:n02119789.pkl:385;n02119789.pkl:428;n02119789.pkl:443
vit,212,212,+,69,37,18,4,0.04722607540586849,0.06985585488885103,0.01298470358270834,0.02091325726904427,0.7872930263627059,0.05208776231225897,class=836:n04355933.pkl:9;n04355933.pkl:18;n04355933.pkl:35|class=826:n04328186.pkl:7;n04328186.pkl:29;n04328186.pkl:38|class=898:n04557648.pkl:3;n04557648.pkl:51;n04557648.pkl:54
vit,213,213,+,65,42,26,12,0.1203899088421041,0.1998797321988231,0.0420295123260406,0.08962929851601993,0.6913340499906501,0.08534914787772738,class=574:n03445777.pkl:5;n03445777.pkl:6;n03445777.pkl:11|class=586:n03478589.pkl:1;n03478589.pkl:3;n03478589.pkl:16|class=973:n09256479.pkl:2;n09256479.pkl:3;n09256479.pkl:6
vit,214,214,+,72,48,31,15,0.09900459990785723,0.14071631767457915,0.033006122777933695,0.0679826133531598,0.7422974815112928,0.07281044294844521,class=353:n02423022.pkl:2;n02423022.pkl:4;n02423022.pkl:6|class=293:n02130308.pkl:0;n02130308.pkl:3;n02130308.pkl:5|class=824:n04325704.pkl:1;n04325704.pkl:2;n04325704.pkl:5
vit,215,215,+,72,38,20,5,0.05473481379730882,0.11404348455243166,0.02137762605750473,0.058978975776892685,0.6433271260788203,0.1196054443723658,class=542:n03250847.pkl:2;n03250847.pkl:4;n03250847.pkl:5|class=603:n03538406.pkl:10;n03538406.pkl:16;n03538406.pkl:27|class=564:n03388549.pkl:9;n03388549.pkl:11;n03388549.pkl:23
vit,216,216,+,87,50,26,3,0.04903996721733619,0.09085518202067175,0.015564737976845587,0.03979604248779265,0.7257929509078717,0.08663523914216348,class=755:n04044716.pkl:4;n04044716.pkl:7;n04044716.pkl:8|class=328:n02319095.pkl:0;n02319095.pkl:1;n02319095.pkl:3|class=133:n02011460.pkl:4;n02011460.pkl:8;n02011460.pkl:12
vit,217,217,+,47,27,18,9,0.12499479942615921,0.2171402715731178,0.05071345888215273,0.10906956628847585,0.6370782790978637,0.11969194764392617,class=946:n07730033.pkl:2;n07730033.pkl:3;n07730033.pkl:5|class=7:n01514668.pkl:0;n01514668.pkl:2;n01514668.pkl:6|class=934:n07697537.pkl:1;n07697537.pkl:3;n07697537.pkl:4
vit,218,218,+,60,37,25,8,0.09740281211326068,0.1526377408467064,0.028054338294153935,0.05688552288329932,0.7065211724997524,0.08519216447088057,class=502:n03047690.pkl:0;n03047690.pkl:4;n03047690.pkl:5|class=342:n02396427.pkl:0;n02396427.pkl:5;n02396427.pkl:6|class=663:n03781244.pkl:15;n03781244.pkl:19;n03781244.pkl:22
vit,219,219,+,113,62,43,16,0.08347830318467361,0.14506589392295235,0.03288125893004142,0.08569911857469752,0.700309563725013,0.0689638019271769,class=254:n02110958.pkl:0;n02110958.pkl:2;n02110958.pkl:3|class=981:n09835506.pkl:0;n09835506.pkl:2;n09835506.pkl:3|class=66:n01753488.pkl:7;n01753488.pkl:10;n01753488.pkl:18
vit,220,220,+,62,33,20,7,0.0727004404392055,0.1282853893665895,0.023300608480269797,0.05130526819356773,0.6827356310289846,0.09432740394222217,class=993:n13037406.pkl:1;n13037406.pkl:10;n13037406.pkl:11|class=366:n02480855.pkl:2;n02480855.pkl:12;n02480855.pkl:16|class=614:n03617480.pkl:7;n03617480.pkl:12;n03617480.pkl:14
vit,221,221,+,44,30,16,9,0.13164163083421046,0.17495883665007647,0.03604530916802217,0.07655879648737192,0.694995356186019,0.1252546880301025,class=172:n02091134.pkl:1;n02091134.pkl:2;n02091134.pkl:3|class=851:n04404412.pkl:16;n04404412.pkl:27;n04404412.pkl:29|class=289:n02128757.pkl:9;n02128757.pkl:13;n02128757.pkl:16
vit,222,222,+,75,48,36,15,0.12655053404537234,0.18226856090596633,0.04293924620531115,0.08332117853200398,0.73733746028426,0.06353760981465457,class=634:n03697007.pkl:3;n03697007.pkl:6;n03697007.pkl:10|class=186:n02094258.pkl:0;n02094258.pkl:3;n02094258.pkl:7|class=477:n02966687.pkl:10;n02966687.pkl:18;n02966687.pkl:23
vit,223,223,+,53,26,14,5,0.06127157582748367,0.14861544313012912,0.02408490605688987,0.0914640279465911,0.5324054437389576,0.2909718852528588,class=17:n01580077.pkl:0;n01580077.pkl:1;n01580077.pkl:4|class=965:n07880968.pkl:3;n07880968.pkl:15;n07880968.pkl:17|class=550:n03297495.pkl:25;n03297495.pkl:34;n03297495.pkl:43
vit,224,224,+,62,35,19,7,0.05667115518605672,0.09909509328322966,0.016658297772018844,0.03206469941269337,0.7375674296100506,0.07588776988102303,class=284:n02123597.pkl:2;n02123597.pkl:18;n02123597.pkl:35|class=474:n02963159.pkl:21;n02963159.pkl:27;n02963159.pkl:36|class=341:n02395406.pkl:15;n02395406.pkl:46;n02395406.pkl:53
vit,225,225,+,82,43,25,8,0.06466513045661383,0.12639035021647085,0.02094448155299254,0.05682151227754097,0.6840141982595818,0.10195298298970332,class=1:n01443537.pkl:0;n01443537.pkl:1;n01443537.pkl:6|class=804:n04254120.pkl:15;n04254120.pkl:37;n04254120.pkl:38|class=551:n03314780.pkl:5;n03314780.pkl:8;n03314780.pkl:13
vit,226,226,+,64,43,24,7,0.10526442462581517,0.18358226410777606,0.04354224304295396,0.10576223021518673,0.6484540313954661,0.10780986653996763,class=286:n02125311.pkl:1;n02125311.pkl:2;n02125311.pkl:3|class=990:n12768682.pkl:0;n12768682.pkl:4;n12768682.pkl:5|class=261:n02112350.pkl:0;n02112350.pkl:6;n02112350.pkl:9
vit,227,227,+,74,41,31,10,0.07946617736253263,0.13271986624426502,0.0251501181400267,0.054091573849790256,0.7301460577737656,0.07602321962938641,class=460:n02894605.pkl:2;n02894605.pkl:4;n02894605.pkl:7|class=628:n03673027.pkl:1;n03673027.pkl:7;n03673027.pkl:9|class=685:n03841143.pkl:0;n03841143.pkl:13;n03841143.pkl:16
vit,228,228,+,57,34,19,10,0.09852611606851906,0.1698992361763558,0.036458778380065365,0.08063766856937439,0.6602303249498621,0.10336550658091215,class=789:n04201297.pkl:0;n04201297.pkl:2;n04201297.pkl:3|class=170:n02090721.pkl:8;n02090721.pkl:12;n02090721.pkl:16|class=302:n02167151.pkl:0;n02167151.pkl:1;n02167151.pkl:3
vit,229,229,+,72,37,21,11,0.08253897326971853,0.1456927631977297,0.027164553808407946,0.06399997019951222,0.678996261806779,0.09098312245550065,class=823:n04317175.pkl:6;n04317175.pkl:7;n04317175.pkl:10|class=91:n01824575.pkl:8;n01824575.pkl:10;n01824575.pkl:12|class=871:n04483307.pkl:2;n04483307.pkl:5;n04483307.pkl:8
vit,230,230,+,61,35,23,5,0.08145859877780982,0.13306100675784271,0.019410192002545106,0.038594138724654684,0.7430429027981756,0.08120511222037963,class=992:n12998815.pkl:2;n12998815.pkl:8;n12998815.pkl:12|class=751:n04037443.pkl:0;n04037443.pkl:24;n04037443.pkl:52|class=233:n02106382.pkl:4;n02106382.pkl:6;n02106382.pkl:22
vit,231,231,+,75,51,25,15,0.0949448472432096,0.1552301687279176,0.035847812837449325,0.07868839592769937,0.6965072475914844,0.07757766185128981,class=343:n02397096.pkl:1;n02397096.pkl:2;n02397096.pkl:3|class=252:n02110627.pkl:0;n02110627.pkl:1;n02110627.pkl:2|class=50:n01698640.pkl:4;n01698640.pkl:5;n01698640.pkl:7
vit,232,232,+,59,36,18,5,0.06637815250304481,0.12296038501980439,0.02127888459579744,0.05462811841109889,0.6682942702467394,0.12865676100474213,class=80:n01795545.pkl:8;n01795545.pkl:9;n01795545.pkl:14|class=605:n03584254.pkl:0;n03584254.pkl:8;n03584254.pkl:14|class=757:n04065272.pkl:29;n04065272.pkl:79;n04065272.pkl:93
vit,233,233,+,93,61,31,14,0.08836932062915472,0.138392229938296,0.02787823667188685,0.05837935147234036,0.7432488788856914,0.05790521625115887,class=41:n01685808.pkl:1;n01685808.pkl:2;n01685808.pkl:4|class=653:n03764736.pkl:3;n03764736.pkl:12;n03764736.pkl:13|class=900:n04562935.pkl:19;n04562935.pkl:21;n04562935.pkl:26
vit,234,234,+,47,23,11,7,0.08487911925505795,0.1593258152724123,0.031852516670641,0.08284106394150993,0.582856860934289,0.1651915667920162,class=245:n02108915.pkl:2;n02108915.pkl:3;n02108915.pkl:5|class=970:n09193705.pkl:3;n09193705.pkl:12;n09193705.pkl:14|class=684:n03840681.pkl:3;n03840681.pkl:7;n03840681.pkl:14
vit,235,235,+,39,25,15,8,0.11082804885979325,0.18134406291596908,0.04378490769866026,0.08226557961705265,0.6643379863341938,0.11615650168663699,class=41:n01685808.pkl:4;n01685808.pkl:5;n01685808.pkl:6|class=68:n01756291.pkl:0;n01756291.pkl:2;n01756291.pkl:9|class=166:n02089867.pkl:1;n02089867.pkl:3;n02089867.pkl:6
vit,236,236,+,57,31,18,5,0.05723903675541299,0.107014985012321,0.019282599632378414,0.04404810143770574,0.6907289386320075,0.10909175503112159,class=460:n02894605.pkl:0;n02894605.pkl:3;n02894605.pkl:14|class=669:n03788365.pkl:3;n03788365.pkl:4;n03788365.pkl:12|class=651:n03761084.pkl:6;n03761084.pkl:21;n03761084.pkl:24
vit,237,237,+,87,49,30,14,0.10601970202178188,0.19408614408925767,0.04802592122451301,0.1301107101203725,0.6397945456806863,0.09585791688473716,class=268:n02113978.pkl:0;n02113978.pkl:1;n02113978.pkl:2|class=21:n01608432.pkl:0;n01608432.pkl:1;n01608432.pkl:2|class=41:n01685808.pkl:0;n01685808.pkl:2;n01685808.pkl:3
vit,238,238,+,67,39,20,11,0.07970918077770639,0.14722402377750346,0.02747654468849258,0.057207097007443135,0.6949599562423762,0.07962485203973156,class=768:n04118538.pkl:6;n04118538.pkl:9;n04118538.pkl:13|class=422:n02790996.pkl:8;n02790996.pkl:13;n02790996.pkl:17|class=696:n03876231.pkl:2;n03876231.pkl:3;n03876231.pkl:6
vit,239,239,+,26,20,7,2,0.08469970773926334,0.11818360598040686,0.018509257044756998,0.03289384990126045,0.7032159613605552,0.1599340724969083,class=123:n01984695.pkl:4;n01984695.pkl:5;n01984695.pkl:10|class=564:n03388549.pkl:20;n03388549.pkl:34;n03388549.pkl:35|class=609:n03594945.pkl:2;n03594945.pkl:10;n03594945.pkl:13
vit,240,240,+,23,13,9,4,0.09437614340872022,0.1540682193872437,0.02441936481260634,0.04513599541657839,0.6516059205799773,0.19202033620299372,class=360:n02444819.pkl:10;n02444819.pkl:19;n02444819.pkl:22|class=493:n03016953.pkl:28;n03016953.pkl:29;n03016953.pkl:45|class=275:n02116738.pkl:4;n02116738.pkl:16;n02116738.pkl:46
vit,241,241,+,76,40,27,12,0.07731387474085605,0.12911704272404814,0.02621083656538417,0.0529552410365473,0.7216980557666623,0.06686633510470935,class=514:n03124043.pkl:1;n03124043.pkl:3;n03124043.pkl:10|class=844:n04372370.pkl:14;n04372370.pkl:17;n04372370.pkl:18|class=712:n03920288.pkl:2;n03920288.pkl:9;n03920288.pkl:16
vit,242,242,+,51,27,15,5,0.06739593721605733,0.1251773333003256,0.02006792973545654,0.04826136998957099,0.6500160863233756,0.133010693973252,class=318:n02264363.pkl:2;n02264363.pkl:3;n02264363.pkl:8|class=808:n04259630.pkl:8;n04259630.pkl:9;n04259630.pkl:15|class=754:n04041544.pkl:3;n04041544.pkl:20;n04041544.pkl:31
vit,243,243,+,41,30,15,5,0.09550170027466447,0.12737755328460332,0.02296640733040584,0.0424422614587213,0.7162369863070508,0.10768680076248176,class=645:n03733131.pkl:14;n03733131.pkl:17;n03733131.pkl:18|class=843:n04371774.pkl:4;n04371774.pkl:5;n04371774.pkl:8|class=598:n03529860.pkl:35;n03529860.pkl:76;n03529860.pkl:83
vit,244,244,+,113,57,39,12,0.06301873559888518,0.13238221050914062,0.027476448060165592,0.0786287033810906,0.682048955618584,0.08132028233655075,class=46:n01693334.pkl:2;n01693334.pkl:3;n01693334.pkl:4|class=970:n09193705.pkl:2;n09193705.pkl:4;n09193705.pkl:7|class=176:n02091831.pkl:1;n02091831.pkl:7;n02091831.pkl:14
vit,245,245,+,21,14,9,5,0.1990444634172308,0.270112959841448,0.06908870966645256,0.12760689375738918,0.6086861340418356,0.21006721491224284,class=299:n02138441.pkl:2;n02138441.pkl:4;n02138441.pkl:9|class=214:n02101006.pkl:0;n02101006.pkl:1;n02101006.pkl:9|class=235:n02106662.pkl:0;n02106662.pkl:12;n02106662.pkl:13
vit,246,246,+,81,55,35,11,0.06878543420452927,0.08903858191449911,0.02048836910214187,0.032789343248257975,0.8070285528279749,0.043965953704803336,class=377:n02490219.pkl:3;n02490219.pkl:6;n02490219.pkl:14|class=788:n04200800.pkl:0;n04200800.pkl:6;n04200800.pkl:19|class=467:n02927161.pkl:1;n02927161.pkl:12;n02927161.pkl:17
vit,247,247,+,28,18,10,3,0.09976655114515241,0.15521559223703793,0.019096894780122702,0.03944845431652474,0.6586529329675143,0.18811129370484392,class=131:n02009229.pkl:7;n02009229.pkl:11;n02009229.pkl:12|class=323:n02279972.pkl:2;n02279972.pkl:8;n02279972.pkl:16|class=739:n03992509.pkl:48;n03992509.pkl:55;n03992509.pkl:64
vit,248,248,+,16,9,4,2,0.09475820307797468,0.22972969760996975,0.049096067713860755,0.15607431015975537,0.2827259541792844,0.6941106537814075,class=142:n02033041.pkl:1;n02033041.pkl:2;n02033041.pkl:3|class=596:n03498962.pkl:26;n03498962.pkl:57;n03498962.pkl:74|class=0:n01440764.pkl:9;n01440764.pkl:75;n01440764.pkl:219
vit,249,249,+,65,24,10,4,0.026706890465656885,0.059514018058163885,0.009119237822659792,0.023651708293489608,0.6870033608562286,0.1188737100162999,class=639:n03710721.pkl:7;n03710721.pkl:11;n03710721.pkl:20|class=705:n03895866.pkl:5;n03895866.pkl:16;n03895866.pkl:20|class=737:n03983396.pkl:72;n03983396.pkl:125;n03983396.pkl:132
vit,250,250,+,78,36,25,7,0.05040373418700213,0.09440627629616281,0.0151720810418906,0.03240122333774225,0.7326305056681294,0.07129116056882867,class=531:n03197337.pkl:0;n03197337.pkl:9;n03197337.pkl:10|class=633:n03692522.pkl:31;n03692522.pkl:34;n03692522.pkl:39|class=804:n04254120.pkl:0;n04254120.pkl:1;n04254120.pkl:19
vit,251,251,+,39,26,17,9,0.15905972454939438,0.24858085653493658,0.0850839478960881,0.20310750010662915,0.5786116001594929,0.17175509916174558,class=820:n04310018.pkl:0;n04310018.pkl:2;n04310018.pkl:3|class=927:n07613480.pkl:0;n07613480.pkl:1;n07613480.pkl:2|class=44:n01689811.pkl:0;n01689811.pkl:1;n01689811.pkl:2
vit,252,252,+,14,5,3,1,0.10292023029159914,0.1591291815692295,0.01888950832349209,0.04628990494440021,0.4461846753477623,0.5003751762699948,class=604:n03544143.pkl:0;n03544143.pkl:18;n03544143.pkl:19|class=137:n02018207.pkl:6;n02018207.pkl:64;n02018207.pkl:82|class=674:n03794056.pkl:2;n03794056.pkl:43;n03794056.pkl:65
vit,253,253,+,48,31,20,8,0.11905233512588942,0.19849184107243742,0.043956269609658226,0.13576404236098025,0.5793451339525717,0.2195739471286527,class=83:n01798484.pkl:0;n01798484.pkl:1;n01798484.pkl:2|class=191:n02096051.pkl:0;n02096051.pkl:2;n02096051.pkl:4|class=640:n03717622.pkl:1;n03717622.pkl:11;n03717622.pkl:18
vit,254,254,+,42,27,20,7,0.11676400856245074,0.18114772426234715,0.04894291057132799,0.1357950246111555,0.6048405694062574,0.20709955302831404,class=276:n02117135.pkl:0;n02117135.pkl:1;n02117135.pkl:2|class=466:n02917067.pkl:0;n02917067.pkl:5;n02917067.pkl:9|class=252:n02110627.pkl:6;n02110627.pkl:8;n02110627.pkl:13
vit,255,255,+,69,29,20,4,0.05307058982550159,0.0963384400441011,0.016404589352692636,0.041190535268329456,0.6915170304990573,0.10586515812822314,class=482:n02979186.pkl:1;n02979186.pkl:5;n02979186.pkl:23|class=802:n04252077.pkl:14;n04252077.pkl:15;n04252077.pkl:30|class=643:n03724870.pkl:12;n03724870.pkl:21;n03724870.pkl:56
vit,256,256,+,74,44,23,7,0.06429159473896866,0.11677903668879674,0.021427965401507966,0.055443736917114156,0.6792748568207593,0.10398493115550445,class=635:n03706229.pkl:4;n03706229.pkl:6;n03706229.pkl:11|class=616:n03627232.pkl:0;n03627232.pkl:2;n03627232.pkl:4|class=699:n03884397.pkl:1;n03884397.pkl:4;n03884397.pkl:5
vit,257,257,+,39,28,17,10,0.15710183448374368,0.22638731363071826,0.05811836998198412,0.13409913250549615,0.6328906201192007,0.16214977223871496,class=142:n02033041.pkl:0;n02033041.pkl:2;n02033041.pkl:3|class=592:n03492542.pkl:1;n03492542.pkl:2;n03492542.pkl:6|class=635:n03706229.pkl:2;n03706229.pkl:5;n03706229.pkl:12
vit,258,258,+,58,33,18,7,0.06683574639682069,0.1283975134744433,0.022141651407407825,0.06919469709005997,0.6156157491324727,0.18562413520538656,class=432:n02804610.pkl:3;n02804610.pkl:4;n02804610.pkl:8|class=670:n03791053.pkl:5;n03791053.pkl:7;n03791053.pkl:8|class=8:n01514859.pkl:3;n01514859.pkl:41;n01514859.pkl:45
vit,260,260,+,78,49,33,13,0.08668334071617285,0.12773701973739685,0.02698357574897645,0.04704375698880014,0.7719062087906642,0.05178871708635398,class=736:n03982430.pkl:1;n03982430.pkl:8;n03982430.pkl:9|class=51:n01704323.pkl:9;n01704323.pkl:17;n01704323.pkl:19|class=942:n07717556.pkl:6;n07717556.pkl:20;n07717556.pkl:22
vit,261,261,+,110,58,40,14,0.057352710224617125,0.09907271343017493,0.020107469644614472,0.03830089429488506,0.7773342278274931,0.04207543910862477,class=781:n04149813.pkl:0;n04149813.pkl:1;n04149813.pkl:5|class=724:n03947888.pkl:1;n03947888.pkl:2;n03947888.pkl:4|class=590:n03485407.pkl:2;n03485407.pkl:4;n03485407.pkl:22
vit,262,262,+,72,44,17,7,0.07071746684167904,0.13614218509239398,0.02334733652944944,0.06664183262882356,0.6567688990601158,0.1270472581138276,class=382:n02494079.pkl:0;n02494079.pkl:1;n02494079.pkl:2|class=233:n02106382.pkl:8;n02106382.pkl:19;n02106382.pkl:20|class=449:n02859443.pkl:4;n02859443.pkl:8;n02859443.pkl:19
vit,263,263,+,55,34,21,6,0.09315327216797885,0.16993408393332768,0.032109189105267825,0.08768596550059786,0.6103907101159053,0.1537752995211539,class=155:n02086240.pkl:0;n02086240.pkl:2;n02086240.pkl:3|class=67:n01755581.pkl:1;n01755581.pkl:5;n01755581.pkl:13|class=86:n01807496.pkl:0;n01807496.pkl:1;n01807496.pkl:2
vit,264,264,+,54,39,23,9,0.1074580625308463,0.169036570499815,0.03331072024772868,0.06195230426735519,0.727442725040486,0.08257353132921456,class=241:n02108000.pkl:4;n02108000.pkl:9;n02108000.pkl:11|class=5:n01496331.pkl:0;n01496331.pkl:3;n01496331.pkl:4|class=339:n02389026.pkl:0;n02389026.pkl:8;n02389026.pkl:11
vit,265,265,+,83,39,20,7,0.04945134973115941,0.10597485160982496,0.014071016519324634,0.031209255686060342,0.7176383302964573,0.0713185826878403,class=533:n03207743.pkl:0;n03207743.pkl:3;n03207743.pkl:4|class=322:n02277742.pkl:5;n02277742.pkl:6;n02277742.pkl:15|class=393:n02607072.pkl:26;n02607072.pkl:40;n02607072.pkl:42
vit,266,266,+,35,20,8,6,0.10742123433277635,0.19599052392641478,0.037246048645701364,0.09420514691531993,0.5511415342011192,0.2113481175444016,class=796:n04229816.pkl:2;n04229816.pkl:3;n04229816.pkl:5|class=150:n02077923.pkl:0;n02077923.pkl:1;n02077923.pkl:9|class=512:n03109150.pkl:2;n03109150.pkl:6;n03109150.pkl:7
vit,267,267,+,68,37,23,7,0.07322706861892882,0.13070397823038934,0.02490778472063581,0.06133398650296109,0.6750519487722176,0.10387680637765807,class=164:n02088632.pkl:0;n02088632.pkl:4;n02088632.pkl:6|class=404:n02690373.pkl:3;n02690373.pkl:4;n02690373.pkl:10|class=689:n03866082.pkl:13;n03866082.pkl:15;n03866082.pkl:21
vit,268,268,+,65,39,21,5,0.06624039922550577,0.12568582769797093,0.02108516929298276,0.06511413352214392,0.6295702850806713,0.1621024775420215,class=346:n02408429.pkl:2;n02408429.pkl:3;n02408429.pkl:4|class=345:n02403003.pkl:0;n02403003.pkl:1;n02403003.pkl:2|class=793:n04209133.pkl:6;n04209133.pkl:48;n04209133.pkl:52
vit,269,269,+,44,25,12,3,0.0658646111165934,0.13591410410761873,0.020460052869419435,0.06462120711780643,0.5648884027552098,0.24944420317472218,class=605:n03584254.pkl:1;n03584254.pkl:2;n03584254.pkl:3|class=36:n01667778.pkl:8;n01667778.pkl:21;n01667778.pkl:23|class=459:n02892767.pkl:24;n02892767.pkl:28;n02892767.pkl:33
vit,270,270,+,67,40,29,15,0.1333176694001951,0.22224217563394025,0.0605555956117567,0.1335555805949505,0.6799977301441602,0.08752605780155032,class=70:n01770081.pkl:1;n01770081.pkl:2;n01770081.pkl:3|class=113:n01944390.pkl:0;n01944390.pkl:4;n01944390.pkl:7|class=278:n02119789.pkl:0;n02119789.pkl:3;n02119789.pkl:13
vit,271,271,+,69,40,24,9,0.07227719823893579,0.11654393085304095,0.018843580695779936,0.0351798935368171,0.754295523498724,0.06500690801561763,class=42:n01687978.pkl:1;n01687978.pkl:12;n01687978.pkl:26|class=997:n13054560.pkl:10;n13054560.pkl:12;n13054560.pkl:17|class=387:n02509815.pkl:11;n02509815.pkl:28;n02509815.pkl:41
vit,272,272,+,83,48,30,12,0.0911614006549275,0.15891619364536325,0.03314938836684465,0.07086912728752387,0.7089288137663328,0.06711438386953941,class=669:n03788365.pkl:3;n03788365.pkl:10;n03788365.pkl:20|class=119:n01978455.pkl:1;n01978455.pkl:2;n01978455.pkl:4|class=194:n02096437.pkl:0;n02096437.pkl:4;n02096437.pkl:5
vit,273,273,+,81,38,27,6,0.05898554009504482,0.11369861616963262,0.019684674629771217,0.057135087431415044,0.6772717261544761,0.11635309156936892,class=957:n07768694.pkl:7;n07768694.pkl:9;n07768694.pkl:12|class=753:n04040759.pkl:8;n04040759.pkl:12;n04040759.pkl:13|class=787:n04192698.pkl:0;n04192698.pkl:3;n04192698.pkl:10
vit,274,274,+,84,54,35,15,0.1081021876396166,0.17454363986813695,0.03693091242301919,0.08430145438815806,0.7056971981452407,0.07393604625925052,class=65:n01751748.pkl:0;n01751748.pkl:3;n01751748.pkl:4|class=201:n02097658.pkl:4;n02097658.pkl:5;n02097658.pkl:13|class=276:n02117135.pkl:2;n02117135.pkl:6;n02117135.pkl:10
vit,275,275,+,81,39,23,11,0.08857645894701469,0.17137891001536937,0.03748325504815773,0.0976514764674529,0.6394389916104447,0.09613680244987298,class=561:n03384352.pkl:0;n03384352.pkl:1;n03384352.pkl:2|class=992:n12998815.pkl:1;n12998815.pkl:2;n12998815.pkl:5|class=167:n02089973.pkl:3;n02089973.pkl:6;n02089973.pkl:10
vit,276,276,+,76,49,32,15,0.11077715138956949,0.17917125286667693,0.042824877248463955,0.09047499116471565,0.7037411366064589,0.07188671175298107,class=976:n09399592.pkl:1;n09399592.pkl:4;n09399592.pkl:7|class=712:n03920288.pkl:1;n03920288.pkl:3;n03920288.pkl:5|class=388:n02510455.pkl:1;n02510455.pkl:2;n02510455.pkl:3
vit,277,277,+,34,10,5,3,0.04093777078167614,0.09607378389781521,0.013737105829736102,0.03377834916824124,0.5609759807266941,0.20724275063082723,class=153:n02085936.pkl:4;n02085936.pkl:7;n02085936.pkl:8|class=40:n01682714.pkl:0;n01682714.pkl:24;n01682714.pkl:38|class=259:n02112018.pkl:0;n02112018.pkl:6;n02112018.pkl:11
vit,278,278,+,32,19,12,5,0.11526946853078925,0.16220593427708768,0.026657088641702673,0.0443841220687836,0.7134714132619988,0.11788230248383721,class=247:n02109525.pkl:10;n02109525.pkl:30;n02109525.pkl:32|class=253:n02110806.pkl:3;n02110806.pkl:16;n02110806.pkl:20|class=761:n04074963.pkl:2;n04074963.pkl:16;n04074963.pkl:21
vit,279,279,+,183,106,76,37,0.09244930065818013,0.17056046773824463,0.04648937421249264,0.10800294039594391,0.7426696291044387,0.03495705424727309,class=992:n12998815.pkl:0;n12998815.pkl:1;n12998815.pkl:2|class=72:n01773157.pkl:1;n01773157.pkl:2;n01773157.pkl:4|class=995:n13044778.pkl:6;n13044778.pkl:7;n13044778.pkl:8
vit,280,280,+,66,39,28,11,0.10433323994747969,0.16680121590906746,0.03503656450666171,0.07193027134680083,0.7067799345100004,0.07901262054186557,class=925:n07584110.pkl:5;n07584110.pkl:27;n07584110.pkl:28|class=392:n02606052.pkl:0;n02606052.pkl:1;n02606052.pkl:3|class=888:n04532670.pkl:3;n04532670.pkl:6;n04532670.pkl:15
vit,281,281,+,80,63,42,16,0.13136579680840138,0.16560812798115931,0.04198684126066024,0.09133108367644861,0.7336822305906872,0.07164538023450345,class=91:n01824575.pkl:0;n01824575.pkl:6;n01824575.pkl:7|class=210:n02100236.pkl:0;n02100236.pkl:1;n02100236.pkl:2|class=672:n03792972.pkl:2;n03792972.pkl:5;n03792972.pkl:7
vit,282,282,+,85,50,28,10,0.07164366344345556,0.12212361218156777,0.022584048625612467,0.05532907996531058,0.7103800509148652,0.08237765844050074,class=583:n03467068.pkl:2;n03467068.pkl:4;n03467068.pkl:10|class=978:n09428293.pkl:1;n09428293.pkl:2;n09428293.pkl:6|class=477:n02966687.pkl:23;n02966687.pkl:26;n02966687.pkl:31
vit,283,283,+,86,49,23,7,0.06404487835306802,0.11851659577447736,0.020742031887657046,0.05138688649116118,0.6899218521743924,0.08299591301799182,class=940:n07716906.pkl:3;n07716906.pkl:10;n07716906.pkl:12|class=533:n03207743.pkl:9;n03207743.pkl:10;n03207743.pkl:14|class=102:n01872401.pkl:7;n01872401.pkl:12;n01872401.pkl:17
vit,284,284,+,43,24,13,3,0.07223926194904097,0.13072839548759685,0.02340337144134675,0.061963226855327055,0.598466962179666,0.1862765111855821,class=87:n01817953.pkl:4;n01817953.pkl:7;n01817953.pkl:9|class=291:n02129165.pkl:2;n02129165.pkl:3;n02129165.pkl:10|class=549:n03291819.pkl:1;n03291819.pkl:3;n03291819.pkl:18
vit,285,285,+,38,21,13,5,0.10003536127112223,0.18312653708219123,0.03478820606512365,0.08319540631033974,0.6006666894486397,0.17682082470278343,class=299:n02138441.pkl:0;n02138441.pkl:1;n02138441.pkl:7|class=513:n03110669.pkl:3;n03110669.pkl:14;n03110669.pkl:20|class=683:n03838899.pkl:0;n03838899.pkl:3;n03838899.pkl:7
vit,286,286,+,60,36,17,6,0.05655144820738704,0.09377665332101046,0.016680927000814035,0.03039284364013072,0.748463600308194,0.07199544201433858,class=230:n02105855.pkl:7;n02105855.pkl:9;n02105855.pkl:20|class=7:n01514668.pkl:0;n01514668.pkl:3;n01514668.pkl:16|class=542:n03250847.pkl:1;n03250847.pkl:4;n03250847.pkl:15
vit,287,287,+,68,36,19,7,0.06501811871061093,0.1449516056287746,0.027281889828784666,0.09517765352926238,0.568596484081468,0.19368904302773043,class=247:n02109525.pkl:1;n02109525.pkl:2;n02109525.pkl:4|class=953:n07753275.pkl:0;n07753275.pkl:1;n07753275.pkl:2|class=301:n02165456.pkl:3;n02165456.pkl:7;n02165456.pkl:26
vit,288,288,+,73,42,20,9,0.058529605297472725,0.08604600154192668,0.017092426044111146,0.03065916417015129,0.7671365451553307,0.05777342938520808,class=794:n04209239.pkl:4;n04209239.pkl:5;n04209239.pkl:19|class=756:n04049303.pkl:26;n04049303.pkl:32;n04049303.pkl:53|class=744:n04008634.pkl:30;n04008634.pkl:117;n04008634.pkl:142
vit,289,289,+,55,31,14,4,0.057911724997064866,0.10634133203957744,0.017505628825892957,0.04220690136580411,0.6770885664441519,0.12387544914024,class=443:n02834397.pkl:5;n02834397.pkl:10;n02834397.pkl:16|class=129:n02006656.pkl:18;n02006656.pkl:20;n02006656.pkl:21|class=629:n03676483.pkl:2;n03676483.pkl:6;n03676483.pkl:21
vit,290,290,+,33,24,14,7,0.11285677675667011,0.14577629775352505,0.028094929223006992,0.056141110258622645,0.6800464445906196,0.15130492468041074,class=650:n03759954.pkl:0;n03759954.pkl:1;n03759954.pkl:6|class=625:n03662601.pkl:14;n03662601.pkl:25;n03662601.pkl:38|class=571:n03425413.pkl:18;n03425413.pkl:27;n03425413.pkl:29
vit,291,291,+,110,65,43,18,0.07704003311426492,0.13524943554952143,0.030326046526803416,0.07093224903206055,0.7304390078834655,0.05882603036228666,class=441:n02823750.pkl:0;n02823750.pkl:3;n02823750.pkl:5|class=151:n02085620.pkl:1;n02085620.pkl:4;n02085620.pkl:6|class=946:n07730033.pkl:3;n07730033.pkl:9;n07730033.pkl:14
vit,293,293,+,46,31,16,12,0.13827705367342646,0.20110435309272168,0.05196773299549492,0.0985230379845884,0.6787148917250778,0.0998749576779313,class=179:n02093256.pkl:2;n02093256.pkl:3;n02093256.pkl:4|class=149:n02074367.pkl:4;n02074367.pkl:6;n02074367.pkl:7|class=788:n04200800.pkl:3;n04200800.pkl:15;n04200800.pkl:17
vit,294,294,+,57,39,16,4,0.0734938973835416,0.11123475773408087,0.0163579031155204,0.037922901423112707,0.699900870664862,0.11183545751615574,class=683:n03838899.pkl:0;n03838899.pkl:6;n03838899.pkl:11|class=172:n02091134.pkl:4;n02091134.pkl:5;n02091134.pkl:7|class=751:n04037443.pkl:5;n04037443.pkl:9;n04037443.pkl:54
vit,295,295,+,67,38,28,5,0.06292098123410511,0.09198508574022553,0.018479683459347456,0.037308046492413115,0.7696556586872824,0.07575864288672363,class=766:n04111531.pkl:5;n04111531.pkl:7;n04111531.pkl:11|class=580:n03457902.pkl:4;n03457902.pkl:12;n03457902.pkl:14|class=725:n03950228.pkl:12;n03950228.pkl:49;n03950228.pkl:115
vit,296,296,+,47,27,13,3,0.05969252440972858,0.09108350281903035,0.011411459868113968,0.01647692626208164,0.8060314550660325,0.06563461282557723,class=333:n02342885.pkl:16;n02342885.pkl:22;n02342885.pkl:72|class=364:n02457408.pkl:1;n02457408.pkl:41;n02457408.pkl:47|class=266:n02113712.pkl:17;n02113712.pkl:23;n02113712.pkl:65
vit,297,297,+,37,25,13,5,0.12058211814468124,0.18056586763302176,0.030454132716434268,0.07768984702569058,0.6178537936989864,0.20291426801431825,class=294:n02132136.pkl:1;n02132136.pkl:3;n02132136.pkl:4|class=702:n03888605.pkl:1;n03888605.pkl:2;n03888605.pkl:16|class=329:n02321529.pkl:0;n02321529.pkl:13;n02321529.pkl:28
vit,298,298,+,94,50,27,10,0.053282952352402366,0.09012035558489835,0.015588382868789595,0.029329269000038318,0.7605536294627172,0.04829761978719371,class=844:n04372370.pkl:16;n04372370.pkl:27;n04372370.pkl:31|class=598:n03529860.pkl:10;n03529860.pkl:11;n03529860.pkl:36|class=791:n04204347.pkl:0;n04204347.pkl:7;n04204347.pkl:48
vit,299,299,+,105,64,34,13,0.06689672883243879,0.10744332078679857,0.02140454001908612,0.04135639205338851,0.7716854790523988,0.04507745927268728,class=775:n04136333.pkl:0;n04136333.pkl:4;n04136333.pkl:8|class=891:n04542943.pkl:8;n04542943.pkl:17;n04542943.pkl:22|class=1:n01443537.pkl:10;n01443537.pkl:31;n01443537.pkl:34
vit,300,300,+,21,14,9,3,0.12209470832874328,0.1711864806229184,0.03581632984702942,0.07910124284919229,0.5722048867634416,0.27988478932696725,class=23:n01616318.pkl:3;n01616318.pkl:4;n01616318.pkl:5|class=891:n04542943.pkl:6;n04542943.pkl:21;n04542943.pkl:24|class=115:n01950731.pkl:1;n01950731.pkl:3;n01950731.pkl:14
vit,301,301,+,97,54,36,15,0.07739478026260467,0.1349543743370352,0.03009109858014905,0.070585289126828,0.7193349215291331,0.06703507121283685,class=382:n02494079.pkl:1;n02494079.pkl:2;n02494079.pkl:3|class=380:n02493509.pkl:1;n02493509.pkl:2;n02493509.pkl:14|class=173:n02091244.pkl:0;n02091244.pkl:1;n02091244.pkl:5
vit,302,302,+,73,42,25,8,0.06663686655899391,0.11643402068790909,0.023116865561159217,0.05558944016103702,0.7068149373200048,0.0929129770217434,class=125:n01986214.pkl:1;n01986214.pkl:9;n01986214.pkl:14|class=858:n04435653.pkl:2;n04435653.pkl:6;n04435653.pkl:8|class=535:n03208938.pkl:5;n03208938.pkl:14;n03208938.pkl:38
vit,303,303,+,58,31,16,3,0.04988672115360387,0.10275514980035329,0.014714543813838165,0.037373162592265315,0.6872104809973545,0.12846527489528173,class=117:n01968897.pkl:5;n01968897.pkl:7;n01968897.pkl:14|class=757:n04065272.pkl:3;n04065272.pkl:4;n04065272.pkl:8|class=532:n03201208.pkl:10;n03201208.pkl:20;n03201208.pkl:63
vit,304,304,+,57,27,12,2,0.04442023436227044,0.11002679192314513,0.01368153545784588,0.04546563800562034,0.5767170134691607,0.21128508547842048,class=485:n02988304.pkl:2;n02988304.pkl:3;n02988304.pkl:4|class=343:n02397096.pkl:11;n02397096.pkl:16;n02397096.pkl:18|class=683:n03838899.pkl:47;n03838899.pkl:51;n03838899.pkl:63
vit,305,305,+,57,30,15,3,0.061333981468197796,0.10781481003357325,0.01765772839307383,0.05987937586039873,0.6057513236129551,0.21929221800973633,class=734:n03977966.pkl:2;n03977966.pkl:3;n03977966.pkl:6|class=839:n04366367.pkl:10;n04366367.pkl:11;n04366367.pkl:14|class=977:n09421951.pkl:21;n09421951.pkl:26;n09421951.pkl:38
vit,306,306,+,65,34,17,7,0.06993204763498685,0.14918217839361222,0.024604669896723677,0.07377227909906547,0.5940968192186542,0.1536896402369737,class=147:n02066245.pkl:0;n02066245.pkl:1;n02066245.pkl:2|class=607:n03590841.pkl:2;n03590841.pkl:8;n03590841.pkl:9|class=864:n04461696.pkl:3;n04461696.pkl:5;n04461696.pkl:6
vit,307,307,+,47,27,16,5,0.08999617402294807,0.1768210599039821,0.037779795772146525,0.11682234172889594,0.5589905395691235,0.22471584536223774,class=11:n01531178.pkl:0;n01531178.pkl:1;n01531178.pkl:2|class=496:n03026506.pkl:3;n03026506.pkl:6;n03026506.pkl:18|class=202:n02098105.pkl:3;n02098105.pkl:5;n02098105.pkl:16
vit,308,308,+,72,40,18,4,0.05161922602463267,0.10986370508399271,0.019024961539289113,0.07234494631218305,0.5926507549524387,0.21472246706130949,class=862:n04456115.pkl:0;n04456115.pkl:3;n04456115.pkl:4|class=679:n03814906.pkl:8;n03814906.pkl:17;n03814906.pkl:35|class=588:n03482405.pkl:4;n03482405.pkl:20;n03482405.pkl:21
vit,309,309,+,34,18,12,4,0.10110327249817766,0.17575424240484275,0.032990993426336095,0.09173327326573963,0.5324272462241454,0.25680842257279496,class=936:n07714571.pkl:2;n07714571.pkl:3;n07714571.pkl:7|class=953:n07753275.pkl:2;n07753275.pkl:8;n07753275.pkl:9|class=950:n07747607.pkl:2;n07747607.pkl:9;n07747607.pkl:34
vit,310,310,+,72,42,25,16,0.11434256871427056,0.19290974918325574,0.047676000118861944,0.1110017124038792,0.6642816585483946,0.08917714477012671,class=211:n02100583.pkl:0;n02100583.pkl:2;n02100583.pkl:3|class=798:n04238763.pkl:1;n04238763.pkl:6;n04238763.pkl:7|class=404:n02690373.pkl:4;n02690373.pkl:5;n02690373.pkl:6
vit,311,311,+,26,16,8,0,0.04810895825637876,0.05910980577138042,0.007199920820359885,0.00885436086001608,0.8177556622758616,0.09662974137729656,class=268:n02113978.pkl:50;n02113978.pkl:70;n02113978.pkl:90|class=958:n07802026.pkl:3;n07802026.pkl:32;n07802026.pkl:87|class=260:n02112137.pkl:100;n02112137.pkl:309;n02112137.pkl:399
vit,312,312,+,21,16,11,5,0.19784643225991647,0.28388948486182264,0.0935503703157572,0.21733087470301174,0.5202107096841069,0.3046187019380038,class=145:n02056570.pkl:0;n02056570.pkl:1;n02056570.pkl:2|class=335:n02356798.pkl:2;n02356798.pkl:7;n02356798.pkl:8|class=358:n02443114.pkl:1;n02443114.pkl:5;n02443114.pkl:8
vit,313,313,+,22,13,10,2,0.08779602404493679,0.15025685471370195,0.018374779513388957,0.035381886608054705,0.6427772437989866,0.21399145221224897,class=548:n03290653.pkl:0;n03290653.pkl:1;n03290653.pkl:4|class=401:n02672831.pkl:6;n02672831.pkl:7;n02672831.pkl:22|class=575:n03445924.pkl:3;n03445924.pkl:82;n03445924.pkl:92
vit,314,314,+,37,23,13,3,0.07568797676438917,0.1295644787073564,0.01985435555241354,0.045790830271451456,0.6572599225181177,0.17078890001170657,class=359:n02443484.pkl:3;n02443484.pkl:4;n02443484.pkl:8|class=110:n01924916.pkl:3;n01924916.pkl:40;n01924916.pkl:42|class=48:n01695060.pkl:3;n01695060.pkl:25;n01695060.pkl:29
vit,315,315,+,52,22,9,3,0.041355922775909236,0.0787978520323865,0.011450356934785558,0.029940187346436345,0.6657165358139726,0.1507131725262611,class=265:n02113624.pkl:11;n02113624.pkl:18;n02113624.pkl:24|class=207:n02099601.pkl:6;n02099601.pkl:8;n02099601.pkl:14|class=944:n07718747.pkl:15;n07718747.pkl:17;n07718747.pkl:45
vit,316,316,+,56,29,18,9,0.07435639942666618,0.12502225361836636,0.020269067586655937,0.0392073190599746,0.7317784577872182,0.0846728739982457,class=497:n03028079.pkl:11;n03028079.pkl:12;n03028079.pkl:13|class=570:n03424325.pkl:0;n03424325.pkl:10;n03424325.pkl:12|class=702:n03888605.pkl:20;n03888605.pkl:48;n03888605.pkl:53
vit,317,317,+,51,18,9,1,0.023799182108660735,0.042966983035814865,0.006304404725290697,0.011973178270643911,0.755765786840107,0.09033082279409563,class=894:n04550184.pkl:4;n04550184.pkl:28;n04550184.pkl:49|class=596:n03498962.pkl:52;n03498962.pkl:76;n03498962.pkl:94|class=74:n01773797.pkl:71;n01773797.pkl:79;n01773797.pkl:155
vit,318,318,+,64,29,17,3,0.04357352599287067,0.08896948141879019,0.011476528940700594,0.02354795754864555,0.7363193368363962,0.08140674684349856,class=588:n03482405.pkl:3;n03482405.pkl:13;n03482405.pkl:15|class=11:n01531178.pkl:9;n01531178.pkl:11;n01531178.pkl:12|class=180:n02093428.pkl:33;n02093428.pkl:41;n02093428.pkl:49
vit,320,320,+,62,36,21,13,0.08750523175612761,0.14628469039000838,0.03643145672535532,0.09511915477473255,0.6644246117659783,0.1260780114287996,class=267:n02113799.pkl:1;n02113799.pkl:2;n02113799.pkl:6|class=12:n01532829.pkl:1;n01532829.pkl:3;n01532829.pkl:6|class=455:n02877765.pkl:10;n02877765.pkl:11;n02877765.pkl:14
vit,321,321,+,72,47,27,12,0.09723675118184914,0.15589102176899552,0.034209832185354574,0.0667371812187428,0.7227258461881625,0.06674574582263929,class=530:n03196217.pkl:0;n03196217.pkl:7;n03196217.pkl:10|class=996:n13052670.pkl:4;n13052670.pkl:8;n13052670.pkl:12|class=148:n02071294.pkl:1;n02071294.pkl:2;n02071294.pkl:3
vit,322,322,+,95,48,30,11,0.06898160509344319,0.14313829353357815,0.029051629277927735,0.07661741719011957,0.6779117705179049,0.08373968999879959,class=807:n04258138.pkl:0;n04258138.pkl:2;n04258138.pkl:3|class=350:n02417914.pkl:0;n02417914.pkl:1;n02417914.pkl:3|class=342:n02396427.pkl:8;n02396427.pkl:22;n02396427.pkl:25
vit,323,323,+,26,16,8,3,0.10092925846574155,0.17499681275493015,0.02963386614457264,0.06472751433306735,0.5994521414869727,0.22195807922243557,class=17:n01580077.pkl:2;n01580077.pkl:3;n01580077.pkl:7|class=992:n12998815.pkl:16;n12998815.pkl:23;n12998815.pkl:37|class=739:n03992509.pkl:10;n03992509.pkl:18;n03992509.pkl:19
vit,324,324,+,19,12,7,4,0.16684194498126606,0.238966370866344,0.0697134748962988,0.16292983651279414,0.5129360578765133,0.34011591116438844,class=573:n03444034.pkl:0;n03444034.pkl:2;n03444034.pkl:3|class=156:n02086646.pkl:2;n02086646.pkl:5;n02086646.pkl:7|class=702:n03888605.pkl:13;n03888605.pkl:16;n03888605.pkl:17
vit,325,325,+,28,16,9,1,0.07011682257203655,0.11999663002312162,0.014035530909420476,0.03800362122509501,0.5997278745244685,0.29755322958963304,class=201:n02097658.pkl:6;n02097658.pkl:15;n02097658.pkl:19|class=223:n02104365.pkl:18;n02104365.pkl:43;n02104365.pkl:101|class=692:n03871628.pkl:12;n03871628.pkl:75;n03871628.pkl:91
vit,326,326,+,83,43,19,10,0.06686885954431901,0.12957333617401595,0.01907034627654647,0.04154775262824427,0.7044144017622432,0.06923552325771055,class=495:n03018349.pkl:4;n03018349.pkl:6;n03018349.pkl:8|class=488:n02999410.pkl:18;n02999410.pkl:21;n02999410.pkl:30|class=718:n03933933.pkl:2;n03933933.pkl:28;n03933933.pkl:30
vit,327,327,+,98,55,34,12,0.0746934489262573,0.1426293791865306,0.026375317965372798,0.072104766496207,0.6981569805054303,0.08646577878452005,class=360:n02444819.pkl:0;n02444819.pkl:3;n02444819.pkl:4|class=317:n02259212.pkl:0;n02259212.pkl:2;n02259212.pkl:4|class=416:n02777292.pkl:0;n02777292.pkl:1;n02777292.pkl:22
vit,329,329,+,85,58,29,13,0.09840223776176556,0.1626014372563355,0.03290465437839873,0.07906772202374661,0.6932287041126619,0.07969521365608599,class=66:n01753488.pkl:5;n01753488.pkl:6;n01753488.pkl:7|class=102:n01872401.pkl:0;n01872401.pkl:1;n01872401.pkl:7|class=564:n03388549.pkl:0;n03388549.pkl:3;n03388549.pkl:4
vit,330,330,+,115,74,52,25,0.10633126679342295,0.17671692406383768,0.045979508203961995,0.11213665213149421,0.7265865950155729,0.060416863556677323,class=639:n03710721.pkl:0;n03710721.pkl:1;n03710721.pkl:2|class=881:n04515003.pkl:3;n04515003.pkl:4;n04515003.pkl:5|class=857:n04429376.pkl:2;n04429376.pkl:3;n04429376.pkl:4
vit,331,331,+,65,43,24,10,0.09319013696598384,0.14490721094319634,0.03296488136129747,0.08994604575313195,0.6768942630534067,0.12992213135102523,class=98:n01855032.pkl:0;n01855032.pkl:1;n01855032.pkl:2|class=417:n02782093.pkl:7;n02782093.pkl:15;n02782093.pkl:17|class=828:n04332243.pkl:13;n04332243.pkl:14;n04332243.pkl:25
vit,332,332,+,32,20,12,6,0.11104278195015835,0.1599529393302716,0.03440174636190864,0.06872050320488779,0.6534272275778261,0.15594863641574194,class=42:n01687978.pkl:1;n01687978.pkl:5;n01687978.pkl:10|class=845:n04376876.pkl:3;n04376876.pkl:8;n04376876.pkl:10|class=362:n02447366.pkl:0;n02447366.pkl:2;n02447366.pkl:6
vit,333,333,+,80,42,23,5,0.04933357187405067,0.09478642425558231,0.01423123474324886,0.033757869445847,0.7230490246222333,0.08283555307223761,class=750:n04033995.pkl:23;n04033995.pkl:25;n04033995.pkl:38|class=345:n02403003.pkl:1;n02403003.pkl:4;n02403003.pkl:5|class=520:n03131574.pkl:3;n03131574.pkl:25;n03131574.pkl:31
vit,334,334,+,62,32,14,2,0.031605696688331485,0.0461544293897772,0.008300787323315935,0.014423977098248518,0.7905792764089566,0.06483024602681797,class=702:n03888605.pkl:3;n03888605.pkl:14;n03888605.pkl:36|class=400:n02669723.pkl:16;n02669723.pkl:32;n02669723.pkl:36|class=457:n02883205.pkl:1;n02883205.pkl:9;n02883205.pkl:108
vit,335,335,+,50,25,13,4,0.05260347594697112,0.10669145610914123,0.016632391404537983,0.0504068348511425,0.6092050294299187,0.20369589808907002,class=263:n02113023.pkl:1;n02113023.pkl:2;n02113023.pkl:6|class=884:n04523525.pkl:2;n04523525.pkl:17;n04523525.pkl:33|class=761:n04074963.pkl:24;n04074963.pkl:27;n04074963.pkl:49
vit,336,336,+,63,41,25,8,0.07469363511095305,0.13481012783556387,0.02638782397908199,0.08326855293939457,0.6356251038964723,0.17393023205686708,class=149:n02074367.pkl:0;n02074367.pkl:1;n02074367.pkl:2|class=379:n02492660.pkl:15;n02492660.pkl:19;n02492660.pkl:20|class=608:n03594734.pkl:5;n03594734.pkl:18;n03594734.pkl:20
vit,337,337,+,61,32,19,8,0.07049656638197956,0.135464742184091,0.02411038284352464,0.057875505568864845,0.6634123543903537,0.11085422701603727,class=705:n03895866.pkl:0;n03895866.pkl:1;n03895866.pkl:4|class=881:n04515003.pkl:4;n04515003.pkl:10;n04515003.pkl:14|class=841:n04370456.pkl:5;n04370456.pkl:10;n04370456.pkl:42
vit,338,338,+,83,55,37,14,0.09512582108684571,0.14765464802030703,0.03490169719047547,0.0897301670045166,0.7112553494255854,0.09168351969140866,class=300:n02165105.pkl:1;n02165105.pkl:3;n02165105.pkl:6|class=857:n04429376.pkl:3;n04429376.pkl:9;n04429376.pkl:13|class=685:n03841143.pkl:9;n03841143.pkl:14;n03841143.pkl:24
vit,339,339,+,74,45,22,6,0.06683671541343343,0.12495366962710153,0.022210588061677257,0.06512641150735947,0.6559143752814104,0.12970183122319498,class=926:n07590611.pkl:5;n07590611.pkl:7;n07590611.pkl:11|class=699:n03884397.pkl:5;n03884397.pkl:9;n03884397.pkl:10|class=751:n04037443.pkl:5;n04037443.pkl:23;n04037443.pkl:36
vit,340,340,+,58,31,11,2,0.05925966516453985,0.12901899923792284,0.017747613391415704,0.05369605214581966,0.605066759153297,0.17506674357278112,class=15:n01558993.pkl:1;n01558993.pkl:2;n01558993.pkl:5|class=250:n02110185.pkl:11;n02110185.pkl:14;n02110185.pkl:15|class=150:n02077923.pkl:53;n02077923.pkl:122;n02077923.pkl:150
vit,341,341,+,41,23,8,3,0.06293311644051384,0.1498795413312804,0.02694822541976254,0.1022799298629224,0.4577932842484685,0.3757375623762297,class=962:n07871810.pkl:1;n07871810.pkl:2;n07871810.pkl:3|class=742:n04004767.pkl:1;n04004767.pkl:6;n04004767.pkl:16|class=935:n07711569.pkl:8;n07711569.pkl:21;n07711569.pkl:25
vit,342,342,+,84,50,32,16,0.08879689109672775,0.13763145207645944,0.030127557715261693,0.0559167448869747,0.7575290664785503,0.05291352053486441,class=716:n03930313.pkl:4;n03930313.pkl:6;n03930313.pkl:7|class=713:n03924679.pkl:1;n03924679.pkl:2;n03924679.pkl:6|class=601:n03534580.pkl:4;n03534580.pkl:9;n03534580.pkl:11
vit,343,343,+,28,16,11,7,0.12184641708586989,0.17063738019995797,0.036467784409223755,0.06393117770833295,0.6637638230598789,0.14547542874761488,class=240:n02107908.pkl:8;n02107908.pkl:9;n02107908.pkl:27|class=275:n02116738.pkl:15;n02116738.pkl:38;n02116738.pkl:50|class=190:n02095889.pkl:2;n02095889.pkl:19;n02095889.pkl:23
vit,344,344,+,35,24,9,3,0.10064888567092001,0.19333812362393993,0.040625696759052025,0.1577985791250813,0.39505418773508777,0.4596302005434456,class=105:n01882714.pkl:0;n01882714.pkl:1;n01882714.pkl:2|class=955:n07754684.pkl:2;n07754684.pkl:4;n07754684.pkl:5|class=341:n02395406.pkl:4;n02395406.pkl:53;n02395406.pkl:65
vit,345,345,+,35,22,16,7,0.13735822982673515,0.19234937948700973,0.046198728720059985,0.08894478701458831,0.6663562112307195,0.13447556049206943,class=9:n01518878.pkl:0;n01518878.pkl:1;n01518878.pkl:4|class=573:n03444034.pkl:0;n03444034.pkl:1;n03444034.pkl:6|class=255:n02111129.pkl:0;n02111129.pkl:3;n02111129.pkl:4
vit,346,346,+,55,27,16,5,0.05603747719682751,0.10927996734310322,0.01481589824281404,0.030482533820691143,0.7159399234139647,0.09514508009893625,class=242:n02108089.pkl:6;n02108089.pkl:12;n02108089.pkl:15|class=616:n03627232.pkl:3;n03627232.pkl:7;n03627232.pkl:11|class=155:n02086240.pkl:2;n02086240.pkl:9;n02086240.pkl:37
vit,347,347,+,21,15,7,3,0.09213077652571004,0.1495704351465262,0.02840558925536616,0.05780351114429461,0.5927430321341006,0.2448075272355559,class=274:n02115913.pkl:4;n02115913.pkl:6;n02115913.pkl:10|class=146:n02058221.pkl:9;n02058221.pkl:14;n02058221.pkl:18|class=393:n02607072.pkl:1;n02607072.pkl:5;n02607072.pkl:14
vit,348,348,+,68,43,30,11,0.10108672917386208,0.1651316622999171,0.03281923719571301,0.09437712762122526,0.665965667502707,0.1363154187076558,class=78:n01776313.pkl:1;n01776313.pkl:5;n01776313.pkl:6|class=624:n03661043.pkl:12;n03661043.pkl:13;n03661043.pkl:29|class=50:n01698640.pkl:4;n01698640.pkl:7;n01698640.pkl:8
vit,349,349,+,59,42,25,10,0.09626020014538748,0.16740076806079984,0.03690879193343555,0.08794142778520782,0.6697859109573726,0.11317136802959553,class=408:n02704792.pkl:1;n02704792.pkl:2;n02704792.pkl:4|class=146:n02058221.pkl:3;n02058221.pkl:5;n02058221.pkl:7|class=933:n07697313.pkl:0;n07697313.pkl:16;n07697313.pkl:19
vit,350,350,+,42,30,18,8,0.13747281499685102,0.21406981015969948,0.0550601286607295,0.12680081553246306,0.6282562630751121,0.15008539090510517,class=795:n04228054.pkl:0;n04228054.pkl:1;n04228054.pkl:3|class=348:n02412080.pkl:0;n02412080.pkl:4;n02412080.pkl:6|class=922:n07565083.pkl:0;n07565083.pkl:10;n07565083.pkl:14
vit,351,351,+,93,51,28,10,0.05836839511568837,0.1041898199392105,0.01940187837437191,0.04432625997029425,0.7362826358907454,0.0668770834129165,class=18:n01582220.pkl:0;n01582220.pkl:1;n01582220.pkl:5|class=703:n03891251.pkl:16;n03891251.pkl:20;n03891251.pkl:23|class=818:n04286575.pkl:43;n04286575.pkl:69;n04286575.pkl:87
vit,352,352,+,78,37,19,6,0.04581641013910576,0.09755260234555892,0.013671404552689989,0.030892702064696395,0.728234059399813,0.07828276153283607,class=560:n03379051.pkl:0;n03379051.pkl:4;n03379051.pkl:8|class=234:n02106550.pkl:2;n02106550.pkl:3;n02106550.pkl:4|class=314:n02233338.pkl:5;n02233338.pkl:13;n02233338.pkl:24
vit,353,353,+,86,46,27,11,0.0597554214086975,0.10448998273585333,0.019796910367836623,0.0403640552252562,0.7402256617859985,0.05996675524285639,class=238:n02107574.pkl:3;n02107574.pkl:4;n02107574.pkl:6|class=712:n03920288.pkl:7;n03920288.pkl:12;n03920288.pkl:14|class=777:n04141327.pkl:12;n04141327.pkl:22;n04141327.pkl:40
vit,354,354,+,29,19,9,4,0.09566069838861846,0.17022576437057033,0.03268434162970041,0.09441129876702231,0.5149254335637207,0.32220303157638625,class=298:n02137549.pkl:0;n02137549.pkl:2;n02137549.pkl:3|class=873:n04486054.pkl:25;n04486054.pkl:27;n04486054.pkl:46|class=384:n02500267.pkl:8;n02500267.pkl:11;n02500267.pkl:17
vit,355,355,+,71,42,27,10,0.09470620943968683,0.1479486815804146,0.03406595036526413,0.08389505072838055,0.6789625159856572,0.09950721104658727,class=165:n02089078.pkl:0;n02089078.pkl:5;n02089078.pkl:16|class=941:n07717410.pkl:0;n07717410.pkl:1;n07717410.pkl:3|class=524:n03146219.pkl:0;n03146219.pkl:10;n03146219.pkl:24
vit,356,356,+,105,60,29,5,0.050158953158627055,0.10579941670559208,0.016612778799742003,0.055730353445893284,0.6652162099127022,0.11670281696140532,class=30:n01641577.pkl:0;n01641577.pkl:1;n01641577.pkl:2|class=64:n01749939.pkl:3;n01749939.pkl:25;n01749939.pkl:42|class=693:n03873416.pkl:22;n03873416.pkl:36;n03873416.pkl:52
vit,357,357,+,117,63,38,16,0.0763751690261828,0.14682645611403924,0.03077842509615392,0.07806748229064737,0.6943285685937745,0.0635342202316647,class=6:n01498041.pkl:4;n01498041.pkl:7;n01498041.pkl:8|class=266:n02113712.pkl:1;n02113712.pkl:2;n02113712.pkl:5|class=74:n01773797.pkl:3;n01773797.pkl:11;n01773797.pkl:15
vit,358,358,+,86,54,28,15,0.10387271343181301,0.1801615556300819,0.03875994715672541,0.08756526087290747,0.6988621952027766,0.07097492306102154,class=951:n07749582.pkl:1;n07749582.pkl:2;n07749582.pkl:5|class=25:n01629819.pkl:4;n01629819.pkl:5;n01629819.pkl:9|class=886:n04525305.pkl:4;n04525305.pkl:5;n04525305.pkl:6
vit,359,359,+,53,38,25,12,0.1156474993928482,0.16133757140481686,0.0354017437779757,0.06795768311475768,0.7314654282409732,0.08839467780270613,class=392:n02606052.pkl:13;n02606052.pkl:14;n02606052.pkl:18|class=139:n02025239.pkl:2;n02025239.pkl:21;n02025239.pkl:23|class=642:n03721384.pkl:0;n03721384.pkl:2;n03721384.pkl:3
vit,360,360,+,22,16,10,3,0.11393067960165194,0.13569609599840687,0.030267354084192375,0.04909502282150709,0.7016333851348296,0.1650468780975856,class=484:n02981792.pkl:1;n02981792.pkl:2;n02981792.pkl:5|class=43:n01688243.pkl:2;n01688243.pkl:6;n01688243.pkl:12|class=894:n04550184.pkl:31;n04550184.pkl:49;n04550184.pkl:51
vit,361,361,+,22,9,6,2,0.05493346159384853,0.10388804816244475,0.014466849102029078,0.03183944221554806,0.5934840681979255,0.2656256483188378,class=696:n03876231.pkl:2;n03876231.pkl:11;n03876231.pkl:15|class=555:n03345487.pkl:13;n03345487.pkl:14;n03345487.pkl:24|class=20:n01601694.pkl:33;n01601694.pkl:40;n01601694.pkl:72
vit,362,362,+,68,35,21,8,0.06369180382198433,0.11251367098420223,0.020363938240529848,0.0490470181493914,0.6954145763109136,0.10001447223914596,class=947:n07734744.pkl:6;n07734744.pkl:8;n07734744.pkl:16|class=500:n03042490.pkl:55;n03042490.pkl:107;n03042490.pkl:108|class=873:n04486054.pkl:8;n04486054.pkl:24;n04486054.pkl:26
vit,363,363,+,74,38,29,14,0.09612840017893204,0.14184630757181046,0.02624616697698877,0.045708351433203565,0.7599025333177638,0.05449876658015011,class=144:n02051845.pkl:1;n02051845.pkl:5;n02051845.pkl:7|class=559:n03376595.pkl:2;n03376595.pkl:3;n03376595.pkl:20|class=846:n04380533.pkl:3;n04380533.pkl:11;n04380533.pkl:20
vit,364,364,+,64,37,19,7,0.06944469600641137,0.13178326702204562,0.022553824181208493,0.056075067156352014,0.6735235976355408,0.11221212734359165,class=831:n04344873.pkl:0;n04344873.pkl:2;n04344873.pkl:3|class=47:n01694178.pkl:16;n01694178.pkl:18;n01694178.pkl:20|class=873:n04486054.pkl:0;n04486054.pkl:1;n04486054.pkl:4
vit,365,365,+,60,34,15,5,0.06004086457147964,0.110026452845132,0.015784557962956653,0.035124664324923296,0.6960304648702041,0.09919598655559735,class=918:n06785654.pkl:7;n06785654.pkl:19;n06785654.pkl:20|class=327:n02317335.pkl:3;n02317335.pkl:6;n02317335.pkl:7|class=423:n02791124.pkl:47;n02791124.pkl:53;n02791124.pkl:54
vit,366,366,+,60,39,21,7,0.08701384930950737,0.14269978030618652,0.026175244883084994,0.05711033579802844,0.6910074663422731,0.09600748403476893,class=58:n01737021.pkl:2;n01737021.pkl:4;n01737021.pkl:6|class=251:n02110341.pkl:0;n02110341.pkl:1;n02110341.pkl:9|class=428:n02797295.pkl:10;n02797295.pkl:27;n02797295.pkl:30
vit,367,367,+,17,8,4,2,0.08564285146629927,0.16514464700014037,0.0179184093757863,0.0404970027542952,0.5146836215787174,0.3592913263644247,class=327:n02317335.pkl:19;n02317335.pkl:32;n02317335.pkl:34|class=383:n02497673.pkl:7;n02497673.pkl:20;n02497673.pkl:73|class=457:n02883205.pkl:119;n02883205.pkl:141;n02883205.pkl:209
vit,368,368,+,70,43,17,8,0.05443667071448521,0.09992108002145302,0.01714158104934059,0.03628869397164573,0.7113224429582878,0.07830972602605912,class=309:n02206856.pkl:4;n02206856.pkl:5;n02206856.pkl:10|class=542:n03250847.pkl:0;n03250847.pkl:1;n03250847.pkl:14|class=171:n02091032.pkl:1;n02091032.pkl:2;n02091032.pkl:33
vit,369,369,+,28,21,13,6,0.15591873442236204,0.22481759207406024,0.05112709835900724,0.1270501606718492,0.5746740301633969,0.25625567927596976,class=135:n02013706.pkl:0;n02013706.pkl:1;n02013706.pkl:2|class=13:n01534433.pkl:0;n01534433.pkl:6;n01534433.pkl:9|class=158:n02087046.pkl:0;n02087046.pkl:2;n02087046.pkl:9
vit,370,370,+,83,39,23,8,0.06301922999678687,0.13249404340369633,0.024754493296341808,0.07774392090403873,0.6211817982960122,0.13088383159061795,class=988:n12267677.pkl:0;n12267677.pkl:1;n12267677.pkl:11|class=132:n02009912.pkl:4;n02009912.pkl:6;n02009912.pkl:7|class=681:n03832673.pkl:27;n03832673.pkl:31;n03832673.pkl:40
vit,371,371,+,64,42,22,10,0.10829304559084998,0.18485081399136774,0.04231419134164878,0.09856816316245944,0.6568730075474047,0.10041043677683126,class=372:n02486410.pkl:2;n02486410.pkl:3;n02486410.pkl:4|class=149:n02074367.pkl:2;n02074367.pkl:3;n02074367.pkl:6|class=196:n02097047.pkl:1;n02097047.pkl:2;n02097047.pkl:6
vit,372,372,+,75,46,25,10,0.07843661044763933,0.12453999600284989,0.023380312781241922,0.04667642684198772,0.7350433904764201,0.06647477207959164,class=291:n02129165.pkl:0;n02129165.pkl:4;n02129165.pkl:7|class=226:n02105251.pkl:0;n02105251.pkl:1;n02105251.pkl:2|class=489:n03000134.pkl:11;n03000134.pkl:12;n03000134.pkl:22
vit,373,373,+,57,38,30,13,0.113968364935673,0.14397651784951485,0.03812395755316625,0.06060442306240789,0.7715300329849281,0.061877953070786154,class=546:n03272010.pkl:1;n03272010.pkl:4;n03272010.pkl:7|class=718:n03933933.pkl:9;n03933933.pkl:10;n03933933.pkl:14|class=226:n02105251.pkl:6;n02105251.pkl:7;n02105251.pkl:8
vit,374,374,+,74,45,28,11,0.09504531793597486,0.15804399859421836,0.029347436266644017,0.07320007264172373,0.6889038692533834,0.09758543395763414,class=258:n02111889.pkl:0;n02111889.pkl:1;n02111889.pkl:3|class=379:n02492660.pkl:0;n02492660.pkl:8;n02492660.pkl:18|class=27:n01631663.pkl:0;n01631663.pkl:3;n01631663.pkl:17
vit,375,375,+,44,26,15,10,0.12946986272050107,0.1965729310104534,0.05028963541611034,0.10235933534881521,0.6626815142580399,0.11688267943732601,class=100:n01860187.pkl:1;n01860187.pkl:2;n01860187.pkl:4|class=236:n02107142.pkl:0;n02107142.pkl:3;n02107142.pkl:7|class=781:n04149813.pkl:8;n04149813.pkl:14;n04149813.pkl:16
vit,376,376,+,41,24,16,8,0.11458763387902314,0.1896812308319184,0.04513342533555212,0.10845941473879882,0.6139807668335566,0.1652393407786289,class=134:n02012849.pkl:0;n02012849.pkl:1;n02012849.pkl:5|class=659:n03775546.pkl:5;n03775546.pkl:22;n03775546.pkl:23|class=989:n12620546.pkl:19;n12620546.pkl:25;n12620546.pkl:31
vit,377,377,+,120,82,61,25,0.08966430655765696,0.12620027361796937,0.036393224347748054,0.06322158436843042,0.8033148179982149,0.03348162190728318,class=864:n04461696.pkl:0;n04461696.pkl:2;n04461696.pkl:3|class=409:n02708093.pkl:1;n02708093.pkl:2;n02708093.pkl:4|class=702:n03888605.pkl:1;n03888605.pkl:3;n03888605.pkl:6
vit,378,378,+,98,52,34,16,0.07704918373304975,0.12588119338775033,0.023133483110232153,0.04357751647400849,0.7625135616332249,0.0464131057923668,class=315:n02236044.pkl:10;n02236044.pkl:11;n02236044.pkl:15|class=186:n02094258.pkl:19;n02094258.pkl:30;n02094258.pkl:33|class=474:n02963159.pkl:2;n02963159.pkl:7;n02963159.pkl:11
vit,379,379,+,60,37,18,6,0.06100441536905168,0.12597356638960402,0.020915583197148847,0.058195230915107574,0.6641074590574505,0.14569455325669625,class=908:n04592741.pkl:14;n04592741.pkl:16;n04592741.pkl:18|class=174:n02091467.pkl:7;n02091467.pkl:11;n02091467.pkl:20|class=847:n04389033.pkl:14;n04389033.pkl:24;n04389033.pkl:33
vit,380,380,+,69,37,22,8,0.06498809448023649,0.11464201819155463,0.02028276858794425,0.04148178796094823,0.7292798236511513,0.07511211716878144,class=983:n10565667.pkl:3;n10565667.pkl:6;n10565667.pkl:13|class=251:n02110341.pkl:2;n02110341.pkl:13;n02110341.pkl:22|class=304:n02169497.pkl:1;n02169497.pkl:12;n02169497.pkl:21
vit,381,381,+,58,30,14,6,0.06072868472358224,0.12212953383101573,0.021335444025670666,0.06912314626032076,0.5953494126269583,0.19821514792438627,class=94:n01833805.pkl:6;n01833805.pkl:7;n01833805.pkl:8|class=511:n03100240.pkl:14;n03100240.pkl:16;n03100240.pkl:21|class=971:n09229709.pkl:17;n09229709.pkl:46;n09229709.pkl:58
vit,382,382,+,49,28,15,4,0.09068181160433642,0.18864305837467704,0.041065766591220104,0.11619650216998145,0.5553282105927954,0.1837999270052423,class=97:n01847000.pkl:0;n01847000.pkl:3;n01847000.pkl:4|class=311:n02226429.pkl:0;n02226429.pkl:1;n02226429.pkl:2|class=295:n02133161.pkl:1;n02133161.pkl:5;n02133161.pkl:7
vit,383,383,+,53,38,25,5,0.09264462566084737,0.14777435713679588,0.029907013484977398,0.06792344975687574,0.7021796794706778,0.11619137717973754,class=294:n02132136.pkl:3;n02132136.pkl:4;n02132136.pkl:5|class=359:n02443484.pkl:1;n02443484.pkl:3;n02443484.pkl:8|class=841:n04370456.pkl:10;n04370456.pkl:15;n04370456.pkl:32
vit,384,384,+,38,27,16,6,0.09305009935346897,0.13322431005690474,0.030400214404270643,0.05423352868210393,0.7123904117987319,0.11006849307986878,class=132:n02009912.pkl:15;n02009912.pkl:19;n02009912.pkl:20|class=296:n02134084.pkl:0;n02134084.pkl:7;n02134084.pkl:14|class=685:n03841143.pkl:4;n03841143.pkl:6;n03841143.pkl:8
vit,385,385,+,48,26,18,7,0.08024336751973074,0.1312760372150219,0.02535507331932019,0.050611996821741105,0.7046625114430858,0.10384439443715537,class=875:n04487394.pkl:0;n04487394.pkl:6;n04487394.pkl:9|class=425:n02793495.pkl:15;n02793495.pkl:26;n02793495.pkl:27|class=517:n03126707.pkl:6;n03126707.pkl:7;n03126707.pkl:11
vit,386,386,+,68,44,27,5,0.08136877449814751,0.13089303715172337,0.025389553756722555,0.07183592364713244,0.6895662624216298,0.13242969312618685,class=577:n03447721.pkl:1;n03447721.pkl:4;n03447721.pkl:9|class=77:n01775062.pkl:0;n01775062.pkl:22;n01775062.pkl:25|class=516:n03125729.pkl:21;n03125729.pkl:99;n03125729.pkl:120
vit,387,387,+,54,33,16,5,0.05465317876833274,0.098228605916299,0.016488159376798758,0.039981897635880434,0.6854417002376286,0.12740869270645536,class=839:n04366367.pkl:6;n04366367.pkl:8;n04366367.pkl:10|class=210:n02100236.pkl:17;n02100236.pkl:21;n02100236.pkl:22|class=903:n04584207.pkl:1;n04584207.pkl:24;n04584207.pkl:27
vit,388,388,+,1,1,0,0,0.014642549526270457,0.0,0.002583979328165375,0.0,0.0,1.0,class=731:n03970156.pkl:639;n03970156.pkl:802;n03970156.pkl:967
vit,389,389,+,69,40,24,6,0.08051616425413158,0.13794425016815692,0.023388862354155448,0.049270844059943024,0.7248107557769936,0.0788078193362244,class=21:n01608432.pkl:16;n01608432.pkl:24;n01608432.pkl:29|class=750:n04033995.pkl:2;n04033995.pkl:5;n04033995.pkl:6|class=300:n02165105.pkl:4;n02165105.pkl:35;n02165105.pkl:39
vit,390,390,+,103,69,45,14,0.08941541996902387,0.15804742420130022,0.036004328464557395,0.0869021115982032,0.7137328931206844,0.06626933733277815,class=404:n02690373.pkl:0;n02690373.pkl:1;n02690373.pkl:3|class=392:n02606052.pkl:0;n02606052.pkl:1;n02606052.pkl:2|class=486:n02992211.pkl:1;n02992211.pkl:8;n02992211.pkl:14
vit,391,391,+,62,26,12,4,0.04437639319844686,0.1095469570840634,0.012732114491782586,0.033616059738808095,0.652857403501182,0.1285638586354846,class=14:n01537544.pkl:1;n01537544.pkl:4;n01537544.pkl:7|class=608:n03594734.pkl:18;n03594734.pkl:19;n03594734.pkl:32|class=677:n03804744.pkl:15;n03804744.pkl:17;n03804744.pkl:19
vit,392,392,+,46,24,16,8,0.08224298251104219,0.12290334500246074,0.021864382054493717,0.036389442306447174,0.7440668246670984,0.08195605244718479,class=564:n03388549.pkl:1;n03388549.pkl:19;n03388549.pkl:26|class=665:n03785016.pkl:3;n03785016.pkl:20;n03785016.pkl:71|class=476:n02966193.pkl:4;n02966193.pkl:25;n02966193.pkl:28
vit,393,393,+,64,42,27,7,0.07595073224081213,0.09900830985583982,0.019676523900929173,0.03428724148210213,0.7725497302894871,0.06306977194650992,class=803:n04252225.pkl:9;n04252225.pkl:11;n04252225.pkl:29|class=558:n03372029.pkl:11;n03372029.pkl:14;n03372029.pkl:20|class=925:n07584110.pkl:8;n07584110.pkl:10;n07584110.pkl:31
vit,394,394,+,39,21,9,4,0.0711596823882913,0.1265081251131569,0.018475577065800643,0.05152229253772286,0.5882825108446392,0.22504312540643553,class=174:n02091467.pkl:2;n02091467.pkl:3;n02091467.pkl:6|class=61:n01742172.pkl:1;n01742172.pkl:3;n01742172.pkl:42|class=181:n02093647.pkl:35;n02093647.pkl:129;n02093647.pkl:134
vit,395,395,+,43,24,14,7,0.07349524734234435,0.1305538122198514,0.023549830739150814,0.04946793835145379,0.6849217943658672,0.12586909777559097,class=119:n01978455.pkl:3;n01978455.pkl:5;n01978455.pkl:7|class=981:n09835506.pkl:0;n09835506.pkl:6;n09835506.pkl:16|class=903:n04584207.pkl:6;n04584207.pkl:17;n04584207.pkl:42
vit,396,396,+,20,15,5,4,0.09157551815549134,0.1354036402488718,0.019931696609473623,0.034334955472851536,0.6563576596260916,0.1983728522731829,class=247:n02109525.pkl:0;n02109525.pkl:28;n02109525.pkl:29|class=945:n07720875.pkl:3;n07720875.pkl:22;n07720875.pkl:30|class=23:n01616318.pkl:0;n01616318.pkl:18;n01616318.pkl:41
vit,397,397,+,113,72,37,13,0.07135392947306786,0.1407638471394823,0.02802107603549174,0.07981196343543369,0.6839746097788916,0.08064352090141927,class=986:n12057211.pkl:3;n12057211.pkl:4;n12057211.pkl:5|class=35:n01667114.pkl:2;n01667114.pkl:4;n01667114.pkl:6|class=479:n02974003.pkl:5;n02974003.pkl:9;n02974003.pkl:10
vit,398,398,+,42,27,19,8,0.14905033742691987,0.23420425047508445,0.06158352084681188,0.15728446364481757,0.5961850008534856,0.179117346617594,class=365:n02480495.pkl:0;n02480495.pkl:1;n02480495.pkl:2|class=986:n12057211.pkl:0;n12057211.pkl:2;n12057211.pkl:6|class=491:n03000684.pkl:1;n03000684.pkl:4;n03000684.pkl:7
vit,399,399,+,65,34,24,12,0.10751468047759905,0.1915691942576026,0.05088639283838876,0.11643954700254357,0.654874488614684,0.09593809870936663,class=117:n01968897.pkl:0;n01968897.pkl:3;n01968897.pkl:4|class=399:n02667093.pkl:0;n02667093.pkl:4;n02667093.pkl:6|class=660:n03776460.pkl:0;n03776460.pkl:2;n03776460.pkl:9
vit,400,400,+,68,43,21,7,0.08169273313428072,0.15819806687852356,0.03288100054185054,0.10972408681420166,0.5778718403029965,0.17846481118293248,class=384:n02500267.pkl:0;n02500267.pkl:1;n02500267.pkl:2|class=823:n04317175.pkl:1;n04317175.pkl:3;n04317175.pkl:9|class=469:n02939185.pkl:7;n02939185.pkl:8;n02939185.pkl:11
vit,401,401,+,60,35,20,6,0.06049396193756462,0.10852624426942381,0.017891397706069696,0.04492433060169428,0.6971287608927642,0.12174748333574256,class=56:n01734418.pkl:1;n01734418.pkl:3;n01734418.pkl:4|class=621:n03649909.pkl:2;n03649909.pkl:14;n03649909.pkl:29|class=496:n03026506.pkl:11;n03026506.pkl:26;n03026506.pkl:56
vit,402,402,+,69,35,21,8,0.08016695903963263,0.15687080423054214,0.028082960579572012,0.07286934830991293,0.6489468951484106,0.11207142480883374,class=132:n02009912.pkl:0;n02009912.pkl:3;n02009912.pkl:4|class=301:n02165456.pkl:2;n02165456.pkl:3;n02165456.pkl:4|class=916:n06359193.pkl:11;n06359193.pkl:12;n06359193.pkl:14
vit,403,403,+,23,14,11,4,0.15089898859264347,0.1978336698618753,0.042032388765928,0.09283932889752658,0.6063030605014449,0.255591611434022,class=913:n04606251.pkl:7;n04606251.pkl:10;n04606251.pkl:12|class=723:n03944341.pkl:18;n03944341.pkl:20;n03944341.pkl:33|class=255:n02111129.pkl:16;n02111129.pkl:52;n02111129.pkl:56
vit,404,404,+,58,38,24,11,0.1053420197582859,0.14448789842901527,0.034535315102903016,0.0662672844015854,0.7287222526975298,0.08072234258790378,class=287:n02127052.pkl:0;n02127052.pkl:1;n02127052.pkl:12|class=718:n03933933.pkl:1;n03933933.pkl:3;n03933933.pkl:5|class=746:n04019541.pkl:7;n04019541.pkl:37;n04019541.pkl:38
vit,405,405,+,63,39,24,10,0.08777269715461895,0.12906532033729232,0.0293160027880674,0.05272466828986766,0.7374767496252306,0.067215591811847,class=58:n01737021.pkl:4;n01737021.pkl:20;n01737021.pkl:27|class=481:n02978881.pkl:0;n02978881.pkl:7;n02978881.pkl:14|class=228:n02105505.pkl:3;n02105505.pkl:6;n02105505.pkl:9
vit,406,406,+,54,33,16,2,0.061071801638251315,0.11990851337268908,0.017799448244877288,0.0508104066907394,0.6308325844636815,0.169421736858835,class=818:n04286575.pkl:3;n04286575.pkl:7;n04286575.pkl:9|class=190:n02095889.pkl:0;n02095889.pkl:7;n02095889.pkl:13|class=202:n02098105.pkl:11;n02098105.pkl:131;n02098105.pkl:142
vit,407,407,+,102,64,37,13,0.08560780968186787,0.15667404249537936,0.032225101446386385,0.07722841584718364,0.7000899042069243,0.06611132422372322,class=423:n02791124.pkl:1;n02791124.pkl:3;n02791124.pkl:5|class=815:n04275548.pkl:3;n04275548.pkl:5;n04275548.pkl:10|class=54:n01729322.pkl:2;n01729322.pkl:3;n01729322.pkl:6
vit,408,408,+,21,15,7,4,0.12870659154040373,0.21074948286804535,0.04051235989578967,0.08731610194245035,0.5687510689011842,0.26882372174058033,class=221:n02102973.pkl:2;n02102973.pkl:4;n02102973.pkl:6|class=57:n01735189.pkl:34;n01735189.pkl:52;n01735189.pkl:59|class=388:n02510455.pkl:3;n02510455.pkl:6;n02510455.pkl:12
vit,409,409,+,35,16,11,5,0.0921883798193701,0.15848130465279045,0.022430910311621574,0.050851385141552116,0.6487712422063148,0.17541121096788928,class=607:n03590841.pkl:1;n03590841.pkl:4;n03590841.pkl:6|class=998:n13133613.pkl:30;n13133613.pkl:73;n13133613.pkl:87|class=431:n02804414.pkl:41;n02804414.pkl:47;n02804414.pkl:70
vit,410,410,+,72,44,30,9,0.08819069425210328,0.13746401076210704,0.027372321760433818,0.059368946739472205,0.7141816693066467,0.07922644996052172,class=54:n01729322.pkl:5;n01729322.pkl:9;n01729322.pkl:15|class=250:n02110185.pkl:0;n02110185.pkl:3;n02110185.pkl:15|class=546:n03272010.pkl:2;n03272010.pkl:10;n03272010.pkl:16
vit,411,411,+,27,13,5,2,0.07424840401067981,0.1722660507338824,0.03202589612547438,0.1285182900382897,0.2972348516903956,0.6334726011039146,class=378:n02492035.pkl:0;n02492035.pkl:1;n02492035.pkl:2|class=544:n03259280.pkl:6;n03259280.pkl:22;n03259280.pkl:31|class=824:n04325704.pkl:11;n04325704.pkl:47;n04325704.pkl:100
vit,412,412,+,48,28,15,6,0.07721930562451461,0.12504847686228596,0.022383703157051366,0.047227258708473316,0.682016232562652,0.11357616732814409,class=572:n03443371.pkl:1;n03443371.pkl:9;n03443371.pkl:16|class=421:n02788148.pkl:0;n02788148.pkl:1;n02788148.pkl:3|class=233:n02106382.pkl:16;n02106382.pkl:20;n02106382.pkl:21
vit,413,413,+,61,37,20,7,0.08151068379139978,0.1634137331374102,0.0339457343441349,0.1097171092366073,0.569094493106966,0.18765049379927576,class=628:n03673027.pkl:0;n03673027.pkl:4;n03673027.pkl:6|class=938:n07715103.pkl:1;n07715103.pkl:5;n07715103.pkl:8|class=28:n01632458.pkl:0;n01632458.pkl:3;n01632458.pkl:5
vit,414,414,+,36,23,10,7,0.1314159343872968,0.2067489966983008,0.03164819270567804,0.05933766798864213,0.6667720759150485,0.1254251631543469,class=135:n02013706.pkl:0;n02013706.pkl:2;n02013706.pkl:4|class=739:n03992509.pkl:7;n03992509.pkl:19;n03992509.pkl:22|class=221:n02102973.pkl:3;n02102973.pkl:7;n02102973.pkl:12
vit,415,415,+,55,36,20,10,0.0968053177416402,0.15963745450974426,0.038404183645391485,0.10542813933955247,0.6291917672415864,0.15520476988776116,class=533:n03207743.pkl:0;n03207743.pkl:2;n03207743.pkl:4|class=112:n01943899.pkl:4;n01943899.pkl:6;n01943899.pkl:7|class=283:n02123394.pkl:1;n02123394.pkl:3;n02123394.pkl:4
vit,416,416,+,73,48,26,10,0.10148884929130837,0.1699499993601759,0.0383836225560127,0.08854462659933278,0.6725708791899092,0.08659562774056405,class=614:n03617480.pkl:0;n03617480.pkl:2;n03617480.pkl:3|class=761:n04074963.pkl:0;n04074963.pkl:5;n04074963.pkl:6|class=100:n01860187.pkl:0;n01860187.pkl:10;n01860187.pkl:14
vit,417,417,+,73,42,23,7,0.07607769082366016,0.1413926494936287,0.023504362463731675,0.05823306901603783,0.6800210347003971,0.09778382719548775,class=232:n02106166.pkl:2;n02106166.pkl:4;n02106166.pkl:5|class=685:n03841143.pkl:26;n03841143.pkl:29;n03841143.pkl:31|class=321:n02276258.pkl:2;n02276258.pkl:4;n02276258.pkl:10
vit,418,418,+,35,20,10,4,0.0796293409859331,0.15096024042220935,0.019082525921099953,0.0430775653545116,0.631577562080727,0.1741718170261144,class=75:n01774384.pkl:1;n01774384.pkl:7;n01774384.pkl:18|class=339:n02389026.pkl:3;n02389026.pkl:5;n02389026.pkl:6|class=686:n03843555.pkl:8;n03843555.pkl:21;n03843555.pkl:34
vit,419,419,+,12,6,6,0,0.09422429759187333,0.10429425383448422,0.017535826401627517,0.017100727325035085,0.7746008414110711,0.16258263487063562,class=343:n02397096.pkl:15;n02397096.pkl:24;n02397096.pkl:44|class=805:n04254680.pkl:48;n04254680.pkl:84;n04254680.pkl:96|class=422:n02790996.pkl:54;n02790996.pkl:68;n02790996.pkl:184
vit,420,420,+,25,19,13,7,0.18418663512188296,0.22677792691887091,0.0641166375878688,0.1375188827375859,0.6297633007226089,0.22401074515209848,class=371:n02486261.pkl:1;n02486261.pkl:4;n02486261.pkl:7|class=90:n01820546.pkl:6;n01820546.pkl:20;n01820546.pkl:27|class=948:n07742313.pkl:9;n07742313.pkl:19;n07742313.pkl:23
vit,421,421,+,34,18,6,0,0.029782090810228874,0.044435361150739025,0.00606416228143415,0.009025933829662656,0.7972298136858071,0.09456916437604641,class=403:n02687172.pkl:34;n02687172.pkl:96;n02687172.pkl:116|class=330:n02325366.pkl:6;n02325366.pkl:22;n02325366.pkl:30|class=625:n03662601.pkl:11;n03662601.pkl:38;n03662601.pkl:57
vit,422,422,+,59,40,29,8,0.09333660640951119,0.1511552719101161,0.03267125081196287,0.0924973809630254,0.6694686909289514,0.15280406188895523,class=388:n02510455.pkl:0;n02510455.pkl:1;n02510455.pkl:3|class=959:n07831146.pkl:5;n07831146.pkl:10;n07831146.pkl:15|class=958:n07802026.pkl:3;n07802026.pkl:12;n07802026.pkl:25
vit,423,423,+,24,14,10,2,0.09978021007453326,0.15104622420270358,0.023956226845509566,0.058422681791219365,0.5741279432491966,0.2894744265822948,class=939:n07716358.pkl:2;n07716358.pkl:3;n07716358.pkl:7|class=342:n02396427.pkl:5;n02396427.pkl:14;n02396427.pkl:36|class=838:n04357314.pkl:75;n04357314.pkl:80;n04357314.pkl:94
vit,424,424,+,67,39,16,4,0.057845171727332306,0.12311013558088486,0.02040901257201309,0.06456374786119685,0.5951868486140198,0.16429375509254118,class=472:n02951358.pkl:2;n02951358.pkl:3;n02951358.pkl:5|class=625:n03662601.pkl:2;n03662601.pkl:4;n03662601.pkl:12|class=459:n02892767.pkl:11;n02892767.pkl:13;n02892767.pkl:19
vit,425,425,+,57,32,19,9,0.08577773212235049,0.15662421389161568,0.032533823297645995,0.08551037593671007,0.6422124216453918,0.1387410547026592,class=887:n04532106.pkl:0;n04532106.pkl:2;n04532106.pkl:3|class=534:n03207941.pkl:0;n03207941.pkl:2;n03207941.pkl:3|class=73:n01773549.pkl:8;n01773549.pkl:19;n01773549.pkl:27
vit,426,426,+,97,63,45,19,0.10848805930281305,0.16301957849696572,0.038259985649174454,0.07118734158774283,0.761286763815112,0.045999086230779224,class=24:n01622779.pkl:0;n01622779.pkl:4;n01622779.pkl:8|class=995:n13044778.pkl:2;n13044778.pkl:5;n13044778.pkl:7|class=848:n04392985.pkl:0;n04392985.pkl:3;n04392985.pkl:9
vit,427,427,+,47,24,17,8,0.08075329097785325,0.12551973823076087,0.025834195173242012,0.046471213697295816,0.7116185703207423,0.09012284737626239,class=530:n03196217.pkl:0;n03196217.pkl:7;n03196217.pkl:12|class=943:n07718472.pkl:2;n07718472.pkl:17;n07718472.pkl:19|class=719:n03935335.pkl:5;n03935335.pkl:18;n03935335.pkl:20
vit,428,428,+,77,49,32,14,0.10248642823950226,0.1662266714709024,0.04254004754601997,0.10281312093329116,0.6778744642256331,0.088846590205031,class=614:n03617480.pkl:0;n03617480.pkl:4;n03617480.pkl:5|class=58:n01737021.pkl:0;n01737021.pkl:1;n01737021.pkl:3|class=740:n03995372.pkl:0;n03995372.pkl:5;n03995372.pkl:9
vit,429,429,+,47,27,16,7,0.0713808183692525,0.12287784981495294,0.022728048284983905,0.045273892013532616,0.6900978992877503,0.10570207149460219,class=727:n03956157.pkl:1;n03956157.pkl:3;n03956157.pkl:6|class=410:n02727426.pkl:2;n02727426.pkl:4;n02727426.pkl:5|class=585:n03476991.pkl:2;n03476991.pkl:9;n03476991.pkl:13
vit,430,430,+,88,58,39,13,0.0885796754557357,0.14467568457364693,0.0347317413229866,0.09157607408749602,0.7022234001368345,0.09036384797201706,class=332:n02328150.pkl:0;n02328150.pkl:1;n02328150.pkl:2|class=655:n03770439.pkl:0;n03770439.pkl:3;n03770439.pkl:7|class=876:n04493381.pkl:15;n04493381.pkl:25;n04493381.pkl:30
vit,431,431,+,62,36,21,7,0.07372744511516076,0.14718992281786897,0.028454452237201555,0.07803919155720643,0.6400507239438215,0.13744930406208128,class=141:n02028035.pkl:5;n02028035.pkl:7;n02028035.pkl:8|class=508:n03085013.pkl:0;n03085013.pkl:1;n03085013.pkl:3|class=801:n04251144.pkl:1;n04251144.pkl:4;n04251144.pkl:5
vit,432,432,+,65,46,30,13,0.12315054129279505,0.1821719248477053,0.04769858883261798,0.11741499108574417,0.6761221573953495,0.10860753087842955,class=107:n01910747.pkl:0;n01910747.pkl:1;n01910747.pkl:2|class=15:n01558993.pkl:0;n01558993.pkl:3;n01558993.pkl:10|class=169:n02090622.pkl:3;n02090622.pkl:5;n02090622.pkl:9
vit,433,433,+,92,50,23,9,0.06432902793142006,0.14256148239539457,0.026905374358338733,0.09478435587443135,0.5923163185252541,0.1457681583947619,class=184:n02093991.pkl:0;n02093991.pkl:2;n02093991.pkl:3|class=106:n01883070.pkl:1;n01883070.pkl:3;n01883070.pkl:5|class=865:n04462240.pkl:1;n04462240.pkl:5;n04462240.pkl:7
vit,435,435,+,77,55,23,8,0.06710236907032001,0.1034541637951508,0.018018020635399135,0.036814744520130456,0.7426217924275599,0.06720441420575561,class=639:n03710721.pkl:0;n03710721.pkl:4;n03710721.pkl:8|class=689:n03866082.pkl:6;n03866082.pkl:17;n03866082.pkl:18|class=446:n02840245.pkl:12;n02840245.pkl:30;n02840245.pkl:35
vit,436,436,+,30,18,9,4,0.11032250337622468,0.19920087492089808,0.035882236111264766,0.09483230254370226,0.5266573760510573,0.26615979437002824,class=71:n01770393.pkl:1;n01770393.pkl:4;n01770393.pkl:6|class=586:n03478589.pkl:4;n03478589.pkl:7;n03478589.pkl:12|class=381:n02493793.pkl:3;n02493793.pkl:7;n02493793.pkl:17
vit,437,437,+,24,18,16,9,0.24659207548279496,0.2633269587455882,0.09750270358237406,0.17560931091447454,0.6762494468754574,0.1768273938161701,class=120:n01980166.pkl:0;n01980166.pkl:1;n01980166.pkl:2|class=873:n04486054.pkl:1;n04486054.pkl:3;n04486054.pkl:6|class=931:n07693725.pkl:5;n07693725.pkl:8;n07693725.pkl:9
vit,438,438,+,67,39,20,8,0.09163149039262812,0.14843857453590562,0.02594776711167344,0.05558037900394787,0.704316885420118,0.08340607808803323,class=114:n01945685.pkl:4;n01945685.pkl:9;n01945685.pkl:10|class=757:n04065272.pkl:0;n04065272.pkl:6;n04065272.pkl:7|class=981:n09835506.pkl:5;n09835506.pkl:6;n09835506.pkl:12
vit,439,439,+,78,46,27,14,0.0934493910651025,0.1652611208742647,0.03626978795511036,0.10734264430344238,0.6425190425371463,0.12511538971426206,class=24:n01622779.pkl:1;n01622779.pkl:2;n01622779.pkl:3|class=457:n02883205.pkl:4;n02883205.pkl:6;n02883205.pkl:12|class=788:n04200800.pkl:3;n04200800.pkl:12;n04200800.pkl:14
vit,440,440,+,69,50,22,10,0.08578208816556115,0.13162699873710307,0.026775440561032832,0.060925585455711154,0.708327454884925,0.08953003322727654,class=540:n03240683.pkl:4;n03240683.pkl:5;n03240683.pkl:6|class=571:n03425413.pkl:0;n03425413.pkl:1;n03425413.pkl:2|class=980:n09472597.pkl:25;n09472597.pkl:33;n09472597.pkl:35
vit,441,441,+,82,54,31,8,0.07482234655522627,0.12819199257706484,0.02412114929978348,0.06090533363936373,0.7184023319342041,0.08994519527366539,class=353:n02423022.pkl:1;n02423022.pkl:2;n02423022.pkl:8|class=767:n04116512.pkl:5;n04116512.pkl:6;n04116512.pkl:10|class=614:n03617480.pkl:8;n03617480.pkl:13;n03617480.pkl:16
vit,442,442,+,78,47,27,6,0.06511093994202491,0.1101328690556686,0.02102188423677919,0.06531025034656536,0.6735318112440409,0.13656470188282013,class=236:n02107142.pkl:0;n02107142.pkl:4;n02107142.pkl:7|class=908:n04592741.pkl:2;n04592741.pkl:10;n04592741.pkl:17|class=217:n02102040.pkl:1;n02102040.pkl:20;n02102040.pkl:25
vit,443,443,+,48,31,12,2,0.05315241625217835,0.08336948411797923,0.012641276642438443,0.03075329182001751,0.6945582206711561,0.14413249112840215,class=111:n01930112.pkl:6;n01930112.pkl:7;n01930112.pkl:8|class=987:n12144580.pkl:17;n12144580.pkl:20;n12144580.pkl:26|class=898:n04557648.pkl:15;n04557648.pkl:21;n04557648.pkl:130
vit,444,444,+,42,29,12,3,0.0694368064374013,0.12083973801724603,0.020250630956238864,0.047781219594894245,0.6418567184000188,0.15636206332520639,class=675:n03796401.pkl:0;n03796401.pkl:1;n03796401.pkl:2|class=398:n02666196.pkl:3;n02666196.pkl:10;n02666196.pkl:15|class=187:n02094433.pkl:0;n02094433.pkl:1;n02094433.pkl:16
vit,445,445,+,33,19,9,3,0.05949789891634807,0.11160154564970315,0.017995075173185285,0.04974265749740061,0.5726953907133534,0.2618487179764466,class=392:n02606052.pkl:7;n02606052.pkl:11;n02606052.pkl:14|class=432:n02804610.pkl:41;n02804610.pkl:74;n02804610.pkl:91|class=13:n01534433.pkl:13;n01534433.pkl:49;n01534433.pkl:54
vit,446,446,+,59,34,20,4,0.06803398945003766,0.1279366368632221,0.022075696604357434,0.06146203206653452,0.63432609938697,0.14833028003728596,class=188:n02095314.pkl:3;n02095314.pkl:5;n02095314.pkl:7|class=537:n03218198.pkl:8;n03218198.pkl:11;n03218198.pkl:17|class=560:n03379051.pkl:1;n03379051.pkl:16;n03379051.pkl:28
vit,447,447,+,62,42,27,12,0.09901755375501345,0.1637539890965632,0.04001662727389593,0.11336629989362594,0.6586649579943274,0.14557701604828843,class=224:n02105056.pkl:0;n02105056.pkl:1;n02105056.pkl:3|class=612:n03599486.pkl:3;n03599486.pkl:5;n03599486.pkl:7|class=675:n03796401.pkl:3;n03796401.pkl:8;n03796401.pkl:11
vit,448,448,+,51,23,10,2,0.03287210829561447,0.07134283792224382,0.010893077250761789,0.029630833773199066,0.6439004374481977,0.16469080098575464,class=819:n04296562.pkl:1;n04296562.pkl:6;n04296562.pkl:10|class=416:n02777292.pkl:0;n02777292.pkl:3;n02777292.pkl:9|class=474:n02963159.pkl:78;n02963159.pkl:117;n02963159.pkl:166
vit,449,449,+,69,42,23,8,0.08885342650709835,0.16414728208383073,0.031178445107049115,0.07638513199574407,0.6504189779940368,0.10148081866948619,class=866:n04465501.pkl:1;n04465501.pkl:6;n04465501.pkl:8|class=601:n03534580.pkl:1;n03534580.pkl:3;n03534580.pkl:8|class=474:n02963159.pkl:2;n02963159.pkl:3;n02963159.pkl:7
vit,450,450,+,51,31,16,7,0.07564139369395341,0.129542366120458,0.025411467717769514,0.07778507417224843,0.6155260233096157,0.20333056236256147,class=392:n02606052.pkl:0;n02606052.pkl:1;n02606052.pkl:2|class=721:n03938244.pkl:6;n03938244.pkl:10;n03938244.pkl:28|class=890:n04540053.pkl:9;n04540053.pkl:32;n04540053.pkl:59
vit,451,451,+,75,51,30,10,0.10438469689633528,0.1886925776053556,0.040335613286962384,0.10741892696757747,0.6486908603889107,0.10789672206205916,class=375:n02488702.pkl:0;n02488702.pkl:2;n02488702.pkl:3|class=766:n04111531.pkl:1;n04111531.pkl:2;n04111531.pkl:6|class=80:n01795545.pkl:0;n01795545.pkl:2;n01795545.pkl:6
vit,452,452,+,42,23,15,7,0.11908398901197724,0.20858162081514245,0.05193602778123798,0.1272723066623181,0.5861863993580845,0.16679142887015128,class=734:n03977966.pkl:1;n03977966.pkl:3;n03977966.pkl:4|class=934:n07697537.pkl:1;n07697537.pkl:2;n07697537.pkl:5|class=584:n03476684.pkl:0;n03476684.pkl:2;n03476684.pkl:4
vit,453,453,+,58,32,19,10,0.08767858372000599,0.1455069068858256,0.029802082944937948,0.06702721710816793,0.6692856858505614,0.10445436306794163,class=292:n02129604.pkl:1;n02129604.pkl:4;n02129604.pkl:5|class=960:n07836838.pkl:0;n07836838.pkl:1;n07836838.pkl:6|class=395:n02641379.pkl:3;n02641379.pkl:8;n02641379.pkl:16
vit,454,454,+,66,49,30,11,0.10653964258895847,0.15548162934262602,0.03587848504556513,0.07335099315018843,0.7096762659163129,0.07848011229381653,class=208:n02099712.pkl:0;n02099712.pkl:5;n02099712.pkl:7|class=926:n07590611.pkl:2;n07590611.pkl:3;n07590611.pkl:4|class=435:n02808440.pkl:7;n02808440.pkl:8;n02808440.pkl:10
vit,455,455,+,60,43,20,7,0.08323214076349776,0.13413073592246863,0.023049384996928646,0.052606836251430415,0.7008368444026295,0.10348559768893426,class=127:n02002556.pkl:4;n02002556.pkl:5;n02002556.pkl:7|class=134:n02012849.pkl:13;n02012849.pkl:35;n02012849.pkl:38|class=256:n02111277.pkl:6;n02111277.pkl:9;n02111277.pkl:28
vit,456,456,+,77,36,20,8,0.06260355384008315,0.1393112637277772,0.0272383028971543,0.07908489130165143,0.6143589325197957,0.12246737601650337,class=442:n02825657.pkl:0;n02825657.pkl:1;n02825657.pkl:4|class=524:n03146219.pkl:3;n03146219.pkl:5;n03146219.pkl:6|class=411:n02730930.pkl:0;n02730930.pkl:7;n02730930.pkl:20
vit,457,457,+,29,18,11,6,0.13702294411938512,0.2204278799647344,0.04960971455716225,0.13787514849186003,0.5274432538925298,0.30082529550898085,class=154:n02086079.pkl:1;n02086079.pkl:2;n02086079.pkl:3|class=719:n03935335.pkl:6;n03935335.pkl:12;n03935335.pkl:28|class=394:n02640242.pkl:2;n02640242.pkl:21;n02640242.pkl:24
vit,458,458,+,81,52,30,10,0.09261847055319472,0.14030222674639528,0.02472535207317429,0.04965377808043997,0.7552993158650178,0.06213481732648778,class=476:n02966193.pkl:2;n02966193.pkl:9;n02966193.pkl:14|class=279:n02120079.pkl:4;n02120079.pkl:15;n02120079.pkl:23|class=886:n04525305.pkl:2;n04525305.pkl:3;n04525305.pkl:8
vit,459,459,+,82,43,25,10,0.08172742524235073,0.1577608713530763,0.032179998311257924,0.08522773873512572,0.6555833804372037,0.09773646121530022,class=940:n07716906.pkl:1;n07716906.pkl:2;n07716906.pkl:4|class=436:n02814533.pkl:4;n02814533.pkl:7;n02814533.pkl:8|class=846:n04380533.pkl:0;n04380533.pkl:1;n04380533.pkl:2
vit,460,460,+,45,29,18,6,0.11669150640484877,0.19099336259312114,0.0417437057904941,0.11561696082739323,0.5897216207118143,0.1926924661779953,class=350:n02417914.pkl:0;n02417914.pkl:1;n02417914.pkl:4|class=727:n03956157.pkl:8;n03956157.pkl:11;n03956157.pkl:17|class=528:n03187595.pkl:1;n03187595.pkl:18;n03187595.pkl:20
vit,461,461,+,81,53,25,9,0.0568010238597792,0.07932115559817182,0.014866860282144146,0.023172267140846484,0.803147730143563,0.04233823749712254,class=545:n03271574.pkl:2;n03271574.pkl:7;n03271574.pkl:11|class=148:n02071294.pkl:2;n02071294.pkl:58;n02071294.pkl:92|class=472:n02951358.pkl:51;n02951358.pkl:54;n02951358.pkl:59
vit,462,462,+,67,34,14,4,0.03634909593779227,0.061835882343053906,0.010722874342517993,0.019846169284483597,0.7700352019452393,0.06605306026392872,class=122:n01983481.pkl:18;n01983481.pkl:41;n01983481.pkl:49|class=554:n03344393.pkl:1;n03344393.pkl:8;n03344393.pkl:15|class=639:n03710721.pkl:33;n03710721.pkl:51;n03710721.pkl:90
vit,463,463,+,78,47,27,14,0.09245314718418743,0.16871641656182468,0.03519352274477807,0.08846350043759588,0.6652128818468276,0.0938248283855119,class=73:n01773549.pkl:2;n01773549.pkl:4;n01773549.pkl:8|class=389:n02514041.pkl:1;n02514041.pkl:2;n02514041.pkl:3|class=443:n02834397.pkl:0;n02834397.pkl:2;n02834397.pkl:3
vit,464,464,+,81,41,13,5,0.0462534735706269,0.10214327621439391,0.0172854607601815,0.050598953360014395,0.635188191909554,0.11813361094020938,class=414:n02769748.pkl:1;n02769748.pkl:6;n02769748.pkl:7|class=842:n04371430.pkl:7;n04371430.pkl:10;n04371430.pkl:26|class=594:n03495258.pkl:0;n03495258.pkl:3;n03495258.pkl:5
vit,465,465,+,75,35,20,9,0.07321833637410657,0.15562942548588263,0.0333023635661932,0.08816141941755146,0.6189570098716268,0.10677611723233578,class=529:n03188531.pkl:0;n03188531.pkl:2;n03188531.pkl:5|class=690:n03868242.pkl:4;n03868242.pkl:8;n03868242.pkl:13|class=679:n03814906.pkl:1;n03814906.pkl:5;n03814906.pkl:6
vit,466,466,+,34,25,15,5,0.1192093956096825,0.16710024866119336,0.024513124026589672,0.04304413740813397,0.7273383818114952,0.1201001722714492,class=754:n04041544.pkl:1;n04041544.pkl:2;n04041544.pkl:6|class=16:n01560419.pkl:2;n01560419.pkl:6;n01560419.pkl:12|class=363:n02454379.pkl:11;n02454379.pkl:25;n02454379.pkl:35
vit,467,467,+,70,43,24,8,0.07986539300079638,0.12352063174797236,0.02123342988213123,0.03924679344032255,0.7457965492656311,0.06309135454487379,class=96:n01843383.pkl:1;n01843383.pkl:12;n01843383.pkl:35|class=920:n06874185.pkl:4;n06874185.pkl:6;n06874185.pkl:9|class=897:n04554684.pkl:6;n04554684.pkl:7;n04554684.pkl:15
vit,468,468,+,75,43,27,9,0.07792101858894018,0.1369789076404042,0.02621024116403727,0.0674118920166787,0.6858552895952413,0.10153356697058871,class=391:n02536864.pkl:10;n02536864.pkl:12;n02536864.pkl:13|class=690:n03868242.pkl:0;n03868242.pkl:4;n03868242.pkl:5|class=355:n02437616.pkl:0;n02437616.pkl:7;n02437616.pkl:10
vit,469,469,+,63,35,17,5,0.05291877503580337,0.1202108942033056,0.021765123528768315,0.08185591638665353,0.5744146429601008,0.2403838624635524,class=15:n01558993.pkl:0;n01558993.pkl:1;n01558993.pkl:3|class=798:n04238763.pkl:13;n04238763.pkl:20;n04238763.pkl:45|class=661:n03777568.pkl:4;n03777568.pkl:5;n03777568.pkl:20
vit,470,470,+,65,41,25,9,0.09326913711015487,0.15802869746669043,0.03487069945386892,0.08864955147836118,0.659501290979027,0.11481483784990412,class=156:n02086646.pkl:0;n02086646.pkl:1;n02086646.pkl:2|class=969:n07932039.pkl:0;n07932039.pkl:1;n07932039.pkl:2|class=358:n02443114.pkl:0;n02443114.pkl:2;n02443114.pkl:9
vit,471,471,+,63,35,18,3,0.04804514288608751,0.08173551779075468,0.012977465358285664,0.024965449374382137,0.7614938530826743,0.07461633337020038,class=467:n02927161.pkl:13;n02927161.pkl:20;n02927161.pkl:42|class=354:n02437312.pkl:2;n02437312.pkl:4;n02437312.pkl:25|class=720:n03937543.pkl:14;n03937543.pkl:29;n03937543.pkl:42
vit,472,472,+,88,54,31,7,0.06198380798259071,0.09455211484727118,0.016555682444572263,0.031115757949252615,0.7822143612303156,0.05150424207156116,class=682:n03837869.pkl:5;n03837869.pkl:7;n03837869.pkl:12|class=50:n01698640.pkl:7;n01698640.pkl:8;n01698640.pkl:18|class=808:n04259630.pkl:12;n04259630.pkl:31;n04259630.pkl:44
vit,473,473,+,75,45,27,12,0.09318849713429785,0.15363500850118053,0.03064781159323288,0.069339661874362,0.7000493810015069,0.08158342474110485,class=160:n02088094.pkl:1;n02088094.pkl:2;n02088094.pkl:7|class=40:n01682714.pkl:0;n01682714.pkl:8;n01682714.pkl:9|class=150:n02077923.pkl:3;n02077923.pkl:14;n02077923.pkl:16
vit,474,474,+,66,38,25,6,0.08356703146551626,0.14318241859719547,0.028694834279178256,0.07636206202210977,0.6578611457953413,0.12245255163503815,class=688:n03857828.pkl:0;n03857828.pkl:1;n03857828.pkl:4|class=701:n03888257.pkl:5;n03888257.pkl:7;n03888257.pkl:10|class=493:n03016953.pkl:2;n03016953.pkl:3;n03016953.pkl:8
vit,475,475,+,87,43,21,6,0.05046026575967057,0.11904465106677857,0.020311441092592728,0.07557674668522225,0.5965964617746612,0.17063289879759835,class=243:n02108422.pkl:1;n02108422.pkl:2;n02108422.pkl:3|class=672:n03792972.pkl:7;n03792972.pkl:10;n03792972.pkl:12|class=826:n04328186.pkl:2;n04328186.pkl:3;n04328186.pkl:25
vit,476,476,+,35,20,12,7,0.14314830443841156,0.23162224416419447,0.05773368842024816,0.131558473294297,0.5818503308721348,0.17692943793400306,class=324:n02280649.pkl:0;n02280649.pkl:1;n02280649.pkl:3|class=15:n01558993.pkl:2;n01558993.pkl:6;n01558993.pkl:8|class=455:n02877765.pkl:1;n02877765.pkl:4;n02877765.pkl:5
vit,477,477,+,64,43,21,5,0.06085009151218482,0.08078583464184962,0.016118150317810623,0.02329196146754945,0.8188132580308151,0.04825384858715048,class=572:n03443371.pkl:3;n03443371.pkl:5;n03443371.pkl:6|class=423:n02791124.pkl:10;n02791124.pkl:35;n02791124.pkl:39|class=821:n04311004.pkl:6;n04311004.pkl:42;n04311004.pkl:47
vit,478,478,+,65,47,29,11,0.10312025196109179,0.15024475443661037,0.03832757302341138,0.08733012785770293,0.6980339503082588,0.09525618071288565,class=181:n02093647.pkl:0;n02093647.pkl:4;n02093647.pkl:5|class=366:n02480855.pkl:0;n02480855.pkl:4;n02480855.pkl:5|class=760:n04070727.pkl:1;n04070727.pkl:3;n04070727.pkl:7
vit,479,479,+,55,37,23,9,0.09569664820707939,0.16024503735583212,0.037587907839854454,0.1172935118353593,0.6200276469360655,0.19522898557670176,class=25:n01629819.pkl:0;n01629819.pkl:1;n01629819.pkl:2|class=266:n02113712.pkl:0;n02113712.pkl:3;n02113712.pkl:9|class=630:n03680355.pkl:3;n03680355.pkl:14;n03680355.pkl:16
vit,480,480,+,67,41,28,12,0.09908331863896437,0.16417478504320449,0.03341888846206023,0.06579656715225331,0.7169959386671423,0.07278127483609441,class=769:n04118776.pkl:4;n04118776.pkl:5;n04118776.pkl:7|class=967:n07920052.pkl:0;n07920052.pkl:1;n07920052.pkl:12|class=452:n02869837.pkl:3;n02869837.pkl:13;n02869837.pkl:16
vit,481,481,+,76,32,17,2,0.03254907654872653,0.06264212197535166,0.009981234031911245,0.02322714760299445,0.7346073575047318,0.0844119670012961,class=781:n04149813.pkl:3;n04149813.pkl:18;n04149813.pkl:28|class=522:n03134739.pkl:25;n03134739.pkl:42;n03134739.pkl:44|class=213:n02100877.pkl:7;n02100877.pkl:55;n02100877.pkl:59
vit,482,482,+,51,28,17,9,0.07199406104717403,0.10758698618345972,0.021910115544289895,0.038559520382155994,0.7261809215839039,0.08033790659244303,class=821:n04311004.pkl:0;n04311004.pkl:1;n04311004.pkl:12|class=661:n03777568.pkl:6;n03777568.pkl:16;n03777568.pkl:23|class=378:n02492035.pkl:3;n02492035.pkl:8;n02492035.pkl:28
vit,483,483,+,27,17,7,6,0.13106443525996,0.22111085013891074,0.038860035000209944,0.08502777984616673,0.5726139800553289,0.21435451263615188,class=283:n02123394.pkl:0;n02123394.pkl:6;n02123394.pkl:12|class=84:n01806143.pkl:2;n01806143.pkl:5;n01806143.pkl:9|class=753:n04040759.pkl:10;n04040759.pkl:11;n04040759.pkl:27
vit,484,484,+,53,35,21,10,0.1329843381461424,0.2028441608883882,0.0480741809999772,0.11001148167401743,0.6529599647030665,0.11767234377137706,class=63:n01748264.pkl:0;n01748264.pkl:1;n01748264.pkl:5|class=746:n04019541.pkl:1;n04019541.pkl:5;n04019541.pkl:11|class=756:n04049303.pkl:3;n04049303.pkl:9;n04049303.pkl:10
vit,485,485,+,54,34,20,9,0.0931209896138058,0.1605642402804507,0.03492864837931304,0.07747348133745473,0.6591598119381917,0.10962490533390906,class=34:n01665541.pkl:0;n01665541.pkl:3;n01665541.pkl:5|class=500:n03042490.pkl:1;n03042490.pkl:4;n03042490.pkl:6|class=544:n03259280.pkl:0;n03259280.pkl:5;n03259280.pkl:30
vit,486,486,+,90,45,28,16,0.06703037054800394,0.12084264035503235,0.02444343935267558,0.05598830662523728,0.7148528366722516,0.06940560383263993,class=849:n04398044.pkl:2;n04398044.pkl:7;n04398044.pkl:10|class=511:n03100240.pkl:1;n03100240.pkl:2;n03100240.pkl:3|class=46:n01693334.pkl:8;n01693334.pkl:28;n01693334.pkl:45
vit,487,487,+,90,44,27,8,0.058709490190147595,0.12810609887082688,0.022734907793608174,0.07168889988783538,0.6371048152288896,0.12158888839737425,class=27:n01631663.pkl:0;n01631663.pkl:3;n01631663.pkl:4|class=307:n02177972.pkl:1;n02177972.pkl:2;n02177972.pkl:8|class=656:n03770679.pkl:13;n03770679.pkl:18;n03770679.pkl:27
vit,488,488,+,96,58,32,11,0.05740413128961297,0.0948457954505648,0.019055921882135344,0.04211075715804408,0.7549080066163723,0.061285870416220925,class=403:n02687172.pkl:0;n02687172.pkl:1;n02687172.pkl:4|class=434:n02808304.pkl:0;n02808304.pkl:2;n02808304.pkl:11|class=409:n02708093.pkl:46;n02708093.pkl:52;n02708093.pkl:61
vit,489,489,+,68,40,24,6,0.05919957261797483,0.0785673572279327,0.015834499624780226,0.02598544052324791,0.7937882979898612,0.05431020286147952,class=180:n02093428.pkl:0;n02093428.pkl:5;n02093428.pkl:7|class=587:n03481172.pkl:0;n03481172.pkl:7;n03481172.pkl:10|class=194:n02096437.pkl:6;n02096437.pkl:8;n02096437.pkl:31
vit,490,490,+,74,50,34,13,0.10192476788921014,0.14571724750130208,0.03057283996643312,0.05907680549617399,0.7596065633840128,0.06397159351074745,class=703:n03891251.pkl:0;n03891251.pkl:2;n03891251.pkl:3|class=631:n03690938.pkl:6;n03690938.pkl:16;n03690938.pkl:20|class=607:n03590841.pkl:10;n03590841.pkl:13;n03590841.pkl:18
vit,491,491,+,73,46,28,15,0.09971351719677915,0.14959818434628788,0.031291715631743,0.05452809131273414,0.7555980164910296,0.055295340113138775,class=428:n02797295.pkl:4;n02797295.pkl:7;n02797295.pkl:13|class=663:n03781244.pkl:0;n03781244.pkl:13;n03781244.pkl:24|class=196:n02097047.pkl:20;n02097047.pkl:26;n02097047.pkl:31
vit,492,492,+,95,52,30,14,0.08994400029264396,0.16470116660813677,0.029920582024864122,0.07119800367101055,0.6894641925512612,0.07012984191700126,class=485:n02988304.pkl:0;n02988304.pkl:1;n02988304.pkl:5|class=878:n04505470.pkl:2;n04505470.pkl:10;n04505470.pkl:11|class=404:n02690373.pkl:3;n02690373.pkl:11;n02690373.pkl:13
vit,493,493,+,94,46,31,10,0.06619098928745953,0.1411080976375358,0.026503841537882263,0.07787233261196436,0.6516949510637934,0.10247596888318708,class=746:n04019541.pkl:2;n04019541.pkl:3;n04019541.pkl:4|class=27:n01631663.pkl:0;n01631663.pkl:1;n01631663.pkl:6|class=248:n02109961.pkl:0;n02109961.pkl:4;n02109961.pkl:40
vit,494,494,+,59,30,15,5,0.06338980806942633,0.1197857081629436,0.02193062091671362,0.06337061592652259,0.6332039576009042,0.15847051109123486,class=56:n01734418.pkl:0;n01734418.pkl:2;n01734418.pkl:5|class=292:n02129604.pkl:2;n02129604.pkl:12;n02129604.pkl:18|class=39:n01677366.pkl:18;n01677366.pkl:37;n01677366.pkl:41
vit,495,495,+,33,20,12,5,0.10647219544262532,0.17800149975332577,0.03471480170355642,0.07334986197746421,0.6280619249379362,0.16558978670365126,class=797:n04235860.pkl:1;n04235860.pkl:3;n04235860.pkl:5|class=612:n03599486.pkl:0;n03599486.pkl:2;n03599486.pkl:9|class=889:n04536866.pkl:3;n04536866.pkl:10;n04536866.pkl:13
vit,496,496,+,76,43,29,18,0.13348084349520284,0.21761104384157537,0.05460293671270228,0.12080041953114262,0.6921328382455951,0.07755869896596991,class=597:n03527444.pkl:1;n03527444.pkl:2;n03527444.pkl:5|class=333:n02342885.pkl:0;n02342885.pkl:1;n02342885.pkl:2|class=501:n03045698.pkl:1;n03045698.pkl:2;n03045698.pkl:4
vit,497,497,+,153,91,59,18,0.0726064594290062,0.1497113436380518,0.032326391807036885,0.09559515432570173,0.697291847010433,0.06369247862416724,class=734:n03977966.pkl:1;n03977966.pkl:2;n03977966.pkl:3|class=991:n12985857.pkl:1;n12985857.pkl:2;n12985857.pkl:4|class=780:n04147183.pkl:0;n04147183.pkl:1;n04147183.pkl:2
vit,498,498,+,42,24,11,3,0.06163137658564317,0.10274419834575083,0.014588877925705174,0.02748722124343411,0.7136113531875753,0.10833129808813341,class=198:n02097209.pkl:4;n02097209.pkl:11;n02097209.pkl:12|class=976:n09399592.pkl:13;n09399592.pkl:18;n09399592.pkl:40|class=651:n03761084.pkl:1;n03761084.pkl:9;n03761084.pkl:23
vit,499,499,+,66,38,19,7,0.058756616504123206,0.11357544186506029,0.01621663185312773,0.04437410020772185,0.6789819984654705,0.12859873798839036,class=851:n04404412.pkl:1;n04404412.pkl:3;n04404412.pkl:7|class=84:n01806143.pkl:6;n01806143.pkl:66;n01806143.pkl:80|class=806:n04254777.pkl:0;n04254777.pkl:7;n04254777.pkl:8
vit,500,500,+,53,30,18,8,0.08960033674664011,0.15988258472688352,0.03208891324692876,0.09047701261748699,0.6049769639846948,0.16886770286422756,class=320:n02268853.pkl:0;n02268853.pkl:1;n02268853.pkl:3|class=798:n04238763.pkl:8;n04238763.pkl:9;n04238763.pkl:12|class=992:n12998815.pkl:3;n12998815.pkl:11;n12998815.pkl:12
vit,501,501,+,16,10,5,3,0.11916949718609837,0.19360324364073336,0.03369411823080749,0.0735241114959173,0.4902134990382261,0.36009895123742625,class=83:n01798484.pkl:2;n01798484.pkl:3;n01798484.pkl:7|class=902:n04579432.pkl:14;n04579432.pkl:15;n04579432.pkl:17|class=336:n02361337.pkl:12;n02361337.pkl:14;n02361337.pkl:25
vit,502,502,+,20,14,5,0,0.07350399129276712,0.0841554740028824,0.007240865926425015,0.00975443846446085,0.7946187106234595,0.14073890600932246,class=863:n04458633.pkl:14;n04458633.pkl:29;n04458633.pkl:30|class=868:n04476259.pkl:67;n04476259.pkl:85;n04476259.pkl:181|class=563:n03388183.pkl:92;n03388183.pkl:153;n03388183.pkl:200
vit,503,503,+,69,40,26,11,0.09300211289793117,0.166418868623213,0.03873730900457003,0.11430773204617292,0.6127829684357486,0.14068806790492033,class=770:n04120489.pkl:0;n04120489.pkl:1;n04120489.pkl:2|class=330:n02325366.pkl:4;n02325366.pkl:5;n02325366.pkl:7|class=929:n07615774.pkl:12;n07615774.pkl:22;n07615774.pkl:23
vit,504,504,+,46,26,12,6,0.07121007669922852,0.12233859954548004,0.020141439268596188,0.03957835092991504,0.7012712384755104,0.10568059762633615,class=446:n02840245.pkl:1;n02840245.pkl:4;n02840245.pkl:7|class=687:n03854065.pkl:10;n03854065.pkl:23;n03854065.pkl:30|class=211:n02100583.pkl:3;n02100583.pkl:7;n02100583.pkl:36
vit,505,505,+,16,5,4,1,0.03702402502155359,0.06212635187305739,0.009524454679907464,0.015933758108151987,0.6495140203697802,0.23741869060963428,class=865:n04462240.pkl:34;n04462240.pkl:62;n04462240.pkl:77|class=26:n01630670.pkl:61;n01630670.pkl:71;n01630670.pkl:96|class=821:n04311004.pkl:3;n04311004.pkl:30;n04311004.pkl:32
vit,506,506,+,60,44,28,7,0.10674081207693432,0.15947309765982992,0.028062185179754194,0.06083341651209053,0.7271977429444842,0.09498982522616227,class=566:n03394916.pkl:3;n03394916.pkl:4;n03394916.pkl:6|class=311:n02226429.pkl:2;n02226429.pkl:4;n02226429.pkl:6|class=111:n01930112.pkl:38;n01930112.pkl:55;n01930112.pkl:57
vit,507,507,+,54,26,11,4,0.051560498477412425,0.09987297667902287,0.015033427474193341,0.03920601637144697,0.6411469607199625,0.14446779020981862,class=534:n03207941.pkl:3;n03207941.pkl:4;n03207941.pkl:8|class=95:n01843065.pkl:16;n01843065.pkl:20;n01843065.pkl:24|class=787:n04192698.pkl:7;n04192698.pkl:26;n04192698.pkl:27
vit,508,508,+,51,27,11,4,0.05776470771232547,0.10224285182353167,0.01273887450225646,0.025976925261642882,0.7120959203230306,0.10114267787984668,class=448:n02843684.pkl:8;n02843684.pkl:21;n02843684.pkl:24|class=302:n02167151.pkl:20;n02167151.pkl:38;n02167151.pkl:52|class=571:n03425413.pkl:27;n03425413.pkl:38;n03425413.pkl:41
vit,509,509,+,25,15,10,5,0.12495635214650774,0.19656927678577515,0.039119867988616,0.07243294652808187,0.639505305522699,0.17713159739251108,class=491:n03000684.pkl:20;n03000684.pkl:30;n03000684.pkl:33|class=942:n07717556.pkl:3;n07717556.pkl:8;n07717556.pkl:10|class=377:n02490219.pkl:35;n02490219.pkl:37;n02490219.pkl:59
vit,510,510,+,50,24,11,5,0.05213809326684833,0.10155519816435345,0.01397589090365323,0.030734620789241864,0.6787903157801097,0.11672232111584666,class=651:n03761084.pkl:2;n03761084.pkl:18;n03761084.pkl:33|class=761:n04074963.pkl:7;n04074963.pkl:9;n04074963.pkl:16|class=702:n03888605.pkl:0;n03888605.pkl:4;n03888605.pkl:8
vit,511,511,+,78,35,21,3,0.04368890244916907,0.07284630001209498,0.011184077120318915,0.019382462500699388,0.7851860283582437,0.05132603310355899,class=962:n07871810.pkl:2;n07871810.pkl:4;n07871810.pkl:14|class=915:n04613696.pkl:34;n04613696.pkl:45;n04613696.pkl:66|class=265:n02113624.pkl:11;n02113624.pkl:33;n02113624.pkl:65
vit,512,512,+,76,40,29,6,0.04787873409126112,0.06514234227870308,0.013628042962487407,0.02085556618000404,0.8051546967779805,0.04397298105084695,class=248:n02109961.pkl:26;n02109961.pkl:38;n02109961.pkl:43|class=754:n04041544.pkl:25;n04041544.pkl:69;n04041544.pkl:90|class=116:n01955084.pkl:2;n01955084.pkl:24;n01955084.pkl:27
vit,513,513,+,95,63,44,20,0.11844394562133645,0.18486314961089317,0.044741729456630276,0.09567030114270836,0.7273220543604492,0.05865512780300606,class=595:n03496892.pkl:2;n03496892.pkl:4;n03496892.pkl:5|class=197:n02097130.pkl:6;n02097130.pkl:7;n02097130.pkl:9|class=383:n02497673.pkl:1;n02497673.pkl:2;n02497673.pkl:4
vit,514,514,+,41,24,15,8,0.10615236288107027,0.17983053869558088,0.038848926166135604,0.08375532760924435,0.6478773373721869,0.13775628716133043,class=594:n03495258.pkl:1;n03495258.pkl:2;n03495258.pkl:4|class=405:n02692877.pkl:1;n02692877.pkl:7;n02692877.pkl:8|class=244:n02108551.pkl:6;n02108551.pkl:7;n02108551.pkl:14
vit,515,515,+,39,21,13,7,0.1179433785089255,0.2093265218421711,0.05080031758632186,0.13481843552773945,0.566376749544468,0.20623410549693955,class=20:n01601694.pkl:0;n01601694.pkl:1;n01601694.pkl:2|class=351:n02422106.pkl:2;n02422106.pkl:4;n02422106.pkl:5|class=40:n01682714.pkl:5;n01682714.pkl:8;n01682714.pkl:12
vit,516,516,+,70,45,21,10,0.07202153294000953,0.12347846689966163,0.020116974427700066,0.040669016364612384,0.7242927130329719,0.07267107522163703,class=275:n02116738.pkl:1;n02116738.pkl:9;n02116738.pkl:13|class=609:n03594945.pkl:2;n03594945.pkl:7;n03594945.pkl:11|class=978:n09428293.pkl:6;n09428293.pkl:15;n09428293.pkl:31
vit,517,517,+,75,51,24,9,0.07312771383656139,0.110345109720294,0.016504048628236536,0.028305102943905446,0.7795146274190112,0.05255149431581619,class=448:n02843684.pkl:10;n02843684.pkl:27;n02843684.pkl:31|class=236:n02107142.pkl:5;n02107142.pkl:8;n02107142.pkl:35|class=238:n02107574.pkl:48;n02107574.pkl:52;n02107574.pkl:57
vit,518,518,+,45,27,21,6,0.1036228000489517,0.14552078954201358,0.023743466209512624,0.045906375906580164,0.7114322756111588,0.10529242359680614,class=454:n02871525.pkl:0;n02871525.pkl:6;n02871525.pkl:16|class=214:n02101006.pkl:3;n02101006.pkl:8;n02101006.pkl:12|class=602:n03535780.pkl:19;n03535780.pkl:31;n03535780.pkl:41
vit,519,519,+,119,67,43,14,0.0703046003889712,0.135216458143256,0.026729427458536355,0.07226823251759076,0.6946242858746517,0.06983167489318311,class=31:n01644373.pkl:1;n01644373.pkl:2;n01644373.pkl:4|class=694:n03874293.pkl:0;n03874293.pkl:1;n03874293.pkl:2|class=657:n03773504.pkl:11;n03773504.pkl:17;n03773504.pkl:25
vit,520,520,+,184,91,57,19,0.047033753483376906,0.08817015711983003,0.019197103988372967,0.0393926313678592,0.780730934755374,0.028319245623435033,class=658:n03775071.pkl:6;n03775071.pkl:8;n03775071.pkl:11|class=357:n02442845.pkl:3;n02442845.pkl:8;n02442845.pkl:13|class=282:n02123159.pkl:4;n02123159.pkl:12;n02123159.pkl:20
vit,521,521,+,58,33,16,5,0.06147008103126146,0.1250930958435087,0.021416095685495084,0.0598242548200386,0.6178769506994304,0.15177970066190316,class=729:n03961711.pkl:4;n03961711.pkl:10;n03961711.pkl:25|class=916:n06359193.pkl:0;n06359193.pkl:3;n06359193.pkl:9|class=534:n03207941.pkl:11;n03207941.pkl:14;n03207941.pkl:16
vit,522,522,+,56,36,16,5,0.05897384107373353,0.08477251917412959,0.015288087885561793,0.025504806486464852,0.7675957375940936,0.06755637709094478,class=407:n02701002.pkl:9;n02701002.pkl:14;n02701002.pkl:60|class=648:n03742115.pkl:0;n03742115.pkl:2;n03742115.pkl:14|class=850:n04399382.pkl:0;n04399382.pkl:2;n04399382.pkl:4
vit,523,523,+,51,27,15,3,0.06552933928635858,0.1254649606317632,0.022249628097217374,0.061750480542314926,0.6179654710255925,0.17063845953381257,class=497:n03028079.pkl:0;n03028079.pkl:6;n03028079.pkl:9|class=604:n03544143.pkl:1;n03544143.pkl:2;n03544143.pkl:4|class=53:n01728920.pkl:6;n01728920.pkl:13;n01728920.pkl:35
vit,524,524,+,38,22,13,6,0.09742311507878569,0.15519449631885007,0.0303696031138339,0.07356433880068436,0.6255866808095704,0.1807248719723823,class=873:n04486054.pkl:1;n04486054.pkl:3;n04486054.pkl:5|class=10:n01530575.pkl:31;n01530575.pkl:32;n01530575.pkl:62|class=966:n07892512.pkl:9;n07892512.pkl:16;n07892512.pkl:17
vit,525,525,+,65,40,19,4,0.059655922230619544,0.10084269735007419,0.01815321970712889,0.044119870455686556,0.6993266061783745,0.10626031612547958,class=593:n03494278.pkl:1;n03494278.pkl:2;n03494278.pkl:3|class=605:n03584254.pkl:0;n03584254.pkl:8;n03584254.pkl:10|class=250:n02110185.pkl:11;n02110185.pkl:29;n02110185.pkl:39
vit,526,526,+,63,40,21,7,0.07706647128429298,0.13698363213105347,0.024894215416240498,0.07183470866348192,0.6291565911960703,0.14804251173770439,class=919:n06794110.pkl:2;n06794110.pkl:3;n06794110.pkl:6|class=2:n01484850.pkl:0;n01484850.pkl:1;n01484850.pkl:3|class=187:n02094433.pkl:6;n02094433.pkl:11;n02094433.pkl:26
vit,527,527,+,62,34,23,4,0.06014438741369553,0.1000798886095813,0.0184093911974691,0.042066737425918155,0.705146846110453,0.10034745795452997,class=261:n02112350.pkl:3;n02112350.pkl:10;n02112350.pkl:19|class=457:n02883205.pkl:0;n02883205.pkl:2;n02883205.pkl:3|class=343:n02397096.pkl:3;n02397096.pkl:8;n02397096.pkl:12
vit,528,528,+,16,13,10,4,0.20832606049836194,0.283745653286443,0.07867653098947318,0.18445493547298675,0.5125714954402258,0.40603435280098443,class=24:n01622779.pkl:0;n01622779.pkl:2;n01622779.pkl:3|class=994:n13040303.pkl:1;n13040303.pkl:22;n13040303.pkl:38|class=535:n03208938.pkl:1;n03208938.pkl:15;n03208938.pkl:21
vit,529,529,+,38,27,11,3,0.06574946570789235,0.10823043477551908,0.016370835874827364,0.034996849129619374,0.7048387291440927,0.14657894223418402,class=628:n03673027.pkl:9;n03673027.pkl:10;n03673027.pkl:12|class=258:n02111889.pkl:4;n02111889.pkl:22;n02111889.pkl:65|class=432:n02804610.pkl:3;n02804610.pkl:12;n02804610.pkl:25
vit,530,530,+,27,11,7,2,0.05739839026775108,0.13535119570999962,0.0275818302689445,0.1067477096373412,0.336005636407043,0.5917996740855157,class=3:n01491361.pkl:1;n01491361.pkl:4;n01491361.pkl:7|class=603:n03538406.pkl:9;n03538406.pkl:17;n03538406.pkl:40|class=708:n03903868.pkl:3;n03903868.pkl:165;n03903868.pkl:288
vit,531,531,+,58,32,18,6,0.05549289458931154,0.09843300293124421,0.01823461839687471,0.046858697597942284,0.6763511936689429,0.13109820598471214,class=937:n07714990.pkl:0;n07714990.pkl:1;n07714990.pkl:2|class=992:n12998815.pkl:0;n12998815.pkl:6;n12998815.pkl:9|class=838:n04357314.pkl:0;n04357314.pkl:3;n04357314.pkl:6
vit,532,532,+,86,47,28,9,0.05183124264271702,0.08426050641676872,0.014243993047050369,0.02395830136580949,0.7915489909562567,0.04452443695637932,class=906:n04591157.pkl:7;n04591157.pkl:15;n04591157.pkl:20|class=602:n03535780.pkl:7;n03535780.pkl:14;n03535780.pkl:22|class=504:n03063599.pkl:5;n03063599.pkl:13;n03063599.pkl:37
vit,533,533,+,28,18,10,3,0.0760501271125414,0.11320359004363621,0.020383976958064338,0.03921837229127331,0.6761167381629853,0.1679178788529453,class=985:n11939491.pkl:2;n11939491.pkl:5;n11939491.pkl:9|class=20:n01601694.pkl:13;n01601694.pkl:23;n01601694.pkl:24|class=422:n02790996.pkl:4;n02790996.pkl:9;n02790996.pkl:13
vit,534,534,+,92,41,27,7,0.043752176699931096,0.08420354173145632,0.016270463808199215,0.039862888135147746,0.7115535037977451,0.07611495471360807,class=435:n02808440.pkl:0;n02808440.pkl:1;n02808440.pkl:10|class=926:n07590611.pkl:0;n07590611.pkl:3;n07590611.pkl:4|class=701:n03888257.pkl:6;n03888257.pkl:7;n03888257.pkl:18
vit,535,535,+,50,27,17,5,0.06969825155363503,0.131675060800736,0.020461964630670394,0.05431638511431969,0.6424659901647463,0.16092792392592462,class=825:n04326547.pkl:4;n04326547.pkl:5;n04326547.pkl:6|class=830:n04336792.pkl:0;n04336792.pkl:20;n04336792.pkl:31|class=524:n03146219.pkl:11;n03146219.pkl:22;n03146219.pkl:37
vit,536,536,+,10,5,1,0,0.01992198876143863,0.018465253517786242,0.003090661885526526,0.0038383109550037247,0.7423403699992558,0.25423300430195517,class=41:n01685808.pkl:68;n01685808.pkl:143;n01685808.pkl:265|class=318:n02264363.pkl:0;n02264363.pkl:25;n02264363.pkl:241|class=268:n02113978.pkl:57;n02113978.pkl:243
vit,537,537,+,60,39,28,13,0.12977070858353504,0.16650141099253454,0.042121849692667995,0.0757435531541745,0.7447368695546999,0.07055878190869845,class=295:n02133161.pkl:1;n02133161.pkl:5;n02133161.pkl:6|class=911:n04599235.pkl:6;n04599235.pkl:9;n04599235.pkl:15|class=672:n03792972.pkl:7;n03792972.pkl:10;n03792972.pkl:13
vit,538,538,+,38,25,15,7,0.14396254552625448,0.2271338395552604,0.06605878401933017,0.1641997264808752,0.5704883571275765,0.1889081408657872,class=300:n02165105.pkl:1;n02165105.pkl:2;n02165105.pkl:3|class=832:n04346328.pkl:0;n04346328.pkl:2;n04346328.pkl:3|class=909:n04596742.pkl:2;n04596742.pkl:4;n04596742.pkl:7
vit,539,539,+,51,29,13,5,0.05960653004691252,0.11069140078416778,0.01940028670402315,0.04748661582741195,0.6546833691470674,0.13708568733480342,class=233:n02106382.pkl:2;n02106382.pkl:3;n02106382.pkl:5|class=692:n03871628.pkl:9;n03871628.pkl:10;n03871628.pkl:23|class=602:n03535780.pkl:2;n03535780.pkl:42;n03535780.pkl:69
vit,540,540,+,114,61,36,12,0.05276496692379291,0.10251442796169817,0.020407899021987377,0.05381042179432789,0.7101880708421877,0.06975809810564267,class=54:n01729322.pkl:0;n01729322.pkl:2;n01729322.pkl:3|class=857:n04429376.pkl:2;n04429376.pkl:4;n04429376.pkl:8|class=82:n01797886.pkl:11;n01797886.pkl:12;n01797886.pkl:16
vit,541,541,+,47,31,19,5,0.09129197592104019,0.13100038340746128,0.02248935247649264,0.038785600050445554,0.761710453643831,0.08455991777754007,class=564:n03388549.pkl:6;n03388549.pkl:8;n03388549.pkl:13|class=933:n07697313.pkl:2;n07697313.pkl:4;n07697313.pkl:7|class=937:n07714990.pkl:14;n07714990.pkl:18;n07714990.pkl:21
vit,542,542,+,35,20,10,4,0.0627626847542584,0.13241417583876341,0.03092536857640626,0.09953840683861966,0.48975209413549897,0.3245658715461769,class=923:n07579787.pkl:1;n07579787.pkl:3;n07579787.pkl:5|class=161:n02088238.pkl:21;n02088238.pkl:36;n02088238.pkl:51|class=668:n03788195.pkl:17;n03788195.pkl:22;n03788195.pkl:34
vit,543,543,+,39,25,17,5,0.10341411200985173,0.1717976216765418,0.040960541749248985,0.10578304556843203,0.5838802847329255,0.19665678845943674,class=516:n03125729.pkl:2;n03125729.pkl:4;n03125729.pkl:5|class=468:n02930766.pkl:2;n02930766.pkl:3;n02930766.pkl:5|class=316:n02256656.pkl:5;n02256656.pkl:9;n02256656.pkl:11
vit,544,544,+,20,10,5,5,0.11364464079152263,0.1871938460165486,0.042780219764205304,0.0847638284033807,0.5501724121608577,0.24629313405858377,class=159:n02087394.pkl:3;n02087394.pkl:5;n02087394.pkl:11|class=926:n07590611.pkl:2;n07590611.pkl:6;n07590611.pkl:7|class=825:n04326547.pkl:12;n04326547.pkl:26;n04326547.pkl:28
vit,545,545,+,42,25,13,8,0.1360243952295494,0.24752769995828044,0.06315389759351313,0.16360864613038548,0.5533968095687627,0.18360441641437483,class=396:n02643566.pkl:0;n02643566.pkl:1;n02643566.pkl:4|class=714:n03929660.pkl:0;n03929660.pkl:5;n03929660.pkl:6|class=123:n01984695.pkl:0;n01984695.pkl:1;n01984695.pkl:5
vit,546,546,+,68,45,25,6,0.0708272274605264,0.10749519977920918,0.020517669961545946,0.04928607212896107,0.7080595049216074,0.09956205208474284,class=815:n04275548.pkl:4;n04275548.pkl:9;n04275548.pkl:11|class=158:n02087046.pkl:4;n02087046.pkl:7;n02087046.pkl:8|class=537:n03218198.pkl:4;n03218198.pkl:11;n03218198.pkl:20
vit,547,547,+,82,51,30,14,0.08945995385550597,0.13851964078510115,0.030538309523583218,0.063187096806262,0.7313407582013673,0.06440503451020957,class=173:n02091244.pkl:3;n02091244.pkl:5;n02091244.pkl:7|class=187:n02094433.pkl:0;n02094433.pkl:1;n02094433.pkl:6|class=975:n09332890.pkl:16;n09332890.pkl:34;n09332890.pkl:41
vit,548,548,+,65,37,20,7,0.08578823511878271,0.16625456540794967,0.032096782147474245,0.08077129327958443,0.6331537073382018,0.11281125596784752,class=715:n03929855.pkl:3;n03929855.pkl:4;n03929855.pkl:5|class=396:n02643566.pkl:2;n02643566.pkl:7;n02643566.pkl:12|class=455:n02877765.pkl:2;n02877765.pkl:13;n02877765.pkl:16
vit,549,549,+,85,53,35,19,0.11843346538910832,0.18030936359566274,0.03997477420613453,0.0844502223439462,0.7240450598934436,0.06427091093185051,class=535:n03208938.pkl:0;n03208938.pkl:1;n03208938.pkl:2|class=230:n02105855.pkl:3;n02105855.pkl:6;n02105855.pkl:12|class=281:n02123045.pkl:3;n02123045.pkl:5;n02123045.pkl:6
vit,550,550,+,51,28,24,11,0.1282464388149532,0.19886601302180712,0.054543947834516916,0.11358027042278593,0.6717187380183387,0.10463202928657317,class=550:n03297495.pkl:1;n03297495.pkl:2;n03297495.pkl:3|class=711:n03916031.pkl:2;n03916031.pkl:9;n03916031.pkl:10|class=278:n02119789.pkl:0;n02119789.pkl:11;n02119789.pkl:16
vit,551,551,+,60,40,26,6,0.09428357844367509,0.140948217660497,0.022809395355310395,0.0405029642730026,0.7668948469336441,0.06921934100540596,class=239:n02107683.pkl:1;n02107683.pkl:2;n02107683.pkl:8|class=41:n01685808.pkl:15;n01685808.pkl:22;n01685808.pkl:26|class=854:n04418357.pkl:9;n04418357.pkl:37;n04418357.pkl:41
vit,552,552,+,116,70,43,14,0.07962468613373207,0.13574764670328202,0.02745165474839765,0.060951051767190935,0.7376739305486565,0.05111857912093202,class=780:n04147183.pkl:0;n04147183.pkl:3;n04147183.pkl:5|class=88:n01818515.pkl:1;n01818515.pkl:7;n01818515.pkl:10|class=601:n03534580.pkl:7;n03534580.pkl:8;n03534580.pkl:10
vit,553,553,+,72,45,27,9,0.07793965303283616,0.13403823086734026,0.025755438664742225,0.07356541286159264,0.6791402692146639,0.12720116271096862,class=404:n02690373.pkl:0;n02690373.pkl:2;n02690373.pkl:3|class=392:n02606052.pkl:38;n02606052.pkl:43;n02606052.pkl:45|class=748:n04026417.pkl:10;n04026417.pkl:63;n04026417.pkl:66
vit,554,554,+,56,34,18,4,0.07132914139609872,0.1420918963050716,0.024664491220776248,0.08327054420030423,0.5831606780153853,0.22139746442782401,class=833:n04347754.pkl:6;n04347754.pkl:8;n04347754.pkl:9|class=281:n02123045.pkl:3;n02123045.pkl:24;n02123045.pkl:49|class=728:n03958227.pkl:12;n03958227.pkl:13;n03958227.pkl:26
vit,555,555,+,82,51,32,14,0.10383921032427396,0.16801107942185017,0.030721206465271426,0.060928135347956755,0.730067796849035,0.06016243457853333,class=807:n04258138.pkl:4;n04258138.pkl:5;n04258138.pkl:7|class=359:n02443484.pkl:0;n02443484.pkl:1;n02443484.pkl:3|class=793:n04209133.pkl:0;n04209133.pkl:1;n04209133.pkl:4
vit,556,556,+,75,45,25,10,0.07360757221390452,0.12068288067916377,0.024658948122826287,0.049691341894929755,0.733417474712823,0.06747742750969933,class=523:n03141823.pkl:0;n03141823.pkl:1;n03141823.pkl:6|class=182:n02093754.pkl:9;n02093754.pkl:11;n02093754.pkl:12|class=703:n03891251.pkl:9;n03891251.pkl:10;n03891251.pkl:14
vit,557,557,+,36,21,8,2,0.049225158246925096,0.11065571153428752,0.01774426588609086,0.049030078005810246,0.5753542656134734,0.23986113751497648,class=327:n02317335.pkl:0;n02317335.pkl:1;n02317335.pkl:4|class=880:n04509417.pkl:8;n04509417.pkl:14;n04509417.pkl:18|class=686:n03843555.pkl:68;n03843555.pkl:88;n03843555.pkl:98
vit,558,558,+,53,29,17,7,0.08725493545032233,0.14545554983441122,0.02636809342983771,0.05903340897961646,0.6788492634413474,0.11343988644356644,class=901:n04579145.pkl:3;n04579145.pkl:5;n04579145.pkl:7|class=900:n04562935.pkl:6;n04562935.pkl:12;n04562935.pkl:14|class=179:n02093256.pkl:3;n02093256.pkl:22;n02093256.pkl:48
vit,559,559,+,26,13,6,2,0.06250335561433909,0.12905624057501802,0.018095873215111268,0.04747797533052169,0.5365880373783599,0.30322127687929246,class=260:n02112137.pkl:3;n02112137.pkl:7;n02112137.pkl:11|class=873:n04486054.pkl:11;n04486054.pkl:34;n04486054.pkl:40|class=946:n07730033.pkl:89;n07730033.pkl:151;n07730033.pkl:176
vit,560,560,+,76,50,33,19,0.13096582951551444,0.1922291026743564,0.0449280260415556,0.08297267710707656,0.7466418270035605,0.05803470054605086,class=88:n01818515.pkl:1;n01818515.pkl:2;n01818515.pkl:3|class=71:n01770393.pkl:0;n01770393.pkl:2;n01770393.pkl:3|class=344:n02398521.pkl:10;n02398521.pkl:13;n02398521.pkl:16
vit,561,561,+,29,19,10,2,0.06940783681335762,0.08992519419699806,0.013679389426579359,0.020167482353650776,0.7668988695869796,0.10943281204872013,class=584:n03476684.pkl:7;n03476684.pkl:32;n03476684.pkl:36|class=58:n01737021.pkl:8;n01737021.pkl:21;n01737021.pkl:57|class=510:n03095699.pkl:9;n03095699.pkl:51;n03095699.pkl:55
vit,562,562,+,95,52,38,17,0.0964574494904744,0.1696616278928068,0.04148060154029438,0.09160045058408336,0.7042262789339446,0.061857528312942264,class=821:n04311004.pkl:1;n04311004.pkl:2;n04311004.pkl:4|class=943:n07718472.pkl:2;n07718472.pkl:3;n07718472.pkl:6|class=71:n01770393.pkl:3;n01770393.pkl:5;n01770393.pkl:7
vit,563,563,+,25,19,10,4,0.12533810695492675,0.17788292818145304,0.03887642502891456,0.0717550117325005,0.6375372904311614,0.17626735551195302,class=268:n02113978.pkl:3;n02113978.pkl:5;n02113978.pkl:12|class=877:n04501370.pkl:2;n04501370.pkl:10;n04501370.pkl:18|class=915:n04613696.pkl:3;n04613696.pkl:6;n04613696.pkl:18
vit,564,564,+,105,68,38,13,0.09088026235512425,0.17398745846061525,0.03989957536570995,0.11795422506722665,0.6476071273236716,0.09275788443159802,class=985:n11939491.pkl:0;n11939491.pkl:2;n11939491.pkl:3|class=383:n02497673.pkl:3;n02497673.pkl:4;n02497673.pkl:5|class=981:n09835506.pkl:2;n09835506.pkl:3;n09835506.pkl:4
vit,565,565,+,45,29,19,7,0.09107852050810952,0.1266651867227711,0.0287101929730993,0.047311185641776096,0.7389193721240348,0.0825674494160499,class=856:n04428191.pkl:5;n04428191.pkl:15;n04428191.pkl:35|class=967:n07920052.pkl:8;n07920052.pkl:10;n07920052.pkl:13|class=545:n03271574.pkl:4;n03271574.pkl:10;n03271574.pkl:12
vit,566,566,+,40,19,8,3,0.053296583646833665,0.12443099610905865,0.01934015010735826,0.07106950839125087,0.4788330867900869,0.3625879608238438,class=19:n01592084.pkl:1;n01592084.pkl:3;n01592084.pkl:4|class=258:n02111889.pkl:35;n02111889.pkl:58;n02111889.pkl:69|class=141:n02028035.pkl:30;n02028035.pkl:36;n02028035.pkl:47
vit,567,567,+,52,17,11,4,0.05583840678572787,0.13225285630344602,0.02331557349793356,0.07386651009897842,0.5310250336294097,0.21224957011607493,class=909:n04596742.pkl:0;n04596742.pkl:9;n04596742.pkl:12|class=974:n09288635.pkl:1;n09288635.pkl:3;n09288635.pkl:4|class=946:n07730033.pkl:23;n07730033.pkl:25;n07730033.pkl:27
vit,568,568,+,91,50,30,10,0.07110791367606732,0.12000792108848432,0.020413409079397773,0.04172426055703305,0.7481232222946634,0.056898750399142155,class=37:n01669191.pkl:5;n01669191.pkl:12;n01669191.pkl:15|class=57:n01735189.pkl:5;n01735189.pkl:11;n01735189.pkl:12|class=932:n07695742.pkl:8;n07695742.pkl:16;n07695742.pkl:29
vit,569,569,+,69,39,22,10,0.0856227294067642,0.13747654295910836,0.025237534394970534,0.05596306890339269,0.6973226517445873,0.08575509810518792,class=307:n02177972.pkl:6;n02177972.pkl:11;n02177972.pkl:14|class=597:n03527444.pkl:5;n03527444.pkl:9;n03527444.pkl:10|class=603:n03538406.pkl:5;n03538406.pkl:21;n03538406.pkl:30
vit,570,570,+,36,27,14,5,0.0991495023691002,0.13243898909868002,0.024494016806820035,0.03930253963686136,0.7565739487725736,0.09929632846272582,class=961:n07860988.pkl:0;n07860988.pkl:4;n07860988.pkl:22|class=293:n02130308.pkl:7;n02130308.pkl:31;n02130308.pkl:38|class=316:n02256656.pkl:1;n02256656.pkl:13;n02256656.pkl:47
vit,571,571,+,50,15,3,0,0.012376170016880237,0.019690835058062173,0.0034135805966925485,0.005312497205595319,0.8314258477353509,0.06844033103258478,class=898:n04557648.pkl:15;n04557648.pkl:33;n04557648.pkl:60|class=883:n04522168.pkl:147;n04522168.pkl:159;n04522168.pkl:261|class=281:n02123045.pkl:18;n02123045.pkl:154;n02123045.pkl:174
vit,572,572,+,64,33,19,6,0.06083772513962717,0.13601900112128926,0.02587124626971385,0.07335968642946589,0.6228343964559299,0.14125699564209587,class=70:n01770081.pkl:0;n01770081.pkl:1;n01770081.pkl:2|class=803:n04252225.pkl:1;n04252225.pkl:2;n04252225.pkl:13|class=611:n03598930.pkl:0;n03598930.pkl:6;n03598930.pkl:12
vit,573,573,+,64,38,21,8,0.09194104245783312,0.1693765385649256,0.035479720825090336,0.10185579581363571,0.6120223861013404,0.14439987319026748,class=955:n07754684.pkl:1;n07754684.pkl:5;n07754684.pkl:6|class=225:n02105162.pkl:0;n02105162.pkl:1;n02105162.pkl:3|class=191:n02096051.pkl:1;n02096051.pkl:3;n02096051.pkl:5
vit,574,574,+,60,34,20,9,0.09650915188546709,0.16547930690828527,0.028538422169593125,0.06858756070710832,0.6662990950767497,0.11293413447771897,class=148:n02071294.pkl:2;n02071294.pkl:3;n02071294.pkl:5|class=941:n07717410.pkl:0;n07717410.pkl:1;n07717410.pkl:6|class=998:n13133613.pkl:2;n13133613.pkl:6;n13133613.pkl:10
vit,575,575,+,49,34,18,8,0.10293270338470399,0.1495425379038526,0.02978629983424379,0.066459513855175,0.6875144154558975,0.1220061557140297,class=953:n07753275.pkl:2;n07753275.pkl:4;n07753275.pkl:8|class=664:n03782006.pkl:0;n03782006.pkl:1;n03782006.pkl:4|class=881:n04515003.pkl:1;n04515003.pkl:4;n04515003.pkl:15
vit,576,576,+,49,32,19,4,0.07894044919082685,0.14745613925796514,0.03072114804650661,0.08412718277334132,0.6034387795557531,0.17344702569166742,class=335:n02356798.pkl:0;n02356798.pkl:2;n02356798.pkl:4|class=879:n04507155.pkl:2;n04507155.pkl:5;n04507155.pkl:6|class=872:n04485082.pkl:2;n04485082.pkl:8;n04485082.pkl:17
vit,577,577,+,60,40,19,8,0.07691329851955109,0.1322816496321419,0.025013545011716275,0.056608054306164786,0.7003091872144402,0.10202672703012057,class=440:n02823428.pkl:1;n02823428.pkl:2;n02823428.pkl:9|class=785:n04162706.pkl:19;n04162706.pkl:22;n04162706.pkl:23|class=925:n07584110.pkl:16;n07584110.pkl:24;n07584110.pkl:25
vit,578,578,+,60,34,25,10,0.10646784167559101,0.16998711354438223,0.03696551872314259,0.082915179683472,0.6739833688507332,0.10052056012390045,class=223:n02104365.pkl:0;n02104365.pkl:7;n02104365.pkl:11|class=357:n02442845.pkl:2;n02442845.pkl:3;n02442845.pkl:7|class=280:n02120505.pkl:6;n02120505.pkl:10;n02120505.pkl:21
vit,580,580,+,78,54,40,19,0.16141868578737528,0.23798431215637456,0.07177536287384595,0.15241116374504973,0.6931688014080252,0.07062854180841177,class=240:n02107908.pkl:2;n02107908.pkl:3;n02107908.pkl:5|class=317:n02259212.pkl:1;n02259212.pkl:2;n02259212.pkl:3|class=801:n04251144.pkl:3;n04251144.pkl:5;n04251144.pkl:6
vit,581,581,+,28,18,12,7,0.1350932468065444,0.20045335166013162,0.05091864182187876,0.09065152811884294,0.6643992822050236,0.14891224708625755,class=768:n04118538.pkl:0;n04118538.pkl:5;n04118538.pkl:6|class=256:n02111277.pkl:4;n02111277.pkl:8;n02111277.pkl:13|class=779:n04146614.pkl:8;n04146614.pkl:19;n04146614.pkl:21
vit,582,582,+,26,19,7,4,0.1274820068477912,0.22604009898187835,0.0579645656876931,0.14909240030727372,0.48985974265231935,0.2929174196649781,class=183:n02093859.pkl:0;n02093859.pkl:1;n02093859.pkl:2|class=513:n03110669.pkl:3;n03110669.pkl:5;n03110669.pkl:9|class=918:n06785654.pkl:5;n06785654.pkl:8;n06785654.pkl:22
vit,583,583,+,70,43,23,4,0.061844672578202683,0.11368631661862434,0.01624302295373896,0.03989312811195974,0.7154324507012291,0.1004573679470094,class=288:n02128385.pkl:1;n02128385.pkl:11;n02128385.pkl:12|class=144:n02051845.pkl:6;n02051845.pkl:7;n02051845.pkl:8|class=56:n01734418.pkl:4;n01734418.pkl:19;n01734418.pkl:22
vit,584,584,+,142,73,43,15,0.05258371215220614,0.11580516233066507,0.026117979067460342,0.07937431422721147,0.6848565420114883,0.07208404412967748,class=493:n03016953.pkl:0;n03016953.pkl:1;n03016953.pkl:2|class=500:n03042490.pkl:0;n03042490.pkl:6;n03042490.pkl:10|class=184:n02093991.pkl:3;n02093991.pkl:5;n02093991.pkl:9
vit,585,585,+,49,29,11,5,0.06353220499854069,0.11226259745147144,0.016380252716383516,0.03302301067088252,0.7084738392727762,0.10335427913766373,class=602:n03535780.pkl:12;n03535780.pkl:14;n03535780.pkl:24|class=901:n04579145.pkl:0;n04579145.pkl:9;n04579145.pkl:29|class=290:n02128925.pkl:2;n02128925.pkl:12;n02128925.pkl:23
vit,586,586,+,91,57,35,20,0.10331193262676958,0.15827776775671934,0.03769942874432824,0.08202349081311651,0.7298011722417842,0.06300843816070724,class=627:n03670208.pkl:0;n03670208.pkl:2;n03670208.pkl:3|class=125:n01986214.pkl:3;n01986214.pkl:10;n01986214.pkl:12|class=68:n01756291.pkl:15;n01756291.pkl:17;n01756291.pkl:19
vit,587,587,+,74,36,22,7,0.07957727158849043,0.1668111679172028,0.02606198292605563,0.07532796793458973,0.6257935809462539,0.12640621672362448,class=101:n01871265.pkl:0;n01871265.pkl:1;n01871265.pkl:2|class=138:n02018795.pkl:1;n02018795.pkl:2;n02018795.pkl:4|class=950:n07747607.pkl:4;n07747607.pkl:18;n07747607.pkl:24
vit,588,588,+,54,39,28,8,0.08197273789966443,0.09288185739483677,0.023406795211600207,0.03288187397952345,0.8178535442695958,0.055064148300418336,class=926:n07590611.pkl:11;n07590611.pkl:13;n07590611.pkl:17|class=995:n13044778.pkl:11;n13044778.pkl:12;n13044778.pkl:26|class=865:n04462240.pkl:2;n04462240.pkl:4;n04462240.pkl:8
vit,589,589,+,50,33,19,6,0.09195067575669004,0.15679217891864428,0.026698232822759533,0.07301951820943817,0.6470918573441697,0.16960389125049605,class=739:n03992509.pkl:1;n03992509.pkl:2;n03992509.pkl:3|class=384:n02500267.pkl:15;n02500267.pkl:16;n02500267.pkl:27|class=323:n02279972.pkl:6;n02279972.pkl:17;n02279972.pkl:20
vit,590,590,+,86,42,22,8,0.05683394764433561,0.11943902174231116,0.020723541096529713,0.07064054764906091,0.6276183439605126,0.14673611392738264,class=329:n02321529.pkl:3;n02321529.pkl:7;n02321529.pkl:9|class=174:n02091467.pkl:0;n02091467.pkl:6;n02091467.pkl:8|class=624:n03661043.pkl:27;n03661043.pkl:29;n03661043.pkl:36
vit,591,591,+,59,36,26,11,0.11736105189925863,0.17826913242818337,0.039831885877507064,0.08379120669904154,0.7036444777595068,0.09195293061552079,class=933:n07697313.pkl:1;n07697313.pkl:3;n07697313.pkl:8|class=533:n03207743.pkl:3;n03207743.pkl:4;n03207743.pkl:6|class=986:n12057211.pkl:0;n12057211.pkl:6;n12057211.pkl:10
vit,592,592,+,191,115,85,33,0.07557709382012108,0.13560777991298045,0.03713854905719709,0.08829894414951073,0.7626180142338853,0.034831245679231626,class=55:n01729977.pkl:0;n01729977.pkl:1;n01729977.pkl:2|class=2:n01484850.pkl:0;n01484850.pkl:3;n01484850.pkl:4|class=607:n03590841.pkl:1;n03590841.pkl:2;n03590841.pkl:5
vit,593,593,+,68,38,23,9,0.07381886928898598,0.12333232905179432,0.02254069744057776,0.047721321603381744,0.7122892673743239,0.08062043566414238,class=194:n02096437.pkl:0;n02096437.pkl:3;n02096437.pkl:8|class=524:n03146219.pkl:1;n03146219.pkl:9;n03146219.pkl:13|class=883:n04522168.pkl:17;n04522168.pkl:20;n04522168.pkl:26
vit,594,594,+,65,39,24,6,0.07372494629386961,0.12563194283165433,0.025879736854228123,0.06204805092421477,0.6825903277153343,0.1038194196289651,class=72:n01773157.pkl:2;n01773157.pkl:9;n01773157.pkl:13|class=486:n02992211.pkl:10;n02992211.pkl:15;n02992211.pkl:16|class=26:n01630670.pkl:15;n01630670.pkl:16;n01630670.pkl:35
vit,595,595,+,41,28,15,7,0.10772244752516763,0.16372970385703686,0.03685146151080018,0.08005187110635816,0.6440304029706148,0.13948344922887698,class=508:n03085013.pkl:0;n03085013.pkl:1;n03085013.pkl:2|class=247:n02109525.pkl:3;n02109525.pkl:5;n02109525.pkl:11|class=803:n04252225.pkl:4;n04252225.pkl:9;n04252225.pkl:14
vit,596,596,+,26,19,13,6,0.15853590773042603,0.17962424604437352,0.042619988556842,0.0664659821014979,0.7141846430000354,0.13200185754285576,class=161:n02088238.pkl:4;n02088238.pkl:5;n02088238.pkl:9|class=382:n02494079.pkl:6;n02494079.pkl:7;n02494079.pkl:9|class=447:n02841315.pkl:6;n02841315.pkl:25;n02841315.pkl:27
vit,597,597,+,69,39,27,7,0.07637164064713796,0.1435911341376018,0.026883938369515244,0.08050286368778693,0.6513829023822691,0.14444619540916018,class=115:n01950731.pkl:0;n01950731.pkl:2;n01950731.pkl:3|class=688:n03857828.pkl:2;n03857828.pkl:3;n03857828.pkl:9|class=553:n03337140.pkl:1;n03337140.pkl:2;n03337140.pkl:4
vit,598,598,+,90,59,29,10,0.08731567567094534,0.1603919600662047,0.03379109274938786,0.09703482904343048,0.6450146367782623,0.10273491283751378,class=52:n01728572.pkl:1;n01728572.pkl:3;n01728572.pkl:4|class=188:n02095314.pkl:2;n02095314.pkl:3;n02095314.pkl:4|class=292:n02129604.pkl:0;n02129604.pkl:5;n02129604.pkl:7
vit,599,599,+,54,31,20,4,0.06871464772256093,0.12602115073957604,0.022631093274427812,0.06967235103426518,0.5987575945068773,0.19403427182245844,class=595:n03496892.pkl:0;n03496892.pkl:4;n03496892.pkl:9|class=972:n09246464.pkl:18;n09246464.pkl:20;n09246464.pkl:27|class=753:n04040759.pkl:16;n04040759.pkl:18;n04040759.pkl:24
vit,600,600,+,20,14,8,2,0.089943900596211,0.11364826975778972,0.018691456423785037,0.028923104141696975,0.7285352194444614,0.16972187829976618,class=241:n02108000.pkl:8;n02108000.pkl:18;n02108000.pkl:21|class=882:n04517823.pkl:8;n04517823.pkl:11;n04517823.pkl:30|class=576:n03447447.pkl:1;n03447447.pkl:6;n03447447.pkl:23
vit,601,601,+,104,67,43,11,0.0696210298509922,0.11611852716383589,0.024808255166702913,0.054013670421145694,0.7586578587052552,0.05519614864078722,class=124:n01985128.pkl:2;n01985128.pkl:3;n01985128.pkl:4|class=949:n07745940.pkl:2;n07745940.pkl:11;n07745940.pkl:20|class=557:n03355925.pkl:0;n03355925.pkl:21;n03355925.pkl:24
vit,602,602,+,49,29,16,3,0.05815210591708573,0.08398985021227853,0.013033282112555335,0.02178044299363702,0.7768217788741447,0.07740224297742729,class=113:n01944390.pkl:8;n01944390.pkl:13;n01944390.pkl:18|class=712:n03920288.pkl:0;n03920288.pkl:2;n03920288.pkl:23|class=55:n01729977.pkl:25;n01729977.pkl:63;n01729977.pkl:103
vit,603,603,+,96,56,36,14,0.06941200980235653,0.11038940362993298,0.02333961002420734,0.048929983592088215,0.7539874980265064,0.056198345744616324,class=620:n03642806.pkl:2;n03642806.pkl:6;n03642806.pkl:7|class=831:n04344873.pkl:1;n04344873.pkl:8;n04344873.pkl:22|class=563:n03388183.pkl:13;n03388183.pkl:22;n03388183.pkl:25
vit,604,604,+,53,33,17,5,0.0687135726631106,0.10479444552065388,0.017574892752941725,0.03266307611198881,0.7341523857885677,0.08403870606959345,class=475:n02965783.pkl:3;n02965783.pkl:5;n02965783.pkl:7|class=159:n02087394.pkl:16;n02087394.pkl:19;n02087394.pkl:26|class=490:n03000247.pkl:10;n03000247.pkl:17;n03000247.pkl:21
vit,605,605,+,65,35,15,6,0.07329857875730217,0.1659532951287365,0.028516111313195106,0.10636777933177556,0.5162170241589434,0.22944003377905348,class=431:n02804414.pkl:0;n02804414.pkl:1;n02804414.pkl:4|class=629:n03676483.pkl:4;n03676483.pkl:9;n03676483.pkl:15|class=4:n01494475.pkl:2;n01494475.pkl:4;n01494475.pkl:7
vit,606,606,+,25,14,9,2,0.07617741160939415,0.11722521461322435,0.01989597732065071,0.04588331728648349,0.6294189569675831,0.25273505267333285,class=760:n04070727.pkl:0;n04070727.pkl:10;n04070727.pkl:22|class=320:n02268853.pkl:4;n02268853.pkl:15;n02268853.pkl:55|class=459:n02892767.pkl:16;n02892767.pkl:21;n02892767.pkl:59
vit,607,607,+,89,49,30,13,0.08307583472878824,0.14648465768123076,0.032463678697865775,0.07262903901400736,0.6929623099490536,0.06747463605222914,class=49:n01697457.pkl:5;n01697457.pkl:9;n01697457.pkl:11|class=683:n03838899.pkl:2;n03838899.pkl:5;n03838899.pkl:18|class=256:n02111277.pkl:0;n02111277.pkl:1;n02111277.pkl:8
vit,608,608,+,42,28,12,7,0.10092390477205171,0.15873935912115722,0.03726735609812373,0.10009530215188646,0.599247823012822,0.19556908939570167,class=204:n02098413.pkl:0;n02098413.pkl:1;n02098413.pkl:2|class=675:n03796401.pkl:1;n03796401.pkl:6;n03796401.pkl:11|class=40:n01682714.pkl:0;n01682714.pkl:1;n01682714.pkl:10
vit,609,609,+,41,23,8,3,0.051246304002957994,0.11209626646390926,0.01919180411515776,0.053561049481212895,0.5440120664447591,0.2143592256243812,class=937:n07714990.pkl:7;n07714990.pkl:11;n07714990.pkl:15|class=96:n01843383.pkl:7;n01843383.pkl:8;n01843383.pkl:20|class=945:n07720875.pkl:36;n07720875.pkl:39;n07720875.pkl:41
vit,610,610,+,51,30,19,7,0.1017346491148688,0.1656560941774424,0.03487020764555084,0.08533819326887301,0.631579797359909,0.13704557227766154,class=297:n02134418.pkl:1;n02134418.pkl:2;n02134418.pkl:3|class=874:n04487081.pkl:5;n04487081.pkl:13;n04487081.pkl:14|class=174:n02091467.pkl:4;n02091467.pkl:8;n02091467.pkl:13
vit,611,611,+,62,46,24,10,0.10009601289029178,0.14920385334942368,0.03345907974631121,0.07964603323768994,0.6778801593287664,0.10752112619992309,class=389:n02514041.pkl:3;n02514041.pkl:4;n02514041.pkl:5|class=920:n06874185.pkl:0;n06874185.pkl:4;n06874185.pkl:6|class=938:n07715103.pkl:2;n07715103.pkl:4;n07715103.pkl:8
vit,612,612,+,54,37,18,8,0.09268299670442388,0.1673065903549695,0.03970564121763802,0.12840435824810065,0.5737067267602016,0.21218806765549209,class=326:n02281787.pkl:0;n02281787.pkl:1;n02281787.pkl:2|class=776:n04141076.pkl:1;n04141076.pkl:2;n04141076.pkl:4|class=233:n02106382.pkl:5;n02106382.pkl:9;n02106382.pkl:21
vit,613,613,+,68,39,19,10,0.08615071032475963,0.16022472402713472,0.033943182462156433,0.08010326973159171,0.6457330373190943,0.09660636435613185,class=532:n03201208.pkl:0;n03201208.pkl:1;n03201208.pkl:2|class=706:n03899768.pkl:13;n03899768.pkl:18;n03899768.pkl:19|class=994:n13040303.pkl:2;n13040303.pkl:8;n13040303.pkl:9
vit,614,614,+,77,46,23,15,0.09422901649611612,0.14785199655295017,0.029699029272356407,0.059543345467624284,0.7165316194849576,0.06518950432902364,class=292:n02129604.pkl:6;n02129604.pkl:7;n02129604.pkl:8|class=861:n04447861.pkl:2;n04447861.pkl:7;n04447861.pkl:11|class=72:n01773157.pkl:2;n01773157.pkl:3;n01773157.pkl:4
vit,615,615,+,18,9,3,0,0.042149107358567854,0.064036191921661,0.005509050129698806,0.006816032053008827,0.7885959551931423,0.1405983053863194,class=832:n04346328.pkl:8;n04346328.pkl:9;n04346328.pkl:12|class=987:n12144580.pkl:78;n12144580.pkl:175;n12144580.pkl:242|class=157:n02086910.pkl:74;n02086910.pkl:137;n02086910.pkl:401
vit,616,616,+,79,46,21,8,0.051754069615734075,0.08467743254220848,0.01513281119029324,0.027762999615668124,0.7697175376520875,0.05526380530298973,class=289:n02128757.pkl:22;n02128757.pkl:27;n02128757.pkl:36|class=619:n03637318.pkl:11;n03637318.pkl:25;n03637318.pkl:38|class=907:n04591713.pkl:22;n04591713.pkl:27;n04591713.pkl:30
vit,617,617,+,50,22,6,2,0.03650080430712022,0.08716367619452459,0.009648153903768048,0.024168685928281457,0.6935027830755699,0.14550112727250636,class=884:n04523525.pkl:14;n04523525.pkl:36;n04523525.pkl:37|class=741:n03998194.pkl:7;n03998194.pkl:15;n03998194.pkl:49|class=44:n01689811.pkl:12;n01689811.pkl:22;n01689811.pkl:31
vit,618,618,+,72,45,25,13,0.08954274519530726,0.15173205795798214,0.03391224427963179,0.08988533225337306,0.6664429839423069,0.11146243659441671,class=74:n01773797.pkl:2;n01773797.pkl:3;n01773797.pkl:10|class=980:n09472597.pkl:0;n09472597.pkl:2;n09472597.pkl:9|class=523:n03141823.pkl:6;n03141823.pkl:14;n03141823.pkl:16
vit,619,619,+,55,40,27,14,0.13007133121460804,0.15444258204014424,0.044521359636987466,0.08297569297612675,0.7377998045193035,0.0813360197943854,class=554:n03344393.pkl:3;n03344393.pkl:4;n03344393.pkl:6|class=717:n03930630.pkl:0;n03930630.pkl:2;n03930630.pkl:7|class=34:n01665541.pkl:4;n01665541.pkl:6;n01665541.pkl:7
vit,620,620,+,71,49,34,8,0.08383373758128877,0.12108587368144383,0.022301454595495884,0.03914760477157334,0.7876023289384472,0.05748410041596007,class=313:n02231487.pkl:0;n02231487.pkl:1;n02231487.pkl:2|class=278:n02119789.pkl:1;n02119789.pkl:10;n02119789.pkl:15|class=921:n07248320.pkl:7;n07248320.pkl:23;n07248320.pkl:41
vit,621,621,+,77,36,18,3,0.04258025583568853,0.0831355597367145,0.011526540695570504,0.028747408578004244,0.7194612322080303,0.09376791569230185,class=865:n04462240.pkl:3;n04462240.pkl:9;n04462240.pkl:12|class=290:n02128925.pkl:4;n02128925.pkl:11;n02128925.pkl:14|class=549:n03291819.pkl:23;n03291819.pkl:25;n03291819.pkl:28
vit,622,622,+,106,58,38,16,0.06498837548900645,0.12455631246546973,0.02522433130403177,0.05713243623186892,0.7271051424429278,0.057831169124659625,class=3:n01491361.pkl:6;n01491361.pkl:9;n01491361.pkl:11|class=829:n04335435.pkl:5;n04335435.pkl:7;n04335435.pkl:11|class=983:n10565667.pkl:6;n10565667.pkl:13;n10565667.pkl:18
vit,623,623,+,62,36,21,9,0.06763889360335097,0.10100657203089446,0.019972284675742753,0.0370581768588784,0.7474915196029905,0.07165816804028588,class=417:n02782093.pkl:1;n02782093.pkl:2;n02782093.pkl:6|class=468:n02930766.pkl:2;n02930766.pkl:12;n02930766.pkl:23|class=875:n04487394.pkl:0;n04487394.pkl:10;n04487394.pkl:13
vit,624,624,+,28,20,11,5,0.13225668077070404,0.1924124007589244,0.04187012179816073,0.10496588502073508,0.5826088994061264,0.26016958531190915,class=146:n02058221.pkl:0;n02058221.pkl:2;n02058221.pkl:4|class=939:n07716358.pkl:17;n07716358.pkl:23;n07716358.pkl:36|class=131:n02009229.pkl:2;n02009229.pkl:26;n02009229.pkl:34
vit,625,625,+,64,41,26,10,0.1008998450500759,0.16310608904450843,0.033539652260719026,0.07763617746995506,0.6879822709583078,0.09934538237319102,class=260:n02112137.pkl:0;n02112137.pkl:1;n02112137.pkl:4|class=288:n02128385.pkl:0;n02128385.pkl:2;n02128385.pkl:3|class=352:n02422699.pkl:1;n02422699.pkl:9;n02422699.pkl:15
vit,626,626,+,96,59,39,20,0.11063859790008439,0.1695073775153684,0.039634089940457085,0.09781143344379058,0.7208226420417336,0.07385769778593243,class=306:n02174001.pkl:0;n02174001.pkl:1;n02174001.pkl:3|class=382:n02494079.pkl:0;n02494079.pkl:1;n02494079.pkl:2|class=238:n02107574.pkl:1;n02107574.pkl:5;n02107574.pkl:10
vit,627,627,+,60,29,17,7,0.06356834573517504,0.12836421595659825,0.024417066067873427,0.08635613320469858,0.5836253498660252,0.22513887558419787,class=368:n02483362.pkl:1;n02483362.pkl:2;n02483362.pkl:4|class=655:n03770439.pkl:11;n03770439.pkl:21;n03770439.pkl:28|class=141:n02028035.pkl:19;n02028035.pkl:24;n02028035.pkl:48
vit,628,628,+,17,8,4,1,0.045810426183254704,0.07474787409236576,0.011978889973683234,0.02663482971085225,0.562367451147909,0.34963918055685383,class=505:n03063689.pkl:1;n03063689.pkl:4;n03063689.pkl:11|class=937:n07714990.pkl:11;n07714990.pkl:49;n07714990.pkl:209|class=434:n02808304.pkl:48;n02808304.pkl:76;n02808304.pkl:98
vit,629,629,+,80,50,27,10,0.08346806976957923,0.1435060004000872,0.030017111195044875,0.06995500728356975,0.6935094531364141,0.08039062976022225,class=68:n01756291.pkl:1;n01756291.pkl:4;n01756291.pkl:9|class=57:n01735189.pkl:2;n01735189.pkl:3;n01735189.pkl:5|class=448:n02843684.pkl:4;n02843684.pkl:5;n02843684.pkl:9
vit,630,630,+,70,42,24,6,0.04855806147822684,0.0736643225138517,0.01817326868423702,0.03801745052484501,0.7498742953148676,0.07680324898934368,class=673:n03793489.pkl:1;n03793489.pkl:3;n03793489.pkl:7|class=72:n01773157.pkl:0;n01773157.pkl:12;n01773157.pkl:13|class=960:n07836838.pkl:9;n07836838.pkl:27;n07836838.pkl:48
vit,631,631,+,38,28,7,4,0.06458564756858483,0.11897998196717086,0.018831130496577392,0.04274161600307981,0.6212762483695742,0.16188638191172258,class=392:n02606052.pkl:12;n02606052.pkl:17;n02606052.pkl:23|class=823:n04317175.pkl:2;n04317175.pkl:11;n04317175.pkl:18|class=419:n02786058.pkl:1;n02786058.pkl:18;n02786058.pkl:28
vit,632,632,+,46,31,24,8,0.09953945428306478,0.1209341599985171,0.027070358173702732,0.04033036469674437,0.7954469415976287,0.06999147969627452,class=598:n03529860.pkl:13;n03529860.pkl:16;n03529860.pkl:19|class=715:n03929855.pkl:3;n03929855.pkl:17;n03929855.pkl:20|class=222:n02104029.pkl:13;n02104029.pkl:14;n02104029.pkl:17
vit,633,633,+,60,35,27,8,0.08029772169991063,0.11597500310722007,0.021301329659398557,0.038293843955126076,0.7586532376385277,0.07053000281778161,class=344:n02398521.pkl:7;n02398521.pkl:8;n02398521.pkl:9|class=227:n02105412.pkl:30;n02105412.pkl:41;n02105412.pkl:47|class=624:n03661043.pkl:26;n03661043.pkl:30;n03661043.pkl:47
vit,634,634,+,92,72,51,22,0.14145529782524505,0.20317389047845513,0.061186907661472036,0.12890580770200313,0.7411181195768322,0.05911321230190745,class=90:n01820546.pkl:1;n01820546.pkl:2;n01820546.pkl:3|class=198:n02097209.pkl:0;n02097209.pkl:5;n02097209.pkl:7|class=121:n01981276.pkl:1;n01981276.pkl:3;n01981276.pkl:7
vit,635,635,+,112,70,46,19,0.0931310443731065,0.15515707525329955,0.03968927209490864,0.08935359822648867,0.7326301485628606,0.05418286620491084,class=586:n03478589.pkl:0;n03478589.pkl:2;n03478589.pkl:5|class=484:n02981792.pkl:1;n02981792.pkl:3;n02981792.pkl:5|class=871:n04483307.pkl:5;n04483307.pkl:8;n04483307.pkl:10
vit,636,636,+,78,43,26,11,0.07638954813436721,0.12372229738286224,0.023976208145041568,0.04979726782839279,0.7268785712214406,0.06812437070031699,class=888:n04532670.pkl:5;n04532670.pkl:6;n04532670.pkl:13|class=43:n01688243.pkl:8;n01688243.pkl:20;n01688243.pkl:28|class=773:n04131690.pkl:10;n04131690.pkl:19;n04131690.pkl:22
vit,637,637,+,26,15,10,4,0.12834811327142812,0.222472447912586,0.05210431618424261,0.11295209034939692,0.5547046051586275,0.21920716436610044,class=228:n02105505.pkl:0;n02105505.pkl:2;n02105505.pkl:4|class=90:n01820546.pkl:4;n01820546.pkl:9;n01820546.pkl:10|class=333:n02342885.pkl:3;n02342885.pkl:4;n02342885.pkl:33
vit,638,638,+,63,41,16,7,0.06755178224375623,0.1225633019726331,0.018102654764093336,0.04442233418978326,0.6810047447069957,0.11145535673458991,class=366:n02480855.pkl:7;n02480855.pkl:8;n02480855.pkl:14|class=65:n01751748.pkl:0;n01751748.pkl:1;n01751748.pkl:13|class=216:n02101556.pkl:11;n02101556.pkl:23;n02101556.pkl:35
vit,639,639,+,77,45,25,9,0.06706043683193649,0.10694578084153428,0.016998435422967813,0.03174523041317941,0.7461047964696051,0.05828181259992621,class=958:n07802026.pkl:1;n07802026.pkl:2;n07802026.pkl:7|class=708:n03903868.pkl:15;n03903868.pkl:20;n03903868.pkl:33|class=641:n03720891.pkl:11;n03720891.pkl:20;n03720891.pkl:21
vit,640,640,+,63,38,23,9,0.07317492845005129,0.12466010852416162,0.023032392837135266,0.05302146323717308,0.7023026516800704,0.09999020460987705,class=952:n07753113.pkl:0;n07753113.pkl:1;n07753113.pkl:2|class=445:n02837789.pkl:7;n02837789.pkl:9;n02837789.pkl:23|class=79:n01784675.pkl:1;n01784675.pkl:15;n01784675.pkl:29
vit,641,641,+,72,35,20,7,0.06424070216563235,0.13351523156459844,0.01927971587736567,0.048678281300678916,0.6820471558598383,0.10242831786755863,class=299:n02138441.pkl:0;n02138441.pkl:1;n02138441.pkl:3|class=179:n02093256.pkl:2;n02093256.pkl:17;n02093256.pkl:18|class=795:n04228054.pkl:1;n04228054.pkl:19;n04228054.pkl:24
vit,642,642,+,36,23,12,4,0.06367054088788755,0.10993085317256018,0.016576956070122897,0.029234427238468284,0.7221533184423125,0.11417048934087493,class=323:n02279972.pkl:1;n02279972.pkl:12;n02279972.pkl:34|class=998:n13133613.pkl:4;n13133613.pkl:22;n13133613.pkl:23|class=960:n07836838.pkl:23;n07836838.pkl:47;n07836838.pkl:54
vit,643,643,+,74,41,22,7,0.07009763944456604,0.12835624925472827,0.025692303113459634,0.07235576296434006,0.6440310380607888,0.12069220751795565,class=930:n07684084.pkl:1;n07684084.pkl:3;n07684084.pkl:6|class=777:n04141327.pkl:4;n04141327.pkl:10;n04141327.pkl:11|class=129:n02006656.pkl:0;n02006656.pkl:1;n02006656.pkl:10
vit,644,644,+,74,38,21,7,0.06271607334607299,0.1268946491913915,0.021651180047807878,0.06362795207810373,0.6434091949669963,0.13022162129090006,class=960:n07836838.pkl:0;n07836838.pkl:1;n07836838.pkl:2|class=585:n03476991.pkl:0;n03476991.pkl:5;n03476991.pkl:7|class=672:n03792972.pkl:3;n03792972.pkl:4;n03792972.pkl:22
vit,645,645,+,42,20,11,6,0.10267789200114882,0.21094576498517784,0.04519015557539311,0.13172919703382735,0.5216309876548197,0.22612407772545626,class=328:n02319095.pkl:0;n02319095.pkl:1;n02319095.pkl:2|class=366:n02480855.pkl:1;n02480855.pkl:6;n02480855.pkl:16|class=308:n02190166.pkl:5;n02190166.pkl:9;n02190166.pkl:10
vit,646,646,+,48,27,17,11,0.12854321052141568,0.20368785420431598,0.0499632167465598,0.10335570398690706,0.6666282790013727,0.10998446872534363,class=333:n02342885.pkl:1;n02342885.pkl:2;n02342885.pkl:7|class=405:n02692877.pkl:1;n02692877.pkl:2;n02692877.pkl:3|class=194:n02096437.pkl:1;n02096437.pkl:3;n02096437.pkl:4
vit,647,647,+,78,48,28,13,0.09197715058645635,0.16012975687012015,0.03663521885734126,0.0844693875347611,0.6825072530547015,0.08097689148394119,class=119:n01978455.pkl:5;n01978455.pkl:6;n01978455.pkl:12|class=419:n02786058.pkl:0;n02786058.pkl:6;n02786058.pkl:7|class=410:n02727426.pkl:1;n02727426.pkl:13;n02727426.pkl:14
vit,648,648,+,92,56,34,16,0.09278270987193808,0.15368810668447516,0.03267715805718979,0.07179691473839073,0.7226033326776485,0.06334247880781534,class=878:n04505470.pkl:1;n04505470.pkl:3;n04505470.pkl:4|class=935:n07711569.pkl:0;n07711569.pkl:2;n07711569.pkl:4|class=95:n01843065.pkl:6;n01843065.pkl:11;n01843065.pkl:13
vit,649,649,+,61,36,16,7,0.0671151944652915,0.12428079501702162,0.016867772901708652,0.04150324079635815,0.6852573896469134,0.11564074122449236,class=43:n01688243.pkl:1;n01688243.pkl:5;n01688243.pkl:6|class=239:n02107683.pkl:5;n02107683.pkl:28;n02107683.pkl:42|class=765:n04099969.pkl:0;n04099969.pkl:18;n04099969.pkl:20
vit,650,650,+,93,61,35,15,0.0908321979956259,0.17354215778064197,0.039531671350121374,0.12248480145621302,0.6371313070921787,0.11397916483819016,class=323:n02279972.pkl:0;n02279972.pkl:1;n02279972.pkl:2|class=133:n02011460.pkl:3;n02011460.pkl:4;n02011460.pkl:5|class=858:n04435653.pkl:1;n04435653.pkl:4;n04435653.pkl:5
vit,651,651,+,51,27,9,3,0.0493900902775035,0.129160420954486,0.01723369886071666,0.05987552823831991,0.5301880228982977,0.25629328170895493,class=274:n02115913.pkl:1;n02115913.pkl:2;n02115913.pkl:3|class=900:n04562935.pkl:1;n04562935.pkl:2;n04562935.pkl:9|class=267:n02113799.pkl:4;n02113799.pkl:28;n02113799.pkl:71
vit,652,652,+,26,17,9,2,0.08569236248371824,0.14831452448776958,0.029046557174075196,0.09254249116835228,0.4767133039813207,0.4288704270046268,class=122:n01983481.pkl:2;n01983481.pkl:3;n01983481.pkl:4|class=575:n03445924.pkl:12;n03445924.pkl:50;n03445924.pkl:70|class=375:n02488702.pkl:8;n02488702.pkl:29;n02488702.pkl:89
vit,653,653,+,64,38,19,2,0.05085073189475152,0.0849877019303956,0.01396233119304914,0.03213416337567369,0.7436151992688577,0.09838836689120765,class=191:n02096051.pkl:4;n02096051.pkl:14;n02096051.pkl:22|class=821:n04311004.pkl:7;n04311004.pkl:19;n04311004.pkl:22|class=91:n01824575.pkl:1;n01824575.pkl:5;n01824575.pkl:61
vit,654,654,+,70,41,22,12,0.07976533634720147,0.1400904212570752,0.02931668241596899,0.06442964383430476,0.6915048107821524,0.08328486995531827,class=728:n03958227.pkl:0;n03958227.pkl:5;n03958227.pkl:6|class=641:n03720891.pkl:2;n03720891.pkl:3;n03720891.pkl:5|class=368:n02483362.pkl:2;n02483362.pkl:7;n02483362.pkl:18
vit,655,655,+,62,37,21,9,0.07848389105593925,0.13296912966604713,0.025174482919749115,0.05650274549728256,0.6915821411150832,0.0973795794377014,class=888:n04532670.pkl:0;n04532670.pkl:2;n04532670.pkl:7|class=926:n07590611.pkl:3;n07590611.pkl:9;n07590611.pkl:14|class=39:n01677366.pkl:7;n01677366.pkl:9;n01677366.pkl:20
vit,656,656,+,57,35,18,11,0.13210871702406235,0.23167904353256197,0.05509639151242375,0.14663463195777743,0.5921546023221442,0.1418097509434663,class=89:n01819313.pkl:0;n01819313.pkl:3;n01819313.pkl:4|class=85:n01806567.pkl:1;n01806567.pkl:3;n01806567.pkl:4|class=101:n01871265.pkl:1;n01871265.pkl:2;n01871265.pkl:3
vit,657,657,+,50,31,17,7,0.09609790162789489,0.14762482850478265,0.02724719063140503,0.0522748532324356,0.7021977599751549,0.0936159938275473,class=687:n03854065.pkl:0;n03854065.pkl:2;n03854065.pkl:7|class=920:n06874185.pkl:3;n06874185.pkl:5;n06874185.pkl:12|class=413:n02749479.pkl:2;n02749479.pkl:10;n02749479.pkl:13
vit,658,658,+,49,26,10,4,0.050721748741126546,0.09118560469230494,0.016371623366806382,0.03851702909516003,0.6585347036869806,0.13336850385702576,class=563:n03388183.pkl:20;n03388183.pkl:28;n03388183.pkl:31|class=245:n02108915.pkl:1;n02108915.pkl:13;n02108915.pkl:14|class=260:n02112137.pkl:4;n02112137.pkl:11;n02112137.pkl:24
vit,659,659,+,82,45,30,5,0.05158094522363737,0.10304985932011781,0.017337462648238537,0.04762513301395298,0.7151851753120955,0.10421623330830557,class=200:n02097474.pkl:4;n02097474.pkl:5;n02097474.pkl:11|class=976:n09399592.pkl:2;n09399592.pkl:5;n09399592.pkl:6|class=600:n03532672.pkl:11;n03532672.pkl:23;n03532672.pkl:26
vit,660,660,+,70,41,19,4,0.048991207152052386,0.08429426908422163,0.012565867692049948,0.026524756836964262,0.7454215200661383,0.07793885208207692,class=289:n02128757.pkl:5;n02128757.pkl:10;n02128757.pkl:11|class=237:n02107312.pkl:7;n02107312.pkl:34;n02107312.pkl:47|class=31:n01644373.pkl:0;n01644373.pkl:12;n01644373.pkl:32
vit,661,661,+,73,40,16,7,0.06356900729619168,0.1285020730318059,0.02080409487067397,0.069275305465725,0.6110724346413539,0.16559115022053647,class=76:n01774750.pkl:0;n01774750.pkl:1;n01774750.pkl:2|class=744:n04008634.pkl:2;n04008634.pkl:42;n04008634.pkl:47|class=837:n04356056.pkl:8;n04356056.pkl:22;n04356056.pkl:24
vit,662,662,+,89,55,31,13,0.10324275958576211,0.18237514273789923,0.039839227813054115,0.09108735077546742,0.6893629404773903,0.06997194749825869,class=393:n02607072.pkl:0;n02607072.pkl:1;n02607072.pkl:2|class=23:n01616318.pkl:0;n01616318.pkl:3;n01616318.pkl:8|class=167:n02089973.pkl:4;n02089973.pkl:6;n02089973.pkl:10
vit,663,663,+,38,27,15,7,0.14673589793149083,0.21590538916401483,0.0581883813968137,0.13178786032851386,0.6147473815320296,0.16130363435632777,class=255:n02111129.pkl:2;n02111129.pkl:3;n02111129.pkl:4|class=178:n02092339.pkl:1;n02092339.pkl:2;n02092339.pkl:3|class=1:n01443537.pkl:1;n01443537.pkl:8;n01443537.pkl:17
vit,664,664,+,73,37,21,7,0.05422396007574906,0.10546472960739986,0.019456975245602963,0.0484089549459871,0.6791926281546701,0.09849512516170171,class=503:n03062245.pkl:5;n03062245.pkl:9;n03062245.pkl:12|class=370:n02484975.pkl:3;n02484975.pkl:13;n02484975.pkl:15|class=591:n03485794.pkl:4;n03485794.pkl:8;n03485794.pkl:31
vit,665,665,+,90,53,31,14,0.08229563955534733,0.12730818402811256,0.027428079306115113,0.06478627841148532,0.7248745372240106,0.07310269939563481,class=950:n07747607.pkl:0;n07747607.pkl:5;n07747607.pkl:6|class=495:n03018349.pkl:5;n03018349.pkl:13;n03018349.pkl:15|class=929:n07615774.pkl:2;n07615774.pkl:4;n07615774.pkl:31
vit,666,666,+,52,27,17,4,0.06487116093747983,0.13950024515457152,0.026237548432951677,0.08287695647435186,0.5631247674776788,0.21110547976903815,class=401:n02672831.pkl:4;n02672831.pkl:9;n02672831.pkl:13|class=526:n03179701.pkl:4;n03179701.pkl:7;n03179701.pkl:8|class=785:n04162706.pkl:13;n04162706.pkl:25;n04162706.pkl:29
vit,667,667,+,66,38,23,8,0.08806352365687449,0.14650358138436312,0.02830129200878638,0.06182817726700472,0.6912404182362881,0.08746452304132789,class=741:n03998194.pkl:0;n03998194.pkl:11;n03998194.pkl:12|class=207:n02099601.pkl:5;n02099601.pkl:6;n02099601.pkl:10|class=938:n07715103.pkl:3;n07715103.pkl:4;n07715103.pkl:7
vit,668,668,+,50,27,13,5,0.05596404959773651,0.08893241463765106,0.01313104227927292,0.024585990168166188,0.7235939402025909,0.09011436474126484,class=661:n03777568.pkl:21;n03777568.pkl:28;n03777568.pkl:39|class=126:n01990800.pkl:3;n01990800.pkl:28;n01990800.pkl:31|class=31:n01644373.pkl:5;n01644373.pkl:7;n01644373.pkl:28
vit,669,669,+,63,32,19,8,0.07621677981532088,0.15084683692665798,0.029280112666215347,0.06915678875206285,0.6502957496270437,0.1044220037143978,class=666:n03786901.pkl:1;n03786901.pkl:2;n03786901.pkl:6|class=511:n03100240.pkl:2;n03100240.pkl:9;n03100240.pkl:24|class=383:n02497673.pkl:21;n02497673.pkl:39;n02497673.pkl:42
vit,670,670,+,36,17,6,2,0.04919792034032806,0.09861366302123467,0.010361554021346201,0.020243538704183876,0.6750212738741486,0.13380577859075976,class=498:n03032252.pkl:1;n03032252.pkl:17;n03032252.pkl:18|class=384:n02500267.pkl:0;n02500267.pkl:4;n02500267.pkl:47|class=545:n03271574.pkl:17;n03271574.pkl:26;n03271574.pkl:44
vit,671,671,+,47,25,18,6,0.07706262561012323,0.13275601161737446,0.02600794249476678,0.05699065669796616,0.6661185011518173,0.12344049785170437,class=103:n01873310.pkl:0;n01873310.pkl:5;n01873310.pkl:7|class=748:n04026417.pkl:0;n04026417.pkl:9;n04026417.pkl:23|class=943:n07718472.pkl:4;n07718472.pkl:8;n07718472.pkl:14
vit,672,672,+,52,24,13,2,0.04381937603096364,0.08082905079080259,0.011070025487672988,0.023132275992022708,0.7263638612088391,0.10320308790600485,class=557:n03355925.pkl:1;n03355925.pkl:6;n03355925.pkl:15|class=951:n07749582.pkl:39;n07749582.pkl:47;n07749582.pkl:49|class=627:n03670208.pkl:28;n03670208.pkl:36;n03670208.pkl:61
vit,674,674,+,130,81,55,25,0.09625980250208313,0.17804212937884165,0.045072741712174146,0.11986178317669514,0.702045375897436,0.06209121342040445,class=993:n13037406.pkl:0;n13037406.pkl:1;n13037406.pkl:2|class=984:n11879895.pkl:0;n11879895.pkl:2;n11879895.pkl:3|class=689:n03866082.pkl:1;n03866082.pkl:2;n03866082.pkl:6
vit,675,675,+,60,34,21,11,0.10325133102481554,0.1549633152203067,0.03231560857879211,0.05649749767887668,0.7379052080184558,0.06760942979507398,class=400:n02669723.pkl:2;n02669723.pkl:3;n02669723.pkl:6|class=889:n04536866.pkl:3;n04536866.pkl:5;n04536866.pkl:6|class=197:n02097130.pkl:3;n02097130.pkl:12;n02097130.pkl:14
vit,676,676,+,25,13,5,3,0.06187812585137728,0.12177395289956429,0.02097765873881841,0.053724688092086,0.5053421602981136,0.3023576696686304,class=979:n09468604.pkl:0;n09468604.pkl:4;n09468604.pkl:14|class=70:n01770081.pkl:9;n01770081.pkl:15;n01770081.pkl:32|class=871:n04483307.pkl:2;n04483307.pkl:18;n04483307.pkl:19
vit,677,677,+,66,41,23,10,0.10475825592181255,0.18958723363754088,0.04161188772244377,0.11029302766621465,0.6309349710764938,0.12159457390340793,class=732:n03976467.pkl:0;n03976467.pkl:1;n03976467.pkl:2|class=425:n02793495.pkl:0;n02793495.pkl:2;n02793495.pkl:4|class=346:n02408429.pkl:5;n02408429.pkl:7;n02408429.pkl:12
vit,678,678,+,85,54,30,11,0.07376662631504445,0.1270069575459007,0.02693468262986996,0.06993511776706844,0.7051748085749846,0.09107836201973855,class=444:n02835271.pkl:1;n02835271.pkl:2;n02835271.pkl:3|class=242:n02108089.pkl:2;n02108089.pkl:3;n02108089.pkl:20|class=551:n03314780.pkl:30;n03314780.pkl:36;n03314780.pkl:41
vit,679,679,+,57,36,21,7,0.07713076005242378,0.13801235275497492,0.02708461012116326,0.06967562141614579,0.661736500486236,0.13364638577261406,class=290:n02128925.pkl:4;n02128925.pkl:5;n02128925.pkl:9|class=215:n02101388.pkl:1;n02101388.pkl:3;n02101388.pkl:13|class=441:n02823750.pkl:5;n02823750.pkl:7;n02823750.pkl:8
vit,680,680,+,94,53,31,6,0.052687359726973845,0.09411424722118618,0.015475408231830435,0.03286741636026622,0.767893735446506,0.05862479520457483,class=109:n01917289.pkl:0;n01917289.pkl:9;n01917289.pkl:11|class=440:n02823428.pkl:12;n02823428.pkl:14;n02823428.pkl:25|class=650:n03759954.pkl:21;n03759954.pkl:28;n03759954.pkl:87
vit,681,681,+,78,53,29,12,0.1012099330079548,0.17805952327272906,0.04226052128969634,0.11623083471401675,0.6443343801476965,0.10979967125088112,class=288:n02128385.pkl:0;n02128385.pkl:1;n02128385.pkl:2|class=682:n03837869.pkl:1;n03837869.pkl:2;n03837869.pkl:4|class=741:n03998194.pkl:9;n03998194.pkl:16;n03998194.pkl:19
vit,682,682,+,53,33,20,9,0.11094859177390093,0.17698146583024701,0.04041658373511532,0.10454676000206013,0.6247602208324163,0.14511638299030724,class=945:n07720875.pkl:2;n07720875.pkl:4;n07720875.pkl:5|class=528:n03187595.pkl:4;n03187595.pkl:6;n03187595.pkl:7|class=161:n02088238.pkl:7;n02088238.pkl:9;n02088238.pkl:12
vit,683,683,+,64,41,28,11,0.0788722609776053,0.11969115699371813,0.02813977766915366,0.05531747240528809,0.7323717500357924,0.07600642501141647,class=582:n03461385.pkl:1;n03461385.pkl:6;n03461385.pkl:7|class=768:n04118538.pkl:2;n04118538.pkl:10;n04118538.pkl:11|class=730:n03967562.pkl:2;n03967562.pkl:6;n03967562.pkl:8
vit,684,684,+,28,20,13,5,0.13260096980294256,0.20462378833691766,0.056401519589019476,0.13880348450454877,0.5638809783036165,0.2520165650837584,class=670:n03791053.pkl:1;n03791053.pkl:2;n03791053.pkl:3|class=355:n02437616.pkl:3;n02437616.pkl:5;n02437616.pkl:12|class=862:n04456115.pkl:1;n04456115.pkl:18;n04456115.pkl:46
vit,685,685,+,62,35,21,5,0.06244312964201272,0.10682957933192234,0.018023936987115807,0.038548834499855744,0.7207267877797878,0.08990781635897628,class=495:n03018349.pkl:1;n03018349.pkl:2;n03018349.pkl:4|class=516:n03125729.pkl:4;n03125729.pkl:6;n03125729.pkl:7|class=577:n03447721.pkl:3;n03447721.pkl:9;n03447721.pkl:14
vit,686,686,+,75,42,22,6,0.056179182004008496,0.12340652060318172,0.02383050709665173,0.07608135729546463,0.6218078959413876,0.14923621714857235,class=152:n02085782.pkl:1;n02085782.pkl:3;n02085782.pkl:5|class=565:n03393912.pkl:2;n03393912.pkl:6;n03393912.pkl:10|class=480:n02977058.pkl:0;n02977058.pkl:1;n02977058.pkl:5
vit,687,687,+,52,28,15,8,0.07536884682178648,0.12409429673357017,0.020130374763908502,0.041302512818416404,0.6998419465041839,0.10018618086304311,class=593:n03494278.pkl:2;n03494278.pkl:4;n03494278.pkl:8|class=488:n02999410.pkl:13;n02999410.pkl:23;n02999410.pkl:26|class=498:n03032252.pkl:6;n03032252.pkl:10;n03032252.pkl:19
vit,688,688,+,83,45,25,11,0.08229113126381218,0.16202047194349484,0.034669728608144774,0.10093527650971905,0.6349271948310387,0.11416729256397415,class=890:n04540053.pkl:0;n04540053.pkl:1;n04540053.pkl:2|class=747:n04023962.pkl:8;n04023962.pkl:12;n04023962.pkl:14|class=634:n03697007.pkl:0;n03697007.pkl:3;n03697007.pkl:7
vit,689,689,+,91,57,39,11,0.07225489457742984,0.12350506677236608,0.02638085305747744,0.06839678012993157,0.6987155818105978,0.0848563156417752,class=951:n07749582.pkl:0;n07749582.pkl:3;n07749582.pkl:4|class=158:n02087046.pkl:2;n02087046.pkl:8;n02087046.pkl:9|class=537:n03218198.pkl:10;n03218198.pkl:18;n03218198.pkl:19
vit,690,690,+,83,44,21,8,0.05293942826979605,0.10815914272058329,0.01711359582803699,0.03889469147107289,0.710334630654703,0.07428109105274482,class=368:n02483362.pkl:1;n02483362.pkl:4;n02483362.pkl:9|class=498:n03032252.pkl:4;n03032252.pkl:8;n03032252.pkl:17|class=464:n02910353.pkl:0;n02910353.pkl:6;n02910353.pkl:9
vit,691,691,+,93,61,42,15,0.09281681255328592,0.14160764519242278,0.03382701585449231,0.07640458305548581,0.728246313567208,0.06560923904619523,class=352:n02422699.pkl:1;n02422699.pkl:4;n02422699.pkl:7|class=444:n02835271.pkl:1;n02835271.pkl:2;n02835271.pkl:4|class=330:n02325366.pkl:3;n02325366.pkl:6;n02325366.pkl:9
vit,692,692,+,68,36,21,10,0.07395369124030073,0.12181924775690224,0.02417788574153763,0.04643359179052658,0.7288235100551216,0.0689457977754977,class=634:n03697007.pkl:14;n03697007.pkl:15;n03697007.pkl:17|class=863:n04458633.pkl:12;n04458633.pkl:20;n04458633.pkl:24|class=356:n02441942.pkl:1;n02441942.pkl:19;n02441942.pkl:21
vit,693,693,+,70,38,26,7,0.0951750412983645,0.17780907995820133,0.039211027041479746,0.12971778947266036,0.5873506687446342,0.17063093246656771,class=332:n02328150.pkl:0;n02328150.pkl:1;n02328150.pkl:2|class=140:n02027492.pkl:0;n02027492.pkl:1;n02027492.pkl:2|class=12:n01532829.pkl:9;n01532829.pkl:29;n01532829.pkl:31
vit,694,694,+,57,37,19,9,0.10828843134190756,0.19752423252415058,0.04466227734813131,0.11304456571961657,0.6191014019257396,0.12993777370835485,class=986:n12057211.pkl:1;n12057211.pkl:2;n12057211.pkl:3|class=363:n02454379.pkl:0;n02454379.pkl:7;n02454379.pkl:9|class=268:n02113978.pkl:3;n02113978.pkl:4;n02113978.pkl:7
vit,695,695,+,65,41,23,13,0.14140015935394967,0.22035916345740728,0.059382252887190526,0.13967468379470227,0.6555924396240852,0.10050012362546976,class=935:n07711569.pkl:0;n07711569.pkl:1;n07711569.pkl:2|class=855:n04423845.pkl:5;n04423845.pkl:7;n04423845.pkl:9|class=18:n01582220.pkl:1;n01582220.pkl:2;n01582220.pkl:3
vit,696,696,+,94,50,24,9,0.061339662312844136,0.12655621557562496,0.02538419082030052,0.07118745091640355,0.6497105700792064,0.0943049483471253,class=595:n03496892.pkl:0;n03496892.pkl:7;n03496892.pkl:9|class=939:n07716358.pkl:3;n07716358.pkl:4;n07716358.pkl:5|class=834:n04350905.pkl:2;n04350905.pkl:3;n04350905.pkl:6
vit,697,697,+,78,49,34,14,0.09301853082062418,0.14686328154668377,0.03120339769029747,0.06853165531273459,0.7286505299001186,0.0746625900198375,class=27:n01631663.pkl:2;n01631663.pkl:5;n01631663.pkl:6|class=16:n01560419.pkl:3;n01560419.pkl:5;n01560419.pkl:12|class=597:n03527444.pkl:4;n03527444.pkl:7;n03527444.pkl:23
vit,698,698,+,49,27,14,4,0.07987424730942518,0.1572528867471888,0.025908506928647195,0.0775681522298896,0.5637753405617086,0.20333862913501388,class=75:n01774384.pkl:2;n01774384.pkl:3;n01774384.pkl:11|class=339:n02389026.pkl:2;n02389026.pkl:5;n02389026.pkl:10|class=950:n07747607.pkl:2;n07747607.pkl:3;n07747607.pkl:10
vit,699,699,+,53,27,14,4,0.0482932731700403,0.09893601025695949,0.013522940926585238,0.026637518546612796,0.7275278140882749,0.09207774786607267,class=491:n03000684.pkl:2;n03000684.pkl:3;n03000684.pkl:13|class=557:n03355925.pkl:14;n03355925.pkl:22;n03355925.pkl:55|class=101:n01871265.pkl:20;n01871265.pkl:39;n01871265.pkl:45
vit,701,701,+,73,37,21,9,0.071068460333393,0.1502512971995889,0.029253639557734846,0.08942289640187655,0.6017716639683016,0.141700051703114,class=979:n09468604.pkl:1;n09468604.pkl:5;n09468604.pkl:6|class=92:n01828970.pkl:2;n01828970.pkl:3;n01828970.pkl:4|class=85:n01806567.pkl:4;n01806567.pkl:9;n01806567.pkl:12
vit,702,702,+,59,32,15,6,0.07150507433152628,0.14846002139367157,0.02158895764904201,0.05867755428151589,0.624236856139504,0.1421561633576644,class=693:n03873416.pkl:0;n03873416.pkl:3;n03873416.pkl:4|class=724:n03947888.pkl:6;n03947888.pkl:9;n03947888.pkl:12|class=479:n02974003.pkl:23;n02974003.pkl:24;n02974003.pkl:36
vit,703,703,+,41,23,15,6,0.07900016063616905,0.12003241719135,0.026081436989098983,0.056387825414645966,0.6800759747976969,0.13839521917300826,class=462:n02906734.pkl:0;n02906734.pkl:1;n02906734.pkl:6|class=755:n04044716.pkl:0;n04044716.pkl:1;n04044716.pkl:5|class=795:n04228054.pkl:2;n04228054.pkl:14;n04228054.pkl:28
vit,704,704,+,79,45,29,8,0.0703957803150612,0.1278648990056511,0.021515022741927382,0.048040897770129896,0.7235245310210985,0.0757701662574819,class=916:n06359193.pkl:4;n06359193.pkl:5;n06359193.pkl:7|class=38:n01675722.pkl:4;n01675722.pkl:6;n01675722.pkl:7|class=68:n01756291.pkl:1;n01756291.pkl:3;n01756291.pkl:18
vit,705,705,+,47,22,13,9,0.08305902650777222,0.15227970823105164,0.03099621799656315,0.08249074005997264,0.59308800791086,0.1719703069334023,class=379:n02492660.pkl:1;n02492660.pkl:4;n02492660.pkl:5|class=749:n04033901.pkl:2;n04033901.pkl:3;n04033901.pkl:8|class=873:n04486054.pkl:8;n04486054.pkl:11;n04486054.pkl:15
vit,706,706,+,53,32,11,5,0.06954921432151734,0.15422230245283272,0.02612564088523867,0.079913414540966,0.5591994734811748,0.195402427775852,class=138:n02018795.pkl:0;n02018795.pkl:2;n02018795.pkl:3|class=329:n02321529.pkl:0;n02321529.pkl:2;n02321529.pkl:4|class=965:n07880968.pkl:6;n07880968.pkl:8;n07880968.pkl:18
vit,707,707,+,41,28,15,6,0.12435081212094712,0.19907132964450122,0.04151373470448392,0.08863943429274022,0.6418597834031103,0.13558555734724928,class=950:n07747607.pkl:0;n07747607.pkl:1;n07747607.pkl:6|class=353:n02423022.pkl:2;n02423022.pkl:3;n02423022.pkl:6|class=235:n02106662.pkl:6;n02106662.pkl:7;n02106662.pkl:9
vit,708,708,+,35,23,16,4,0.08864106066766662,0.11909870576370717,0.016280820618223033,0.022416249971458725,0.798469409580833,0.08273475080686353,class=319:n02268443.pkl:10;n02268443.pkl:30;n02268443.pkl:31|class=89:n01819313.pkl:1;n01819313.pkl:23;n01819313.pkl:37|class=498:n03032252.pkl:0;n03032252.pkl:3;n03032252.pkl:31
vit,709,709,+,48,32,11,1,0.038247703808249045,0.0596042116891389,0.008072727176461614,0.010820407655114848,0.8377996636053906,0.05826209491385444,class=458:n02892201.pkl:62;n02892201.pkl:65;n02892201.pkl:66|class=187:n02094433.pkl:45;n02094433.pkl:68;n02094433.pkl:73|class=534:n03207941.pkl:0;n03207941.pkl:191;n03207941.pkl:227
vit,710,710,+,48,28,15,6,0.06895810635247385,0.1252994177383685,0.018666963955450498,0.037965640799194574,0.7052712425796328,0.10701062750027765,class=537:n03218198.pkl:4;n03218198.pkl:18;n03218198.pkl:21|class=46:n01693334.pkl:3;n01693334.pkl:5;n01693334.pkl:7|class=731:n03970156.pkl:1;n03970156.pkl:8;n03970156.pkl:25
vit,711,711,+,28,20,14,2,0.1253768683354968,0.211907711871477,0.05971481824927104,0.16805704988044512,0.49376182878009656,0.3185870992838571,class=138:n02018795.pkl:0;n02018795.pkl:1;n02018795.pkl:4|class=575:n03445924.pkl:0;n03445924.pkl:3;n03445924.pkl:6|class=741:n03998194.pkl:0;n03998194.pkl:46;n03998194.pkl:53
vit,712,712,+,156,86,54,21,0.07483150045767563,0.13878096876520918,0.03330267957851079,0.08229184748798901,0.7198902174416496,0.045551143929009746,class=360:n02444819.pkl:0;n02444819.pkl:2;n02444819.pkl:3|class=648:n03742115.pkl:0;n03742115.pkl:3;n03742115.pkl:5|class=225:n02105162.pkl:1;n02105162.pkl:2;n02105162.pkl:3
vit,713,713,+,70,39,22,11,0.08521862554373642,0.16229007106288648,0.03235618306753156,0.08404373750816047,0.6458879236585892,0.11066819663462578,class=176:n02091831.pkl:2;n02091831.pkl:4;n02091831.pkl:5|class=324:n02280649.pkl:0;n02280649.pkl:6;n02280649.pkl:9|class=385:n02504013.pkl:2;n02504013.pkl:4;n02504013.pkl:5
vit,714,714,+,60,41,23,10,0.09122209410153313,0.14131233973674656,0.030852770769892995,0.06334637261860655,0.7121947912306653,0.08692598095162442,class=817:n04285008.pkl:7;n04285008.pkl:9;n04285008.pkl:11|class=933:n07697313.pkl:2;n07697313.pkl:3;n07697313.pkl:7|class=753:n04040759.pkl:6;n04040759.pkl:7;n04040759.pkl:9
vit,715,715,+,100,52,34,15,0.07863897080338439,0.1509719970423253,0.03360253794975569,0.08808271112424423,0.6836315162608811,0.07871272726791065,class=967:n07920052.pkl:1;n07920052.pkl:2;n07920052.pkl:3|class=146:n02058221.pkl:0;n02058221.pkl:4;n02058221.pkl:5|class=578:n03450230.pkl:1;n03450230.pkl:5;n03450230.pkl:7
vit,716,716,+,42,27,14,6,0.09277592734689805,0.18427433076103722,0.043139931907071785,0.14036340524206536,0.5212261216457545,0.2758670041274546,class=69:n01768244.pkl:0;n01768244.pkl:1;n01768244.pkl:2|class=29:n01632777.pkl:7;n01632777.pkl:10;n01632777.pkl:11|class=599:n03530642.pkl:3;n03530642.pkl:29;n03530642.pkl:40
vit,717,717,+,43,25,15,5,0.08104772776373317,0.12187115017865034,0.022380093463225295,0.05125418655932388,0.6772544265371077,0.14522958283399365,class=607:n03590841.pkl:0;n03590841.pkl:1;n03590841.pkl:2|class=400:n02669723.pkl:0;n02669723.pkl:13;n02669723.pkl:16|class=370:n02484975.pkl:21;n02484975.pkl:23;n02484975.pkl:28
vit,718,718,+,69,34,18,7,0.060478571303864664,0.14975922112941437,0.03015615943184119,0.09766444118832293,0.5666548389821441,0.16650262335001823,class=177:n02092002.pkl:0;n02092002.pkl:1;n02092002.pkl:3|class=178:n02092339.pkl:0;n02092339.pkl:1;n02092339.pkl:3|class=721:n03938244.pkl:2;n03938244.pkl:5;n03938244.pkl:9
vit,719,719,+,101,63,35,18,0.08589906369671543,0.13794861587225707,0.02664649793574569,0.05255742753837893,0.7573201316918653,0.04841924016082855,class=35:n01667114.pkl:1;n01667114.pkl:2;n01667114.pkl:11|class=3:n01491361.pkl:3;n01491361.pkl:4;n01491361.pkl:15|class=62:n01744401.pkl:1;n01744401.pkl:2;n01744401.pkl:18
vit,720,720,+,59,36,19,5,0.06872293132822846,0.12042295984106076,0.025089458401958416,0.07465945206493547,0.617958589783981,0.16703336545618008,class=864:n04461696.pkl:2;n04461696.pkl:6;n04461696.pkl:7|class=453:n02870880.pkl:1;n02870880.pkl:7;n02870880.pkl:10|class=81:n01796340.pkl:0;n01796340.pkl:6;n01796340.pkl:8
vit,721,721,+,73,43,29,7,0.08137454181558208,0.13124428178041408,0.02621873689179646,0.056218628332156594,0.731632513897985,0.07668028959753778,class=916:n06359193.pkl:2;n06359193.pkl:7;n06359193.pkl:8|class=901:n04579145.pkl:4;n04579145.pkl:5;n04579145.pkl:7|class=582:n03461385.pkl:7;n03461385.pkl:13;n03461385.pkl:23
vit,722,722,+,62,36,19,4,0.07205658202254649,0.1572495300823087,0.03106809574390208,0.09935566849383166,0.5722210764535148,0.18108359780629388,class=984:n11879895.pkl:4;n11879895.pkl:5;n11879895.pkl:6|class=67:n01755581.pkl:2;n01755581.pkl:5;n01755581.pkl:8|class=576:n03447447.pkl:2;n03447447.pkl:3;n03447447.pkl:5
vit,723,723,+,79,48,27,9,0.072050638955262,0.13501832032245675,0.027508540275973034,0.0983355791828841,0.6160581058326325,0.1744137731135399,class=116:n01955084.pkl:1;n01955084.pkl:2;n01955084.pkl:4|class=336:n02361337.pkl:2;n02361337.pkl:8;n02361337.pkl:16|class=312:n02229544.pkl:8;n02229544.pkl:22;n02229544.pkl:27
vit,724,724,+,86,51,31,10,0.09671042607603945,0.16243605491037338,0.028184145811601,0.0673505414646359,0.6975187940095635,0.07802880881785838,class=653:n03764736.pkl:0;n03764736.pkl:4;n03764736.pkl:6|class=576:n03447447.pkl:0;n03447447.pkl:7;n03447447.pkl:8|class=937:n07714990.pkl:1;n07714990.pkl:2;n07714990.pkl:3
vit,725,725,+,34,18,10,4,0.06315593596069227,0.10217828068547732,0.017328418735328265,0.03281777611786779,0.6793162148092564,0.13490424681462646,class=144:n02051845.pkl:2;n02051845.pkl:9;n02051845.pkl:10|class=857:n04429376.pkl:0;n04429376.pkl:21;n04429376.pkl:32|class=512:n03109150.pkl:26;n03109150.pkl:34;n03109150.pkl:60
vit,726,726,+,87,38,18,6,0.04162455804743805,0.07906835502728456,0.010465099279255924,0.019464830010734808,0.7691193371625012,0.05125872967042735,class=45:n01692333.pkl:6;n01692333.pkl:10;n01692333.pkl:25|class=54:n01729322.pkl:26;n01729322.pkl:35;n01729322.pkl:45|class=162:n02088364.pkl:20;n02088364.pkl:30;n02088364.pkl:32
vit,727,727,+,59,45,29,8,0.10641937720423049,0.16880385927955982,0.03583377861018483,0.09403525984515565,0.6647404158747218,0.133668871702558,class=651:n03761084.pkl:0;n03761084.pkl:1;n03761084.pkl:3|class=642:n03721384.pkl:3;n03721384.pkl:5;n03721384.pkl:8|class=14:n01537544.pkl:3;n01537544.pkl:12;n01537544.pkl:13
vit,728,728,+,51,29,15,4,0.06666476333138775,0.13075294349411265,0.023988657102100863,0.07359355256954475,0.572440969293472,0.20415080506947597,class=121:n01981276.pkl:1;n01981276.pkl:2;n01981276.pkl:6|class=31:n01644373.pkl:2;n01644373.pkl:3;n01644373.pkl:11|class=803:n04252225.pkl:2;n04252225.pkl:10;n04252225.pkl:13
vit,729,729,+,40,30,16,7,0.09880144276908637,0.13006114792633505,0.030141547425475673,0.05240587878446194,0.727035384264563,0.10057339549048404,class=393:n02607072.pkl:0;n02607072.pkl:6;n02607072.pkl:9|class=482:n02979186.pkl:5;n02979186.pkl:27;n02979186.pkl:36|class=197:n02097130.pkl:1;n02097130.pkl:4;n02097130.pkl:10
vit,730,730,+,74,44,25,9,0.08732792969667877,0.13300450836087158,0.02499730834873056,0.05841977311889428,0.7017021432103907,0.08732118725214885,class=969:n07932039.pkl:6;n07932039.pkl:7;n07932039.pkl:8|class=202:n02098105.pkl:0;n02098105.pkl:6;n02098105.pkl:8|class=580:n03457902.pkl:0;n03457902.pkl:10;n03457902.pkl:22
vit,731,731,+,49,30,18,7,0.0977917129699337,0.15182493387553508,0.03218955558235032,0.06851805626180352,0.6777818239506365,0.11287457977075845,class=289:n02128757.pkl:5;n02128757.pkl:8;n02128757.pkl:10|class=937:n07714990.pkl:0;n07714990.pkl:8;n07714990.pkl:10|class=444:n02835271.pkl:4;n02835271.pkl:5;n02835271.pkl:10
vit,732,732,+,49,30,17,12,0.12823168957703063,0.19010365275963195,0.04395718727549903,0.07985860912820722,0.7029487151119032,0.08776591978511908,class=312:n02229544.pkl:2;n02229544.pkl:6;n02229544.pkl:7|class=255:n02111129.pkl:1;n02111129.pkl:6;n02111129.pkl:22|class=142:n02033041.pkl:7;n02033041.pkl:13;n02033041.pkl:14
vit,733,733,+,78,40,19,4,0.038052330198329494,0.06871868932222432,0.011456863274383115,0.021725086151336902,0.7755087506943086,0.05892009098840498,class=177:n02092002.pkl:13;n02092002.pkl:14;n02092002.pkl:21|class=976:n09399592.pkl:13;n09399592.pkl:37;n09399592.pkl:38|class=757:n04065272.pkl:8;n04065272.pkl:25;n04065272.pkl:42
vit,734,734,+,62,31,18,7,0.06397159368144135,0.10687900745762806,0.01653584878565965,0.03039294497462999,0.7440771363972909,0.07061703558086746,class=477:n02966687.pkl:5;n02966687.pkl:11;n02966687.pkl:13|class=725:n03950228.pkl:7;n03950228.pkl:8;n03950228.pkl:20|class=123:n01984695.pkl:11;n01984695.pkl:17;n01984695.pkl:25
vit,735,735,+,29,16,6,4,0.08919815766787703,0.17741840230473746,0.0360132626478671,0.10694834399115435,0.4646367950375517,0.33858890218081616,class=768:n04118538.pkl:0;n04118538.pkl:8;n04118538.pkl:11|class=55:n01729977.pkl:8;n01729977.pkl:11;n01729977.pkl:18|class=840:n04367480.pkl:5;n04367480.pkl:18;n04367480.pkl:20
vit,736,736,+,49,29,16,5,0.05670212315595462,0.08390549551411765,0.015361758376047023,0.026869339424772726,0.7471029990167749,0.08284430235052379,class=827:n04330267.pkl:0;n04330267.pkl:19;n04330267.pkl:37|class=759:n04069434.pkl:16;n04069434.pkl:35;n04069434.pkl:39|class=845:n04376876.pkl:5;n04376876.pkl:12;n04376876.pkl:31
vit,737,737,+,49,25,13,5,0.060917247949595764,0.11635360822979138,0.01699187572856202,0.037968997236862985,0.6658492733223964,0.12230941732713065,class=361:n02445715.pkl:1;n02445715.pkl:8;n02445715.pkl:10|class=859:n04442312.pkl:14;n04442312.pkl:17;n04442312.pkl:23|class=301:n02165456.pkl:9;n02165456.pkl:33;n02165456.pkl:34
vit,738,738,+,44,23,13,8,0.08061442930836782,0.14536630499940403,0.025697361861201695,0.0542762599142037,0.6764501526545011,0.12411609311320106,class=113:n01944390.pkl:4;n01944390.pkl:7;n01944390.pkl:9|class=100:n01860187.pkl:3;n01860187.pkl:7;n01860187.pkl:17|class=712:n03920288.pkl:22;n03920288.pkl:30;n03920288.pkl:35
vit,739,739,+,87,54,29,7,0.06270913853248382,0.11658753308217411,0.02253877167776031,0.05449893685873584,0.711467556561239,0.07869843805745258,class=131:n02009229.pkl:0;n02009229.pkl:6;n02009229.pkl:13|class=132:n02009912.pkl:3;n02009912.pkl:5;n02009912.pkl:11|class=501:n03045698.pkl:0;n03045698.pkl:2;n03045698.pkl:5
vit,740,740,+,84,44,22,10,0.0678335118260229,0.14004593163856235,0.02356108253949737,0.06139597150191166,0.672363675438804,0.0927417240205911,class=389:n02514041.pkl:2;n02514041.pkl:5;n02514041.pkl:7|class=961:n07860988.pkl:0;n07860988.pkl:7;n07860988.pkl:18|class=467:n02927161.pkl:2;n02927161.pkl:5;n02927161.pkl:7
vit,741,741,+,80,40,23,10,0.07441840256054168,0.14068308725269363,0.023649098463545744,0.05661263507688485,0.685976370368141,0.08413208194677546,class=460:n02894605.pkl:1;n02894605.pkl:2;n02894605.pkl:5|class=131:n02009229.pkl:2;n02009229.pkl:5;n02009229.pkl:10|class=132:n02009912.pkl:2;n02009912.pkl:5;n02009912.pkl:10
vit,742,742,+,45,30,18,12,0.15579166821393267,0.24168741306097935,0.08563302646544382,0.16723247735480498,0.659356189745965,0.10697347888500336,class=688:n03857828.pkl:0;n03857828.pkl:1;n03857828.pkl:2|class=806:n04254777.pkl:2;n04254777.pkl:5;n04254777.pkl:6|class=385:n02504013.pkl:1;n02504013.pkl:2;n02504013.pkl:3
vit,743,743,+,90,49,31,12,0.0802379750232178,0.15179385547231167,0.030867252909534734,0.07502188003088715,0.6828468938074879,0.0767464023185705,class=765:n04099969.pkl:1;n04099969.pkl:2;n04099969.pkl:4|class=471:n02950826.pkl:0;n02950826.pkl:3;n02950826.pkl:5|class=654:n03769881.pkl:1;n03769881.pkl:3;n03769881.pkl:5
vit,744,744,+,48,20,9,4,0.03805190052718425,0.07297683068280063,0.011269187980299552,0.024218301581884445,0.6860485424904488,0.11705234283756341,class=57:n01735189.pkl:10;n01735189.pkl:11;n01735189.pkl:24|class=755:n04044716.pkl:18;n04044716.pkl:24;n04044716.pkl:29|class=165:n02089078.pkl:7;n02089078.pkl:21;n02089078.pkl:26
vit,745,745,+,52,26,18,9,0.0969610861859018,0.1603666835573024,0.034299165240095485,0.08201057550907423,0.6561391850408587,0.12917419736800298,class=560:n03379051.pkl:2;n03379051.pkl:3;n03379051.pkl:4|class=905:n04590129.pkl:0;n04590129.pkl:1;n04590129.pkl:7|class=904:n04589890.pkl:3;n04589890.pkl:7;n04589890.pkl:9
vit,746,746,+,79,51,33,18,0.11296628037773564,0.16038483879915488,0.03707462535925863,0.06788929914061642,0.7544409722937494,0.05510278599260507,class=725:n03950228.pkl:2;n03950228.pkl:6;n03950228.pkl:7|class=799:n04239074.pkl:0;n04239074.pkl:14;n04239074.pkl:20|class=634:n03697007.pkl:1;n03697007.pkl:5;n03697007.pkl:6
vit,747,747,+,113,65,43,16,0.08161906315784072,0.14959552014938163,0.031439681882947906,0.07451769237341724,0.7174544809748634,0.05856417077568209,class=993:n13037406.pkl:2;n13037406.pkl:5;n13037406.pkl:6|class=468:n02930766.pkl:0;n02930766.pkl:2;n02930766.pkl:3|class=74:n01773797.pkl:1;n01773797.pkl:13;n01773797.pkl:17
vit,748,748,+,107,68,43,14,0.08335972503951021,0.13316843250648802,0.029523904390607324,0.06550439825603734,0.7419916511572114,0.05535127422129662,class=743:n04005630.pkl:0;n04005630.pkl:1;n04005630.pkl:2|class=32:n01644900.pkl:0;n01644900.pkl:1;n01644900.pkl:8|class=947:n07734744.pkl:4;n07734744.pkl:9;n07734744.pkl:29
vit,749,749,+,75,49,30,12,0.11344673580704064,0.17697662452368934,0.045329069737549535,0.0986018015640829,0.7037932498977693,0.0764225048000429,class=962:n07871810.pkl:3;n07871810.pkl:5;n07871810.pkl:6|class=68:n01756291.pkl:2;n01756291.pkl:28;n01756291.pkl:33|class=291:n02129165.pkl:1;n02129165.pkl:2;n02129165.pkl:5
vit,750,750,+,67,37,23,10,0.10226183659565515,0.17571111602746745,0.03084115550294725,0.06997992146110263,0.6712703841640418,0.09176952411497294,class=930:n07684084.pkl:1;n07684084.pkl:7;n07684084.pkl:11|class=330:n02325366.pkl:3;n02325366.pkl:10;n02325366.pkl:17|class=210:n02100236.pkl:2;n02100236.pkl:3;n02100236.pkl:5
vit,751,751,+,5,1,0,0,0.012516283571094345,0.018251855210763567,0.002367681832250044,0.0027613645826812844,0.6761295369257839,0.4720387764040528,class=418:n02783161.pkl:220;n02783161.pkl:472;n02783161.pkl:502|class=95:n01843065.pkl:839;n01843065.pkl:1191|class=453:n02870880.pkl:1263
vit,752,752,+,71,36,17,5,0.05870778133655657,0.13536002328660685,0.019999904238715765,0.06029112382225484,0.6083494331786251,0.14207938103574286,class=129:n02006656.pkl:2;n02006656.pkl:3;n02006656.pkl:7|class=49:n01697457.pkl:1;n01697457.pkl:2;n01697457.pkl:3|class=622:n03657121.pkl:2;n03657121.pkl:7;n03657121.pkl:11
vit,753,753,+,54,34,19,12,0.12384663550712685,0.1807253231600468,0.04655373869091576,0.09795330521288585,0.6757257613700599,0.10050368838593181,class=676:n03803284.pkl:0;n03803284.pkl:2;n03803284.pkl:3|class=315:n02236044.pkl:0;n02236044.pkl:3;n02236044.pkl:6|class=286:n02125311.pkl:0;n02125311.pkl:5;n02125311.pkl:12
vit,754,754,+,70,35,23,7,0.05512008275435103,0.08600467099438867,0.016421797493721527,0.029713068311380528,0.7623105432494389,0.061054444432465015,class=599:n03530642.pkl:6;n03530642.pkl:10;n03530642.pkl:13|class=660:n03776460.pkl:40;n03776460.pkl:44;n03776460.pkl:48|class=939:n07716358.pkl:18;n07716358.pkl:19;n07716358.pkl:40
vit,755,755,+,53,32,20,13,0.12420153555792109,0.18821228000850707,0.04325673647382048,0.08895080289377806,0.6923927747797769,0.09865202884060566,class=324:n02280649.pkl:1;n02280649.pkl:2;n02280649.pkl:4|class=219:n02102318.pkl:1;n02102318.pkl:3;n02102318.pkl:4|class=351:n02422106.pkl:1;n02422106.pkl:3;n02422106.pkl:6
vit,756,756,+,57,29,15,3,0.05683981331114759,0.13450801854822292,0.02212112335745404,0.09025093103100734,0.5212567392095262,0.309564918089355,class=397:n02655020.pkl:0;n02655020.pkl:1;n02655020.pkl:2|class=627:n03670208.pkl:10;n03670208.pkl:22;n03670208.pkl:44|class=610:n03595614.pkl:3;n03595614.pkl:11;n03595614.pkl:27
vit,757,757,+,25,18,7,1,0.06854218387353528,0.10684150474725912,0.013885529907961339,0.02731413890396529,0.67390477325531,0.19477831065945475,class=949:n07745940.pkl:3;n07745940.pkl:15;n07745940.pkl:17|class=725:n03950228.pkl:34;n03950228.pkl:44;n03950228.pkl:48|class=309:n02206856.pkl:135;n02206856.pkl:155;n02206856.pkl:210
vit,758,758,+,56,32,18,7,0.08346397645139743,0.14575044062444012,0.02752163114952538,0.06628981305599642,0.6467233035991068,0.12145653838112186,class=386:n02504458.pkl:0;n02504458.pkl:1;n02504458.pkl:4|class=95:n01843065.pkl:2;n01843065.pkl:7;n01843065.pkl:8|class=192:n02096177.pkl:1;n02096177.pkl:2;n02096177.pkl:3
vit,759,759,+,15,5,3,1,0.04817600488224304,0.08461972897751098,0.010617340199153247,0.018950460298908716,0.5753202174657843,0.27904822404519875,class=438:n02815834.pkl:1;n02815834.pkl:9;n02815834.pkl:10|class=618:n03633091.pkl:12;n03633091.pkl:85;n03633091.pkl:96|class=891:n04542943.pkl:34;n04542943.pkl:84;n04542943.pkl:140
vit,760,760,+,81,47,35,12,0.11939294867358159,0.20413393981878267,0.04806024331119456,0.12373087665534609,0.6578100429611319,0.0941731692206918,class=347:n02410509.pkl:0;n02410509.pkl:1;n02410509.pkl:2|class=326:n02281787.pkl:0;n02281787.pkl:1;n02281787.pkl:2|class=257:n02111500.pkl:1;n02111500.pkl:2;n02111500.pkl:5
vit,761,761,+,42,28,16,8,0.12083303485075185,0.17926090915878562,0.035816703110108476,0.0707691388380278,0.685057638786263,0.11676335991641702,class=514:n03124043.pkl:0;n03124043.pkl:2;n03124043.pkl:7|class=171:n02091032.pkl:7;n02091032.pkl:11;n02091032.pkl:12|class=328:n02319095.pkl:10;n02319095.pkl:13;n02319095.pkl:18
vit,762,762,+,59,33,16,8,0.06587091660529187,0.10922051271355591,0.017892424575790353,0.03178171096447816,0.7468131662937337,0.07042579663250938,class=702:n03888605.pkl:5;n03888605.pkl:39;n03888605.pkl:60|class=186:n02094258.pkl:7;n02094258.pkl:36;n02094258.pkl:37|class=309:n02206856.pkl:6;n02206856.pkl:32;n02206856.pkl:34
vit,763,763,+,57,35,21,10,0.10036792484623491,0.16669528119980973,0.035226829499650135,0.07859519305337762,0.6737271476069653,0.10487517465211958,class=531:n03197337.pkl:2;n03197337.pkl:3;n03197337.pkl:4|class=112:n01943899.pkl:0;n01943899.pkl:5;n01943899.pkl:13|class=169:n02090622.pkl:4;n02090622.pkl:19;n02090622.pkl:20
vit,764,764,+,32,23,8,4,0.0986245487880417,0.1730748184589893,0.03081929043314867,0.09497622532872153,0.5205801864198523,0.3280299526296376,class=213:n02100877.pkl:0;n02100877.pkl:1;n02100877.pkl:4|class=65:n01751748.pkl:2;n01751748.pkl:9;n01751748.pkl:17|class=954:n07753592.pkl:6;n07753592.pkl:40;n07753592.pkl:41
vit,765,765,+,58,31,11,0,0.028615920423082152,0.04358350750789139,0.006365159744274127,0.009017056008560207,0.8251343891221392,0.05184192323610322,class=60:n01740131.pkl:29;n01740131.pkl:31;n01740131.pkl:39|class=553:n03337140.pkl:24;n03337140.pkl:33;n03337140.pkl:42|class=505:n03063689.pkl:21;n03063689.pkl:33;n03063689.pkl:68
vit,766,766,+,40,23,11,3,0.040626529652436,0.06250935284042258,0.010979401036271447,0.017779940999008374,0.7687645139693436,0.09056066386690467,class=890:n04540053.pkl:3;n04540053.pkl:85;n04540053.pkl:104|class=66:n01753488.pkl:5;n01753488.pkl:10;n01753488.pkl:12|class=619:n03637318.pkl:57;n03637318.pkl:60;n03637318.pkl:92
vit,767,767,+,89,52,31,17,0.08857353689092348,0.13585915452698996,0.027960223391163667,0.056103324570660765,0.7441695732383985,0.05647421735596735,class=479:n02974003.pkl:4;n02974003.pkl:12;n02974003.pkl:14|class=56:n01734418.pkl:1;n01734418.pkl:5;n01734418.pkl:12|class=567:n03400231.pkl:3;n03400231.pkl:8;n03400231.pkl:14
vit,768,0,-,64,43,26,10,0.09468491367246104,0.15067012902023327,0.030015346908830995,0.06860548102442617,0.7020625844820402,0.09725521100552895,class=261:n02112350.pkl:4;n02112350.pkl:6;n02112350.pkl:9|class=681:n03832673.pkl:3;n03832673.pkl:4;n03832673.pkl:13|class=166:n02089867.pkl:14;n02089867.pkl:20;n02089867.pkl:21
vit,769,1,-,64,32,14,2,0.03715099075545765,0.06098942246637925,0.008537677412050627,0.014736014136088889,0.7863539312041449,0.06217295461397092,class=552:n03325584.pkl:45;n03325584.pkl:48;n03325584.pkl:63|class=285:n02124075.pkl:12;n02124075.pkl:17;n02124075.pkl:49|class=902:n04579432.pkl:20;n04579432.pkl:25;n04579432.pkl:28
vit,770,2,-,94,67,40,13,0.11122067920042131,0.16327149551550071,0.03596698290920988,0.0810448384826821,0.7220762033593651,0.06465335645555115,class=210:n02100236.pkl:0;n02100236.pkl:5;n02100236.pkl:6|class=663:n03781244.pkl:0;n03781244.pkl:9;n03781244.pkl:11|class=829:n04335435.pkl:2;n04335435.pkl:6;n04335435.pkl:8
vit,771,3,-,66,40,27,8,0.07801677197370946,0.13030992998398133,0.023206223458604798,0.05264681637401432,0.7198970773582696,0.09313297346870812,class=625:n03662601.pkl:2;n03662601.pkl:6;n03662601.pkl:8|class=698:n03877845.pkl:10;n03877845.pkl:18;n03877845.pkl:19|class=483:n02980441.pkl:0;n02980441.pkl:2;n02980441.pkl:9
vit,772,4,-,47,19,8,2,0.029148939851855626,0.05785255551161156,0.008427550407545595,0.017350663756461104,0.7069459942381574,0.11146103545728492,class=35:n01667114.pkl:0;n01667114.pkl:13;n01667114.pkl:25|class=234:n02106550.pkl:26;n02106550.pkl:43;n02106550.pkl:71|class=407:n02701002.pkl:35;n02701002.pkl:66;n02701002.pkl:80
vit,773,5,-,96,58,40,17,0.10333915109442456,0.17731813802106197,0.04285803739717394,0.09956150835186628,0.7080043099032036,0.06663101016211458,class=19:n01592084.pkl:2;n01592084.pkl:3;n01592084.pkl:4|class=281:n02123045.pkl:2;n02123045.pkl:3;n02123045.pkl:4|class=686:n03843555.pkl:6;n03843555.pkl:12;n03843555.pkl:14
vit,774,6,-,21,12,9,4,0.14637708915335504,0.20482247615461077,0.04558161181478969,0.09851088257044453,0.56937536873263,0.2700369644165153,class=80:n01795545.pkl:0;n01795545.pkl:5;n01795545.pkl:7|class=63:n01748264.pkl:2;n01748264.pkl:3;n01748264.pkl:7|class=965:n07880968.pkl:18;n07880968.pkl:40;n07880968.pkl:63
vit,775,7,-,45,33,18,11,0.1613717263851703,0.2393553115768527,0.0640361303734805,0.1373809933845842,0.6492809434450376,0.1245022013418852,class=768:n04118538.pkl:0;n04118538.pkl:1;n04118538.pkl:2|class=915:n04613696.pkl:0;n04613696.pkl:1;n04613696.pkl:2|class=76:n01774750.pkl:2;n01774750.pkl:4;n01774750.pkl:6
vit,776,8,-,97,62,39,15,0.09193203229558637,0.1537316485036111,0.03664001304817604,0.08950938501519828,0.707533944829857,0.07183463968358855,class=265:n02113624.pkl:0;n02113624.pkl:1;n02113624.pkl:2|class=443:n02834397.pkl:6;n02834397.pkl:7;n02834397.pkl:8|class=888:n04532670.pkl:1;n04532670.pkl:2;n04532670.pkl:10
vit,777,9,-,76,46,29,9,0.09260861928456712,0.15099680274883998,0.03292320070591618,0.08970498388278154,0.6712460002720712,0.11084009955103398,class=875:n04487394.pkl:1;n04487394.pkl:2;n04487394.pkl:3|class=563:n03388183.pkl:1;n03388183.pkl:4;n03388183.pkl:6|class=809:n04263257.pkl:12;n04263257.pkl:15;n04263257.pkl:22
vit,778,10,-,31,17,7,3,0.0763212907560972,0.15108866632463122,0.026750148180891196,0.09047992064575992,0.45544110822595574,0.4013124275340204,class=546:n03272010.pkl:2;n03272010.pkl:5;n03272010.pkl:6|class=981:n09835506.pkl:11;n09835506.pkl:12;n09835506.pkl:18|class=593:n03494278.pkl:15;n03494278.pkl:22;n03494278.pkl:25
vit,779,11,-,93,61,34,17,0.10611809116559583,0.17726793642764108,0.03919625091592597,0.08574372938466761,0.7078464294433426,0.062208298186042746,class=901:n04579145.pkl:0;n04579145.pkl:1;n04579145.pkl:2|class=653:n03764736.pkl:1;n03764736.pkl:2;n03764736.pkl:5|class=126:n01990800.pkl:1;n01990800.pkl:4;n01990800.pkl:12
vit,780,12,-,74,52,30,16,0.10780685456960953,0.16990291372542662,0.03894306832902592,0.09033057018925596,0.6972911074133971,0.08622071856906556,class=376:n02489166.pkl:2;n02489166.pkl:4;n02489166.pkl:6|class=704:n03891332.pkl:0;n03891332.pkl:2;n03891332.pkl:5|class=126:n01990800.pkl:0;n01990800.pkl:5;n01990800.pkl:11
vit,781,13,-,49,32,12,7,0.0953998405146055,0.16657902559493976,0.03314317196207561,0.07310611710479016,0.6378165228414068,0.11970221101787488,class=671:n03792782.pkl:4;n03792782.pkl:5;n03792782.pkl:9|class=300:n02165105.pkl:0;n02165105.pkl:3;n02165105.pkl:5|class=361:n02445715.pkl:0;n02445715.pkl:2;n02445715.pkl:14
vit,782,14,-,21,12,7,4,0.11667689227578194,0.17275154273344626,0.03093308668847267,0.07160318140829679,0.5516696151651149,0.30277095883817856,class=0:n01440764.pkl:0;n01440764.pkl:3;n01440764.pkl:5|class=392:n02606052.pkl:0;n02606052.pkl:14;n02606052.pkl:20|class=395:n02641379.pkl:13;n02641379.pkl:142;n02641379.pkl:156
vit,783,15,-,62,35,21,5,0.06175310548331793,0.09491712794080764,0.014661348778124996,0.02491335985408216,0.768945425305258,0.06270105084950062,class=511:n03100240.pkl:20;n03100240.pkl:26;n03100240.pkl:36|class=158:n02087046.pkl:27;n02087046.pkl:36;n02087046.pkl:41|class=748:n04026417.pkl:3;n04026417.pkl:44;n04026417.pkl:64
vit,784,16,-,29,22,16,7,0.20090048666458615,0.26488633454599136,0.09230230205933562,0.1951304250112517,0.6038994228291457,0.18859137375413745,class=221:n02102973.pkl:0;n02102973.pkl:1;n02102973.pkl:2|class=752:n04039381.pkl:2;n04039381.pkl:9;n04039381.pkl:10|class=816:n04277352.pkl:1;n04277352.pkl:14;n04277352.pkl:16
vit,785,17,-,56,39,28,12,0.13251237889822529,0.1980178521353616,0.05257989583605094,0.10614495781738735,0.699814615815685,0.09063030859259572,class=30:n01641577.pkl:1;n01641577.pkl:4;n01641577.pkl:5|class=198:n02097209.pkl:12;n02097209.pkl:13;n02097209.pkl:21|class=4:n01494475.pkl:0;n01494475.pkl:3;n01494475.pkl:5
vit,786,18,-,33,21,10,5,0.12228004503844242,0.21441808355993933,0.05589450414074046,0.1311473281254102,0.5620453737069332,0.19713018348946643,class=43:n01688243.pkl:0;n01688243.pkl:3;n01688243.pkl:5|class=104:n01877812.pkl:4;n01877812.pkl:13;n01877812.pkl:14|class=260:n02112137.pkl:5;n02112137.pkl:6;n02112137.pkl:8
vit,787,19,-,52,29,12,4,0.07531451311454804,0.18423955676353898,0.026965642445221556,0.08667814193816642,0.5193477824530368,0.2179291368475897,class=49:n01697457.pkl:9;n01697457.pkl:11;n01697457.pkl:13|class=564:n03388549.pkl:1;n03388549.pkl:5;n03388549.pkl:6|class=85:n01806567.pkl:3;n01806567.pkl:4;n01806567.pkl:7
vit,788,20,-,71,38,18,5,0.06439496216431839,0.13188246908039458,0.02128666950836671,0.05700342567182678,0.6461204651316059,0.11508607780019155,class=955:n07754684.pkl:3;n07754684.pkl:6;n07754684.pkl:13|class=718:n03933933.pkl:0;n03933933.pkl:9;n03933933.pkl:13|class=784:n04154565.pkl:2;n04154565.pkl:3;n04154565.pkl:6
vit,789,21,-,67,37,23,11,0.0821056006046185,0.1311584329141331,0.027990932546834456,0.05739490528633355,0.7157105252129462,0.0776787569543896,class=169:n02090622.pkl:0;n02090622.pkl:1;n02090622.pkl:7|class=40:n01682714.pkl:5;n01682714.pkl:6;n01682714.pkl:17|class=663:n03781244.pkl:2;n03781244.pkl:3;n03781244.pkl:10
vit,790,22,-,85,57,35,11,0.09023527327845324,0.159612688277328,0.03813231195439856,0.11249549499008961,0.6517265860413212,0.1141564785258887,class=914:n04612504.pkl:2;n04612504.pkl:4;n04612504.pkl:5|class=520:n03131574.pkl:0;n03131574.pkl:1;n03131574.pkl:2|class=483:n02980441.pkl:2;n02980441.pkl:3;n02980441.pkl:4
vit,791,23,-,31,23,12,3,0.12282944900919611,0.21367521175184312,0.05115576450936771,0.14299508385944135,0.5046379807576739,0.28431076845739134,class=85:n01806567.pkl:2;n01806567.pkl:3;n01806567.pkl:5|class=49:n01697457.pkl:2;n01697457.pkl:4;n01697457.pkl:10|class=637:n03710193.pkl:6;n03710193.pkl:9;n03710193.pkl:12
vit,792,24,-,40,25,17,3,0.07344739320218835,0.08299353006070691,0.017948305516658363,0.023585444164893325,0.8110335002291804,0.0681699176691299,class=258:n02111889.pkl:11;n02111889.pkl:31;n02111889.pkl:33|class=403:n02687172.pkl:7;n02687172.pkl:35;n02687172.pkl:37|class=225:n02105162.pkl:7;n02105162.pkl:35;n02105162.pkl:51
vit,793,25,-,67,35,22,8,0.08054038412526857,0.12352662635769916,0.020597836835679808,0.04207200751165697,0.7126546943405283,0.07719387840802315,class=764:n04090263.pkl:5;n04090263.pkl:13;n04090263.pkl:14|class=668:n03788195.pkl:2;n03788195.pkl:6;n03788195.pkl:10|class=632:n03691459.pkl:0;n03691459.pkl:6;n03691459.pkl:9
vit,794,26,-,59,36,21,4,0.05557085351335219,0.08259525212193958,0.014553697694838755,0.027645339987946965,0.7662347043510322,0.07810600981154663,class=352:n02422699.pkl:2;n02422699.pkl:4;n02422699.pkl:8|class=898:n04557648.pkl:6;n04557648.pkl:50;n04557648.pkl:59|class=819:n04296562.pkl:8;n04296562.pkl:53;n04296562.pkl:86
vit,795,27,-,49,28,12,2,0.045921157527909526,0.08391383178227492,0.011283472731025732,0.024835566631875985,0.7145497981735888,0.11927861049991165,class=873:n04486054.pkl:5;n04486054.pkl:10;n04486054.pkl:20|class=507:n03075370.pkl:1;n03075370.pkl:17;n03075370.pkl:25|class=434:n02808304.pkl:17;n02808304.pkl:48;n02808304.pkl:66
vit,796,28,-,69,41,25,9,0.09184881302375127,0.1599130473060162,0.02947899808312622,0.08165236740490359,0.6503747012177608,0.12568206323807646,class=376:n02489166.pkl:0;n02489166.pkl:1;n02489166.pkl:3|class=178:n02092339.pkl:1;n02092339.pkl:5;n02092339.pkl:6|class=579:n03452741.pkl:0;n03452741.pkl:2;n03452741.pkl:6
vit,797,29,-,49,24,13,4,0.05642225436607631,0.10914484271233572,0.016343274454813674,0.04107928327997446,0.6459046541862685,0.14934336010312618,class=393:n02607072.pkl:4;n02607072.pkl:8;n02607072.pkl:18|class=201:n02097658.pkl:15;n02097658.pkl:23;n02097658.pkl:32|class=543:n03255030.pkl:22;n03255030.pkl:24;n03255030.pkl:27
vit,798,30,-,47,29,19,5,0.10580942418586692,0.17194389176370467,0.03391062180234626,0.08172142654850345,0.6497674291387561,0.1448435988633377,class=33:n01664065.pkl:0;n01664065.pkl:3;n01664065.pkl:5|class=82:n01797886.pkl:0;n01797886.pkl:11;n01797886.pkl:17|class=327:n02317335.pkl:18;n02317335.pkl:22;n02317335.pkl:23
vit,799,31,-,65,29,19,10,0.08921338476901033,0.16596931871554338,0.031340745376900556,0.07902047226174713,0.6357718956473651,0.11318650436346367,class=653:n03764736.pkl:0;n03764736.pkl:1;n03764736.pkl:2|class=298:n02137549.pkl:1;n02137549.pkl:9;n02137549.pkl:10|class=997:n13054560.pkl:6;n13054560.pkl:8;n13054560.pkl:17
vit,800,32,-,28,19,10,3,0.07564456588522905,0.10692927773365682,0.015841368896538584,0.024548917873306115,0.739810290614122,0.12148149116782003,class=9:n01518878.pkl:8;n01518878.pkl:25;n01518878.pkl:38|class=287:n02127052.pkl:7;n02127052.pkl:18;n02127052.pkl:27|class=259:n02112018.pkl:23;n02112018.pkl:24;n02112018.pkl:46
vit,801,33,-,82,49,32,11,0.09284445678723856,0.16442101564409642,0.033852641770941605,0.0952298549597419,0.6685681734984918,0.10869955469779544,class=374:n02488291.pkl:1;n02488291.pkl:2;n02488291.pkl:6|class=36:n01667778.pkl:7;n01667778.pkl:15;n01667778.pkl:17|class=954:n07753592.pkl:0;n07753592.pkl:2;n07753592.pkl:8
vit,802,34,-,80,51,32,10,0.09013953737220344,0.16256197178048967,0.035158601943086024,0.0949200026459256,0.6617873799540591,0.10360921434702001,class=759:n04069434.pkl:1;n04069434.pkl:3;n04069434.pkl:6|class=681:n03832673.pkl:1;n03832673.pkl:2;n03832673.pkl:7|class=927:n07613480.pkl:2;n07613480.pkl:9;n07613480.pkl:18
vit,803,35,-,36,20,11,6,0.09086686369228533,0.13970856067311965,0.02589198765093058,0.0526199360780706,0.6599863560925662,0.14250522998484227,class=936:n07714571.pkl:0;n07714571.pkl:1;n07714571.pkl:2|class=766:n04111531.pkl:0;n04111531.pkl:8;n04111531.pkl:10|class=496:n03026506.pkl:13;n03026506.pkl:14;n03026506.pkl:58
vit,804,36,-,115,63,40,14,0.07221100696393623,0.1424582812438242,0.03003552724692437,0.07156304376029307,0.7056322160882962,0.058059527585791214,class=972:n09246464.pkl:1;n09246464.pkl:7;n09246464.pkl:9|class=895:n04552348.pkl:0;n04552348.pkl:1;n04552348.pkl:6|class=826:n04328186.pkl:2;n04328186.pkl:4;n04328186.pkl:5
vit,805,37,-,51,27,15,3,0.04495279608080041,0.07322680434572536,0.009291615701092769,0.0145581724383465,0.7973709285352784,0.06774285286504972,class=48:n01695060.pkl:0;n01695060.pkl:1;n01695060.pkl:10|class=83:n01798484.pkl:14;n01798484.pkl:26;n01798484.pkl:52|class=778:n04141975.pkl:1;n04141975.pkl:23;n04141975.pkl:40
vit,806,38,-,60,39,21,5,0.07004206291109018,0.09618539663368172,0.017875730799864542,0.03249811137034713,0.7717643687086296,0.07175217778035167,class=901:n04579145.pkl:4;n04579145.pkl:6;n04579145.pkl:20|class=701:n03888257.pkl:3;n03888257.pkl:6;n03888257.pkl:8|class=717:n03930630.pkl:15;n03930630.pkl:28;n03930630.pkl:35
vit,807,39,-,91,56,30,10,0.06983580368364647,0.115568095381573,0.020815516297431114,0.0452742846220388,0.7362138177982426,0.0629751335642515,class=230:n02105855.pkl:1;n02105855.pkl:10;n02105855.pkl:14|class=264:n02113186.pkl:0;n02113186.pkl:5;n02113186.pkl:8|class=847:n04389033.pkl:3;n04389033.pkl:15;n04389033.pkl:18
vit,808,40,-,58,39,24,7,0.09641766629812795,0.1468445929483889,0.02992221444929444,0.06949053041691489,0.7062016512077842,0.11023128289018205,class=110:n01924916.pkl:1;n01924916.pkl:4;n01924916.pkl:6|class=230:n02105855.pkl:8;n02105855.pkl:40;n02105855.pkl:47|class=331:n02326432.pkl:0;n02326432.pkl:6;n02326432.pkl:9
vit,809,41,-,47,28,17,6,0.11472004566133384,0.19866893427969495,0.04715532776750415,0.12408466739695001,0.5893754195224371,0.16860173088275357,class=510:n03095699.pkl:1;n03095699.pkl:3;n03095699.pkl:4|class=678:n03814639.pkl:4;n03814639.pkl:20;n03814639.pkl:21|class=887:n04532106.pkl:0;n04532106.pkl:3;n04532106.pkl:5
vit,810,42,-,47,26,18,7,0.10919669635397837,0.1878202119905692,0.04626454443046109,0.110038453443053,0.6180001353542717,0.14164001534625253,class=352:n02422699.pkl:0;n02422699.pkl:3;n02422699.pkl:4|class=429:n02799071.pkl:0;n02799071.pkl:2;n02799071.pkl:4|class=802:n04252077.pkl:1;n04252077.pkl:7;n04252077.pkl:9
vit,811,43,-,58,31,15,5,0.07955045063212961,0.15822446433897025,0.028986515573906375,0.08104072744053059,0.5982985969485747,0.15200933564727467,class=194:n02096437.pkl:3;n02096437.pkl:8;n02096437.pkl:10|class=798:n04238763.pkl:0;n04238763.pkl:1;n04238763.pkl:2|class=598:n03529860.pkl:5;n03529860.pkl:6;n03529860.pkl:7
vit,812,44,-,98,54,29,9,0.04737744331074956,0.07919252436956627,0.014703749500045537,0.027846977922066137,0.7915322388622276,0.046803473966004636,class=172:n02091134.pkl:1;n02091134.pkl:5;n02091134.pkl:7|class=901:n04579145.pkl:7;n04579145.pkl:14;n04579145.pkl:19|class=411:n02730930.pkl:40;n02730930.pkl:50;n02730930.pkl:58
vit,813,45,-,67,35,21,4,0.04001004925876905,0.05928262742385999,0.012217070227630503,0.020926355912667526,0.7895155254625545,0.058715708532012176,class=512:n03109150.pkl:13;n03109150.pkl:17;n03109150.pkl:21|class=716:n03930313.pkl:20;n03930313.pkl:106;n03930313.pkl:114|class=48:n01695060.pkl:0;n01695060.pkl:33;n01695060.pkl:35
vit,814,46,-,58,35,21,6,0.07006984862692577,0.11862288267930593,0.021558506814882278,0.05703974175489542,0.6739307384438988,0.13793651094397005,class=741:n03998194.pkl:1;n03998194.pkl:4;n03998194.pkl:14|class=979:n09468604.pkl:0;n09468604.pkl:1;n09468604.pkl:3|class=468:n02930766.pkl:0;n02930766.pkl:8;n02930766.pkl:16
vit,815,47,-,64,36,20,7,0.08244414139771593,0.14694038470504112,0.027890439563359057,0.09679754447777704,0.6021836259772327,0.20383296069260937,class=167:n02089973.pkl:1;n02089973.pkl:3;n02089973.pkl:5|class=266:n02113712.pkl:29;n02113712.pkl:46;n02113712.pkl:59|class=202:n02098105.pkl:7;n02098105.pkl:31;n02098105.pkl:44
vit,816,48,-,126,63,38,7,0.04001493833642144,0.07922500949606169,0.013772797437243432,0.028493954610160608,0.7920035922880324,0.04190612028464019,class=159:n02087394.pkl:0;n02087394.pkl:1;n02087394.pkl:4|class=54:n01729322.pkl:8;n01729322.pkl:11;n01729322.pkl:12|class=258:n02111889.pkl:2;n02111889.pkl:6;n02111889.pkl:18
vit,817,49,-,57,32,18,6,0.07032509956778839,0.12364647671439213,0.02004024816637767,0.046388338809008736,0.6931017992799516,0.11154575162910164,class=76:n01774750.pkl:3;n01774750.pkl:4;n01774750.pkl:6|class=999:n15075141.pkl:0;n15075141.pkl:3;n15075141.pkl:5|class=336:n02361337.pkl:3;n02361337.pkl:19;n02361337.pkl:23
vit,818,50,-,56,32,17,8,0.09867504417021808,0.1667745401848118,0.03438121973485533,0.08727063532589296,0.6298418984619097,0.1329121935880286,class=201:n02097658.pkl:2;n02097658.pkl:3;n02097658.pkl:4|class=627:n03670208.pkl:8;n03670208.pkl:9;n03670208.pkl:12|class=402:n02676566.pkl:6;n02676566.pkl:10;n02676566.pkl:12
vit,819,51,-,33,24,15,11,0.17981486925538717,0.23271794324045095,0.06337236997597723,0.10144911453278066,0.6990791725820756,0.10796040125643994,class=942:n07717556.pkl:4;n07717556.pkl:5;n07717556.pkl:6|class=725:n03950228.pkl:2;n03950228.pkl:4;n03950228.pkl:5|class=458:n02892201.pkl:5;n02892201.pkl:7;n02892201.pkl:11
vit,820,52,-,72,39,14,4,0.04088689869267769,0.0967271311743853,0.012759273247564474,0.033892384559494705,0.6657985776104788,0.1118874903919399,class=314:n02233338.pkl:2;n02233338.pkl:6;n02233338.pkl:7|class=156:n02086646.pkl:7;n02086646.pkl:12;n02086646.pkl:15|class=60:n01740131.pkl:23;n01740131.pkl:33;n01740131.pkl:46
vit,821,53,-,68,41,29,14,0.12097838556112442,0.186829479489058,0.04691943923715886,0.0989347862112883,0.6943786798333251,0.08009169122512011,class=308:n02190166.pkl:1;n02190166.pkl:2;n02190166.pkl:5|class=932:n07695742.pkl:0;n07695742.pkl:1;n07695742.pkl:4|class=300:n02165105.pkl:0;n02165105.pkl:2;n02165105.pkl:8
vit,822,54,-,89,54,29,7,0.05854911019696,0.08752791137094992,0.015402998222874767,0.027990461171727796,0.7900807559817495,0.048339855899303404,class=345:n02403003.pkl:2;n02403003.pkl:6;n02403003.pkl:7|class=61:n01742172.pkl:5;n01742172.pkl:22;n01742172.pkl:41|class=395:n02641379.pkl:15;n02641379.pkl:16;n02641379.pkl:31
vit,823,55,-,53,33,17,2,0.052217560929024576,0.08402307235182674,0.012152169892379418,0.02415749269662222,0.7626679744433494,0.09343037614434087,class=824:n04325704.pkl:4;n04325704.pkl:6;n04325704.pkl:14|class=753:n04040759.pkl:11;n04040759.pkl:60;n04040759.pkl:66|class=906:n04591157.pkl:38;n04591157.pkl:116;n04591157.pkl:117
vit,824,56,-,66,34,22,10,0.09494248880971169,0.1626340490314422,0.033592259582023054,0.0794120847667773,0.6636311377137332,0.09982566096173395,class=569:n03417042.pkl:0;n03417042.pkl:5;n03417042.pkl:9|class=720:n03937543.pkl:0;n03937543.pkl:1;n03937543.pkl:8|class=367:n02481823.pkl:2;n02481823.pkl:5;n02481823.pkl:6
vit,825,57,-,81,45,29,9,0.06375940608569923,0.10396092634024866,0.020271741761940125,0.03979696140381958,0.7592878686508796,0.059926581862373304,class=859:n04442312.pkl:0;n04442312.pkl:2;n04442312.pkl:4|class=995:n13044778.pkl:10;n13044778.pkl:27;n13044778.pkl:36|class=938:n07715103.pkl:2;n07715103.pkl:7;n07715103.pkl:9
vit,826,58,-,90,53,33,12,0.07736633933592749,0.13252862278857208,0.024964920338455595,0.05752693834716945,0.7261515241177946,0.07010943086738769,class=328:n02319095.pkl:1;n02319095.pkl:3;n02319095.pkl:4|class=388:n02510455.pkl:7;n02510455.pkl:11;n02510455.pkl:13|class=151:n02085620.pkl:10;n02085620.pkl:11;n02085620.pkl:18
vit,827,59,-,21,15,7,4,0.09899547017449678,0.14227083338939528,0.023606669659278396,0.0393375423122155,0.6866721315445041,0.17984774081489466,class=149:n02074367.pkl:1;n02074367.pkl:2;n02074367.pkl:4|class=512:n03109150.pkl:1;n03109150.pkl:5;n03109150.pkl:6|class=685:n03841143.pkl:39;n03841143.pkl:54;n03841143.pkl:59
vit,828,60,-,57,29,15,5,0.06946519211426866,0.13033455669929697,0.017992182347074535,0.042579973828248026,0.6724593604147162,0.11580193131881836,class=5:n01496331.pkl:1;n01496331.pkl:6;n01496331.pkl:11|class=97:n01847000.pkl:5;n01847000.pkl:14;n01847000.pkl:16|class=471:n02950826.pkl:6;n02950826.pkl:8;n02950826.pkl:12
vit,829,61,-,61,38,26,7,0.09557808044779914,0.1551816285270018,0.03282171558195652,0.09437454172364824,0.6376628625373066,0.15193027168796763,class=646:n03733281.pkl:0;n03733281.pkl:2;n03733281.pkl:3|class=740:n03995372.pkl:1;n03995372.pkl:2;n03995372.pkl:3|class=451:n02865351.pkl:1;n02865351.pkl:6;n02865351.pkl:14
vit,831,63,-,78,47,25,9,0.06413539897181257,0.1161179711513961,0.022481758793033404,0.05145550371206143,0.712079309186401,0.07998017414194596,class=27:n01631663.pkl:3;n01631663.pkl:5;n01631663.pkl:7|class=946:n07730033.pkl:5;n07730033.pkl:8;n07730033.pkl:16|class=729:n03961711.pkl:0;n03961711.pkl:1;n03961711.pkl:11
vit,832,64,-,32,23,12,5,0.1290064449462494,0.21659358560442313,0.043219885850684446,0.109179693169405,0.5740775355916468,0.23066899790470322,class=376:n02489166.pkl:0;n02489166.pkl:3;n02489166.pkl:4|class=143:n02037110.pkl:5;n02037110.pkl:7;n02037110.pkl:8|class=549:n03291819.pkl:6;n03291819.pkl:33;n03291819.pkl:45
vit,833,65,-,69,39,23,7,0.07570975494279074,0.13184430224286453,0.01887939765561,0.03863983862475073,0.7310445657987766,0.07520065906774105,class=566:n03394916.pkl:0;n03394916.pkl:5;n03394916.pkl:12|class=132:n02009912.pkl:9;n02009912.pkl:17;n02009912.pkl:25|class=376:n02489166.pkl:5;n02489166.pkl:13;n02489166.pkl:31
vit,834,66,-,51,31,14,4,0.0599559748074711,0.11352218912790492,0.01822214176637924,0.04917370416825764,0.6255958729249292,0.16239752633904755,class=344:n02398521.pkl:1;n02398521.pkl:5;n02398521.pkl:6|class=108:n01914609.pkl:2;n01914609.pkl:18;n01914609.pkl:22|class=805:n04254680.pkl:0;n04254680.pkl:11;n04254680.pkl:14
vit,835,67,-,101,56,30,11,0.07009139179897392,0.1311360968226772,0.023581232169503693,0.06255372779266355,0.6882153893486245,0.07957198779331325,class=609:n03594945.pkl:1;n03594945.pkl:3;n03594945.pkl:4|class=990:n12768682.pkl:0;n12768682.pkl:1;n12768682.pkl:9|class=720:n03937543.pkl:3;n03937543.pkl:5;n03937543.pkl:17
vit,836,68,-,48,24,12,3,0.04298171421777997,0.08269324830651491,0.011866230343795395,0.02459081358481784,0.7134113022235663,0.11030365707372522,class=682:n03837869.pkl:15;n03837869.pkl:31;n03837869.pkl:36|class=745:n04009552.pkl:0;n04009552.pkl:1;n04009552.pkl:19|class=799:n04239074.pkl:0;n04239074.pkl:2;n04239074.pkl:31
vit,837,69,-,104,61,41,13,0.07660909684515528,0.13747158025013803,0.03185052817898956,0.09656924092995765,0.6847356049298796,0.09800698940598605,class=325:n02281406.pkl:0;n02281406.pkl:1;n02281406.pkl:3|class=186:n02094258.pkl:3;n02094258.pkl:5;n02094258.pkl:10|class=517:n03126707.pkl:0;n03126707.pkl:1;n03126707.pkl:2
vit,838,70,-,109,57,31,8,0.05245579128442837,0.10731874396307883,0.016318546142260807,0.04336826956377245,0.7265573163530815,0.07397129143812727,class=276:n02117135.pkl:0;n02117135.pkl:7;n02117135.pkl:10|class=928:n07614500.pkl:0;n07614500.pkl:4;n07614500.pkl:8|class=191:n02096051.pkl:17;n02096051.pkl:31;n02096051.pkl:34
vit,839,71,-,88,54,31,10,0.07523992875163078,0.13766376497815916,0.03071210725105725,0.0820522264286413,0.6785851794418115,0.09247446459094408,class=324:n02280649.pkl:1;n02280649.pkl:2;n02280649.pkl:3|class=976:n09399592.pkl:0;n09399592.pkl:3;n09399592.pkl:4|class=856:n04428191.pkl:10;n04428191.pkl:21;n04428191.pkl:24
vit,840,72,-,81,46,22,12,0.0900780666462069,0.16330847607586219,0.03261223765294234,0.0796828963625761,0.6741650574339918,0.08604848247298595,class=554:n03344393.pkl:0;n03344393.pkl:3;n03344393.pkl:6|class=13:n01534433.pkl:1;n01534433.pkl:2;n01534433.pkl:3|class=532:n03201208.pkl:2;n03201208.pkl:3;n03201208.pkl:4
vit,841,73,-,58,35,16,4,0.06430018274048108,0.12383349282687867,0.018161337434515826,0.05619496954773698,0.6399073070567715,0.18231255011255101,class=983:n10565667.pkl:1;n10565667.pkl:5;n10565667.pkl:7|class=470:n02948072.pkl:2;n02948072.pkl:8;n02948072.pkl:9|class=414:n02769748.pkl:19;n02769748.pkl:56;n02769748.pkl:61
vit,842,74,-,47,26,17,6,0.07912596425936005,0.13256237959126302,0.023193440230152008,0.050949698188982,0.6634836312144702,0.12394930708372273,class=272:n02114855.pkl:1;n02114855.pkl:5;n02114855.pkl:7|class=385:n02504013.pkl:15;n02504013.pkl:17;n02504013.pkl:19|class=740:n03995372.pkl:1;n03995372.pkl:12;n03995372.pkl:13
vit,843,75,-,81,50,29,8,0.07471743422222532,0.1396934562236287,0.027693715625123683,0.09814333844670095,0.6230631579219176,0.1673965385923689,class=490:n03000247.pkl:0;n03000247.pkl:3;n03000247.pkl:4|class=617:n03630383.pkl:0;n03630383.pkl:1;n03630383.pkl:12|class=765:n04099969.pkl:7;n04099969.pkl:8;n04099969.pkl:9
vit,844,76,-,72,48,30,9,0.09210881907066477,0.14022059195564274,0.027552627893290754,0.06184767956661366,0.7047805811162174,0.0838711982893254,class=470:n02948072.pkl:0;n02948072.pkl:1;n02948072.pkl:4|class=539:n03223299.pkl:4;n03223299.pkl:5;n03223299.pkl:9|class=939:n07716358.pkl:0;n07716358.pkl:3;n07716358.pkl:10
vit,845,77,-,59,33,16,4,0.062230881171930125,0.10150859812227395,0.015938207887900076,0.03792762123166688,0.6889671202597233,0.11292903735408685,class=605:n03584254.pkl:0;n03584254.pkl:16;n03584254.pkl:21|class=808:n04259630.pkl:3;n04259630.pkl:4;n04259630.pkl:5|class=758:n04067472.pkl:18;n04067472.pkl:39;n04067472.pkl:40
vit,846,78,-,52,28,11,2,0.03981023908320007,0.07936506234160634,0.012391214202418982,0.027994174756051055,0.7131212447489657,0.1173839247103168,class=249:n02110063.pkl:9;n02110063.pkl:21;n02110063.pkl:26|class=991:n12985857.pkl:11;n12985857.pkl:35;n12985857.pkl:36|class=276:n02117135.pkl:81;n02117135.pkl:129;n02117135.pkl:177
vit,847,79,-,25,20,14,5,0.17395288035565123,0.18405484407340827,0.03878262464589324,0.05967104208356018,0.7269981507021057,0.1346919024603131,class=69:n01768244.pkl:4;n01768244.pkl:8;n01768244.pkl:12|class=161:n02088238.pkl:11;n02088238.pkl:15;n02088238.pkl:18|class=286:n02125311.pkl:2;n02125311.pkl:8;n02125311.pkl:21
vit,848,80,-,25,17,7,4,0.10968827147242584,0.19523850993622424,0.037760359061786736,0.10491885016072339,0.4776319051136369,0.348812453189488,class=786:n04179913.pkl:2;n04179913.pkl:3;n04179913.pkl:4|class=575:n03445924.pkl:2;n03445924.pkl:8;n03445924.pkl:9|class=685:n03841143.pkl:9;n03841143.pkl:17;n03841143.pkl:19
vit,849,81,-,43,26,13,5,0.09833993899854847,0.16791912522459795,0.030133520095449087,0.08119159197997373,0.5849985178931312,0.19208748676071888,class=275:n02116738.pkl:0;n02116738.pkl:3;n02116738.pkl:5|class=952:n07753113.pkl:5;n07753113.pkl:13;n07753113.pkl:15|class=853:n04417672.pkl:4;n04417672.pkl:12;n04417672.pkl:25
vit,850,82,-,78,46,30,14,0.10033878130169713,0.16720389565368432,0.038367378953973755,0.10265590733347428,0.659333977394454,0.10460071833910838,class=405:n02692877.pkl:2;n02692877.pkl:3;n02692877.pkl:4|class=148:n02071294.pkl:1;n02071294.pkl:3;n02071294.pkl:5|class=566:n03394916.pkl:0;n03394916.pkl:5;n03394916.pkl:6
vit,851,83,-,13,4,0,0,0.013932477710706962,0.018418060863582397,0.0020563347071477778,0.0015642671477436182,0.9026540965488389,0.12143648898680014,class=674:n03794056.pkl:201;n03794056.pkl:383;n03794056.pkl:594|class=265:n02113624.pkl:131;n02113624.pkl:323;n02113624.pkl:1058|class=479:n02974003.pkl:587;n02974003.pkl:700;n02974003.pkl:894
vit,852,84,-,87,46,30,8,0.06820667100953227,0.11454154658246828,0.021801602228616587,0.047737304617531104,0.7217830175664657,0.06660289521011005,class=430:n02802426.pkl:2;n02802426.pkl:3;n02802426.pkl:7|class=510:n03095699.pkl:0;n03095699.pkl:1;n03095699.pkl:2|class=694:n03874293.pkl:11;n03874293.pkl:31;n03874293.pkl:39
vit,853,85,-,55,36,20,5,0.06592284504111344,0.09972423608179727,0.018569254048704797,0.03579741472084582,0.7355328144569989,0.08575147621506628,class=657:n03773504.pkl:2;n03773504.pkl:9;n03773504.pkl:10|class=951:n07749582.pkl:1;n07749582.pkl:3;n07749582.pkl:5|class=406:n02699494.pkl:0;n02699494.pkl:16;n02699494.pkl:20
vit,854,86,-,58,31,16,7,0.07382462816521261,0.13761800181237124,0.026957547300605435,0.07238399203696035,0.6158265699960832,0.14154858867910444,class=567:n03400231.pkl:0;n03400231.pkl:2;n03400231.pkl:4|class=591:n03485794.pkl:6;n03485794.pkl:7;n03485794.pkl:14|class=566:n03394916.pkl:1;n03394916.pkl:11;n03394916.pkl:17
vit,855,87,-,83,40,24,7,0.06601915279688281,0.12296834358136385,0.022909688592210885,0.0718383391863302,0.640495656808169,0.1305148413947156,class=713:n03924679.pkl:0;n03924679.pkl:1;n03924679.pkl:2|class=675:n03796401.pkl:0;n03796401.pkl:5;n03796401.pkl:8|class=172:n02091134.pkl:6;n02091134.pkl:9;n02091134.pkl:11
vit,856,88,-,164,88,63,20,0.05800671617474808,0.11173967891876141,0.025911813950125928,0.06392502033154612,0.745034934323474,0.04320852774051104,class=134:n02012849.pkl:0;n02012849.pkl:2;n02012849.pkl:5|class=641:n03720891.pkl:0;n03720891.pkl:6;n03720891.pkl:7|class=119:n01978455.pkl:2;n01978455.pkl:7;n01978455.pkl:8
vit,857,89,-,58,33,17,6,0.06991557109212973,0.11515659015154363,0.01919908394428034,0.04109566774272423,0.6879189451532843,0.09623701066020353,class=422:n02790996.pkl:0;n02790996.pkl:14;n02790996.pkl:24|class=802:n04252077.pkl:3;n04252077.pkl:7;n04252077.pkl:9|class=505:n03063689.pkl:10;n03063689.pkl:18;n03063689.pkl:33
vit,858,90,-,87,49,27,7,0.06659890697801644,0.13094107560591908,0.022865085297098315,0.06569030426734111,0.6603244183795425,0.10636616256008964,class=400:n02669723.pkl:2;n02669723.pkl:12;n02669723.pkl:17|class=196:n02097047.pkl:1;n02097047.pkl:7;n02097047.pkl:10|class=2:n01484850.pkl:1;n01484850.pkl:15;n01484850.pkl:17
vit,859,91,-,65,33,24,12,0.12858928580858434,0.21360132982181784,0.052736291274323055,0.11677690890001956,0.6641818479299211,0.09082109708544338,class=137:n02018207.pkl:1;n02018207.pkl:2;n02018207.pkl:3|class=789:n04201297.pkl:1;n04201297.pkl:4;n04201297.pkl:5|class=396:n02643566.pkl:4;n02643566.pkl:8;n02643566.pkl:14
vit,860,92,-,30,18,15,5,0.1184879972080985,0.1735771442026746,0.03964839409296624,0.09363518419793841,0.6213319655177538,0.21924458750459952,class=352:n02422699.pkl:0;n02422699.pkl:1;n02422699.pkl:4|class=693:n03873416.pkl:2;n03873416.pkl:4;n03873416.pkl:8|class=814:n04273569.pkl:0;n04273569.pkl:3;n04273569.pkl:7
vit,861,93,-,83,56,30,11,0.0960035402305292,0.16332931102250156,0.03270063374669538,0.07564114494723055,0.6947956533300222,0.07651345543871317,class=11:n01531178.pkl:1;n01531178.pkl:6;n01531178.pkl:11|class=141:n02028035.pkl:2;n02028035.pkl:10;n02028035.pkl:12|class=2:n01484850.pkl:0;n01484850.pkl:2;n01484850.pkl:4
vit,862,94,-,94,48,26,11,0.0671046154248666,0.1332139552958585,0.025124667292325112,0.08948842792186333,0.6283248255912853,0.14559835860461764,class=293:n02130308.pkl:0;n02130308.pkl:2;n02130308.pkl:3|class=313:n02231487.pkl:1;n02231487.pkl:5;n02231487.pkl:10|class=110:n01924916.pkl:21;n01924916.pkl:22;n01924916.pkl:25
vit,863,95,-,65,22,10,1,0.030242201082986534,0.0894083973845696,0.008795431590715238,0.03371188476128099,0.5961112334237136,0.24140020737623663,class=60:n01740131.pkl:13;n01740131.pkl:14;n01740131.pkl:17|class=413:n02749479.pkl:3;n02749479.pkl:10;n02749479.pkl:54|class=638:n03710637.pkl:15;n03710637.pkl:56;n03710637.pkl:133
vit,864,96,-,89,57,44,25,0.16783856092439672,0.25321368153047374,0.08920863455139005,0.20440027332789618,0.6882839743720143,0.07022334142788896,class=351:n02422106.pkl:0;n02422106.pkl:1;n02422106.pkl:2|class=387:n02509815.pkl:1;n02509815.pkl:2;n02509815.pkl:3|class=319:n02268443.pkl:1;n02268443.pkl:2;n02268443.pkl:4
vit,865,97,-,73,42,25,10,0.08001567175502607,0.16100583187384754,0.0324883269361666,0.09973096847097432,0.6138553821539006,0.14278563343263115,class=322:n02277742.pkl:0;n02277742.pkl:1;n02277742.pkl:2|class=466:n02917067.pkl:2;n02917067.pkl:3;n02917067.pkl:4|class=108:n01914609.pkl:1;n01914609.pkl:5;n01914609.pkl:10
vit,866,98,-,77,50,26,9,0.07548294145465377,0.1186552164505489,0.02132012135959113,0.04002189506356367,0.7527003090980308,0.05875114478953911,class=539:n03223299.pkl:5;n03223299.pkl:8;n03223299.pkl:12|class=706:n03899768.pkl:5;n03899768.pkl:11;n03899768.pkl:34|class=791:n04204347.pkl:9;n04204347.pkl:18;n04204347.pkl:19
vit,867,99,-,85,46,29,11,0.07471193551516592,0.1295588769948213,0.029632801738940152,0.07859570359781941,0.6842954784823886,0.09452714014144081,class=736:n03982430.pkl:4;n03982430.pkl:7;n03982430.pkl:10|class=495:n03018349.pkl:2;n03018349.pkl:5;n03018349.pkl:7|class=969:n07932039.pkl:3;n07932039.pkl:4;n07932039.pkl:7
vit,868,100,-,75,41,27,9,0.07218227271240854,0.11791156596270679,0.023026334148079485,0.047179875548357696,0.722814037861494,0.06930944318669717,class=758:n04067472.pkl:0;n04067472.pkl:2;n04067472.pkl:7|class=671:n03792782.pkl:7;n03792782.pkl:13;n03792782.pkl:27|class=689:n03866082.pkl:3;n03866082.pkl:9;n03866082.pkl:26
vit,869,101,-,122,73,50,18,0.07469558913411167,0.13338626553074232,0.031195177204440542,0.07676719149688699,0.7222717632204375,0.05783498252213354,class=252:n02110627.pkl:1;n02110627.pkl:3;n02110627.pkl:4|class=115:n01950731.pkl:0;n01950731.pkl:1;n01950731.pkl:8|class=36:n01667778.pkl:5;n01667778.pkl:6;n01667778.pkl:17
vit,870,102,-,38,21,15,5,0.12355517322734093,0.2304537052656808,0.06144739729658775,0.16989366968661462,0.5181522238135176,0.22748606603723112,class=430:n02802426.pkl:0;n02802426.pkl:1;n02802426.pkl:2|class=284:n02123597.pkl:0;n02123597.pkl:1;n02123597.pkl:2|class=781:n04149813.pkl:0;n04149813.pkl:5;n04149813.pkl:8
vit,871,103,-,53,27,21,10,0.11491801361514349,0.18073386711246958,0.04259257539460836,0.11147974037024147,0.6328797182532409,0.14812318462484253,class=668:n03788195.pkl:0;n03788195.pkl:3;n03788195.pkl:4|class=704:n03891332.pkl:4;n03891332.pkl:7;n03891332.pkl:13|class=430:n02802426.pkl:1;n02802426.pkl:4;n02802426.pkl:32
vit,872,104,-,73,42,27,5,0.07572270365355438,0.14113769618892155,0.029507898887049355,0.08930189281819076,0.6263090372238025,0.13916342908002605,class=272:n02114855.pkl:0;n02114855.pkl:1;n02114855.pkl:2|class=924:n07583066.pkl:1;n07583066.pkl:6;n07583066.pkl:8|class=416:n02777292.pkl:1;n02777292.pkl:11;n02777292.pkl:14
vit,873,105,-,64,39,22,11,0.10151456129158129,0.175418011507401,0.03968021396341961,0.10056796182886935,0.6509562535851314,0.1159920853637627,class=107:n01910747.pkl:0;n01910747.pkl:1;n01910747.pkl:2|class=880:n04509417.pkl:2;n04509417.pkl:3;n04509417.pkl:6|class=821:n04311004.pkl:4;n04311004.pkl:16;n04311004.pkl:17
vit,874,106,-,53,29,16,7,0.09138248938789788,0.1703198390434045,0.03151401495618634,0.0783134336844986,0.6388727030910087,0.13538489636984852,class=319:n02268443.pkl:1;n02268443.pkl:2;n02268443.pkl:4|class=800:n04243546.pkl:2;n04243546.pkl:3;n04243546.pkl:4|class=861:n04447861.pkl:4;n04447861.pkl:6;n04447861.pkl:13
vit,875,107,-,64,46,26,14,0.11836486088026761,0.17053447982629763,0.046728284510009876,0.09880863430326538,0.7018736875019549,0.0854884686952472,class=719:n03935335.pkl:1;n03935335.pkl:2;n03935335.pkl:3|class=669:n03788365.pkl:7;n03788365.pkl:10;n03788365.pkl:14|class=524:n03146219.pkl:0;n03146219.pkl:1;n03146219.pkl:3
vit,876,108,-,53,28,17,8,0.08956798720908694,0.16884709636369769,0.0358230106655509,0.08748597140919578,0.6278546123940921,0.1314001227430695,class=829:n04335435.pkl:0;n04335435.pkl:1;n04335435.pkl:2|class=108:n01914609.pkl:0;n01914609.pkl:1;n01914609.pkl:4|class=750:n04033995.pkl:0;n04033995.pkl:3;n04033995.pkl:16
vit,877,109,-,43,21,12,6,0.0862298066999878,0.15178581566766003,0.029526763010138672,0.0751844586644647,0.6004200581831398,0.17404007849479092,class=656:n03770679.pkl:0;n03770679.pkl:1;n03770679.pkl:2|class=302:n02167151.pkl:7;n02167151.pkl:14;n02167151.pkl:26|class=722:n03942813.pkl:5;n03942813.pkl:8;n03942813.pkl:14
vit,878,110,-,79,44,29,8,0.07119651715346353,0.12483247463002643,0.021804161524514275,0.05216565110638997,0.7172955711386119,0.08511239894233626,class=28:n01632458.pkl:2;n01632458.pkl:7;n01632458.pkl:9|class=330:n02325366.pkl:3;n02325366.pkl:21;n02325366.pkl:24|class=402:n02676566.pkl:35;n02676566.pkl:38;n02676566.pkl:46
vit,879,111,-,91,58,37,15,0.0842855965480901,0.1578560747103507,0.033645871449843594,0.08582240153250849,0.695210617672188,0.08248741888736941,class=329:n02321529.pkl:1;n02321529.pkl:2;n02321529.pkl:5|class=207:n02099601.pkl:3;n02099601.pkl:4;n02099601.pkl:6|class=14:n01537544.pkl:0;n01537544.pkl:4;n01537544.pkl:5
vit,880,112,-,93,48,28,14,0.07752199570544624,0.14185392537540084,0.030265592290864243,0.07718652925246865,0.6863549342339803,0.08068883850658952,class=426:n02794156.pkl:1;n02794156.pkl:2;n02794156.pkl:4|class=763:n04086273.pkl:5;n04086273.pkl:6;n04086273.pkl:7|class=473:n02951585.pkl:0;n02951585.pkl:2;n02951585.pkl:3
vit,881,113,-,50,28,15,7,0.08675023366872768,0.16731890385740722,0.03175073222488971,0.07440597664441952,0.6265487451163797,0.12983434088758178,class=372:n02486410.pkl:1;n02486410.pkl:2;n02486410.pkl:10|class=284:n02123597.pkl:9;n02123597.pkl:16;n02123597.pkl:23|class=388:n02510455.pkl:3;n02510455.pkl:14;n02510455.pkl:15
vit,882,114,-,80,33,17,1,0.03241320998882537,0.07327199645342414,0.01089344205165181,0.040913856043560314,0.635590838449568,0.1888277165962777,class=173:n02091244.pkl:6;n02091244.pkl:8;n02091244.pkl:9|class=848:n04392985.pkl:63;n04392985.pkl:69;n04392985.pkl:119|class=82:n01797886.pkl:14;n01797886.pkl:78;n01797886.pkl:108
vit,883,115,-,29,17,9,2,0.0753438797333154,0.13224107978580504,0.01851478294106612,0.043516652893584425,0.6085562324225315,0.2249743106295096,class=988:n12267677.pkl:3;n12267677.pkl:7;n12267677.pkl:21|class=292:n02129604.pkl:5;n02129604.pkl:14;n02129604.pkl:17|class=343:n02397096.pkl:65;n02397096.pkl:107;n02397096.pkl:108
vit,884,116,-,42,25,10,6,0.08082629834115715,0.14227795684252667,0.024636301189413297,0.05145232554534053,0.6587131506245746,0.1276602929710899,class=648:n03742115.pkl:1;n03742115.pkl:7;n03742115.pkl:9|class=707:n03902125.pkl:2;n03902125.pkl:13;n03902125.pkl:18|class=832:n04346328.pkl:12;n04346328.pkl:19;n04346328.pkl:20
vit,885,117,-,72,49,37,12,0.10104706778218586,0.12923518220043131,0.02510165475590108,0.03588296332717744,0.8152112984004645,0.04227065402915847,class=146:n02058221.pkl:13;n02058221.pkl:28;n02058221.pkl:32|class=929:n07615774.pkl:5;n07615774.pkl:9;n07615774.pkl:14|class=939:n07716358.pkl:3;n07716358.pkl:5;n07716358.pkl:17
vit,886,118,-,88,54,33,17,0.1307635559407233,0.22190794681221654,0.06241074686882864,0.1574828143300884,0.6545108459989314,0.08371802910461468,class=35:n01667114.pkl:1;n01667114.pkl:2;n01667114.pkl:4|class=32:n01644900.pkl:1;n01644900.pkl:5;n01644900.pkl:6|class=895:n04552348.pkl:0;n04552348.pkl:1;n04552348.pkl:2
vit,887,119,-,63,33,17,7,0.06031423103167183,0.11110166286231499,0.01829569160151362,0.045339733712984005,0.6838613034398519,0.1133539581868254,class=328:n02319095.pkl:0;n02319095.pkl:3;n02319095.pkl:7|class=75:n01774384.pkl:0;n01774384.pkl:3;n01774384.pkl:6|class=809:n04263257.pkl:11;n04263257.pkl:12;n04263257.pkl:15
vit,888,120,-,32,20,11,4,0.09476010657540976,0.16996366074115715,0.037631981626946545,0.11049561106892947,0.5187350560136167,0.3006675618921836,class=133:n02011460.pkl:0;n02011460.pkl:1;n02011460.pkl:2|class=847:n04389033.pkl:5;n04389033.pkl:16;n04389033.pkl:22|class=371:n02486261.pkl:11;n02486261.pkl:18;n02486261.pkl:21
vit,889,121,-,40,18,12,4,0.06649118133897754,0.13998460863353324,0.026539050786530953,0.07731716032537862,0.5563132095690988,0.23718810180150898,class=75:n01774384.pkl:1;n01774384.pkl:9;n01774384.pkl:10|class=277:n02119022.pkl:1;n02119022.pkl:5;n02119022.pkl:42|class=392:n02606052.pkl:3;n02606052.pkl:12;n02606052.pkl:40
vit,891,123,-,91,59,31,10,0.06887589393212433,0.12859998356161445,0.02486810510098908,0.06422679557298391,0.7109213471550876,0.08428930700114094,class=234:n02106550.pkl:4;n02106550.pkl:13;n02106550.pkl:14|class=829:n04335435.pkl:1;n04335435.pkl:4;n04335435.pkl:7|class=951:n07749582.pkl:2;n07749582.pkl:8;n07749582.pkl:11
vit,892,124,-,55,34,24,14,0.15218074712345012,0.22929034015424163,0.06760702237387561,0.14319004341706143,0.6659733830197692,0.09974221586878275,class=273:n02115641.pkl:0;n02115641.pkl:1;n02115641.pkl:3|class=959:n07831146.pkl:1;n07831146.pkl:3;n07831146.pkl:4|class=370:n02484975.pkl:1;n02484975.pkl:2;n02484975.pkl:3
vit,893,125,-,62,30,17,3,0.050164486449989235,0.11483310875433268,0.01634193994625239,0.04732050610504007,0.6546303114425425,0.15136737864240118,class=649:n03743016.pkl:1;n03743016.pkl:2;n03743016.pkl:3|class=515:n03124170.pkl:1;n03124170.pkl:4;n03124170.pkl:5|class=532:n03201208.pkl:81;n03201208.pkl:83;n03201208.pkl:98
vit,894,126,-,65,39,24,11,0.07641970509079138,0.11081187156977261,0.023593295471264344,0.037841550557782676,0.7744142236396625,0.0549620168858756,class=874:n04487081.pkl:5;n04487081.pkl:8;n04487081.pkl:12|class=663:n03781244.pkl:4;n03781244.pkl:5;n03781244.pkl:47|class=840:n04367480.pkl:0;n04367480.pkl:7;n04367480.pkl:30
vit,895,127,-,97,43,33,17,0.0739828222291548,0.15455752495478953,0.0342248843688782,0.10499391801332707,0.6414807527835245,0.10733180304101872,class=986:n12057211.pkl:0;n12057211.pkl:1;n12057211.pkl:2|class=108:n01914609.pkl:0;n01914609.pkl:1;n01914609.pkl:2|class=141:n02028035.pkl:6;n02028035.pkl:11;n02028035.pkl:15
vit,896,128,-,54,30,16,10,0.09720304099570137,0.18294056899375832,0.03218129071324751,0.0751394872968993,0.6567703921748504,0.11947536532360678,class=163:n02088466.pkl:2;n02088466.pkl:5;n02088466.pkl:6|class=994:n13040303.pkl:0;n13040303.pkl:3;n13040303.pkl:4|class=914:n04612504.pkl:17;n04612504.pkl:28;n04612504.pkl:33
vit,897,129,-,71,42,20,9,0.07417601917074229,0.14366798270180994,0.03179493104123808,0.0886244138125564,0.6250158832285209,0.12351355675174998,class=596:n03498962.pkl:0;n03498962.pkl:1;n03498962.pkl:6|class=499:n03041632.pkl:0;n03041632.pkl:3;n03041632.pkl:4|class=621:n03649909.pkl:2;n03649909.pkl:3;n03649909.pkl:12
vit,898,130,-,29,15,13,6,0.1674660143802197,0.2318876639103524,0.03591323928639612,0.06198756970782197,0.6829052607383749,0.13721388811925017,class=990:n12768682.pkl:18;n12768682.pkl:21;n12768682.pkl:42|class=712:n03920288.pkl:8;n03920288.pkl:14;n03920288.pkl:16|class=12:n01532829.pkl:6;n01532829.pkl:10;n01532829.pkl:16
vit,899,131,-,77,45,24,10,0.0643259682387054,0.09519762695490347,0.019566661858153474,0.03376222823171438,0.774860370858207,0.051653792143172096,class=465:n02916936.pkl:1;n02916936.pkl:10;n02916936.pkl:12|class=340:n02391049.pkl:3;n02391049.pkl:4;n02391049.pkl:17|class=892:n04548280.pkl:4;n04548280.pkl:15;n04548280.pkl:16
vit,900,132,-,74,45,26,6,0.06701051000933365,0.13139615799437962,0.025432230246864786,0.08301650595292398,0.6266160251701159,0.15750217281676174,class=320:n02268853.pkl:0;n02268853.pkl:3;n02268853.pkl:4|class=678:n03814639.pkl:1;n03814639.pkl:5;n03814639.pkl:6|class=37:n01669191.pkl:5;n01669191.pkl:10;n01669191.pkl:14
vit,902,134,-,96,56,34,8,0.061287358329495056,0.10853376956218569,0.01899688127039144,0.05185778614611196,0.7128488090758008,0.08803996541770814,class=534:n03207941.pkl:1;n03207941.pkl:2;n03207941.pkl:6|class=74:n01773797.pkl:13;n01773797.pkl:15;n01773797.pkl:31|class=432:n02804610.pkl:3;n02804610.pkl:7;n02804610.pkl:11
vit,903,135,-,33,20,11,5,0.1126662166481277,0.166531289660922,0.0313547452561807,0.06591584704332386,0.6387953932930027,0.16422726749070915,class=812:n04266014.pkl:3;n04266014.pkl:9;n04266014.pkl:27|class=741:n03998194.pkl:4;n03998194.pkl:8;n03998194.pkl:13|class=520:n03131574.pkl:10;n03131574.pkl:13;n03131574.pkl:22
vit,904,136,-,65,36,20,7,0.07736538970461689,0.14956414668950224,0.028125444620557584,0.07671103685504706,0.6382076703479564,0.12983138946220252,class=407:n02701002.pkl:1;n02701002.pkl:2;n02701002.pkl:3|class=467:n02927161.pkl:0;n02927161.pkl:1;n02927161.pkl:3|class=587:n03481172.pkl:23;n03481172.pkl:49;n03481172.pkl:54
vit,905,137,-,14,12,7,5,0.21198721504726933,0.27590965843004006,0.09334422582485866,0.1548819697631836,0.5853598021297834,0.2680807557226064,class=84:n01806143.pkl:0;n01806143.pkl:4;n01806143.pkl:11|class=81:n01796340.pkl:0;n01796340.pkl:1;n01796340.pkl:5|class=814:n04273569.pkl:0;n04273569.pkl:4;n04273569.pkl:5
vit,906,138,-,100,49,32,12,0.06608434622401567,0.11603258559178836,0.018337041336890608,0.035470895561454746,0.7663414036496794,0.04741844875669106,class=171:n02091032.pkl:3;n02091032.pkl:4;n02091032.pkl:5|class=301:n02165456.pkl:1;n02165456.pkl:9;n02165456.pkl:12|class=331:n02326432.pkl:3;n02326432.pkl:4;n02326432.pkl:7
vit,907,139,-,55,34,18,7,0.0713931810847483,0.11440160193305847,0.024437042922804783,0.05206219354597059,0.6973842121128869,0.10070670396705815,class=900:n04562935.pkl:0;n04562935.pkl:6;n04562935.pkl:7|class=111:n01930112.pkl:7;n01930112.pkl:13;n01930112.pkl:27|class=590:n03485407.pkl:7;n03485407.pkl:43;n03485407.pkl:54
vit,908,140,-,62,39,27,9,0.108956160803746,0.1824081679926137,0.03784951843341123,0.09351099644772423,0.6583682920870536,0.11457840731848573,class=645:n03733131.pkl:0;n03733131.pkl:3;n03733131.pkl:4|class=139:n02025239.pkl:1;n02025239.pkl:2;n02025239.pkl:4|class=297:n02134418.pkl:0;n02134418.pkl:1;n02134418.pkl:5
vit,909,141,-,80,55,39,11,0.10326951353012084,0.1619645265482906,0.0356637224040882,0.08162939313253592,0.7140373785863763,0.07798620255960007,class=230:n02105855.pkl:2;n02105855.pkl:8;n02105855.pkl:9|class=718:n03933933.pkl:0;n03933933.pkl:2;n03933933.pkl:4|class=278:n02119789.pkl:2;n02119789.pkl:5;n02119789.pkl:6
vit,910,142,-,81,53,30,14,0.09518738722782712,0.15479786506620297,0.039161718562156264,0.08387596217474994,0.7146017083369564,0.06897828252296649,class=304:n02169497.pkl:0;n02169497.pkl:1;n02169497.pkl:3|class=459:n02892767.pkl:0;n02892767.pkl:2;n02892767.pkl:5|class=916:n06359193.pkl:4;n06359193.pkl:6;n06359193.pkl:9
vit,911,143,-,62,39,20,8,0.08520691741457095,0.14707129359288898,0.03081737379873681,0.07092748199302733,0.6793359059309209,0.10156606220020137,class=169:n02090622.pkl:1;n02090622.pkl:4;n02090622.pkl:16|class=405:n02692877.pkl:5;n02692877.pkl:8;n02692877.pkl:9|class=864:n04461696.pkl:3;n04461696.pkl:11;n04461696.pkl:19
vit,912,144,-,57,41,22,10,0.11811629596396173,0.18148176257813112,0.04874844943263242,0.11976398245989224,0.6488172582319275,0.12343411350085715,class=141:n02028035.pkl:0;n02028035.pkl:1;n02028035.pkl:2|class=745:n04009552.pkl:0;n04009552.pkl:4;n04009552.pkl:8|class=292:n02129604.pkl:2;n02129604.pkl:4;n02129604.pkl:7
vit,913,145,-,81,45,29,14,0.08851573721352564,0.13465564920209738,0.027689231428538217,0.05437239772753108,0.7360514636590887,0.05995041367709454,class=874:n04487081.pkl:6;n04487081.pkl:7;n04487081.pkl:9|class=517:n03126707.pkl:3;n03126707.pkl:4;n03126707.pkl:7|class=342:n02396427.pkl:3;n02396427.pkl:12;n02396427.pkl:14
vit,914,146,-,60,37,29,11,0.11868259191898607,0.1613103803599089,0.038340427410202306,0.06750974522596125,0.7466393650472894,0.06834015584855598,class=922:n07565083.pkl:5;n07565083.pkl:6;n07565083.pkl:9|class=425:n02793495.pkl:6;n02793495.pkl:10;n02793495.pkl:21|class=475:n02965783.pkl:0;n02965783.pkl:2;n02965783.pkl:11
vit,916,148,-,60,38,23,7,0.08386074042314093,0.11830817494155238,0.019397796126170815,0.03219063349017523,0.7783190603107691,0.0625656446513076,class=390:n02526121.pkl:2;n02526121.pkl:12;n02526121.pkl:23|class=909:n04596742.pkl:5;n04596742.pkl:6;n04596742.pkl:11|class=308:n02190166.pkl:1;n02190166.pkl:12;n02190166.pkl:16
vit,917,149,-,124,79,40,16,0.06511781761853128,0.11593720854408704,0.024572436531203497,0.05592680313173743,0.7454639192642821,0.04984003579078575,class=951:n07749582.pkl:1;n07749582.pkl:2;n07749582.pkl:6|class=76:n01774750.pkl:0;n01774750.pkl:1;n01774750.pkl:3|class=160:n02088094.pkl:3;n02088094.pkl:6;n02088094.pkl:12
vit,918,150,-,37,27,20,11,0.20831886706376784,0.2642775897985295,0.08238957933817237,0.15553186888405365,0.6741034298807351,0.12334170704010444,class=335:n02356798.pkl:1;n02356798.pkl:2;n02356798.pkl:4|class=317:n02259212.pkl:0;n02259212.pkl:2;n02259212.pkl:4|class=51:n01704323.pkl:0;n01704323.pkl:2;n01704323.pkl:4
vit,919,151,-,51,26,16,6,0.07702693985694718,0.133640959072764,0.02526300324634354,0.05449148080138275,0.6700973903387085,0.11083351868450471,class=323:n02279972.pkl:11;n02279972.pkl:16;n02279972.pkl:22|class=748:n04026417.pkl:20;n04026417.pkl:21;n04026417.pkl:35|class=114:n01945685.pkl:1;n01945685.pkl:6;n01945685.pkl:8
vit,920,152,-,73,47,23,5,0.062474652834516364,0.11565706930096795,0.018368634626370145,0.04468763374753822,0.702491546882615,0.0947757115259437,class=12:n01532829.pkl:2;n01532829.pkl:9;n01532829.pkl:13|class=934:n07697537.pkl:0;n07697537.pkl:5;n07697537.pkl:7|class=690:n03868242.pkl:2;n03868242.pkl:10;n03868242.pkl:16
vit,921,153,-,68,45,27,8,0.09390744623269497,0.1627439859410208,0.03793217155313465,0.11358083979480757,0.6070375625624478,0.1465576104236946,class=847:n04389033.pkl:0;n04389033.pkl:1;n04389033.pkl:2|class=727:n03956157.pkl:0;n03956157.pkl:1;n03956157.pkl:3|class=527:n03180011.pkl:0;n03180011.pkl:9;n03180011.pkl:10
vit,922,154,-,80,47,17,4,0.04098348231346626,0.07915869841977502,0.012034927225285949,0.027403371774288213,0.748179732301213,0.07730836744617085,class=499:n03041632.pkl:0;n03041632.pkl:21;n03041632.pkl:26|class=305:n02172182.pkl:8;n02172182.pkl:15;n02172182.pkl:21|class=702:n03888605.pkl:11;n03888605.pkl:13;n03888605.pkl:15
vit,923,155,-,71,47,30,8,0.0949392271102176,0.1540530395166358,0.030608439368998024,0.06603488252280884,0.7204013944344861,0.07963954856072576,class=306:n02174001.pkl:0;n02174001.pkl:3;n02174001.pkl:5|class=340:n02391049.pkl:6;n02391049.pkl:8;n02391049.pkl:9|class=118:n01978287.pkl:8;n01978287.pkl:25;n01978287.pkl:29
vit,924,156,-,52,36,15,7,0.07545488086482255,0.12166891600633767,0.019983539531316322,0.03825604015533569,0.7220091210278055,0.08970849114251603,class=560:n03379051.pkl:9;n03379051.pkl:15;n03379051.pkl:16|class=85:n01806567.pkl:2;n01806567.pkl:10;n01806567.pkl:14|class=906:n04591157.pkl:5;n04591157.pkl:9;n04591157.pkl:10
vit,925,157,-,66,39,25,10,0.08694845690620229,0.1516639836054805,0.03449375863650648,0.07882975784617448,0.6739304641220438,0.09428411038923236,class=556:n03347037.pkl:4;n03347037.pkl:7;n03347037.pkl:8|class=144:n02051845.pkl:0;n02051845.pkl:8;n02051845.pkl:9|class=237:n02107312.pkl:3;n02107312.pkl:5;n02107312.pkl:9
vit,926,158,-,73,47,28,12,0.09533290587598595,0.1615457167822443,0.03956808852397371,0.09969856023227071,0.6697448296171914,0.10066768929034166,class=964:n07875152.pkl:1;n07875152.pkl:2;n07875152.pkl:3|class=967:n07920052.pkl:0;n07920052.pkl:1;n07920052.pkl:3|class=162:n02088364.pkl:0;n02088364.pkl:10;n02088364.pkl:12
vit,927,159,-,18,8,6,1,0.06134495386901083,0.1476814068404975,0.03008585001119475,0.09528495724587419,0.3416702747685217,0.612807521944084,class=256:n02111277.pkl:2;n02111277.pkl:5;n02111277.pkl:8|class=162:n02088364.pkl:32;n02088364.pkl:51;n02088364.pkl:68|class=186:n02094258.pkl:32;n02094258.pkl:52;n02094258.pkl:127
vit,928,160,-,58,31,14,4,0.04981773976848724,0.07571661030282459,0.011990951418981613,0.021383272564877254,0.7609016274001767,0.0720707249846874,class=652:n03763968.pkl:0;n03763968.pkl:3;n03763968.pkl:15|class=906:n04591157.pkl:0;n04591157.pkl:4;n04591157.pkl:26|class=964:n07875152.pkl:0;n07875152.pkl:6;n07875152.pkl:14
vit,929,161,-,93,47,18,5,0.04330596077229235,0.0988513446335108,0.014012893997824337,0.040244429013376465,0.6811659224012442,0.09944233346597658,class=232:n02106166.pkl:0;n02106166.pkl:4;n02106166.pkl:6|class=16:n01560419.pkl:9;n01560419.pkl:12;n01560419.pkl:20|class=834:n04350905.pkl:0;n04350905.pkl:32;n04350905.pkl:36
vit,930,162,-,86,50,34,13,0.10591521296334262,0.18762251119696674,0.04020822700853793,0.10096198639005728,0.6839409410042913,0.08494200156103283,class=437:n02814860.pkl:1;n02814860.pkl:2;n02814860.pkl:3|class=474:n02963159.pkl:0;n02963159.pkl:1;n02963159.pkl:2|class=324:n02280649.pkl:1;n02280649.pkl:3;n02280649.pkl:4
vit,931,163,-,69,37,19,6,0.062172773500378434,0.10497838775107882,0.01534566249756529,0.03387022199382272,0.7154552370811129,0.08509454341071003,class=101:n01871265.pkl:0;n01871265.pkl:8;n01871265.pkl:20|class=499:n03041632.pkl:18;n03041632.pkl:23;n03041632.pkl:50|class=985:n11939491.pkl:1;n11939491.pkl:2;n11939491.pkl:11
vit,932,164,-,110,61,35,17,0.07564846686029716,0.13571351355793265,0.027498928679277824,0.061537622966220056,0.7179792205969033,0.0546166684821165,class=630:n03680355.pkl:0;n03680355.pkl:1;n03680355.pkl:4|class=208:n02099712.pkl:0;n02099712.pkl:1;n02099712.pkl:4|class=468:n02930766.pkl:6;n02930766.pkl:10;n02930766.pkl:12
vit,933,165,-,76,44,24,9,0.06834874915256146,0.10553326557026946,0.022351291345108354,0.04591760656819305,0.7464881427783243,0.06868942659813003,class=333:n02342885.pkl:4;n02342885.pkl:5;n02342885.pkl:9|class=753:n04040759.pkl:2;n04040759.pkl:3;n04040759.pkl:18|class=281:n02123045.pkl:29;n02123045.pkl:52;n02123045.pkl:53
vit,934,166,-,47,29,17,7,0.1115854269517238,0.19260444740033789,0.047957092839830864,0.12972652156897224,0.5785731102704736,0.17696418433921504,class=261:n02112350.pkl:1;n02112350.pkl:2;n02112350.pkl:4|class=366:n02480855.pkl:1;n02480855.pkl:2;n02480855.pkl:4|class=91:n01824575.pkl:2;n01824575.pkl:5;n01824575.pkl:6
vit,935,167,-,64,50,23,12,0.10686749033067652,0.16505806535092127,0.03982293899273427,0.07828643576936106,0.7122541239336718,0.07600963575487785,class=779:n04146614.pkl:2;n04146614.pkl:3;n04146614.pkl:5|class=79:n01784675.pkl:5;n01784675.pkl:6;n01784675.pkl:8|class=423:n02791124.pkl:0;n02791124.pkl:4;n02791124.pkl:11
vit,936,168,-,78,29,10,2,0.02940135490378985,0.06839737808442341,0.007625839983007692,0.02216630815489192,0.6872543967552246,0.12114253383745034,class=148:n02071294.pkl:1;n02071294.pkl:6;n02071294.pkl:9|class=960:n07836838.pkl:2;n07836838.pkl:3;n07836838.pkl:34|class=213:n02100877.pkl:39;n02100877.pkl:61;n02100877.pkl:166
vit,937,169,-,20,9,4,0,0.039004056272561614,0.052228157748511576,0.008432729107053592,0.012872094454248036,0.7312313812539462,0.16650166752835266,class=513:n03110669.pkl:20;n03110669.pkl:29;n03110669.pkl:34|class=618:n03633091.pkl:29;n03633091.pkl:55;n03633091.pkl:89|class=882:n04517823.pkl:15;n04517823.pkl:112;n04517823.pkl:199
vit,938,170,-,53,27,15,4,0.057631341560874405,0.11268458271521316,0.018481489326531722,0.05654164857794518,0.6327138343662947,0.19546647428436872,class=289:n02128757.pkl:4;n02128757.pkl:9;n02128757.pkl:11|class=894:n04550184.pkl:3;n04550184.pkl:8;n04550184.pkl:14|class=805:n04254680.pkl:33;n04254680.pkl:37;n04254680.pkl:65
vit,939,171,-,65,31,17,4,0.06170122422429283,0.1348817165664009,0.02250161157193531,0.0779677687610594,0.5627929094907174,0.20009427513473685,class=320:n02268853.pkl:3;n02268853.pkl:4;n02268853.pkl:7|class=290:n02128925.pkl:1;n02128925.pkl:2;n02128925.pkl:4|class=395:n02641379.pkl:4;n02641379.pkl:15;n02641379.pkl:21
vit,940,172,-,34,20,10,1,0.05296079129727632,0.09773113403401452,0.014029687544955382,0.03630176739630932,0.635498688937446,0.2263275920372321,class=982:n10148035.pkl:0;n10148035.pkl:1;n10148035.pkl:2|class=922:n07565083.pkl:7;n07565083.pkl:29;n07565083.pkl:55|class=638:n03710637.pkl:58;n03710637.pkl:65;n03710637.pkl:70
vit,941,173,-,77,45,25,14,0.0904105661509992,0.16662176424332617,0.032007485493860205,0.08007856145511066,0.6823492744479336,0.09427730539675436,class=183:n02093859.pkl:0;n02093859.pkl:1;n02093859.pkl:2|class=751:n04037443.pkl:1;n04037443.pkl:2;n04037443.pkl:3|class=128:n02002724.pkl:0;n02002724.pkl:7;n02002724.pkl:12
vit,942,174,-,22,17,11,5,0.17809891954006452,0.24558874226812114,0.08139216199384428,0.19638534597057053,0.5274667094017286,0.31007920126560035,class=316:n02256656.pkl:0;n02256656.pkl:1;n02256656.pkl:2|class=414:n02769748.pkl:0;n02769748.pkl:19;n02769748.pkl:20|class=673:n03793489.pkl:0;n03793489.pkl:7;n03793489.pkl:10
vit,943,175,-,55,31,17,8,0.11508397371187029,0.21824731314243986,0.05340376231208517,0.14279323033780303,0.5808434405565286,0.14817148750895057,class=369:n02483708.pkl:0;n02483708.pkl:1;n02483708.pkl:2|class=163:n02088466.pkl:1;n02088466.pkl:2;n02088466.pkl:3|class=856:n04428191.pkl:2;n04428191.pkl:4;n04428191.pkl:5
vit,944,176,-,38,26,11,6,0.10117014055172305,0.17014823729071848,0.033119053339190095,0.07693376570826815,0.6182054738167496,0.16831782024368053,class=699:n03884397.pkl:0;n03884397.pkl:2;n03884397.pkl:6|class=625:n03662601.pkl:12;n03662601.pkl:13;n03662601.pkl:17|class=117:n01968897.pkl:23;n01968897.pkl:26;n01968897.pkl:30
vit,945,177,-,98,57,35,7,0.06561454152437626,0.12762348927952658,0.0251012003748284,0.09460055078814625,0.6211057292416656,0.15513874734409125,class=136:n02017213.pkl:0;n02017213.pkl:1;n02017213.pkl:3|class=511:n03100240.pkl:1;n03100240.pkl:2;n03100240.pkl:4|class=208:n02099712.pkl:15;n02099712.pkl:38;n02099712.pkl:54
vit,946,178,-,88,50,31,10,0.0724195286566955,0.14122212805876144,0.02736878027131673,0.06892483463469541,0.6870689951746892,0.0834341982038445,class=945:n07720875.pkl:1;n07720875.pkl:3;n07720875.pkl:4|class=197:n02097130.pkl:3;n02097130.pkl:6;n02097130.pkl:7|class=280:n02120505.pkl:1;n02120505.pkl:3;n02120505.pkl:8
vit,947,179,-,61,40,24,9,0.08757487996795611,0.15084212253093748,0.03311415827642385,0.07505926353126219,0.6864012790724288,0.10062044067684665,class=101:n01871265.pkl:2;n01871265.pkl:11;n01871265.pkl:15|class=212:n02100735.pkl:2;n02100735.pkl:3;n02100735.pkl:7|class=772:n04127249.pkl:2;n04127249.pkl:10;n04127249.pkl:11
vit,948,180,-,37,17,8,5,0.061165555650656046,0.14015276331012325,0.02019872260578823,0.05633173782426112,0.5419303888652043,0.23723866910185493,class=228:n02105505.pkl:1;n02105505.pkl:4;n02105505.pkl:12|class=518:n03127747.pkl:2;n03127747.pkl:6;n03127747.pkl:7|class=495:n03018349.pkl:33;n03018349.pkl:43;n03018349.pkl:63
vit,949,181,-,40,13,8,2,0.04871636395694679,0.13569118888390014,0.018032812310745498,0.07352787206535435,0.4192732976482924,0.4406397535088483,class=138:n02018795.pkl:0;n02018795.pkl:1;n02018795.pkl:2|class=383:n02497673.pkl:2;n02497673.pkl:52;n02497673.pkl:53|class=590:n03485407.pkl:58;n03485407.pkl:92;n03485407.pkl:107
vit,950,182,-,27,12,7,3,0.08856867091769362,0.18333200033045222,0.033531175738983565,0.11007699497524116,0.4235883222576966,0.4361830563773019,class=800:n04243546.pkl:1;n04243546.pkl:2;n04243546.pkl:3|class=870:n04482393.pkl:1;n04482393.pkl:13;n04482393.pkl:16|class=220:n02102480.pkl:8;n02102480.pkl:14;n02102480.pkl:24
vit,951,183,-,60,43,25,5,0.09112075050262426,0.14352273610530294,0.030645841285269433,0.09451278892963548,0.6384243111753966,0.1751876694605902,class=16:n01560419.pkl:0;n01560419.pkl:1;n01560419.pkl:3|class=589:n03483316.pkl:5;n03483316.pkl:7;n03483316.pkl:12|class=235:n02106662.pkl:78;n02106662.pkl:107;n02106662.pkl:109
vit,952,184,-,35,22,13,6,0.10231582395783316,0.13924982713649045,0.026222695691932342,0.04331508043121655,0.7229209567989264,0.10652850358004548,class=279:n02120079.pkl:0;n02120079.pkl:5;n02120079.pkl:9|class=905:n04590129.pkl:3;n04590129.pkl:5;n04590129.pkl:8|class=106:n01883070.pkl:4;n01883070.pkl:6;n01883070.pkl:10
vit,953,185,-,31,21,13,5,0.14346679389396771,0.18385371173574824,0.037498667250329236,0.09616594376117638,0.6067413039147771,0.24441109366116454,class=373:n02487347.pkl:0;n02487347.pkl:1;n02487347.pkl:2|class=812:n04266014.pkl:5;n04266014.pkl:15;n04266014.pkl:27|class=786:n04179913.pkl:0;n04179913.pkl:3;n04179913.pkl:18
vit,954,186,-,86,46,30,8,0.06698767829035276,0.12869566127842202,0.024175298999599477,0.06445758344177555,0.6738950254339556,0.09428990139544674,class=181:n02093647.pkl:1;n02093647.pkl:2;n02093647.pkl:5|class=206:n02099429.pkl:0;n02099429.pkl:2;n02099429.pkl:8|class=715:n03929855.pkl:2;n03929855.pkl:9;n03929855.pkl:11
vit,955,187,-,62,33,17,9,0.10472936597466961,0.20586861910186957,0.05111280677379445,0.15371712273448848,0.5485338382097568,0.16200822243371657,class=325:n02281406.pkl:0;n02281406.pkl:1;n02281406.pkl:3|class=288:n02128385.pkl:0;n02128385.pkl:2;n02128385.pkl:6|class=289:n02128757.pkl:0;n02128757.pkl:2;n02128757.pkl:4
vit,956,188,-,58,35,22,8,0.097739318406433,0.15137385270311102,0.032233209828927384,0.07255982955920781,0.6863519058966102,0.10461038708875307,class=31:n01644373.pkl:3;n01644373.pkl:9;n01644373.pkl:11|class=55:n01729977.pkl:2;n01729977.pkl:11;n01729977.pkl:12|class=537:n03218198.pkl:6;n03218198.pkl:7;n03218198.pkl:11
vit,957,189,-,88,60,34,12,0.0840682209941209,0.14669778679212578,0.03251448760414156,0.08525553301810407,0.7028400239403353,0.08949198538471956,class=190:n02095889.pkl:1;n02095889.pkl:3;n02095889.pkl:4|class=384:n02500267.pkl:3;n02500267.pkl:5;n02500267.pkl:9|class=905:n04590129.pkl:17;n04590129.pkl:34;n04590129.pkl:39
vit,958,190,-,89,47,26,9,0.06583232470391229,0.12428692118086228,0.01904853484142659,0.0405655665573037,0.7384984188984254,0.06219272979715914,class=989:n12620546.pkl:4;n12620546.pkl:11;n12620546.pkl:12|class=115:n01950731.pkl:0;n01950731.pkl:2;n01950731.pkl:23|class=122:n01983481.pkl:4;n01983481.pkl:6;n01983481.pkl:10
vit,959,191,-,54,36,20,11,0.10914318201612803,0.16691370376799924,0.03599838623147484,0.07573051329844414,0.6972396972588203,0.10047474927874575,class=931:n07693725.pkl:2;n07693725.pkl:4;n07693725.pkl:6|class=814:n04273569.pkl:5;n04273569.pkl:6;n04273569.pkl:10|class=798:n04238763.pkl:3;n04238763.pkl:11;n04238763.pkl:16
vit,960,192,-,85,43,20,8,0.06400600990105365,0.14088331617313332,0.021881790610922627,0.06802278300267052,0.6262854623593901,0.12545519916043066,class=218:n02102177.pkl:1;n02102177.pkl:2;n02102177.pkl:3|class=293:n02130308.pkl:4;n02130308.pkl:5;n02130308.pkl:6|class=392:n02606052.pkl:13;n02606052.pkl:24;n02606052.pkl:27
vit,961,193,-,22,12,8,4,0.10186085037511045,0.14611843613665185,0.021261388304747195,0.03447683581645392,0.6731722239803934,0.16497682902546867,class=583:n03467068.pkl:1;n03467068.pkl:6;n03467068.pkl:16|class=384:n02500267.pkl:1;n02500267.pkl:27;n02500267.pkl:30|class=298:n02137549.pkl:15;n02137549.pkl:20;n02137549.pkl:40
vit,962,194,-,25,20,12,5,0.17515805754529992,0.23931204307437423,0.06528812379856506,0.1620321348402253,0.5406510462653942,0.28637346003094344,class=323:n02279972.pkl:0;n02279972.pkl:1;n02279972.pkl:2|class=218:n02102177.pkl:0;n02102177.pkl:5;n02102177.pkl:6|class=271:n02114712.pkl:33;n02114712.pkl:54;n02114712.pkl:94
vit,963,195,-,18,10,6,3,0.11154077740350497,0.17518858968133608,0.029625164973500713,0.05756679241967584,0.558690513833738,0.2653287554662292,class=548:n03290653.pkl:2;n03290653.pkl:7;n03290653.pkl:15|class=772:n04127249.pkl:0;n04127249.pkl:2;n04127249.pkl:11|class=827:n04330267.pkl:1;n04330267.pkl:16;n04330267.pkl:26
vit,964,196,-,132,83,52,19,0.10265440309393428,0.18414514942834032,0.041844612708516686,0.10888910242617818,0.6889563879772123,0.05887557263274659,class=144:n02051845.pkl:7;n02051845.pkl:9;n02051845.pkl:10|class=62:n01744401.pkl:0;n01744401.pkl:2;n01744401.pkl:6|class=998:n13133613.pkl:0;n13133613.pkl:1;n13133613.pkl:6
vit,965,197,-,42,21,12,4,0.06772724160422385,0.12193157917899543,0.015579316829324027,0.03241577703960998,0.6816326619163249,0.1268877090259806,class=293:n02130308.pkl:21;n02130308.pkl:26;n02130308.pkl:34|class=507:n03075370.pkl:2;n03075370.pkl:6;n03075370.pkl:8|class=235:n02106662.pkl:2;n02106662.pkl:12;n02106662.pkl:14
vit,966,198,-,79,46,29,13,0.09856794677074336,0.16500894353870862,0.03495561112870455,0.07240883584787423,0.7110532415160131,0.06697353508152616,class=361:n02445715.pkl:0;n02445715.pkl:1;n02445715.pkl:5|class=252:n02110627.pkl:0;n02110627.pkl:2;n02110627.pkl:3|class=327:n02317335.pkl:2;n02317335.pkl:5;n02317335.pkl:8
vit,967,199,-,26,25,14,5,0.1449587135728405,0.15399524689935473,0.041774295164846945,0.06672332115668102,0.7471883160265258,0.1365829303942551,class=94:n01833805.pkl:0;n01833805.pkl:4;n01833805.pkl:5|class=68:n01756291.pkl:1;n01756291.pkl:4;n01756291.pkl:14|class=889:n04536866.pkl:6;n04536866.pkl:14;n04536866.pkl:21
vit,968,200,-,25,14,12,5,0.16287988057449523,0.24644738960209683,0.0718985479074813,0.1605470150533648,0.5548990377954606,0.23944549156990558,class=555:n03345487.pkl:0;n03345487.pkl:1;n03345487.pkl:2|class=309:n02206856.pkl:0;n02206856.pkl:2;n02206856.pkl:4|class=346:n02408429.pkl:2;n02408429.pkl:4;n02408429.pkl:6
vit,969,201,-,22,18,12,9,0.2509180769861045,0.2810601283340152,0.10616829402616136,0.19839426496792034,0.6350507308313614,0.20417974028370328,class=92:n01828970.pkl:0;n01828970.pkl:1;n01828970.pkl:2|class=63:n01748264.pkl:4;n01748264.pkl:5;n01748264.pkl:6|class=540:n03240683.pkl:0;n03240683.pkl:1;n03240683.pkl:4
vit,970,202,-,82,51,30,10,0.09702392912223431,0.16919563997336648,0.03561126183181578,0.1022670596114489,0.6502025027462817,0.11276848232874867,class=303:n02168699.pkl:0;n02168699.pkl:1;n02168699.pkl:2|class=220:n02102480.pkl:4;n02102480.pkl:10;n02102480.pkl:11|class=353:n02423022.pkl:0;n02423022.pkl:3;n02423022.pkl:4
vit,971,203,-,56,35,24,8,0.09147020504530559,0.11388132910580566,0.02066536025220595,0.03111133220443491,0.7910064851913141,0.05832994074876222,class=751:n04037443.pkl:14;n04037443.pkl:16;n04037443.pkl:25|class=814:n04273569.pkl:2;n04273569.pkl:20;n04273569.pkl:24|class=333:n02342885.pkl:2;n02342885.pkl:7;n02342885.pkl:10
vit,972,204,-,72,49,35,13,0.12021522532945651,0.18082495178398045,0.04163660708708706,0.09178032191333907,0.7105216191678356,0.0813752470435603,class=83:n01798484.pkl:1;n01798484.pkl:2;n01798484.pkl:3|class=908:n04592741.pkl:2;n04592741.pkl:4;n04592741.pkl:6|class=479:n02974003.pkl:5;n02974003.pkl:8;n02974003.pkl:9
vit,973,205,-,23,18,11,6,0.2009192092312376,0.254341596246554,0.06783382527830217,0.12657105744599437,0.6271871150627386,0.19485124200823206,class=362:n02447366.pkl:1;n02447366.pkl:2;n02447366.pkl:7|class=847:n04389033.pkl:0;n04389033.pkl:1;n04389033.pkl:4|class=952:n07753113.pkl:1;n07753113.pkl:5;n07753113.pkl:11
vit,974,206,-,66,24,12,6,0.043451744023497184,0.09527079428133316,0.01416132577499585,0.03667346081659434,0.6537431182507373,0.11676515968832879,class=773:n04131690.pkl:13;n04131690.pkl:28;n04131690.pkl:35|class=890:n04540053.pkl:4;n04540053.pkl:6;n04540053.pkl:10|class=157:n02086910.pkl:15;n02086910.pkl:16;n02086910.pkl:21
vit,975,207,-,54,38,22,11,0.11729211643471384,0.17060810333418983,0.03462032907668132,0.06142558435818181,0.7318000777962302,0.07681501434588284,class=358:n02443114.pkl:4;n02443114.pkl:9;n02443114.pkl:18|class=615:n03623198.pkl:6;n03623198.pkl:9;n03623198.pkl:10|class=437:n02814860.pkl:0;n02814860.pkl:25;n02814860.pkl:27
vit,976,208,-,68,34,16,6,0.04401126429947109,0.09060312598972546,0.013426060087813219,0.03470849967988787,0.6815035487422014,0.1129859838946803,class=557:n03355925.pkl:0;n03355925.pkl:5;n03355925.pkl:8|class=528:n03187595.pkl:5;n03187595.pkl:12;n03187595.pkl:14|class=725:n03950228.pkl:10;n03950228.pkl:15;n03950228.pkl:23
vit,977,209,-,48,39,26,12,0.15210279126890455,0.2178058918928223,0.07034249059956833,0.15828001971735883,0.668959299487938,0.12631463284510677,class=97:n01847000.pkl:2;n01847000.pkl:3;n01847000.pkl:4|class=774:n04133789.pkl:0;n04133789.pkl:2;n04133789.pkl:6|class=762:n04081281.pkl:0;n04081281.pkl:1;n04081281.pkl:7
vit,978,210,-,55,35,20,4,0.06254269352904611,0.10436925461301512,0.01942222899885648,0.04431904802604696,0.7055333307058216,0.11285348337730039,class=268:n02113978.pkl:0;n02113978.pkl:1;n02113978.pkl:26|class=350:n02417914.pkl:6;n02417914.pkl:9;n02417914.pkl:11|class=73:n01773549.pkl:101;n01773549.pkl:108;n01773549.pkl:131
vit,979,211,-,19,15,5,1,0.0531070812802625,0.07528797685813805,0.00873628904557886,0.015735496676103584,0.6987282201321402,0.22337867300478184,class=920:n06874185.pkl:1;n06874185.pkl:18;n06874185.pkl:30|class=98:n01855032.pkl:20;n01855032.pkl:59;n01855032.pkl:62|class=56:n01734418.pkl:90;n01734418.pkl:153;n01734418.pkl:182
vit,980,212,-,94,60,40,16,0.10249650882632952,0.1665158584445327,0.040161702380071204,0.09395001259101161,0.7139062481092665,0.0688541963768265,class=217:n02102040.pkl:2;n02102040.pkl:6;n02102040.pkl:7|class=318:n02264363.pkl:0;n02264363.pkl:1;n02264363.pkl:3|class=843:n04371774.pkl:9;n04371774.pkl:12;n04371774.pkl:14
vit,981,213,-,51,31,12,4,0.06564135754461173,0.12743806734714136,0.01500725627947256,0.03175529857492437,0.7044760248855434,0.10740078998583528,class=665:n03785016.pkl:5;n03785016.pkl:15;n03785016.pkl:24|class=949:n07745940.pkl:1;n07745940.pkl:3;n07745940.pkl:29|class=963:n07873807.pkl:4;n07873807.pkl:34;n07873807.pkl:36
vit,982,214,-,73,48,29,14,0.10805703731128476,0.1782587847029525,0.04372999792827431,0.09739091354959557,0.6854525855532366,0.08164325507247397,class=737:n03983396.pkl:1;n03983396.pkl:4;n03983396.pkl:6|class=839:n04366367.pkl:1;n04366367.pkl:4;n04366367.pkl:7|class=264:n02113186.pkl:2;n02113186.pkl:4;n02113186.pkl:7
vit,983,215,-,65,37,18,7,0.07351518660092411,0.14453130772815675,0.024404055034683896,0.06287982781495244,0.6461685467324562,0.11752214266677417,class=674:n03794056.pkl:0;n03794056.pkl:1;n03794056.pkl:2|class=110:n01924916.pkl:1;n01924916.pkl:3;n01924916.pkl:4|class=716:n03930313.pkl:0;n03930313.pkl:2;n03930313.pkl:5
vit,984,216,-,74,40,26,11,0.0865262689962644,0.14931054310686906,0.02961437650344325,0.08046878561201541,0.6599798469620248,0.11328765229400993,class=81:n01796340.pkl:1;n01796340.pkl:2;n01796340.pkl:3|class=106:n01883070.pkl:7;n01883070.pkl:19;n01883070.pkl:23|class=843:n04371774.pkl:1;n04371774.pkl:7;n04371774.pkl:9
vit,985,217,-,31,16,8,2,0.06614255005708948,0.15035801377761948,0.019218026094801534,0.04689383627120926,0.5839073488454974,0.22432485279894404,class=362:n02447366.pkl:4;n02447366.pkl:8;n02447366.pkl:20|class=142:n02033041.pkl:1;n02033041.pkl:4;n02033041.pkl:5|class=551:n03314780.pkl:11;n03314780.pkl:72;n03314780.pkl:84
vit,986,218,-,75,46,23,9,0.06463149739670544,0.11623607253414679,0.02175485682689314,0.050274874617699396,0.7063542601869967,0.08454124840053844,class=717:n03930630.pkl:0;n03930630.pkl:5;n03930630.pkl:6|class=797:n04235860.pkl:2;n04235860.pkl:6;n04235860.pkl:18|class=899:n04560804.pkl:11;n04560804.pkl:12;n04560804.pkl:30
vit,987,219,-,65,27,15,4,0.049242690468042784,0.09585304449069189,0.011011391739805173,0.022620165698454004,0.7277467649281459,0.08030689795449983,class=399:n02667093.pkl:14;n02667093.pkl:15;n02667093.pkl:19|class=952:n07753113.pkl:8;n07753113.pkl:11;n07753113.pkl:15|class=556:n03347037.pkl:9;n03347037.pkl:15;n03347037.pkl:29
vit,988,220,-,77,45,30,9,0.06712810657842282,0.11796902367120125,0.02239723169808681,0.04282782383357929,0.7596520611258684,0.06047378015902515,class=229:n02105641.pkl:11;n02105641.pkl:12;n02105641.pkl:27|class=26:n01630670.pkl:9;n01630670.pkl:13;n01630670.pkl:30|class=432:n02804610.pkl:6;n02804610.pkl:17;n02804610.pkl:18
vit,989,221,-,41,23,14,5,0.07743388710690234,0.12552844781670847,0.019508613133219763,0.03295941334734753,0.7258084058503117,0.09400836470490345,class=699:n03884397.pkl:34;n03884397.pkl:38;n03884397.pkl:40|class=658:n03775071.pkl:4;n03775071.pkl:21;n03775071.pkl:31|class=948:n07742313.pkl:31;n07742313.pkl:40;n07742313.pkl:44
vit,990,222,-,66,33,11,2,0.034619267530964296,0.07410420447372101,0.008885576889125684,0.019616232653890897,0.7473130426109402,0.08899565112650218,class=381:n02493793.pkl:0;n02493793.pkl:3;n02493793.pkl:30|class=271:n02114712.pkl:0;n02114712.pkl:2;n02114712.pkl:30|class=779:n04146614.pkl:6;n04146614.pkl:112;n04146614.pkl:142
vit,991,223,-,34,14,3,0,0.02165154801046761,0.03710843565315031,0.003675128991699559,0.0043336843891021585,0.8587980954955209,0.07030867214553484,class=21:n01608432.pkl:33;n01608432.pkl:73;n01608432.pkl:109|class=245:n02108915.pkl:72;n02108915.pkl:140;n02108915.pkl:255|class=663:n03781244.pkl:94;n03781244.pkl:326;n03781244.pkl:478
vit,992,224,-,85,54,35,14,0.11035503614447478,0.17514320085406437,0.037121821955613594,0.0810446050400132,0.71445901419439,0.06783989250965998,class=721:n03938244.pkl:2;n03938244.pkl:3;n03938244.pkl:4|class=614:n03617480.pkl:2;n03617480.pkl:3;n03617480.pkl:5|class=498:n03032252.pkl:1;n03032252.pkl:2;n03032252.pkl:5
vit,993,225,-,78,42,27,10,0.06985598946617334,0.12031383874363423,0.024017580556463903,0.05155217790302266,0.7138541372626475,0.07188696967765365,class=766:n04111531.pkl:14;n04111531.pkl:15;n04111531.pkl:25|class=422:n02790996.pkl:3;n02790996.pkl:7;n02790996.pkl:18|class=994:n13040303.pkl:2;n13040303.pkl:3;n13040303.pkl:10
vit,994,226,-,43,30,17,5,0.07828436549080164,0.11507928297234102,0.019137879527315726,0.02992781583506344,0.7637801219979694,0.0801272188897257,class=881:n04515003.pkl:9;n04515003.pkl:21;n04515003.pkl:22|class=301:n02165456.pkl:42;n02165456.pkl:52;n02165456.pkl:54|class=266:n02113712.pkl:21;n02113712.pkl:32;n02113712.pkl:37
vit,995,227,-,79,56,34,14,0.11368069915312803,0.1561149229129024,0.03530462830241213,0.07123663102730626,0.743656537117818,0.06419489937422553,class=900:n04562935.pkl:0;n04562935.pkl:1;n04562935.pkl:2|class=89:n01819313.pkl:4;n01819313.pkl:6;n01819313.pkl:11|class=789:n04201297.pkl:10;n04201297.pkl:12;n04201297.pkl:14
vit,996,228,-,66,39,25,11,0.10833886815753435,0.18315484290090642,0.0389630412467749,0.09249028949293299,0.6585608278842712,0.10052886019741687,class=814:n04273569.pkl:2;n04273569.pkl:5;n04273569.pkl:6|class=856:n04428191.pkl:1;n04428191.pkl:2;n04428191.pkl:4|class=249:n02110063.pkl:1;n02110063.pkl:5;n02110063.pkl:10
vit,997,229,-,74,37,23,10,0.08980454786054787,0.1760826281533746,0.03432170500560193,0.082823409247076,0.6520549586104352,0.09220663605573169,class=166:n02089867.pkl:5;n02089867.pkl:6;n02089867.pkl:10|class=81:n01796340.pkl:0;n01796340.pkl:4;n01796340.pkl:7|class=752:n04039381.pkl:3;n04039381.pkl:9;n04039381.pkl:12
vit,998,230,-,69,45,29,13,0.10443028641405368,0.16711552521405432,0.03675665947549877,0.07850144424625402,0.7129921480330355,0.08059772677293879,class=153:n02085936.pkl:1;n02085936.pkl:2;n02085936.pkl:7|class=167:n02089973.pkl:5;n02089973.pkl:13;n02089973.pkl:20|class=49:n01697457.pkl:2;n01697457.pkl:3;n01697457.pkl:5
vit,999,231,-,71,36,17,5,0.05451762016595477,0.11058975119241868,0.01587763454689421,0.037472142487849074,0.6970484487004633,0.0925334502627034,class=441:n02823750.pkl:3;n02823750.pkl:6;n02823750.pkl:17|class=266:n02113712.pkl:8;n02113712.pkl:11;n02113712.pkl:21|class=259:n02112018.pkl:2;n02112018.pkl:10;n02112018.pkl:16
vit,1000,232,-,69,52,32,15,0.11173647054284011,0.15237474934121245,0.03617083592346872,0.07811655061089218,0.7259232657107122,0.08208858810932013,class=623:n03658185.pkl:0;n03658185.pkl:1;n03658185.pkl:4|class=942:n07717556.pkl:3;n07717556.pkl:4;n07717556.pkl:5|class=979:n09468604.pkl:2;n09468604.pkl:9;n09468604.pkl:13
vit,1001,233,-,104,63,41,13,0.07614730809208047,0.12040872082327957,0.026168452073291163,0.05687859736223962,0.7527586211394196,0.05504178758657641,class=690:n03868242.pkl:0;n03868242.pkl:2;n03868242.pkl:3|class=662:n03777754.pkl:0;n03777754.pkl:5;n03777754.pkl:12|class=630:n03680355.pkl:7;n03680355.pkl:9;n03680355.pkl:12
vit,1002,234,-,62,49,35,16,0.15266076305874304,0.18075671634362256,0.04275104169664185,0.06845017698387813,0.7872471523291105,0.05747794156692044,class=825:n04326547.pkl:5;n04326547.pkl:6;n04326547.pkl:8|class=143:n02037110.pkl:0;n02037110.pkl:2;n02037110.pkl:6|class=53:n01728920.pkl:4;n01728920.pkl:7;n01728920.pkl:10
vit,1003,235,-,73,46,25,11,0.10747154579325247,0.19729009357800723,0.045886376578916366,0.13778324148956606,0.6004611928725325,0.13720871083597538,class=137:n02018207.pkl:0;n02018207.pkl:1;n02018207.pkl:2|class=193:n02096294.pkl:1;n02096294.pkl:2;n02096294.pkl:3|class=752:n04039381.pkl:1;n04039381.pkl:2;n04039381.pkl:10
vit,1004,236,-,62,36,21,9,0.08192605012775392,0.15485432656822823,0.032513719023573674,0.08430985474355886,0.636876133911465,0.12457956655160798,class=434:n02808304.pkl:4;n02808304.pkl:6;n02808304.pkl:12|class=30:n01641577.pkl:2;n01641577.pkl:6;n01641577.pkl:9|class=159:n02087394.pkl:2;n02087394.pkl:5;n02087394.pkl:10
vit,1005,237,-,75,45,26,8,0.07096527424229818,0.10885734603235236,0.021149943967708397,0.0408436672211776,0.7508316860823648,0.06305775635244835,class=475:n02965783.pkl:3;n02965783.pkl:5;n02965783.pkl:8|class=153:n02085936.pkl:4;n02085936.pkl:6;n02085936.pkl:12|class=537:n03218198.pkl:17;n03218198.pkl:21;n03218198.pkl:22
vit,1006,238,-,75,40,19,4,0.05053020080030256,0.1073669320398314,0.016843033103735028,0.04609040524563016,0.6795907158621493,0.11317669279556358,class=512:n03109150.pkl:0;n03109150.pkl:2;n03109150.pkl:4|class=272:n02114855.pkl:0;n02114855.pkl:3;n02114855.pkl:6|class=659:n03775546.pkl:0;n03775546.pkl:5;n03775546.pkl:13
vit,1007,239,-,28,19,10,3,0.11350842456949724,0.16230832484660093,0.019874590188882015,0.03350763499504902,0.704511844601353,0.13722997221367372,class=648:n03742115.pkl:13;n03742115.pkl:15;n03742115.pkl:20|class=18:n01582220.pkl:2;n01582220.pkl:12;n01582220.pkl:28|class=141:n02028035.pkl:15;n02028035.pkl:37;n02028035.pkl:39
vit,1008,240,-,13,9,3,0,0.03561245306139006,0.042592659196704866,0.005372090734468046,0.006669421778300135,0.7615193080980415,0.19548530052947144,class=496:n03026506.pkl:49;n03026506.pkl:60;n03026506.pkl:74|class=693:n03873416.pkl:20;n03873416.pkl:54;n03873416.pkl:65|class=204:n02098413.pkl:9;n02098413.pkl:28;n02098413.pkl:49
vit,1009,241,-,69,40,25,9,0.08396119704104198,0.14263456780412634,0.028605410242497603,0.07496415090362885,0.6674821957985284,0.11402454042604157,class=869:n04479046.pkl:0;n04479046.pkl:1;n04479046.pkl:2|class=472:n02951358.pkl:2;n02951358.pkl:5;n02951358.pkl:6|class=66:n01753488.pkl:8;n01753488.pkl:12;n01753488.pkl:20
vit,1010,242,-,58,41,29,8,0.09987237786610939,0.1615483450562786,0.037688877522832336,0.09840752143457868,0.662716567830095,0.1347858452335033,class=253:n02110806.pkl:0;n02110806.pkl:4;n02110806.pkl:6|class=203:n02098286.pkl:3;n02098286.pkl:4;n02098286.pkl:8|class=920:n06874185.pkl:2;n06874185.pkl:10;n06874185.pkl:11
vit,1011,243,-,34,19,14,1,0.05969495134035293,0.07049152671289803,0.013826920364887729,0.016079870316188134,0.8252930785469729,0.0691890594616491,class=706:n03899768.pkl:12;n03899768.pkl:37;n03899768.pkl:40|class=315:n02236044.pkl:12;n02236044.pkl:16;n02236044.pkl:36|class=689:n03866082.pkl:4;n03866082.pkl:93;n03866082.pkl:108
vit,1012,244,-,108,65,33,12,0.06942935259357755,0.11758653850641897,0.023157557799541734,0.05388954635251503,0.7270867345992357,0.059401043810909646,class=45:n01692333.pkl:1;n01692333.pkl:4;n01692333.pkl:5|class=703:n03891251.pkl:0;n03891251.pkl:2;n03891251.pkl:4|class=449:n02859443.pkl:1;n02859443.pkl:2;n02859443.pkl:3
vit,1013,245,-,27,18,11,5,0.1010899557648382,0.1384949084890025,0.0252617958421213,0.047724505584096945,0.6801605340561646,0.1692246224417514,class=278:n02119789.pkl:3;n02119789.pkl:10;n02119789.pkl:15|class=403:n02687172.pkl:10;n02687172.pkl:14;n02687172.pkl:15|class=339:n02389026.pkl:26;n02389026.pkl:28;n02389026.pkl:30
vit,1014,246,-,97,52,29,12,0.0674492558880883,0.14507217009340784,0.028880915061557207,0.0832791418784417,0.6566616882081947,0.09602862459355085,class=188:n02095314.pkl:2;n02095314.pkl:4;n02095314.pkl:6|class=158:n02087046.pkl:3;n02087046.pkl:4;n02087046.pkl:6|class=74:n01773797.pkl:2;n01773797.pkl:13;n01773797.pkl:15
vit,1015,247,-,20,17,12,4,0.1657607981591423,0.19624824905371072,0.045444721214972825,0.07562511272143611,0.6871396517040803,0.18846346236777825,class=758:n04067472.pkl:1;n04067472.pkl:9;n04067472.pkl:13|class=778:n04141975.pkl:0;n04141975.pkl:2;n04141975.pkl:3|class=648:n03742115.pkl:13;n03742115.pkl:18;n03742115.pkl:20
vit,1016,248,-,24,14,9,4,0.11796475926769623,0.19212687700864933,0.04438153031354066,0.11282452918897952,0.5114254778944164,0.3109387138173681,class=375:n02488702.pkl:1;n02488702.pkl:3;n02488702.pkl:5|class=502:n03047690.pkl:2;n03047690.pkl:8;n03047690.pkl:10|class=793:n04209133.pkl:2;n04209133.pkl:3;n04209133.pkl:15
vit,1017,249,-,52,28,13,5,0.08058381942018024,0.145227526308668,0.01922566660448048,0.05356818925264767,0.6118182112987977,0.1685266328136329,class=876:n04493381.pkl:2;n04493381.pkl:7;n04493381.pkl:8|class=189:n02095570.pkl:0;n02095570.pkl:20;n02095570.pkl:46|class=465:n02916936.pkl:25;n02916936.pkl:26;n02916936.pkl:27
vit,1018,250,-,74,39,27,14,0.10784664690035335,0.19273336006930372,0.046275902021662894,0.10433214751504778,0.6701998002240008,0.08220371463935905,class=726:n03954731.pkl:2;n03954731.pkl:4;n03954731.pkl:6|class=581:n03459775.pkl:6;n03459775.pkl:8;n03459775.pkl:9|class=98:n01855032.pkl:0;n01855032.pkl:2;n01855032.pkl:3
vit,1019,251,-,34,22,14,8,0.10707373495646139,0.145625924751808,0.03354766841975748,0.05481826429099012,0.7192385446246192,0.10794381932554768,class=597:n03527444.pkl:0;n03527444.pkl:1;n03527444.pkl:2|class=276:n02117135.pkl:3;n02117135.pkl:5;n02117135.pkl:9|class=867:n04467665.pkl:3;n04467665.pkl:8;n04467665.pkl:10
vit,1020,252,-,32,25,14,7,0.1506308301860526,0.20634319314519114,0.05232533548099106,0.10058244912507491,0.6558066605440452,0.14672032580600897,class=402:n02676566.pkl:1;n02676566.pkl:2;n02676566.pkl:3|class=216:n02101556.pkl:5;n02101556.pkl:9;n02101556.pkl:10|class=25:n01629819.pkl:2;n01629819.pkl:4;n01629819.pkl:10
vit,1021,253,-,61,35,19,9,0.08949458340322836,0.1636402932711209,0.03493756208457981,0.08571008295472882,0.6390791860892774,0.11505518977548294,class=47:n01694178.pkl:1;n01694178.pkl:2;n01694178.pkl:5|class=738:n03991062.pkl:1;n03991062.pkl:6;n03991062.pkl:9|class=611:n03598930.pkl:2;n03598930.pkl:7;n03598930.pkl:10
vit,1022,254,-,38,26,13,5,0.10756235192923835,0.18134518093499868,0.03875527755049581,0.08689319831046102,0.6261296739248389,0.15860556085459432,class=963:n07873807.pkl:0;n07873807.pkl:5;n07873807.pkl:6|class=626:n03666591.pkl:0;n03666591.pkl:1;n03666591.pkl:15|class=447:n02841315.pkl:2;n02841315.pkl:5;n02841315.pkl:7
vit,1023,255,-,59,37,19,13,0.10076050583513944,0.16380122159962882,0.03312726429810755,0.07051539770710845,0.6922819331288402,0.0937462422593306,class=612:n03599486.pkl:1;n03599486.pkl:4;n03599486.pkl:9|class=568:n03404251.pkl:2;n03404251.pkl:11;n03404251.pkl:13|class=317:n02259212.pkl:1;n02259212.pkl:3;n02259212.pkl:6
vit,1024,256,-,53,28,15,6,0.06492705354701708,0.12948325288565055,0.01922210399224042,0.04717822787146247,0.6702053269406658,0.13252737000362133,class=729:n03961711.pkl:6;n03961711.pkl:7;n03961711.pkl:21|class=285:n02124075.pkl:1;n02124075.pkl:10;n02124075.pkl:28|class=760:n04070727.pkl:2;n04070727.pkl:23;n04070727.pkl:25
vit,1025,257,-,25,14,8,2,0.05465291807703356,0.09735215238198974,0.011060004890891149,0.021859650520231384,0.6733746838677745,0.19625566881539233,class=245:n02108915.pkl:2;n02108915.pkl:11;n02108915.pkl:14|class=953:n07753275.pkl:12;n07753275.pkl:13;n07753275.pkl:40|class=36:n01667778.pkl:105;n01667778.pkl:156;n01667778.pkl:199
vit,1026,258,-,57,37,25,10,0.10386908811366152,0.15599011381325253,0.032451721620226213,0.06591313969916217,0.7194968642801935,0.08991970664711219,class=476:n02966193.pkl:1;n02966193.pkl:3;n02966193.pkl:5|class=659:n03775546.pkl:0;n03775546.pkl:2;n03775546.pkl:7|class=743:n04005630.pkl:8;n04005630.pkl:9;n04005630.pkl:12
vit,1028,260,-,54,24,14,6,0.059116483599986905,0.14217166590335356,0.025169941467379994,0.09968320969854028,0.4978598251480005,0.30897819931027454,class=153:n02085936.pkl:0;n02085936.pkl:1;n02085936.pkl:2|class=589:n03483316.pkl:1;n03483316.pkl:12;n03483316.pkl:23|class=949:n07745940.pkl:22;n07745940.pkl:25;n07745940.pkl:27
vit,1029,261,-,80,45,24,10,0.06706793938068192,0.11492559154829596,0.02089287450477089,0.04064822116560636,0.7329406200108074,0.059814767626460666,class=486:n02992211.pkl:1;n02992211.pkl:4;n02992211.pkl:12|class=995:n13044778.pkl:1;n13044778.pkl:4;n13044778.pkl:7|class=402:n02676566.pkl:0;n02676566.pkl:4;n02676566.pkl:5
vit,1030,262,-,68,39,23,8,0.08234667703881011,0.14232241242487506,0.025460312093389354,0.05435348680642781,0.7079623571993275,0.08172804856694509,class=254:n02110958.pkl:0;n02110958.pkl:2;n02110958.pkl:6|class=188:n02095314.pkl:24;n02095314.pkl:33;n02095314.pkl:34|class=291:n02129165.pkl:4;n02129165.pkl:9;n02129165.pkl:23
vit,1031,263,-,68,37,23,9,0.07784552544008096,0.11907336232059107,0.02381954591514712,0.0498661692146932,0.7159390795950187,0.07915784460460935,class=982:n10148035.pkl:1;n10148035.pkl:4;n10148035.pkl:6|class=996:n13052670.pkl:2;n13052670.pkl:11;n13052670.pkl:13|class=516:n03125729.pkl:15;n03125729.pkl:23;n03125729.pkl:24
vit,1032,264,-,53,29,14,3,0.05638933518203845,0.0838266940934389,0.011482671946832381,0.0194662420237519,0.7764797515937736,0.07309328562967779,class=633:n03692522.pkl:3;n03692522.pkl:5;n03692522.pkl:12|class=744:n04008634.pkl:33;n04008634.pkl:72;n04008634.pkl:81|class=477:n02966687.pkl:13;n02966687.pkl:14;n02966687.pkl:27
vit,1033,265,-,77,48,29,11,0.07271406646282978,0.11404171569459708,0.01953987604898738,0.03497346920044403,0.7757900402080521,0.0545917800365992,class=60:n01740131.pkl:0;n01740131.pkl:14;n01740131.pkl:19|class=959:n07831146.pkl:2;n07831146.pkl:9;n07831146.pkl:11|class=805:n04254680.pkl:2;n04254680.pkl:3;n04254680.pkl:20
vit,1034,266,-,50,34,18,7,0.09766180842821734,0.14676144216451867,0.026005399549799694,0.05495612255067537,0.6850169993557077,0.10931720019701066,class=645:n03733131.pkl:3;n03733131.pkl:5;n03733131.pkl:11|class=694:n03874293.pkl:2;n03874293.pkl:3;n03874293.pkl:8|class=147:n02066245.pkl:5;n02066245.pkl:16;n02066245.pkl:20
vit,1035,267,-,65,39,28,14,0.10084725346516174,0.1470807632869047,0.03200026305575458,0.05730018788920453,0.7538345989110051,0.0647124031239366,class=521:n03133878.pkl:0;n03133878.pkl:2;n03133878.pkl:5|class=919:n06794110.pkl:8;n06794110.pkl:15;n06794110.pkl:22|class=148:n02071294.pkl:15;n02071294.pkl:28;n02071294.pkl:39
vit,1036,268,-,71,43,28,13,0.09423536775189792,0.15076198598833715,0.031366851281295724,0.07307743625488942,0.717590064226811,0.09053255617412377,class=476:n02966193.pkl:2;n02966193.pkl:3;n02966193.pkl:4|class=820:n04310018.pkl:3;n04310018.pkl:7;n04310018.pkl:9|class=878:n04505470.pkl:4;n04505470.pkl:6;n04505470.pkl:15
vit,1037,269,-,45,27,17,8,0.1116283765853426,0.16083681736185335,0.03679325415901628,0.06700488636026682,0.699398533383577,0.09592163631177249,class=286:n02125311.pkl:3;n02125311.pkl:5;n02125311.pkl:9|class=808:n04259630.pkl:3;n04259630.pkl:6;n04259630.pkl:13|class=889:n04536866.pkl:12;n04536866.pkl:22;n04536866.pkl:23
vit,1038,270,-,55,28,16,5,0.06241816551022456,0.11448572138960511,0.019578716203904653,0.04791113175190184,0.6574619042192869,0.1270602225633797,class=562:n03388043.pkl:4;n03388043.pkl:5;n03388043.pkl:8|class=438:n02815834.pkl:1;n02815834.pkl:7;n02815834.pkl:8|class=178:n02092339.pkl:24;n02092339.pkl:55;n02092339.pkl:71
vit,1039,271,-,77,45,25,15,0.0977827339389781,0.16926824444781075,0.03447900840384804,0.06502330569537534,0.7299866086096711,0.05917593532609636,class=10:n01530575.pkl:1;n01530575.pkl:2;n01530575.pkl:4|class=204:n02098413.pkl:10;n02098413.pkl:11;n02098413.pkl:13|class=200:n02097474.pkl:1;n02097474.pkl:3;n02097474.pkl:5
vit,1040,272,-,78,39,21,8,0.06265616295341489,0.11435582584198305,0.017995652147931984,0.04189347238759617,0.7011123567888479,0.08230101288340477,class=144:n02051845.pkl:6;n02051845.pkl:8;n02051845.pkl:9|class=111:n01930112.pkl:5;n01930112.pkl:19;n01930112.pkl:23|class=424:n02791270.pkl:6;n02791270.pkl:9;n02791270.pkl:10
vit,1041,273,-,90,55,35,11,0.07323095682614797,0.1150230380528044,0.02144185987922189,0.04403667298909824,0.7640020889113309,0.05797750991000996,class=280:n02120505.pkl:1;n02120505.pkl:5;n02120505.pkl:6|class=849:n04398044.pkl:0;n04398044.pkl:4;n04398044.pkl:5|class=859:n04442312.pkl:11;n04442312.pkl:17;n04442312.pkl:29
vit,1042,274,-,55,44,30,9,0.09112438292962427,0.1167018445561659,0.02403944515925191,0.03314365543021511,0.823222483061675,0.05274305227106437,class=394:n02640242.pkl:4;n02640242.pkl:8;n02640242.pkl:9|class=530:n03196217.pkl:3;n03196217.pkl:4;n03196217.pkl:12|class=505:n03063689.pkl:11;n03063689.pkl:50;n03063689.pkl:60
vit,1043,275,-,88,44,28,8,0.06416140446840833,0.12364021272209305,0.022200343462539993,0.06124940921136577,0.6682454208730229,0.09786077656322296,class=30:n01641577.pkl:0;n01641577.pkl:3;n01641577.pkl:7|class=976:n09399592.pkl:0;n09399592.pkl:1;n09399592.pkl:7|class=703:n03891251.pkl:3;n03891251.pkl:9;n03891251.pkl:30
vit,1044,276,-,92,59,31,12,0.06038208180890642,0.0965307560475715,0.015118595056550327,0.0260021679160891,0.7962708986518697,0.043021596818502345,class=153:n02085936.pkl:13;n02085936.pkl:26;n02085936.pkl:35|class=872:n04485082.pkl:0;n04485082.pkl:1;n04485082.pkl:15|class=40:n01682714.pkl:9;n01682714.pkl:28;n01682714.pkl:34
vit,1045,277,-,158,90,69,35,0.10600021013823092,0.18179060510465836,0.052807652452930086,0.11585417297084015,0.7418675614123911,0.03679210566376008,class=200:n02097474.pkl:1;n02097474.pkl:2;n02097474.pkl:3|class=944:n07718747.pkl:0;n07718747.pkl:1;n07718747.pkl:2|class=997:n13054560.pkl:0;n13054560.pkl:1;n13054560.pkl:3
vit,1046,278,-,41,25,10,2,0.05705163370580654,0.08789158959780066,0.010890065465382308,0.01687474251688346,0.7732627161707736,0.08295407399872924,class=466:n02917067.pkl:0;n02917067.pkl:6;n02917067.pkl:13|class=190:n02095889.pkl:6;n02095889.pkl:14;n02095889.pkl:24|class=665:n03785016.pkl:63;n03785016.pkl:71;n03785016.pkl:72
vit,1047,279,-,52,21,9,4,0.06019993285856062,0.15932692022093542,0.021133185713742376,0.07704932456100921,0.48597111750276284,0.2748563953545107,class=134:n02012849.pkl:1;n02012849.pkl:7;n02012849.pkl:12|class=224:n02105056.pkl:0;n02105056.pkl:7;n02105056.pkl:11|class=394:n02640242.pkl:12;n02640242.pkl:20;n02640242.pkl:63
vit,1048,280,-,77,44,24,7,0.04738981755680813,0.06908626004238681,0.013001419637274355,0.018960780498346978,0.8238396652224482,0.04060806045180604,class=544:n03259280.pkl:18;n03259280.pkl:23;n03259280.pkl:50|class=119:n01978455.pkl:1;n01978455.pkl:10;n01978455.pkl:39|class=176:n02091831.pkl:33;n02091831.pkl:42;n02091831.pkl:59
vit,1049,281,-,63,32,11,3,0.039055573986947194,0.08771045348192841,0.0134675367445071,0.04271977222067878,0.6130992376035609,0.17558627390511067,class=784:n04154565.pkl:0;n04154565.pkl:1;n04154565.pkl:4|class=537:n03218198.pkl:7;n03218198.pkl:27;n03218198.pkl:30|class=79:n01784675.pkl:7;n01784675.pkl:8;n01784675.pkl:10
vit,1050,282,-,98,53,36,18,0.07816193369271646,0.1316634169901527,0.028191165437161263,0.05656982076742794,0.7515566250065174,0.05129231506647263,class=809:n04263257.pkl:10;n04263257.pkl:14;n04263257.pkl:23|class=398:n02666196.pkl:2;n02666196.pkl:7;n02666196.pkl:11|class=538:n03220513.pkl:0;n03220513.pkl:9;n03220513.pkl:13
vit,1051,283,-,109,57,37,16,0.0650020037198184,0.1072188143051815,0.022864948898937955,0.05356480065840524,0.734342237044117,0.059523447405175296,class=724:n03947888.pkl:2;n03947888.pkl:3;n03947888.pkl:8|class=638:n03710637.pkl:5;n03710637.pkl:11;n03710637.pkl:15|class=546:n03272010.pkl:0;n03272010.pkl:6;n03272010.pkl:7
vit,1052,284,-,67,43,30,16,0.13415251819976656,0.19728333999039152,0.05981722929648946,0.11897902010650423,0.7073045096733531,0.07397448734741789,class=832:n04346328.pkl:0;n04346328.pkl:1;n04346328.pkl:2|class=603:n03538406.pkl:0;n03538406.pkl:1;n03538406.pkl:4|class=759:n04069434.pkl:2;n04069434.pkl:3;n04069434.pkl:6
vit,1053,285,-,41,25,16,6,0.1313304367444326,0.19558658141863522,0.04332547253300181,0.11207608844107014,0.5904520784786007,0.18760351075466847,class=990:n12768682.pkl:1;n12768682.pkl:8;n12768682.pkl:10|class=831:n04344873.pkl:1;n04344873.pkl:2;n04344873.pkl:8|class=175:n02091635.pkl:0;n02091635.pkl:2;n02091635.pkl:8
vit,1054,286,-,84,47,32,16,0.0990200069588049,0.15664426856171323,0.028068091435841738,0.0553087597141603,0.7402269295046024,0.05813038649087937,class=594:n03495258.pkl:5;n03495258.pkl:6;n03495258.pkl:11|class=274:n02115913.pkl:4;n02115913.pkl:5;n02115913.pkl:8|class=361:n02445715.pkl:4;n02445715.pkl:7;n02445715.pkl:10
vit,1055,287,-,72,42,20,8,0.08086658771957518,0.16414824881403217,0.028258850919838818,0.08304787188896659,0.6174275585087984,0.13384310669210409,class=590:n03485407.pkl:0;n03485407.pkl:1;n03485407.pkl:6|class=931:n07693725.pkl:0;n07693725.pkl:1;n07693725.pkl:2|class=91:n01824575.pkl:1;n01824575.pkl:6;n01824575.pkl:8
vit,1056,288,-,95,60,37,14,0.09225089819433228,0.1440083876516267,0.0317781115386525,0.06919682728807927,0.7264184546298451,0.06043689262177895,class=72:n01773157.pkl:1;n01773157.pkl:2;n01773157.pkl:4|class=884:n04523525.pkl:3;n04523525.pkl:5;n04523525.pkl:9|class=695:n03874599.pkl:11;n03874599.pkl:13;n03874599.pkl:15
vit,1057,289,-,56,33,19,9,0.08200703226350137,0.15278581548458214,0.029894438594543767,0.06821868095555586,0.6637629956727636,0.11084747624744923,class=300:n02165105.pkl:1;n02165105.pkl:2;n02165105.pkl:4|class=371:n02486261.pkl:17;n02486261.pkl:21;n02486261.pkl:35|class=699:n03884397.pkl:4;n03884397.pkl:6;n03884397.pkl:11
vit,1058,290,-,30,19,11,4,0.12654951727699693,0.19448985358546592,0.035117654281271414,0.07918563727028453,0.6014920018684288,0.2028141622815648,class=131:n02009229.pkl:0;n02009229.pkl:2;n02009229.pkl:4|class=203:n02098286.pkl:5;n02098286.pkl:7;n02098286.pkl:9|class=669:n03788365.pkl:9;n03788365.pkl:23;n03788365.pkl:27
vit,1059,291,-,69,47,31,15,0.10290403385710487,0.15498410917667318,0.03600710724066651,0.08082204185722915,0.718290460780642,0.08751145100825759,class=239:n02107683.pkl:2;n02107683.pkl:3;n02107683.pkl:5|class=568:n03404251.pkl:1;n03404251.pkl:4;n03404251.pkl:5|class=899:n04560804.pkl:7;n04560804.pkl:16;n04560804.pkl:20
vit,1061,293,-,34,20,11,3,0.08212143803170172,0.15948036748896904,0.031122494239996495,0.08273965188451479,0.5607321466967031,0.23728552448999374,class=378:n02492035.pkl:0;n02492035.pkl:2;n02492035.pkl:7|class=430:n02802426.pkl:1;n02802426.pkl:2;n02802426.pkl:8|class=798:n04238763.pkl:8;n04238763.pkl:10;n04238763.pkl:14
vit,1062,294,-,42,23,16,11,0.11330533523917435,0.17355909193828464,0.03921869106246821,0.08430771731001097,0.6596022848235285,0.13383650089559454,class=450:n02860847.pkl:1;n02860847.pkl:5;n02860847.pkl:6|class=88:n01818515.pkl:3;n01818515.pkl:15;n01818515.pkl:18|class=521:n03133878.pkl:1;n03133878.pkl:8;n03133878.pkl:17
vit,1063,295,-,75,44,27,11,0.093331124562533,0.15754084003179683,0.03262495762515297,0.06767477324084836,0.7055276329742778,0.07070433633112039,class=933:n07697313.pkl:0;n07697313.pkl:6;n07697313.pkl:9|class=319:n02268443.pkl:1;n02268443.pkl:4;n02268443.pkl:9|class=805:n04254680.pkl:8;n04254680.pkl:9;n04254680.pkl:10
vit,1064,296,-,44,31,11,3,0.0830764885926975,0.14625393905910772,0.028122880823317865,0.07343833429771483,0.5983555904041179,0.1777064482687918,class=420:n02787622.pkl:0;n02787622.pkl:1;n02787622.pkl:5|class=5:n01496331.pkl:17;n01496331.pkl:19;n01496331.pkl:25|class=261:n02112350.pkl:8;n02112350.pkl:9;n02112350.pkl:11
vit,1065,297,-,39,21,11,6,0.09104182222014964,0.17213114523554665,0.038569105461436985,0.13278740570750364,0.4992913342330612,0.3295685499667441,class=991:n12985857.pkl:2;n12985857.pkl:3;n12985857.pkl:4|class=822:n04311174.pkl:0;n04311174.pkl:6;n04311174.pkl:14|class=847:n04389033.pkl:7;n04389033.pkl:8;n04389033.pkl:14
vit,1066,298,-,95,50,35,13,0.085447482058773,0.16940972093368625,0.035111028254244406,0.1011572541637303,0.6449855358879839,0.09790054601013698,class=338:n02364673.pkl:0;n02364673.pkl:2;n02364673.pkl:3|class=182:n02093754.pkl:4;n02093754.pkl:7;n02093754.pkl:8|class=181:n02093647.pkl:6;n02093647.pkl:10;n02093647.pkl:11
vit,1067,299,-,74,39,23,9,0.06599612306408471,0.11652293751827791,0.020162899916549012,0.04522440099090976,0.7151492522662731,0.08149770514481841,class=992:n12998815.pkl:0;n12998815.pkl:9;n12998815.pkl:14|class=414:n02769748.pkl:2;n02769748.pkl:4;n02769748.pkl:17|class=302:n02167151.pkl:10;n02167151.pkl:19;n02167151.pkl:35
vit,1068,300,-,26,15,8,2,0.06610874700205274,0.10315368735774764,0.011296270592397708,0.018077328835001547,0.7409202538068108,0.13695899007102158,class=4:n01494475.pkl:42;n01494475.pkl:50;n01494475.pkl:62|class=476:n02966193.pkl:6;n02966193.pkl:41;n02966193.pkl:74|class=375:n02488702.pkl:22;n02488702.pkl:67;n02488702.pkl:83
vit,1069,301,-,83,48,23,5,0.05779238207819812,0.10297109401885557,0.016059298448574597,0.03727441052556174,0.7256658259253009,0.07695501355455414,class=182:n02093754.pkl:0;n02093754.pkl:2;n02093754.pkl:3|class=248:n02109961.pkl:5;n02109961.pkl:66;n02109961.pkl:99|class=878:n04505470.pkl:6;n04505470.pkl:7;n04505470.pkl:28
vit,1070,302,-,64,34,18,7,0.07325165111920881,0.13543799695172493,0.023600650867509575,0.05911360577559814,0.6587243198317093,0.11365228342575923,class=735:n03980874.pkl:3;n03980874.pkl:5;n03980874.pkl:9|class=70:n01770081.pkl:3;n01770081.pkl:5;n01770081.pkl:14|class=588:n03482405.pkl:5;n03482405.pkl:14;n03482405.pkl:15
vit,1071,303,-,77,43,27,8,0.06162831579455962,0.11040807700984247,0.019859786297697118,0.04800526916741502,0.7105759657677938,0.08886887011418615,class=608:n03594734.pkl:0;n03594734.pkl:1;n03594734.pkl:2|class=442:n02825657.pkl:7;n02825657.pkl:11;n02825657.pkl:16|class=199:n02097298.pkl:4;n02097298.pkl:5;n02097298.pkl:10
vit,1072,304,-,83,65,41,23,0.17165389008617962,0.22307663762593705,0.06433530788901003,0.11254122148937304,0.759445113623243,0.04891592201027287,class=726:n03954731.pkl:1;n03954731.pkl:3;n03954731.pkl:4|class=628:n03673027.pkl:0;n03673027.pkl:1;n03673027.pkl:4|class=599:n03530642.pkl:0;n03530642.pkl:1;n03530642.pkl:2
vit,1073,305,-,59,35,22,5,0.06899368612801807,0.11405723890747688,0.02182789252034998,0.04964323474352832,0.692272160252379,0.10461784304745812,class=353:n02423022.pkl:0;n02423022.pkl:1;n02423022.pkl:8|class=735:n03980874.pkl:2;n03980874.pkl:8;n03980874.pkl:11|class=42:n01687978.pkl:19;n01687978.pkl:48;n01687978.pkl:50
vit,1074,306,-,56,28,13,3,0.03390235803364076,0.056232830196564804,0.009950597974084605,0.018617518126698093,0.764464964640673,0.08036824893496874,class=232:n02106166.pkl:10;n02106166.pkl:22;n02106166.pkl:28|class=970:n09193705.pkl:3;n09193705.pkl:5;n09193705.pkl:11|class=416:n02777292.pkl:39;n02777292.pkl:64;n02777292.pkl:79
vit,1075,307,-,58,33,20,6,0.08880427716930668,0.15565210036392205,0.02589225892074042,0.07744848435385157,0.618475190920607,0.1715030285512579,class=291:n02129165.pkl:1;n02129165.pkl:5;n02129165.pkl:7|class=122:n01983481.pkl:2;n01983481.pkl:5;n01983481.pkl:6|class=326:n02281787.pkl:7;n02281787.pkl:14;n02281787.pkl:15
vit,1076,308,-,68,35,20,6,0.07175580295953417,0.13778833539044824,0.023852525346135824,0.06701651383272958,0.6461891166220035,0.13079353239039904,class=133:n02011460.pkl:0;n02011460.pkl:3;n02011460.pkl:7|class=394:n02640242.pkl:3;n02640242.pkl:5;n02640242.pkl:18|class=453:n02870880.pkl:1;n02870880.pkl:8;n02870880.pkl:16
vit,1077,309,-,41,27,15,8,0.10608040979770232,0.18420335298623172,0.044439551648946876,0.14202961057344582,0.5538826703033759,0.2735251603148956,class=874:n04487081.pkl:0;n04487081.pkl:1;n04487081.pkl:2|class=590:n03485407.pkl:2;n03485407.pkl:3;n03485407.pkl:10|class=895:n04552348.pkl:0;n04552348.pkl:21;n04552348.pkl:24
vit,1078,310,-,80,42,22,2,0.0366357050083684,0.06593145307600566,0.010456787643820922,0.022299700351124465,0.7725355613585471,0.06934751575639761,class=682:n03837869.pkl:4;n03837869.pkl:6;n03837869.pkl:8|class=238:n02107574.pkl:4;n02107574.pkl:19;n02107574.pkl:20|class=577:n03447721.pkl:3;n03447721.pkl:6;n03447721.pkl:40
vit,1079,311,-,32,20,11,8,0.1610129582360943,0.23124175993584864,0.041191511915558074,0.08193195603134279,0.6492653916802905,0.15488493434702186,class=853:n04417672.pkl:3;n04417672.pkl:6;n04417672.pkl:8|class=790:n04204238.pkl:1;n04204238.pkl:2;n04204238.pkl:3|class=355:n02437616.pkl:9;n02437616.pkl:22;n02437616.pkl:26
vit,1080,312,-,11,7,4,2,0.13391640681028547,0.2333771494158116,0.027623469303961343,0.054017291693913325,0.4933930354412137,0.43853847809170204,class=14:n01537544.pkl:2;n01537544.pkl:8;n01537544.pkl:12|class=932:n07695742.pkl:15;n07695742.pkl:17;n07695742.pkl:25|class=858:n04435653.pkl:0;n04435653.pkl:8;n04435653.pkl:28
vit,1081,313,-,15,10,3,1,0.07357026501862304,0.12019219054541365,0.012389167838520804,0.027052288424828593,0.5717609381509006,0.38452418349321965,class=686:n03843555.pkl:5;n03843555.pkl:12;n03843555.pkl:22|class=522:n03134739.pkl:46;n03134739.pkl:105;n03134739.pkl:124|class=93:n01829413.pkl:160;n01829413.pkl:262;n01829413.pkl:342
vit,1082,314,-,45,27,14,9,0.11367480073847003,0.19338294229240635,0.04452116999086506,0.09449745346399459,0.6362581723716371,0.12233616350548054,class=980:n09472597.pkl:0;n09472597.pkl:4;n09472597.pkl:6|class=533:n03207743.pkl:11;n03207743.pkl:12;n03207743.pkl:13|class=206:n02099429.pkl:2;n02099429.pkl:4;n02099429.pkl:15
vit,1083,315,-,76,49,30,14,0.11897393910272354,0.1967638751112096,0.04761884022524156,0.10377681407267152,0.6938793609647622,0.07565061761168838,class=244:n02108551.pkl:0;n02108551.pkl:3;n02108551.pkl:5|class=59:n01739381.pkl:0;n01739381.pkl:1;n01739381.pkl:3|class=382:n02494079.pkl:3;n02494079.pkl:6;n02494079.pkl:9
vit,1084,316,-,76,49,39,14,0.09902508939492978,0.15466875995195012,0.035757571776304765,0.08133502511140543,0.7218523797907768,0.0812357052541085,class=365:n02480495.pkl:1;n02480495.pkl:3;n02480495.pkl:4|class=717:n03930630.pkl:10;n03930630.pkl:20;n03930630.pkl:23|class=718:n03933933.pkl:2;n03933933.pkl:6;n03933933.pkl:16
vit,1085,317,-,65,46,26,11,0.12133304189304141,0.18670535000031035,0.04080514990344504,0.098119901961981,0.675300869289267,0.10433972502294571,class=607:n03590841.pkl:0;n03590841.pkl:1;n03590841.pkl:2|class=296:n02134084.pkl:2;n02134084.pkl:4;n02134084.pkl:5|class=773:n04131690.pkl:2;n04131690.pkl:13;n04131690.pkl:15
vit,1086,318,-,83,54,37,16,0.1050986571295938,0.15441761491136813,0.03814456630906159,0.07237629259015568,0.7466460878154203,0.05542416385045801,class=922:n07565083.pkl:1;n07565083.pkl:2;n07565083.pkl:3|class=626:n03666591.pkl:0;n03666591.pkl:5;n03666591.pkl:8|class=707:n03902125.pkl:0;n03902125.pkl:1;n03902125.pkl:2
vit,1088,320,-,70,48,32,13,0.11633250976400701,0.18424062476337744,0.04831714069271916,0.12341149321401722,0.6699830283326531,0.10748460058252149,class=364:n02457408.pkl:0;n02457408.pkl:2;n02457408.pkl:3|class=349:n02415577.pkl:1;n02415577.pkl:4;n02415577.pkl:5|class=487:n02992529.pkl:0;n02992529.pkl:1;n02992529.pkl:4
vit,1089,321,-,71,37,22,10,0.06582041368380898,0.11906654630154281,0.02159051031985915,0.043333590840439265,0.7242419837098312,0.07082135345394353,class=132:n02009912.pkl:6;n02009912.pkl:8;n02009912.pkl:14|class=732:n03976467.pkl:3;n03976467.pkl:18;n03976467.pkl:20|class=65:n01751748.pkl:4;n01751748.pkl:5;n01751748.pkl:10
vit,1090,322,-,72,41,26,13,0.1099901789482398,0.17684691031169703,0.04018342482252592,0.09335148838738108,0.6753046612324458,0.08884656250961817,class=906:n04591157.pkl:3;n04591157.pkl:4;n04591157.pkl:7|class=958:n07802026.pkl:1;n07802026.pkl:2;n07802026.pkl:3|class=757:n04065272.pkl:0;n04065272.pkl:1;n04065272.pkl:4
vit,1091,323,-,49,36,18,6,0.11408340174329751,0.18134811670894038,0.03466591725081404,0.10057270569228202,0.6023428439452795,0.192182703997809,class=130:n02007558.pkl:1;n02007558.pkl:2;n02007558.pkl:3|class=373:n02487347.pkl:7;n02487347.pkl:19;n02487347.pkl:21|class=989:n12620546.pkl:3;n12620546.pkl:5;n12620546.pkl:6
vit,1092,324,-,35,23,10,4,0.07731848294905527,0.1286888769802956,0.01626082087427344,0.027536000784460942,0.7216472834852542,0.11050252275539342,class=290:n02128925.pkl:7;n02128925.pkl:8;n02128925.pkl:12|class=264:n02113186.pkl:17;n02113186.pkl:29;n02113186.pkl:60|class=201:n02097658.pkl:18;n02097658.pkl:23;n02097658.pkl:49
vit,1093,325,-,33,21,14,5,0.11474183852294033,0.1695484631235382,0.0361111403279294,0.10411567271040277,0.5701314684560775,0.2822074998888452,class=886:n04525305.pkl:0;n04525305.pkl:1;n04525305.pkl:3|class=245:n02108915.pkl:0;n02108915.pkl:5;n02108915.pkl:8|class=756:n04049303.pkl:0;n04049303.pkl:1;n04049303.pkl:12
vit,1094,326,-,71,41,30,9,0.07297840284549154,0.11791271790519495,0.02415719923982343,0.052876080569173735,0.7167507495471241,0.0815632525660085,class=699:n03884397.pkl:1;n03884397.pkl:2;n03884397.pkl:7|class=445:n02837789.pkl:5;n02837789.pkl:6;n02837789.pkl:7|class=43:n01688243.pkl:3;n01688243.pkl:5;n01688243.pkl:6
vit,1095,327,-,47,28,17,8,0.11132509833117625,0.17774273496398027,0.04091777308091774,0.09606325714552347,0.6400756832136022,0.13854817635636485,class=245:n02108915.pkl:2;n02108915.pkl:4;n02108915.pkl:6|class=189:n02095570.pkl:5;n02095570.pkl:19;n02095570.pkl:23|class=477:n02966687.pkl:6;n02966687.pkl:7;n02966687.pkl:14
vit,1097,329,-,59,23,11,6,0.05510743116920934,0.12063422259892366,0.01891964196376444,0.049942147488518475,0.6116130127398138,0.1350509716464502,class=775:n04136333.pkl:15;n04136333.pkl:18;n04136333.pkl:20|class=884:n04523525.pkl:5;n04523525.pkl:7;n04523525.pkl:11|class=497:n03028079.pkl:8;n03028079.pkl:11;n03028079.pkl:14
vit,1098,330,-,61,25,16,3,0.04873576825507496,0.12283840022771628,0.02094215912880509,0.09067909184257499,0.5157841191417689,0.32374935975916036,class=322:n02277742.pkl:0;n02277742.pkl:1;n02277742.pkl:2|class=754:n04041544.pkl:20;n04041544.pkl:54;n04041544.pkl:55|class=537:n03218198.pkl:9;n03218198.pkl:25;n03218198.pkl:26
vit,1099,331,-,99,60,34,15,0.08675237318688395,0.15923680700753548,0.03726953930670295,0.08554709921376594,0.6967814227914548,0.0633200863663639,class=441:n02823750.pkl:2;n02823750.pkl:4;n02823750.pkl:7|class=934:n07697537.pkl:0;n07697537.pkl:2;n07697537.pkl:3|class=403:n02687172.pkl:3;n02687172.pkl:8;n02687172.pkl:9
vit,1100,332,-,44,28,15,8,0.11758832425480933,0.19816811046851085,0.04348081568554598,0.13105537843206108,0.5634150927121951,0.22919950622253255,class=956:n07760859.pkl:0;n07760859.pkl:1;n07760859.pkl:2|class=212:n02100735.pkl:2;n02100735.pkl:5;n02100735.pkl:9|class=889:n04536866.pkl:16;n04536866.pkl:21;n04536866.pkl:25
vit,1101,333,-,75,40,21,8,0.0687035146398992,0.14408490771177063,0.02584691559707108,0.08021592739943123,0.6104523538703902,0.14175624288182812,class=21:n01608432.pkl:0;n01608432.pkl:1;n01608432.pkl:3|class=8:n01514859.pkl:1;n01514859.pkl:5;n01514859.pkl:6|class=537:n03218198.pkl:1;n03218198.pkl:9;n03218198.pkl:16
vit,1102,334,-,125,79,55,25,0.09924298235547771,0.16992241479768924,0.046864889643911674,0.11297360914998146,0.7195209070132029,0.05448884926114256,class=304:n02169497.pkl:0;n02169497.pkl:1;n02169497.pkl:2|class=976:n09399592.pkl:1;n09399592.pkl:2;n09399592.pkl:4|class=209:n02099849.pkl:0;n02099849.pkl:6;n02099849.pkl:10
vit,1103,335,-,57,38,19,5,0.08484064959377552,0.15573453335558105,0.029480598445603138,0.09272748117933505,0.6134980705511358,0.19111178785282687,class=339:n02389026.pkl:0;n02389026.pkl:1;n02389026.pkl:3|class=255:n02111129.pkl:5;n02111129.pkl:15;n02111129.pkl:18|class=322:n02277742.pkl:2;n02277742.pkl:7;n02277742.pkl:20
vit,1104,336,-,48,24,16,10,0.07945401789492908,0.1154144972829448,0.022780567883450953,0.0368835517534039,0.7446773986625685,0.0754462210706624,class=231:n02106030.pkl:0;n02106030.pkl:5;n02106030.pkl:6|class=602:n03535780.pkl:20;n03535780.pkl:23;n03535780.pkl:24|class=202:n02098105.pkl:10;n02098105.pkl:19;n02098105.pkl:24
vit,1105,337,-,66,38,25,8,0.0779138932111253,0.12336200053140307,0.021480124090272713,0.04669925452812736,0.7255498722126331,0.08676625000115187,class=96:n01843383.pkl:0;n01843383.pkl:2;n01843383.pkl:3|class=802:n04252077.pkl:7;n04252077.pkl:12;n04252077.pkl:14|class=101:n01871265.pkl:7;n01871265.pkl:12;n01871265.pkl:16
vit,1106,338,-,61,32,19,7,0.08154118177579407,0.13882638852071164,0.023072096572970626,0.057497544641119405,0.6729452645947004,0.1182044281540956,class=314:n02233338.pkl:2;n02233338.pkl:4;n02233338.pkl:5|class=59:n01739381.pkl:3;n01739381.pkl:38;n01739381.pkl:44|class=998:n13133613.pkl:12;n13133613.pkl:21;n13133613.pkl:25
vit,1107,339,-,87,50,28,13,0.08031628126803728,0.15509689246793465,0.032299554548806717,0.08616195534696244,0.6647398387082438,0.09328774941789177,class=966:n07892512.pkl:3;n07892512.pkl:4;n07892512.pkl:5|class=987:n12144580.pkl:1;n12144580.pkl:3;n12144580.pkl:8|class=380:n02493509.pkl:1;n02493509.pkl:4;n02493509.pkl:6
vit,1108,340,-,62,41,22,9,0.102291533331923,0.19646448454759158,0.03742697201245216,0.09914212875022,0.619712470630348,0.12930530967856702,class=928:n07614500.pkl:1;n07614500.pkl:2;n07614500.pkl:7|class=140:n02027492.pkl:1;n02027492.pkl:4;n02027492.pkl:6|class=359:n02443484.pkl:9;n02443484.pkl:10;n02443484.pkl:12
vit,1109,341,-,40,19,17,6,0.08510797095292111,0.13522928137712886,0.028946345929607292,0.06410969133944161,0.6784775547921416,0.14763089127415696,class=406:n02699494.pkl:1;n02699494.pkl:8;n02699494.pkl:9|class=887:n04532106.pkl:13;n04532106.pkl:20;n04532106.pkl:25|class=649:n03743016.pkl:12;n03743016.pkl:25;n03743016.pkl:27
vit,1110,342,-,88,47,25,10,0.06147807711398228,0.1121414175841315,0.016735844408188243,0.03368653683373916,0.7408931192041581,0.05740358170257983,class=428:n02797295.pkl:7;n02797295.pkl:9;n02797295.pkl:12|class=867:n04467665.pkl:7;n04467665.pkl:9;n04467665.pkl:13|class=645:n03733131.pkl:5;n03733131.pkl:10;n03733131.pkl:15
vit,1111,343,-,32,13,7,3,0.04821906308853951,0.09515818312218696,0.014797069338208582,0.036796236749088204,0.581172076130905,0.22449373052162475,class=924:n07583066.pkl:2;n07583066.pkl:16;n07583066.pkl:26|class=99:n01855672.pkl:9;n01855672.pkl:11;n01855672.pkl:18|class=278:n02119789.pkl:6;n02119789.pkl:35;n02119789.pkl:53
vit,1112,344,-,21,11,6,3,0.12259360883901274,0.2154443160705265,0.03255094209174732,0.06896973503891372,0.541537043149268,0.2614008308978687,class=363:n02454379.pkl:0;n02454379.pkl:3;n02454379.pkl:11|class=745:n04009552.pkl:5;n04009552.pkl:7;n04009552.pkl:11|class=88:n01818515.pkl:9;n01818515.pkl:11;n01818515.pkl:12
vit,1113,345,-,40,21,13,3,0.06701525119029197,0.11901545212470936,0.016501602021091112,0.031177899655875915,0.7026938760061407,0.11424450829187532,class=2:n01484850.pkl:1;n01484850.pkl:4;n01484850.pkl:6|class=408:n02704792.pkl:6;n02704792.pkl:14;n02704792.pkl:17|class=184:n02093991.pkl:12;n02093991.pkl:13;n02093991.pkl:19
vit,1114,346,-,54,40,22,6,0.08526696221088924,0.14087106961095308,0.032537347098349996,0.09261170660104939,0.6353109876489248,0.1685470071038276,class=75:n01774384.pkl:0;n01774384.pkl:2;n01774384.pkl:3|class=695:n03874599.pkl:7;n03874599.pkl:9;n03874599.pkl:14|class=525:n03160309.pkl:8;n03160309.pkl:11;n03160309.pkl:12
vit,1115,347,-,24,10,3,1,0.045277853942134384,0.11235363394929472,0.015016243461922124,0.05401300748815966,0.36168552144362714,0.5807586529000986,class=291:n02129165.pkl:3;n02129165.pkl:5;n02129165.pkl:6|class=518:n03127747.pkl:149;n03127747.pkl:166;n03127747.pkl:414|class=767:n04116512.pkl:84;n04116512.pkl:310;n04116512.pkl:401
vit,1116,348,-,43,28,18,6,0.10209618417533524,0.15629076687024618,0.029243930286984358,0.060901886130392234,0.6811824754256728,0.12411641465936053,class=294:n02132136.pkl:1;n02132136.pkl:11;n02132136.pkl:12|class=398:n02666196.pkl:18;n02666196.pkl:33;n02666196.pkl:35|class=385:n02504013.pkl:4;n02504013.pkl:20;n02504013.pkl:21
vit,1117,349,-,45,26,16,5,0.07716615009631836,0.14339765163195226,0.025959267852331304,0.05727341582149169,0.670857901777507,0.13039270748613294,class=93:n01829413.pkl:4;n01829413.pkl:11;n01829413.pkl:18|class=301:n02165456.pkl:1;n02165456.pkl:6;n02165456.pkl:20|class=945:n07720875.pkl:0;n07720875.pkl:5;n07720875.pkl:6
vit,1118,350,-,46,32,20,9,0.10798748878907094,0.16548941191828354,0.0389063437944055,0.08850452178302644,0.6684112720599408,0.13423387857370814,class=258:n02111889.pkl:2;n02111889.pkl:5;n02111889.pkl:8|class=478:n02971356.pkl:1;n02971356.pkl:2;n02971356.pkl:6|class=798:n04238763.pkl:0;n04238763.pkl:4;n04238763.pkl:5
vit,1119,351,-,92,52,29,11,0.06460442619291469,0.1274397563389316,0.02390613098109828,0.06868700016882065,0.6776204684005279,0.10060060126675173,class=950:n07747607.pkl:0;n07747607.pkl:4;n07747607.pkl:5|class=537:n03218198.pkl:1;n03218198.pkl:5;n03218198.pkl:8|class=473:n02951585.pkl:5;n02951585.pkl:7;n02951585.pkl:13
vit,1120,352,-,74,54,34,17,0.10922762934555941,0.13911280983097785,0.02964153213207791,0.04739985499256976,0.806759898017938,0.04806931817942972,class=994:n13040303.pkl:3;n13040303.pkl:4;n13040303.pkl:6|class=245:n02108915.pkl:3;n02108915.pkl:14;n02108915.pkl:23|class=584:n03476684.pkl:8;n03476684.pkl:11;n03476684.pkl:17
vit,1121,353,-,86,49,34,11,0.096740112464291,0.1650925112871506,0.03490191700833139,0.08856126748068373,0.6759076589772965,0.08649494178637449,class=187:n02094433.pkl:0;n02094433.pkl:2;n02094433.pkl:4|class=500:n03042490.pkl:0;n03042490.pkl:3;n03042490.pkl:11|class=682:n03837869.pkl:0;n03837869.pkl:8;n03837869.pkl:14
vit,1122,354,-,27,21,12,4,0.14767671645657096,0.2002156186464104,0.051321309514459706,0.11564850808854543,0.600329626688718,0.22510760944996733,class=466:n02917067.pkl:6;n02917067.pkl:7;n02917067.pkl:8|class=946:n07730033.pkl:0;n07730033.pkl:3;n07730033.pkl:6|class=768:n04118538.pkl:41;n04118538.pkl:42;n04118538.pkl:57
vit,1123,355,-,64,31,24,9,0.07828614464190133,0.13304292379939273,0.026223555211969295,0.06419091435259625,0.6936940720257988,0.1092483139850395,class=989:n12620546.pkl:1;n12620546.pkl:4;n12620546.pkl:7|class=823:n04317175.pkl:10;n04317175.pkl:23;n04317175.pkl:29|class=432:n02804610.pkl:2;n02804610.pkl:8;n02804610.pkl:10
vit,1124,356,-,163,94,67,22,0.06853907542672294,0.11951681107084998,0.028874970725588114,0.0686614314895574,0.7570347259581194,0.040824226298256036,class=486:n02992211.pkl:1;n02992211.pkl:3;n02992211.pkl:6|class=337:n02363005.pkl:0;n02363005.pkl:1;n02363005.pkl:7|class=690:n03868242.pkl:1;n03868242.pkl:2;n03868242.pkl:9
vit,1125,357,-,86,42,24,5,0.056828985302653054,0.12754161159391791,0.020750474068265023,0.06493088982312883,0.6302698600000405,0.1254818856032665,class=451:n02865351.pkl:3;n02865351.pkl:4;n02865351.pkl:6|class=221:n02102973.pkl:3;n02102973.pkl:6;n02102973.pkl:8|class=739:n03992509.pkl:2;n03992509.pkl:6;n03992509.pkl:7
vit,1126,358,-,56,29,17,2,0.04699121290760867,0.10364132542486766,0.017460542364294458,0.06406270367957914,0.5922069369246095,0.2582419636789268,class=334:n02346627.pkl:2;n02346627.pkl:3;n02346627.pkl:4|class=515:n03124170.pkl:96;n03124170.pkl:119;n03124170.pkl:166|class=728:n03958227.pkl:36;n03958227.pkl:94;n03958227.pkl:97
vit,1127,359,-,55,31,13,5,0.05137385577155274,0.08841916280871481,0.014946507569262675,0.03473364965079091,0.6911993799211867,0.11636988204795011,class=33:n01664065.pkl:3;n01664065.pkl:6;n01664065.pkl:18|class=817:n04285008.pkl:37;n04285008.pkl:45;n04285008.pkl:47|class=32:n01644900.pkl:36;n01644900.pkl:40;n01644900.pkl:44
vit,1128,360,-,27,13,7,1,0.05848146703943322,0.10346488207687453,0.015582156719933604,0.0411114486917768,0.5715148633076728,0.29485113460372864,class=974:n09288635.pkl:6;n09288635.pkl:9;n09288635.pkl:11|class=246:n02109047.pkl:2;n02109047.pkl:21;n02109047.pkl:59|class=206:n02099429.pkl:2;n02099429.pkl:9;n02099429.pkl:144
vit,1129,361,-,29,19,14,4,0.11829364350906177,0.16283585055820252,0.02837255975875535,0.05035896520850541,0.7014193612156574,0.14311495447731454,class=867:n04467665.pkl:0;n04467665.pkl:14;n04467665.pkl:15|class=258:n02111889.pkl:1;n02111889.pkl:3;n02111889.pkl:6|class=283:n02123394.pkl:0;n02123394.pkl:14;n02123394.pkl:23
vit,1130,362,-,97,59,43,19,0.08785108376294667,0.1435823226321412,0.034305181899003556,0.07470263387126348,0.7350368296635149,0.059194843666253306,class=963:n07873807.pkl:2;n07873807.pkl:3;n07873807.pkl:4|class=172:n02091134.pkl:0;n02091134.pkl:12;n02091134.pkl:16|class=402:n02676566.pkl:2;n02676566.pkl:4;n02676566.pkl:10
vit,1131,363,-,75,36,22,3,0.04709282864134887,0.09323450958437095,0.013842522893659275,0.0374119099257354,0.6990511139094372,0.11072638988745731,class=643:n03724870.pkl:4;n03724870.pkl:5;n03724870.pkl:6|class=506:n03065424.pkl:15;n03065424.pkl:21;n03065424.pkl:29|class=334:n02346627.pkl:10;n02346627.pkl:64;n02346627.pkl:82
vit,1132,364,-,62,41,31,12,0.10421775629244381,0.15476578529483706,0.03227357316094397,0.07351854396510922,0.723832055807781,0.09982566834034878,class=140:n02027492.pkl:2;n02027492.pkl:3;n02027492.pkl:10|class=367:n02481823.pkl:4;n02481823.pkl:7;n02481823.pkl:19|class=390:n02526121.pkl:12;n02526121.pkl:19;n02526121.pkl:35
vit,1133,365,-,65,44,24,15,0.11125813343657884,0.16822014494879892,0.036894993368001165,0.0750719887570517,0.7064576316668335,0.07907994835417814,class=498:n03032252.pkl:4;n03032252.pkl:6;n03032252.pkl:9|class=751:n04037443.pkl:0;n04037443.pkl:2;n04037443.pkl:3|class=397:n02655020.pkl:0;n02655020.pkl:2;n02655020.pkl:10
vit,1134,366,-,64,35,17,7,0.06362312116243876,0.11476156853832277,0.01883816990913897,0.04527560548156463,0.6736824459173028,0.10587997299413347,class=305:n02172182.pkl:3;n02172182.pkl:7;n02172182.pkl:20|class=148:n02071294.pkl:0;n02071294.pkl:2;n02071294.pkl:4|class=821:n04311004.pkl:3;n04311004.pkl:6;n04311004.pkl:9
vit,1135,367,-,22,17,13,9,0.22033521220973978,0.23658929446054833,0.08282388160726775,0.11956736893256141,0.7234196925402364,0.14018541074756127,class=924:n07583066.pkl:0;n07583066.pkl:1;n07583066.pkl:2|class=252:n02110627.pkl:2;n02110627.pkl:4;n02110627.pkl:6|class=686:n03843555.pkl:0;n03843555.pkl:1;n03843555.pkl:2
vit,1136,368,-,92,58,40,16,0.11153725985458292,0.19517235653894077,0.04839133724204888,0.13221930189169334,0.6586847114436671,0.09201547712575155,class=362:n02447366.pkl:0;n02447366.pkl:1;n02447366.pkl:3|class=307:n02177972.pkl:1;n02177972.pkl:2;n02177972.pkl:4|class=671:n03792782.pkl:0;n03792782.pkl:4;n03792782.pkl:5
vit,1137,369,-,29,18,11,3,0.10694628272921478,0.18818212976868867,0.022291195047778357,0.04208775975878942,0.6914056851439783,0.15740965527044642,class=321:n02276258.pkl:0;n02276258.pkl:26;n02276258.pkl:30|class=800:n04243546.pkl:18;n04243546.pkl:23;n04243546.pkl:51|class=747:n04023962.pkl:48;n04023962.pkl:58;n04023962.pkl:146
vit,1138,370,-,140,77,59,26,0.09774379738503026,0.17547448780341715,0.04613130079390309,0.10495113719737172,0.7170412826213036,0.04411331763826323,class=42:n01687978.pkl:0;n01687978.pkl:2;n01687978.pkl:3|class=983:n10565667.pkl:4;n10565667.pkl:6;n10565667.pkl:7|class=62:n01744401.pkl:1;n01744401.pkl:3;n01744401.pkl:4
vit,1139,371,-,71,43,24,5,0.060543461559187176,0.10422155123497245,0.01631332297851448,0.03182719631864478,0.7588931628554345,0.06769546258270175,class=289:n02128757.pkl:1;n02128757.pkl:3;n02128757.pkl:7|class=179:n02093256.pkl:12;n02093256.pkl:13;n02093256.pkl:24|class=919:n06794110.pkl:3;n06794110.pkl:17;n06794110.pkl:31
vit,1140,372,-,74,39,24,9,0.061599886422151216,0.10354133723842397,0.020092353709033842,0.03875875881435314,0.7410127978948824,0.06379943030925386,class=835:n04355338.pkl:6;n04355338.pkl:9;n04355338.pkl:11|class=620:n03642806.pkl:6;n03642806.pkl:10;n03642806.pkl:13|class=893:n04548362.pkl:8;n04548362.pkl:28;n04548362.pkl:34
vit,1141,373,-,68,37,26,10,0.07895278523835539,0.15068386708960282,0.02894143679785555,0.08084732974586967,0.6443900299936652,0.12946369782961156,class=668:n03788195.pkl:0;n03788195.pkl:1;n03788195.pkl:3|class=547:n03272562.pkl:5;n03272562.pkl:6;n03272562.pkl:7|class=384:n02500267.pkl:2;n02500267.pkl:5;n02500267.pkl:22
vit,1142,374,-,46,33,14,4,0.08417194659685819,0.16028807229808975,0.03137317813569025,0.10646555381711548,0.5446620545425005,0.2720866960312054,class=564:n03388549.pkl:0;n03388549.pkl:1;n03388549.pkl:3|class=721:n03938244.pkl:7;n03938244.pkl:8;n03938244.pkl:15|class=435:n02808440.pkl:5;n02808440.pkl:22;n02808440.pkl:33
vit,1143,375,-,39,20,14,3,0.06753455338960232,0.11550286670565132,0.022787212867233113,0.0563060103522793,0.6290078544620735,0.18219441915766732,class=105:n01882714.pkl:4;n01882714.pkl:6;n01882714.pkl:9|class=403:n02687172.pkl:3;n02687172.pkl:5;n02687172.pkl:8|class=962:n07871810.pkl:21;n07871810.pkl:27;n07871810.pkl:43
vit,1144,376,-,41,21,16,7,0.13215416391700144,0.21047328233751042,0.042887897776792826,0.09460604448771227,0.6375633012415627,0.1430721177872805,class=361:n02445715.pkl:1;n02445715.pkl:2;n02445715.pkl:3|class=156:n02086646.pkl:4;n02086646.pkl:10;n02086646.pkl:13|class=253:n02110806.pkl:2;n02110806.pkl:7;n02110806.pkl:12
vit,1145,377,-,68,39,14,7,0.0560574996577398,0.1109972858212331,0.0164669395018326,0.03690073517305166,0.7033328624095818,0.0885533053763892,class=206:n02099429.pkl:0;n02099429.pkl:11;n02099429.pkl:15|class=60:n01740131.pkl:3;n01740131.pkl:15;n01740131.pkl:17|class=985:n11939491.pkl:3;n11939491.pkl:25;n11939491.pkl:28
vit,1146,378,-,132,70,49,15,0.06138851861526545,0.10964825770850517,0.024227279987304617,0.05567632950481938,0.7509475509727326,0.047584780455133924,class=997:n13054560.pkl:0;n13054560.pkl:2;n13054560.pkl:4|class=517:n03126707.pkl:10;n03126707.pkl:13;n03126707.pkl:21|class=981:n09835506.pkl:1;n09835506.pkl:5;n09835506.pkl:8
vit,1147,379,-,44,24,10,4,0.06397197640610879,0.105326395290803,0.016031973194048556,0.03301085760697154,0.6822856149195025,0.1190850962743779,class=283:n02123394.pkl:16;n02123394.pkl:19;n02123394.pkl:20|class=658:n03775071.pkl:6;n03775071.pkl:7;n03775071.pkl:18|class=530:n03196217.pkl:19;n03196217.pkl:22;n03196217.pkl:24
vit,1148,380,-,55,41,23,10,0.11208820994615307,0.16127758145678295,0.03509538534240679,0.06669828759676329,0.7272056044060048,0.08385176250039467,class=331:n02326432.pkl:5;n02326432.pkl:6;n02326432.pkl:14|class=249:n02110063.pkl:2;n02110063.pkl:4;n02110063.pkl:20|class=264:n02113186.pkl:2;n02113186.pkl:5;n02113186.pkl:10
vit,1149,381,-,88,50,29,11,0.06374532789118387,0.10824515971903467,0.02036917427075343,0.04190245344538053,0.7395539226255412,0.059453039255230475,class=466:n02917067.pkl:18;n02917067.pkl:26;n02917067.pkl:30|class=175:n02091635.pkl:5;n02091635.pkl:9;n02091635.pkl:13|class=102:n01872401.pkl:9;n01872401.pkl:11;n01872401.pkl:13
vit,1150,382,-,44,32,17,9,0.10679598783695118,0.15762527817531755,0.038810028405469994,0.0947559506825465,0.6325468960299281,0.15820639950549975,class=367:n02481823.pkl:0;n02481823.pkl:3;n02481823.pkl:4|class=292:n02129604.pkl:1;n02129604.pkl:9;n02129604.pkl:10|class=259:n02112018.pkl:2;n02112018.pkl:12;n02112018.pkl:14
vit,1151,383,-,54,29,18,8,0.10480532554901069,0.18855419403671578,0.042677697225173776,0.1008729880455513,0.643003062109315,0.12197413081775797,class=931:n07693725.pkl:1;n07693725.pkl:4;n07693725.pkl:7|class=87:n01817953.pkl:2;n01817953.pkl:3;n01817953.pkl:8|class=968:n07930864.pkl:10;n07930864.pkl:11;n07930864.pkl:15
vit,1152,384,-,20,8,2,0,0.027477945942942505,0.05332056233115842,0.0038396125301100406,0.00463012530359153,0.8192263365807282,0.12270774786217098,class=254:n02110958.pkl:28;n02110958.pkl:97;n02110958.pkl:115|class=62:n01744401.pkl:378;n01744401.pkl:457;n01744401.pkl:459|class=631:n03690938.pkl:3;n03690938.pkl:48;n03690938.pkl:78
vit,1153,385,-,67,44,28,11,0.12716184722341708,0.20549499083296657,0.05230938852863567,0.12692462577065378,0.6564193949764217,0.10279882640631138,class=989:n12620546.pkl:0;n12620546.pkl:2;n12620546.pkl:3|class=57:n01735189.pkl:1;n01735189.pkl:2;n01735189.pkl:6|class=783:n04153751.pkl:0;n04153751.pkl:3;n04153751.pkl:4
vit,1154,386,-,72,38,17,5,0.05167814326625497,0.09245851005098721,0.014047310649539303,0.034201199997872765,0.7103969948133183,0.0962199700245958,class=846:n04380533.pkl:6;n04380533.pkl:19;n04380533.pkl:23|class=260:n02112137.pkl:9;n02112137.pkl:18;n02112137.pkl:23|class=690:n03868242.pkl:0;n03868242.pkl:38;n03868242.pkl:44
vit,1155,387,-,90,55,35,12,0.0805012988705193,0.12496824446265568,0.027838522675896357,0.05961266786325516,0.7437700744786054,0.062060882322002374,class=279:n02120079.pkl:0;n02120079.pkl:2;n02120079.pkl:3|class=498:n03032252.pkl:2;n03032252.pkl:3;n03032252.pkl:15|class=830:n04336792.pkl:1;n04336792.pkl:34;n04336792.pkl:60
vit,1156,388,-,3,1,1,0,0.06178499018833511,0.0849795772369886,0.00916705343353988,0.010589937600016107,0.4006917400085933,0.7781755762789961,class=129:n02006656.pkl:8;n02006656.pkl:25;n02006656.pkl:120|class=158:n02087046.pkl:751;n02087046.pkl:832|class=945:n07720875.pkl:837
vit,1157,389,-,71,42,21,6,0.06362123307119708,0.1105227258903205,0.018076505359226103,0.037592126712004494,0.7291925668016337,0.07499701688200895,class=11:n01531178.pkl:4;n01531178.pkl:7;n01531178.pkl:19|class=249:n02110063.pkl:0;n02110063.pkl:2;n02110063.pkl:8|class=99:n01855672.pkl:11;n01855672.pkl:19;n01855672.pkl:20
vit,1158,390,-,90,45,27,8,0.05552498624395552,0.10194967399467385,0.017556305848937786,0.03957138919950566,0.7287738505085233,0.06755979337949937,class=469:n02939185.pkl:2;n02939185.pkl:11;n02939185.pkl:24|class=858:n04435653.pkl:7;n04435653.pkl:9;n04435653.pkl:13|class=73:n01773549.pkl:2;n01773549.pkl:5;n01773549.pkl:17
vit,1159,391,-,51,32,22,8,0.09278899286818261,0.15714945056762902,0.027508181418930716,0.06563450913837021,0.6751605693630867,0.13123517579640506,class=436:n02814533.pkl:1;n02814533.pkl:2;n02814533.pkl:3|class=752:n04039381.pkl:6;n04039381.pkl:11;n04039381.pkl:15|class=569:n03417042.pkl:2;n03417042.pkl:8;n03417042.pkl:11
vit,1160,392,-,35,17,9,5,0.08688069221278549,0.15213717297330429,0.029361856394933605,0.06368134613747897,0.6022674368013422,0.1629683762881098,class=891:n04542943.pkl:9;n04542943.pkl:10;n04542943.pkl:13|class=741:n03998194.pkl:0;n03998194.pkl:13;n03998194.pkl:38|class=209:n02099849.pkl:2;n02099849.pkl:3;n02099849.pkl:4
vit,1161,393,-,46,23,14,6,0.07888672887944145,0.13916318215732068,0.017954849938276486,0.030997725581371774,0.7374484949826714,0.08653364897952456,class=78:n01776313.pkl:7;n01776313.pkl:13;n01776313.pkl:15|class=970:n09193705.pkl:2;n09193705.pkl:13;n09193705.pkl:18|class=818:n04286575.pkl:31;n04286575.pkl:39;n04286575.pkl:41
vit,1162,394,-,42,30,16,6,0.08122630246782855,0.13669898900915686,0.02176259068792039,0.047177806955502395,0.7081534899881532,0.1357030653150627,class=311:n02226429.pkl:3;n02226429.pkl:4;n02226429.pkl:8|class=588:n03482405.pkl:8;n03482405.pkl:10;n03482405.pkl:18|class=209:n02099849.pkl:9;n02099849.pkl:15;n02099849.pkl:75
vit,1163,395,-,79,49,29,11,0.08634086926173826,0.12594698271176097,0.022097933304534138,0.042666316148163234,0.7557090315129995,0.05984713133605342,class=233:n02106382.pkl:7;n02106382.pkl:10;n02106382.pkl:14|class=8:n01514859.pkl:11;n01514859.pkl:16;n01514859.pkl:17|class=508:n03085013.pkl:9;n03085013.pkl:16;n03085013.pkl:21
vit,1164,396,-,32,22,13,5,0.11811635058565213,0.18268716046912767,0.04308874462720985,0.110481598165206,0.566779649413466,0.2366981499761836,class=917:n06596364.pkl:0;n06596364.pkl:1;n06596364.pkl:9|class=640:n03717622.pkl:0;n03717622.pkl:2;n03717622.pkl:7|class=315:n02236044.pkl:7;n02236044.pkl:11;n02236044.pkl:12
vit,1165,397,-,85,52,29,9,0.06785414775506321,0.12895812061453243,0.023630945501370976,0.06970192014744855,0.6640462148633801,0.11411954063616216,class=949:n07745940.pkl:0;n07745940.pkl:5;n07745940.pkl:7|class=907:n04591713.pkl:1;n04591713.pkl:7;n04591713.pkl:9|class=277:n02119022.pkl:1;n02119022.pkl:11;n02119022.pkl:14
vit,1166,398,-,47,26,15,7,0.06583646215582975,0.09976761665516626,0.01779372659404999,0.031255322974175596,0.7352624603490279,0.08692380941716045,class=786:n04179913.pkl:6;n04179913.pkl:7;n04179913.pkl:10|class=769:n04118776.pkl:6;n04118776.pkl:8;n04118776.pkl:9|class=881:n04515003.pkl:10;n04515003.pkl:11;n04515003.pkl:12
vit,1167,399,-,49,31,19,7,0.08820816350500871,0.1565009500055779,0.03116233928563682,0.07108073474527596,0.658335268628425,0.1265893642597503,class=794:n04209239.pkl:1;n04209239.pkl:3;n04209239.pkl:4|class=833:n04347754.pkl:7;n04347754.pkl:9;n04347754.pkl:11|class=609:n03594945.pkl:7;n03594945.pkl:21;n03594945.pkl:22
vit,1168,400,-,63,34,18,8,0.06884184929749378,0.1300675083923068,0.024106908718323657,0.05297425009481921,0.6899987809781151,0.09252193567269777,class=548:n03290653.pkl:6;n03290653.pkl:11;n03290653.pkl:20|class=780:n04147183.pkl:4;n04147183.pkl:5;n04147183.pkl:9|class=751:n04037443.pkl:1;n04037443.pkl:4;n04037443.pkl:6
vit,1169,401,-,79,40,25,9,0.07005157366731636,0.1318134747475416,0.02578735334656002,0.07835006867674757,0.6479839792881895,0.12951076041717308,class=157:n02086910.pkl:1;n02086910.pkl:2;n02086910.pkl:3|class=357:n02442845.pkl:2;n02442845.pkl:23;n02442845.pkl:29|class=512:n03109150.pkl:1;n03109150.pkl:13;n03109150.pkl:21
vit,1170,402,-,104,59,35,12,0.07769043800248333,0.15805486998782592,0.037039621977808544,0.11595511272547024,0.6336094153570122,0.1038506318314339,class=213:n02100877.pkl:0;n02100877.pkl:1;n02100877.pkl:2|class=925:n07584110.pkl:0;n07584110.pkl:1;n07584110.pkl:4|class=315:n02236044.pkl:0;n02236044.pkl:1;n02236044.pkl:4
vit,1171,403,-,29,17,9,3,0.08297570262954403,0.12581004162731982,0.02039883424883435,0.04495235630802751,0.6209363495131697,0.2019370288225579,class=647:n03733805.pkl:0;n03733805.pkl:2;n03733805.pkl:3|class=780:n04147183.pkl:1;n04147183.pkl:3;n04147183.pkl:4|class=499:n03041632.pkl:4;n03041632.pkl:11;n03041632.pkl:13
vit,1172,404,-,59,33,16,4,0.05681553432571611,0.12727845539756477,0.02115386103345743,0.06446826913886917,0.6041275719786439,0.17436944502745227,class=303:n02168699.pkl:2;n02168699.pkl:4;n02168699.pkl:5|class=936:n07714571.pkl:0;n07714571.pkl:1;n07714571.pkl:3|class=393:n02607072.pkl:17;n02607072.pkl:25;n02607072.pkl:27
vit,1173,405,-,63,39,25,9,0.09117313355927778,0.15858107691902446,0.033852435008259206,0.08097068190376225,0.674361752988012,0.10668333838869172,class=806:n04254777.pkl:0;n04254777.pkl:1;n04254777.pkl:2|class=52:n01728572.pkl:2;n01728572.pkl:7;n01728572.pkl:8|class=484:n02981792.pkl:5;n02981792.pkl:6;n02981792.pkl:34
vit,1174,406,-,53,33,20,9,0.12091162619087027,0.19502728210186165,0.0477543758434669,0.11527563599689558,0.6330523523669874,0.12881225478998992,class=527:n03180011.pkl:0;n03180011.pkl:2;n03180011.pkl:6|class=644:n03729826.pkl:0;n03729826.pkl:1;n03729826.pkl:2|class=249:n02110063.pkl:0;n02110063.pkl:1;n02110063.pkl:3
vit,1175,407,-,83,44,26,2,0.04345890887374862,0.05980865100460627,0.011118234542701728,0.016124864102125436,0.8289385589358401,0.03739027940047824,class=264:n02113186.pkl:20;n02113186.pkl:34;n02113186.pkl:42|class=40:n01682714.pkl:9;n01682714.pkl:17;n01682714.pkl:30|class=679:n03814906.pkl:53;n03814906.pkl:149;n03814906.pkl:150
vit,1176,408,-,23,12,5,2,0.07404920567949302,0.1731983011583968,0.02068103711582996,0.06395022684177543,0.43336907766630667,0.45920859522138197,class=640:n03717622.pkl:2;n03717622.pkl:3;n03717622.pkl:5|class=328:n02319095.pkl:5;n02319095.pkl:32;n02319095.pkl:76|class=990:n12768682.pkl:25;n12768682.pkl:60;n12768682.pkl:77
vit,1177,409,-,25,19,9,6,0.1365154505408652,0.20877909830425018,0.05522008052160066,0.12316322949611862,0.5852302860876314,0.23898853580734586,class=98:n01855032.pkl:0;n01855032.pkl:1;n01855032.pkl:2|class=822:n04311174.pkl:0;n04311174.pkl:20;n04311174.pkl:29|class=594:n03495258.pkl:1;n03495258.pkl:4;n03495258.pkl:6
vit,1178,410,-,70,41,23,9,0.08011636046917268,0.15161481246729894,0.03265632575409538,0.08219886235588396,0.6513329853004289,0.10479620814968725,class=483:n02980441.pkl:0;n02980441.pkl:8;n02980441.pkl:10|class=970:n09193705.pkl:5;n09193705.pkl:9;n09193705.pkl:12|class=735:n03980874.pkl:0;n03980874.pkl:6;n03980874.pkl:7
vit,1179,411,-,29,19,12,7,0.13135941459017333,0.19846117748616496,0.039790189289963813,0.08181619312744437,0.6334112545128667,0.18027302448294494,class=450:n02860847.pkl:3;n02860847.pkl:9;n02860847.pkl:21|class=451:n02865351.pkl:6;n02865351.pkl:12;n02865351.pkl:17|class=58:n01737021.pkl:2;n01737021.pkl:8;n01737021.pkl:9
vit,1180,412,-,47,27,12,4,0.08497149614825966,0.1441219258477336,0.025948886563155166,0.06671014293086476,0.6304192250250056,0.16189702825199648,class=125:n01986214.pkl:9;n01986214.pkl:11;n01986214.pkl:12|class=814:n04273569.pkl:2;n04273569.pkl:7;n04273569.pkl:14|class=56:n01734418.pkl:15;n01734418.pkl:16;n01734418.pkl:37
vit,1181,413,-,50,29,16,10,0.1038386536156475,0.17683294377305137,0.03365890920137791,0.07643178504208109,0.6597320138921442,0.12312831589835868,class=897:n04554684.pkl:2;n04554684.pkl:3;n04554684.pkl:5|class=10:n01530575.pkl:1;n01530575.pkl:4;n01530575.pkl:6|class=173:n02091244.pkl:7;n02091244.pkl:12;n02091244.pkl:18
vit,1182,414,-,29,16,10,1,0.0503727757379014,0.07619997710441141,0.012333511303600646,0.025609341150663795,0.6939468960312459,0.1831534430749067,class=804:n04254120.pkl:13;n04254120.pkl:19;n04254120.pkl:43|class=536:n03216828.pkl:56;n03216828.pkl:107;n03216828.pkl:249|class=100:n01860187.pkl:20;n01860187.pkl:28;n01860187.pkl:72
vit,1183,415,-,94,58,33,8,0.07124186936546864,0.14142647620870902,0.027968110569627,0.086189702679515,0.651072881619927,0.11166976409036933,class=918:n06785654.pkl:1;n06785654.pkl:3;n06785654.pkl:6|class=69:n01768244.pkl:0;n01768244.pkl:2;n01768244.pkl:3|class=16:n01560419.pkl:0;n01560419.pkl:7;n01560419.pkl:8
vit,1184,416,-,50,30,11,3,0.0679084272005496,0.12913524000889756,0.021850102799034342,0.07670882535428435,0.5355595006357481,0.26649816544880167,class=810:n04264628.pkl:9;n04264628.pkl:17;n04264628.pkl:25|class=225:n02105162.pkl:10;n02105162.pkl:12;n02105162.pkl:19|class=576:n03447447.pkl:12;n03447447.pkl:13;n03447447.pkl:34
vit,1185,417,-,77,43,24,10,0.07972428509940335,0.1463787841266666,0.026995272038414488,0.06875042620874669,0.6712714476328121,0.09722047446396324,class=250:n02110185.pkl:0;n02110185.pkl:3;n02110185.pkl:13|class=841:n04370456.pkl:1;n04370456.pkl:2;n04370456.pkl:14|class=934:n07697537.pkl:3;n07697537.pkl:10;n07697537.pkl:13
vit,1186,418,-,24,16,7,3,0.10523456767636223,0.1687389957676039,0.031577398875429534,0.0745700881325423,0.5385357645283411,0.27402880529497686,class=412:n02747177.pkl:0;n02747177.pkl:2;n02747177.pkl:4|class=91:n01824575.pkl:4;n01824575.pkl:9;n01824575.pkl:14|class=355:n02437616.pkl:4;n02437616.pkl:34;n02437616.pkl:50
vit,1187,419,-,12,6,4,0,0.07118326280220504,0.0959724192562787,0.011729588158598016,0.014855936074954931,0.7070995617157474,0.21700928063460045,class=371:n02486261.pkl:14;n02486261.pkl:25;n02486261.pkl:62|class=938:n07715103.pkl:16;n07715103.pkl:26;n07715103.pkl:60|class=550:n03297495.pkl:6;n03297495.pkl:26;n03297495.pkl:41
vit,1188,420,-,28,18,5,2,0.05680633128625082,0.11492596940561693,0.011245548047644813,0.022508803144669794,0.6917406265304327,0.1787964575544548,class=803:n04252225.pkl:19;n04252225.pkl:26;n04252225.pkl:37|class=79:n01784675.pkl:34;n01784675.pkl:38;n01784675.pkl:49|class=9:n01518878.pkl:167;n01518878.pkl:186;n01518878.pkl:220
vit,1189,421,-,29,18,9,5,0.10924669384071709,0.17359716818022397,0.03727267485716972,0.08781529630270081,0.5814161661454489,0.2258912598014484,class=761:n04074963.pkl:2;n04074963.pkl:3;n04074963.pkl:10|class=99:n01855672.pkl:1;n01855672.pkl:3;n01855672.pkl:4|class=545:n03271574.pkl:5;n03271574.pkl:18;n03271574.pkl:31
vit,1190,422,-,53,34,23,9,0.11092871085793514,0.16798890786919024,0.037926481970856636,0.09480448316686296,0.668019155993293,0.13676329752683866,class=127:n02002556.pkl:1;n02002556.pkl:5;n02002556.pkl:7|class=872:n04485082.pkl:2;n04485082.pkl:3;n04485082.pkl:6|class=293:n02130308.pkl:4;n02130308.pkl:10;n02130308.pkl:13
vit,1191,423,-,36,18,9,2,0.0494527073693736,0.07584755144459626,0.009539077096404665,0.016482465970814278,0.7358359499762914,0.1107111179516882,class=803:n04252225.pkl:26;n04252225.pkl:31;n04252225.pkl:42|class=179:n02093256.pkl:15;n02093256.pkl:16;n02093256.pkl:78|class=888:n04532670.pkl:49;n04532670.pkl:97;n04532670.pkl:165
vit,1192,424,-,43,17,10,2,0.0366996492499796,0.07466897803851345,0.009811857373659258,0.021351585328898793,0.6761649490638777,0.13338168181537932,class=504:n03063599.pkl:1;n03063599.pkl:12;n03063599.pkl:14|class=322:n02277742.pkl:3;n02277742.pkl:5;n02277742.pkl:9|class=297:n02134418.pkl:11;n02134418.pkl:29;n02134418.pkl:30
vit,1193,425,-,78,47,28,13,0.08794363823583078,0.15151693309803638,0.031141670391102022,0.07075254856390158,0.7011384194495017,0.07899731330382122,class=7:n01514668.pkl:1;n01514668.pkl:3;n01514668.pkl:4|class=953:n07753275.pkl:0;n07753275.pkl:1;n07753275.pkl:7|class=215:n02101388.pkl:2;n02101388.pkl:6;n02101388.pkl:11
vit,1194,426,-,75,42,23,10,0.08796232557474541,0.17068301034741723,0.032652185106662665,0.08887939373001963,0.6381703045531542,0.11212411093907823,class=1:n01443537.pkl:0;n01443537.pkl:2;n01443537.pkl:5|class=287:n02127052.pkl:0;n02127052.pkl:2;n02127052.pkl:6|class=782:n04152593.pkl:6;n04152593.pkl:11;n04152593.pkl:13
vit,1195,427,-,69,50,29,12,0.12783268952177596,0.2071675485420797,0.05100051912398746,0.12071920918367275,0.6579521071798132,0.09569246384387685,class=857:n04429376.pkl:0;n04429376.pkl:5;n04429376.pkl:6|class=821:n04311004.pkl:0;n04311004.pkl:1;n04311004.pkl:2|class=957:n07768694.pkl:3;n07768694.pkl:4;n07768694.pkl:6
vit,1196,428,-,69,39,19,9,0.06692302563308745,0.12022683236440865,0.02005430970544311,0.03876311675953185,0.735778679824205,0.0686395607576231,class=394:n02640242.pkl:13;n02640242.pkl:17;n02640242.pkl:24|class=667:n03787032.pkl:3;n03787032.pkl:6;n03787032.pkl:16|class=147:n02066245.pkl:3;n02066245.pkl:4;n02066245.pkl:11
vit,1197,429,-,73,44,24,7,0.05559409359976301,0.09431944073273896,0.016884486031490096,0.03450624176873454,0.7497581271470727,0.0709119002697676,class=691:n03868863.pkl:0;n03868863.pkl:2;n03868863.pkl:4|class=358:n02443114.pkl:3;n02443114.pkl:6;n02443114.pkl:26|class=646:n03733281.pkl:13;n03733281.pkl:28;n03733281.pkl:29
vit,1198,430,-,73,38,23,12,0.07641943004231205,0.12830303951723362,0.026895082701646242,0.055035986248307696,0.7011800003967449,0.07106070853013087,class=760:n04070727.pkl:5;n04070727.pkl:11;n04070727.pkl:12|class=519:n03127925.pkl:5;n03127925.pkl:6;n03127925.pkl:8|class=196:n02097047.pkl:4;n02097047.pkl:5;n02097047.pkl:25
vit,1199,431,-,63,41,29,12,0.10072746811037515,0.14432312225746058,0.03137812513274998,0.05251279178981269,0.7610439242742791,0.0603295585105702,class=283:n02123394.pkl:7;n02123394.pkl:10;n02123394.pkl:11|class=941:n07717410.pkl:14;n07717410.pkl:17;n07717410.pkl:20|class=26:n01630670.pkl:3;n01630670.pkl:11;n01630670.pkl:38
vit,1200,432,-,50,24,8,4,0.03958885659415325,0.09268285413568733,0.014172359651471471,0.03894214702543931,0.6231392243541254,0.1710029563865931,class=364:n02457408.pkl:0;n02457408.pkl:6;n02457408.pkl:18|class=281:n02123045.pkl:12;n02123045.pkl:32;n02123045.pkl:40|class=472:n02951358.pkl:4;n02951358.pkl:7;n02951358.pkl:11
vit,1201,433,-,93,47,23,8,0.05489162337659345,0.11264242030391088,0.020558768984040555,0.0622064326903525,0.6580836704037544,0.1091976357987192,class=312:n02229544.pkl:1;n02229544.pkl:3;n02229544.pkl:5|class=511:n03100240.pkl:0;n03100240.pkl:3;n03100240.pkl:9|class=200:n02097474.pkl:0;n02097474.pkl:7;n02097474.pkl:8
vit,1203,435,-,85,42,31,11,0.07027961622787846,0.11159274875748539,0.022035584641995544,0.040083256591570186,0.7621287266391662,0.05069233167850391,class=176:n02091831.pkl:0;n02091831.pkl:2;n02091831.pkl:13|class=759:n04069434.pkl:7;n04069434.pkl:11;n04069434.pkl:23|class=842:n04371430.pkl:6;n04371430.pkl:18;n04371430.pkl:24
vit,1204,436,-,12,6,4,0,0.06056867450873477,0.07516394984362117,0.009156160317874936,0.011878426722535916,0.6921925208811444,0.22358557882755614,class=474:n02963159.pkl:57;n02963159.pkl:78;n02963159.pkl:140|class=913:n04606251.pkl:0;n04606251.pkl:43;n04606251.pkl:157|class=714:n03929660.pkl:15;n03929660.pkl:66;n03929660.pkl:159
vit,1205,437,-,15,11,6,2,0.07600999021783565,0.08687893697421573,0.014894931695624534,0.021178221733476416,0.7064687332516938,0.20144208575995387,class=606:n03584829.pkl:4;n03584829.pkl:13;n03584829.pkl:39|class=970:n09193705.pkl:22;n09193705.pkl:59;n09193705.pkl:67|class=283:n02123394.pkl:5;n02123394.pkl:38;n02123394.pkl:43
vit,1206,438,-,90,42,26,9,0.069502362098123,0.1478673244618949,0.02408569820440496,0.06645763502804355,0.6554998201748332,0.09570301013166514,class=210:n02100236.pkl:1;n02100236.pkl:4;n02100236.pkl:7|class=347:n02410509.pkl:0;n02410509.pkl:2;n02410509.pkl:3|class=36:n01667778.pkl:0;n01667778.pkl:2;n01667778.pkl:5
vit,1207,439,-,72,42,22,13,0.0839321509678714,0.15526840507530434,0.02790889176826618,0.07167809015029188,0.6677760689887919,0.10550148089275724,class=439:n02817516.pkl:2;n02817516.pkl:3;n02817516.pkl:5|class=669:n03788365.pkl:0;n03788365.pkl:1;n03788365.pkl:10|class=148:n02071294.pkl:0;n02071294.pkl:1;n02071294.pkl:7
vit,1208,440,-,50,21,10,1,0.028113819109443564,0.057524235876022914,0.007787178958196101,0.016269805999973633,0.7244607497645812,0.10730405862495437,class=79:n01784675.pkl:23;n01784675.pkl:27;n01784675.pkl:40|class=740:n03995372.pkl:14;n03995372.pkl:32;n03995372.pkl:46|class=488:n02999410.pkl:9;n02999410.pkl:88;n02999410.pkl:144
vit,1209,441,-,75,47,30,10,0.08463122573802428,0.15011167171300144,0.034461369681595994,0.09807443731065198,0.6533050748707768,0.12132377502053288,class=141:n02028035.pkl:0;n02028035.pkl:2;n02028035.pkl:3|class=881:n04515003.pkl:6;n04515003.pkl:10;n04515003.pkl:11|class=118:n01978287.pkl:1;n01978287.pkl:8;n01978287.pkl:10
vit,1210,442,-,66,29,19,6,0.0625304776739282,0.11944916470781525,0.018355135157803404,0.045707901057983336,0.6723466461915267,0.10910728342883015,class=861:n04447861.pkl:16;n04447861.pkl:18;n04447861.pkl:20|class=124:n01985128.pkl:5;n01985128.pkl:20;n01985128.pkl:22|class=422:n02790996.pkl:4;n02790996.pkl:5;n02790996.pkl:22
vit,1211,443,-,57,33,22,10,0.0733920920603796,0.10725643301727691,0.022031299731473344,0.0367993422014259,0.757663712779337,0.06649074004895464,class=73:n01773549.pkl:5;n01773549.pkl:13;n01773549.pkl:18|class=563:n03388183.pkl:3;n03388183.pkl:9;n03388183.pkl:14|class=588:n03482405.pkl:10;n03482405.pkl:12;n03482405.pkl:26
vit,1212,444,-,42,26,16,6,0.09855909716064967,0.1600455585397518,0.03657359952380444,0.08268005023779765,0.6347953201643547,0.14548884073961688,class=853:n04417672.pkl:2;n04417672.pkl:6;n04417672.pkl:7|class=237:n02107312.pkl:8;n02107312.pkl:9;n02107312.pkl:10|class=638:n03710637.pkl:13;n03710637.pkl:58;n03710637.pkl:70
vit,1213,445,-,22,15,8,3,0.07379257881983539,0.10159424621079746,0.017514142822378172,0.027197377695090025,0.7042417052337276,0.1550654117632323,class=251:n02110341.pkl:1;n02110341.pkl:23;n02110341.pkl:28|class=834:n04350905.pkl:13;n04350905.pkl:29;n04350905.pkl:42|class=105:n01882714.pkl:31;n01882714.pkl:50;n01882714.pkl:77
vit,1214,446,-,72,41,25,9,0.08624051965648627,0.1533772353365368,0.03186717404518623,0.0983304440308582,0.6333984455254379,0.14612692766444582,class=129:n02006656.pkl:3;n02006656.pkl:4;n02006656.pkl:5|class=943:n07718472.pkl:3;n07718472.pkl:4;n07718472.pkl:6|class=428:n02797295.pkl:0;n02797295.pkl:5;n02797295.pkl:6
vit,1215,447,-,47,30,23,8,0.10983040878324993,0.19039950627109073,0.043576810131013194,0.11788598042701705,0.608093633102354,0.17698626745887344,class=28:n01632458.pkl:0;n01632458.pkl:1;n01632458.pkl:2|class=884:n04523525.pkl:3;n04523525.pkl:4;n04523525.pkl:5|class=484:n02981792.pkl:0;n02981792.pkl:2;n02981792.pkl:3
vit,1216,448,-,49,24,21,7,0.09889044447334039,0.16255850448293446,0.03230544997914246,0.07561445824831158,0.655490846036131,0.1322133678210026,class=426:n02794156.pkl:1;n02794156.pkl:2;n02794156.pkl:4|class=701:n03888257.pkl:7;n03888257.pkl:9;n03888257.pkl:10|class=924:n07583066.pkl:0;n07583066.pkl:5;n07583066.pkl:17
vit,1217,449,-,72,33,17,3,0.041037174382467824,0.07179130573092148,0.010449122999202828,0.01949234918534924,0.7669523118011063,0.06222104685203936,class=909:n04596742.pkl:9;n04596742.pkl:12;n04596742.pkl:16|class=658:n03775071.pkl:8;n03775071.pkl:10;n03775071.pkl:23|class=209:n02099849.pkl:25;n02099849.pkl:44;n02099849.pkl:81
vit,1218,450,-,55,30,17,2,0.06034213291913943,0.08890683843609475,0.01308842764086925,0.022225736282335217,0.7720144536001298,0.07061119210838386,class=991:n12985857.pkl:0;n12985857.pkl:1;n12985857.pkl:3|class=461:n02895154.pkl:28;n02895154.pkl:64;n02895154.pkl:95|class=343:n02397096.pkl:6;n02397096.pkl:31;n02397096.pkl:37
vit,1219,451,-,79,36,21,8,0.059727154755871106,0.1228278524708668,0.018122404909075296,0.04889354345108596,0.6722377276922694,0.10479739351355558,class=601:n03534580.pkl:0;n03534580.pkl:3;n03534580.pkl:4|class=93:n01829413.pkl:3;n01829413.pkl:8;n01829413.pkl:9|class=910:n04597913.pkl:1;n04597913.pkl:3;n04597913.pkl:5
vit,1220,452,-,47,26,13,5,0.08080265309836364,0.17528296756146508,0.03801014634539636,0.12925221195858136,0.49885707480380637,0.26730147475448784,class=640:n03717622.pkl:1;n03717622.pkl:4;n03717622.pkl:5|class=244:n02108551.pkl:1;n02108551.pkl:2;n02108551.pkl:3|class=171:n02091032.pkl:0;n02091032.pkl:19;n02091032.pkl:24
vit,1221,453,-,73,48,26,12,0.11310283772396171,0.18954307980900778,0.040531044411040516,0.09308423634351236,0.678901194923267,0.08595128849484766,class=384:n02500267.pkl:2;n02500267.pkl:3;n02500267.pkl:4|class=910:n04597913.pkl:11;n04597913.pkl:13;n04597913.pkl:18|class=140:n02027492.pkl:0;n02027492.pkl:5;n02027492.pkl:6
vit,1222,454,-,26,15,10,2,0.07212719471739112,0.08252122535212483,0.015684897368246516,0.019500153964132017,0.789637886175213,0.09790982891001467,class=55:n01729977.pkl:30;n01729977.pkl:37;n01729977.pkl:52|class=456:n02879718.pkl:76;n02879718.pkl:161;n02879718.pkl:164|class=692:n03871628.pkl:0;n03871628.pkl:4;n03871628.pkl:29
vit,1223,455,-,42,24,15,8,0.11072166406259566,0.16984521603497676,0.03339875568863236,0.07227565057352187,0.6504929066939454,0.13530934087542343,class=719:n03935335.pkl:1;n03935335.pkl:3;n03935335.pkl:5|class=259:n02112018.pkl:9;n02112018.pkl:13;n02112018.pkl:19|class=531:n03197337.pkl:5;n03197337.pkl:11;n03197337.pkl:14
vit,1224,456,-,79,42,27,10,0.071926106946257,0.1341436251519592,0.025932123839461193,0.06742065966440837,0.6681442811924565,0.09822058291325747,class=906:n04591157.pkl:0;n04591157.pkl:2;n04591157.pkl:3|class=716:n03930313.pkl:8;n03930313.pkl:9;n03930313.pkl:10|class=972:n09246464.pkl:3;n09246464.pkl:10;n09246464.pkl:16
vit,1225,457,-,35,25,10,5,0.11030973691700847,0.1612402498724822,0.025688162882889772,0.05842551403283254,0.6549445295920671,0.17637024187752406,class=50:n01698640.pkl:4;n01698640.pkl:5;n01698640.pkl:9|class=149:n02074367.pkl:5;n02074367.pkl:23;n02074367.pkl:29|class=301:n02165456.pkl:4;n02165456.pkl:6;n02165456.pkl:8
vit,1226,458,-,86,41,24,5,0.049763487128068655,0.0934776275141877,0.014160529149164266,0.030470873710439637,0.7516637945154679,0.06546881783581494,class=848:n04392985.pkl:9;n04392985.pkl:14;n04392985.pkl:16|class=7:n01514668.pkl:12;n01514668.pkl:23;n01514668.pkl:33|class=238:n02107574.pkl:0;n02107574.pkl:2;n02107574.pkl:7
vit,1227,459,-,84,49,30,13,0.08670756349066747,0.15392115881326124,0.03477434934398216,0.07906350723003366,0.6953888870820474,0.07344438607504011,class=581:n03459775.pkl:1;n03459775.pkl:3;n03459775.pkl:5|class=571:n03425413.pkl:6;n03425413.pkl:7;n03425413.pkl:9|class=386:n02504458.pkl:2;n02504458.pkl:5;n02504458.pkl:8
vit,1228,460,-,34,18,9,5,0.07396900224590307,0.13468872208706875,0.022813879755960116,0.050400066332116314,0.6168272584284413,0.17295575098333899,class=401:n02672831.pkl:0;n02672831.pkl:2;n02672831.pkl:3|class=517:n03126707.pkl:2;n03126707.pkl:4;n03126707.pkl:5|class=786:n04179913.pkl:56;n04179913.pkl:71;n04179913.pkl:83
vit,1229,461,-,61,35,24,9,0.08759940885255345,0.13480530332245405,0.0240177395522279,0.043407150818534204,0.7457041095728544,0.06993961892249279,class=331:n02326432.pkl:8;n02326432.pkl:10;n02326432.pkl:18|class=430:n02802426.pkl:6;n02802426.pkl:10;n02802426.pkl:12|class=249:n02110063.pkl:12;n02110063.pkl:23;n02110063.pkl:39
vit,1230,462,-,81,49,25,8,0.08303976683465714,0.15057866451003346,0.028030659968766386,0.08526551954900756,0.6458141917406807,0.12657963586800214,class=38:n01675722.pkl:1;n01675722.pkl:2;n01675722.pkl:3|class=179:n02093256.pkl:1;n02093256.pkl:4;n02093256.pkl:5|class=67:n01755581.pkl:4;n01755581.pkl:12;n01755581.pkl:13
vit,1231,463,-,65,33,16,6,0.05380072563838503,0.09948986226446559,0.015977179968043584,0.03903905117294623,0.6872000293737817,0.10723582851317863,class=820:n04310018.pkl:4;n04310018.pkl:10;n04310018.pkl:11|class=215:n02101388.pkl:0;n02101388.pkl:14;n02101388.pkl:23|class=481:n02978881.pkl:25;n02978881.pkl:27;n02978881.pkl:29
vit,1232,464,-,79,47,27,10,0.09796483384345837,0.16895512850028296,0.0326421983975213,0.1018629645538726,0.6405539405516609,0.13592520087117468,class=229:n02105641.pkl:1;n02105641.pkl:2;n02105641.pkl:3|class=780:n04147183.pkl:0;n04147183.pkl:1;n04147183.pkl:2|class=824:n04325704.pkl:0;n04325704.pkl:8;n04325704.pkl:16
vit,1233,465,-,73,37,18,4,0.04719274838240285,0.09456586440259203,0.013489477661659076,0.03807924554269086,0.6723487974322365,0.12285863433639259,class=19:n01592084.pkl:0;n01592084.pkl:3;n01592084.pkl:8|class=967:n07920052.pkl:0;n07920052.pkl:18;n07920052.pkl:27|class=786:n04179913.pkl:2;n04179913.pkl:11;n04179913.pkl:14
vit,1234,466,-,35,21,7,2,0.05416177022218843,0.09534198099087741,0.010540164272589985,0.021518678005487644,0.7084521253234881,0.14765952973576524,class=220:n02102480.pkl:26;n02102480.pkl:52;n02102480.pkl:58|class=117:n01968897.pkl:5;n01968897.pkl:29;n01968897.pkl:34|class=959:n07831146.pkl:21;n07831146.pkl:42;n07831146.pkl:97
vit,1235,467,-,69,36,17,4,0.04284047298451088,0.07080786695163703,0.011530179789423755,0.021267905308201596,0.7672482618649684,0.06380197976294198,class=538:n03220513.pkl:10;n03220513.pkl:15;n03220513.pkl:20|class=203:n02098286.pkl:0;n02098286.pkl:3;n02098286.pkl:5|class=987:n12144580.pkl:9;n12144580.pkl:10;n12144580.pkl:11
vit,1236,468,-,61,42,24,6,0.0803471824087707,0.1445711908752251,0.026672491450531837,0.07731381941892793,0.647273549682243,0.15413254644918425,class=375:n02488702.pkl:1;n02488702.pkl:2;n02488702.pkl:3|class=861:n04447861.pkl:1;n04447861.pkl:5;n04447861.pkl:15|class=862:n04456115.pkl:2;n04456115.pkl:11;n04456115.pkl:14
vit,1237,469,-,59,39,19,6,0.08164548445386874,0.13092244979688059,0.024557923942674278,0.0540631715203255,0.6936749930420087,0.09909161667903985,class=610:n03595614.pkl:16;n03595614.pkl:20;n03595614.pkl:26|class=175:n02091635.pkl:1;n02091635.pkl:3;n02091635.pkl:6|class=672:n03792972.pkl:0;n03792972.pkl:1;n03792972.pkl:5
vit,1238,470,-,79,53,26,10,0.08107663437180425,0.1546796627848456,0.034630649061432324,0.1258086551714458,0.5839947455011255,0.17971830822052998,class=336:n02361337.pkl:1;n02361337.pkl:2;n02361337.pkl:3|class=271:n02114712.pkl:6;n02114712.pkl:9;n02114712.pkl:16|class=524:n03146219.pkl:47;n03146219.pkl:90;n03146219.pkl:94
vit,1239,471,-,62,39,26,12,0.10426706809075403,0.18681503571192182,0.04561646096018454,0.11518398676130881,0.6440663270659305,0.11896601975081614,class=279:n02120079.pkl:1;n02120079.pkl:2;n02120079.pkl:6|class=566:n03394916.pkl:1;n03394916.pkl:2;n03394916.pkl:3|class=322:n02277742.pkl:1;n02277742.pkl:4;n02277742.pkl:8
vit,1240,472,-,71,38,24,7,0.05552476365060139,0.09565177834153406,0.018302219772439003,0.038662982404278505,0.740079410731224,0.07693733500030193,class=127:n02002556.pkl:1;n02002556.pkl:2;n02002556.pkl:4|class=256:n02111277.pkl:7;n02111277.pkl:11;n02111277.pkl:46|class=359:n02443484.pkl:64;n02443484.pkl:107;n02443484.pkl:108
vit,1241,473,-,61,28,13,6,0.050271832103188814,0.09462758099974315,0.016386441122154816,0.03836421393548404,0.6576559925725545,0.10625076840530635,class=400:n02669723.pkl:2;n02669723.pkl:24;n02669723.pkl:26|class=806:n04254777.pkl:3;n04254777.pkl:6;n04254777.pkl:15|class=927:n07613480.pkl:3;n07613480.pkl:24;n07613480.pkl:29
vit,1242,474,-,49,26,15,3,0.05763923952779996,0.10709130016603702,0.01953206014508386,0.048327980826537054,0.666257238905946,0.14534920277007302,class=251:n02110341.pkl:1;n02110341.pkl:3;n02110341.pkl:5|class=104:n01877812.pkl:2;n01877812.pkl:3;n01877812.pkl:4|class=969:n07932039.pkl:29;n07932039.pkl:54;n07932039.pkl:108
vit,1243,475,-,118,84,51,27,0.11926158302845309,0.17664183822895324,0.0477882508682634,0.10906903817392181,0.7362127659182026,0.05261928844715406,class=956:n07760859.pkl:0;n07760859.pkl:1;n07760859.pkl:2|class=29:n01632777.pkl:0;n01632777.pkl:2;n01632777.pkl:3|class=984:n11879895.pkl:0;n11879895.pkl:1;n11879895.pkl:2
vit,1244,476,-,29,18,6,1,0.07069344253236827,0.10943302472704147,0.015207235750365193,0.04218485930237145,0.5949988537732932,0.2998300475160093,class=786:n04179913.pkl:1;n04179913.pkl:9;n04179913.pkl:12|class=263:n02113023.pkl:7;n02113023.pkl:23;n02113023.pkl:57|class=890:n04540053.pkl:14;n04540053.pkl:50;n04540053.pkl:64
vit,1245,477,-,85,59,36,11,0.09793379312060042,0.15626478166794863,0.03520183637845514,0.0961816758521579,0.6764839487288182,0.09959313479625755,class=271:n02114712.pkl:2;n02114712.pkl:6;n02114712.pkl:9|class=939:n07716358.pkl:0;n07716358.pkl:2;n07716358.pkl:3|class=12:n01532829.pkl:0;n01532829.pkl:8;n01532829.pkl:11
vit,1246,478,-,51,27,15,4,0.04415114693566363,0.07776557550673181,0.011974972843416509,0.021922270578083308,0.7493553373460635,0.08532092220055422,class=727:n03956157.pkl:2;n03956157.pkl:4;n03956157.pkl:5|class=963:n07873807.pkl:1;n07873807.pkl:3;n07873807.pkl:23|class=702:n03888605.pkl:78;n03888605.pkl:92;n03888605.pkl:152
vit,1247,479,-,66,45,26,10,0.10989502116941488,0.18270981486491436,0.043127288179550874,0.10706251444017224,0.6477967154561411,0.10852566068675673,class=779:n04146614.pkl:0;n04146614.pkl:2;n04146614.pkl:4|class=852:n04409515.pkl:0;n04409515.pkl:2;n04409515.pkl:6|class=936:n07714571.pkl:2;n07714571.pkl:3;n07714571.pkl:7
vit,1248,480,-,72,49,32,14,0.11326513541258557,0.16549641219839126,0.041660526375122124,0.10649617707387593,0.6886742502209867,0.10464712230532788,class=785:n04162706.pkl:1;n04162706.pkl:2;n04162706.pkl:4|class=945:n07720875.pkl:0;n07720875.pkl:1;n07720875.pkl:3|class=55:n01729977.pkl:2;n01729977.pkl:8;n01729977.pkl:12
vit,1249,481,-,109,81,56,27,0.15300058574159162,0.2055719312353207,0.059717471674063355,0.119867662437548,0.753858133336645,0.046137953461812514,class=874:n04487081.pkl:1;n04487081.pkl:3;n04487081.pkl:4|class=4:n01494475.pkl:0;n01494475.pkl:1;n01494475.pkl:2|class=776:n04141076.pkl:2;n04141076.pkl:3;n04141076.pkl:4
vit,1250,482,-,45,27,12,8,0.08810988416021415,0.16806691741555574,0.03765683149209699,0.10635168251721232,0.5657353083381224,0.19947321087850262,class=206:n02099429.pkl:0;n02099429.pkl:4;n02099429.pkl:5|class=965:n07880968.pkl:12;n07880968.pkl:16;n07880968.pkl:23|class=730:n03967562.pkl:0;n03967562.pkl:2;n03967562.pkl:11
vit,1251,483,-,30,19,6,1,0.06628010875843501,0.12503016461358285,0.011602093186285049,0.022358346238075495,0.7019523697032641,0.15712328722960953,class=385:n02504013.pkl:8;n02504013.pkl:10;n02504013.pkl:18|class=789:n04201297.pkl:19;n04201297.pkl:30;n04201297.pkl:100|class=506:n03065424.pkl:13;n03065424.pkl:24;n03065424.pkl:36
vit,1252,484,-,88,54,26,8,0.06355165769971315,0.10250038137148648,0.015044625304962476,0.026045165838868383,0.790410228772925,0.04542082778227108,class=498:n03032252.pkl:6;n03032252.pkl:11;n03032252.pkl:13|class=971:n09229709.pkl:0;n09229709.pkl:4;n09229709.pkl:18|class=250:n02110185.pkl:15;n02110185.pkl:46;n02110185.pkl:58
vit,1253,485,-,56,43,25,11,0.13508583170323127,0.19382757864785174,0.04920178650615087,0.11370310935713346,0.6821996588128838,0.11322343795709158,class=354:n02437312.pkl:0;n02437312.pkl:2;n02437312.pkl:3|class=553:n03337140.pkl:5;n03337140.pkl:8;n03337140.pkl:14|class=330:n02325366.pkl:5;n02325366.pkl:6;n02325366.pkl:10
vit,1254,486,-,93,55,35,15,0.07937927535768692,0.10526137457762852,0.022371241279518984,0.03605795838207491,0.7948551101705652,0.038687075723010604,class=961:n07860988.pkl:1;n07860988.pkl:8;n07860988.pkl:12|class=968:n07930864.pkl:10;n07930864.pkl:13;n07930864.pkl:44|class=318:n02264363.pkl:26;n02264363.pkl:28;n02264363.pkl:30
vit,1255,487,-,79,51,32,9,0.0800892170660543,0.13568142254890045,0.02839700704498803,0.06826879532725624,0.6999330474007581,0.0858179839601522,class=854:n04418357.pkl:0;n04418357.pkl:1;n04418357.pkl:2|class=835:n04355338.pkl:2;n04355338.pkl:3;n04355338.pkl:9|class=916:n06359193.pkl:2;n06359193.pkl:18;n06359193.pkl:20
vit,1256,488,-,117,72,45,15,0.06867405021050763,0.10922900812875017,0.022226153356888823,0.042056775004012635,0.7803251178357614,0.03914954748780038,class=581:n03459775.pkl:5;n03459775.pkl:8;n03459775.pkl:14|class=344:n02398521.pkl:2;n02398521.pkl:4;n02398521.pkl:7|class=941:n07717410.pkl:9;n07717410.pkl:14;n07717410.pkl:16
vit,1257,489,-,48,29,13,3,0.07939016333036061,0.16380713381553033,0.03639014220408551,0.11258422898586172,0.5312879332075604,0.22024307604837795,class=381:n02493793.pkl:0;n02493793.pkl:1;n02493793.pkl:2|class=209:n02099849.pkl:1;n02099849.pkl:4;n02099849.pkl:7|class=222:n02104029.pkl:2;n02104029.pkl:10;n02104029.pkl:13
vit,1258,490,-,91,41,20,4,0.04541461054607634,0.09895136398506439,0.016151395893214588,0.046471525841629543,0.6700984710525414,0.10196197555055493,class=270:n02114548.pkl:1;n02114548.pkl:3;n02114548.pkl:5|class=237:n02107312.pkl:2;n02107312.pkl:4;n02107312.pkl:6|class=750:n04033995.pkl:0;n04033995.pkl:3;n04033995.pkl:4
vit,1259,491,-,91,55,31,12,0.06887227871640064,0.12770941995779866,0.026295362839783717,0.06238763638579838,0.7118268524531783,0.0728472192705364,class=555:n03345487.pkl:1;n03345487.pkl:2;n03345487.pkl:3|class=201:n02097658.pkl:18;n02097658.pkl:19;n02097658.pkl:27|class=868:n04476259.pkl:4;n04476259.pkl:8;n04476259.pkl:14
vit,1260,492,-,100,46,34,11,0.05916801834494373,0.11576102411870606,0.023308871667409387,0.06240577563968594,0.6919295786764144,0.08168149744303566,class=282:n02123159.pkl:0;n02123159.pkl:1;n02123159.pkl:3|class=366:n02480855.pkl:3;n02480855.pkl:4;n02480855.pkl:6|class=612:n03599486.pkl:5;n03599486.pkl:16;n03599486.pkl:17
vit,1261,493,-,80,51,30,11,0.0914137698806923,0.15483513511177205,0.03533437322414422,0.10330883228048675,0.6536666799014086,0.11935384007046258,class=12:n01532829.pkl:0;n01532829.pkl:1;n01532829.pkl:2|class=438:n02815834.pkl:2;n02815834.pkl:3;n02815834.pkl:9|class=268:n02113978.pkl:2;n02113978.pkl:4;n02113978.pkl:7
vit,1262,494,-,73,42,28,10,0.07678947300170351,0.11977890591942247,0.02332116506074457,0.04625319279819507,0.7387080404755058,0.06758266247724674,class=677:n03804744.pkl:9;n03804744.pkl:23;n03804744.pkl:28|class=604:n03544143.pkl:2;n03544143.pkl:11;n03544143.pkl:13|class=285:n02124075.pkl:13;n02124075.pkl:14;n02124075.pkl:18
vit,1263,495,-,34,23,11,4,0.08349268921659826,0.13128498033176997,0.018694187831691845,0.03517274402543721,0.6927844536701439,0.13352846163807194,class=642:n03721384.pkl:5;n03721384.pkl:7;n03721384.pkl:13|class=432:n02804610.pkl:0;n02804610.pkl:5;n02804610.pkl:29|class=337:n02363005.pkl:4;n02363005.pkl:12;n02363005.pkl:50
vit,1264,496,-,58,41,20,5,0.07054735610085301,0.11359311079846396,0.0225208967500965,0.05519556168032476,0.6728662904731237,0.12080541405378735,class=833:n04347754.pkl:0;n04347754.pkl:6;n04347754.pkl:10|class=115:n01950731.pkl:1;n01950731.pkl:6;n01950731.pkl:7|class=845:n04376876.pkl:0;n04376876.pkl:2;n04376876.pkl:6
vit,1265,497,-,88,47,27,7,0.0585535669839281,0.1009654542173418,0.015449546340322216,0.033269004222136744,0.7497730035692793,0.06405815838120907,class=971:n09229709.pkl:5;n09229709.pkl:8;n09229709.pkl:9|class=358:n02443114.pkl:2;n02443114.pkl:9;n02443114.pkl:13|class=288:n02128385.pkl:22;n02128385.pkl:68;n02128385.pkl:73
vit,1266,498,-,54,37,24,13,0.13995303852884972,0.20700286011715757,0.05522267665662322,0.11336207245551337,0.6837031929692894,0.09655665458602694,class=497:n03028079.pkl:1;n03028079.pkl:4;n03028079.pkl:7|class=373:n02487347.pkl:1;n02487347.pkl:2;n02487347.pkl:3|class=282:n02123159.pkl:1;n02123159.pkl:4;n02123159.pkl:8
vit,1267,499,-,68,37,24,10,0.07771317933680012,0.128976770436932,0.02721710040295169,0.07382916946627054,0.6801036592611805,0.12291487206667333,class=483:n02980441.pkl:2;n02980441.pkl:4;n02980441.pkl:5|class=711:n03916031.pkl:7;n03916031.pkl:26;n03916031.pkl:29|class=982:n10148035.pkl:17;n10148035.pkl:48;n10148035.pkl:63
vit,1268,500,-,47,31,19,7,0.10077381698438347,0.14529277815730354,0.027485346085391778,0.048628892808551545,0.7405230053124693,0.08787878203632161,class=286:n02125311.pkl:4;n02125311.pkl:8;n02125311.pkl:11|class=466:n02917067.pkl:6;n02917067.pkl:7;n02917067.pkl:15|class=565:n03393912.pkl:5;n03393912.pkl:12;n03393912.pkl:36
vit,1269,501,-,19,14,8,4,0.1335456929658213,0.17911067910400957,0.03721035231270394,0.07237212713786473,0.6042137547787804,0.25172710912896995,class=142:n02033041.pkl:0;n02033041.pkl:3;n02033041.pkl:5|class=932:n07695742.pkl:0;n07695742.pkl:1;n07695742.pkl:9|class=268:n02113978.pkl:8;n02113978.pkl:19;n02113978.pkl:35
vit,1270,502,-,28,13,6,2,0.0795615675036867,0.17260222804900444,0.023175415218375347,0.07226930377596669,0.47173702926035194,0.38300619245648165,class=941:n07717410.pkl:2;n07717410.pkl:3;n07717410.pkl:5|class=527:n03180011.pkl:0;n03180011.pkl:9;n03180011.pkl:12|class=702:n03888605.pkl:16;n03888605.pkl:89;n03888605.pkl:118
vit,1271,503,-,82,45,26,7,0.0668033880113571,0.11917908264199617,0.02030188341767069,0.046421438130688684,0.7259337891677923,0.07595546866460738,class=536:n03216828.pkl:7;n03216828.pkl:14;n03216828.pkl:16|class=624:n03661043.pkl:0;n03661043.pkl:7;n03661043.pkl:12|class=256:n02111277.pkl:10;n02111277.pkl:17;n02111277.pkl:31
vit,1272,504,-,50,33,19,8,0.09029978610074534,0.13169303297443763,0.026483304783166278,0.0548376558013851,0.7099654034421232,0.1057518308022459,class=410:n02727426.pkl:0;n02727426.pkl:2;n02727426.pkl:4|class=586:n03478589.pkl:2;n03478589.pkl:6;n03478589.pkl:10|class=305:n02172182.pkl:1;n02172182.pkl:6;n02172182.pkl:12
vit,1273,505,-,18,7,4,0,0.03190040523412449,0.046936907640559564,0.005831172576446641,0.006663003749429148,0.8052265111897041,0.12809192599798505,class=18:n01582220.pkl:9;n01582220.pkl:30;n01582220.pkl:73|class=67:n01755581.pkl:243;n01755581.pkl:286;n01755581.pkl:325|class=144:n02051845.pkl:38;n02051845.pkl:142;n02051845.pkl:192
vit,1274,506,-,51,28,12,4,0.05778388222567357,0.11733979101570854,0.01761443282042019,0.043414832967801034,0.641955576728785,0.13872347687449058,class=241:n02108000.pkl:5;n02108000.pkl:6;n02108000.pkl:10|class=759:n04069434.pkl:1;n04069434.pkl:11;n04069434.pkl:14|class=392:n02606052.pkl:3;n02606052.pkl:4;n02606052.pkl:6
vit,1275,507,-,53,29,16,5,0.07410113743854026,0.13942931399332972,0.02631576115136494,0.09237257523441277,0.5638968960299844,0.2513440512424304,class=341:n02395406.pkl:5;n02395406.pkl:6;n02395406.pkl:7|class=911:n04599235.pkl:38;n04599235.pkl:39;n04599235.pkl:43|class=82:n01797886.pkl:10;n01797886.pkl:17;n01797886.pkl:55
vit,1276,508,-,51,29,14,4,0.05694400799700219,0.1147674752254763,0.021283951663546286,0.06747895267093207,0.5691614296106001,0.2166966510580016,class=107:n01910747.pkl:0;n01910747.pkl:4;n01910747.pkl:5|class=715:n03929855.pkl:7;n03929855.pkl:8;n03929855.pkl:9|class=537:n03218198.pkl:56;n03218198.pkl:65;n03218198.pkl:71
vit,1277,509,-,42,32,11,7,0.13332461040675825,0.22824671080349626,0.05254199650090734,0.1474373761928989,0.5604792369133539,0.21128857819715238,class=321:n02276258.pkl:0;n02276258.pkl:1;n02276258.pkl:2|class=90:n01820546.pkl:0;n01820546.pkl:3;n01820546.pkl:5|class=31:n01644373.pkl:1;n01644373.pkl:8;n01644373.pkl:13
vit,1278,510,-,69,46,26,12,0.11019349655149088,0.18496953439074354,0.04177943119188065,0.09646485453035665,0.6699098269624364,0.09175442356218243,class=372:n02486410.pkl:5;n02486410.pkl:6;n02486410.pkl:8|class=87:n01817953.pkl:0;n01817953.pkl:5;n01817953.pkl:13|class=251:n02110341.pkl:4;n02110341.pkl:6;n02110341.pkl:7
vit,1279,511,-,98,55,29,10,0.06279826393752896,0.13337056789018634,0.0230457317936896,0.06733067448085135,0.6767637225319872,0.09730422057745797,class=162:n02088364.pkl:2;n02088364.pkl:4;n02088364.pkl:5|class=393:n02607072.pkl:2;n02607072.pkl:3;n02607072.pkl:7|class=185:n02094114.pkl:9;n02094114.pkl:10;n02094114.pkl:12
vit,1280,512,-,69,49,29,13,0.1338314436831318,0.19996575141571998,0.048923946936637,0.11183542158073534,0.6856431615619183,0.09022253355749493,class=22:n01614925.pkl:0;n01614925.pkl:4;n01614925.pkl:5|class=9:n01518878.pkl:0;n01518878.pkl:2;n01518878.pkl:3|class=819:n04296562.pkl:0;n04296562.pkl:1;n04296562.pkl:6
vit,1281,513,-,103,58,38,14,0.07715919328497568,0.13780125856788375,0.030031671163905305,0.06981390588235549,0.7190639785013802,0.06217590884900311,class=294:n02132136.pkl:2;n02132136.pkl:3;n02132136.pkl:14|class=83:n01798484.pkl:0;n01798484.pkl:4;n01798484.pkl:5|class=828:n04332243.pkl:2;n04332243.pkl:6;n04332243.pkl:7
vit,1282,514,-,46,23,15,6,0.09652446266042544,0.2042026478790462,0.05362691627453386,0.16864898975715037,0.49605007041117744,0.23674187693345888,class=130:n02007558.pkl:0;n02007558.pkl:1;n02007558.pkl:2|class=957:n07768694.pkl:2;n07768694.pkl:3;n07768694.pkl:5|class=110:n01924916.pkl:1;n01924916.pkl:6;n01924916.pkl:8
vit,1283,515,-,53,35,25,10,0.11069884150007625,0.1649115248121976,0.043154707926990644,0.08882736987049661,0.6920120053498383,0.09880741454385178,class=340:n02391049.pkl:1;n02391049.pkl:2;n02391049.pkl:3|class=430:n02802426.pkl:0;n02802426.pkl:4;n02802426.pkl:6|class=785:n04162706.pkl:7;n04162706.pkl:10;n04162706.pkl:11
vit,1284,516,-,80,39,22,7,0.054033165034524225,0.10924411454637606,0.019237830037606367,0.05542433310077171,0.6656499112348415,0.11625255448043419,class=682:n03837869.pkl:0;n03837869.pkl:1;n03837869.pkl:6|class=613:n03602883.pkl:0;n03602883.pkl:2;n03602883.pkl:10|class=697:n03877472.pkl:10;n03877472.pkl:18;n03877472.pkl:21
vit,1285,517,-,112,64,44,14,0.07271848998731534,0.12871861725169018,0.025467956535198157,0.055616874799722785,0.7437544768815336,0.05150869724431252,class=280:n02120505.pkl:2;n02120505.pkl:4;n02120505.pkl:7|class=647:n03733805.pkl:2;n03733805.pkl:4;n03733805.pkl:8|class=359:n02443484.pkl:2;n02443484.pkl:6;n02443484.pkl:10
vit,1286,518,-,38,22,12,4,0.06612219646571905,0.08479047727282492,0.014147762735092127,0.020472367725314473,0.7788266967240263,0.081419014196862,class=888:n04532670.pkl:3;n04532670.pkl:4;n04532670.pkl:69|class=575:n03445924.pkl:50;n03445924.pkl:96;n03445924.pkl:107|class=192:n02096177.pkl:1;n02096177.pkl:11;n02096177.pkl:22
vit,1287,519,-,63,35,17,7,0.0684193741260604,0.13193122048624908,0.021746792580304205,0.05444085441956606,0.6688553099848662,0.11534914818600725,class=33:n01664065.pkl:2;n01664065.pkl:4;n01664065.pkl:5|class=369:n02483708.pkl:9;n02483708.pkl:10;n02483708.pkl:12|class=654:n03769881.pkl:42;n03769881.pkl:63;n03769881.pkl:75
vit,1288,520,-,82,42,22,12,0.08676268358854401,0.18975137521887006,0.04764389518536246,0.1569526155765518,0.5595916368218651,0.14454048862835348,class=302:n02167151.pkl:0;n02167151.pkl:1;n02167151.pkl:2|class=95:n01843065.pkl:1;n01843065.pkl:2;n01843065.pkl:3|class=312:n02229544.pkl:0;n02229544.pkl:1;n02229544.pkl:3
vit,1289,521,-,56,36,15,6,0.057891244042315104,0.09710008087306606,0.014702951790963068,0.029361220564733132,0.7336558249020627,0.08906880415512004,class=687:n03854065.pkl:14;n03854065.pkl:22;n03854065.pkl:26|class=189:n02095570.pkl:6;n02095570.pkl:7;n02095570.pkl:16|class=446:n02840245.pkl:18;n02840245.pkl:64;n02840245.pkl:83
vit,1290,522,-,73,38,23,5,0.050147620420763886,0.09659564483348954,0.014939481098998121,0.03162412316130051,0.7388676179760842,0.07508092187418426,class=196:n02097047.pkl:12;n02097047.pkl:15;n02097047.pkl:25|class=127:n02002556.pkl:6;n02002556.pkl:9;n02002556.pkl:12|class=186:n02094258.pkl:29;n02094258.pkl:32;n02094258.pkl:62
vit,1291,523,-,59,33,13,9,0.08029321805276769,0.1447967840838117,0.028981102953622696,0.0674674734678307,0.6378846109669981,0.10880505383672769,class=630:n03680355.pkl:1;n03680355.pkl:3;n03680355.pkl:6|class=988:n12267677.pkl:7;n12267677.pkl:10;n12267677.pkl:11|class=488:n02999410.pkl:1;n02999410.pkl:2;n02999410.pkl:7
vit,1292,524,-,41,33,19,6,0.09998748124347251,0.12549936719942853,0.02771519721314398,0.049834041703653735,0.7343719444649554,0.10324582189886254,class=970:n09193705.pkl:6;n09193705.pkl:13;n09193705.pkl:16|class=654:n03769881.pkl:1;n03769881.pkl:8;n03769881.pkl:13|class=392:n02606052.pkl:2;n02606052.pkl:8;n02606052.pkl:15
vit,1293,525,-,75,59,39,20,0.1439682117633788,0.19548782572300258,0.042840283502554685,0.0864066443417646,0.7502704465042082,0.06757441517171056,class=622:n03657121.pkl:0;n03657121.pkl:4;n03657121.pkl:5|class=350:n02417914.pkl:2;n02417914.pkl:7;n02417914.pkl:11|class=774:n04133789.pkl:0;n04133789.pkl:4;n04133789.pkl:6
vit,1294,526,-,57,30,17,9,0.10088147682773337,0.20289065564117972,0.047963474820120235,0.12894618167683622,0.5799717345160431,0.14434432261758,class=544:n03259280.pkl:0;n03259280.pkl:1;n03259280.pkl:2|class=933:n07697313.pkl:2;n07697313.pkl:3;n07697313.pkl:4|class=858:n04435653.pkl:4;n04435653.pkl:5;n04435653.pkl:7
vit,1295,527,-,68,37,25,10,0.09981649307917421,0.18518879618606604,0.03704322560943818,0.10274466056099632,0.6300740721840844,0.12783958926347294,class=800:n04243546.pkl:1;n04243546.pkl:4;n04243546.pkl:5|class=364:n02457408.pkl:1;n02457408.pkl:7;n02457408.pkl:8|class=637:n03710193.pkl:1;n03710193.pkl:7;n03710193.pkl:11
vit,1296,528,-,25,16,13,8,0.19141783451670213,0.25632514319341554,0.07340352202727457,0.13720947116290635,0.644050521505075,0.17976369540410203,class=117:n01968897.pkl:0;n01968897.pkl:1;n01968897.pkl:2|class=705:n03895866.pkl:4;n03895866.pkl:9;n03895866.pkl:11|class=798:n04238763.pkl:6;n04238763.pkl:7;n04238763.pkl:16
vit,1297,529,-,47,27,19,6,0.12226406647912146,0.22686471622432341,0.05684883483614825,0.14683906276623243,0.5677330305405438,0.16322882395631766,class=570:n03424325.pkl:4;n03424325.pkl:5;n03424325.pkl:6|class=535:n03208938.pkl:1;n03208938.pkl:3;n03208938.pkl:4|class=139:n02025239.pkl:0;n02025239.pkl:3;n02025239.pkl:5
vit,1298,530,-,25,16,8,5,0.13307302857061798,0.21218097811243375,0.05628884496202231,0.11476234804772892,0.5763354184730266,0.20627010378333838,class=429:n02799071.pkl:0;n02799071.pkl:1;n02799071.pkl:5|class=42:n01687978.pkl:0;n01687978.pkl:1;n01687978.pkl:2|class=493:n03016953.pkl:1;n03016953.pkl:5;n03016953.pkl:12
vit,1299,531,-,75,48,21,10,0.0892392806973753,0.15998882720861193,0.03211446642808959,0.09796297311547297,0.6112442512374443,0.1374017470495191,class=195:n02096585.pkl:0;n02096585.pkl:1;n02096585.pkl:4|class=496:n03026506.pkl:2;n03026506.pkl:6;n03026506.pkl:12|class=444:n02835271.pkl:2;n02835271.pkl:25;n02835271.pkl:26
vit,1300,532,-,84,45,30,14,0.07905323971221982,0.1397914421805263,0.03379882023215301,0.07556942357455147,0.6938329620968767,0.07141748883884155,class=974:n09288635.pkl:0;n09288635.pkl:1;n09288635.pkl:2|class=507:n03075370.pkl:0;n03075370.pkl:4;n03075370.pkl:7|class=819:n04296562.pkl:5;n04296562.pkl:9;n04296562.pkl:11
vit,1301,533,-,29,11,5,3,0.06764581613492714,0.14946699031410962,0.017279023251600693,0.05094505339325699,0.4898083014500733,0.33423860862268656,class=746:n04019541.pkl:3;n04019541.pkl:6;n04019541.pkl:31|class=690:n03868242.pkl:13;n03868242.pkl:14;n03868242.pkl:16|class=670:n03791053.pkl:23;n03791053.pkl:41;n03791053.pkl:73
vit,1302,534,-,100,59,34,20,0.09246871514365833,0.15950342352087285,0.03253694947737674,0.0707070884629729,0.7194439355798381,0.05722503006180975,class=963:n07873807.pkl:0;n07873807.pkl:2;n07873807.pkl:3|class=916:n06359193.pkl:2;n06359193.pkl:4;n06359193.pkl:9|class=904:n04589890.pkl:5;n04589890.pkl:8;n04589890.pkl:11
vit,1303,535,-,69,34,20,7,0.05651806075990404,0.10009990982710998,0.017316249576705474,0.03906278752312437,0.7050265741874634,0.08824405681180002,class=888:n04532670.pkl:1;n04532670.pkl:15;n04532670.pkl:18|class=474:n02963159.pkl:5;n02963159.pkl:12;n02963159.pkl:15|class=817:n04285008.pkl:12;n04285008.pkl:16;n04285008.pkl:22
vit,1304,536,-,20,9,3,1,0.04600091318856122,0.12207205819084413,0.013812730739847612,0.04702985819846847,0.3383009734031985,0.6296398709287123,class=574:n03445777.pkl:19;n03445777.pkl:27;n03445777.pkl:37|class=891:n04542943.pkl:99;n04542943.pkl:171;n04542943.pkl:275|class=204:n02098413.pkl:93;n02098413.pkl:104;n02098413.pkl:154
vit,1305,537,-,66,35,23,5,0.052167686371988965,0.08077964978450819,0.015836243096287048,0.030281213739483837,0.7510785800855707,0.07055005297019028,class=178:n02092339.pkl:26;n02092339.pkl:33;n02092339.pkl:36|class=913:n04606251.pkl:4;n04606251.pkl:20;n04606251.pkl:43|class=537:n03218198.pkl:3;n03218198.pkl:13;n03218198.pkl:14
vit,1306,538,-,29,14,7,5,0.07785007844958629,0.13054129451964325,0.02047233951364022,0.03862104265947515,0.6557630901389571,0.15720267203600735,class=8:n01514859.pkl:26;n01514859.pkl:28;n01514859.pkl:35|class=215:n02101388.pkl:2;n02101388.pkl:6;n02101388.pkl:15|class=732:n03976467.pkl:11;n03976467.pkl:26;n03976467.pkl:27
vit,1307,539,-,54,31,19,6,0.08129676716520079,0.13877771952636525,0.023124990989705715,0.05045457905937906,0.6925252216687618,0.10667297461585198,class=368:n02483362.pkl:8;n02483362.pkl:11;n02483362.pkl:14|class=477:n02966687.pkl:1;n02966687.pkl:4;n02966687.pkl:15|class=335:n02356798.pkl:6;n02356798.pkl:13;n02356798.pkl:34
vit,1308,540,-,102,63,28,10,0.06252067958853585,0.11081974389733008,0.01738121303791257,0.03481626799763076,0.7561982302465302,0.049141180662685816,class=266:n02113712.pkl:1;n02113712.pkl:8;n02113712.pkl:17|class=177:n02092002.pkl:2;n02092002.pkl:7;n02092002.pkl:21|class=685:n03841143.pkl:7;n03841143.pkl:10;n03841143.pkl:12
vit,1309,541,-,47,27,17,4,0.09069480813788357,0.14154338824804635,0.023632901756206665,0.05584726514303847,0.6736908742839601,0.1400917575553507,class=710:n03908714.pkl:3;n03908714.pkl:5;n03908714.pkl:8|class=300:n02165105.pkl:1;n02165105.pkl:2;n02165105.pkl:11|class=499:n03041632.pkl:29;n03041632.pkl:43;n03041632.pkl:61
vit,1310,542,-,63,46,28,14,0.12997796430158345,0.1842205501279499,0.04552736729370951,0.08844435731732125,0.7297417763947917,0.07577685235283546,class=402:n02676566.pkl:3;n02676566.pkl:4;n02676566.pkl:5|class=1:n01443537.pkl:1;n01443537.pkl:2;n01443537.pkl:6|class=338:n02364673.pkl:1;n02364673.pkl:3;n02364673.pkl:4
vit,1311,543,-,30,13,7,4,0.07413273191671153,0.14366584898282636,0.021748935129486117,0.055274067722437134,0.5561897620366703,0.24863411277824532,class=739:n03992509.pkl:1;n03992509.pkl:5;n03992509.pkl:12|class=561:n03384352.pkl:23;n03384352.pkl:24;n03384352.pkl:35|class=222:n02104029.pkl:4;n02104029.pkl:43;n02104029.pkl:56
vit,1312,544,-,18,10,4,0,0.0320451377730761,0.03421727818786941,0.0052928504629224885,0.0050302928143928565,0.8570764146391331,0.10573603181299214,class=382:n02494079.pkl:66;n02494079.pkl:168;n02494079.pkl:250|class=281:n02123045.pkl:92;n02123045.pkl:97;n02123045.pkl:298|class=575:n03445924.pkl:119;n03445924.pkl:135;n03445924.pkl:201
vit,1313,545,-,30,18,12,5,0.11121249765588129,0.18811539906515892,0.028736688630060334,0.05068222804836905,0.679647411561678,0.13701851623161523,class=271:n02114712.pkl:9;n02114712.pkl:29;n02114712.pkl:34|class=621:n03649909.pkl:10;n03649909.pkl:13;n03649909.pkl:18|class=233:n02106382.pkl:2;n02106382.pkl:3;n02106382.pkl:8
vit,1314,546,-,70,44,21,5,0.04851896027323909,0.06962590009439706,0.012524551619564589,0.020272284252553136,0.7997728982823415,0.05171253701969971,class=924:n07583066.pkl:5;n07583066.pkl:9;n07583066.pkl:11|class=144:n02051845.pkl:3;n02051845.pkl:4;n02051845.pkl:33|class=956:n07760859.pkl:44;n07760859.pkl:59;n07760859.pkl:70
vit,1315,547,-,88,53,31,6,0.05706923144697543,0.11237979217585929,0.01845164013649608,0.047190313101296254,0.7172008600651798,0.08569174702085758,class=257:n02111500.pkl:0;n02111500.pkl:2;n02111500.pkl:6|class=162:n02088364.pkl:4;n02088364.pkl:6;n02088364.pkl:15|class=238:n02107574.pkl:17;n02107574.pkl:18;n02107574.pkl:25
vit,1316,548,-,67,49,33,8,0.09145758662531728,0.11600096771749019,0.025390561791205146,0.04533073931252758,0.7816143657199194,0.06249899116164719,class=579:n03452741.pkl:3;n03452741.pkl:5;n03452741.pkl:6|class=411:n02730930.pkl:2;n02730930.pkl:3;n02730930.pkl:5|class=671:n03792782.pkl:4;n03792782.pkl:9;n03792782.pkl:22
vit,1317,549,-,106,52,26,11,0.048152612426820555,0.10686228333588141,0.01581204364092465,0.04713570534122798,0.6973542203417236,0.0932675681559783,class=153:n02085936.pkl:1;n02085936.pkl:2;n02085936.pkl:3|class=168:n02090379.pkl:6;n02090379.pkl:16;n02090379.pkl:21|class=894:n04550184.pkl:42;n04550184.pkl:84;n04550184.pkl:85
vit,1318,550,-,41,19,8,2,0.04063926585499322,0.0880367607475654,0.011387157083217435,0.030448499038947925,0.6244567292113026,0.19877852531483076,class=649:n03743016.pkl:4;n03743016.pkl:7;n03743016.pkl:13|class=722:n03942813.pkl:0;n03942813.pkl:1;n03942813.pkl:27|class=549:n03291819.pkl:1;n03291819.pkl:60;n03291819.pkl:170
vit,1319,551,-,65,35,27,8,0.08567186069856604,0.145463594675266,0.030285481799929716,0.08033391385166685,0.6646967911614393,0.12363152880930776,class=331:n02326432.pkl:5;n02326432.pkl:9;n02326432.pkl:10|class=937:n07714990.pkl:4;n07714990.pkl:5;n07714990.pkl:12|class=103:n01873310.pkl:1;n01873310.pkl:6;n01873310.pkl:7
vit,1320,552,-,89,39,20,7,0.03996630289404948,0.08125982449788931,0.012550565335023078,0.031590932533712715,0.7121739118892193,0.08242420354303727,class=233:n02106382.pkl:1;n02106382.pkl:5;n02106382.pkl:11|class=871:n04483307.pkl:0;n04483307.pkl:6;n04483307.pkl:16|class=149:n02074367.pkl:22;n02074367.pkl:24;n02074367.pkl:37
vit,1321,553,-,49,27,14,5,0.06576075560953895,0.09224173289689606,0.017196536593535473,0.031799511737918014,0.7294115173179412,0.09019328605457172,class=226:n02105251.pkl:15;n02105251.pkl:20;n02105251.pkl:23|class=593:n03494278.pkl:4;n03494278.pkl:27;n03494278.pkl:34|class=604:n03544143.pkl:7;n03544143.pkl:15;n03544143.pkl:22
vit,1322,554,-,55,35,23,8,0.10949821410286417,0.20803812017731554,0.05583408243074128,0.1572938765888437,0.5633732365829874,0.16248043749161015,class=547:n03272562.pkl:1;n03272562.pkl:2;n03272562.pkl:3|class=309:n02206856.pkl:0;n02206856.pkl:3;n02206856.pkl:7|class=958:n07802026.pkl:4;n07802026.pkl:10;n07802026.pkl:13
vit,1323,555,-,71,43,20,11,0.08383372416911856,0.14363981128894754,0.02743720981470657,0.06000804984542744,0.6844060370534794,0.08145671630885165,class=775:n04136333.pkl:1;n04136333.pkl:5;n04136333.pkl:15|class=769:n04118776.pkl:1;n04118776.pkl:3;n04118776.pkl:9|class=601:n03534580.pkl:0;n03534580.pkl:1;n03534580.pkl:5
vit,1324,556,-,66,41,29,15,0.09987338842549845,0.14568340559279516,0.03689363020229615,0.0722806582908659,0.7364411738656016,0.07330791075731176,class=85:n01806567.pkl:2;n01806567.pkl:6;n01806567.pkl:7|class=609:n03594945.pkl:3;n03594945.pkl:14;n03594945.pkl:16|class=545:n03271574.pkl:2;n03271574.pkl:12;n03271574.pkl:14
vit,1325,557,-,52,35,20,7,0.10443810221843576,0.16174951257656497,0.0332305288733827,0.09927066919904376,0.6252223497726,0.19084924834500738,class=565:n03393912.pkl:0;n03393912.pkl:1;n03393912.pkl:3|class=562:n03388043.pkl:1;n03388043.pkl:7;n03388043.pkl:8|class=503:n03062245.pkl:0;n03062245.pkl:5;n03062245.pkl:40
vit,1326,558,-,57,36,19,6,0.09033009311601471,0.1542804107516307,0.027527883098279537,0.0667083281356825,0.6525875998076585,0.12056814874933951,class=444:n02835271.pkl:3;n02835271.pkl:5;n02835271.pkl:6|class=619:n03637318.pkl:6;n03637318.pkl:9;n03637318.pkl:14|class=563:n03388183.pkl:1;n03388183.pkl:5;n03388183.pkl:14
vit,1327,559,-,5,2,1,0,0.04413528246769899,0.07046722791189367,0.0061707258963312715,0.008565518507167249,0.50904055132701,0.5853583735079577,class=183:n02093859.pkl:14;n02093859.pkl:34;n02093859.pkl:52|class=915:n04613696.pkl:476;n04613696.pkl:638;n04613696.pkl:742|class=838:n04357314.pkl:664
vit,1328,560,-,43,22,11,1,0.04406177639028692,0.077047827878244,0.010244814572073475,0.018488663296546658,0.7553090026566428,0.09899739507374536,class=499:n03041632.pkl:2;n03041632.pkl:4;n03041632.pkl:6|class=587:n03481172.pkl:12;n03481172.pkl:85;n03481172.pkl:122|class=693:n03873416.pkl:27;n03873416.pkl:50;n03873416.pkl:67
vit,1329,561,-,39,25,16,8,0.1270736811762069,0.18658681573783123,0.036020454736023104,0.07140919337985469,0.6779659334991399,0.12641427571694216,class=557:n03355925.pkl:2;n03355925.pkl:4;n03355925.pkl:5|class=232:n02106166.pkl:1;n02106166.pkl:6;n02106166.pkl:7|class=251:n02110341.pkl:5;n02110341.pkl:8;n02110341.pkl:43
vit,1330,562,-,89,39,15,4,0.028162365996537663,0.06166047254982911,0.009609552003773005,0.022667767719971622,0.7431092280205647,0.0737562787700296,class=657:n03773504.pkl:2;n03773504.pkl:8;n03773504.pkl:10|class=549:n03291819.pkl:4;n03291819.pkl:13;n03291819.pkl:23|class=791:n04204347.pkl:12;n04204347.pkl:13;n04204347.pkl:14
vit,1331,563,-,29,23,14,5,0.13566311640637585,0.17918336343583463,0.04509801381807269,0.10070410468588732,0.6515860058636821,0.20642457758988642,class=522:n03134739.pkl:1;n03134739.pkl:3;n03134739.pkl:5|class=822:n04311174.pkl:14;n04311174.pkl:21;n04311174.pkl:29|class=316:n02256656.pkl:8;n02256656.pkl:10;n02256656.pkl:17
vit,1332,564,-,55,31,17,5,0.06526053354008897,0.11858549527906011,0.019601354676201978,0.04856885120256631,0.6655775784633611,0.12981178582053116,class=342:n02396427.pkl:4;n02396427.pkl:15;n02396427.pkl:17|class=928:n07614500.pkl:3;n07614500.pkl:8;n07614500.pkl:9|class=732:n03976467.pkl:14;n03976467.pkl:25;n03976467.pkl:33
vit,1333,565,-,44,30,17,4,0.08721517258699539,0.13678736924851986,0.021822889391554884,0.0454111030819104,0.6965355425087787,0.12113901567228885,class=639:n03710721.pkl:13;n03710721.pkl:15;n03710721.pkl:18|class=493:n03016953.pkl:21;n03016953.pkl:29;n03016953.pkl:32|class=125:n01986214.pkl:32;n01986214.pkl:36;n01986214.pkl:37
vit,1334,566,-,44,22,10,6,0.08267923969025963,0.17553552679029855,0.03969852555221829,0.1309167354513225,0.4914186065398922,0.26989337224179694,class=14:n01537544.pkl:0;n01537544.pkl:1;n01537544.pkl:2|class=25:n01629819.pkl:5;n01629819.pkl:11;n01629819.pkl:13|class=592:n03492542.pkl:9;n03492542.pkl:19;n03492542.pkl:24
vit,1335,567,-,73,41,24,12,0.07788346821310338,0.13364674237563784,0.02933514423120592,0.06150428108841486,0.7037964534665735,0.07391455722447632,class=715:n03929855.pkl:0;n03929855.pkl:1;n03929855.pkl:2|class=406:n02699494.pkl:3;n02699494.pkl:14;n02699494.pkl:23|class=393:n02607072.pkl:3;n02607072.pkl:12;n02607072.pkl:13
vit,1336,568,-,57,34,19,7,0.06674113663559963,0.10767874142499524,0.021952932783590562,0.04247613985294423,0.7195764575815788,0.08322340428471019,class=345:n02403003.pkl:2;n02403003.pkl:24;n02403003.pkl:28|class=788:n04200800.pkl:5;n04200800.pkl:6;n04200800.pkl:33|class=757:n04065272.pkl:12;n04065272.pkl:16;n04065272.pkl:20
vit,1337,569,-,66,38,18,6,0.05819555308965191,0.10948477733417913,0.021567148823641732,0.06814793628047805,0.631385975932292,0.16642959777950733,class=532:n03201208.pkl:0;n03201208.pkl:3;n03201208.pkl:4|class=994:n13040303.pkl:7;n13040303.pkl:13;n13040303.pkl:18|class=593:n03494278.pkl:17;n03494278.pkl:29;n03494278.pkl:31
vit,1338,570,-,33,22,11,8,0.12455264113420429,0.19637792597700354,0.049753915676005324,0.1190601251538126,0.5967012795982548,0.20382888734153037,class=422:n02790996.pkl:0;n02790996.pkl:3;n02790996.pkl:4|class=376:n02489166.pkl:1;n02489166.pkl:2;n02489166.pkl:3|class=309:n02206856.pkl:2;n02206856.pkl:7;n02206856.pkl:9
vit,1339,571,-,216,128,98,38,0.08904739238988164,0.1703636497440947,0.047983737125984756,0.11546843211010781,0.7397146910281086,0.03143887860850838,class=709:n03908618.pkl:1;n03908618.pkl:5;n03908618.pkl:6|class=878:n04505470.pkl:0;n04505470.pkl:2;n04505470.pkl:4|class=724:n03947888.pkl:0;n03947888.pkl:1;n03947888.pkl:2
vit,1340,572,-,98,61,35,13,0.07376405619732448,0.1155363773339117,0.021584782654070662,0.04517817888754816,0.754129107000582,0.05490701333242618,class=885:n04525038.pkl:7;n04525038.pkl:8;n04525038.pkl:13|class=204:n02098413.pkl:1;n02098413.pkl:2;n02098413.pkl:3|class=905:n04590129.pkl:6;n04590129.pkl:10;n04590129.pkl:18
vit,1341,573,-,72,36,22,5,0.05850366690856901,0.1101840354599494,0.01762462378312078,0.04344808153058409,0.6897143320150072,0.09829404986873308,class=881:n04515003.pkl:0;n04515003.pkl:5;n04515003.pkl:7|class=411:n02730930.pkl:1;n02730930.pkl:21;n02730930.pkl:22|class=935:n07711569.pkl:4;n07711569.pkl:25;n07711569.pkl:29
vit,1342,574,-,71,35,21,4,0.054722848073064524,0.12424876589063806,0.022164715813378016,0.07533606096726557,0.5924223494924927,0.1767978374805497,class=175:n02091635.pkl:1;n02091635.pkl:2;n02091635.pkl:3|class=963:n07873807.pkl:0;n07873807.pkl:1;n07873807.pkl:15|class=672:n03792972.pkl:4;n03792972.pkl:8;n03792972.pkl:31
vit,1343,575,-,58,31,18,8,0.08506886077466537,0.162018165058138,0.03333682280253975,0.09697478787797374,0.6095375041016424,0.16313666870468013,class=642:n03721384.pkl:0;n03721384.pkl:1;n03721384.pkl:2|class=781:n04149813.pkl:4;n04149813.pkl:6;n04149813.pkl:12|class=406:n02699494.pkl:7;n02699494.pkl:21;n02699494.pkl:43
vit,1344,576,-,33,22,12,7,0.10143243014380515,0.14374289248239874,0.02468664513505355,0.03739808817806639,0.7376387139342601,0.09984719806128971,class=417:n02782093.pkl:2;n02782093.pkl:3;n02782093.pkl:4|class=669:n03788365.pkl:7;n03788365.pkl:19;n03788365.pkl:23|class=354:n02437312.pkl:7;n02437312.pkl:10;n02437312.pkl:11
vit,1345,577,-,70,38,30,12,0.09982516990009589,0.1618740466678137,0.03786171618669029,0.080388605229648,0.7091628629678877,0.07868637986143437,class=79:n01784675.pkl:0;n01784675.pkl:3;n01784675.pkl:4|class=796:n04229816.pkl:0;n04229816.pkl:4;n04229816.pkl:7|class=216:n02101556.pkl:5;n02101556.pkl:6;n02101556.pkl:7
vit,1346,578,-,53,25,14,3,0.054755114109463564,0.10742329025344768,0.013567689016515222,0.029326848905874062,0.6997543706425047,0.1070221578071294,class=77:n01775062.pkl:1;n01775062.pkl:16;n01775062.pkl:18|class=860:n04443257.pkl:8;n04443257.pkl:12;n04443257.pkl:36|class=235:n02106662.pkl:5;n02106662.pkl:14;n02106662.pkl:16
vit,1347,579,-,2,1,0,0,0.024125315663378732,0.021046023900484198,0.0019425438691157107,0.0011727209283920771,0.7182088942330602,0.6822290809327848,class=886:n04525305.pkl:46;n04525305.pkl:667;n04525305.pkl:721|class=986:n12057211.pkl:362
vit,1348,580,-,50,27,16,8,0.0755645706620992,0.13647650089438176,0.024501885542606773,0.05659112281766379,0.6658256626314308,0.12669095528397767,class=735:n03980874.pkl:3;n03980874.pkl:5;n03980874.pkl:8|class=964:n07875152.pkl:4;n07875152.pkl:6;n07875152.pkl:14|class=230:n02105855.pkl:10;n02105855.pkl:11;n02105855.pkl:12
vit,1349,581,-,49,31,19,7,0.09348487599900897,0.14167442399534083,0.025060674925001462,0.05283321901890107,0.7069873089087958,0.11111343696592497,class=347:n02410509.pkl:2;n02410509.pkl:5;n02410509.pkl:17|class=317:n02259212.pkl:5;n02259212.pkl:7;n02259212.pkl:19|class=645:n03733131.pkl:13;n03733131.pkl:24;n03733131.pkl:26
vit,1350,582,-,30,24,10,5,0.127740729948253,0.19575784697846454,0.03864324200325674,0.09732584931615297,0.5650432579977627,0.24477376677223353,class=283:n02123394.pkl:0;n02123394.pkl:2;n02123394.pkl:3|class=949:n07745940.pkl:0;n07745940.pkl:4;n07745940.pkl:5|class=870:n04482393.pkl:2;n04482393.pkl:4;n04482393.pkl:15
vit,1351,583,-,67,37,21,8,0.06677332940029371,0.11824778613270047,0.02274943272694727,0.05575879042734954,0.6783176813600539,0.10458785211745404,class=259:n02112018.pkl:1;n02112018.pkl:5;n02112018.pkl:6|class=410:n02727426.pkl:0;n02727426.pkl:3;n02727426.pkl:4|class=436:n02814533.pkl:22;n02814533.pkl:24;n02814533.pkl:30
vit,1352,584,-,105,59,34,14,0.0830573375337557,0.15627966435714877,0.035560554060449716,0.10347341704943006,0.6567179604483506,0.09016023085455874,class=152:n02085782.pkl:3;n02085782.pkl:4;n02085782.pkl:5|class=783:n04153751.pkl:1;n04153751.pkl:2;n04153751.pkl:5|class=34:n01665541.pkl:0;n01665541.pkl:2;n01665541.pkl:10
vit,1353,585,-,36,21,8,2,0.06818219248739169,0.1303458990553875,0.018744624001725465,0.05606664689065747,0.556487932847604,0.27629311678733254,class=559:n03376595.pkl:0;n03376595.pkl:10;n03376595.pkl:11|class=369:n02483708.pkl:7;n02483708.pkl:10;n02483708.pkl:13|class=739:n03992509.pkl:4;n03992509.pkl:50;n03992509.pkl:68
vit,1354,586,-,65,41,22,13,0.09280197550111101,0.1590949475461224,0.03417488125207167,0.08825384843209695,0.6748977981450983,0.11798285753969084,class=277:n02119022.pkl:0;n02119022.pkl:3;n02119022.pkl:5|class=675:n03796401.pkl:4;n03796401.pkl:13;n03796401.pkl:25|class=4:n01494475.pkl:2;n01494475.pkl:6;n01494475.pkl:26
vit,1355,587,-,76,50,36,11,0.09101496191426282,0.12343250668460179,0.02675958230751873,0.05332058864618392,0.7605651292158659,0.06539963286246114,class=461:n02895154.pkl:0;n02895154.pkl:3;n02895154.pkl:4|class=495:n03018349.pkl:0;n03018349.pkl:1;n03018349.pkl:4|class=850:n04399382.pkl:9;n04399382.pkl:10;n04399382.pkl:12
vit,1356,588,-,63,30,17,4,0.05057010200852033,0.11684248833534724,0.019009560413483645,0.059128534345572255,0.612360273712538,0.1694441283368711,class=611:n03598930.pkl:0;n03598930.pkl:2;n03598930.pkl:4|class=841:n04370456.pkl:1;n04370456.pkl:2;n04370456.pkl:5|class=606:n03584829.pkl:5;n03584829.pkl:15;n03584829.pkl:18
vit,1357,589,-,52,31,17,7,0.0695127045665984,0.09980676898572231,0.01718022498154296,0.030603009209690276,0.7485690739329499,0.08025007029281184,class=790:n04204238.pkl:10;n04204238.pkl:11;n04204238.pkl:22|class=704:n03891332.pkl:0;n03891332.pkl:8;n03891332.pkl:33|class=618:n03633091.pkl:1;n03633091.pkl:7;n03633091.pkl:9
vit,1358,590,-,66,34,16,5,0.07158672338845963,0.14508006041959992,0.021158487471517794,0.061650255622395435,0.6228458871754675,0.1437857567956517,class=652:n03763968.pkl:2;n03763968.pkl:3;n03763968.pkl:5|class=948:n07742313.pkl:0;n07742313.pkl:2;n07742313.pkl:3|class=79:n01784675.pkl:12;n01784675.pkl:16;n01784675.pkl:17
vit,1359,591,-,66,39,26,11,0.10199996341735432,0.15607925911628087,0.03110850314994313,0.059766610918549054,0.7268958096748269,0.07107768723698672,class=241:n02108000.pkl:0;n02108000.pkl:2;n02108000.pkl:3|class=526:n03179701.pkl:0;n03179701.pkl:2;n03179701.pkl:4|class=390:n02526121.pkl:6;n02526121.pkl:13;n02526121.pkl:15
vit,1360,592,-,89,43,22,6,0.04158861683073352,0.07978212467379162,0.012633621289208963,0.02911684933762169,0.740363436037115,0.07091791042309764,class=5:n01496331.pkl:2;n01496331.pkl:7;n01496331.pkl:9|class=159:n02087394.pkl:2;n02087394.pkl:24;n02087394.pkl:44|class=485:n02988304.pkl:1;n02988304.pkl:17;n02988304.pkl:70
vit,1361,593,-,74,46,22,6,0.06110998387334984,0.10896099081176008,0.01715529361861879,0.040448866335111855,0.7179147406218949,0.08863854678696688,class=189:n02095570.pkl:3;n02095570.pkl:7;n02095570.pkl:12|class=72:n01773157.pkl:1;n01773157.pkl:3;n01773157.pkl:11|class=296:n02134084.pkl:1;n02134084.pkl:13;n02134084.pkl:19
vit,1362,594,-,60,37,26,7,0.08784197352985086,0.15296931781576217,0.03486159528133856,0.11191610531214237,0.6080904331187892,0.18843354095881332,class=17:n01580077.pkl:0;n01580077.pkl:1;n01580077.pkl:3|class=98:n01855032.pkl:12;n01855032.pkl:17;n01855032.pkl:22|class=125:n01986214.pkl:8;n01986214.pkl:27;n01986214.pkl:28
vit,1363,595,-,35,23,13,5,0.08617244706430587,0.11765016157348951,0.022897820472739975,0.04276072934697617,0.7043064496764871,0.1282114636748152,class=832:n04346328.pkl:4;n04346328.pkl:6;n04346328.pkl:8|class=821:n04311004.pkl:3;n04311004.pkl:10;n04311004.pkl:18|class=668:n03788195.pkl:7;n03788195.pkl:13;n03788195.pkl:39
vit,1364,596,-,26,13,8,4,0.09694106273219588,0.15013646726135563,0.02307605348093346,0.04230438905725786,0.6607361405913776,0.16772459871780684,class=612:n03599486.pkl:0;n03599486.pkl:4;n03599486.pkl:8|class=191:n02096051.pkl:2;n02096051.pkl:7;n02096051.pkl:25|class=284:n02123597.pkl:21;n02123597.pkl:23;n02123597.pkl:36
vit,1365,597,-,64,37,21,8,0.08134558855313265,0.15122535052076147,0.028906307578284374,0.08740872146941324,0.6111245520626949,0.1584960783660095,class=297:n02134418.pkl:1;n02134418.pkl:2;n02134418.pkl:3|class=729:n03961711.pkl:13;n03961711.pkl:14;n03961711.pkl:37|class=517:n03126707.pkl:2;n03126707.pkl:9;n03126707.pkl:11
vit,1366,598,-,103,55,32,9,0.051653253393754074,0.08945549877417203,0.01452937746003595,0.026479575284257793,0.7925406229822004,0.041955847365657134,class=518:n03127747.pkl:1;n03127747.pkl:2;n03127747.pkl:3|class=206:n02099429.pkl:3;n02099429.pkl:13;n02099429.pkl:26|class=407:n02701002.pkl:26;n02701002.pkl:33;n02701002.pkl:37
vit,1367,599,-,49,32,17,4,0.0600387169463898,0.09153987198681982,0.014544406694432507,0.024600487871865907,0.7512222112722892,0.07879290187864535,class=792:n04208210.pkl:6;n04208210.pkl:19;n04208210.pkl:25|class=633:n03692522.pkl:8;n03692522.pkl:40;n03692522.pkl:48|class=781:n04149813.pkl:24;n04149813.pkl:25;n04149813.pkl:40
vit,1368,600,-,29,22,12,10,0.20188239860610155,0.2600927736076235,0.07863744896856141,0.1398618650977885,0.6545696788540251,0.14356192246196123,class=285:n02124075.pkl:3;n02124075.pkl:4;n02124075.pkl:5|class=732:n03976467.pkl:0;n03976467.pkl:1;n03976467.pkl:2|class=388:n02510455.pkl:0;n02510455.pkl:1;n02510455.pkl:6
vit,1369,601,-,71,34,15,5,0.05631955814484507,0.12689706325810923,0.018527061437789597,0.06062782207243841,0.5926998946920123,0.16490921834703415,class=238:n02107574.pkl:4;n02107574.pkl:6;n02107574.pkl:7|class=757:n04065272.pkl:9;n04065272.pkl:15;n04065272.pkl:38|class=177:n02092002.pkl:3;n02092002.pkl:4;n02092002.pkl:10
vit,1370,602,-,61,38,22,10,0.10403105779854513,0.1730084346991134,0.038771498524041784,0.09748496855247303,0.6506710572822506,0.12003174800022756,class=270:n02114548.pkl:0;n02114548.pkl:1;n02114548.pkl:5|class=829:n04335435.pkl:0;n04335435.pkl:3;n04335435.pkl:4|class=822:n04311174.pkl:3;n04311174.pkl:15;n04311174.pkl:19
vit,1371,603,-,93,55,27,7,0.0612038326767604,0.1150144449499981,0.016071191723428073,0.03541668359925208,0.7507599081135937,0.06297266448924789,class=331:n02326432.pkl:4;n02326432.pkl:7;n02326432.pkl:10|class=77:n01775062.pkl:2;n01775062.pkl:3;n01775062.pkl:25|class=714:n03929660.pkl:1;n03929660.pkl:13;n03929660.pkl:15
vit,1372,604,-,57,33,15,5,0.04551717170853581,0.08161569995171677,0.012078693673562447,0.02262175724943087,0.7512103878433084,0.07908108141410719,class=773:n04131690.pkl:3;n04131690.pkl:29;n04131690.pkl:33|class=738:n03991062.pkl:0;n03991062.pkl:9;n03991062.pkl:38|class=252:n02110627.pkl:23;n02110627.pkl:32;n02110627.pkl:47
vit,1373,605,-,82,41,25,8,0.05438457646368405,0.09257583383629042,0.015618582967717608,0.02855026439092135,0.7608859013042265,0.052944703980795156,class=572:n03443371.pkl:1;n03443371.pkl:2;n03443371.pkl:7|class=870:n04482393.pkl:0;n04482393.pkl:3;n04482393.pkl:11|class=662:n03777754.pkl:4;n03777754.pkl:7;n03777754.pkl:15
vit,1374,606,-,30,19,10,4,0.08763217036962888,0.13182985694933602,0.02101990180097111,0.03377838151247993,0.716850978522199,0.11941190516527894,class=98:n01855032.pkl:10;n01855032.pkl:19;n01855032.pkl:27|class=354:n02437312.pkl:0;n02437312.pkl:8;n02437312.pkl:18|class=229:n02105641.pkl:5;n02105641.pkl:15;n02105641.pkl:16
vit,1375,607,-,82,48,29,7,0.06659728428821451,0.12074752558162766,0.02412409074417312,0.06053676126395721,0.6843650576248504,0.08898829371083178,class=304:n02169497.pkl:7;n02169497.pkl:8;n02169497.pkl:11|class=777:n04141327.pkl:0;n04141327.pkl:14;n04141327.pkl:22|class=500:n03042490.pkl:1;n03042490.pkl:7;n03042490.pkl:12
vit,1376,608,-,99,53,38,19,0.09873286302750438,0.17634201425691387,0.04196910429966456,0.08745872550526493,0.719564993257757,0.053965359545864656,class=963:n07873807.pkl:0;n07873807.pkl:1;n07873807.pkl:3|class=489:n03000134.pkl:4;n03000134.pkl:6;n03000134.pkl:7|class=229:n02105641.pkl:1;n02105641.pkl:2;n02105641.pkl:3
vit,1377,609,-,34,25,11,4,0.09863054268491231,0.1401438178565467,0.024096467918482512,0.06267432187432719,0.626632929099985,0.22838451102855797,class=591:n03485794.pkl:1;n03485794.pkl:3;n03485794.pkl:4|class=90:n01820546.pkl:19;n01820546.pkl:21;n01820546.pkl:30|class=357:n02442845.pkl:2;n02442845.pkl:6;n02442845.pkl:15
vit,1378,610,-,55,34,15,7,0.05959811518971001,0.11205680324854707,0.019599567498703754,0.040802584897078546,0.7033495660457071,0.09698063360078384,class=905:n04590129.pkl:4;n04590129.pkl:6;n04590129.pkl:7|class=755:n04044716.pkl:11;n04044716.pkl:28;n04044716.pkl:32|class=434:n02808304.pkl:7;n02808304.pkl:9;n02808304.pkl:13
vit,1379,611,-,43,27,14,6,0.07357786503742023,0.12784338534336892,0.02318636819822599,0.04692243886785854,0.6904794890216175,0.11849753671438845,class=661:n03777568.pkl:0;n03777568.pkl:3;n03777568.pkl:7|class=53:n01728920.pkl:0;n01728920.pkl:3;n01728920.pkl:7|class=726:n03954731.pkl:1;n03954731.pkl:6;n03954731.pkl:27
vit,1380,612,-,57,39,15,3,0.058147424694976656,0.09554197465849412,0.01638907754426742,0.03790178945111471,0.7068124272058622,0.11137252819445823,class=911:n04599235.pkl:6;n04599235.pkl:9;n04599235.pkl:13|class=265:n02113624.pkl:0;n02113624.pkl:6;n02113624.pkl:23|class=801:n04251144.pkl:4;n04251144.pkl:13;n04251144.pkl:16
vit,1381,613,-,58,35,19,7,0.08340917752205634,0.1505117349000108,0.02566234514636637,0.06510056967661539,0.6577328344670533,0.12819689619412444,class=139:n02025239.pkl:1;n02025239.pkl:4;n02025239.pkl:6|class=294:n02132136.pkl:4;n02132136.pkl:6;n02132136.pkl:15|class=850:n04399382.pkl:8;n04399382.pkl:17;n04399382.pkl:24
vit,1382,614,-,70,39,23,6,0.055988946663640224,0.0772999309914799,0.014979788252355353,0.02643500241203759,0.7780185381802305,0.05877437376495449,class=436:n02814533.pkl:3;n02814533.pkl:4;n02814533.pkl:26|class=398:n02666196.pkl:1;n02666196.pkl:3;n02666196.pkl:14|class=813:n04270147.pkl:9;n04270147.pkl:22;n04270147.pkl:28
vit,1383,615,-,25,20,6,2,0.07043524244322762,0.10861044749687543,0.01686926691143851,0.04021041155587152,0.6190133754137925,0.26727130618355743,class=261:n02112350.pkl:0;n02112350.pkl:12;n02112350.pkl:16|class=730:n03967562.pkl:7;n03967562.pkl:37;n03967562.pkl:60|class=154:n02086079.pkl:12;n02086079.pkl:59;n02086079.pkl:72
vit,1384,616,-,73,50,32,11,0.09227261838976687,0.13723558797926677,0.027615056459157634,0.05707104527014344,0.7328405548860959,0.07220685510110565,class=854:n04418357.pkl:0;n04418357.pkl:5;n04418357.pkl:6|class=829:n04335435.pkl:3;n04335435.pkl:9;n04335435.pkl:10|class=222:n02104029.pkl:0;n02104029.pkl:3;n02104029.pkl:6
vit,1385,617,-,68,45,30,16,0.12541242849344547,0.18648352613920086,0.04758581042054498,0.12737108530228688,0.6638918395718454,0.12006638791899564,class=53:n01728920.pkl:0;n01728920.pkl:1;n01728920.pkl:3|class=964:n07875152.pkl:0;n07875152.pkl:1;n07875152.pkl:2|class=774:n04133789.pkl:1;n04133789.pkl:3;n04133789.pkl:11
vit,1386,618,-,44,24,17,6,0.09955115906380475,0.15829731000559072,0.03152379593739367,0.07354979724588695,0.6396522607713213,0.14644538026089843,class=889:n04536866.pkl:0;n04536866.pkl:1;n04536866.pkl:3|class=283:n02123394.pkl:2;n02123394.pkl:3;n02123394.pkl:6|class=63:n01748264.pkl:7;n01748264.pkl:8;n01748264.pkl:12
vit,1387,619,-,38,26,11,3,0.06812207923381866,0.10305243552689085,0.013722998033586172,0.022162061032647274,0.7560121930483242,0.0949496921082582,class=186:n02094258.pkl:11;n02094258.pkl:18;n02094258.pkl:25|class=461:n02895154.pkl:15;n02895154.pkl:17;n02895154.pkl:22|class=114:n01945685.pkl:1;n01945685.pkl:13;n01945685.pkl:18
vit,1388,620,-,78,52,36,17,0.12722086161624555,0.21000860434580154,0.059325100478471386,0.1445768247976651,0.6715848554221963,0.08896277884527548,class=685:n03841143.pkl:0;n03841143.pkl:1;n03841143.pkl:2|class=143:n02037110.pkl:2;n02037110.pkl:5;n02037110.pkl:7|class=48:n01695060.pkl:5;n01695060.pkl:8;n01695060.pkl:9
vit,1389,621,-,133,73,47,20,0.0739016005815538,0.13933653539064933,0.03343788355535969,0.08844822493036103,0.7038073397388227,0.06012646367351658,class=277:n02119022.pkl:0;n02119022.pkl:2;n02119022.pkl:3|class=445:n02837789.pkl:0;n02837789.pkl:1;n02837789.pkl:2|class=649:n03743016.pkl:4;n03743016.pkl:7;n03743016.pkl:10
vit,1390,622,-,83,54,25,10,0.06515303379755116,0.11445963704651364,0.019736624261969413,0.04213444426785708,0.7356130973467575,0.06695809892028544,class=625:n03662601.pkl:0;n03662601.pkl:4;n03662601.pkl:12|class=292:n02129604.pkl:1;n02129604.pkl:4;n02129604.pkl:8|class=351:n02422106.pkl:9;n02422106.pkl:11;n02422106.pkl:25
vit,1391,623,-,77,45,34,15,0.09616158896950922,0.14789123271423443,0.03139836766634555,0.05810331333933732,0.7527288158083358,0.05746006465298411,class=937:n07714990.pkl:1;n07714990.pkl:5;n07714990.pkl:9|class=551:n03314780.pkl:11;n03314780.pkl:17;n03314780.pkl:24|class=497:n03028079.pkl:0;n03028079.pkl:14;n03028079.pkl:16
vit,1392,624,-,35,20,11,4,0.07970619503963741,0.16608997029905545,0.025779144236090436,0.0639654130556008,0.5967043381885468,0.20447934321664804,class=554:n03344393.pkl:0;n03344393.pkl:1;n03344393.pkl:3|class=107:n01910747.pkl:1;n01910747.pkl:12;n01910747.pkl:23|class=618:n03633091.pkl:13;n03633091.pkl:23;n03633091.pkl:26
vit,1393,625,-,54,29,18,8,0.09679440942645157,0.17007620561270592,0.037758794070085054,0.09139419189141908,0.6189497384272686,0.12701288882739223,class=426:n02794156.pkl:9;n02794156.pkl:13;n02794156.pkl:14|class=196:n02097047.pkl:4;n02097047.pkl:8;n02097047.pkl:9|class=43:n01688243.pkl:0;n01688243.pkl:1;n01688243.pkl:5
vit,1394,626,-,52,28,12,3,0.04425857167277409,0.09504900158552543,0.010699758343205858,0.022445489104274786,0.7335745557661112,0.10385736380930215,class=960:n07836838.pkl:6;n07836838.pkl:7;n07836838.pkl:9|class=839:n04366367.pkl:4;n04366367.pkl:12;n04366367.pkl:26|class=173:n02091244.pkl:29;n02091244.pkl:58;n02091244.pkl:65
vit,1395,627,-,82,50,31,13,0.08642683301593822,0.12785723926032666,0.02709448488273216,0.05948626174530698,0.7273263106682415,0.07097892853860055,class=531:n03197337.pkl:3;n03197337.pkl:7;n03197337.pkl:12|class=246:n02109047.pkl:3;n02109047.pkl:9;n02109047.pkl:13|class=665:n03785016.pkl:15;n03785016.pkl:29;n03785016.pkl:54
vit,1396,628,-,30,23,10,7,0.16056115982688385,0.24237993017212733,0.05374845064207516,0.11529312434460927,0.6061129671248657,0.1867080108071212,class=97:n01847000.pkl:2;n01847000.pkl:4;n01847000.pkl:10|class=80:n01795545.pkl:2;n01795545.pkl:4;n01795545.pkl:5|class=719:n03935335.pkl:6;n03935335.pkl:18;n03935335.pkl:21
vit,1397,629,-,61,32,20,12,0.11372361313145926,0.18597039383457437,0.04731986455671868,0.10425349055231846,0.6587134601164436,0.09596619651228111,class=293:n02130308.pkl:0;n02130308.pkl:2;n02130308.pkl:3|class=170:n02090721.pkl:0;n02090721.pkl:1;n02090721.pkl:3|class=465:n02916936.pkl:1;n02916936.pkl:2;n02916936.pkl:4
vit,1398,630,-,82,52,30,12,0.08436304486079214,0.13484425575252576,0.02696520432336401,0.06077596786998695,0.7160290413656504,0.07414528937061737,class=717:n03930630.pkl:1;n03930630.pkl:5;n03930630.pkl:7|class=979:n09468604.pkl:2;n09468604.pkl:5;n09468604.pkl:8|class=869:n04479046.pkl:0;n04479046.pkl:3;n04479046.pkl:5
vit,1399,631,-,42,27,16,11,0.11255541483827794,0.16235949528349553,0.03332748621139555,0.06146663500586782,0.7045021364384219,0.10479823191743091,class=715:n03929855.pkl:1;n03929855.pkl:2;n03929855.pkl:6|class=262:n02112706.pkl:4;n02112706.pkl:10;n02112706.pkl:11|class=302:n02167151.pkl:2;n02167151.pkl:9;n02167151.pkl:10
vit,1400,632,-,53,27,14,4,0.04882965846205932,0.08522451869992687,0.014975016914281844,0.03313722558223747,0.6877113595818313,0.11125724560612094,class=513:n03110669.pkl:7;n03110669.pkl:11;n03110669.pkl:18|class=695:n03874599.pkl:5;n03874599.pkl:20;n03874599.pkl:24|class=437:n02814860.pkl:0;n02814860.pkl:17;n02814860.pkl:30
vit,1401,633,-,74,46,28,7,0.08065488432156355,0.15096205912911728,0.029868789797897654,0.0841913323306226,0.652169839588733,0.12087976527172714,class=10:n01530575.pkl:0;n01530575.pkl:1;n01530575.pkl:2|class=150:n02077923.pkl:3;n02077923.pkl:4;n02077923.pkl:6|class=197:n02097130.pkl:1;n02097130.pkl:6;n02097130.pkl:7
vit,1402,634,-,72,37,24,7,0.07823965904586991,0.16569666407363318,0.036980451742937674,0.11786942345657617,0.5804733457332127,0.1549883639058831,class=779:n04146614.pkl:0;n04146614.pkl:1;n04146614.pkl:2|class=37:n01669191.pkl:3;n01669191.pkl:4;n01669191.pkl:5|class=494:n03017168.pkl:4;n03017168.pkl:7;n03017168.pkl:9
vit,1403,635,-,67,32,16,7,0.06585437653447056,0.15147083752894194,0.03062852824901246,0.11263683617018863,0.546131247985078,0.21677773068491415,class=661:n03777568.pkl:0;n03777568.pkl:1;n03777568.pkl:2|class=625:n03662601.pkl:0;n03662601.pkl:2;n03662601.pkl:13|class=289:n02128757.pkl:3;n02128757.pkl:14;n02128757.pkl:17
vit,1404,636,-,59,38,19,4,0.05931464484076355,0.11558268646658548,0.019715500750170586,0.04636037309660796,0.6946981914677803,0.11066784244204692,class=433:n02807133.pkl:2;n02807133.pkl:3;n02807133.pkl:12|class=944:n07718747.pkl:31;n07718747.pkl:37;n07718747.pkl:41|class=50:n01698640.pkl:9;n01698640.pkl:16;n01698640.pkl:23
vit,1405,637,-,18,11,4,2,0.05338162326203069,0.0889088486971487,0.011810434444294245,0.023726720903221636,0.5674745935217625,0.27977392584564537,class=767:n04116512.pkl:33;n04116512.pkl:36;n04116512.pkl:44|class=275:n02116738.pkl:51;n02116738.pkl:100;n02116738.pkl:117|class=890:n04540053.pkl:13;n04540053.pkl:28;n04540053.pkl:53
vit,1406,638,-,51,26,17,6,0.09969645401531536,0.18177972563589173,0.03622781213558093,0.09589279558550513,0.6024085537268717,0.15698596342884844,class=576:n03447447.pkl:0;n03447447.pkl:5;n03447447.pkl:7|class=257:n02111500.pkl:2;n02111500.pkl:3;n02111500.pkl:11|class=376:n02489166.pkl:2;n02489166.pkl:5;n02489166.pkl:16
vit,1407,639,-,63,38,23,7,0.07984598859224186,0.14503074100619742,0.02784162101533028,0.06587099924402195,0.6624631638652411,0.10472332002079132,class=980:n09472597.pkl:1;n09472597.pkl:3;n09472597.pkl:8|class=511:n03100240.pkl:7;n03100240.pkl:8;n03100240.pkl:12|class=109:n01917289.pkl:6;n01917289.pkl:9;n01917289.pkl:11
vit,1408,640,-,71,39,26,11,0.08115540533100478,0.12522128784645736,0.024166814414881128,0.05126548602490311,0.7326438195175518,0.07746461804114038,class=636:n03709823.pkl:0;n03709823.pkl:8;n03709823.pkl:12|class=770:n04120489.pkl:1;n04120489.pkl:2;n04120489.pkl:11|class=847:n04389033.pkl:12;n04389033.pkl:37;n04389033.pkl:39
vit,1409,641,-,88,59,39,15,0.1083886173802168,0.2008656321648342,0.04732833733711394,0.11079369720765349,0.6789351546876667,0.07363737540966524,class=34:n01665541.pkl:2;n01665541.pkl:3;n01665541.pkl:5|class=8:n01514859.pkl:0;n01514859.pkl:1;n01514859.pkl:5|class=59:n01739381.pkl:1;n01739381.pkl:4;n01739381.pkl:6
vit,1410,642,-,45,25,19,7,0.09175331397718614,0.15207486033708353,0.030790618507993035,0.07930004466888328,0.633785366568902,0.16962223607007118,class=736:n03982430.pkl:0;n03982430.pkl:1;n03982430.pkl:2|class=870:n04482393.pkl:7;n04482393.pkl:15;n04482393.pkl:18|class=913:n04606251.pkl:21;n04606251.pkl:45;n04606251.pkl:54
vit,1411,643,-,70,32,21,7,0.06319395319629743,0.11868749929468372,0.020034620032340494,0.04852912695089402,0.6704325370409808,0.09810514294943899,class=461:n02895154.pkl:1;n02895154.pkl:4;n02895154.pkl:8|class=706:n03899768.pkl:0;n03899768.pkl:5;n03899768.pkl:14|class=896:n04553703.pkl:18;n04553703.pkl:35;n04553703.pkl:44
vit,1412,644,-,68,36,19,10,0.08864099451139407,0.1683256715528428,0.0342276976374926,0.0851071573229957,0.6376930719997866,0.10562765268558633,class=139:n02025239.pkl:1;n02025239.pkl:3;n02025239.pkl:4|class=305:n02172182.pkl:2;n02172182.pkl:4;n02172182.pkl:5|class=381:n02493793.pkl:1;n02493793.pkl:2;n02493793.pkl:8
vit,1413,645,-,33,18,12,5,0.10452483917167615,0.16114980080857552,0.029224246623897814,0.06240518490032724,0.6424298348496047,0.16848162141514758,class=27:n01631663.pkl:2;n01631663.pkl:3;n01631663.pkl:4|class=592:n03492542.pkl:11;n03492542.pkl:14;n03492542.pkl:17|class=110:n01924916.pkl:11;n01924916.pkl:23;n01924916.pkl:30
vit,1414,646,-,38,19,9,2,0.04149025474104496,0.06342393067531374,0.009237495178520913,0.017632409177559732,0.7182691708502862,0.12219650469310507,class=164:n02088632.pkl:28;n02088632.pkl:58;n02088632.pkl:64|class=263:n02113023.pkl:15;n02113023.pkl:28;n02113023.pkl:35|class=315:n02236044.pkl:6;n02236044.pkl:19;n02236044.pkl:20
vit,1415,647,-,66,36,25,9,0.07827268077237662,0.13790918434403077,0.025721388991529436,0.067608612020904,0.6763673328589972,0.1198333364094541,class=602:n03535780.pkl:0;n03535780.pkl:1;n03535780.pkl:2|class=198:n02097209.pkl:4;n02097209.pkl:6;n02097209.pkl:10|class=219:n02102318.pkl:2;n02102318.pkl:7;n02102318.pkl:31
vit,1416,648,-,60,37,25,8,0.09058748969285622,0.15775651830569176,0.03293340068307723,0.0797344908171289,0.6738403205961256,0.11436070089202002,class=481:n02978881.pkl:1;n02978881.pkl:2;n02978881.pkl:6|class=897:n04554684.pkl:7;n04554684.pkl:11;n04554684.pkl:12|class=386:n02504458.pkl:10;n02504458.pkl:16;n02504458.pkl:21
vit,1417,649,-,52,30,14,5,0.06719693150674254,0.11276312081607151,0.01740189363038939,0.03789148428470071,0.6969879536914642,0.11040809969450831,class=627:n03670208.pkl:0;n03670208.pkl:2;n03670208.pkl:7|class=259:n02112018.pkl:2;n02112018.pkl:4;n02112018.pkl:5|class=705:n03895866.pkl:18;n03895866.pkl:71;n03895866.pkl:79
vit,1418,650,-,74,43,23,8,0.0711841442988471,0.13157597189175196,0.023046157308724155,0.05406147888414894,0.6992950449209803,0.08787483175808354,class=198:n02097209.pkl:2;n02097209.pkl:4;n02097209.pkl:5|class=589:n03483316.pkl:5;n03483316.pkl:7;n03483316.pkl:16|class=385:n02504013.pkl:23;n02504013.pkl:25;n02504013.pkl:26
vit,1419,651,-,63,43,25,10,0.1331908419004157,0.22284168713715713,0.05546460263562579,0.14037025757016217,0.6170678832801053,0.11753950642858117,class=425:n02793495.pkl:0;n02793495.pkl:2;n02793495.pkl:3|class=780:n04147183.pkl:0;n04147183.pkl:1;n04147183.pkl:3|class=299:n02138441.pkl:2;n02138441.pkl:4;n02138441.pkl:5
vit,1420,652,-,26,20,11,4,0.11072484159025676,0.1751544118465011,0.03583601107128891,0.07397056706448638,0.6499987757869067,0.20233371572972744,class=323:n02279972.pkl:3;n02279972.pkl:4;n02279972.pkl:9|class=289:n02128757.pkl:1;n02128757.pkl:17;n02128757.pkl:25|class=645:n03733131.pkl:41;n03733131.pkl:74;n03733131.pkl:75
vit,1421,653,-,59,38,26,11,0.11465037274035056,0.18943992250408032,0.04556480831081174,0.11901133067874271,0.6273670640977489,0.13257781860408135,class=22:n01614925.pkl:0;n01614925.pkl:2;n01614925.pkl:3|class=452:n02869837.pkl:1;n02869837.pkl:4;n02869837.pkl:5|class=834:n04350905.pkl:3;n04350905.pkl:4;n04350905.pkl:14
vit,1422,654,-,66,38,18,7,0.07065307741653964,0.12862878835057773,0.02599192169338523,0.06878179227509938,0.6484570211611923,0.12125417251771063,class=111:n01930112.pkl:0;n01930112.pkl:1;n01930112.pkl:5|class=356:n02441942.pkl:3;n02441942.pkl:5;n02441942.pkl:6|class=667:n03787032.pkl:5;n03787032.pkl:8;n03787032.pkl:13
vit,1423,655,-,62,32,19,8,0.07302918830629102,0.12274747571911501,0.019241517431561373,0.037040688336352656,0.724140372278579,0.0758996536348422,class=82:n01797886.pkl:12;n01797886.pkl:41;n01797886.pkl:44|class=86:n01807496.pkl:19;n01807496.pkl:22;n01807496.pkl:31|class=147:n02066245.pkl:3;n02066245.pkl:10;n02066245.pkl:20
vit,1424,656,-,70,37,20,10,0.07121857575337867,0.13070845323856117,0.026969025592781085,0.06053282788991393,0.680784574476043,0.08625602464052656,class=243:n02108422.pkl:1;n02108422.pkl:3;n02108422.pkl:9|class=458:n02892201.pkl:1;n02892201.pkl:3;n02892201.pkl:4|class=658:n03775071.pkl:1;n03775071.pkl:2;n03775071.pkl:3
vit,1425,657,-,41,16,9,4,0.046199126639565664,0.08916605078426046,0.01174724595583957,0.021722765181715915,0.6987188033098097,0.10779181557871373,class=640:n03717622.pkl:21;n03717622.pkl:74;n03717622.pkl:84|class=803:n04252225.pkl:0;n04252225.pkl:75;n04252225.pkl:89|class=277:n02119022.pkl:21;n02119022.pkl:34;n02119022.pkl:78
vit,1426,658,-,87,50,36,15,0.11621118494933066,0.1947677831888639,0.044665494559989034,0.13955702254552665,0.6361225089787494,0.12370639253413912,class=136:n02017213.pkl:0;n02017213.pkl:1;n02017213.pkl:2|class=130:n02007558.pkl:0;n02007558.pkl:1;n02007558.pkl:2|class=292:n02129604.pkl:0;n02129604.pkl:2;n02129604.pkl:4
vit,1427,659,-,72,48,29,12,0.10273472904992019,0.15791736073937615,0.040037386781371434,0.09104195019515121,0.6891307156845481,0.0857045496435151,class=242:n02108089.pkl:0;n02108089.pkl:2;n02108089.pkl:3|class=157:n02086910.pkl:0;n02086910.pkl:2;n02086910.pkl:4|class=810:n04264628.pkl:22;n04264628.pkl:36;n04264628.pkl:37
vit,1428,660,-,48,28,13,2,0.044958553091363575,0.07512239699267027,0.012808760707383486,0.032731547467251806,0.6944020870013992,0.1568767762963565,class=848:n04392985.pkl:0;n04392985.pkl:4;n04392985.pkl:11|class=499:n03041632.pkl:1;n03041632.pkl:50;n03041632.pkl:53|class=703:n03891251.pkl:6;n03891251.pkl:81;n03891251.pkl:98
vit,1429,661,-,79,49,27,11,0.09522961446030788,0.16308004622653682,0.037880243885404036,0.10986645364206143,0.6436843670132959,0.11914056829913706,class=944:n07718747.pkl:2;n07718747.pkl:4;n07718747.pkl:5|class=803:n04252225.pkl:1;n04252225.pkl:7;n04252225.pkl:8|class=617:n03630383.pkl:0;n03630383.pkl:3;n03630383.pkl:4
vit,1430,662,-,108,63,35,12,0.07324021091453115,0.13949362175372476,0.027669146938971784,0.0912455259853468,0.6590933586515053,0.10995424926138857,class=100:n01860187.pkl:0;n01860187.pkl:1;n01860187.pkl:2|class=435:n02808440.pkl:0;n02808440.pkl:13;n02808440.pkl:14|class=733:n03976657.pkl:3;n03976657.pkl:28;n03976657.pkl:30
vit,1431,663,-,33,20,12,3,0.11183695076448756,0.2094233708144554,0.05122237663763538,0.16336353779068033,0.4585286135462971,0.33853442369316333,class=156:n02086646.pkl:0;n02086646.pkl:1;n02086646.pkl:2|class=510:n03095699.pkl:6;n03095699.pkl:7;n03095699.pkl:8|class=572:n03443371.pkl:6;n03443371.pkl:20;n03443371.pkl:21
vit,1432,664,-,86,50,31,11,0.08564210524739588,0.14667966120960643,0.0252503640218907,0.06210690115973758,0.691994345702876,0.08197497200917009,class=353:n02423022.pkl:1;n02423022.pkl:2;n02423022.pkl:3|class=708:n03903868.pkl:7;n03903868.pkl:9;n03903868.pkl:12|class=740:n03995372.pkl:2;n03995372.pkl:11;n03995372.pkl:15
vit,1433,665,-,64,46,27,7,0.07708669956879481,0.1238160134682476,0.027038725112676368,0.06836521466184327,0.7056402179063582,0.11551406970271881,class=629:n03676483.pkl:3;n03676483.pkl:5;n03676483.pkl:6|class=971:n09229709.pkl:1;n09229709.pkl:5;n09229709.pkl:16|class=95:n01843065.pkl:14;n01843065.pkl:39;n01843065.pkl:40
vit,1434,666,-,69,38,21,4,0.074897044573724,0.16546577230150486,0.028115806014275206,0.10241948528930084,0.5291087215719454,0.20680857349296997,class=347:n02410509.pkl:0;n02410509.pkl:1;n02410509.pkl:4|class=802:n04252077.pkl:0;n04252077.pkl:1;n04252077.pkl:4|class=667:n03787032.pkl:19;n03787032.pkl:22;n03787032.pkl:27
vit,1435,667,-,74,46,33,12,0.10901293128316224,0.18246326755898248,0.043666360219159234,0.1114128902782042,0.6595772873964992,0.10148565738309927,class=816:n04277352.pkl:0;n04277352.pkl:2;n04277352.pkl:3|class=755:n04044716.pkl:0;n04044716.pkl:1;n04044716.pkl:2|class=105:n01882714.pkl:0;n01882714.pkl:1;n01882714.pkl:2
vit,1436,668,-,78,42,19,8,0.0673446738075084,0.12946509280559154,0.022429453543945228,0.057570517707543026,0.6703829844615388,0.09728385871868894,class=192:n02096177.pkl:3;n02096177.pkl:6;n02096177.pkl:15|class=693:n03873416.pkl:0;n03873416.pkl:1;n03873416.pkl:4|class=509:n03089624.pkl:9;n03089624.pkl:11;n03089624.pkl:27
vit,1437,669,-,62,36,16,6,0.06354810154700072,0.12132714646364026,0.019660261317942337,0.050128179150165285,0.6706081670942554,0.12098510741429826,class=654:n03769881.pkl:3;n03769881.pkl:12;n03769881.pkl:14|class=370:n02484975.pkl:1;n02484975.pkl:2;n02484975.pkl:8|class=277:n02119022.pkl:9;n02119022.pkl:23;n02119022.pkl:34
vit,1438,670,-,53,36,27,12,0.1312111130316577,0.18444460895278378,0.04416828152950467,0.0767763109266406,0.7359934989765511,0.07587878644255161,class=181:n02093647.pkl:1;n02093647.pkl:6;n02093647.pkl:7|class=947:n07734744.pkl:0;n07734744.pkl:1;n07734744.pkl:13|class=484:n02981792.pkl:4;n02981792.pkl:6;n02981792.pkl:12
vit,1439,671,-,57,32,17,6,0.08036102569757086,0.15064050429582823,0.029619161791014682,0.08036886849048194,0.6109100965477624,0.14671197536545424,class=820:n04310018.pkl:0;n04310018.pkl:1;n04310018.pkl:6|class=3:n01491361.pkl:7;n01491361.pkl:8;n01491361.pkl:10|class=424:n02791270.pkl:1;n02791270.pkl:7;n02791270.pkl:16
vit,1440,672,-,64,37,21,6,0.0680562924681051,0.10618012452148214,0.017721545689918846,0.03154782038134546,0.7500370480584932,0.0651421393830842,class=32:n01644900.pkl:5;n01644900.pkl:7;n01644900.pkl:12|class=881:n04515003.pkl:9;n04515003.pkl:13;n04515003.pkl:16|class=673:n03793489.pkl:23;n03793489.pkl:24;n03793489.pkl:26
vit,1442,674,-,77,40,22,14,0.08779980016508153,0.1539718548904585,0.027540412728802314,0.05771446305419664,0.70354286930609,0.07002152171666443,class=248:n02109961.pkl:4;n02109961.pkl:7;n02109961.pkl:30|class=667:n03787032.pkl:2;n03787032.pkl:5;n03787032.pkl:6|class=622:n03657121.pkl:3;n03657121.pkl:5;n03657121.pkl:6
vit,1443,675,-,60,28,13,8,0.07347166299954878,0.15527388029279574,0.027106875389610693,0.07499260149447147,0.6132371015794326,0.1442302381714696,class=729:n03961711.pkl:0;n03961711.pkl:2;n03961711.pkl:8|class=180:n02093428.pkl:16;n02093428.pkl:17;n02093428.pkl:19|class=437:n02814860.pkl:21;n02814860.pkl:25;n02814860.pkl:34
vit,1444,676,-,28,22,11,5,0.12873475364099485,0.18237296867736433,0.0318915139385129,0.05950002680311416,0.6612263626426795,0.1600299968609142,class=164:n02088632.pkl:1;n02088632.pkl:2;n02088632.pkl:13|class=216:n02101556.pkl:12;n02101556.pkl:16;n02101556.pkl:17|class=252:n02110627.pkl:0;n02110627.pkl:16;n02110627.pkl:26
vit,1445,677,-,81,47,28,8,0.06751697376247845,0.1335039340510181,0.023987265405704117,0.08091313730799295,0.6284724721721626,0.15281826639596022,class=10:n01530575.pkl:0;n01530575.pkl:1;n01530575.pkl:3|class=877:n04501370.pkl:6;n04501370.pkl:7;n04501370.pkl:8|class=779:n04146614.pkl:1;n04146614.pkl:11;n04146614.pkl:15
vit,1446,678,-,100,61,34,12,0.08870526937504794,0.15955176274267494,0.035044115025602576,0.09869027100511242,0.6478280527616661,0.08930827225608763,class=293:n02130308.pkl:0;n02130308.pkl:3;n02130308.pkl:4|class=687:n03854065.pkl:0;n03854065.pkl:2;n03854065.pkl:3|class=809:n04263257.pkl:0;n04263257.pkl:1;n04263257.pkl:2
vit,1447,679,-,99,65,51,19,0.0989759538079244,0.16053409239720384,0.046328804070956006,0.10148303527582005,0.7381632445793668,0.05856838775569403,class=474:n02963159.pkl:0;n02963159.pkl:1;n02963159.pkl:2|class=395:n02641379.pkl:0;n02641379.pkl:1;n02641379.pkl:2|class=558:n03372029.pkl:0;n03372029.pkl:1;n03372029.pkl:2
vit,1448,680,-,82,52,28,12,0.07549387097906678,0.1307548982587123,0.02621254490922761,0.05834924575475074,0.7127533074642733,0.07262312822848611,class=799:n04239074.pkl:3;n04239074.pkl:5;n04239074.pkl:8|class=277:n02119022.pkl:0;n02119022.pkl:11;n02119022.pkl:15|class=37:n01669191.pkl:3;n01669191.pkl:6;n01669191.pkl:9
vit,1449,681,-,55,27,13,5,0.0784769208555336,0.17185487650760795,0.02773840750703086,0.08343097452621827,0.5669800042241472,0.18266780139369174,class=599:n03530642.pkl:2;n03530642.pkl:5;n03530642.pkl:7|class=37:n01669191.pkl:1;n01669191.pkl:2;n01669191.pkl:4|class=28:n01632458.pkl:5;n01632458.pkl:13;n01632458.pkl:14
vit,1450,682,-,58,35,17,5,0.058517353041768055,0.10186509670976791,0.018883436219474553,0.042900380710537936,0.6826777716607336,0.10622954350876856,class=47:n01694178.pkl:6;n01694178.pkl:11;n01694178.pkl:12|class=896:n04553703.pkl:1;n04553703.pkl:3;n04553703.pkl:5|class=817:n04285008.pkl:9;n04285008.pkl:15;n04285008.pkl:32
vit,1451,683,-,61,33,22,7,0.07164858301430621,0.11975280243255995,0.021696772209051994,0.043052142295613396,0.7143767470994324,0.0809394584619724,class=466:n02917067.pkl:5;n02917067.pkl:10;n02917067.pkl:16|class=256:n02111277.pkl:0;n02111277.pkl:1;n02111277.pkl:2|class=580:n03457902.pkl:13;n03457902.pkl:20;n03457902.pkl:24
vit,1452,684,-,47,30,18,7,0.08339958137837529,0.12316865038234594,0.02946677598380008,0.057954357532555366,0.7079111615559628,0.10357834967873318,class=842:n04371430.pkl:11;n04371430.pkl:12;n04371430.pkl:16|class=257:n02111500.pkl:3;n02111500.pkl:5;n02111500.pkl:10|class=163:n02088466.pkl:7;n02088466.pkl:9;n02088466.pkl:14
vit,1453,685,-,69,37,21,10,0.09114661514516226,0.1689295852738979,0.03494188072165791,0.08370608774317508,0.6622551471113413,0.09766385339719615,class=891:n04542943.pkl:0;n04542943.pkl:3;n04542943.pkl:4|class=157:n02086910.pkl:4;n02086910.pkl:5;n02086910.pkl:9|class=109:n01917289.pkl:0;n01917289.pkl:18;n01917289.pkl:23
vit,1454,686,-,87,61,31,12,0.08806199916757908,0.13934325288820573,0.02649146189468039,0.06339917844323131,0.7180443814234603,0.07732611773893817,class=368:n02483362.pkl:2;n02483362.pkl:5;n02483362.pkl:10|class=293:n02130308.pkl:4;n02130308.pkl:5;n02130308.pkl:6|class=827:n04330267.pkl:2;n04330267.pkl:3;n04330267.pkl:4
vit,1455,687,-,52,33,15,5,0.05532986066432102,0.10050811964770509,0.01372292129227386,0.02668148500865802,0.7384536175285242,0.0919289438458648,class=142:n02033041.pkl:10;n02033041.pkl:16;n02033041.pkl:17|class=889:n04536866.pkl:8;n04536866.pkl:20;n04536866.pkl:34|class=565:n03393912.pkl:9;n03393912.pkl:20;n03393912.pkl:61
vit,1456,688,-,59,39,20,7,0.09761662735451605,0.19280297966883667,0.040344371423175804,0.10300663267984982,0.6192294184188597,0.12743647826277188,class=105:n01882714.pkl:0;n01882714.pkl:1;n01882714.pkl:6|class=290:n02128925.pkl:3;n02128925.pkl:8;n02128925.pkl:15|class=398:n02666196.pkl:4;n02666196.pkl:5;n02666196.pkl:9
vit,1457,689,-,79,41,26,10,0.08176716552611879,0.14212656239437704,0.030091122626932563,0.06652741651581352,0.6954929899073693,0.07453069659709234,class=227:n02105412.pkl:0;n02105412.pkl:2;n02105412.pkl:8|class=871:n04483307.pkl:1;n04483307.pkl:2;n04483307.pkl:4|class=443:n02834397.pkl:6;n02834397.pkl:8;n02834397.pkl:10
vit,1458,690,-,78,48,26,13,0.07759494383289645,0.1197922790020031,0.024142109836484512,0.04793245844694396,0.7435497102627102,0.06335808368372024,class=543:n03255030.pkl:0;n03255030.pkl:8;n03255030.pkl:11|class=52:n01728572.pkl:1;n01728572.pkl:9;n01728572.pkl:11|class=367:n02481823.pkl:10;n02481823.pkl:14;n02481823.pkl:28
vit,1459,691,-,68,42,26,8,0.08780161818528136,0.14629341380505223,0.03181274985724425,0.08910408438366497,0.6437853027954824,0.13007349074979796,class=756:n04049303.pkl:0;n04049303.pkl:3;n04049303.pkl:4|class=199:n02097298.pkl:0;n02097298.pkl:1;n02097298.pkl:2|class=55:n01729977.pkl:1;n01729977.pkl:9;n01729977.pkl:36
vit,1460,692,-,85,53,32,13,0.08715950548281726,0.1519670268576669,0.03502232297737898,0.08695630694096151,0.6895141829034738,0.08429064322146655,class=433:n02807133.pkl:0;n02807133.pkl:1;n02807133.pkl:4|class=944:n07718747.pkl:0;n07718747.pkl:1;n07718747.pkl:2|class=961:n07860988.pkl:1;n07860988.pkl:6;n07860988.pkl:11
vit,1461,693,-,56,32,19,5,0.0931803055566431,0.1784893706027125,0.03455640607131799,0.09911348517272563,0.6000487143119176,0.16475664736148615,class=954:n07753592.pkl:1;n07753592.pkl:3;n07753592.pkl:4|class=755:n04044716.pkl:2;n04044716.pkl:3;n04044716.pkl:8|class=366:n02480855.pkl:1;n02480855.pkl:8;n02480855.pkl:9
vit,1462,694,-,52,33,15,5,0.0782570323622412,0.15368510739545274,0.027103416093464196,0.09005007330679739,0.5636801492047977,0.23151451042663349,class=19:n01592084.pkl:2;n01592084.pkl:4;n01592084.pkl:5|class=821:n04311004.pkl:0;n04311004.pkl:3;n04311004.pkl:15|class=630:n03680355.pkl:25;n03680355.pkl:36;n03680355.pkl:42
vit,1463,695,-,62,37,19,7,0.07843550870541365,0.1252681155329614,0.02262904674315496,0.049944241937468686,0.6977814566683526,0.09469720319004812,class=552:n03325584.pkl:8;n03325584.pkl:10;n03325584.pkl:19|class=382:n02494079.pkl:4;n02494079.pkl:5;n02494079.pkl:11|class=965:n07880968.pkl:2;n07880968.pkl:21;n07880968.pkl:27
vit,1464,696,-,150,85,57,27,0.08049968233517214,0.14461589473610348,0.03472805935362329,0.07476873452366976,0.7480116582103699,0.03756875083955297,class=222:n02104029.pkl:0;n02104029.pkl:1;n02104029.pkl:5|class=40:n01682714.pkl:5;n01682714.pkl:8;n01682714.pkl:10|class=890:n04540053.pkl:0;n04540053.pkl:1;n04540053.pkl:4
vit,1465,697,-,55,30,17,9,0.10179974035190445,0.19247466593216625,0.04503203504071918,0.1267424296524532,0.5727316806750566,0.1622069296153283,class=466:n02917067.pkl:2;n02917067.pkl:5;n02917067.pkl:9|class=391:n02536864.pkl:0;n02536864.pkl:1;n02536864.pkl:2|class=448:n02843684.pkl:2;n02843684.pkl:3;n02843684.pkl:4
vit,1466,698,-,41,26,18,7,0.11509700550865878,0.1682378420190649,0.033320259623138705,0.06297156826444175,0.7041989502456757,0.11150433473300371,class=427:n02795169.pkl:1;n02795169.pkl:3;n02795169.pkl:11|class=20:n01601694.pkl:6;n01601694.pkl:10;n01601694.pkl:16|class=583:n03467068.pkl:5;n03467068.pkl:17;n03467068.pkl:24
vit,1467,699,-,81,52,32,15,0.1115983236707215,0.182727915772487,0.04209307104481049,0.0965115909181558,0.7001618647247059,0.07724687586880141,class=77:n01775062.pkl:1;n01775062.pkl:2;n01775062.pkl:3|class=541:n03249569.pkl:3;n03249569.pkl:13;n03249569.pkl:14|class=742:n04004767.pkl:11;n04004767.pkl:12;n04004767.pkl:22
vit,1469,701,-,120,76,46,15,0.06802927640359775,0.11701099967075303,0.026569588554560975,0.05949538081186502,0.7529085490997237,0.05011787020631664,class=262:n02112706.pkl:0;n02112706.pkl:1;n02112706.pkl:6|class=295:n02133161.pkl:1;n02133161.pkl:2;n02133161.pkl:16|class=481:n02978881.pkl:1;n02978881.pkl:2;n02978881.pkl:5
vit,1470,702,-,50,29,13,4,0.06206112593790646,0.09526978363768072,0.013678844579209563,0.025299814953030318,0.7422122474299131,0.0884172879610628,class=406:n02699494.pkl:2;n02699494.pkl:15;n02699494.pkl:59|class=485:n02988304.pkl:26;n02988304.pkl:39;n02988304.pkl:41|class=700:n03887697.pkl:19;n03887697.pkl:31;n03887697.pkl:32
vit,1471,703,-,49,30,16,7,0.09102744047687218,0.14929431444293145,0.028815109829700893,0.05753758640031449,0.6865022177349557,0.10177859899160607,class=472:n02951358.pkl:0;n02951358.pkl:4;n02951358.pkl:12|class=94:n01833805.pkl:10;n01833805.pkl:17;n01833805.pkl:21|class=619:n03637318.pkl:3;n03637318.pkl:16;n03637318.pkl:17
vit,1472,704,-,94,55,39,20,0.12090135327626825,0.190375853098284,0.048213632518468434,0.09367632432317648,0.7314228489916305,0.05079815163137787,class=354:n02437312.pkl:5;n02437312.pkl:6;n02437312.pkl:9|class=65:n01751748.pkl:1;n01751748.pkl:3;n01751748.pkl:4|class=132:n02009912.pkl:0;n02009912.pkl:1;n02009912.pkl:3
vit,1473,705,-,72,49,32,12,0.08556309457532041,0.13255154743376837,0.026091493426028095,0.061493226694916275,0.7278868347061475,0.0910368036225613,class=272:n02114855.pkl:1;n02114855.pkl:6;n02114855.pkl:7|class=416:n02777292.pkl:4;n02777292.pkl:8;n02777292.pkl:23|class=871:n04483307.pkl:3;n04483307.pkl:9;n04483307.pkl:32
vit,1474,706,-,39,22,14,5,0.06079970330149994,0.09514353383579952,0.017376671796078554,0.03189148904733619,0.7243035061413136,0.11200881246365971,class=646:n03733281.pkl:6;n03733281.pkl:8;n03733281.pkl:22|class=758:n04067472.pkl:6;n04067472.pkl:11;n04067472.pkl:47|class=863:n04458633.pkl:10;n04458633.pkl:13;n04458633.pkl:23
vit,1475,707,-,44,31,20,9,0.14028701066214022,0.20205155860761914,0.053064906437575915,0.13922662376697145,0.6304881620995749,0.17917782522652514,class=84:n01806143.pkl:0;n01806143.pkl:1;n01806143.pkl:2|class=275:n02116738.pkl:9;n02116738.pkl:19;n02116738.pkl:26|class=41:n01685808.pkl:4;n01685808.pkl:6;n01685808.pkl:8
vit,1476,708,-,21,10,6,4,0.1327002731489031,0.2397310703783846,0.05505873352035845,0.12898151346481407,0.47846677278140165,0.30894540070996235,class=90:n01820546.pkl:4;n01820546.pkl:7;n01820546.pkl:9|class=212:n02100735.pkl:1;n02100735.pkl:6;n02100735.pkl:8|class=547:n03272562.pkl:6;n03272562.pkl:10;n03272562.pkl:16
vit,1477,709,-,42,28,16,11,0.15972603311264605,0.25778500121538456,0.07101958576448085,0.1585672059059425,0.6237844958926301,0.14250145252626284,class=394:n02640242.pkl:0;n02640242.pkl:1;n02640242.pkl:2|class=51:n01704323.pkl:1;n01704323.pkl:2;n01704323.pkl:3|class=363:n02454379.pkl:2;n02454379.pkl:4;n02454379.pkl:5
vit,1478,710,-,53,28,14,6,0.05771924913367149,0.10872717374257858,0.019324242252292196,0.044913203020954834,0.6519307510015009,0.12078976099814184,class=48:n01695060.pkl:5;n01695060.pkl:7;n01695060.pkl:9|class=450:n02860847.pkl:3;n02860847.pkl:14;n02860847.pkl:17|class=773:n04131690.pkl:1;n04131690.pkl:7;n04131690.pkl:9
vit,1479,711,-,43,30,17,12,0.14105152509334018,0.20817172726487734,0.050583951710891646,0.10887605986075567,0.6660963951406228,0.1309942898044903,class=661:n03777568.pkl:0;n03777568.pkl:1;n03777568.pkl:2|class=194:n02096437.pkl:0;n02096437.pkl:5;n02096437.pkl:6|class=365:n02480495.pkl:0;n02480495.pkl:5;n02480495.pkl:14
vit,1480,712,-,66,34,14,0,0.03618632003229528,0.05476788718136351,0.008669744802455066,0.013427933616634209,0.7890725096060638,0.05149794911020631,class=215:n02101388.pkl:9;n02101388.pkl:106;n02101388.pkl:126|class=55:n01729977.pkl:25;n01729977.pkl:106;n01729977.pkl:116|class=167:n02089973.pkl:217;n02089973.pkl:218;n02089973.pkl:239
vit,1481,713,-,83,55,35,10,0.10479601380199677,0.17239946380627738,0.04049915438096598,0.0988544759634405,0.693631983814089,0.08383136943238159,class=315:n02236044.pkl:2;n02236044.pkl:3;n02236044.pkl:5|class=604:n03544143.pkl:0;n03544143.pkl:1;n03544143.pkl:3|class=174:n02091467.pkl:0;n02091467.pkl:9;n02091467.pkl:19
vit,1482,714,-,54,34,17,9,0.10502419784942638,0.19108179234188613,0.042214940000098615,0.10191203425756858,0.6331048003646337,0.12644420721541147,class=301:n02165456.pkl:0;n02165456.pkl:1;n02165456.pkl:4|class=372:n02486410.pkl:14;n02486410.pkl:16;n02486410.pkl:20|class=244:n02108551.pkl:1;n02108551.pkl:2;n02108551.pkl:4
vit,1483,715,-,64,36,24,6,0.0764148882474377,0.15602296322697803,0.025516545018445854,0.06741226990101512,0.6585830795997315,0.12468216107418983,class=945:n07720875.pkl:0;n07720875.pkl:3;n07720875.pkl:5|class=128:n02002724.pkl:0;n02002724.pkl:1;n02002724.pkl:5|class=520:n03131574.pkl:5;n03131574.pkl:6;n03131574.pkl:15
vit,1484,716,-,52,31,13,8,0.07321970340544179,0.1380522284263747,0.02429595784120318,0.062290951517905854,0.6380686071645023,0.14563992637775208,class=103:n01873310.pkl:2;n01873310.pkl:3;n01873310.pkl:4|class=838:n04357314.pkl:1;n04357314.pkl:14;n04357314.pkl:31|class=0:n01440764.pkl:1;n01440764.pkl:2;n01440764.pkl:17
vit,1485,717,-,41,24,11,5,0.07637040610124426,0.1329229360402891,0.022610355792171577,0.056690747192020316,0.6268250127751325,0.17771974152021908,class=119:n01978455.pkl:0;n01978455.pkl:1;n01978455.pkl:4|class=518:n03127747.pkl:5;n03127747.pkl:18;n03127747.pkl:20|class=480:n02977058.pkl:3;n02977058.pkl:10;n02977058.pkl:25
vit,1486,718,-,85,53,36,10,0.08044482044449518,0.1418189609842856,0.02615393430363689,0.06492553183160768,0.7097721381665572,0.08426471294836706,class=386:n02504458.pkl:6;n02504458.pkl:7;n02504458.pkl:8|class=820:n04310018.pkl:5;n04310018.pkl:6;n04310018.pkl:7|class=99:n01855672.pkl:6;n01855672.pkl:9;n01855672.pkl:15
vit,1487,719,-,84,40,26,6,0.054835142129715554,0.11708528156839948,0.01913984221152571,0.0480035615469004,0.6919050793153357,0.08678908843963429,class=665:n03785016.pkl:0;n03785016.pkl:1;n03785016.pkl:3|class=866:n04465501.pkl:3;n04465501.pkl:5;n04465501.pkl:8|class=444:n02835271.pkl:18;n02835271.pkl:24;n02835271.pkl:28
vit,1488,720,-,95,54,30,9,0.06632828609684482,0.1326540279444827,0.024611430968215036,0.07501612313941745,0.6618978715598249,0.10832024499975108,class=61:n01742172.pkl:0;n01742172.pkl:2;n01742172.pkl:3|class=952:n07753113.pkl:0;n07753113.pkl:2;n07753113.pkl:3|class=27:n01631663.pkl:5;n01631663.pkl:17;n01631663.pkl:23
vit,1489,721,-,59,33,22,7,0.09011387025335893,0.16680052581363755,0.028094185675607976,0.06240732059447613,0.6813141885825124,0.10058378745944932,class=55:n01729977.pkl:5;n01729977.pkl:6;n01729977.pkl:7|class=59:n01739381.pkl:2;n01739381.pkl:3;n01739381.pkl:11|class=853:n04417672.pkl:12;n04417672.pkl:14;n04417672.pkl:21
vit,1490,722,-,62,37,20,9,0.07671798632428342,0.13234104996093696,0.027066171267091304,0.07022121112767606,0.6678901709751066,0.12469439569353855,class=451:n02865351.pkl:0;n02865351.pkl:5;n02865351.pkl:10|class=924:n07583066.pkl:6;n07583066.pkl:12;n07583066.pkl:22|class=495:n03018349.pkl:16;n03018349.pkl:45;n03018349.pkl:51
vit,1491,723,-,76,42,26,11,0.08076138749721407,0.14371145132509267,0.029595225502669492,0.06471283865042106,0.6961272587619817,0.0760685200892801,class=122:n01983481.pkl:1;n01983481.pkl:3;n01983481.pkl:7|class=914:n04612504.pkl:5;n04612504.pkl:7;n04612504.pkl:9|class=225:n02105162.pkl:2;n02105162.pkl:4;n02105162.pkl:5
vit,1492,724,-,53,27,10,5,0.050158304861325775,0.10452130621718823,0.016746844408708522,0.04906475588170008,0.6188416135459459,0.18082407457760574,class=658:n03775071.pkl:6;n03775071.pkl:7;n03775071.pkl:10|class=805:n04254680.pkl:1;n04254680.pkl:4;n04254680.pkl:6|class=860:n04443257.pkl:9;n04443257.pkl:67;n04443257.pkl:69
vit,1493,725,-,33,18,12,6,0.10887809341989325,0.1859905389424436,0.04113562952017007,0.11590424168625464,0.5500317822854532,0.2708768834170985,class=339:n02389026.pkl:1;n02389026.pkl:2;n02389026.pkl:3|class=298:n02137549.pkl:0;n02137549.pkl:4;n02137549.pkl:12|class=697:n03877472.pkl:3;n03877472.pkl:8;n03877472.pkl:10
vit,1494,726,-,127,88,60,21,0.09715972925069477,0.1427512350202226,0.034670805207278575,0.06978208225212734,0.7799912979376314,0.0397714882577431,class=154:n02086079.pkl:0;n02086079.pkl:2;n02086079.pkl:4|class=370:n02484975.pkl:3;n02484975.pkl:5;n02484975.pkl:7|class=375:n02488702.pkl:1;n02488702.pkl:2;n02488702.pkl:5
vit,1495,727,-,41,16,8,2,0.04230549321876861,0.09633003219892776,0.012556668763314587,0.03571367579924152,0.5846828512881753,0.2216944624795256,class=907:n04591713.pkl:2;n04591713.pkl:16;n04591713.pkl:28|class=413:n02749479.pkl:9;n02749479.pkl:16;n02749479.pkl:25|class=684:n03840681.pkl:53;n03840681.pkl:55;n03840681.pkl:88
vit,1496,728,-,59,35,21,6,0.09125643260440572,0.16690624236308285,0.028638077361763787,0.0695448901227363,0.6612420834282937,0.1169009763591164,class=383:n02497673.pkl:1;n02497673.pkl:2;n02497673.pkl:6|class=47:n01694178.pkl:0;n01694178.pkl:1;n01694178.pkl:5|class=25:n01629819.pkl:4;n01629819.pkl:6;n01629819.pkl:10
vit,1497,729,-,49,35,19,5,0.1039724015746353,0.1661547699012193,0.03476918493266773,0.13107848262747754,0.5260052555248018,0.3104613963283461,class=387:n02509815.pkl:0;n02509815.pkl:1;n02509815.pkl:2|class=765:n04099969.pkl:3;n04099969.pkl:9;n04099969.pkl:13|class=739:n03992509.pkl:0;n03992509.pkl:8;n03992509.pkl:9
vit,1498,730,-,67,36,20,6,0.06524970602603564,0.1465544529289151,0.027630239033135967,0.08914887847026011,0.5789335001042359,0.17030271270784017,class=665:n03785016.pkl:0;n03785016.pkl:1;n03785016.pkl:3|class=298:n02137549.pkl:0;n02137549.pkl:1;n02137549.pkl:2|class=536:n03216828.pkl:4;n03216828.pkl:7;n03216828.pkl:8
vit,1499,731,-,46,28,18,8,0.10969729265508384,0.1746139223429888,0.03985110053209121,0.08692662518272959,0.6629000235770633,0.12517404677174376,class=352:n02422699.pkl:1;n02422699.pkl:5;n02422699.pkl:7|class=707:n03902125.pkl:4;n03902125.pkl:7;n03902125.pkl:10|class=858:n04435653.pkl:0;n04435653.pkl:2;n04435653.pkl:11
vit,1500,732,-,16,8,4,0,0.04222888366306716,0.06133019410746645,0.008846387435039873,0.012649507269997862,0.7165535627106648,0.190289545000485,class=502:n03047690.pkl:21;n03047690.pkl:28;n03047690.pkl:41|class=859:n04442312.pkl:65;n04442312.pkl:70;n04442312.pkl:90|class=150:n02077923.pkl:4;n02077923.pkl:47;n02077923.pkl:113
vit,1501,733,-,88,54,38,15,0.09976968208365644,0.16616275015341553,0.03600426910093282,0.07576735519690375,0.7244523706706845,0.061687454604032826,class=121:n01981276.pkl:0;n01981276.pkl:2;n01981276.pkl:3|class=622:n03657121.pkl:0;n03657121.pkl:12;n03657121.pkl:15|class=454:n02871525.pkl:0;n02871525.pkl:5;n02871525.pkl:11
vit,1502,734,-,69,34,23,8,0.08703048220504206,0.1751593398835268,0.03556484229647539,0.0991898005898549,0.6136753964065746,0.12722370418744836,class=552:n03325584.pkl:2;n03325584.pkl:6;n03325584.pkl:8|class=829:n04335435.pkl:1;n04335435.pkl:4;n04335435.pkl:5|class=992:n12998815.pkl:3;n12998815.pkl:7;n12998815.pkl:8
vit,1503,735,-,23,15,8,2,0.087625346538186,0.16365693358860098,0.03278528027659094,0.1071023187461855,0.4060741036227048,0.5074719879263844,class=548:n03290653.pkl:0;n03290653.pkl:1;n03290653.pkl:2|class=801:n04251144.pkl:22;n04251144.pkl:26;n04251144.pkl:27|class=826:n04328186.pkl:33;n04328186.pkl:52;n04328186.pkl:78
vit,1504,736,-,79,58,38,16,0.12223767709540745,0.16315439680257157,0.036917032223055535,0.06353508675999307,0.7836665971775854,0.050150917940052823,class=336:n02361337.pkl:2;n02361337.pkl:5;n02361337.pkl:7|class=18:n01582220.pkl:1;n01582220.pkl:5;n01582220.pkl:9|class=522:n03134739.pkl:0;n03134739.pkl:4;n03134739.pkl:9
vit,1505,737,-,55,36,20,6,0.07986705593072303,0.11257096400980787,0.02236205220022709,0.04356378048363403,0.7286256020392566,0.08718436471349283,class=187:n02094433.pkl:7;n02094433.pkl:8;n02094433.pkl:13|class=535:n03208938.pkl:4;n03208938.pkl:7;n03208938.pkl:11|class=667:n03787032.pkl:2;n03787032.pkl:10;n03787032.pkl:25
vit,1506,738,-,33,25,13,7,0.15008016750883463,0.2355512836270015,0.07391138987104148,0.15608323031688592,0.5982620589069472,0.1654405088332118,class=216:n02101556.pkl:0;n02101556.pkl:1;n02101556.pkl:2|class=223:n02104365.pkl:0;n02104365.pkl:2;n02104365.pkl:5|class=989:n12620546.pkl:3;n12620546.pkl:4;n12620546.pkl:6
vit,1507,739,-,47,20,14,6,0.07723702819410659,0.15282250328764999,0.027640479859854513,0.06758053552988734,0.6289215555177534,0.148466969360492,class=71:n01770393.pkl:2;n01770393.pkl:4;n01770393.pkl:9|class=377:n02490219.pkl:3;n02490219.pkl:6;n02490219.pkl:7|class=960:n07836838.pkl:14;n07836838.pkl:34;n07836838.pkl:48
vit,1508,740,-,67,37,25,9,0.09047828589064648,0.15772376270673955,0.03384092508441508,0.09506709352573364,0.6336250991315996,0.13271340827223968,class=127:n02002556.pkl:0;n02002556.pkl:1;n02002556.pkl:2|class=811:n04265275.pkl:9;n04265275.pkl:11;n04265275.pkl:15|class=790:n04204238.pkl:3;n04204238.pkl:4;n04204238.pkl:6
vit,1509,741,-,130,81,54,21,0.09132984483782476,0.16271806303872807,0.03661497819917766,0.09523802573559767,0.7141555313257402,0.059735012008401256,class=548:n03290653.pkl:0;n03290653.pkl:1;n03290653.pkl:2|class=378:n02492035.pkl:0;n02492035.pkl:1;n02492035.pkl:3|class=402:n02676566.pkl:1;n02676566.pkl:11;n02676566.pkl:14
vit,1510,742,-,45,33,20,8,0.11110760438341369,0.14962902430850428,0.03170950779369253,0.05672253858310058,0.7295892560092797,0.09333044150344193,class=491:n03000684.pkl:6;n03000684.pkl:13;n03000684.pkl:15|class=603:n03538406.pkl:11;n03538406.pkl:36;n03538406.pkl:37|class=510:n03095699.pkl:2;n03095699.pkl:5;n03095699.pkl:6
vit,1511,743,-,87,44,23,9,0.05684121245422537,0.11459625758947334,0.015849397387353206,0.03223614405918682,0.7442939370175348,0.05904325577351769,class=97:n01847000.pkl:9;n01847000.pkl:17;n01847000.pkl:18|class=685:n03841143.pkl:25;n03841143.pkl:26;n03841143.pkl:38|class=77:n01775062.pkl:9;n01775062.pkl:16;n01775062.pkl:28
vit,1512,744,-,29,15,9,2,0.06169127278625898,0.11030874612259403,0.015885072378532202,0.03824943742527944,0.6275086047117939,0.23441079934266973,class=542:n03250847.pkl:0;n03250847.pkl:3;n03250847.pkl:5|class=977:n09421951.pkl:19;n09421951.pkl:22;n09421951.pkl:24|class=244:n02108551.pkl:38;n02108551.pkl:100;n02108551.pkl:113
vit,1513,745,-,54,29,19,13,0.10304833514165201,0.17672387262356332,0.0455108629425853,0.10696637253518056,0.6557699185243082,0.12081734125127569,class=592:n03492542.pkl:0;n03492542.pkl:1;n03492542.pkl:3|class=921:n07248320.pkl:1;n07248320.pkl:2;n07248320.pkl:3|class=214:n02101006.pkl:2;n02101006.pkl:7;n02101006.pkl:28
vit,1514,746,-,58,35,20,8,0.08540093949133516,0.1437988903147492,0.028928543913142212,0.07185505747098873,0.655964110951044,0.12361490151139334,class=218:n02102177.pkl:1;n02102177.pkl:3;n02102177.pkl:13|class=72:n01773157.pkl:4;n01773157.pkl:14;n01773157.pkl:17|class=812:n04266014.pkl:0;n04266014.pkl:1;n04266014.pkl:13
vit,1515,747,-,79,43,25,8,0.06432685527495154,0.11660212924068313,0.019996449575525627,0.054303891480823485,0.6909407554444026,0.10601138917654028,class=342:n02396427.pkl:0;n02396427.pkl:1;n02396427.pkl:2|class=57:n01735189.pkl:20;n01735189.pkl:23;n01735189.pkl:28|class=728:n03958227.pkl:14;n03958227.pkl:19;n03958227.pkl:23
vit,1516,748,-,83,45,16,6,0.04995033310555674,0.09701862629552889,0.014982136073730484,0.043813329216916067,0.6784942279074676,0.11508370703400513,class=313:n02231487.pkl:0;n02231487.pkl:2;n02231487.pkl:5|class=386:n02504458.pkl:22;n02504458.pkl:25;n02504458.pkl:58|class=168:n02090379.pkl:1;n02090379.pkl:15;n02090379.pkl:17
vit,1517,749,-,59,38,18,9,0.06945579810141254,0.1040305371307227,0.019476421264807253,0.03292618646822335,0.7598508199083532,0.06539008963541894,class=779:n04146614.pkl:4;n04146614.pkl:21;n04146614.pkl:23|class=781:n04149813.pkl:2;n04149813.pkl:11;n04149813.pkl:16|class=465:n02916936.pkl:9;n02916936.pkl:12;n02916936.pkl:14
vit,1518,750,-,74,39,25,7,0.06419970660342054,0.11731919583860423,0.018621787269953134,0.040849479587300445,0.7364985464543952,0.07854124657585433,class=579:n03452741.pkl:1;n03452741.pkl:11;n03452741.pkl:12|class=190:n02095889.pkl:6;n02095889.pkl:9;n02095889.pkl:17|class=271:n02114712.pkl:0;n02114712.pkl:7;n02114712.pkl:12
vit,1519,751,-,2,0,0,0,0.006634164305041869,0.002964439534399667,0.00179003154170069,4.483084362041088e-05,0.999547496014257,0.5003136190680395,class=676:n03803284.pkl:448;n03803284.pkl:461|class=602:n03535780.pkl:645;n03535780.pkl:869
vit,1520,752,-,82,49,27,12,0.0907351828643032,0.17550553396725233,0.03764953188164779,0.10211294573844838,0.6508645283688654,0.10190258932220904,class=11:n01531178.pkl:0;n01531178.pkl:5;n01531178.pkl:6|class=48:n01695060.pkl:4;n01695060.pkl:6;n01695060.pkl:8|class=656:n03770679.pkl:0;n03770679.pkl:3;n03770679.pkl:6
vit,1521,753,-,53,33,23,15,0.12214355109534551,0.18805425326822006,0.0451803377123933,0.07721123182105348,0.7304269181494804,0.07397230792541445,class=789:n04201297.pkl:0;n04201297.pkl:1;n04201297.pkl:3|class=808:n04259630.pkl:0;n04259630.pkl:1;n04259630.pkl:10|class=496:n03026506.pkl:0;n03026506.pkl:3;n03026506.pkl:5
vit,1522,754,-,69,43,24,8,0.07110430683504648,0.13878462589375654,0.02773011356149795,0.09497712216649168,0.6056058861101006,0.18450712164061314,class=985:n11939491.pkl:0;n11939491.pkl:3;n11939491.pkl:4|class=947:n07734744.pkl:0;n07734744.pkl:2;n07734744.pkl:3|class=479:n02974003.pkl:11;n02974003.pkl:30;n02974003.pkl:40
vit,1523,755,-,59,39,22,9,0.09917814333153038,0.15339303649324026,0.028896391814141636,0.05890621807503849,0.7121777174529348,0.08738326319341051,class=6:n01498041.pkl:1;n01498041.pkl:3;n01498041.pkl:8|class=740:n03995372.pkl:1;n03995372.pkl:6;n03995372.pkl:16|class=339:n02389026.pkl:2;n02389026.pkl:5;n02389026.pkl:6
vit,1524,756,-,90,55,37,13,0.0889109144635403,0.16221120520357113,0.033763841872269315,0.07910076536259485,0.7182246933009091,0.0720950043658815,class=110:n01924916.pkl:1;n01924916.pkl:2;n01924916.pkl:3|class=311:n02226429.pkl:1;n02226429.pkl:3;n02226429.pkl:5|class=45:n01692333.pkl:2;n01692333.pkl:4;n01692333.pkl:9
vit,1525,757,-,23,13,9,2,0.09864416285254184,0.17191474281357588,0.02993029482097481,0.06444331450785591,0.5719651216469973,0.24503898648927763,class=727:n03956157.pkl:9;n03956157.pkl:15;n03956157.pkl:25|class=408:n02704792.pkl:0;n02704792.pkl:8;n02704792.pkl:22|class=99:n01855672.pkl:5;n01855672.pkl:21;n01855672.pkl:35
vit,1526,758,-,52,28,16,4,0.05355040627923318,0.1057743999267985,0.017298524808779414,0.04678161062355862,0.6362601860214646,0.1598772463703193,class=681:n03832673.pkl:1;n03832673.pkl:3;n03832673.pkl:8|class=445:n02837789.pkl:3;n02837789.pkl:24;n02837789.pkl:25|class=679:n03814906.pkl:3;n03814906.pkl:8;n03814906.pkl:9
vit,1527,759,-,42,29,23,14,0.18330451251691568,0.20088481503868375,0.05282933784608642,0.08010109138219627,0.7576248984217169,0.07854605125187021,class=540:n03240683.pkl:2;n03240683.pkl:5;n03240683.pkl:8|class=231:n02106030.pkl:16;n02106030.pkl:28;n02106030.pkl:31|class=870:n04482393.pkl:27;n04482393.pkl:31;n04482393.pkl:36
vit,1528,760,-,43,23,14,5,0.06777978991197661,0.1053185902998941,0.0192386742371336,0.03395276650649574,0.7263898914703573,0.09568800059443053,class=30:n01641577.pkl:32;n01641577.pkl:47;n01641577.pkl:65|class=946:n07730033.pkl:2;n07730033.pkl:17;n07730033.pkl:24|class=380:n02493509.pkl:23;n02493509.pkl:41;n02493509.pkl:49
vit,1529,761,-,44,28,16,5,0.10177337112990821,0.15615547028359866,0.033718701554705216,0.08786867034665155,0.6087335903742527,0.17706558538303788,class=812:n04266014.pkl:0;n04266014.pkl:2;n04266014.pkl:4|class=990:n12768682.pkl:7;n12768682.pkl:8;n12768682.pkl:9|class=579:n03452741.pkl:2;n03452741.pkl:4;n03452741.pkl:10
vit,1530,762,-,45,33,15,7,0.09752663756940536,0.13700727556943854,0.031831758842302396,0.07015125365155778,0.6677364951020486,0.13015095738606414,class=395:n02641379.pkl:1;n02641379.pkl:4;n02641379.pkl:5|class=712:n03920288.pkl:1;n03920288.pkl:4;n03920288.pkl:8|class=115:n01950731.pkl:2;n01950731.pkl:3;n01950731.pkl:5
vit,1531,763,-,61,30,17,4,0.04821039026822867,0.07537005150931136,0.010929228131123403,0.018711764104074036,0.7798956637838029,0.0644464585116206,class=877:n04501370.pkl:0;n04501370.pkl:17;n04501370.pkl:24|class=278:n02119789.pkl:9;n02119789.pkl:21;n02119789.pkl:39|class=976:n09399592.pkl:2;n09399592.pkl:10;n09399592.pkl:79
vit,1532,764,-,27,14,8,5,0.08632147391238194,0.1345170651943361,0.019184910478575217,0.033038782572194385,0.6764145410991972,0.14687810670284407,class=293:n02130308.pkl:5;n02130308.pkl:6;n02130308.pkl:23|class=990:n12768682.pkl:3;n12768682.pkl:4;n12768682.pkl:7|class=363:n02454379.pkl:9;n02454379.pkl:15;n02454379.pkl:29
vit,1533,765,-,156,98,70,31,0.09861880611606587,0.16367546013113807,0.04163922920655629,0.08448031519375913,0.7720223469655915,0.03279671399429445,class=509:n03089624.pkl:0;n03089624.pkl:2;n03089624.pkl:5|class=234:n02106550.pkl:1;n02106550.pkl:2;n02106550.pkl:3|class=274:n02115913.pkl:0;n02115913.pkl:2;n02115913.pkl:3
vit,1534,766,-,88,55,35,13,0.08598835987192249,0.14205762573963032,0.031145537555856407,0.0752523430709449,0.7112149163366814,0.07770214737304063,class=789:n04201297.pkl:0;n04201297.pkl:2;n04201297.pkl:4|class=18:n01582220.pkl:1;n01582220.pkl:3;n01582220.pkl:14|class=476:n02966193.pkl:1;n02966193.pkl:11;n02966193.pkl:14
vit,1535,767,-,119,72,42,15,0.0797350164935835,0.1463774098107318,0.03053777333705599,0.07083411708980539,0.7255804266492937,0.05361635609128971,class=205:n02099267.pkl:2;n02099267.pkl:3;n02099267.pkl:4|class=925:n07584110.pkl:0;n07584110.pkl:2;n07584110.pkl:9|class=673:n03793489.pkl:1;n03793489.pkl:3;n03793489.pkl:38
