activation_ge_10pct,activation_ge_1pct,activation_ge_25pct,activation_ge_5pct,activation_n50,activation_n80,activation_n80_fraction,activation_n90,activation_observed,activation_occurrences,all_predictions_correct_for_source_label,class_id,images,selected_occurrences_outside_vocabulary,selected_threshold_joint_occurrences,selection_ge_10pct,selection_ge_1pct,selection_ge_25pct,selection_ge_5pct,selection_n50,selection_n80,selection_n80_fraction,selection_n90,selection_observed,selection_occurrences,source_label,split,vocabulary_size_physical,vocabulary_size_signed
22,52,16,27,7,16,0.2222222222222222,22,72,14341,True,0,1278,0,7568,11,32,8,19,5,10,0.1388888888888889,16,72,7568,0,train,72,72
11,43,9,23,5,9,0.10465116279069768,18,86,11000,True,1,1296,0,5551,9,24,7,9,4,7,0.08139534883720931,11,86,5551,1,train,86,86
32,45,18,38,9,20,0.273972602739726,27,73,16284,True,2,1243,0,5895,12,35,7,19,5,13,0.1780821917808219,20,73,5895,2,train,73,73
22,45,17,26,7,16,0.20512820512820512,21,78,13749,True,3,1227,0,6115,10,24,5,13,4,8,0.10256410256410256,13,78,6115,3,train,78,78
13,53,11,26,6,12,0.12631578947368421,25,95,11478,True,4,1275,0,5845,9,25,5,10,3,7,0.07368421052631578,11,95,5845,4,train,95,95
17,46,9,23,6,14,0.1794871794871795,23,78,8495,True,5,1180,0,3802,7,26,3,13,3,9,0.11538461538461539,15,78,3802,5,train,78,78
18,40,12,28,7,13,0.18055555555555555,21,72,12202,True,6,1278,0,5726,10,30,6,12,4,8,0.1111111111111111,13,72,5726,6,train,72,72
26,55,18,33,10,18,0.2,25,90,15311,True,7,1226,0,5798,12,34,6,18,6,14,0.15555555555555556,21,90,5798,7,train,90,90
22,44,12,27,6,13,0.2,20,65,11457,True,8,1199,0,4639,8,23,6,11,4,8,0.12307692307692308,12,65,4639,8,train,65,65
23,42,15,29,7,15,0.24193548387096775,20,62,14588,True,9,1297,0,6222,11,29,7,16,5,10,0.16129032258064516,15,62,6222,9,train,62,62
20,31,13,26,7,13,0.2708333333333333,18,48,11150,True,10,1280,0,4710,11,27,5,15,4,10,0.20833333333333334,15,48,4710,10,train,48,48
16,27,11,19,5,10,0.23809523809523808,13,42,10935,True,11,1296,0,5667,8,19,5,10,3,6,0.14285714285714285,8,42,5667,11,train,42,42
24,55,14,29,8,18,0.24324324324324326,26,74,13306,True,12,1291,0,6357,9,31,5,15,3,10,0.13513513513513514,16,74,6357,12,train,74,74
18,35,12,24,6,12,0.2033898305084746,18,59,11706,True,13,1297,0,5670,10,25,5,12,4,8,0.13559322033898305,12,59,5670,13,train,59,59
18,34,14,22,6,12,0.19047619047619047,16,63,12541,True,14,1299,0,6326,12,22,7,14,4,9,0.14285714285714285,12,63,6326,14,train,63,63
11,22,9,13,4,8,0.18604651162790697,10,43,9361,True,15,1295,0,4584,7,13,5,9,3,5,0.11627906976744186,7,43,4584,15,train,43,43
13,29,12,20,5,10,0.17857142857142858,13,56,10303,True,16,1299,0,5481,10,20,6,12,4,8,0.14285714285714285,11,56,5481,16,train,56,56
14,22,12,16,5,10,0.20833333333333334,12,48,9423,True,17,1291,0,4946,9,18,5,11,3,6,0.125,9,48,4946,17,train,48,48
20,37,10,25,6,14,0.2413793103448276,19,58,10986,True,18,1294,0,4736,8,28,5,14,4,10,0.1724137931034483,16,58,4736,18,train,58,58
19,39,13,24,6,13,0.19696969696969696,18,66,11405,True,19,1297,0,5428,10,26,4,14,3,9,0.13636363636363635,14,66,5428,19,train,66,66
16,30,11,20,5,11,0.1746031746031746,15,63,9954,True,20,1282,0,5278,8,21,5,10,3,7,0.1111111111111111,10,63,5278,20,train,63,63
19,35,11,24,6,13,0.17567567567567569,17,74,11412,True,21,1264,0,5027,7,23,6,13,4,7,0.0945945945945946,12,74,5027,21,train,74,74
16,34,13,23,6,12,0.19672131147540983,17,61,11453,True,22,1293,0,5636,12,24,7,13,4,9,0.14754098360655737,12,61,5636,22,train,61,61
11,32,7,14,4,9,0.1836734693877551,13,49,7687,True,23,1286,0,2936,6,16,3,9,3,6,0.12244897959183673,9,49,2936,23,train,49,49
19,36,14,24,6,13,0.18055555555555555,18,72,12765,True,24,1296,0,7325,12,28,8,16,4,9,0.125,14,72,7325,24,train,72,72
20,36,14,25,7,12,0.19672131147540983,17,61,14975,True,25,1276,0,8737,10,24,9,15,4,7,0.11475409836065574,10,61,8737,25,train,61,61
19,36,10,26,6,15,0.2727272727272727,21,55,8569,True,26,1134,0,3909,8,25,4,13,3,9,0.16363636363636364,15,55,3909,26,train,55,55
22,33,17,26,8,14,0.2222222222222222,17,63,16590,True,27,1229,0,8746,13,23,9,17,5,9,0.14285714285714285,12,63,8746,27,train,63,63
34,61,24,40,10,23,0.25274725274725274,30,91,21226,True,28,1236,0,7579,13,34,8,19,5,11,0.12087912087912088,18,91,7579,28,train,91,91
19,39,11,21,6,12,0.17647058823529413,18,68,10945,True,29,1282,0,4930,9,22,4,12,3,8,0.11764705882352941,12,68,4930,29,train,68,68
20,42,14,26,7,14,0.1794871794871795,20,78,12346,True,30,1236,0,5791,10,29,6,14,4,9,0.11538461538461539,14,78,5791,30,train,78,78
22,33,17,23,8,15,0.2459016393442623,19,61,14235,True,31,1282,0,6364,13,24,8,18,5,11,0.18032786885245902,15,61,6364,31,train,61,61
16,41,11,20,6,11,0.16417910447761194,17,67,9891,True,32,1191,0,4171,8,24,5,10,3,7,0.1044776119402985,12,67,4171,32,train,67,67
14,38,12,19,5,11,0.16417910447761194,15,67,10681,True,33,1272,0,4858,6,18,5,10,3,6,0.08955223880597014,9,67,4858,33,train,67,67
14,30,8,17,5,10,0.15625,14,64,8249,True,34,1183,0,3621,7,17,4,9,3,6,0.09375,9,64,3621,34,train,64,64
20,50,13,27,7,14,0.1917808219178082,20,73,12841,True,35,1182,0,4707,9,28,6,12,4,8,0.1095890410958904,13,73,4707,35,train,73,73
22,54,8,29,8,20,0.2564102564102564,30,78,8980,True,36,1088,0,2888,6,29,2,10,4,12,0.15384615384615385,19,78,2888,36,train,78,78
24,55,16,34,8,18,0.18947368421052632,27,95,15178,True,37,1261,0,7980,13,41,7,18,5,12,0.12631578947368421,18,95,7980,37,train,95,95
19,36,12,24,6,14,0.1891891891891892,19,74,9842,True,38,1235,0,5062,10,27,4,14,4,9,0.12162162162162163,15,74,5062,38,train,74,74
23,41,12,28,7,17,0.2537313432835821,23,67,10378,True,39,1267,0,4355,8,30,4,14,4,11,0.16417910447761194,19,67,4355,39,train,67,67
36,69,21,39,12,26,0.25742574257425743,35,101,15675,True,40,1189,0,6744,14,43,6,26,6,19,0.18811881188118812,28,101,6744,40,train,101,101
15,42,13,22,6,12,0.15584415584415584,18,77,11166,True,41,1223,0,5285,11,27,5,13,4,9,0.11688311688311688,13,77,5285,41,train,77,77
19,38,12,25,6,13,0.19402985074626866,19,67,11209,True,42,1261,0,5331,10,30,5,13,4,9,0.13432835820895522,15,67,5331,42,train,67,67
16,35,9,22,5,11,0.18032786885245902,17,61,7939,True,43,1078,0,3660,8,23,5,11,4,8,0.13114754098360656,13,61,3660,43,train,61,61
18,37,9,21,6,13,0.18840579710144928,18,69,9433,True,44,1225,0,4171,6,23,4,8,3,6,0.08695652173913043,10,69,4171,44,train,69,69
16,49,10,23,6,11,0.1375,20,80,12891,True,45,1282,0,6515,10,21,7,13,4,8,0.1,12,80,6515,45,train,80,80
34,73,16,42,11,27,0.2727272727272727,37,99,10052,True,46,843,0,4059,14,46,4,24,7,21,0.21212121212121213,32,99,4059,46,train,99,99
17,29,9,20,5,12,0.24,16,50,9625,True,47,1278,0,4065,6,19,3,9,2,6,0.12,11,50,4065,47,train,50,50
22,35,15,24,7,14,0.22580645161290322,18,62,12724,True,48,1295,0,6207,9,23,6,15,3,8,0.12903225806451613,12,62,6207,48,train,62,62
23,60,16,29,8,18,0.20930232558139536,25,86,13652,True,49,1267,0,5966,11,34,6,16,4,11,0.12790697674418605,18,86,5966,49,train,86,86
26,44,13,28,7,17,0.24285714285714285,24,70,12857,True,50,1273,0,5531,11,31,5,17,4,11,0.15714285714285714,17,70,5531,50,train,70,70
7,21,5,14,3,6,0.10909090909090909,10,55,6851,True,51,1265,0,3572,5,11,4,5,2,4,0.07272727272727272,5,55,3572,51,train,55,55
12,27,9,16,5,9,0.18,12,50,8371,True,52,1177,0,3728,6,16,3,9,2,5,0.1,9,50,3728,52,train,50,50
14,31,10,20,5,10,0.15873015873015872,14,63,10138,True,53,1228,0,4877,6,16,4,8,3,4,0.06349206349206349,7,63,4877,53,train,63,63
30,64,16,43,11,26,0.24761904761904763,36,105,13140,True,54,1206,0,5386,10,39,3,16,4,15,0.14285714285714285,25,105,5386,54,train,105,105
20,44,11,32,6,15,0.2112676056338028,24,71,10808,True,55,1081,0,4935,8,28,5,9,3,6,0.08450704225352113,11,71,4935,55,train,71,71
14,31,12,21,5,10,0.15873015873015872,15,63,11029,True,56,1261,0,6166,11,24,6,12,3,8,0.12698412698412698,10,63,6166,56,train,63,63
35,69,20,43,10,22,0.21359223300970873,33,103,18857,True,57,1296,0,8473,15,47,7,21,5,14,0.13592233009708737,24,103,8473,57,train,103,103
19,42,10,27,6,15,0.2542372881355932,21,59,9904,True,58,1242,0,3852,7,22,4,10,4,7,0.11864406779661017,12,59,3852,58,train,59,59
23,59,12,37,8,21,0.23595505617977527,32,89,11023,True,59,1184,0,4375,9,34,5,14,5,13,0.14606741573033707,22,89,4375,59,train,89,89
23,54,11,25,9,19,0.2289156626506024,26,83,7592,True,60,992,0,2448,6,28,1,14,5,14,0.1686746987951807,22,83,2448,60,train,83,83
34,70,17,45,10,26,0.22413793103448276,38,116,16369,True,61,1237,0,6615,11,41,6,19,4,14,0.1206896551724138,24,116,6615,61,train,116,116
19,45,11,24,6,13,0.19117647058823528,20,68,8699,True,62,973,0,3637,8,23,4,11,3,8,0.11764705882352941,13,68,3637,62,train,68,68
19,44,14,28,7,14,0.1794871794871795,21,78,12247,True,63,1277,0,5008,11,27,5,16,5,11,0.14102564102564102,16,78,5008,63,train,78,78
29,63,15,36,9,22,0.19469026548672566,31,113,13642,True,64,1197,0,6577,14,39,6,22,6,17,0.1504424778761062,25,113,6577,64,train,113,113
9,18,7,10,4,6,0.11538461538461539,8,52,7445,True,65,1245,0,3804,6,12,4,7,2,5,0.09615384615384616,6,52,3804,65,train,52,52
28,58,17,35,8,19,0.19387755102040816,28,98,12144,True,66,960,0,5327,9,31,7,14,4,8,0.08163265306122448,15,98,5327,66,train,98,98
30,58,18,37,9,21,0.2413793103448276,29,87,15471,True,67,1212,0,6061,11,37,5,19,5,13,0.14942528735632185,21,87,6061,67,train,87,87
31,69,19,40,10,23,0.25,33,92,11743,True,68,872,0,4741,14,44,7,16,5,13,0.14130434782608695,22,92,4741,68,train,92,92
24,51,15,33,8,17,0.19767441860465115,24,86,14496,True,69,1287,0,6402,13,32,5,18,5,12,0.13953488372093023,18,86,6402,69,train,86,86
17,31,13,20,6,11,0.18333333333333332,14,60,11578,True,70,1266,0,6394,12,22,7,13,4,8,0.13333333333333333,12,60,6394,70,train,60,60
19,50,11,26,6,15,0.16666666666666666,23,90,11283,True,71,1292,0,4792,8,30,3,13,3,9,0.1,16,90,4792,71,train,90,90
41,80,32,58,15,29,0.24369747899159663,40,119,26132,True,72,1268,0,11037,22,56,10,27,7,19,0.15966386554621848,27,119,11037,72,train,119,119
17,37,12,25,6,14,0.25,19,56,8276,True,73,1031,0,3129,7,18,2,9,2,6,0.10714285714285714,10,56,3129,73,train,56,56
28,48,18,38,8,18,0.2857142857142857,25,63,10163,True,74,781,0,4410,9,34,7,14,4,8,0.12698412698412698,13,63,4410,74,train,63,63
27,58,13,35,9,21,0.25609756097560976,28,82,13425,True,75,1286,0,6336,12,40,5,19,4,14,0.17073170731707318,22,82,6336,75,train,82,82
19,41,14,26,6,14,0.16666666666666666,21,84,12380,True,76,1278,0,6547,10,32,5,16,4,9,0.10714285714285714,15,84,6547,76,train,84,84
15,25,12,18,6,10,0.16666666666666666,13,60,10540,True,77,1248,0,5209,11,17,7,11,3,7,0.11666666666666667,10,60,5209,77,train,60,60
15,45,10,21,6,12,0.1791044776119403,19,67,10082,True,78,1269,0,4356,10,18,6,11,4,8,0.11940298507462686,11,67,4356,78,train,67,67
14,36,9,23,5,11,0.15714285714285714,17,70,10638,True,79,1289,0,5181,8,24,6,11,4,6,0.08571428571428572,11,70,5181,79,train,70,70
12,34,9,19,5,9,0.15789473684210525,15,57,8644,True,80,1238,0,4021,9,20,4,10,3,7,0.12280701754385964,11,57,4021,80,train,57,57
30,54,16,34,9,21,0.2441860465116279,29,86,14399,True,81,1283,0,7142,17,40,5,22,5,15,0.1744186046511628,22,86,7142,81,train,86,86
18,38,11,23,6,13,0.21311475409836064,19,61,6671,True,82,859,0,2753,8,26,2,13,4,10,0.16393442622950818,16,61,2753,82,train,61,61
15,35,11,20,5,11,0.15492957746478872,17,71,10377,True,83,1233,0,5873,9,24,6,12,3,7,0.09859154929577464,12,71,5873,83,train,71,71
12,25,9,14,5,8,0.17777777777777778,10,45,10098,True,84,1299,0,5137,8,15,6,9,3,6,0.13333333333333333,8,45,5137,84,train,45,45
13,28,7,17,5,8,0.16326530612244897,13,49,8875,True,85,1264,0,4394,6,18,5,10,3,5,0.10204081632653061,8,49,4394,85,train,49,49
27,56,14,35,8,20,0.24390243902439024,29,82,12497,True,86,1162,0,4756,9,32,4,16,4,12,0.14634146341463414,20,82,4756,86,train,82,82
16,38,12,21,6,12,0.18181818181818182,17,66,10852,True,87,1299,0,5242,9,26,5,13,4,9,0.13636363636363635,14,66,5242,87,train,66,66
15,29,10,19,5,9,0.14754098360655737,13,61,11241,True,88,1293,0,5309,7,19,6,9,3,6,0.09836065573770492,8,61,5309,88,train,61,61
16,31,9,19,5,9,0.17307692307692307,14,52,10655,True,89,1297,0,5153,7,19,4,10,3,5,0.09615384615384616,8,52,5153,89,train,52,52
31,53,19,40,9,21,0.25,30,84,18049,True,90,1299,0,8808,15,39,8,22,6,13,0.15476190476190477,21,84,8808,90,train,84,84
12,22,10,16,5,8,0.19047619047619047,11,42,9897,True,91,1285,0,5294,8,18,4,10,3,6,0.14285714285714285,8,42,5294,91,train,42,42
12,17,10,12,5,8,0.24242424242424243,10,33,9935,True,92,1287,0,5276,9,14,7,9,3,6,0.18181818181818182,7,33,5276,92,train,33,33
24,43,14,31,7,16,0.25806451612903225,23,62,12878,True,93,1296,0,5213,9,30,4,11,3,9,0.14516129032258066,15,62,5213,93,train,62,62
16,32,12,21,5,11,0.13924050632911392,16,79,10464,True,94,1292,0,5665,11,22,6,14,4,9,0.11392405063291139,13,79,5665,94,train,79,79
19,40,15,22,7,13,0.22413793103448276,17,58,13773,True,95,1294,0,6985,12,25,7,14,4,9,0.15517241379310345,12,58,6985,95,train,58,58
14,35,11,17,6,10,0.16129032258064516,14,62,10687,True,96,1285,0,5209,8,20,6,13,4,7,0.11290322580645161,11,62,5209,96,train,62,62
20,38,14,25,7,14,0.18181818181818182,19,77,12898,True,97,1291,0,6562,11,29,6,16,4,9,0.11688311688311688,14,77,6562,97,train,77,77
11,26,6,16,4,8,0.11428571428571428,13,70,7633,True,98,1129,0,4952,6,15,6,7,3,5,0.07142857142857142,6,70,4952,98,train,70,70
20,36,12,21,6,13,0.1780821917808219,17,73,11175,True,99,1282,0,4802,7,21,5,14,3,9,0.1232876712328767,15,73,4802,99,train,73,73
11,22,7,15,4,6,0.13043478260869565,10,46,9272,True,100,1298,0,5942,6,13,6,6,3,5,0.10869565217391304,6,46,5942,100,train,46,46
29,55,20,35,9,19,0.2345679012345679,27,81,14457,True,101,1151,0,5463,13,29,8,16,5,11,0.13580246913580246,18,81,5463,101,train,81,81
28,53,20,37,10,19,0.20652173913043478,27,92,17431,True,102,1300,0,8600,15,39,10,22,6,14,0.15217391304347827,20,92,8600,102,train,92,92
20,49,13,28,8,17,0.21518987341772153,24,79,10436,True,103,1257,0,4315,12,32,4,16,5,12,0.1518987341772152,18,79,4315,103,train,79,79
17,31,13,23,6,13,0.22033898305084745,16,59,11445,True,104,1293,0,4448,9,22,6,14,4,8,0.13559322033898305,12,59,4448,104,train,59,59
19,35,13,21,6,12,0.17647058823529413,16,68,12709,True,105,1298,0,5484,9,21,5,11,3,7,0.10294117647058823,10,68,5484,105,train,68,68
18,34,10,21,5,12,0.19047619047619047,18,63,9673,True,106,1277,0,4724,7,23,4,11,3,7,0.1111111111111111,12,63,4724,106,train,63,63
14,37,9,19,5,9,0.1323529411764706,15,68,10774,True,107,1298,0,5616,8,19,6,8,4,6,0.08823529411764706,8,68,5616,107,train,68,68
30,61,18,41,9,21,0.22580645161290322,30,93,16407,True,108,1186,0,6308,13,43,4,20,5,15,0.16129032258064516,24,93,6308,108,train,93,93
25,53,17,37,8,18,0.18,26,100,15934,True,109,1274,0,7282,11,34,7,14,4,9,0.09,15,100,7282,109,train,100,100
16,43,12,25,6,12,0.1791044776119403,18,67,12349,True,110,1275,0,5691,10,24,6,10,4,8,0.11940298507462686,12,67,5691,110,train,67,67
31,72,18,41,10,23,0.19827586206896552,34,116,16774,True,111,1287,0,6679,14,44,5,21,6,17,0.14655172413793102,27,116,6679,111,train,116,116
16,37,7,22,5,14,0.22950819672131148,20,61,8207,True,112,1277,0,2821,3,22,2,6,2,7,0.11475409836065574,14,61,2821,112,train,61,61
18,38,10,27,6,15,0.2459016393442623,21,61,10073,True,113,1266,0,4084,7,28,4,13,3,9,0.14754098360655737,15,61,4084,113,train,61,61
10,25,6,11,4,7,0.12962962962962962,11,54,6616,True,114,1271,0,2735,3,12,2,6,2,4,0.07407407407407407,7,54,2735,114,train,54,54
25,46,16,30,8,17,0.21518987341772153,24,79,14280,True,115,1289,0,7558,12,33,6,18,4,11,0.13924050632911392,17,79,7558,115,train,79,79
20,35,14,24,6,13,0.24528301886792453,18,53,11944,True,116,1286,0,5489,9,25,3,16,3,9,0.16981132075471697,14,53,5489,116,train,53,53
19,42,15,23,7,13,0.16049382716049382,18,81,13347,True,117,1300,0,6537,12,26,8,15,4,9,0.1111111111111111,13,81,6537,117,train,81,81
27,58,13,34,9,22,0.22,32,100,12421,True,118,1214,0,4347,5,32,4,11,3,13,0.13,23,100,4347,118,train,100,100
26,43,15,33,8,18,0.27692307692307694,25,65,12865,True,119,1228,0,5148,10,32,9,16,6,11,0.16923076923076924,18,65,5148,119,train,65,65
16,25,12,17,5,10,0.17857142857142858,12,56,11255,True,120,1275,0,6569,10,20,7,13,4,7,0.125,10,56,6569,120,train,56,56
16,37,10,26,5,13,0.13978494623655913,20,93,9577,True,121,1138,0,4585,6,20,6,9,3,6,0.06451612903225806,10,93,4585,121,train,93,93
23,50,15,30,8,16,0.18604651162790697,23,86,13972,True,122,1261,0,6332,12,30,5,19,4,11,0.12790697674418605,17,86,6332,122,train,86,86
31,69,17,40,10,23,0.23958333333333334,34,96,16483,True,123,1224,0,7044,15,41,7,21,5,14,0.14583333333333334,23,96,7044,123,train,96,96
29,58,12,34,10,23,0.25,32,92,11330,True,124,1214,0,3357,7,36,2,15,6,17,0.18478260869565216,27,92,3357,124,train,92,92
7,20,4,9,2,5,0.14285714285714285,9,35,4428,True,125,1290,0,2826,3,9,2,3,2,2,0.05714285714285714,3,35,2826,125,train,35,35
17,49,10,26,6,15,0.20270270270270271,24,74,10079,True,126,1270,0,3774,7,23,5,12,4,10,0.13513513513513514,16,74,3774,126,train,74,74
18,35,10,24,6,12,0.21428571428571427,18,56,11073,True,127,1245,0,5339,8,21,5,12,3,6,0.10714285714285714,10,56,5339,127,train,56,56
22,48,14,28,8,16,0.21333333333333335,23,75,11576,True,128,1237,0,4935,12,28,5,17,5,12,0.16,17,75,4935,128,train,75,75
19,35,14,23,6,13,0.22033898305084745,18,59,11743,True,129,1290,0,6306,14,23,6,14,4,9,0.15254237288135594,13,59,6306,129,train,59,59
15,23,14,18,6,10,0.20408163265306123,13,49,12554,True,130,1298,0,6832,11,18,7,13,3,7,0.14285714285714285,10,49,6832,130,train,49,49
23,56,16,32,9,18,0.18947368421052632,27,95,14067,True,131,1266,0,6485,14,37,9,18,7,14,0.14736842105263157,22,95,6485,131,train,95,95
25,54,15,36,8,19,0.20430107526881722,28,93,13905,True,132,1263,0,6412,11,32,7,15,4,10,0.10752688172043011,17,93,6412,132,train,93,93
13,24,9,18,5,9,0.19148936170212766,12,47,10359,True,133,1292,0,4817,9,17,5,10,3,7,0.14893617021276595,9,47,4817,133,train,47,47
15,34,10,19,5,11,0.24444444444444444,14,45,8774,True,134,1160,0,4252,7,18,4,10,3,6,0.13333333333333333,9,45,4252,134,train,45,45
11,31,8,17,5,8,0.14545454545454545,13,55,9712,True,135,1293,0,4350,5,13,3,8,2,4,0.07272727272727272,6,55,4350,135,train,55,55
17,31,12,23,6,11,0.19298245614035087,16,57,11248,True,136,1281,0,5522,9,21,6,13,3,8,0.14035087719298245,11,57,5522,136,train,57,57
16,28,12,17,6,11,0.16176470588235295,14,68,11349,True,137,1292,0,5701,10,15,6,13,3,7,0.10294117647058823,10,68,5701,137,train,68,68
17,28,7,22,5,11,0.16923076923076924,16,65,10210,True,138,1284,0,5340,6,21,5,6,3,5,0.07692307692307693,9,65,5340,138,train,65,65
19,29,13,22,6,13,0.2549019607843137,16,51,12552,True,139,1286,0,5963,9,24,5,13,3,7,0.13725490196078433,11,51,5963,139,train,51,51
18,34,10,24,6,10,0.17543859649122806,16,57,12148,True,140,1276,0,6295,8,22,7,12,4,7,0.12280701754385964,9,57,6295,140,train,57,57
10,23,7,12,4,7,0.15555555555555556,9,45,8613,True,141,1286,0,5235,6,10,6,7,3,5,0.1111111111111111,6,45,5235,141,train,45,45
10,27,10,15,5,8,0.12903225806451613,10,62,10046,True,142,1276,0,6384,8,16,7,9,3,6,0.0967741935483871,7,62,6384,142,train,62,62
18,37,13,26,6,13,0.19696969696969696,19,66,12828,True,143,1294,0,6741,11,25,6,13,4,8,0.12121212121212122,12,66,6741,143,train,66,66
16,33,10,19,5,11,0.16666666666666666,16,66,9924,True,144,1288,0,5096,10,24,4,10,3,7,0.10606060606060606,10,66,5096,144,train,66,66
23,37,13,29,6,14,0.2413793103448276,20,58,12879,True,145,1300,0,6139,9,27,6,14,4,8,0.13793103448275862,14,58,6139,145,train,58,58
23,40,15,26,7,16,0.2,21,80,11777,True,146,1293,0,5913,11,26,6,19,4,11,0.1375,17,80,5913,146,train,80,80
21,40,14,28,7,15,0.2054794520547945,20,73,11130,True,147,1109,0,5660,9,30,8,16,4,9,0.1232876712328767,15,73,5660,147,train,73,73
24,33,17,26,8,15,0.2542372881355932,19,59,13488,True,148,1289,0,5714,12,29,7,16,6,11,0.1864406779661017,15,59,5714,148,train,59,59
15,30,13,19,6,11,0.1506849315068493,14,73,10627,True,149,1295,0,5093,9,21,4,13,3,7,0.0958904109589041,12,73,5093,149,train,73,73
22,42,9,29,8,19,0.2835820895522388,25,67,9095,True,150,1290,0,3205,5,25,2,14,4,12,0.1791044776119403,19,67,3205,150,train,67,67
18,43,9,25,7,16,0.23880597014925373,25,67,8181,True,151,1226,0,2412,4,27,3,8,4,12,0.1791044776119403,20,67,2412,151,train,67,67
18,27,12,20,6,11,0.2619047619047619,14,42,6081,True,152,679,0,3361,12,22,6,12,4,8,0.19047619047619047,11,42,3361,152,train,42,42
20,55,12,27,7,17,0.17346938775510204,27,98,11351,True,153,1255,0,5063,8,34,5,14,4,11,0.11224489795918367,20,98,5063,153,train,98,98
21,40,13,26,7,15,0.23809523809523808,20,63,11141,True,154,1253,0,4866,10,26,5,16,4,10,0.15873015873015872,15,63,4866,154,train,63,63
24,58,17,38,10,22,0.23655913978494625,33,93,13581,True,155,1202,0,5076,12,41,4,17,6,15,0.16129032258064516,25,93,5076,155,train,93,93
19,46,11,24,7,15,0.17647058823529413,20,85,12460,True,156,1286,0,6110,12,27,8,17,5,10,0.11764705882352941,16,85,6110,156,train,85,85
14,34,10,18,5,10,0.16666666666666666,14,60,9952,True,157,1247,0,4708,11,21,6,12,4,9,0.15,12,60,4708,157,train,60,60
35,76,14,48,12,30,0.30612244897959184,42,98,8858,True,158,789,0,3390,9,49,2,19,6,21,0.21428571428571427,32,98,3390,158,train,98,98
27,52,16,36,9,19,0.2375,28,80,13215,True,159,1238,0,4692,10,36,4,14,5,13,0.1625,22,80,4692,159,train,80,80
18,36,10,22,6,12,0.21052631578947367,17,57,10213,True,160,1275,0,4375,8,22,5,13,3,8,0.14035087719298245,13,57,4375,160,train,57,57
37,80,18,49,14,31,0.25833333333333336,44,120,15387,True,161,1273,0,5778,13,53,5,23,8,22,0.18333333333333332,36,120,5778,161,train,120,120
26,61,13,38,9,22,0.23655913978494625,32,93,12511,True,162,1255,0,5038,10,36,4,17,5,14,0.15053763440860216,22,93,5038,162,train,93,93
18,39,10,24,6,14,0.19718309859154928,19,71,9200,True,163,1202,0,3543,7,26,4,11,4,11,0.15492957746478872,17,71,3543,163,train,71,71
16,39,8,22,5,14,0.20588235294117646,19,68,7467,True,164,1100,0,3138,5,24,3,7,3,7,0.10294117647058823,14,68,3138,164,train,68,68
28,58,17,40,9,20,0.25,30,80,8332,True,165,673,0,3631,15,41,7,24,6,15,0.1875,23,80,3631,165,train,80,80
26,53,15,34,9,19,0.25,27,76,10013,True,166,900,0,3497,12,31,5,15,5,11,0.14473684210526316,18,76,3497,166,train,76,76
28,60,15,38,8,21,0.25301204819277107,30,83,6878,True,167,596,0,3150,10,38,8,17,5,11,0.13253012048192772,21,83,3150,167,train,83,83
17,44,11,24,6,14,0.2,22,70,9003,True,168,1210,0,3041,6,24,4,10,4,9,0.12857142857142856,16,70,3041,168,train,70,70
21,42,10,25,6,15,0.1875,21,80,10339,True,169,1263,0,4378,7,27,4,12,3,10,0.125,17,80,4378,169,train,80,80
18,42,12,22,6,13,0.203125,19,64,10239,True,170,1236,0,4047,7,21,5,11,3,7,0.109375,12,64,4047,170,train,64,64
24,53,12,32,9,21,0.26582278481012656,29,79,10461,True,171,1257,0,3510,9,28,3,13,5,13,0.16455696202531644,21,79,3510,171,train,79,79
28,61,14,36,9,22,0.25287356321839083,32,87,12712,True,172,1241,0,4955,7,35,5,14,4,11,0.12643678160919541,21,87,4955,172,train,87,87
20,43,14,28,8,16,0.21333333333333335,21,75,10928,True,173,1246,0,4324,11,29,4,17,5,13,0.17333333333333334,18,75,4324,173,train,75,75
14,45,11,24,6,12,0.14814814814814814,21,81,10638,True,174,1267,0,4683,10,28,5,13,4,10,0.12345679012345678,16,81,4683,174,train,81,81
17,46,15,24,6,14,0.2153846153846154,20,65,6165,True,175,664,0,3199,12,33,6,14,4,10,0.15384615384615385,15,65,3199,175,train,65,65
20,53,10,27,7,17,0.20481927710843373,27,83,10014,True,176,1257,0,4151,9,34,3,14,5,13,0.1566265060240964,22,83,4151,176,train,83,83
24,53,11,31,7,18,0.24,25,75,12198,True,177,1228,0,5126,8,29,5,14,4,10,0.13333333333333333,18,75,5126,177,train,75,75
23,59,13,33,9,21,0.23076923076923078,30,91,11668,True,178,1286,0,4544,8,36,4,16,5,15,0.16483516483516483,24,91,4544,178,train,91,91
23,65,14,37,9,20,0.20618556701030927,32,97,13213,True,179,1190,0,5580,14,35,7,18,6,14,0.14432989690721648,21,97,5580,179,train,97,97
28,73,15,45,10,27,0.2755102040816326,40,98,12247,True,180,1084,0,4993,11,39,4,16,4,14,0.14285714285714285,24,98,4993,180,train,98,98
16,31,9,19,5,11,0.16666666666666666,15,66,9206,True,181,1242,0,4321,8,21,5,12,3,7,0.10606060606060606,11,66,4321,181,train,66,66
16,38,7,22,5,12,0.17391304347826086,19,69,8845,True,182,1275,0,4436,7,24,5,8,3,7,0.10144927536231885,12,69,4436,182,train,69,69
22,47,14,30,8,19,0.23170731707317074,26,82,10986,True,183,1231,0,4252,7,32,3,14,4,13,0.15853658536585366,20,82,4252,183,train,82,82
19,47,10,28,7,17,0.2361111111111111,25,72,8495,True,184,1133,0,3384,9,29,3,12,5,12,0.16666666666666666,19,72,3384,184,train,72,72
23,59,13,37,8,21,0.21428571428571427,33,98,12321,True,185,1175,0,4394,9,35,4,13,4,12,0.12244897959183673,22,98,4394,185,train,98,98
12,42,9,18,5,11,0.16666666666666666,19,66,7839,True,186,1199,0,2658,4,15,2,7,2,6,0.09090909090909091,11,66,2658,186,train,66,66
45,77,24,57,14,32,0.2909090909090909,43,110,20246,True,187,1233,0,7025,17,51,7,26,8,21,0.19090909090909092,32,110,7025,187,train,110,110
20,46,11,27,7,17,0.22666666666666666,23,75,7737,True,188,869,0,3315,8,34,5,14,4,10,0.13333333333333333,17,75,3315,188,train,75,75
21,53,13,31,9,19,0.2235294117647059,28,85,9675,True,189,1194,0,3111,7,27,3,15,5,14,0.16470588235294117,21,85,3111,189,train,85,85
31,58,19,40,10,22,0.2682926829268293,30,82,11724,True,190,897,0,5263,16,44,8,26,6,16,0.1951219512195122,25,82,5263,190,train,82,82
22,51,15,32,8,17,0.2236842105263158,26,76,11640,True,191,1270,0,4875,11,34,5,17,5,13,0.17105263157894737,20,76,4875,191,train,76,76
23,71,10,37,8,27,0.24545454545454545,40,110,11630,True,192,1255,0,4664,8,43,5,14,5,16,0.14545454545454545,30,110,4664,192,train,110,110
18,54,13,22,7,14,0.18666666666666668,22,75,10183,True,193,1153,0,3429,8,25,3,12,3,10,0.13333333333333333,16,75,3429,193,train,75,75
16,39,9,22,5,11,0.15714285714285714,17,70,8780,True,194,1099,0,4683,9,28,6,14,4,9,0.12857142857142856,14,70,4683,194,train,70,70
35,73,17,47,13,29,0.26851851851851855,41,108,14997,True,195,1267,0,5286,13,48,3,24,8,22,0.2037037037037037,33,108,5286,195,train,108,108
25,48,14,28,8,16,0.23529411764705882,23,68,12431,True,196,1190,0,5365,13,28,7,15,5,11,0.16176470588235295,15,68,5365,196,train,68,68
19,57,11,29,7,19,0.22093023255813954,30,86,10061,True,197,1195,0,3683,8,33,4,11,4,12,0.13953488372093023,23,86,3683,197,train,86,86
27,61,15,38,10,22,0.2268041237113402,31,97,12836,True,198,1161,0,5343,10,36,5,23,5,16,0.16494845360824742,24,97,5343,198,train,97,97
20,51,11,32,8,18,0.21686746987951808,28,83,10507,True,199,1259,0,4155,10,33,3,15,5,13,0.1566265060240964,23,83,4155,199,train,83,83
18,54,10,26,6,15,0.17647058823529413,25,85,10113,True,200,1183,0,3975,7,26,4,10,3,8,0.09411764705882353,17,85,3975,200,train,85,85
25,61,16,38,8,21,0.19811320754716982,33,106,13280,True,201,1165,0,5641,13,42,5,17,5,15,0.14150943396226415,25,106,5641,201,train,106,106
22,50,12,30,8,19,0.2087912087912088,27,91,10818,True,202,1265,0,3631,7,32,3,13,5,13,0.14285714285714285,22,91,3631,202,train,91,91
24,53,13,31,8,19,0.2,27,95,11223,True,203,1277,0,4716,11,31,5,13,5,12,0.12631578947368421,21,95,4716,203,train,95,95
28,55,14,40,9,22,0.25287356321839083,32,87,13039,True,204,1166,0,4479,10,40,5,13,5,13,0.14942528735632185,23,87,4479,204,train,87,87
31,68,15,43,11,25,0.23809523809523808,35,105,14220,True,205,1259,0,5726,14,42,5,22,7,18,0.17142857142857143,27,105,5726,205,train,105,105
17,36,10,22,5,13,0.18571428571428572,18,70,9755,True,206,1158,0,4694,8,25,5,11,3,8,0.11428571428571428,13,70,4694,206,train,70,70
28,61,10,42,10,26,0.2857142857142857,36,91,12239,True,207,1243,0,5095,6,41,4,14,3,12,0.13186813186813187,23,91,5095,207,train,91,91
23,47,11,31,8,19,0.2835820895522388,26,67,9652,True,208,1226,0,3350,7,30,3,11,4,11,0.16417910447761194,20,67,3350,208,train,67,67
18,38,12,25,6,14,0.19718309859154928,19,71,10090,True,209,1266,0,4040,11,25,3,12,5,10,0.14084507042253522,15,71,4040,209,train,71,71
26,55,12,36,8,21,0.25925925925925924,30,81,12915,True,210,1282,0,5388,7,38,4,15,4,13,0.16049382716049382,23,81,5388,210,train,81,81
12,38,9,24,5,11,0.15942028985507245,20,69,9375,True,211,1262,0,3455,7,19,2,7,2,7,0.10144927536231885,12,69,3455,211,train,69,69
18,39,7,25,6,16,0.25,22,64,7694,True,212,1252,0,3059,5,22,3,7,3,7,0.109375,14,64,3059,212,train,64,64
21,46,10,27,6,15,0.16483516483516483,22,91,12246,True,213,1271,0,5728,10,30,6,16,4,10,0.10989010989010989,17,91,5728,213,train,91,91
19,40,15,23,8,14,0.16279069767441862,19,86,12404,True,214,1269,0,5806,15,28,5,16,5,12,0.13953488372093023,15,86,5806,214,train,86,86
24,46,17,35,9,19,0.21839080459770116,25,87,13236,True,215,1241,0,4648,12,33,3,19,6,15,0.1724137931034483,22,87,4648,215,train,87,87
15,38,10,21,5,11,0.19298245614035087,18,57,8965,True,216,1242,0,4114,6,18,4,9,3,6,0.10526315789473684,9,57,4114,216,train,57,57
23,60,16,33,10,20,0.20202020202020202,30,99,12013,True,217,1276,0,5449,12,35,4,18,6,15,0.15151515151515152,23,99,5449,217,train,99,99
16,35,12,23,6,13,0.18571428571428572,18,70,9887,True,218,1259,0,3735,5,19,4,9,2,6,0.08571428571428572,11,70,3735,218,train,70,70
22,53,11,25,7,18,0.23076923076923078,26,78,9878,True,219,1222,0,4120,10,25,4,14,4,11,0.14102564102564102,18,78,4120,219,train,78,78
16,34,10,19,5,12,0.1935483870967742,16,62,8456,True,220,1167,0,3103,6,20,3,10,3,9,0.14516129032258066,13,62,3103,220,train,62,62
29,57,15,37,9,21,0.23076923076923078,29,91,11331,True,221,947,0,5327,10,43,8,24,6,16,0.17582417582417584,24,91,5327,221,train,91,91
27,57,10,40,9,24,0.26666666666666666,34,90,11937,True,222,1243,0,5012,9,40,3,15,5,16,0.17777777777777778,27,90,5012,222,train,90,90
14,43,8,22,5,13,0.16455696202531644,21,79,8047,True,223,1282,0,3380,5,22,3,10,3,8,0.10126582278481013,14,79,3380,223,train,79,79
23,53,12,28,8,18,0.20689655172413793,25,87,12416,True,224,1275,0,5704,11,33,5,18,5,13,0.14942528735632185,20,87,5704,224,train,87,87
23,51,11,29,8,18,0.225,25,80,11971,True,225,1268,0,5327,10,30,4,19,5,13,0.1625,20,80,5327,225,train,80,80
16,31,9,22,5,12,0.20689655172413793,16,58,8631,True,226,1256,0,3575,7,19,3,10,3,7,0.1206896551724138,11,58,3575,226,train,58,58
14,42,8,17,6,13,0.22807017543859648,20,57,6922,True,227,1217,0,2565,8,17,2,9,4,8,0.14035087719298245,12,57,2565,227,train,57,57
15,31,9,21,5,10,0.15384615384615385,15,65,9317,True,228,1293,0,4689,8,19,4,11,3,7,0.1076923076923077,11,65,4689,228,train,65,65
22,38,11,27,7,16,0.2222222222222222,21,72,11483,True,229,1283,0,5270,9,28,4,15,4,9,0.125,16,72,5270,229,train,72,72
17,55,14,30,7,15,0.17857142857142858,26,84,12230,True,230,1236,0,5272,10,36,6,16,5,12,0.14285714285714285,20,84,5272,230,train,84,84
22,38,10,28,7,16,0.24615384615384617,22,65,7025,True,231,863,0,3056,10,29,2,16,4,12,0.18461538461538463,18,65,3056,231,train,65,65
24,59,14,31,8,19,0.2087912087912088,27,91,12735,True,232,1242,0,4676,7,30,3,14,3,12,0.13186813186813187,19,91,4676,232,train,91,91
16,36,11,20,6,11,0.1864406779661017,17,59,9989,True,233,1266,0,3786,8,21,3,11,3,8,0.13559322033898305,11,59,3786,233,train,59,59
17,55,11,28,6,16,0.16326530612244897,27,98,11092,True,234,1270,0,4708,9,33,6,11,4,9,0.09183673469387756,16,98,4708,234,train,98,98
20,52,12,26,7,15,0.18072289156626506,23,83,11165,True,235,1250,0,4821,9,26,5,13,4,9,0.10843373493975904,15,83,4821,235,train,83,83
25,56,11,34,8,20,0.2857142857142857,28,70,11853,True,236,1231,0,4109,9,32,4,11,4,11,0.15714285714285714,20,70,4109,236,train,70,70
18,43,9,24,6,13,0.17567567567567569,21,74,10337,True,237,1262,0,4157,8,26,4,10,3,8,0.10810810810810811,14,74,4157,237,train,74,74
18,50,9,23,6,15,0.19480519480519481,24,77,9437,True,238,1203,0,3947,7,21,4,10,3,8,0.1038961038961039,13,77,3947,238,train,77,77
21,47,14,32,8,17,0.22972972972972974,25,74,12287,True,239,1278,0,4805,10,30,4,13,4,11,0.14864864864864866,18,74,4805,239,train,74,74
25,54,13,33,7,18,0.25,26,72,10303,True,240,1085,0,3726,9,28,4,15,4,11,0.1527777777777778,19,72,3726,240,train,72,72
26,63,15,40,9,22,0.24719101123595505,34,89,11538,True,241,1095,0,4396,10,38,4,16,4,14,0.15730337078651685,23,89,4396,241,train,89,89
21,44,12,31,8,17,0.2537313432835821,24,67,10808,True,242,1255,0,4451,10,29,3,18,4,13,0.19402985074626866,19,67,4451,242,train,67,67
26,56,15,34,9,21,0.22580645161290322,30,93,12026,True,243,1241,0,4834,11,33,4,19,5,14,0.15053763440860216,21,93,4834,243,train,93,93
18,33,13,18,6,12,0.17142857142857143,16,70,10829,True,244,1258,0,4752,8,23,4,11,3,7,0.1,12,70,4752,244,train,70,70
26,51,11,33,8,20,0.2222222222222222,29,90,12211,True,245,1268,0,4590,9,35,6,15,5,13,0.14444444444444443,22,90,4590,245,train,90,90
20,61,13,33,9,21,0.21212121212121213,34,99,10488,True,246,1254,0,4006,8,38,4,14,5,15,0.15151515151515152,28,99,4006,246,train,99,99
23,48,13,31,8,17,0.22972972972972974,24,74,12061,True,247,1282,0,5137,11,33,4,17,5,13,0.17567567567567569,20,74,5137,247,train,74,74
14,37,9,18,5,11,0.171875,15,64,6252,True,248,801,0,3075,7,17,6,12,3,7,0.109375,11,64,3075,248,train,64,64
30,56,14,35,10,24,0.22429906542056074,32,107,12207,True,249,1228,0,5158,11,38,5,20,6,18,0.16822429906542055,27,107,5158,249,train,107,107
26,62,16,37,9,20,0.21739130434782608,31,92,10759,True,250,956,0,4437,12,36,6,16,5,12,0.13043478260869565,21,92,4437,250,train,92,92
20,40,9,24,6,16,0.22857142857142856,22,70,9802,True,251,1290,0,3867,6,25,3,8,3,10,0.14285714285714285,17,70,3867,251,train,70,70
25,53,8,30,7,21,0.25925925925925924,29,81,7634,True,252,913,0,4218,9,39,5,17,4,15,0.18518518518518517,25,81,4218,252,train,81,81
18,42,9,26,6,15,0.2112676056338028,21,71,9536,True,253,1259,0,3993,6,25,5,13,4,10,0.14084507042253522,16,71,3993,253,train,71,71
28,71,19,40,11,24,0.25806451612903225,36,93,14082,True,254,1278,0,5123,16,45,4,22,9,19,0.20430107526881722,29,93,5123,254,train,93,93
17,29,9,19,5,10,0.24390243902439024,15,41,10036,True,255,1272,0,4850,8,20,7,11,4,7,0.17073170731707318,10,41,4850,255,train,41,41
17,41,11,19,6,12,0.17391304347826086,18,69,9562,True,256,1255,0,3450,7,22,3,10,4,9,0.13043478260869565,15,69,3450,256,train,69,69
26,56,14,39,10,23,0.27710843373493976,33,83,11144,True,257,1261,0,3962,11,35,2,18,7,17,0.20481927710843373,26,83,3962,257,train,83,83
18,37,10,21,5,12,0.16666666666666666,17,72,10597,True,258,1286,0,4710,9,20,5,14,4,9,0.125,13,72,4710,258,train,72,72
19,52,13,24,7,15,0.17647058823529413,24,85,11299,True,259,1285,0,5512,11,31,6,14,4,11,0.12941176470588237,17,85,5512,259,train,85,85
14,32,9,19,5,10,0.15873015873015872,16,63,9699,True,260,1286,0,5232,8,24,6,9,3,7,0.1111111111111111,9,63,5232,260,train,63,63
24,38,16,27,7,15,0.20270270270270271,20,74,13083,True,261,1282,0,6365,15,33,7,19,5,12,0.16216216216216217,17,74,6365,261,train,74,74
16,46,11,25,6,14,0.21212121212121213,21,66,7950,True,262,1040,0,3845,7,28,4,13,3,10,0.15151515151515152,15,66,3845,262,train,66,66
26,58,15,33,9,19,0.20652173913043478,29,92,13301,True,263,1248,0,5029,12,36,4,18,6,15,0.16304347826086957,22,92,5029,263,train,92,92
20,39,9,26,6,15,0.2112676056338028,21,71,8581,True,264,1153,0,2561,5,23,2,10,3,10,0.14084507042253522,17,71,2561,264,train,71,71
26,52,19,42,10,22,0.25882352941176473,32,85,12104,True,265,1124,0,3657,11,33,3,18,7,16,0.18823529411764706,24,85,3657,265,train,85,85
45,80,16,53,15,36,0.3103448275862069,48,116,14869,True,266,1119,0,4931,15,51,3,24,10,25,0.21551724137931033,37,116,4931,266,train,116,116
18,36,8,25,6,14,0.20588235294117646,21,68,8323,True,267,1227,0,3602,6,22,4,8,3,7,0.10294117647058823,14,68,3602,267,train,68,68
25,47,12,28,7,17,0.20987654320987653,23,81,7808,True,268,735,0,4502,11,35,7,19,4,11,0.13580246913580246,19,81,4502,268,train,81,81
30,67,19,36,10,22,0.19642857142857142,30,112,15163,True,269,1178,0,6931,11,40,6,20,4,13,0.11607142857142858,23,112,6931,269,train,112,112
18,40,12,26,6,13,0.17105263157894737,19,76,10961,True,270,1200,0,5398,9,29,7,14,4,8,0.10526315789473684,13,76,5398,270,train,76,76
12,23,6,15,4,8,0.18604651162790697,12,43,6641,True,271,1098,0,3469,6,18,5,7,3,5,0.11627906976744186,7,43,3469,271,train,43,43
27,54,11,39,7,22,0.2894736842105263,31,76,12241,True,272,1190,0,4978,7,33,4,12,3,8,0.10526315789473684,18,76,4978,272,train,76,76
14,42,8,21,6,13,0.18840579710144928,20,69,7217,True,273,1169,0,2643,7,20,3,10,4,9,0.13043478260869565,14,69,2643,273,train,69,69
12,33,8,20,4,10,0.19607843137254902,16,51,7246,True,274,1215,0,3776,6,21,3,8,2,6,0.11764705882352941,10,51,3776,274,train,51,51
18,34,12,26,6,12,0.20689655172413793,18,58,11937,True,275,1251,0,5605,7,23,6,13,3,7,0.1206896551724138,11,58,5605,275,train,58,58
18,28,13,21,6,12,0.2222222222222222,15,54,11229,True,276,1281,0,5421,11,22,6,13,4,8,0.14814814814814814,11,54,5421,276,train,54,54
21,45,16,27,7,15,0.20833333333333334,21,72,12030,True,277,1167,0,5038,10,27,6,15,4,9,0.125,16,72,5038,277,train,72,72
29,47,18,35,9,20,0.2898550724637681,26,69,14389,True,278,1153,0,5556,12,36,6,20,5,13,0.18840579710144928,20,69,5556,278,train,69,69
24,47,11,29,7,17,0.22972972972972974,25,74,11478,True,279,1275,0,4921,10,29,7,15,5,11,0.14864864864864866,17,74,4921,279,train,74,74
20,47,10,28,6,16,0.22535211267605634,23,71,9847,True,280,1152,0,4435,9,22,4,15,4,9,0.1267605633802817,14,71,4435,280,train,71,71
40,95,24,55,14,34,0.24113475177304963,50,141,18068,True,281,1133,0,6436,18,48,6,26,8,21,0.14893617021276595,33,141,6436,281,train,141,141
20,57,13,29,7,18,0.24,27,75,6000,True,282,642,0,2206,6,33,4,13,4,13,0.17333333333333334,22,75,2206,282,train,75,75
26,52,16,34,9,20,0.20202020202020202,27,99,13269,True,283,1289,0,5933,15,40,5,20,7,16,0.16161616161616163,23,99,5933,283,train,99,99
38,87,19,46,13,32,0.26666666666666666,46,120,17045,True,284,1286,0,6814,13,62,4,28,8,26,0.21666666666666667,39,120,6814,284,train,120,120
38,88,22,54,14,30,0.23622047244094488,45,127,17889,True,285,1135,0,5201,11,50,5,22,7,21,0.16535433070866143,35,127,5201,285,train,127,127
17,35,11,20,6,12,0.16901408450704225,16,71,10059,True,286,1281,0,4762,9,23,7,12,5,9,0.1267605633802817,13,71,4762,286,train,71,71
9,21,8,13,4,7,0.16666666666666666,9,42,7611,True,287,1259,0,3975,7,10,6,7,3,5,0.11904761904761904,7,42,3975,287,train,42,42
26,41,20,30,9,17,0.265625,22,64,15389,True,288,1147,0,6363,15,27,5,18,4,11,0.171875,15,64,6363,288,train,64,64
34,55,24,38,11,22,0.23404255319148937,29,94,19145,True,289,1292,0,9734,22,42,12,27,9,18,0.19148936170212766,25,94,9734,289,train,94,94
25,52,17,33,8,17,0.2,25,85,15620,True,290,1206,0,7046,10,35,8,17,5,10,0.11764705882352941,17,85,7046,290,train,85,85
19,44,11,26,6,14,0.17073170731707318,21,82,11888,True,291,1297,0,6205,7,26,6,12,4,6,0.07317073170731707,13,82,6205,291,train,82,82
21,44,16,29,7,15,0.15306122448979592,20,98,14589,True,292,1292,0,7422,10,32,5,16,4,8,0.08163265306122448,14,98,7422,292,train,98,98
21,29,16,24,7,14,0.2545454545454545,17,55,14251,True,293,1286,0,6893,14,25,8,16,4,9,0.16363636363636364,13,55,6893,293,train,55,55
27,41,17,32,9,19,0.3392857142857143,25,56,13230,True,294,1279,0,5012,11,31,4,20,5,14,0.25,20,56,5012,294,train,56,56
12,24,8,18,4,8,0.1568627450980392,13,51,8640,True,295,1285,0,4416,7,17,4,8,3,6,0.11764705882352941,9,51,4416,295,train,51,51
17,44,15,25,6,13,0.2,18,65,12528,True,296,1292,0,5993,7,27,7,12,4,7,0.1076923076923077,12,65,5993,296,train,65,65
16,38,11,22,6,11,0.14285714285714285,17,77,11157,True,297,1267,0,5351,9,24,4,12,3,8,0.1038961038961039,12,77,5351,297,train,77,77
16,35,13,16,6,11,0.18333333333333332,14,60,9922,True,298,1161,0,4239,8,19,6,13,4,7,0.11666666666666667,12,60,4239,298,train,60,60
12,27,9,16,4,8,0.1095890410958904,12,73,9561,True,299,1290,0,5762,5,13,5,7,3,5,0.0684931506849315,5,73,5762,299,train,73,73
20,42,16,26,7,14,0.18181818181818182,19,77,14932,True,300,1268,0,7186,14,30,7,16,5,11,0.14285714285714285,14,77,7186,300,train,77,77
21,44,14,24,7,14,0.16666666666666666,20,84,12818,True,301,1283,0,6163,11,27,7,13,5,9,0.10714285714285714,14,84,6163,301,train,84,84
23,35,13,24,6,14,0.21212121212121213,19,66,10117,True,302,1152,0,5029,9,22,5,12,3,7,0.10606060606060606,12,66,5029,302,train,66,66
20,37,14,22,7,14,0.2,19,70,10822,True,303,1260,0,4729,9,25,5,16,4,10,0.14285714285714285,16,70,4729,303,train,70,70
16,25,11,18,5,9,0.20930232558139536,13,43,10201,True,304,1131,0,4670,6,15,5,9,3,5,0.11627906976744186,7,43,4670,304,train,43,43
15,44,10,24,5,12,0.16216216216216217,21,74,10351,True,305,1273,0,5279,8,24,4,12,3,8,0.10810810810810811,13,74,5279,305,train,74,74
24,46,13,29,7,16,0.19047619047619047,23,84,11917,True,306,1281,0,5362,12,30,7,12,5,10,0.11904761904761904,17,84,5362,306,train,84,84
18,43,12,25,7,13,0.1780821917808219,19,73,12599,True,307,1282,0,6062,11,26,8,14,4,9,0.1232876712328767,12,73,6062,307,train,73,73
13,30,10,16,5,9,0.16363636363636364,13,55,10271,True,308,1270,0,5051,8,18,6,10,3,7,0.12727272727272726,9,55,5051,308,train,55,55
19,41,15,25,7,15,0.20270270270270271,20,74,11668,True,309,1245,0,5098,10,27,4,12,3,9,0.12162162162162163,14,74,5098,309,train,74,74
13,27,7,18,4,10,0.23809523809523808,15,42,7282,True,310,1272,0,2435,5,13,2,5,2,5,0.11904761904761904,8,42,2435,310,train,42,42
22,41,14,26,7,14,0.1891891891891892,20,74,11548,True,311,1156,0,5253,8,27,7,14,4,8,0.10810810810810811,14,74,5253,311,train,74,74
22,35,16,26,7,15,0.2542372881355932,19,59,11918,True,312,1113,0,4034,9,19,4,12,3,8,0.13559322033898305,12,59,4034,312,train,59,59
24,54,13,32,8,19,0.2159090909090909,28,88,11557,True,313,1256,0,4445,11,30,3,16,4,12,0.13636363636363635,18,88,4445,313,train,88,88
18,37,13,22,6,13,0.22413793103448276,18,58,10460,True,314,1268,0,3760,6,22,5,12,4,10,0.1724137931034483,15,58,3760,314,train,58,58
21,52,13,31,8,17,0.20238095238095238,26,84,12403,True,315,1288,0,5902,12,37,6,15,5,12,0.14285714285714285,20,84,5902,315,train,84,84
16,25,13,17,6,11,0.25,13,44,10879,True,316,1278,0,4242,6,17,3,9,2,5,0.11363636363636363,8,44,4242,316,train,44,44
14,26,9,16,5,9,0.15517241379310345,13,58,9197,True,317,1279,0,4762,6,14,4,8,3,5,0.08620689655172414,7,58,4762,317,train,58,58
17,41,12,22,6,12,0.1875,18,64,11125,True,318,1284,0,4826,9,21,5,12,3,8,0.125,11,64,4826,318,train,64,64
15,29,14,20,6,11,0.1746031746031746,14,63,11734,True,319,1137,0,5318,7,18,6,12,3,6,0.09523809523809523,9,63,5318,319,train,63,63
25,50,12,31,7,17,0.19101123595505617,24,89,14498,True,320,1272,0,8126,9,32,7,16,4,8,0.0898876404494382,16,89,8126,320,train,89,89
22,41,16,24,7,15,0.234375,20,64,13943,True,321,1298,0,7089,10,30,5,15,4,9,0.140625,14,64,7089,321,train,64,64
15,31,12,17,6,10,0.14925373134328357,13,67,12105,True,322,1275,0,6146,11,18,5,11,4,7,0.1044776119402985,10,67,6146,322,train,67,67
22,32,17,27,7,15,0.234375,19,64,14946,True,323,1299,0,8329,14,29,7,20,4,10,0.15625,16,64,8329,323,train,64,64
17,36,10,21,5,11,0.15942028985507245,16,69,11066,True,324,1278,0,6273,7,19,6,11,3,6,0.08695652173913043,9,69,6273,324,train,69,69
15,30,10,17,5,10,0.18518518518518517,13,54,10836,True,325,1276,0,5739,9,20,7,12,3,7,0.12962962962962962,10,54,5739,325,train,54,54
25,44,14,29,7,17,0.25,23,68,12508,True,326,1287,0,6261,11,32,5,16,4,10,0.14705882352941177,16,68,6261,326,train,68,68
22,48,11,31,7,18,0.23376623376623376,27,77,11616,True,327,1286,0,5891,8,34,5,13,3,10,0.12987012987012986,19,77,5891,327,train,77,77
23,52,13,35,7,18,0.20454545454545456,28,88,13876,True,328,1278,0,7110,14,37,5,18,5,13,0.14772727272727273,20,88,7110,328,train,88,88
16,29,13,21,6,12,0.17142857142857143,15,70,11402,True,329,1292,0,5370,10,22,4,13,3,8,0.11428571428571428,12,70,5370,329,train,70,70
20,42,14,27,6,15,0.17647058823529413,20,85,11775,True,330,1252,0,5487,9,26,5,16,4,9,0.10588235294117647,15,85,5487,330,train,85,85
17,34,12,25,6,11,0.171875,17,64,11216,True,331,1180,0,3721,7,22,3,9,3,7,0.109375,12,64,3721,331,train,64,64
16,41,9,21,6,11,0.12643678160919541,17,87,11107,True,332,1290,0,5851,9,24,6,14,4,8,0.09195402298850575,13,87,5851,332,train,87,87
23,39,14,28,7,16,0.26666666666666666,21,60,11459,True,333,1286,0,4963,7,28,3,12,3,8,0.13333333333333333,15,60,4963,333,train,60,60
14,45,10,23,6,12,0.15789473684210525,20,76,11455,True,334,1281,0,5595,10,26,8,12,5,9,0.11842105263157894,13,76,5595,334,train,76,76
21,47,15,29,7,15,0.21428571428571427,22,70,12346,True,335,1195,0,6110,13,32,6,18,5,11,0.15714285714285714,17,70,6110,335,train,70,70
14,35,10,19,6,11,0.1774193548387097,16,62,10395,True,336,1285,0,5411,8,22,8,12,4,7,0.11290322580645161,11,62,5411,336,train,62,62
10,23,7,15,4,7,0.19444444444444445,11,36,7384,True,337,1247,0,3115,5,12,5,7,3,5,0.1388888888888889,6,36,3115,337,train,36,36
18,40,11,24,6,14,0.16470588235294117,21,85,10640,True,338,1294,0,4762,6,23,5,12,3,7,0.08235294117647059,13,85,4762,338,train,85,85
20,51,11,29,6,15,0.1744186046511628,24,86,14080,True,339,1297,0,8200,11,31,8,16,4,9,0.10465116279069768,14,86,8200,339,train,86,86
21,45,11,29,6,15,0.189873417721519,22,79,13104,True,340,1291,0,6703,10,30,6,13,4,8,0.10126582278481013,14,79,6703,340,train,79,79
17,30,10,20,5,12,0.21818181818181817,16,55,6277,True,341,921,0,1655,4,15,3,8,3,6,0.10909090909090909,11,55,1655,341,train,55,55
27,51,19,37,9,19,0.2159090909090909,27,88,15819,True,342,1213,0,6645,12,33,6,17,4,10,0.11363636363636363,15,88,6645,342,train,88,88
20,37,16,25,7,14,0.1917808219178082,19,73,13550,True,343,1290,0,6507,13,29,5,16,4,10,0.136986301369863,15,73,6507,343,train,73,73
24,49,17,31,8,18,0.1978021978021978,25,91,14257,True,344,1296,0,6432,12,33,5,18,4,12,0.13186813186813187,19,91,6432,344,train,91,91
14,31,10,18,6,10,0.2,14,50,7063,True,345,954,0,2098,8,15,3,9,4,7,0.14,10,50,2098,345,train,50,50
17,50,13,25,7,15,0.1724137931034483,24,87,10113,True,346,1275,0,4756,9,27,5,13,4,11,0.12643678160919541,16,87,4756,346,train,87,87
14,24,10,17,5,9,0.1232876712328767,12,73,11010,True,347,1295,0,5936,11,18,6,11,3,7,0.0958904109589041,10,73,5936,347,train,73,73
27,59,16,36,9,21,0.23863636363636365,30,88,10946,True,348,1047,0,4146,10,36,6,15,5,13,0.14772727272727273,23,88,4146,348,train,88,88
38,70,14,54,12,30,0.3125,41,96,16013,True,349,1181,0,5588,11,45,5,19,5,17,0.17708333333333334,27,96,5588,349,train,96,96
16,31,9,21,5,11,0.1746031746031746,16,63,8991,True,350,1287,0,4047,7,22,3,11,2,7,0.1111111111111111,12,63,4047,350,train,63,63
14,23,10,15,5,9,0.20454545454545456,11,44,11090,True,351,1274,0,5827,8,16,6,8,3,6,0.13636363636363635,7,44,5827,351,train,44,44
18,34,13,27,7,12,0.17391304347826086,17,69,12984,True,352,1213,0,6681,12,24,7,13,4,9,0.13043478260869565,12,69,6681,352,train,69,69
22,39,12,26,7,14,0.2028985507246377,21,69,10540,True,353,1115,0,4175,9,27,3,12,3,9,0.13043478260869565,15,69,4175,353,train,69,69
21,39,11,25,6,15,0.22058823529411764,20,68,10795,True,354,1298,0,4402,8,27,3,11,3,9,0.1323529411764706,16,68,4402,354,train,68,68
11,33,7,17,4,10,0.16666666666666666,16,60,7443,True,355,1293,0,3132,3,18,2,7,2,5,0.08333333333333333,10,60,3132,355,train,60,60
6,21,4,12,3,7,0.25,12,28,2601,True,356,808,0,885,3,11,2,4,2,5,0.17857142857142858,9,28,885,356,train,28,28
26,50,16,31,8,19,0.24358974358974358,26,78,12815,True,357,1192,0,5288,9,33,6,15,4,11,0.14102564102564102,18,78,5288,357,train,78,78
44,78,25,59,14,31,0.31958762886597936,43,97,18243,True,358,1029,0,5271,14,46,6,18,7,16,0.16494845360824742,28,97,5271,358,train,97,97
68,110,45,83,21,44,0.34108527131782945,59,129,38266,True,359,1196,0,9534,26,64,10,33,9,26,0.20155038759689922,36,129,9534,359,train,129,129
25,58,14,35,7,20,0.22988505747126436,29,87,13832,True,360,1266,0,5976,10,31,5,15,3,10,0.11494252873563218,17,87,5976,360,train,87,87
22,50,14,31,8,17,0.22972972972972974,25,74,13101,True,361,1292,0,4543,12,33,4,16,6,13,0.17567567567567569,21,74,4543,361,train,74,74
15,27,12,15,6,10,0.19607843137254902,13,51,10538,True,362,1276,0,4331,9,16,5,11,3,7,0.13725490196078433,10,51,4331,362,train,51,51
13,40,9,17,5,10,0.14285714285714285,16,70,10094,True,363,1297,0,4429,9,21,5,11,4,8,0.11428571428571428,11,70,4429,363,train,70,70
18,30,13,21,6,11,0.2,15,55,11508,True,364,1293,0,5507,11,21,5,14,4,9,0.16363636363636364,12,55,5507,364,train,55,55
17,45,14,22,7,13,0.16883116883116883,17,77,12627,True,365,1287,0,6220,12,25,7,15,4,9,0.11688311688311688,14,77,6220,365,train,77,77
20,31,12,22,6,12,0.20689655172413793,16,58,12717,True,366,1280,0,6506,9,22,8,15,4,8,0.13793103448275862,12,58,6506,366,train,58,58
23,44,15,28,8,16,0.2,22,80,12019,True,367,1265,0,5114,11,28,4,16,4,11,0.1375,17,80,5114,367,train,80,80
22,46,15,33,8,16,0.2318840579710145,22,69,14151,True,368,1228,0,6956,14,28,9,15,5,10,0.14492753623188406,14,69,6956,368,train,69,69
18,36,14,21,6,12,0.2033898305084746,16,59,11290,True,369,1241,0,4855,10,22,6,12,4,8,0.13559322033898305,12,59,4855,369,train,59,59
22,45,14,27,7,13,0.18055555555555555,20,72,13698,True,370,1155,0,5691,11,25,7,11,4,8,0.1111111111111111,11,72,5691,370,train,72,72
5,16,5,7,3,5,0.14705882352941177,5,34,5145,True,371,1102,0,2326,5,9,4,5,2,4,0.11764705882352941,5,34,2326,371,train,34,34
13,27,9,17,4,9,0.2,12,45,8412,True,372,1276,0,4068,5,17,5,8,3,5,0.1111111111111111,8,45,4068,372,train,45,45
23,41,15,25,7,15,0.2,20,75,11966,True,373,1258,0,5033,12,25,5,17,5,12,0.16,16,75,5033,373,train,75,75
10,19,7,12,4,7,0.25925925925925924,9,27,6833,True,374,1257,0,3137,5,10,4,6,2,4,0.14814814814814814,6,27,3137,374,train,27,27
24,40,11,28,7,16,0.2318840579710145,22,69,12237,True,375,1273,0,5382,7,28,4,11,3,7,0.10144927536231885,14,69,5382,375,train,69,69
23,35,16,25,7,15,0.2459016393442623,20,61,13482,True,376,1293,0,6887,8,25,7,15,4,8,0.13114754098360656,13,61,6887,376,train,61,61
21,55,11,24,7,16,0.1702127659574468,25,94,11983,True,377,1238,0,4806,7,31,4,12,3,10,0.10638297872340426,19,94,4806,377,train,94,94
36,73,20,45,11,25,0.22727272727272727,36,110,19331,True,378,1255,0,6976,16,40,6,20,6,15,0.13636363636363635,24,110,6976,378,train,110,110
25,66,14,35,8,20,0.20408163265306123,31,98,13745,True,379,1232,0,6801,12,33,6,17,5,11,0.11224489795918367,18,98,6801,379,train,98,98
8,31,6,12,3,8,0.16326530612244897,14,49,4301,True,380,925,0,2060,4,14,3,6,2,4,0.08163265306122448,8,49,2060,380,train,49,49
17,34,9,23,5,12,0.24,17,50,7533,True,381,1034,0,2848,5,19,2,8,2,6,0.12,11,50,2848,381,train,50,50
43,74,31,57,13,28,0.2413793103448276,38,116,25581,True,382,1171,0,8859,18,48,12,26,7,16,0.13793103448275862,24,116,8859,382,train,116,116
19,41,13,23,7,13,0.203125,18,64,12528,True,383,1275,0,5748,9,25,5,14,4,9,0.140625,13,64,5748,383,train,64,64
25,40,11,31,7,16,0.22857142857142856,24,70,11957,True,384,1205,0,5510,9,35,6,17,4,12,0.17142857142857143,19,70,5510,384,train,70,70
23,42,15,27,8,15,0.2054794520547945,21,73,11775,True,385,1118,0,4972,12,30,4,16,3,11,0.1506849315068493,16,73,4972,385,train,73,73
40,71,23,48,11,26,0.25,36,104,19221,True,386,1178,0,6917,13,41,7,23,6,14,0.1346153846153846,22,104,6917,386,train,104,104
13,26,11,16,5,9,0.1956521739130435,11,46,11467,True,387,1293,0,5626,9,17,6,10,3,6,0.13043478260869565,8,46,5626,387,train,46,46
15,23,11,18,5,10,0.19230769230769232,12,52,11687,True,388,1297,0,6041,10,18,6,11,3,6,0.11538461538461539,9,52,6041,388,train,52,52
26,57,17,36,9,19,0.24675324675324675,27,77,14579,True,389,1254,0,6518,10,36,7,18,5,13,0.16883116883116883,21,77,6518,389,train,77,77
19,48,11,29,7,16,0.22857142857142856,25,70,9281,True,390,1147,0,3963,8,26,5,13,4,10,0.14285714285714285,16,70,3963,390,train,70,70
24,52,12,27,7,17,0.19540229885057472,24,87,13072,True,391,1294,0,5588,10,26,5,14,4,10,0.11494252873563218,15,87,5588,391,train,87,87
26,45,16,30,8,16,0.21621621621621623,22,74,11228,True,392,951,0,6055,14,30,8,18,5,11,0.14864864864864866,16,74,6055,392,train,74,74
41,64,30,46,13,26,0.24761904761904763,34,105,25173,True,393,1271,0,11330,26,51,13,33,9,20,0.19047619047619047,27,105,11330,393,train,105,105
18,44,11,23,6,13,0.15294117647058825,20,85,10397,True,394,1264,0,4548,9,27,6,12,4,9,0.10588235294117647,16,85,4548,394,train,85,85
23,41,13,29,7,16,0.21621621621621623,23,74,11158,True,395,1261,0,3913,9,29,3,14,4,12,0.16216216216216217,18,74,3913,395,train,74,74
32,55,16,41,9,20,0.21505376344086022,30,93,16706,True,396,1280,0,8730,14,42,9,22,6,13,0.13978494623655913,21,93,8730,396,train,93,93
24,42,15,31,8,17,0.25,24,68,13072,True,397,1297,0,6718,14,35,6,20,5,13,0.19117647058823528,19,68,6718,397,train,68,68
18,48,9,23,6,16,0.18823529411764706,23,85,10631,True,398,1295,0,4243,6,25,4,9,3,7,0.08235294117647059,17,85,4243,398,train,85,85
19,59,10,26,7,19,0.19791666666666666,31,96,10083,True,399,1283,0,3954,9,30,2,10,3,12,0.125,22,96,3954,399,train,96,96
29,60,15,37,9,21,0.25,30,84,13850,True,400,1177,0,5178,10,36,5,19,5,12,0.14285714285714285,19,84,5178,400,train,84,84
16,48,9,26,6,15,0.16666666666666666,23,90,10218,True,401,1280,0,4007,7,29,4,9,3,10,0.1111111111111111,19,90,4007,401,train,90,90
31,69,14,48,10,27,0.23684210526315788,39,114,14545,True,402,1241,0,6864,14,54,6,25,7,21,0.18421052631578946,34,114,6864,402,train,114,114
29,53,12,36,8,21,0.2441860465116279,29,86,14281,True,403,1290,0,6594,10,35,5,19,4,13,0.1511627906976744,21,86,6594,403,train,86,86
19,49,12,27,6,13,0.14444444444444443,21,90,13287,True,404,1288,0,6487,10,28,6,13,4,9,0.1,14,90,6487,404,train,90,90
16,44,7,25,5,14,0.208955223880597,22,67,9294,True,405,1298,0,3691,6,22,3,6,2,6,0.08955223880597014,11,67,3691,405,train,67,67
28,67,15,35,10,23,0.2169811320754717,34,106,14591,True,406,1249,0,6709,16,44,8,22,7,17,0.16037735849056603,25,106,6709,406,train,106,106
19,49,15,28,7,15,0.17045454545454544,24,88,12481,True,407,1261,0,6119,14,32,8,15,5,12,0.13636363636363635,19,88,6119,407,train,88,88
15,33,7,20,4,12,0.20689655172413793,18,58,7488,True,408,1262,0,3217,5,19,3,8,2,6,0.10344827586206896,11,58,3217,408,train,58,58
20,64,11,34,8,21,0.21875,33,96,9999,True,409,1085,0,3024,8,26,3,10,4,9,0.09375,19,96,3024,409,train,96,96
20,44,16,26,7,15,0.19480519480519481,20,77,12845,True,410,1286,0,5729,9,28,6,14,4,9,0.11688311688311688,14,77,5729,410,train,77,77
20,63,11,34,8,23,0.22115384615384615,34,104,11330,True,411,1282,0,5065,9,43,4,14,6,15,0.14423076923076922,27,104,5065,411,train,104,104
17,41,10,25,7,14,0.20588235294117646,21,68,8258,True,412,1226,0,2072,2,17,2,9,3,10,0.14705882352941177,16,68,2072,412,train,68,68
35,78,13,53,12,32,0.3018867924528302,46,106,13184,True,413,1125,0,3785,8,46,4,13,5,18,0.16981132075471697,32,106,3785,413,train,106,106
19,52,9,32,6,20,0.22988505747126436,30,87,10660,True,414,1255,0,4886,6,34,5,11,3,10,0.11494252873563218,20,87,4886,414,train,87,87
21,57,14,37,9,22,0.3055555555555556,33,72,10792,True,415,1223,0,2915,7,25,2,12,4,12,0.16666666666666666,21,72,2915,415,train,72,72
22,50,16,30,7,16,0.20253164556962025,22,79,14287,True,416,1280,0,6460,10,27,7,16,4,9,0.11392405063291139,14,79,6460,416,train,79,79
18,43,11,25,6,13,0.1625,20,80,11569,True,417,1290,0,4542,7,23,4,11,3,7,0.0875,13,80,4542,417,train,80,80
22,68,12,39,9,24,0.21238938053097345,38,113,11952,True,418,1164,0,4968,13,39,6,17,6,15,0.13274336283185842,26,113,4968,418,train,113,113
16,42,10,19,6,14,0.23333333333333334,21,60,7298,True,419,1231,0,2784,5,21,2,11,3,10,0.16666666666666666,16,60,2784,419,train,60,60
14,38,6,20,4,11,0.14864864864864866,19,74,8230,True,420,1295,0,3217,5,24,3,6,2,6,0.08108108108108109,15,74,3217,420,train,74,74
23,66,13,39,11,25,0.2777777777777778,39,90,11594,True,421,1242,0,2456,3,28,1,8,5,18,0.2,29,90,2456,421,train,90,90
20,64,15,36,8,20,0.19607843137254902,33,102,13116,True,422,1205,0,5970,10,35,5,16,4,11,0.10784313725490197,19,102,5970,422,train,102,102
12,40,9,20,5,10,0.13157894736842105,16,76,9317,True,423,1181,0,4441,8,18,6,10,3,7,0.09210526315789473,10,76,4441,423,train,76,76
33,70,22,45,14,27,0.26732673267326734,38,101,15887,True,424,1193,0,4906,14,44,3,25,9,22,0.21782178217821782,31,101,4906,424,train,101,101
30,56,12,35,8,20,0.19607843137254902,29,102,14248,True,425,1273,0,6740,10,39,7,18,5,13,0.12745098039215685,22,102,6740,425,train,102,102
18,39,12,24,7,13,0.19117647058823528,19,68,10043,True,426,1156,0,4707,10,26,5,13,4,9,0.1323529411764706,14,68,4707,426,train,68,68
26,64,15,37,10,23,0.25,34,92,11057,True,427,1151,0,3659,11,36,2,15,5,15,0.16304347826086957,25,92,3659,427,train,92,92
23,47,10,28,8,19,0.27941176470588236,27,68,10008,True,428,1282,0,2752,4,25,2,12,3,12,0.17647058823529413,19,68,2752,428,train,68,68
26,51,17,35,9,18,0.2571428571428571,27,70,14186,True,429,1256,0,5137,11,34,7,17,5,12,0.17142857142857143,19,70,5137,429,train,70,70
17,33,13,22,6,12,0.2222222222222222,16,54,11863,True,430,1298,0,6017,9,25,5,13,3,7,0.12962962962962962,11,54,6017,430,train,54,54
23,60,14,33,8,18,0.1956521739130435,27,92,13571,True,431,1258,0,5984,10,37,6,16,5,12,0.13043478260869565,19,92,5984,431,train,92,92
23,57,13,33,8,19,0.22093023255813954,29,86,12376,True,432,1256,0,5235,7,31,5,14,4,11,0.12790697674418605,18,86,5235,432,train,86,86
24,56,11,35,8,22,0.2558139534883721,31,86,10911,True,433,1271,0,4421,10,35,4,15,5,15,0.1744186046511628,25,86,4421,433,train,86,86
26,48,13,34,8,20,0.29411764705882354,27,68,10929,True,434,1272,0,3716,8,30,3,15,5,14,0.20588235294117646,21,68,3716,434,train,68,68
40,85,19,55,15,34,0.2905982905982906,47,117,15437,True,435,1165,0,5056,14,52,3,23,10,24,0.20512820512820512,38,117,5056,435,train,117,117
24,62,11,35,9,23,0.21100917431192662,34,109,11349,True,436,1220,0,5052,8,42,4,16,4,17,0.1559633027522936,28,109,5052,436,train,109,109
20,41,11,25,7,14,0.23333333333333334,20,60,10888,True,437,1262,0,4447,10,28,5,16,5,11,0.18333333333333332,16,60,4447,437,train,60,60
20,56,10,30,7,19,0.21839080459770116,29,87,10740,True,438,1266,0,4253,6,34,4,13,4,11,0.12643678160919541,20,87,4253,438,train,87,87
22,46,13,29,7,16,0.18181818181818182,23,88,11361,True,439,1194,0,4992,11,28,4,13,4,10,0.11363636363636363,16,88,4992,439,train,88,88
25,61,15,37,10,22,0.2037037037037037,33,108,12230,True,440,1227,0,4187,5,36,3,15,4,15,0.1388888888888889,25,108,4187,440,train,108,108
34,77,14,49,11,30,0.2542372881355932,43,118,15092,True,441,1266,0,6240,9,54,4,20,5,20,0.1694915254237288,35,118,6240,441,train,118,118
19,55,10,28,6,17,0.18888888888888888,26,90,10403,True,442,1249,0,4260,7,31,4,10,3,10,0.1111111111111111,20,90,4260,442,train,90,90
25,42,15,29,9,18,0.21176470588235294,24,85,12189,True,443,1274,0,5338,12,27,5,20,5,13,0.15294117647058825,19,85,5338,443,train,85,85
26,67,16,33,10,22,0.18487394957983194,31,119,14618,True,444,1281,0,6141,12,37,7,23,6,15,0.12605042016806722,23,119,6141,444,train,119,119
29,68,15,44,11,24,0.24242424242424243,35,99,15441,True,445,1239,0,5529,14,39,7,19,7,16,0.16161616161616163,25,99,5529,445,train,99,99
31,65,13,42,11,27,0.2903225806451613,37,93,12672,True,446,1270,0,4209,9,42,2,15,6,20,0.21505376344086022,31,93,4209,446,train,93,93
18,48,8,30,7,17,0.24285714285714285,27,70,9367,True,447,1272,0,2929,5,24,3,11,4,11,0.15714285714285714,18,70,2929,447,train,70,70
13,40,8,17,5,11,0.16417910447761194,19,67,7856,True,448,1291,0,2949,6,17,3,8,3,7,0.1044776119402985,12,67,2949,448,train,67,67
31,72,17,44,11,25,0.24509803921568626,38,102,15904,True,449,1243,0,5221,13,41,5,16,6,16,0.1568627450980392,27,102,5221,449,train,102,102
14,31,10,18,5,11,0.1896551724137931,15,58,9656,True,450,1281,0,4544,9,22,4,10,3,8,0.13793103448275862,11,58,4544,450,train,58,58
21,64,12,39,8,21,0.21649484536082475,33,97,13610,True,451,1284,0,5841,9,38,5,17,4,12,0.12371134020618557,21,97,5841,451,train,97,97
17,48,11,33,7,17,0.20481927710843373,28,83,10618,True,452,1275,0,4284,9,29,5,11,4,10,0.12048192771084337,18,83,4284,452,train,83,83
35,80,15,50,12,32,0.27586206896551724,46,116,15073,True,453,1211,0,5838,13,56,3,21,7,22,0.1896551724137931,37,116,5838,453,train,116,116
45,100,21,69,17,42,0.31343283582089554,60,134,19165,True,454,1234,0,6546,16,59,4,22,9,25,0.1865671641791045,42,134,6546,454,train,134,134
16,39,11,19,5,12,0.16,18,75,9538,True,455,1265,0,4058,6,19,4,10,3,7,0.09333333333333334,11,75,4058,455,train,75,75
9,31,7,11,4,8,0.1568627450980392,12,51,6598,True,456,1282,0,1748,4,12,2,7,3,7,0.13725490196078433,10,51,1748,456,train,51,51
21,47,11,35,9,20,0.29850746268656714,29,67,9290,True,457,1232,0,2900,6,31,3,10,5,14,0.208955223880597,21,67,2900,457,train,67,67
23,44,12,27,7,15,0.20270270270270271,22,74,12844,True,458,1284,0,5738,11,29,5,13,4,9,0.12162162162162163,15,74,5738,458,train,74,74
40,91,14,60,14,39,0.3023255813953488,53,129,16148,True,459,1239,0,5616,12,55,5,20,8,24,0.18604651162790697,41,129,5616,459,train,129,129
27,71,13,37,9,24,0.24242424242424243,36,99,12698,True,460,1234,0,5190,12,34,5,18,5,15,0.15151515151515152,25,99,5190,460,train,99,99
19,57,10,31,7,17,0.16831683168316833,28,101,8859,True,461,1013,0,3647,7,26,4,11,3,10,0.09900990099009901,20,101,3647,461,train,101,101
18,54,7,32,7,19,0.2087912087912088,30,91,9778,True,462,1273,0,3754,5,26,3,9,3,10,0.10989010989010989,19,91,3754,462,train,91,91
20,50,5,29,7,21,0.2727272727272727,29,77,7881,True,463,1259,0,2009,5,26,0,9,5,16,0.2077922077922078,26,77,2009,463,train,77,77
10,31,6,20,4,11,0.1864406779661017,18,59,6950,True,464,1250,0,2857,7,22,2,8,2,8,0.13559322033898305,13,59,2857,464,train,59,59
32,82,15,40,10,27,0.23684210526315788,39,114,13838,True,465,1161,0,5705,11,42,6,21,6,18,0.15789473684210525,29,114,5705,465,train,114,114
15,29,12,19,5,11,0.19298245614035087,14,57,10826,True,466,1295,0,4821,5,19,4,5,2,4,0.07017543859649122,7,57,4821,466,train,57,57
21,64,11,31,7,17,0.16666666666666666,28,102,13532,True,467,1283,0,7029,12,37,6,16,4,10,0.09803921568627451,17,102,7029,467,train,102,102
22,52,7,31,6,19,0.2235294117647059,28,85,9785,True,468,1262,0,3922,5,33,3,10,3,12,0.1411764705882353,23,85,3922,468,train,85,85
20,47,7,26,7,19,0.2714285714285714,27,70,7859,True,469,1229,0,2395,4,22,2,7,3,11,0.15714285714285714,18,70,2395,469,train,70,70
13,42,5,24,5,13,0.19117647058823528,22,68,7569,True,470,1283,0,2887,5,23,3,8,3,9,0.1323529411764706,16,68,2887,470,train,68,68
21,51,6,29,6,19,0.2345679012345679,27,81,8881,True,471,1262,0,3761,5,30,4,8,3,11,0.13580246913580246,21,81,3761,471,train,81,81
22,58,12,36,8,18,0.20930232558139536,29,86,13882,True,472,1279,0,5525,10,33,7,14,5,10,0.11627906976744186,17,86,5525,472,train,86,86
19,49,11,31,7,18,0.2571428571428571,27,70,9965,True,473,1239,0,2993,8,21,2,12,5,10,0.14285714285714285,16,70,2993,473,train,70,70
23,59,10,31,8,19,0.1743119266055046,28,109,12223,True,474,1267,0,5204,8,35,5,16,4,13,0.11926605504587157,22,109,5204,474,train,109,109
21,56,14,26,8,16,0.17777777777777778,24,90,12814,True,475,1294,0,5439,11,33,5,14,4,12,0.13333333333333333,19,90,5439,475,train,90,90
19,42,14,25,7,14,0.1794871794871795,18,78,13334,True,476,1297,0,6332,11,26,8,15,5,9,0.11538461538461539,14,78,6332,476,train,78,78
31,72,15,39,11,27,0.226890756302521,38,119,14711,True,477,1211,0,5427,13,46,5,25,8,21,0.17647058823529413,31,119,5427,477,train,119,119
18,58,14,26,8,16,0.18823529411764706,26,85,11622,True,478,1263,0,4449,12,30,3,14,6,13,0.15294117647058825,20,85,4449,478,train,85,85
27,70,11,38,10,25,0.2336448598130841,37,107,10323,True,479,1069,0,4109,8,41,3,16,4,17,0.1588785046728972,29,107,4109,479,train,107,107
25,61,12,37,9,23,0.24210526315789474,34,95,12291,True,480,1281,0,4565,9,36,3,16,5,16,0.16842105263157894,26,95,4565,480,train,95,95
24,50,11,31,7,17,0.20987654320987653,26,81,10172,True,481,1081,0,3849,9,32,2,17,5,13,0.16049382716049382,19,81,3849,481,train,81,81
31,66,18,44,12,26,0.24299065420560748,38,107,9169,True,482,786,0,3140,15,44,2,21,8,20,0.18691588785046728,31,107,3140,482,train,107,107
20,50,14,29,7,15,0.18292682926829268,23,82,13231,True,483,1253,0,6170,13,32,7,15,5,11,0.13414634146341464,16,82,6170,483,train,82,82
25,47,15,33,8,18,0.19148936170212766,25,94,14198,True,484,1239,0,5916,9,28,7,16,5,10,0.10638297872340426,17,94,5916,484,train,94,94
34,70,16,39,11,25,0.2358490566037736,35,106,14596,True,485,1159,0,5240,12,37,5,18,5,14,0.1320754716981132,24,106,5240,485,train,106,106
21,53,14,25,7,15,0.2,21,75,12637,True,486,1237,0,5580,11,31,4,18,4,11,0.14666666666666667,18,75,5580,486,train,75,75
28,77,11,46,11,30,0.3225806451612903,44,93,12935,True,487,1242,0,3949,8,37,3,12,5,16,0.17204301075268819,27,93,3949,487,train,93,93
31,64,14,41,10,26,0.26262626262626265,36,99,12196,True,488,1190,0,3696,7,39,2,14,5,18,0.18181818181818182,29,99,3696,488,train,99,99
35,69,15,49,13,31,0.29245283018867924,42,106,14336,True,489,1264,0,5090,13,46,2,25,10,25,0.2358490566037736,35,106,5090,489,train,106,106
20,59,13,31,7,18,0.18556701030927836,30,97,12145,True,490,1255,0,4949,8,31,6,11,4,10,0.10309278350515463,20,97,4949,490,train,97,97
22,44,10,26,7,17,0.24285714285714285,24,70,8547,True,491,1190,0,2899,6,25,2,9,4,9,0.12857142857142856,18,70,2899,491,train,70,70
26,55,13,37,9,22,0.2558139534883721,32,86,11950,True,492,1264,0,4111,9,38,4,13,5,15,0.1744186046511628,26,86,4111,492,train,86,86
27,56,18,37,9,19,0.21348314606741572,27,89,16027,True,493,1245,0,8154,13,40,8,20,5,12,0.1348314606741573,19,89,8154,493,train,89,89
18,37,9,22,5,13,0.19117647058823528,19,68,7156,True,494,1027,0,2240,6,23,1,12,3,10,0.14705882352941177,15,68,2240,494,train,68,68
20,50,10,26,6,15,0.15463917525773196,24,97,12275,True,495,1272,0,6289,8,30,6,10,3,7,0.07216494845360824,13,97,6289,495,train,97,97
35,80,19,49,13,29,0.26126126126126126,41,111,18199,True,496,1298,0,7314,16,55,6,27,8,22,0.1981981981981982,34,111,7314,496,train,111,111
17,40,11,21,6,12,0.1791044776119403,17,67,9485,True,497,1167,0,4206,9,21,5,11,4,8,0.11940298507462686,12,67,4206,497,train,67,67
17,41,12,21,7,14,0.2028985507246377,19,69,9270,True,498,1249,0,4009,12,22,2,15,5,11,0.15942028985507245,15,69,4009,498,train,69,69
24,60,9,34,9,23,0.23232323232323232,33,99,8178,True,499,1027,0,2571,7,31,2,12,5,17,0.1717171717171717,27,99,2571,499,train,99,99
22,40,16,25,7,15,0.2112676056338028,20,71,14362,True,500,1292,0,6807,15,25,7,19,5,11,0.15492957746478872,16,71,6807,500,train,71,71
23,74,14,39,10,25,0.2631578947368421,38,95,9680,True,501,956,0,3899,12,44,3,18,5,17,0.17894736842105263,29,95,3899,501,train,95,95
25,56,9,33,7,22,0.275,31,80,10578,True,502,1262,0,3385,6,33,4,10,5,14,0.175,24,80,3385,502,train,80,80
23,74,14,33,8,21,0.16279069767441862,36,129,12549,True,503,1121,0,4907,10,42,6,17,5,15,0.11627906976744186,29,129,4907,503,train,129,129
29,76,13,38,11,26,0.22033898305084745,38,118,11750,True,504,1184,0,4032,9,34,3,19,6,17,0.1440677966101695,26,118,4032,504,train,118,118
28,66,14,44,10,27,0.3,40,90,12781,True,505,1225,0,4645,8,36,7,16,6,14,0.15555555555555556,25,90,4645,505,train,90,90
16,32,6,26,5,14,0.2857142857142857,20,49,7936,True,506,1280,0,2925,4,20,3,5,2,4,0.08163265306122448,10,49,2925,506,train,49,49
18,38,11,23,6,13,0.19117647058823528,19,68,8257,True,507,1145,0,3270,5,23,4,13,3,9,0.1323529411764706,14,68,3270,507,train,68,68
32,62,13,38,9,24,0.24742268041237114,33,97,11973,True,508,1079,0,4922,9,39,5,17,4,13,0.13402061855670103,23,97,4922,508,train,97,97
31,64,15,37,9,22,0.205607476635514,33,107,14351,True,509,1238,0,5504,12,37,4,17,4,14,0.1308411214953271,25,107,5504,509,train,107,107
20,64,16,28,8,16,0.1322314049586777,26,121,15206,True,510,1291,0,7613,16,33,9,17,6,12,0.09917355371900827,17,121,7613,510,train,121,121
31,60,17,34,9,22,0.24719101123595505,31,89,14383,True,511,1258,0,6402,10,37,5,19,5,13,0.14606741573033707,21,89,6402,511,train,89,89
16,36,13,22,6,12,0.22641509433962265,16,53,10309,True,512,1274,0,3714,6,20,4,13,3,8,0.1509433962264151,13,53,3714,512,train,53,53
26,53,12,34,8,20,0.21505376344086022,28,93,11336,True,513,1196,0,4341,9,33,4,18,5,16,0.17204301075268819,24,93,4341,513,train,93,93
19,59,11,35,8,21,0.22580645161290322,34,93,11352,True,514,1265,0,3399,6,31,3,11,4,12,0.12903225806451613,24,93,3399,514,train,93,93
23,65,9,33,9,23,0.23711340206185566,35,97,10238,True,515,1248,0,2875,6,31,1,12,6,17,0.17525773195876287,28,97,2875,515,train,97,97
30,61,16,39,11,25,0.2631578947368421,34,95,12342,True,516,1153,0,4178,11,45,3,18,7,19,0.2,29,95,4178,516,train,95,95
26,73,15,35,11,23,0.23232323232323232,35,99,12737,True,517,1255,0,4670,12,46,3,16,7,18,0.18181818181818182,31,99,4670,517,train,99,99
23,57,13,37,9,22,0.25,32,88,11243,True,518,1240,0,3781,9,34,2,16,7,15,0.17045454545454544,25,88,3781,518,train,88,88
35,72,17,51,15,31,0.2743362831858407,43,113,13873,True,519,1260,0,4209,6,49,2,23,10,25,0.22123893805309736,36,113,4209,519,train,113,113
24,55,11,37,7,19,0.2159090909090909,30,88,13560,True,520,1255,0,7499,11,41,8,17,5,11,0.125,21,88,7499,520,train,88,88
22,57,11,33,8,18,0.21951219512195122,28,82,12337,True,521,1169,0,4245,9,33,5,12,4,11,0.13414634146341464,19,82,4245,521,train,82,82
9,18,4,14,3,7,0.13725490196078433,11,51,5473,True,522,1287,0,2678,2,10,2,3,2,2,0.0392156862745098,3,51,2678,522,train,51,51
17,39,6,26,6,16,0.25396825396825395,23,63,7590,True,523,1284,0,2030,4,19,1,5,2,9,0.14285714285714285,16,63,2030,523,train,63,63
28,62,19,33,9,20,0.20202020202020202,27,99,15476,True,524,1139,0,7003,16,41,9,24,6,15,0.15151515151515152,23,99,7003,524,train,99,99
18,35,10,21,6,13,0.20967741935483872,18,62,9018,True,525,1284,0,4163,7,22,3,12,3,9,0.14516129032258066,14,62,4163,525,train,62,62
34,78,16,45,13,29,0.25663716814159293,42,113,13555,True,526,1144,0,5333,14,46,3,25,9,22,0.19469026548672566,32,113,5333,526,train,113,113
37,72,23,48,14,28,0.2545454545454545,38,110,14540,True,527,1008,0,6053,18,47,7,28,9,21,0.19090909090909092,30,110,6053,527,train,110,110
18,44,14,21,7,14,0.1917808219178082,19,73,10345,True,528,1243,0,4512,14,24,5,14,6,12,0.1643835616438356,15,73,4512,528,train,73,73
26,64,9,35,9,24,0.24,35,100,11744,True,529,1267,0,4713,8,41,3,16,5,16,0.16,26,100,4713,529,train,100,100
19,49,7,27,6,17,0.23943661971830985,26,71,9180,True,530,1237,0,3812,4,28,4,14,3,12,0.16901408450704225,18,71,3812,530,train,71,71
30,79,16,47,10,27,0.2109375,43,128,11213,True,531,837,0,5224,14,52,5,21,5,17,0.1328125,31,128,5224,531,train,128,128
24,57,14,34,9,21,0.22340425531914893,30,94,12441,True,532,1246,0,5106,11,35,3,19,6,15,0.1595744680851064,23,94,5106,532,train,94,94
24,54,16,34,8,17,0.16346153846153846,24,104,16629,True,533,1295,0,8237,13,34,9,20,5,12,0.11538461538461539,19,104,8237,533,train,104,104
27,55,14,33,8,19,0.20652173913043478,27,92,12686,True,534,1260,0,4599,11,33,4,16,6,14,0.15217391304347827,22,92,4599,534,train,92,92
22,54,17,34,8,18,0.20454545454545456,27,88,14091,True,535,1224,0,7015,12,33,9,18,6,11,0.125,17,88,7015,535,train,88,88
25,54,16,36,9,20,0.21978021978021978,27,91,12037,True,536,1071,0,4377,12,33,6,14,5,12,0.13186813186813187,21,91,4377,536,train,91,91
13,32,8,19,5,8,0.12698412698412698,14,63,10268,True,537,1292,0,6029,7,22,5,11,3,5,0.07936507936507936,9,63,6029,537,train,63,63
20,39,10,21,6,14,0.2222222222222222,20,63,8202,True,538,1221,0,3714,8,22,2,11,2,8,0.12698412698412698,13,63,3714,538,train,63,63
16,45,10,22,6,14,0.1917808219178082,22,73,9837,True,539,1273,0,3094,5,21,3,12,3,10,0.136986301369863,15,73,3094,539,train,73,73
17,34,10,21,6,12,0.1875,16,64,10849,True,540,1280,0,5530,9,22,6,12,4,7,0.109375,11,64,5530,540,train,64,64
22,57,10,34,7,21,0.2441860465116279,31,86,10291,True,541,1204,0,3381,8,30,3,11,4,12,0.13953488372093023,22,86,3381,541,train,86,86
26,66,12,35,9,23,0.23232323232323232,35,99,11471,True,542,1204,0,4330,11,31,2,13,6,12,0.12121212121212122,22,99,4330,542,train,99,99
18,45,9,24,6,15,0.18292682926829268,22,82,8592,True,543,1275,0,2615,5,19,1,8,3,9,0.10975609756097561,17,82,2615,543,train,82,82
22,43,14,31,8,16,0.2318840579710145,22,69,11915,True,544,1272,0,5175,13,31,5,17,5,12,0.17391304347826086,18,69,5175,544,train,69,69
17,44,11,21,6,14,0.1794871794871795,22,78,9087,True,545,1273,0,3559,5,22,2,10,2,8,0.10256410256410256,14,78,3559,545,train,78,78
20,54,15,33,8,17,0.1827956989247312,28,93,12336,True,546,1239,0,4985,12,36,6,16,6,13,0.13978494623655913,21,93,4985,546,train,93,93
29,43,23,35,10,19,0.25333333333333335,24,75,19010,True,547,1266,0,6948,12,34,8,21,5,13,0.17333333333333334,19,75,6948,547,train,75,75
24,56,14,33,8,18,0.16666666666666666,27,108,14736,True,548,1226,0,6852,13,39,8,20,6,13,0.12037037037037036,21,108,6852,548,train,108,108
28,68,13,42,10,25,0.24509803921568626,36,102,13508,True,549,1273,0,5076,12,44,2,20,7,19,0.18627450980392157,29,102,5076,549,train,102,102
36,68,21,41,12,26,0.2524271844660194,36,103,13953,True,550,1038,0,5786,17,49,6,25,8,20,0.1941747572815534,29,103,5786,550,train,103,103
25,60,8,42,8,25,0.25510204081632654,37,98,10289,True,551,1101,0,4761,8,41,5,15,4,14,0.14285714285714285,26,98,4761,551,train,98,98
23,55,12,34,8,19,0.20430107526881722,28,93,12822,True,552,1289,0,5271,9,38,4,17,5,15,0.16129032258064516,25,93,5271,552,train,93,93
22,56,12,30,8,19,0.2159090909090909,28,88,11063,True,553,1209,0,4313,8,30,4,12,5,12,0.13636363636363635,21,88,4313,553,train,88,88
20,31,14,24,6,13,0.2549019607843137,18,51,11598,True,554,1282,0,4582,9,25,4,14,3,9,0.17647058823529413,13,51,4582,554,train,51,51
23,61,15,33,8,18,0.1875,27,96,14362,True,555,1294,0,6887,11,40,8,18,5,12,0.125,20,96,6887,555,train,96,96
28,58,12,37,10,23,0.26744186046511625,32,86,11800,True,556,1239,0,4321,9,39,2,16,5,14,0.16279069767441862,25,86,4321,556,train,86,86
30,61,10,43,9,25,0.25252525252525254,36,99,13447,True,557,1264,0,4796,7,39,3,13,4,13,0.13131313131313133,24,99,4796,557,train,99,99
22,50,15,29,9,18,0.23376623376623376,26,77,10427,True,558,1249,0,3214,8,29,2,16,6,14,0.18181818181818182,21,77,3214,558,train,77,77
21,65,11,30,7,20,0.18867924528301888,32,106,11635,True,559,1276,0,4266,7,30,3,10,3,11,0.10377358490566038,21,106,4266,559,train,106,106
22,47,16,31,8,17,0.2125,24,80,12665,True,560,1299,0,5544,13,29,4,17,5,12,0.15,17,80,5544,560,train,80,80
16,40,11,22,6,12,0.1875,18,64,10314,True,561,1285,0,4655,9,26,4,12,3,9,0.140625,13,64,4655,561,train,64,64
20,50,12,28,8,17,0.25,25,68,10072,True,562,1289,0,3110,8,24,2,10,4,9,0.1323529411764706,17,68,3110,562,train,68,68
17,39,10,27,6,13,0.16883116883116883,21,77,11339,True,563,1278,0,4785,9,24,5,10,3,8,0.1038961038961039,13,77,4785,563,train,77,77
25,65,14,34,8,19,0.18811881188118812,30,101,15618,True,564,1285,0,7048,13,36,10,17,6,13,0.12871287128712872,22,101,7048,564,train,101,101
17,40,11,24,6,13,0.14285714285714285,19,91,11223,True,565,1265,0,5201,8,27,5,10,3,7,0.07692307692307693,12,91,5201,565,train,91,91
17,39,9,21,5,12,0.14457831325301204,18,83,10556,True,566,1272,0,4910,6,22,5,7,3,5,0.060240963855421686,9,83,4910,566,train,83,83
25,49,13,30,8,20,0.25,26,80,10690,True,567,1142,0,3903,10,34,4,18,6,15,0.1875,22,80,3903,567,train,80,80
21,41,13,22,8,15,0.2,20,75,10896,True,568,1280,0,3997,10,23,3,16,5,11,0.14666666666666667,16,75,3997,568,train,75,75
26,64,14,33,9,22,0.22916666666666666,31,96,12804,True,569,1285,0,5141,11,40,4,18,5,15,0.15625,24,96,5141,569,train,96,96
21,54,12,39,9,21,0.2876712328767123,32,73,11013,True,570,1277,0,3763,10,31,3,14,5,13,0.1780821917808219,20,73,3763,570,train,73,73
12,35,9,19,5,9,0.15,14,60,9849,True,571,1294,0,4186,7,17,4,10,3,6,0.1,9,60,4186,571,train,60,60
16,51,8,30,6,16,0.18823529411764706,26,85,8913,True,572,1221,0,3515,6,28,3,10,3,10,0.11764705882352941,19,85,3515,572,train,85,85
21,43,17,26,7,15,0.17045454545454544,19,88,14968,True,573,1296,0,6337,15,29,4,18,5,13,0.14772727272727273,17,88,6337,573,train,88,88
15,33,5,22,4,12,0.23529411764705882,17,51,7577,True,574,1289,0,3567,4,16,3,4,2,3,0.058823529411764705,7,51,3567,574,train,51,51
18,53,11,27,7,16,0.19047619047619047,25,84,11373,True,575,1293,0,4914,7,26,3,13,3,9,0.10714285714285714,15,84,4914,575,train,84,84
19,31,14,25,6,13,0.203125,17,64,13728,True,576,1300,0,6766,12,26,6,16,4,9,0.140625,13,64,6766,576,train,64,64
43,81,27,55,14,31,0.2540983606557377,44,122,21798,True,577,1254,0,7258,17,54,4,24,7,19,0.1557377049180328,30,122,7258,577,train,122,122
29,67,17,39,10,24,0.2376237623762376,35,101,13253,True,578,1174,0,4604,8,38,3,16,4,14,0.13861386138613863,24,101,4604,578,train,101,101
9,34,6,12,3,7,0.109375,14,64,6885,True,579,1267,0,3701,4,11,3,7,2,4,0.0625,6,64,3701,579,train,64,64
26,57,15,41,9,23,0.24731182795698925,34,93,13263,True,580,1285,0,4762,8,38,4,17,5,16,0.17204301075268819,26,93,4762,580,train,93,93
26,77,13,40,10,26,0.2184873949579832,42,119,12638,True,581,1163,0,5733,11,49,4,20,5,19,0.15966386554621848,32,119,5733,581,train,119,119
20,56,8,28,7,18,0.20689655172413793,27,87,8387,True,582,1148,0,3286,8,25,3,10,3,9,0.10344827586206896,17,87,3286,582,train,87,87
14,43,6,23,4,14,0.15384615384615385,23,91,8403,True,583,1271,0,3151,4,23,4,5,3,5,0.054945054945054944,15,91,3151,583,train,91,91
27,70,17,42,11,26,0.26,38,100,13900,True,584,1280,0,4747,11,42,4,17,5,17,0.17,29,100,4747,584,train,100,100
22,51,12,31,7,17,0.22077922077922077,25,77,8215,True,585,883,0,3246,9,29,5,12,4,10,0.12987012987012986,17,77,3246,585,train,77,77
20,43,11,25,6,13,0.18055555555555555,20,72,12005,True,586,1272,0,5269,7,24,5,11,3,7,0.09722222222222222,11,72,5269,586,train,72,72
21,44,11,24,7,16,0.2222222222222222,23,72,8732,True,587,1235,0,2693,7,22,2,13,5,12,0.16666666666666666,18,72,2693,587,train,72,72
21,56,12,30,7,18,0.19148936170212766,28,94,11708,True,588,1277,0,4728,10,30,3,13,3,10,0.10638297872340426,17,94,4728,588,train,94,94
20,54,8,30,8,20,0.2631578947368421,30,76,9946,True,589,1284,0,3153,8,25,2,11,5,12,0.15789473684210525,19,76,3153,589,train,76,76
25,62,14,33,9,21,0.22340425531914893,29,94,9996,True,590,991,0,4434,11,35,6,17,5,13,0.13829787234042554,21,94,4434,590,train,94,94
16,56,11,22,6,15,0.15625,25,96,10285,True,591,1255,0,3881,7,22,3,12,3,11,0.11458333333333333,17,96,3881,591,train,96,96
20,54,12,26,7,16,0.17777777777777778,25,90,12109,True,592,1253,0,4910,9,30,6,12,4,10,0.1111111111111111,17,90,4910,592,train,90,90
25,57,5,35,8,24,0.27586206896551724,34,87,9745,True,593,1277,0,3549,6,33,4,9,4,15,0.1724137931034483,25,87,3549,593,train,87,87
11,23,8,16,4,8,0.16,11,50,8686,True,594,1300,0,4050,6,15,3,7,2,5,0.1,7,50,4050,594,train,50,50
21,38,11,25,6,14,0.1917808219178082,21,73,9211,True,595,1142,0,4246,7,26,6,12,4,8,0.1095890410958904,16,73,4246,595,train,73,73
28,57,9,37,9,25,0.30120481927710846,34,83,7578,True,596,852,0,2778,4,33,3,12,3,14,0.1686746987951807,24,83,2778,596,train,83,83
23,50,14,28,8,16,0.1797752808988764,23,89,13736,True,597,1282,0,5939,13,29,8,14,5,11,0.12359550561797752,16,89,5939,597,train,89,89
24,63,12,35,8,21,0.19090909090909092,33,110,12134,True,598,1192,0,5614,12,39,8,17,6,14,0.12727272727272726,25,110,5614,598,train,110,110
28,58,13,33,9,21,0.22580645161290322,29,93,13025,True,599,1235,0,5015,10,35,5,19,5,16,0.17204301075268819,25,93,5015,599,train,93,93
14,27,8,18,5,11,0.275,14,40,6597,True,600,1181,0,1702,5,14,1,7,3,7,0.175,10,40,1702,600,train,40,40
32,74,17,44,12,28,0.23728813559322035,41,118,13426,True,601,1189,0,4776,15,44,4,21,8,22,0.1864406779661017,32,118,4776,601,train,118,118
29,61,18,41,10,23,0.22772277227722773,33,101,13641,True,602,1142,0,4837,11,42,4,22,5,18,0.1782178217821782,27,101,4837,602,train,101,101
23,53,15,39,9,20,0.2222222222222222,31,90,13395,True,603,1289,0,5571,13,42,4,16,5,14,0.15555555555555556,23,90,5571,603,train,90,90
15,38,11,25,5,11,0.1375,20,80,10945,True,604,1295,0,4227,6,25,4,10,3,8,0.1,14,80,4227,604,train,80,80
25,53,13,30,9,19,0.2111111111111111,27,90,11739,True,605,1260,0,4311,8,32,4,14,5,14,0.15555555555555556,23,90,4311,605,train,90,90
16,37,9,21,6,12,0.21052631578947367,17,57,7944,True,606,1290,0,2570,6,18,2,8,3,8,0.14035087719298245,13,57,2570,606,train,57,57
22,46,14,31,8,16,0.1927710843373494,23,83,13849,True,607,1299,0,7055,11,35,5,18,4,11,0.13253012048192772,18,83,7055,607,train,83,83
41,97,18,62,15,39,0.2708333333333333,56,144,17496,True,608,1240,0,5501,12,55,5,21,8,25,0.1736111111111111,42,144,5501,608,train,144,144
12,33,8,16,4,9,0.16666666666666666,13,54,8777,True,609,1290,0,4303,6,17,4,7,2,5,0.09259259259259259,8,54,4303,609,train,54,54
24,58,11,36,8,22,0.2222222222222222,33,99,10643,True,610,1218,0,3826,5,30,3,9,3,11,0.1111111111111111,23,99,3826,610,train,99,99
28,65,16,44,11,24,0.24489795918367346,36,98,14668,True,611,1290,0,5687,14,43,4,21,6,18,0.1836734693877551,26,98,5687,611,train,98,98
16,42,11,22,6,12,0.15384615384615385,19,78,11302,True,612,1295,0,5627,12,28,5,12,4,8,0.10256410256410256,12,78,5627,612,train,78,78
24,48,12,34,8,20,0.25,28,80,10795,True,613,1252,0,3253,6,30,2,12,4,13,0.1625,21,80,3253,613,train,80,80
24,53,15,32,9,18,0.1978021978021978,26,91,12672,True,614,1291,0,5539,12,36,6,17,6,14,0.15384615384615385,23,91,5539,614,train,91,91
19,52,11,28,7,16,0.16666666666666666,26,96,11550,True,615,1256,0,3750,6,26,2,11,4,11,0.11458333333333333,19,96,3750,615,train,96,96
25,60,12,37,9,23,0.23958333333333334,32,96,12345,True,616,1277,0,4285,6,34,3,16,4,15,0.15625,24,96,4285,616,train,96,96
33,67,15,50,11,28,0.25925925925925924,40,108,15114,True,617,1253,0,5874,12,48,6,19,6,18,0.16666666666666666,32,108,5874,617,train,108,108
18,41,7,25,6,16,0.2857142857142857,23,56,7915,True,618,1189,0,2301,5,23,2,6,3,9,0.16071428571428573,15,56,2301,618,train,56,56
30,68,16,45,11,27,0.28421052631578947,39,95,12272,True,619,1072,0,3957,11,44,4,17,6,17,0.17894736842105263,29,95,3957,619,train,95,95
28,49,16,34,11,22,0.2894736842105263,29,76,8421,True,620,943,0,2563,10,30,1,15,6,15,0.19736842105263158,22,76,2563,620,train,76,76
17,50,11,23,6,14,0.15730337078651685,23,89,10737,True,621,1279,0,4627,8,26,4,10,3,8,0.0898876404494382,16,89,4627,621,train,89,89
15,54,7,23,6,15,0.18292682926829268,25,82,9138,True,622,1258,0,3950,7,27,3,11,3,9,0.10975609756097561,17,82,3950,622,train,82,82
29,63,15,42,10,23,0.23469387755102042,34,98,10386,True,623,925,0,4291,12,39,6,20,6,14,0.14285714285714285,23,98,4291,623,train,98,98
34,80,18,51,13,31,0.25,46,124,15859,True,624,1223,0,5204,11,46,6,20,8,21,0.1693548387096774,33,124,5204,624,train,124,124
23,46,14,29,7,15,0.20833333333333334,22,72,13436,True,625,1283,0,6016,10,28,8,14,4,9,0.125,14,72,6016,625,train,72,72
24,51,14,30,9,19,0.25675675675675674,26,74,11237,True,626,1276,0,3221,9,29,2,11,5,13,0.17567567567567569,21,74,3221,626,train,74,74
17,57,12,29,7,17,0.17525773195876287,29,97,10573,True,627,1253,0,4598,11,32,4,12,4,12,0.12371134020618557,22,97,4598,627,train,97,97
23,55,15,38,9,19,0.20212765957446807,30,94,14112,True,628,1269,0,6633,14,40,6,17,5,13,0.13829787234042554,20,94,6633,628,train,94,94
21,51,9,27,6,16,0.17777777777777778,24,90,11307,True,629,1267,0,4688,8,31,6,11,4,11,0.12222222222222222,20,90,4688,629,train,90,90
21,51,15,29,7,16,0.17777777777777778,25,90,11379,True,630,1108,0,4705,9,30,6,13,4,9,0.1,18,90,4705,630,train,90,90
29,58,15,38,10,23,0.26436781609195403,33,87,11400,True,631,1079,0,3947,10,37,4,18,6,16,0.1839080459770115,25,87,3947,631,train,87,87
23,55,14,35,9,20,0.24390243902439024,30,82,11384,True,632,1198,0,3398,7,26,5,13,4,10,0.12195121951219512,17,82,3398,632,train,82,82
12,29,6,17,4,10,0.16666666666666666,15,60,6991,True,633,1268,0,2782,4,17,4,7,3,6,0.1,11,60,2782,633,train,60,60
24,56,14,32,9,20,0.20618556701030927,29,97,12877,True,634,1273,0,4272,10,31,4,16,5,14,0.14432989690721648,21,97,4272,634,train,97,97
18,38,10,22,6,12,0.18181818181818182,18,66,9723,True,635,1127,0,4485,10,23,5,11,4,8,0.12121212121212122,14,66,4485,635,train,66,66
16,44,11,28,7,16,0.2191780821917808,25,73,8789,True,636,1190,0,3234,9,26,4,12,5,10,0.136986301369863,16,73,3234,636,train,73,73
16,40,12,25,7,15,0.22388059701492538,22,67,9395,True,637,1267,0,3292,6,24,2,13,3,10,0.14925373134328357,15,67,3292,637,train,67,67
29,73,15,46,12,28,0.2828282828282828,41,99,9019,True,638,843,0,2849,10,37,2,15,6,16,0.16161616161616163,28,99,2849,638,train,99,99
49,91,26,63,16,36,0.2857142857142857,48,126,18762,True,639,988,0,5670,17,58,6,33,10,28,0.2222222222222222,40,126,5670,639,train,126,126
21,48,15,25,7,15,0.15789473684210525,21,95,15248,True,640,1299,0,7836,15,34,7,16,4,10,0.10526315789473684,16,95,7836,640,train,95,95
23,49,6,32,8,20,0.24691358024691357,28,81,9462,True,641,1267,0,3297,6,27,2,10,3,12,0.14814814814814814,20,81,3297,641,train,81,81
21,44,12,29,7,17,0.22666666666666666,24,75,11476,True,642,1299,0,4685,9,31,3,15,4,11,0.14666666666666667,18,75,4685,642,train,75,75
25,53,8,31,7,21,0.2625,29,80,9748,True,643,1231,0,3274,7,29,5,9,4,11,0.1375,21,80,3274,643,train,80,80
17,46,10,24,7,15,0.2,21,75,9468,True,644,1284,0,3863,9,23,3,14,4,11,0.14666666666666667,16,75,3863,644,train,75,75
21,46,14,28,7,15,0.2,20,75,13598,True,645,1298,0,6507,11,28,7,17,4,10,0.13333333333333333,15,75,6507,645,train,75,75
21,47,12,28,7,16,0.19753086419753085,24,81,11192,True,646,1285,0,3921,8,28,3,11,4,10,0.12345679012345678,18,81,3921,646,train,81,81
32,72,12,41,10,26,0.2524271844660194,38,103,13860,True,647,1238,0,5010,8,41,5,18,5,17,0.1650485436893204,27,103,5010,647,train,103,103
20,50,11,29,7,17,0.19540229885057472,26,87,11880,True,648,1269,0,5694,10,30,5,13,4,10,0.11494252873563218,17,87,5694,648,train,87,87
19,43,13,25,7,13,0.15476190476190477,20,84,12289,True,649,1282,0,5691,9,30,7,14,5,9,0.10714285714285714,16,84,5691,649,train,84,84
27,53,9,34,8,22,0.2972972972972973,31,74,10127,True,650,1212,0,3077,7,27,3,8,4,10,0.13513513513513514,19,74,3077,650,train,74,74
39,74,20,50,14,31,0.30392156862745096,41,102,16802,True,651,1264,0,6513,19,51,4,27,10,22,0.21568627450980393,33,102,6513,651,train,102,102
27,79,14,42,11,28,0.23931623931623933,45,117,13482,True,652,1250,0,4214,10,40,2,15,6,18,0.15384615384615385,34,117,4214,652,train,117,117
19,37,15,22,7,14,0.25,18,56,9998,True,653,1073,0,3366,10,19,5,14,5,10,0.17857142857142858,13,56,3366,653,train,56,56
32,71,13,42,11,29,0.29896907216494845,40,97,13175,True,654,1234,0,5224,11,42,5,20,7,18,0.18556701030927836,28,97,5224,654,train,97,97
34,67,15,45,13,29,0.31521739130434784,40,92,13572,True,655,1247,0,4495,10,41,4,20,8,21,0.22826086956521738,30,92,4495,655,train,92,92
28,71,13,41,11,28,0.2857142857142857,39,98,11487,True,656,1172,0,4211,11,43,3,16,6,19,0.19387755102040816,30,98,4211,656,train,98,98
25,43,17,31,8,16,0.24242424242424243,22,66,7872,False,657,671,0,3432,12,28,8,18,5,11,0.16666666666666666,16,66,3432,744,train,66,66
31,57,17,36,9,20,0.22988505747126436,28,87,15833,True,658,1293,0,6412,13,37,7,20,6,15,0.1724137931034483,24,87,6412,658,train,87,87
16,55,9,27,7,16,0.18823529411764706,28,85,9766,True,659,1216,0,3541,9,26,2,10,4,10,0.11764705882352941,19,85,3541,659,train,85,85
12,53,5,27,5,18,0.225,29,80,7754,True,660,1247,0,3483,3,23,3,6,2,7,0.0875,17,80,3483,660,train,80,80
22,48,17,27,8,16,0.20512820512820512,22,78,13693,True,661,1291,0,6860,15,32,8,17,5,12,0.15384615384615385,16,78,6860,661,train,78,78
32,59,15,44,11,26,0.29213483146067415,35,89,12165,True,662,1069,0,4357,13,44,3,19,7,18,0.20224719101123595,27,89,4357,662,train,89,89
28,68,13,40,9,26,0.25742574257425743,38,101,11008,True,663,1046,0,4777,10,49,5,16,6,19,0.18811881188118812,32,101,4777,663,train,101,101
35,69,11,47,10,29,0.30851063829787234,41,94,10694,True,664,918,0,3643,8,38,3,14,4,15,0.1595744680851064,26,94,3643,664,train,94,94
19,55,15,31,8,16,0.16494845360824742,26,97,12095,True,665,1043,0,4795,10,31,7,13,4,10,0.10309278350515463,17,97,4795,665,train,97,97
28,59,10,36,9,24,0.25,33,96,12270,True,666,1275,0,4089,8,35,5,13,5,15,0.15625,25,96,4089,666,train,96,96
27,46,21,33,10,19,0.25675675675675674,24,74,13911,True,667,1099,0,4522,11,27,4,18,5,11,0.14864864864864866,17,74,4522,667,train,74,74
25,77,15,36,9,23,0.184,38,125,15025,True,668,1287,0,7013,12,44,6,18,5,13,0.104,24,125,7013,668,train,125,125
24,45,16,29,8,17,0.2236842105263158,22,76,14248,True,669,1271,0,5655,14,30,6,18,5,12,0.15789473684210525,17,76,5655,669,train,76,76
20,58,11,35,8,20,0.21052631578947367,32,95,12337,True,670,1236,0,5338,9,38,8,17,5,12,0.12631578947368421,23,95,5338,670,train,95,95
21,57,14,34,8,18,0.19148936170212766,28,94,13396,True,671,1274,0,5375,11,36,5,17,5,13,0.13829787234042554,22,94,5375,671,train,94,94
16,37,10,21,5,11,0.14285714285714285,17,77,9239,True,672,1287,0,3882,5,21,5,10,3,7,0.09090909090909091,12,77,3882,672,train,77,77
21,52,12,32,8,19,0.2345679012345679,28,81,9579,True,673,1102,0,3489,8,32,4,15,5,13,0.16049382716049382,22,81,3489,673,train,81,81
17,53,7,23,6,16,0.1839080459770115,28,87,9400,True,674,1288,0,3334,7,25,4,8,4,8,0.09195402298850575,18,87,3334,674,train,87,87
15,36,13,24,6,12,0.18181818181818182,17,66,8795,True,675,1092,0,3739,9,23,5,13,3,9,0.13636363636363635,12,66,3739,675,train,66,66
8,25,4,13,3,8,0.17391304347826086,13,46,4782,True,676,1098,0,2120,3,18,3,4,2,4,0.08695652173913043,9,46,2120,676,train,46,46
28,63,12,41,10,25,0.28735632183908044,36,87,12436,True,677,1257,0,4378,9,36,4,16,5,15,0.1724137931034483,25,87,4378,677,train,87,87
16,52,8,29,7,19,0.23170731707317074,31,82,7976,True,678,1154,0,2630,4,29,1,10,3,12,0.14634146341463414,22,82,2630,678,train,82,82
23,57,13,32,7,18,0.17647058823529413,29,102,13118,True,679,1289,0,5501,8,35,5,14,4,11,0.10784313725490197,21,102,5501,679,train,102,102
26,61,12,38,9,24,0.24,34,100,12579,True,680,1264,0,4172,10,40,4,16,6,18,0.18,29,100,4172,680,train,100,100
41,100,25,61,16,37,0.27007299270072993,54,137,18232,True,681,1122,0,6012,14,52,3,24,8,22,0.16058394160583941,35,137,6012,681,train,137,137
19,43,14,24,6,14,0.1794871794871795,20,78,12364,True,682,1292,0,5984,9,25,6,15,4,8,0.10256410256410256,14,78,5984,682,train,78,78
20,49,12,28,7,17,0.2073170731707317,26,82,10555,True,683,1202,0,3189,4,28,3,9,3,12,0.14634146341463414,22,82,3189,683,train,82,82
18,50,10,23,7,16,0.1951219512195122,25,82,10266,True,684,1295,0,4283,8,30,4,13,4,10,0.12195121951219512,17,82,4283,684,train,82,82
25,50,17,31,8,17,0.17525773195876287,23,97,16672,True,685,1294,0,8348,14,32,10,21,5,12,0.12371134020618557,18,97,8348,685,train,97,97
23,54,13,33,7,17,0.2073170731707317,27,82,11632,True,686,1111,0,4760,8,39,5,12,4,11,0.13414634146341464,21,82,4760,686,train,82,82
32,75,17,46,10,25,0.21551724137931033,37,116,18017,True,687,1291,0,7770,15,52,8,22,7,17,0.14655172413793102,29,116,7770,687,train,116,116
23,52,17,35,8,17,0.19101123595505617,26,89,14779,True,688,1277,0,6201,10,36,4,16,4,11,0.12359550561797752,19,89,6201,688,train,89,89
44,67,25,47,14,29,0.29591836734693877,39,98,12102,True,689,796,0,4395,15,46,5,27,6,20,0.20408163265306123,30,98,4395,689,train,98,98
34,69,22,45,10,24,0.22429906542056074,34,107,19637,True,690,1289,0,8851,17,45,9,24,6,16,0.14953271028037382,23,107,8851,690,train,107,107
21,52,8,30,8,20,0.2597402597402597,30,77,9188,True,691,1242,0,3598,6,31,3,13,4,14,0.18181818181818182,22,77,3598,691,train,77,77
25,52,11,35,9,22,0.2619047619047619,30,84,9807,True,692,1196,0,3253,8,34,3,12,6,15,0.17857142857142858,25,84,3253,692,train,84,84
29,67,12,43,9,24,0.25806451612903225,36,93,13186,True,693,1206,0,4487,9,31,3,13,4,12,0.12903225806451613,22,93,4487,693,train,93,93
21,50,11,30,7,16,0.2191780821917808,23,73,12479,True,694,1293,0,6139,10,31,6,16,4,10,0.136986301369863,18,73,6139,694,train,73,73
19,52,12,25,7,15,0.16853932584269662,23,89,11286,True,695,1261,0,4445,8,24,3,11,3,9,0.10112359550561797,16,89,4445,695,train,89,89
21,60,12,34,9,21,0.26582278481012656,32,79,11470,True,696,1265,0,3578,8,28,4,14,5,11,0.13924050632911392,18,79,3578,696,train,79,79
36,76,14,49,13,30,0.297029702970297,42,101,14483,True,697,1271,0,5391,9,45,4,18,5,19,0.18811881188118812,31,101,5391,697,train,101,101
20,60,12,28,7,18,0.17475728155339806,29,103,11278,True,698,1217,0,5872,11,33,5,16,4,12,0.11650485436893204,21,103,5872,698,train,103,103
18,42,10,24,6,13,0.17105263157894737,20,76,10519,True,699,1294,0,4193,7,21,4,9,3,7,0.09210526315789473,13,76,4193,699,train,76,76
22,60,12,33,10,24,0.3116883116883117,35,77,9337,True,700,1210,0,1925,4,26,0,10,7,17,0.22077922077922077,29,77,1925,700,train,77,77
13,42,7,20,5,12,0.12631578947368421,20,95,9035,True,701,1287,0,3706,5,24,2,6,2,7,0.07368421052631578,15,95,3706,701,train,95,95
17,43,11,26,6,14,0.16091954022988506,21,87,10371,True,702,1204,0,4581,8,23,4,12,3,8,0.09195402298850575,13,87,4581,702,train,87,87
31,64,15,40,12,26,0.26,36,100,12882,True,703,1277,0,4544,12,38,3,19,6,18,0.18,28,100,4544,703,train,100,100
16,40,8,21,5,13,0.21666666666666667,20,60,8669,True,704,1294,0,2936,4,20,2,6,2,6,0.1,13,60,2936,704,train,60,60
12,31,9,19,5,9,0.16071428571428573,15,56,7083,True,705,1153,0,2796,6,15,2,8,2,6,0.10714285714285714,10,56,2796,705,train,56,56
22,47,14,32,8,18,0.24,27,75,8943,True,706,1089,0,3811,9,32,4,17,4,13,0.17333333333333334,20,75,3811,706,train,75,75
17,47,12,26,7,13,0.15294117647058825,21,85,11614,True,707,1280,0,4950,12,29,5,13,4,11,0.12941176470588237,17,85,4950,707,train,85,85
31,54,11,34,10,23,0.2911392405063291,30,79,10184,True,708,1084,0,2764,7,33,1,16,7,19,0.24050632911392406,26,79,2764,708,train,79,79
21,65,16,35,9,20,0.17857142857142858,33,112,12945,True,709,1255,0,6176,12,40,6,19,5,14,0.125,23,112,6176,709,train,112,112
25,50,16,34,10,20,0.2898550724637681,28,69,12360,True,710,1266,0,3964,9,32,3,17,6,14,0.2028985507246377,21,69,3964,710,train,69,69
20,48,9,28,7,18,0.23684210526315788,27,76,8856,True,711,1249,0,3140,4,25,4,9,3,8,0.10526315789473684,16,76,3140,711,train,76,76
22,54,14,31,8,17,0.19767441860465115,26,86,10009,True,712,950,0,4905,13,35,6,20,5,13,0.1511627906976744,19,86,4905,712,train,86,86
19,48,11,25,7,14,0.1346153846153846,23,104,12362,True,713,1197,0,5133,9,31,6,12,4,9,0.08653846153846154,17,104,5133,713,train,104,104
20,44,9,25,6,16,0.2,24,80,8084,True,714,1104,0,3257,7,31,3,9,3,9,0.1125,20,80,3257,714,train,80,80
18,45,12,25,6,13,0.1566265060240964,21,83,11799,True,715,1294,0,5743,8,26,4,13,3,7,0.08433734939759036,13,83,5743,715,train,83,83
20,57,8,25,6,18,0.1935483870967742,27,93,9404,True,716,1263,0,3344,5,23,4,6,3,6,0.06451612903225806,15,93,3344,716,train,93,93
22,49,11,29,7,16,0.17777777777777778,25,90,12266,True,717,1267,0,5454,10,34,5,15,4,11,0.12222222222222222,18,90,5454,717,train,90,90
35,70,17,46,11,27,0.2727272727272727,38,99,14580,True,718,1169,0,4635,12,45,3,20,8,21,0.21212121212121213,33,99,4635,718,train,99,99
21,51,13,30,7,17,0.20481927710843373,26,83,12252,True,719,1290,0,4558,6,34,4,10,3,10,0.12048192771084337,18,83,4558,719,train,83,83
16,39,6,22,5,14,0.1891891891891892,21,74,8356,True,720,1270,0,3378,5,26,2,8,2,8,0.10810810810810811,16,74,3378,720,train,74,74
21,45,12,28,6,16,0.1927710843373494,23,83,12261,True,721,1281,0,5420,9,27,5,13,4,9,0.10843373493975904,15,83,5420,721,train,83,83
20,45,12,27,7,16,0.20512820512820512,23,78,10247,True,722,1259,0,2889,7,26,3,10,5,12,0.15384615384615385,20,78,2889,722,train,78,78
20,50,14,28,7,15,0.1875,21,80,12006,True,723,1117,0,5762,11,26,6,15,4,9,0.1125,14,80,5762,723,train,80,80
32,71,16,41,10,24,0.21818181818181817,35,110,13941,True,724,1050,0,6318,14,44,8,22,5,15,0.13636363636363635,24,110,6318,724,train,110,110
37,78,21,53,13,29,0.27358490566037735,42,106,17941,True,725,1183,0,4062,9,39,2,14,6,17,0.16037735849056603,29,106,4062,725,train,106,106
18,49,12,25,6,14,0.16091954022988506,21,87,11832,True,726,1289,0,5258,9,24,5,13,3,8,0.09195402298850575,13,87,5258,726,train,87,87
14,45,10,22,5,12,0.16901408450704225,20,71,9636,True,727,1263,0,4377,7,20,3,9,2,7,0.09859154929577464,11,71,4377,727,train,71,71
10,32,4,15,4,11,0.2,17,55,4422,True,728,1033,0,1455,2,15,1,4,1,6,0.10909090909090909,12,55,1455,728,train,55,55
26,65,13,37,9,22,0.2222222222222222,33,99,10566,True,729,1030,0,4684,11,34,4,17,4,14,0.1414141414141414,24,99,4684,729,train,99,99
22,65,12,29,7,19,0.2111111111111111,30,90,11630,True,730,1248,0,4810,9,39,5,17,5,14,0.15555555555555556,23,90,4810,730,train,90,90
10,28,5,13,4,10,0.24390243902439024,17,41,4873,True,731,1221,0,1261,2,7,2,4,2,4,0.0975609756097561,6,41,1261,731,train,41,41
25,50,18,31,8,17,0.18085106382978725,23,94,14393,True,732,1286,0,5988,12,32,6,18,4,12,0.1276595744680851,19,94,5988,732,train,94,94
16,46,7,25,9,19,0.2602739726027397,28,73,5415,True,733,1071,0,1344,2,22,0,9,7,16,0.2191780821917808,25,73,1344,733,train,73,73
27,61,14,36,8,19,0.2087912087912088,30,91,14454,True,734,1267,0,7223,11,40,5,15,4,12,0.13186813186813187,25,91,7223,734,train,91,91
15,44,12,20,6,12,0.14634146341463414,18,82,10582,True,735,1287,0,4476,9,22,6,11,4,8,0.0975609756097561,13,82,4476,735,train,82,82
18,38,13,22,6,13,0.22033898305084745,17,59,11177,True,736,1296,0,4910,8,23,4,14,3,8,0.13559322033898305,12,59,4910,736,train,59,59
25,61,16,30,10,21,0.19811320754716982,31,106,12053,True,737,1235,0,4310,13,30,2,19,8,17,0.16037735849056603,25,106,4310,737,train,106,106
30,71,18,44,13,28,0.27184466019417475,41,103,14349,True,738,1269,0,4584,7,33,3,22,5,17,0.1650485436893204,25,103,4584,738,train,103,103
12,43,10,18,5,10,0.12048192771084337,18,83,10088,True,739,1296,0,4441,7,26,6,10,3,7,0.08433734939759036,12,83,4441,739,train,83,83
32,67,16,47,11,27,0.28125,38,96,9511,True,740,883,0,3706,10,42,4,22,6,19,0.19791666666666666,28,96,3706,740,train,96,96
23,73,14,33,8,20,0.1694915254237288,33,118,14116,True,741,1289,0,6722,13,41,5,18,4,13,0.11016949152542373,22,118,6722,741,train,118,118
35,75,17,48,13,31,0.30392156862745096,42,102,14130,True,742,1180,0,4876,15,53,3,23,11,25,0.24509803921568626,36,102,4876,742,train,102,102
29,55,9,37,9,24,0.2857142857142857,32,84,11112,True,743,1279,0,3584,6,35,3,14,4,16,0.19047619047619047,25,84,3584,743,train,84,84
18,56,11,28,7,17,0.21518987341772153,29,79,10969,True,745,1281,0,4130,9,27,4,11,4,9,0.11392405063291139,16,79,4130,745,train,79,79
23,65,14,33,9,19,0.18811881188118812,31,101,13327,True,746,1294,0,6271,15,36,5,18,6,14,0.13861386138613863,21,101,6271,746,train,101,101
16,39,7,21,6,13,0.19117647058823528,20,68,8240,True,747,1237,0,2824,6,16,2,7,2,6,0.08823529411764706,11,68,2824,747,train,68,68
25,66,10,36,9,24,0.24242424242424243,37,99,11458,True,748,1219,0,3889,8,27,3,11,3,12,0.12121212121212122,22,99,3889,748,train,99,99
23,50,13,32,9,21,0.2916666666666667,29,72,10732,True,749,1279,0,2683,7,30,0,16,7,18,0.25,24,72,2683,749,train,72,72
23,56,17,31,9,18,0.20454545454545456,26,88,12563,True,750,1235,0,4301,14,31,3,17,6,15,0.17045454545454544,21,88,4301,750,train,88,88
26,57,11,30,8,20,0.2,30,100,12018,True,751,1246,0,4989,9,32,4,14,4,12,0.12,22,100,4989,751,train,100,100
27,62,21,38,10,20,0.21739130434782608,27,92,17369,True,752,1284,0,6137,12,35,7,17,5,12,0.13043478260869565,18,92,6137,752,train,92,92
28,64,16,41,11,24,0.25,35,96,13653,True,753,1225,0,4810,11,40,3,16,6,16,0.16666666666666666,27,96,4810,753,train,96,96
28,38,14,30,9,19,0.3275862068965517,25,58,9030,True,754,1041,0,2948,8,27,4,14,5,13,0.22413793103448276,19,58,2948,754,train,58,58
14,34,8,17,5,9,0.11538461538461539,14,78,10250,True,755,1291,0,4759,8,23,4,9,3,7,0.08974358974358974,10,78,4759,755,train,78,78
20,46,14,26,7,15,0.20270270270270271,21,74,10025,True,756,1270,0,4214,7,24,4,11,4,9,0.12162162162162163,15,74,4214,756,train,74,74
19,53,11,27,6,15,0.20270270270270271,24,74,11270,True,757,1267,0,4617,7,25,5,10,3,8,0.10810810810810811,15,74,4617,757,train,74,74
26,55,13,37,9,21,0.2692307692307692,29,78,13016,True,758,1274,0,4697,10,39,3,17,6,16,0.20512820512820512,24,78,4697,758,train,78,78
17,52,13,26,7,14,0.12962962962962962,22,108,12399,True,759,1263,0,5801,11,27,6,14,4,9,0.08333333333333333,14,108,5801,759,train,108,108
23,57,12,34,8,21,0.21212121212121213,31,99,11573,True,760,1255,0,4773,11,33,4,15,5,13,0.13131313131313133,21,99,4773,760,train,99,99
26,71,16,39,11,24,0.23300970873786409,38,103,13385,True,761,1246,0,4909,12,40,5,19,7,17,0.1650485436893204,28,103,4909,761,train,103,103
16,38,9,26,6,14,0.175,21,80,8370,True,762,1213,0,3175,5,22,3,11,3,9,0.1125,14,80,3175,762,train,80,80
20,40,13,22,7,15,0.22388059701492538,19,67,9896,True,763,1257,0,3384,7,22,3,12,3,9,0.13432835820895522,14,67,3384,763,train,67,67
27,60,12,35,10,23,0.2987012987012987,32,77,10094,True,764,1073,0,2833,7,34,2,14,5,15,0.19480519480519481,23,77,2833,764,train,77,77
21,66,12,35,7,21,0.21212121212121213,33,99,12598,True,765,1289,0,5065,10,38,4,13,4,11,0.1111111111111111,22,99,5065,765,train,99,99
21,50,13,27,7,17,0.2236842105263158,24,76,11625,True,766,1281,0,4664,9,30,4,16,4,12,0.15789473684210525,19,76,4664,766,train,76,76
29,60,13,41,10,24,0.2553191489361702,34,94,12624,True,767,1239,0,4510,9,40,4,18,6,20,0.2127659574468085,30,94,4510,767,train,94,94
27,56,19,36,9,19,0.2111111111111111,27,90,16488,True,768,1290,0,8193,12,39,8,20,5,11,0.12222222222222222,20,90,8193,768,train,90,90
19,55,11,29,7,18,0.2222222222222222,29,81,9966,True,769,1227,0,3075,6,22,4,10,4,10,0.12345679012345678,18,81,3075,769,train,81,81
19,55,12,26,7,15,0.1595744680851064,23,94,12542,True,770,1282,0,5689,8,26,5,14,3,8,0.0851063829787234,13,94,5689,770,train,94,94
13,39,10,23,6,12,0.19047619047619047,20,63,7462,True,771,987,0,3352,9,33,4,13,4,10,0.15873015873015872,16,63,3352,771,train,63,63
15,36,7,20,5,12,0.17142857142857143,18,70,7575,True,772,1220,0,2593,5,19,3,8,3,7,0.1,13,70,2593,772,train,70,70
13,34,7,16,4,10,0.15625,15,64,8002,True,773,1286,0,3262,5,19,4,9,3,6,0.09375,11,64,3262,773,train,64,64
20,57,13,28,7,16,0.17391304347826086,26,92,11993,True,774,1278,0,3854,6,27,2,11,3,9,0.09782608695652174,18,92,3854,774,train,92,92
28,62,13,37,10,24,0.23300970873786409,34,103,12996,True,775,1265,0,4024,8,34,3,11,4,13,0.1262135922330097,24,103,4024,775,train,103,103
27,61,12,37,8,22,0.25287356321839083,32,87,12749,True,776,1256,0,4792,8,31,4,15,4,14,0.16091954022988506,23,87,4792,776,train,87,87
29,72,14,39,10,24,0.21621621621621623,36,111,14479,True,777,1257,0,5694,11,44,5,21,6,17,0.15315315315315314,28,111,5694,777,train,111,111
25,59,9,32,11,23,0.24468085106382978,32,94,9641,True,778,1284,0,2937,6,34,1,14,6,19,0.20212765957446807,28,94,2937,778,train,94,94
20,50,12,31,7,16,0.16,25,100,13305,True,779,1289,0,6126,10,32,6,13,4,9,0.09,17,100,6126,779,train,100,100
24,52,11,34,7,19,0.22093023255813954,27,86,12811,True,780,1218,0,6342,9,32,4,16,4,11,0.12790697674418605,18,86,6342,780,train,86,86
13,38,11,17,5,10,0.12658227848101267,14,79,10272,True,781,1292,0,5505,8,20,5,11,3,7,0.08860759493670886,11,79,5505,781,train,79,79
32,70,17,47,13,29,0.2815533980582524,41,103,8687,True,782,734,0,2982,15,50,3,21,9,24,0.23300970873786409,38,103,2982,782,train,103,103
22,59,12,34,8,21,0.23595505617977527,32,89,11732,True,783,1249,0,4014,9,28,3,13,4,11,0.12359550561797752,19,89,4014,783,train,89,89
25,61,13,37,10,24,0.2962962962962963,35,81,10653,True,784,1233,0,3156,9,31,1,17,7,16,0.19753086419753085,25,81,3156,784,train,81,81
23,70,14,33,9,21,0.19090909090909092,34,110,14024,True,785,1284,0,5104,13,35,5,17,6,14,0.12727272727272726,23,110,5104,785,train,110,110
19,33,7,20,6,14,0.2153846153846154,18,65,7991,True,786,1285,0,2958,4,18,2,11,2,9,0.13846153846153847,14,65,2958,786,train,65,65
31,69,15,44,12,27,0.27,38,100,13862,True,787,1269,0,4286,9,37,3,14,6,19,0.19,29,100,4286,787,train,100,100
32,57,12,40,11,26,0.2857142857142857,33,91,12337,True,788,1238,0,4460,10,34,4,20,5,17,0.18681318681318682,25,91,4460,788,train,91,91
20,54,10,28,6,15,0.16304347826086957,25,92,11618,True,789,1217,0,5778,10,35,7,12,5,11,0.11956521739130435,20,92,5778,789,train,92,92
17,48,9,25,6,15,0.2,23,75,9389,True,790,1213,0,4004,6,27,3,11,3,9,0.12,17,75,4004,790,train,75,75
21,52,11,35,8,20,0.26666666666666666,29,75,11086,True,791,1287,0,3391,4,28,2,12,2,12,0.16,20,75,3391,791,train,75,75
16,46,7,26,7,18,0.22784810126582278,27,79,8438,True,792,1274,0,2199,3,19,2,5,2,9,0.11392405063291139,19,79,2199,792,train,79,79
21,42,8,25,6,17,0.2361111111111111,24,72,9495,True,793,1287,0,3713,6,23,4,12,3,9,0.125,14,72,3713,793,train,72,72
30,72,15,43,11,27,0.25,40,108,14466,True,794,1277,0,4780,9,42,4,17,6,18,0.16666666666666666,29,108,4780,794,train,108,108
23,60,12,29,8,19,0.2289156626506024,27,83,12201,True,795,1272,0,4974,10,32,6,15,5,11,0.13253012048192772,18,83,4974,795,train,83,83
18,60,10,31,7,20,0.19607843137254902,33,102,11019,True,796,1256,0,3994,9,34,3,11,4,12,0.11764705882352941,24,102,3994,796,train,102,102
36,79,15,43,11,29,0.27884615384615385,41,104,15029,True,797,1264,0,4752,10,43,5,19,7,20,0.19230769230769232,31,104,4752,797,train,104,104
20,50,15,27,8,15,0.19736842105263158,21,76,12383,True,798,1152,0,5689,13,29,7,18,5,11,0.14473684210526316,16,76,5689,798,train,76,76
32,68,13,44,11,28,0.25925925925925924,39,108,11680,True,799,1152,0,3901,8,45,2,16,7,22,0.2037037037037037,35,108,3901,799,train,108,108
17,33,10,19,6,11,0.15942028985507245,16,69,10956,True,800,1297,0,5585,7,22,6,13,3,7,0.10144927536231885,12,69,5585,800,train,69,69
25,74,11,46,9,26,0.25742574257425743,41,101,13792,True,801,1278,0,5319,6,42,4,15,4,14,0.13861386138613863,27,101,5319,801,train,101,101
22,50,14,34,7,18,0.21176470588235294,27,85,13418,True,802,1294,0,6102,12,35,4,17,4,12,0.1411764705882353,21,85,6102,802,train,85,85
21,43,12,24,6,15,0.19230769230769232,20,78,11843,True,803,1293,0,5925,9,32,6,14,4,9,0.11538461538461539,16,78,5925,803,train,78,78
20,42,11,28,7,16,0.25,23,64,9722,True,804,1253,0,3216,8,24,2,13,5,11,0.171875,16,64,3216,804,train,64,64
14,34,4,18,4,12,0.2033898305084746,17,59,6660,True,805,1280,0,2200,4,19,3,6,2,6,0.1016949152542373,13,59,2200,805,train,59,59
24,49,9,30,7,18,0.21686746987951808,26,83,10615,True,806,1273,0,4344,6,28,5,13,4,10,0.12048192771084337,18,83,4344,806,train,83,83
16,43,9,26,6,15,0.2054794520547945,23,73,9137,True,807,1259,0,3307,6,29,2,10,3,10,0.136986301369863,19,73,3307,807,train,73,73
20,60,12,33,8,20,0.2247191011235955,31,89,11588,True,808,1245,0,4304,7,31,4,11,3,12,0.1348314606741573,21,89,4304,808,train,89,89
42,73,24,57,16,33,0.3548387096774194,44,93,15976,True,809,1206,0,5183,16,51,2,28,11,25,0.26881720430107525,34,93,5183,809,train,93,93
47,73,18,54,14,34,0.34,45,100,12533,True,810,849,0,5080,15,56,7,28,7,24,0.24,36,100,5080,810,train,100,100
19,54,10,27,7,19,0.25333333333333335,29,75,7537,True,811,958,0,3042,10,31,3,14,5,12,0.16,19,75,3042,811,train,75,75
12,25,9,16,5,9,0.14754098360655737,12,61,8195,True,812,1229,0,3315,6,16,4,6,3,5,0.08196721311475409,8,61,3315,812,train,61,61
16,26,10,18,5,11,0.2682926829268293,15,41,6990,True,813,1210,0,1878,5,16,1,7,4,7,0.17073170731707318,10,41,1878,813,train,41,41
20,46,12,29,7,13,0.18309859154929578,22,71,12606,True,814,1279,0,5327,9,28,5,12,4,8,0.11267605633802817,14,71,5327,814,train,71,71
31,79,18,45,11,27,0.2125984251968504,41,127,15540,True,815,1207,0,6250,12,41,9,19,6,15,0.11811023622047244,26,127,6250,815,train,127,127
22,50,13,28,7,16,0.19753086419753085,22,81,12638,True,816,1286,0,5983,11,30,6,18,5,12,0.14814814814814814,18,81,5983,816,train,81,81
25,60,13,35,9,22,0.19298245614035087,33,114,11481,True,817,1065,0,5533,12,45,7,17,5,14,0.12280701754385964,26,114,5533,817,train,114,114
14,27,7,19,5,11,0.3142857142857143,16,35,5670,True,818,1199,0,1496,2,12,1,5,1,5,0.14285714285714285,9,35,1496,818,train,35,35
31,82,15,48,11,31,0.25833333333333336,45,120,14391,True,819,1239,0,5677,12,48,4,19,7,19,0.15833333333333333,33,120,5677,819,train,120,120
14,36,10,22,6,10,0.13157894736842105,16,76,12020,True,820,1296,0,6269,10,24,8,11,4,8,0.10526315789473684,11,76,6269,820,train,76,76
16,41,11,18,6,11,0.14864864864864866,16,74,9873,True,821,1117,0,4998,12,24,6,13,4,9,0.12162162162162163,13,74,4998,821,train,74,74
19,40,10,23,6,15,0.2112676056338028,20,71,9725,True,822,1280,0,3819,7,26,4,13,4,10,0.14084507042253522,16,71,3819,822,train,71,71
18,45,11,26,7,14,0.2028985507246377,21,69,11268,True,823,1265,0,4017,7,24,4,12,4,9,0.13043478260869565,15,69,4017,823,train,69,69
17,43,14,24,7,14,0.17721518987341772,21,79,10024,True,824,1227,0,3464,9,25,2,14,6,11,0.13924050632911392,16,79,3464,824,train,79,79
25,56,12,37,7,20,0.21739130434782608,29,92,13533,True,825,1287,0,6404,10,35,5,13,4,9,0.09782608695652174,18,92,6404,825,train,92,92
19,53,11,27,7,15,0.16853932584269662,24,89,9443,True,826,1016,0,3849,10,30,4,14,4,11,0.12359550561797752,19,89,3849,826,train,89,89
26,57,9,32,9,22,0.23404255319148937,31,94,10579,True,827,1238,0,4159,10,34,3,17,6,16,0.1702127659574468,24,94,4159,827,train,94,94
31,64,13,39,11,25,0.25773195876288657,35,97,13449,True,828,1272,0,3241,5,32,2,15,6,17,0.17525773195876287,26,97,3241,828,train,97,97
18,49,9,26,6,14,0.16091954022988506,23,87,11711,True,829,1285,0,5444,8,26,6,10,4,8,0.09195402298850575,14,87,5444,829,train,87,87
19,46,11,25,7,17,0.25757575757575757,24,66,8959,True,830,1265,0,2258,4,21,1,10,4,12,0.18181818181818182,19,66,2258,830,train,66,66
36,89,16,55,14,36,0.2903225806451613,50,124,15369,True,831,1247,0,5121,13,54,3,18,8,23,0.18548387096774194,38,124,5121,831,train,124,124
19,38,13,24,7,13,0.17567567567567569,18,74,12487,True,832,1297,0,5927,11,25,8,15,5,10,0.13513513513513514,14,74,5927,832,train,74,74
19,38,15,25,8,14,0.22950819672131148,18,61,11716,True,833,1287,0,5548,14,27,5,17,5,12,0.19672131147540983,16,61,5548,833,train,61,61
45,90,20,64,16,38,0.2992125984251969,53,127,17819,True,834,1198,0,5686,12,59,4,23,8,25,0.1968503937007874,41,127,5686,834,train,127,127
28,53,16,31,10,21,0.24705882352941178,28,85,12352,True,835,1285,0,4651,8,28,4,19,5,15,0.17647058823529413,22,85,4651,835,train,85,85
33,81,14,51,12,32,0.3106796116504854,45,103,9964,True,836,891,0,2739,7,36,4,13,5,19,0.18446601941747573,31,103,2739,836,train,103,103
31,64,15,43,13,28,0.28,39,100,9836,True,837,1055,0,2731,6,37,4,12,6,19,0.19,33,100,2731,837,train,100,100
32,77,14,53,14,33,0.3402061855670103,48,97,11613,True,838,1084,0,3370,12,43,1,19,9,22,0.2268041237113402,34,97,3370,838,train,97,97
22,61,14,38,8,22,0.23404255319148937,35,94,12448,True,839,1245,0,5163,12,39,4,14,4,13,0.13829787234042554,25,94,5163,839,train,94,94
20,46,10,29,7,17,0.20238095238095238,26,84,9332,True,840,1268,0,2407,4,23,1,6,3,10,0.11904761904761904,19,84,2407,840,train,84,84
32,69,16,44,12,28,0.2413793103448276,40,116,9342,True,841,863,0,3997,13,47,5,22,8,21,0.1810344827586207,33,116,3997,841,train,116,116
26,69,11,39,10,27,0.25961538461538464,39,104,11456,True,842,1238,0,3991,9,41,4,14,6,18,0.17307692307692307,32,104,3991,842,train,104,104
19,37,10,25,6,14,0.1794871794871795,20,78,10460,True,843,1297,0,3653,5,24,4,9,3,8,0.10256410256410256,14,78,3653,843,train,78,78
35,82,14,45,13,32,0.2807017543859649,45,114,13966,True,844,1273,0,4629,11,42,2,20,9,23,0.20175438596491227,34,114,4629,844,train,114,114
22,51,9,30,7,19,0.24358974358974358,28,78,9777,True,845,1266,0,2015,3,23,2,8,4,12,0.15384615384615385,23,78,2015,845,train,78,78
47,83,22,57,14,34,0.3300970873786408,46,103,19278,True,846,1211,0,5003,11,45,5,18,7,18,0.17475728155339806,31,103,5003,846,train,103,103
34,73,18,42,11,22,0.1981981981981982,33,111,19972,True,847,1274,0,7683,15,42,9,21,7,15,0.13513513513513514,24,111,7683,847,train,111,111
36,89,15,50,12,33,0.28205128205128205,47,117,11962,True,848,927,0,4567,13,55,6,18,7,20,0.17094017094017094,35,117,4567,848,train,117,117
30,72,18,37,11,24,0.22429906542056074,35,107,13940,True,849,1254,0,4888,15,38,3,19,7,18,0.16822429906542055,28,107,4888,849,train,107,107
19,42,9,27,6,15,0.21428571428571427,21,70,9636,True,850,1257,0,3897,7,24,5,11,4,8,0.11428571428571428,14,70,3897,850,train,70,70
18,49,10,27,8,18,0.23376623376623376,26,77,8429,True,851,1115,0,2342,5,24,2,8,4,12,0.15584415584415584,22,77,2342,851,train,77,77
12,39,6,20,5,13,0.21311475409836064,21,61,5701,True,852,1176,0,1379,4,18,0,7,4,9,0.14754098360655737,17,61,1379,852,train,61,61
25,61,12,31,8,20,0.1941747572815534,28,103,13864,True,853,1292,0,5884,10,37,8,17,5,13,0.1262135922330097,22,103,5884,853,train,103,103
26,54,12,34,8,20,0.21978021978021978,29,91,12641,True,854,1233,0,4807,9,30,5,12,4,10,0.10989010989010989,19,91,4807,854,train,91,91
14,36,8,21,5,13,0.18055555555555555,19,72,7397,True,855,1292,0,2949,3,17,2,7,2,6,0.08333333333333333,12,72,2949,855,train,72,72
25,44,13,30,8,17,0.25,23,68,11706,True,856,1166,0,4477,10,32,4,15,5,12,0.17647058823529413,19,68,4477,856,train,68,68
21,46,12,29,7,16,0.20253164556962025,24,79,9329,True,857,967,0,4732,9,31,6,15,4,10,0.12658227848101267,16,79,4732,857,train,79,79
22,55,14,29,7,17,0.18888888888888888,24,90,12361,True,858,1290,0,5452,8,36,5,16,4,11,0.12222222222222222,20,90,5452,858,train,90,90
15,43,9,23,6,13,0.17105263157894737,21,76,9036,True,859,1266,0,3437,7,22,4,14,4,10,0.13157894736842105,15,76,3437,859,train,76,76
25,59,14,31,9,21,0.1891891891891892,31,111,11139,True,860,1176,0,4497,10,33,3,16,5,14,0.12612612612612611,23,111,4497,860,train,111,111
31,85,21,49,14,30,0.2803738317757009,45,107,15089,True,861,1249,0,5241,16,50,2,22,10,23,0.21495327102803738,35,107,5241,861,train,107,107
20,56,15,32,9,18,0.21686746987951808,28,83,12219,True,862,1282,0,4223,10,33,3,15,5,14,0.1686746987951807,21,83,4223,862,train,83,83
27,64,18,34,9,20,0.18867924528301888,29,106,16326,True,863,1291,0,6959,11,34,6,16,4,11,0.10377358490566038,19,106,6959,863,train,106,106
12,43,7,21,5,12,0.17647058823529413,20,68,8757,True,864,1246,0,4359,7,21,5,9,3,6,0.08823529411764706,11,68,4359,864,train,68,68
28,61,15,36,9,22,0.22448979591836735,31,98,13500,True,865,1241,0,4597,7,32,4,12,3,11,0.11224489795918367,20,98,4597,865,train,98,98
26,42,15,30,9,18,0.2535211267605634,24,71,11225,True,866,1185,0,3730,6,27,2,10,3,11,0.15492957746478872,19,71,3730,866,train,71,71
18,55,10,29,7,17,0.19101123595505617,28,89,10712,True,867,1229,0,4750,9,27,4,14,3,11,0.12359550561797752,18,89,4750,867,train,89,89
21,52,9,30,8,22,0.2894736842105263,31,76,8901,True,868,1267,0,2443,4,26,1,8,4,14,0.18421052631578946,23,76,2443,868,train,76,76
28,66,11,41,9,25,0.21008403361344538,37,119,9913,True,869,1017,0,4513,9,42,4,15,4,15,0.12605042016806722,28,119,4513,869,train,119,119
21,65,8,32,7,23,0.21100917431192662,38,109,10506,True,870,1268,0,4019,7,35,3,13,4,13,0.11926605504587157,26,109,4019,870,train,109,109
14,29,12,20,5,10,0.1388888888888889,13,72,10185,True,871,1179,0,4097,6,14,4,8,3,5,0.06944444444444445,7,72,4097,871,train,72,72
20,53,7,29,7,20,0.20408163265306123,29,98,8594,True,872,1136,0,3074,7,31,2,11,4,13,0.1326530612244898,24,98,3074,872,train,98,98
12,26,8,16,4,8,0.14035087719298245,12,57,9172,True,873,1273,0,4784,6,17,4,9,2,5,0.08771929824561403,8,57,4784,873,train,57,57
28,52,16,37,9,19,0.20652173913043478,28,92,15802,True,874,1277,0,8011,16,40,8,19,5,13,0.14130434782608695,20,92,8011,874,train,92,92
25,52,16,34,9,20,0.22988505747126436,27,87,13071,True,875,1245,0,5307,13,36,5,17,6,14,0.16091954022988506,22,87,5307,875,train,87,87
28,73,7,42,12,30,0.3125,41,96,6623,True,876,788,0,1947,5,38,2,11,5,20,0.20833333333333334,32,96,1947,876,train,96,96
21,45,11,29,7,15,0.23076923076923078,23,65,11443,True,877,1295,0,4535,9,26,5,11,4,9,0.13846153846153847,14,65,4535,877,train,65,65
35,72,22,43,13,27,0.2523364485981308,38,107,10951,True,878,811,0,4774,17,49,6,27,9,21,0.19626168224299065,30,107,4774,878,train,107,107
24,55,8,30,9,22,0.29333333333333333,31,75,9484,True,879,1278,0,2325,5,30,0,9,5,17,0.22666666666666666,26,75,2325,879,train,75,75
22,44,11,26,7,16,0.2318840579710145,22,69,9978,True,880,1288,0,2658,6,24,1,10,4,11,0.15942028985507245,18,69,2658,880,train,69,69
15,42,13,20,6,12,0.12631578947368421,17,95,11471,True,881,1250,0,4986,7,23,6,13,4,8,0.08421052631578947,14,95,4986,881,train,95,95
26,42,12,31,8,19,0.2714285714285714,26,70,11217,True,882,1288,0,3450,9,26,2,14,5,13,0.18571428571428572,19,70,3450,882,train,70,70
22,44,15,31,8,17,0.2361111111111111,25,72,11502,True,883,1258,0,3750,10,25,2,12,5,12,0.16666666666666666,19,72,3750,883,train,72,72
35,73,15,43,12,28,0.27184466019417475,39,103,14301,True,884,1185,0,5336,12,45,4,20,6,19,0.18446601941747573,29,103,5336,884,train,103,103
23,61,9,35,9,25,0.28735632183908044,36,87,7722,True,885,976,0,2908,7,34,2,12,3,15,0.1724137931034483,26,87,2908,885,train,87,87
23,62,11,30,7,18,0.21428571428571427,27,84,13163,True,886,1291,0,6447,7,34,5,12,3,8,0.09523809523809523,18,84,6447,886,train,84,84
27,78,12,39,9,27,0.24545454545454545,41,110,13628,True,887,1280,0,5875,9,42,5,13,4,13,0.11818181818181818,27,110,5875,887,train,110,110
14,35,13,17,5,11,0.16417910447761194,14,67,9731,True,888,1290,0,5087,7,21,5,12,3,6,0.08955223880597014,11,67,5087,888,train,67,67
32,49,16,39,10,22,0.25,30,88,14672,True,889,1248,0,5192,14,39,6,19,7,15,0.17045454545454544,23,88,5192,889,train,88,88
42,83,19,54,13,33,0.2682926829268293,46,123,19698,True,890,1298,0,8975,20,58,5,32,8,24,0.1951219512195122,37,123,8975,890,train,123,123
20,59,11,30,7,17,0.17346938775510204,30,98,11170,True,891,1130,0,4505,8,35,6,14,5,12,0.12244897959183673,21,98,4505,891,train,98,98
44,95,24,65,17,39,0.30952380952380953,55,126,18715,True,892,1218,0,5187,9,52,4,22,8,25,0.1984126984126984,40,126,5187,892,train,126,126
20,48,10,24,7,16,0.21052631578947367,22,76,9752,True,893,1234,0,3989,8,26,2,14,4,11,0.14473684210526316,17,76,3989,893,train,76,76
28,65,14,44,11,27,0.2571428571428571,38,105,12745,True,894,1261,0,5277,9,44,4,20,6,20,0.19047619047619047,31,105,5277,894,train,105,105
27,64,21,39,11,21,0.19811320754716982,32,106,17379,True,895,1244,0,6440,16,39,5,21,6,16,0.1509433962264151,24,106,6440,895,train,106,106
25,58,15,39,10,23,0.26136363636363635,34,88,12113,True,896,1240,0,4563,11,38,3,15,6,16,0.18181818181818182,27,88,4563,896,train,88,88
17,36,9,19,5,12,0.1791044776119403,16,67,9823,True,897,1277,0,4639,10,22,5,13,4,9,0.13432835820895522,13,67,4639,897,train,67,67
16,48,6,23,6,16,0.2318840579710145,25,69,7643,True,898,1240,0,2453,4,22,3,7,3,10,0.14492753623188406,18,69,2453,898,train,69,69
17,42,8,26,7,16,0.26229508196721313,23,61,6243,True,899,1040,0,1791,5,21,1,8,3,10,0.16393442622950818,16,61,1791,899,train,61,61
27,54,16,32,8,18,0.18947368421052632,26,95,15451,True,900,1296,0,7707,13,38,9,21,5,13,0.1368421052631579,20,95,7707,900,train,95,95
20,51,12,28,7,16,0.17582417582417584,24,91,10281,True,901,1020,0,4784,10,30,5,14,4,10,0.10989010989010989,16,91,4784,901,train,91,91
18,45,12,26,7,15,0.22058823529411764,24,68,9149,True,902,1261,0,3042,9,21,3,12,5,11,0.16176470588235295,15,68,3042,902,train,68,68
31,75,17,43,12,26,0.23636363636363636,38,110,14742,True,903,1254,0,5079,12,41,4,21,8,18,0.16363636363636364,28,110,5079,903,train,110,110
22,54,10,34,8,22,0.25,32,88,10345,True,904,1218,0,4510,11,35,4,13,5,13,0.14772727272727273,22,88,4510,904,train,88,88
31,76,16,43,12,29,0.26605504587155965,42,109,14222,True,905,1235,0,5547,12,45,5,18,5,17,0.1559633027522936,30,109,5547,905,train,109,109
22,59,11,34,7,21,0.1875,33,112,9662,True,906,1065,0,4128,8,38,3,14,4,16,0.14285714285714285,27,112,4128,906,train,112,112
23,51,13,34,8,19,0.2375,28,80,11152,True,907,1159,0,3658,6,27,3,12,3,11,0.1375,19,80,3658,907,train,80,80
16,46,9,22,6,13,0.18571428571428572,21,70,8629,True,908,1134,0,4280,7,24,5,13,3,8,0.11428571428571428,13,70,4280,908,train,70,70
26,56,14,37,9,21,0.2441860465116279,30,86,11892,True,909,1198,0,4219,10,39,3,13,5,16,0.18604651162790697,26,86,4219,909,train,86,86
16,34,5,19,4,13,0.21666666666666667,19,60,7325,True,910,1229,0,2593,4,14,3,5,2,4,0.06666666666666667,8,60,2593,910,train,60,60
14,40,8,21,5,13,0.16666666666666666,22,78,7274,True,911,1156,0,2630,3,21,3,8,2,8,0.10256410256410256,16,78,2630,911,train,78,78
14,46,8,23,5,14,0.1917808219178082,22,73,7842,True,912,1177,0,3303,6,24,4,10,3,8,0.1095890410958904,15,73,3303,912,train,73,73
16,46,10,26,6,15,0.18072289156626506,23,83,10046,True,913,1261,0,3886,5,23,3,12,3,9,0.10843373493975904,15,83,3886,913,train,83,83
25,45,18,30,9,16,0.2222222222222222,21,72,15113,True,914,1139,0,6616,14,30,9,17,5,11,0.1527777777777778,15,72,6616,914,train,72,72
20,40,9,26,6,13,0.19402985074626866,20,67,10723,True,915,1299,0,3834,7,21,2,9,3,7,0.1044776119402985,13,67,3834,915,train,67,67
35,84,18,49,11,28,0.21374045801526717,42,131,17114,True,916,1260,0,7574,15,49,7,22,5,16,0.12213740458015267,28,131,7574,916,train,131,131
16,73,9,36,7,26,0.20967741935483872,43,124,11028,True,917,1214,0,4676,6,43,5,12,4,15,0.12096774193548387,31,124,4676,917,train,124,124
25,49,16,32,8,17,0.19540229885057472,25,87,13944,True,918,1296,0,5634,14,32,6,17,6,13,0.14942528735632185,20,87,5634,918,train,87,87
37,74,16,46,12,29,0.2636363636363636,40,110,15931,True,919,1250,0,5722,12,41,4,18,6,16,0.14545454545454545,27,110,5722,919,train,110,110
18,42,9,25,6,14,0.17073170731707318,21,82,10258,True,920,1278,0,3997,6,26,5,11,3,7,0.08536585365853659,14,82,3997,920,train,82,82
16,46,11,22,6,14,0.19444444444444445,23,72,8224,True,921,1109,0,2713,8,21,3,11,5,10,0.1388888888888889,15,72,2713,921,train,72,72
32,71,16,44,10,25,0.2336448598130841,36,107,16510,True,922,1269,0,7145,14,46,7,20,6,15,0.14018691588785046,25,107,7145,922,train,107,107
22,52,10,31,7,17,0.2463768115942029,26,69,9471,True,923,1109,0,3105,7,22,4,12,4,10,0.14492753623188406,16,69,3105,923,train,69,69
18,42,10,25,6,15,0.19230769230769232,22,78,10405,True,924,1266,0,4723,8,28,5,12,4,9,0.11538461538461539,16,78,4723,924,train,78,78
29,66,15,36,9,21,0.20192307692307693,31,104,13117,True,925,1111,0,5462,10,41,7,16,5,15,0.14423076923076922,25,104,5462,925,train,104,104
31,80,17,47,10,27,0.2231404958677686,42,121,14388,True,926,1088,0,6217,13,51,6,22,5,17,0.14049586776859505,28,121,6217,926,train,121,121
27,55,14,35,9,20,0.21052631578947367,29,95,13940,True,927,1266,0,6625,13,43,6,18,5,14,0.14736842105263157,23,95,6625,927,train,95,95
26,54,10,34,8,21,0.23595505617977527,30,89,11109,True,928,1214,0,4762,11,35,4,18,6,15,0.16853932584269662,23,89,4762,928,train,89,89
23,48,12,26,8,18,0.21428571428571427,24,84,10303,True,929,1279,0,3705,8,31,3,13,5,13,0.15476190476190477,21,84,3705,929,train,84,84
33,76,17,46,14,30,0.26548672566371684,43,113,14719,True,930,1266,0,6294,18,56,3,29,10,26,0.23008849557522124,37,113,6294,930,train,113,113
17,41,11,25,6,13,0.16883116883116883,21,77,10727,True,931,1275,0,4696,8,28,5,14,4,9,0.11688311688311688,15,77,4696,931,train,77,77
16,49,12,25,6,14,0.175,23,80,11162,True,932,1286,0,4858,8,31,4,13,4,10,0.125,17,80,4858,932,train,80,80
18,44,13,26,6,14,0.1728395061728395,21,81,12646,True,933,1298,0,6597,9,32,6,12,3,8,0.09876543209876543,14,81,6597,933,train,81,81
15,35,8,17,4,11,0.1506849315068493,16,73,8793,True,934,1284,0,4244,4,18,4,6,3,4,0.0547945205479452,9,73,4244,934,train,73,73
26,75,16,40,10,24,0.2033898305084746,39,118,14899,True,935,1259,0,7402,17,50,7,24,7,19,0.16101694915254236,30,118,7402,935,train,118,118
31,63,18,39,10,23,0.21296296296296297,32,108,15911,True,936,1273,0,7172,14,45,4,26,7,19,0.17592592592592593,27,108,7172,936,train,108,108
25,53,18,35,10,19,0.24675324675324675,26,77,14830,True,937,1265,0,5935,17,33,8,22,8,15,0.19480519480519481,20,77,5935,937,train,77,77
19,47,16,26,8,15,0.16129032258064516,21,93,14186,True,938,1264,0,5837,12,30,7,15,4,11,0.11827956989247312,16,93,5837,938,train,93,93
26,65,15,40,9,23,0.23711340206185566,34,97,14033,True,939,1263,0,5937,9,40,6,18,5,15,0.15463917525773196,25,97,5937,939,train,97,97
23,59,11,35,8,21,0.2413793103448276,32,87,11201,True,940,1179,0,5324,11,42,6,16,5,13,0.14942528735632185,24,87,5324,940,train,87,87
25,58,13,33,9,21,0.2441860465116279,29,86,12460,True,941,1271,0,5841,14,34,4,20,6,15,0.1744186046511628,21,86,5841,941,train,86,86
16,44,11,26,6,13,0.20967741935483872,20,62,10498,True,942,1260,0,5127,9,26,5,11,3,8,0.12903225806451613,14,62,5127,942,train,62,62
27,73,15,40,10,25,0.21551724137931033,38,116,14332,True,943,1250,0,5129,8,41,4,15,4,15,0.12931034482758622,29,116,5129,943,train,116,116
20,42,13,27,7,13,0.15853658536585366,19,82,14116,True,944,1226,0,6569,9,26,6,13,4,7,0.08536585365853659,12,82,6569,944,train,82,82
19,38,12,23,6,12,0.1875,18,64,12282,True,945,1288,0,6094,7,22,6,8,3,6,0.09375,8,64,6094,945,train,64,64
32,61,21,41,10,20,0.21052631578947367,29,95,18384,True,946,1101,0,8591,18,36,12,21,7,14,0.14736842105263157,18,95,8591,946,train,95,95
20,39,12,23,6,12,0.23076923076923078,19,52,8541,True,947,989,0,2987,9,21,4,9,3,7,0.1346153846153846,12,52,2987,947,train,52,52
22,41,12,29,6,16,0.2,23,80,10881,True,948,1273,0,4799,8,28,3,14,3,10,0.125,16,80,4799,948,train,80,80
25,64,12,37,8,21,0.21428571428571427,33,98,14006,True,949,1269,0,6566,8,46,7,17,5,15,0.15306122448979592,27,98,6566,949,train,98,98
19,48,14,27,6,15,0.17857142857142858,24,84,11919,True,950,1217,0,5415,11,32,5,14,4,10,0.11904761904761904,16,84,5415,950,train,84,84
23,53,16,28,8,16,0.16161616161616163,23,99,13637,True,951,1240,0,5956,9,28,5,15,4,9,0.09090909090909091,15,99,5956,951,train,99,99
15,36,13,24,6,12,0.17391304347826086,17,69,10264,True,952,1281,0,4708,11,27,6,13,5,10,0.14492753623188406,15,69,4708,952,train,69,69
20,43,12,24,7,14,0.2028985507246377,19,69,11754,True,953,1286,0,4586,9,26,4,13,3,8,0.11594202898550725,13,69,4586,953,train,69,69
25,58,16,38,9,20,0.23255813953488372,30,86,12871,True,954,1261,0,5254,9,34,5,17,5,13,0.1511627906976744,21,86,5254,954,train,86,86
22,45,12,26,6,13,0.1780821917808219,19,73,13469,True,955,1296,0,6392,10,30,7,14,4,8,0.1095890410958904,13,73,6392,955,train,73,73
20,44,11,28,7,15,0.2054794520547945,20,73,12593,True,956,1295,0,5439,9,30,6,13,4,9,0.1232876712328767,15,73,5439,956,train,73,73
23,48,13,27,7,15,0.1744186046511628,22,86,12612,True,957,1291,0,6385,9,30,5,18,4,10,0.11627906976744186,16,86,6385,957,train,86,86
20,43,13,28,7,15,0.189873417721519,21,79,12247,True,958,1286,0,5439,11,24,4,15,3,9,0.11392405063291139,14,79,5439,958,train,79,79
27,60,17,36,8,20,0.15873015873015872,31,126,15931,True,959,1289,0,8201,10,45,6,23,5,15,0.11904761904761904,24,126,8201,959,train,126,126
31,74,13,45,12,30,0.25862068965517243,43,116,14126,True,960,1243,0,5624,12,44,2,22,6,20,0.1724137931034483,31,116,5624,960,train,116,116
20,41,13,28,7,14,0.1891891891891892,22,74,11208,True,961,1242,0,3864,9,26,3,12,4,11,0.14864864864864866,17,74,3864,961,train,74,74
25,53,14,31,8,18,0.20930232558139536,27,86,12244,True,962,1246,0,5080,11,33,3,16,5,13,0.1511627906976744,22,86,5080,962,train,86,86
23,52,13,30,8,15,0.14285714285714285,24,105,14841,True,963,1296,0,7769,14,36,8,18,5,12,0.11428571428571428,18,105,7769,963,train,105,105
15,45,12,25,6,13,0.13978494623655913,21,93,11535,True,964,1273,0,5859,11,30,5,12,4,9,0.0967741935483871,15,93,5859,964,train,93,93
22,47,16,27,8,17,0.18888888888888888,23,90,12140,True,965,1287,0,5344,13,28,5,17,5,13,0.14444444444444443,19,90,5344,965,train,90,90
26,48,14,37,9,21,0.22580645161290322,29,93,11621,True,966,1185,0,4890,11,36,4,15,4,14,0.15053763440860216,24,93,4890,966,train,93,93
32,83,17,47,12,28,0.21212121212121213,43,132,16071,True,967,1247,0,7224,15,49,7,24,7,19,0.14393939393939395,32,132,7224,967,train,132,132
25,56,14,41,10,24,0.25,34,96,9547,True,968,993,0,2755,7,36,2,13,5,17,0.17708333333333334,27,96,2755,968,train,96,96
25,62,13,37,9,23,0.27380952380952384,34,84,10912,True,969,1152,0,3897,9,35,2,15,6,16,0.19047619047619047,25,84,3897,969,train,84,84
25,58,14,38,9,22,0.21153846153846154,32,104,12046,True,970,1148,0,4905,10,35,5,16,4,13,0.125,23,104,4905,970,train,104,104
16,36,9,21,6,12,0.1935483870967742,17,62,9529,True,971,1279,0,3190,8,20,4,9,4,8,0.12903225806451613,13,62,3190,971,train,62,62
22,57,9,31,7,19,0.21348314606741572,29,89,10097,True,972,1096,0,4224,8,34,4,11,3,10,0.11235955056179775,20,89,4224,972,train,89,89
24,50,10,28,6,18,0.20454545454545456,25,88,10144,True,973,1161,0,4840,8,30,5,12,4,10,0.11363636363636363,18,88,4840,973,train,88,88
21,37,16,24,7,14,0.20588235294117646,18,68,13373,True,974,1293,0,6905,12,25,7,19,4,10,0.14705882352941177,14,68,6905,974,train,68,68
27,54,10,33,10,23,0.3194444444444444,30,72,8414,True,975,1097,0,2545,6,30,2,10,4,14,0.19444444444444445,23,72,2545,975,train,72,72
43,81,26,60,14,31,0.24031007751937986,45,129,19688,True,976,1121,0,6883,17,51,8,23,8,19,0.14728682170542637,30,129,6883,976,train,129,129
26,75,15,39,10,24,0.21621621621621623,38,111,13120,True,977,1141,0,4853,11,37,5,18,5,15,0.13513513513513514,24,111,4853,977,train,111,111
43,77,21,53,14,32,0.29357798165137616,43,109,14179,True,978,982,0,4731,14,48,5,25,8,23,0.21100917431192662,33,109,4731,978,train,109,109
27,62,13,37,8,22,0.2391304347826087,33,92,12347,True,979,1162,0,5298,9,39,4,13,3,12,0.13043478260869565,24,92,5298,979,train,92,92
17,52,13,21,7,14,0.15217391304347827,22,92,11809,True,980,1282,0,5269,9,27,7,15,5,11,0.11956521739130435,17,92,5269,980,train,92,92
28,72,14,41,9,22,0.2037037037037037,34,108,16022,True,981,1247,0,7243,12,43,6,17,4,12,0.1111111111111111,23,108,7243,981,train,108,108
32,67,16,41,11,26,0.23214285714285715,35,112,15500,True,982,1281,0,6337,12,46,5,25,8,20,0.17857142857142858,29,112,6337,982,train,112,112
28,61,20,42,10,21,0.22340425531914893,31,94,17705,True,983,1257,0,7855,16,42,8,19,6,14,0.14893617021276595,22,94,7855,983,train,94,94
30,52,17,38,9,21,0.23076923076923078,29,91,15709,True,984,1296,0,7348,12,37,8,17,5,12,0.13186813186813187,19,91,7348,984,train,91,91
30,77,14,45,10,26,0.21666666666666667,42,120,16332,True,985,1279,0,8064,12,53,6,20,5,16,0.13333333333333333,29,120,8064,985,train,120,120
16,28,12,18,5,9,0.16071428571428573,12,56,12001,True,986,1297,0,7933,8,21,7,12,4,6,0.10714285714285714,8,56,7933,986,train,56,56
39,91,15,58,14,38,0.304,55,125,11767,True,987,945,0,3311,9,49,4,15,8,26,0.208,43,125,3311,987,train,125,125
8,18,6,8,3,6,0.10714285714285714,7,56,6680,True,988,1289,0,3414,6,7,4,6,2,4,0.07142857142857142,5,56,3414,988,train,56,56
20,35,13,26,6,13,0.17105263157894737,19,76,11995,True,989,1292,0,6402,10,28,6,13,4,8,0.10526315789473684,13,76,6402,989,train,76,76
22,46,12,27,7,15,0.20270270270270271,22,74,11631,True,990,1287,0,5126,9,29,5,15,4,10,0.13513513513513514,16,74,5126,990,train,74,74
15,35,10,17,5,10,0.14705882352941177,15,68,10366,True,991,1254,0,5613,6,22,4,13,3,5,0.07352941176470588,10,68,5613,991,train,68,68
38,80,24,51,12,25,0.2066115702479339,37,121,25364,True,992,1268,0,13216,18,52,13,27,6,14,0.11570247933884298,23,121,13216,992,train,121,121
23,42,14,30,7,15,0.19230769230769232,22,78,13984,True,993,1268,0,7321,13,34,7,19,5,11,0.14102564102564102,17,78,7321,993,train,78,78
13,33,11,22,5,10,0.136986301369863,16,73,10746,True,994,1263,0,5284,8,18,5,9,3,5,0.0684931506849315,9,73,5284,994,train,73,73
14,38,12,20,6,10,0.1282051282051282,14,78,11129,True,995,1216,0,5052,11,21,5,12,4,9,0.11538461538461539,11,78,5052,995,train,78,78
20,42,9,27,7,16,0.25806451612903225,22,62,9217,True,996,1187,0,3994,8,24,4,12,4,9,0.14516129032258066,14,62,3994,996,train,62,62
26,48,19,31,8,18,0.23684210526315788,23,76,14460,True,997,1274,0,6708,14,32,6,19,5,13,0.17105263157894737,18,76,6708,997,train,76,76
23,69,16,37,10,22,0.20754716981132076,36,106,11703,True,998,1132,0,4242,11,32,4,17,6,14,0.1320754716981132,23,106,4242,998,train,106,106
24,46,15,35,10,20,0.273972602739726,27,73,11949,True,999,1248,0,3932,12,33,2,17,7,16,0.2191780821917808,23,73,3932,999,train,73,73
23,48,15,28,7,16,0.3333333333333333,22,48,554,,0,49,5,304,16,40,8,18,5,12,0.3,18,40,305,,val,72,72
18,55,10,34,7,18,0.32727272727272727,29,55,481,,1,51,4,216,9,37,7,13,4,10,0.2702702702702703,18,37,219,,val,86,86
32,48,20,39,10,22,0.4583333333333333,29,48,631,,2,51,1,248,13,40,5,21,6,15,0.375,21,40,252,,val,73,73
24,49,16,32,8,18,0.3673469387755102,24,49,599,,3,54,2,280,12,36,6,18,4,10,0.2777777777777778,16,36,284,,val,78,78
17,57,9,24,6,14,0.24561403508771928,25,57,420,,4,50,4,223,9,38,7,11,4,8,0.21052631578947367,15,38,235,,val,95,95
16,50,8,23,6,15,0.3,25,50,343,,5,47,0,150,7,27,4,10,3,8,0.2962962962962963,14,27,152,,val,78,78
21,47,12,30,7,15,0.3191489361702128,23,47,481,,6,51,2,224,9,26,6,13,4,8,0.3076923076923077,12,26,225,,val,72,72
29,64,17,39,11,23,0.359375,33,64,522,,7,44,7,215,15,46,8,21,7,17,0.3695652173913043,25,46,222,,val,90,90
22,45,14,27,7,15,0.3333333333333333,22,45,526,,8,56,1,222,11,32,5,16,4,10,0.3125,15,32,224,,val,65,65
24,38,14,28,7,14,0.3684210526315789,20,38,570,,9,52,1,263,12,30,8,17,5,10,0.3333333333333333,16,30,264,,val,62,62
17,33,12,22,6,13,0.3939393939393939,17,33,426,,10,49,0,185,14,26,4,15,4,11,0.4230769230769231,15,26,188,,val,48,48
17,26,11,20,5,10,0.38461538461538464,14,26,431,,11,51,2,218,9,17,7,12,3,7,0.4117647058823529,9,17,221,,val,42,42
28,53,16,33,8,19,0.3584905660377358,27,53,531,,12,49,2,235,12,32,5,17,3,10,0.3125,16,32,238,,val,74,74
18,36,11,22,6,12,0.3333333333333333,17,36,481,,13,53,2,232,11,23,6,12,4,8,0.34782608695652173,11,23,234,,val,59,59
19,41,13,21,6,12,0.2926829268292683,17,41,471,,14,50,4,240,13,36,6,16,4,10,0.2777777777777778,15,36,245,,val,63,63
12,30,9,14,5,9,0.3,12,30,367,,15,51,1,181,7,22,5,8,3,5,0.22727272727272727,8,22,183,,val,43,43
14,26,11,18,5,10,0.38461538461538464,13,26,365,,16,46,2,189,11,20,8,13,4,8,0.4,11,20,193,,val,56,56
13,25,10,15,4,9,0.36,11,25,350,,17,50,0,194,8,20,6,9,3,6,0.3,8,20,196,,val,48,48
24,36,11,26,6,14,0.3888888888888889,20,36,430,,18,50,1,177,9,26,5,18,4,11,0.4230769230769231,15,26,178,,val,58,58
19,37,13,24,6,13,0.35135135135135137,18,37,434,,19,50,1,212,10,29,4,13,3,9,0.3103448275862069,13,29,213,,val,66,66
16,35,11,19,5,11,0.3142857142857143,16,35,350,,20,47,3,185,8,24,6,12,3,7,0.2916666666666667,12,24,189,,val,63,63
22,55,14,29,7,17,0.3090909090909091,25,55,521,,21,52,3,212,8,35,6,16,5,11,0.3142857142857143,18,35,218,,val,74,74
16,35,13,20,6,12,0.34285714285714286,15,35,482,,22,54,2,237,10,28,6,14,4,9,0.32142857142857145,13,28,239,,val,61,61
10,28,8,13,4,8,0.2857142857142857,11,28,294,,23,49,0,110,8,11,3,9,3,6,0.5454545454545454,7,11,111,,val,49,49
20,33,15,25,6,13,0.3939393939393939,17,33,496,,24,49,2,271,12,28,9,15,4,9,0.32142857142857145,12,28,271,,val,72,72
17,34,12,25,6,11,0.3235294117647059,15,34,587,,25,53,4,367,11,25,9,13,4,8,0.32,10,25,372,,val,61,61
24,45,9,33,7,19,0.4222222222222222,27,45,429,,26,55,1,182,7,31,4,14,3,11,0.3548387096774194,18,31,184,,val,55,55
19,31,16,25,8,13,0.41935483870967744,16,31,530,,27,41,3,283,13,23,9,14,5,8,0.34782608695652173,11,23,283,,val,63,63
37,70,25,50,11,26,0.37142857142857144,36,70,896,,28,54,1,312,14,37,7,18,5,12,0.32432432432432434,18,37,314,,val,91,91
21,42,13,28,6,15,0.35714285714285715,21,42,454,,29,52,1,190,9,25,5,11,4,8,0.32,12,25,191,,val,68,68
25,47,15,29,8,15,0.3191489361702128,23,47,498,,30,49,1,220,10,27,5,15,3,8,0.2962962962962963,13,27,223,,val,78,78
22,38,18,28,8,16,0.42105263157894735,20,38,591,,31,54,0,259,11,30,7,20,5,12,0.4,17,30,261,,val,61,61
19,47,12,34,7,17,0.3617021276595745,26,47,315,,32,38,1,131,12,25,3,16,4,10,0.4,14,25,136,,val,67,67
17,43,11,24,6,13,0.3023255813953488,20,43,449,,33,54,0,198,7,28,5,13,3,8,0.2857142857142857,14,28,205,,val,67,67
17,42,12,22,6,13,0.30952380952380953,19,42,336,,34,42,2,127,6,25,4,9,3,7,0.28,13,25,127,,val,64,64
24,53,12,34,7,16,0.3018867924528302,25,53,633,,35,58,2,251,12,36,6,19,5,12,0.3333333333333333,18,36,259,,val,73,73
32,62,12,48,11,28,0.45161290322580644,38,62,372,,36,40,1,110,9,26,2,16,4,11,0.4230769230769231,16,26,111,,val,78,78
27,63,17,42,9,19,0.30158730158730157,29,63,680,,37,57,1,360,15,43,7,24,5,13,0.3023255813953488,20,43,364,,val,95,95
19,38,11,24,6,14,0.3684210526315789,19,38,370,,38,48,2,194,12,29,5,16,4,11,0.3793103448275862,16,29,196,,val,74,74
23,43,13,33,9,19,0.4418604651162791,25,43,472,,39,56,1,203,9,31,4,22,5,15,0.4838709677419355,21,31,205,,val,67,67
39,85,19,57,14,31,0.36470588235294116,44,85,827,,40,59,3,338,19,53,7,29,8,20,0.37735849056603776,29,53,340,,val,101,101
16,44,11,25,6,12,0.2727272727272727,19,44,494,,41,55,1,227,9,32,6,14,4,9,0.28125,14,32,230,,val,77,77
26,51,12,32,8,19,0.37254901960784315,26,51,482,,42,55,7,227,9,39,5,18,4,13,0.3333333333333333,22,39,233,,val,67,67
17,36,8,20,5,11,0.3055555555555556,17,36,349,,43,48,5,158,9,29,5,9,3,8,0.27586206896551724,14,29,164,,val,61,61
22,46,9,29,7,18,0.391304347826087,26,46,359,,44,43,5,150,6,26,4,11,3,8,0.3076923076923077,13,26,150,,val,69,69
35,63,12,42,8,24,0.38095238095238093,35,63,565,,45,48,7,243,12,38,7,17,5,12,0.3157894736842105,18,38,244,,val,80,80
33,80,18,46,12,28,0.35,41,80,642,,46,52,3,242,10,50,4,24,7,19,0.38,28,50,249,,val,99,99
18,33,10,21,5,12,0.36363636363636365,17,33,344,,47,45,3,143,8,18,3,9,2,6,0.3333333333333333,8,18,143,,val,50,50
21,34,15,26,7,14,0.4117647058823529,19,34,511,,48,52,1,241,11,27,7,14,3,8,0.2962962962962963,12,27,242,,val,62,62
28,66,16,38,10,22,0.3333333333333333,34,66,545,,49,48,10,228,15,45,7,19,6,16,0.35555555555555557,25,45,232,,val,86,86
27,45,13,31,7,18,0.4,24,45,480,,50,48,0,206,13,34,5,16,4,12,0.35294117647058826,19,34,209,,val,70,70
12,33,5,16,4,9,0.2727272727272727,14,33,300,,51,50,5,139,5,17,3,7,2,5,0.29411764705882354,7,17,143,,val,55,55
13,23,9,19,4,9,0.391304347826087,13,23,330,,52,48,1,148,6,19,3,9,2,5,0.2631578947368421,8,19,150,,val,50,50
20,39,10,30,6,14,0.358974358974359,20,39,451,,53,54,7,211,6,25,4,11,3,5,0.2,10,25,213,,val,63,63
40,75,20,51,14,32,0.4266666666666667,43,75,615,,54,48,2,212,13,37,6,20,5,14,0.3783783783783784,20,37,212,,val,105,105
22,38,13,29,6,15,0.39473684210526316,22,38,426,,55,46,1,209,9,27,5,12,3,8,0.2962962962962963,14,27,215,,val,71,71
17,40,10,27,6,12,0.3,19,40,450,,56,51,2,249,11,32,6,14,3,9,0.28125,13,32,250,,val,63,63
37,77,18,49,11,27,0.35064935064935066,37,77,857,,57,56,2,354,16,48,6,24,5,15,0.3125,24,48,357,,val,103,103
30,48,12,37,8,21,0.4375,29,48,540,,58,59,8,186,7,29,4,17,4,11,0.3793103448275862,16,29,188,,val,59,59
19,56,11,30,8,19,0.3392857142857143,29,56,368,,59,41,0,155,9,30,6,15,5,11,0.36666666666666664,17,30,156,,val,89,89
23,50,7,39,10,21,0.42,31,50,285,,60,39,2,107,8,38,2,17,6,17,0.4473684210526316,27,38,111,,val,83,83
36,83,18,53,12,30,0.3614457831325301,44,83,759,,61,54,5,298,10,58,7,24,5,19,0.3275862068965517,32,58,309,,val,116,116
16,39,11,29,6,13,0.3333333333333333,20,39,337,,62,39,2,141,11,21,5,14,3,8,0.38095238095238093,11,21,148,,val,68,68
20,41,14,26,7,14,0.34146341463414637,20,41,435,,63,48,0,196,13,35,7,16,5,13,0.37142857142857144,19,35,203,,val,78,78
27,65,15,39,9,21,0.3230769230769231,31,65,626,,64,55,1,312,16,44,6,23,5,15,0.3409090909090909,22,44,318,,val,113,113
11,28,8,12,4,7,0.25,11,28,283,,65,48,7,147,6,22,4,7,2,6,0.2727272727272727,9,22,150,,val,52,52
29,58,16,37,8,20,0.3448275862068966,29,58,769,,66,65,2,371,10,36,7,16,4,9,0.25,15,36,374,,val,98,98
34,62,21,45,11,25,0.4032258064516129,34,62,699,,67,52,3,268,14,44,7,23,6,16,0.36363636363636365,24,44,273,,val,87,87
31,56,14,40,8,21,0.375,30,56,441,,68,38,4,197,11,33,6,23,4,12,0.36363636363636365,19,33,198,,val,92,92
20,50,13,33,7,17,0.34,25,50,545,,69,51,0,247,11,34,6,18,4,11,0.3235294117647059,17,34,251,,val,86,86
19,38,12,26,7,13,0.34210526315789475,18,38,527,,70,56,0,278,13,31,7,16,5,10,0.3225806451612903,14,31,280,,val,60,60
16,43,12,27,6,14,0.32558139534883723,21,43,444,,71,51,1,192,9,29,3,13,3,9,0.3103448275862069,13,29,194,,val,90,90
40,72,34,45,14,27,0.375,35,72,1331,,72,68,2,617,24,56,10,30,7,19,0.3392857142857143,26,56,621,,val,119,119
19,36,12,25,6,12,0.3333333333333333,18,36,330,,73,40,1,121,6,16,4,9,2,5,0.3125,7,16,123,,val,56,56
27,50,14,38,7,18,0.36,26,50,670,,74,52,0,297,9,27,8,16,4,8,0.2962962962962963,12,27,299,,val,63,63
30,69,13,50,11,28,0.4057971014492754,40,69,613,,75,52,0,259,9,41,5,23,5,15,0.36585365853658536,24,41,261,,val,82,82
19,42,15,24,6,13,0.30952380952380953,18,42,478,,76,48,3,239,12,25,7,15,4,8,0.32,12,25,241,,val,84,84
16,31,14,17,6,11,0.3548387096774194,14,31,434,,77,52,6,220,10,27,5,11,4,7,0.25925925925925924,10,27,227,,val,60,60
15,48,10,23,6,14,0.2916666666666667,24,48,364,,78,43,0,159,9,28,7,10,4,8,0.2857142857142857,14,28,159,,val,67,67
16,36,10,25,6,12,0.3333333333333333,19,36,345,,79,44,2,172,8,25,6,12,4,8,0.32,12,25,174,,val,70,70
13,27,11,16,5,9,0.3333333333333333,12,27,344,,80,47,0,153,10,17,6,11,3,7,0.4117647058823529,9,17,155,,val,57,57
36,73,20,45,13,27,0.3698630136986301,38,73,630,,81,50,3,266,21,42,6,27,7,18,0.42857142857142855,24,42,269,,val,86,86
17,47,11,29,7,15,0.3191489361702128,24,47,450,,82,57,0,188,9,33,4,13,4,11,0.3333333333333333,19,33,196,,val,61,61
18,47,11,23,6,13,0.2765957446808511,19,47,484,,83,51,0,239,11,31,7,13,3,8,0.25806451612903225,12,31,240,,val,71,71
13,30,9,17,5,9,0.3,12,30,387,,84,49,1,197,9,20,6,11,4,7,0.35,9,20,201,,val,45,45
12,31,7,17,5,9,0.2903225806451613,13,31,354,,85,51,1,176,5,20,4,9,3,5,0.25,9,20,178,,val,49,49
27,59,14,33,8,20,0.3389830508474576,29,59,490,,86,48,1,211,11,33,5,15,4,11,0.3333333333333333,18,33,211,,val,82,82
17,35,11,20,6,11,0.3142857142857143,15,35,434,,87,49,0,191,10,21,5,11,3,8,0.38095238095238093,10,21,194,,val,66,66
15,25,10,18,5,9,0.36,12,25,445,,88,50,0,205,6,17,6,9,3,6,0.35294117647058826,6,17,207,,val,61,61
17,34,11,25,6,12,0.35294117647058826,18,34,458,,89,52,0,213,10,28,5,13,3,8,0.2857142857142857,12,28,220,,val,52,52
32,56,21,41,10,21,0.375,29,56,737,,90,52,0,348,15,37,11,20,6,12,0.32432432432432434,17,37,349,,val,84,84
13,24,11,18,5,9,0.375,11,24,385,,91,48,0,192,8,18,5,11,3,6,0.3333333333333333,8,18,195,,val,42,42
12,15,11,12,5,8,0.5333333333333333,10,15,384,,92,50,3,213,9,15,7,9,3,6,0.4,8,15,217,,val,33,33
28,47,13,37,8,19,0.40425531914893614,27,47,518,,93,51,2,199,9,34,5,15,4,10,0.29411764705882354,17,34,201,,val,62,62
17,36,11,22,5,11,0.3055555555555556,16,36,403,,94,50,0,234,11,27,6,12,4,8,0.2962962962962963,12,27,237,,val,79,79
18,38,12,25,7,12,0.3157894736842105,17,38,533,,95,52,1,281,13,25,7,16,4,9,0.36,12,25,283,,val,58,58
13,34,12,19,6,10,0.29411764705882354,13,34,402,,96,49,3,194,9,26,7,11,4,7,0.2692307692307692,11,26,196,,val,62,62
22,47,16,27,8,16,0.3404255319148936,22,47,546,,97,53,5,270,14,38,6,19,5,12,0.3157894736842105,18,38,278,,val,77,77
15,27,6,16,4,9,0.3333333333333333,13,27,338,,98,50,3,214,6,21,6,7,3,5,0.23809523809523808,6,21,220,,val,70,70
21,45,13,27,7,16,0.35555555555555557,23,45,398,,99,44,6,165,8,32,4,13,4,12,0.375,20,32,172,,val,73,73
10,31,7,16,4,7,0.22580645161290322,12,31,375,,100,52,4,239,6,19,6,8,3,5,0.2631578947368421,6,19,239,,val,46,46
30,66,19,34,10,20,0.30303030303030304,29,66,836,,101,68,6,304,12,37,7,18,5,13,0.35135135135135137,19,37,306,,val,81,81
23,48,19,35,9,17,0.3541666666666667,23,48,674,,102,51,0,344,16,34,10,22,6,12,0.35294117647058826,17,34,348,,val,92,92
25,49,15,31,9,19,0.3877551020408163,27,49,428,,103,48,3,160,10,36,6,15,6,14,0.3888888888888889,21,36,164,,val,79,79
17,33,15,23,7,13,0.3939393939393939,17,33,434,,104,51,3,169,8,23,5,14,4,9,0.391304347826087,12,23,171,,val,59,59
19,41,14,27,7,13,0.3170731707317073,18,41,530,,105,50,6,211,8,27,6,11,3,7,0.25925925925925924,11,27,212,,val,68,68
21,36,11,27,7,15,0.4166666666666667,21,36,369,,106,46,5,166,7,34,5,13,4,11,0.3235294117647059,18,34,170,,val,63,63
23,44,9,28,6,15,0.3409090909090909,22,44,443,,107,49,2,202,8,23,6,12,4,7,0.30434782608695654,10,23,202,,val,68,68
39,60,20,50,10,25,0.4166666666666667,35,60,566,,108,39,0,210,17,41,6,23,5,15,0.36585365853658536,22,41,213,,val,93,93
30,57,18,38,8,20,0.3508771929824561,29,57,662,,109,55,1,325,10,39,7,22,4,11,0.28205128205128205,18,39,329,,val,100,100
17,42,10,25,6,13,0.30952380952380953,20,42,417,,110,49,2,216,10,33,7,14,4,10,0.30303030303030304,17,33,224,,val,67,67
26,66,19,32,9,19,0.2878787878787879,27,66,660,,111,49,0,232,14,39,5,16,5,12,0.3076923076923077,17,39,234,,val,116,116
17,49,10,31,7,18,0.3673469387755102,27,49,392,,112,51,1,110,3,22,2,7,2,7,0.3181818181818182,12,22,111,,val,61,61
21,43,12,31,7,16,0.37209302325581395,23,43,430,,113,52,1,159,6,27,3,13,3,10,0.37037037037037035,15,27,159,,val,61,61
11,32,6,16,4,10,0.3125,14,32,292,,114,51,1,102,4,12,2,5,2,3,0.25,5,12,103,,val,54,54
27,47,15,35,8,18,0.3829787234042553,25,47,555,,115,50,0,292,14,35,5,19,4,11,0.3142857142857143,17,35,292,,val,79,79
21,38,14,26,7,14,0.3684210526315789,19,38,454,,116,48,1,208,13,28,3,15,4,10,0.35714285714285715,15,28,209,,val,53,53
19,46,15,24,7,14,0.30434782608695654,19,46,476,,117,47,2,231,13,35,6,16,4,11,0.3142857142857143,16,35,238,,val,81,81
24,68,13,41,8,22,0.3235294117647059,35,68,593,,118,55,0,197,5,37,4,10,3,9,0.24324324324324326,19,37,200,,val,100,100
34,50,17,41,11,22,0.44,30,50,664,,119,58,2,235,12,38,5,21,5,16,0.42105263157894735,22,38,236,,val,65,65
16,31,12,21,5,11,0.3548387096774194,15,31,395,,120,44,7,224,10,21,7,14,4,7,0.3333333333333333,11,21,229,,val,56,56
22,43,9,27,5,15,0.3488372093023256,21,43,400,,121,48,1,191,6,25,6,10,3,6,0.24,12,25,192,,val,93,93
27,59,16,33,9,18,0.3050847457627119,27,59,559,,122,48,1,236,14,45,5,17,4,14,0.3111111111111111,23,45,244,,val,86,86
36,78,21,47,12,27,0.34615384615384615,39,78,739,,123,52,3,287,13,49,7,23,6,17,0.3469387755102041,26,49,294,,val,96,96
28,67,16,34,11,24,0.3582089552238806,35,67,441,,124,47,1,123,10,33,3,13,6,15,0.45454545454545453,21,33,124,,val,92,92
10,21,4,16,3,8,0.38095238095238093,12,21,222,,125,60,3,134,3,15,3,5,2,3,0.2,5,15,141,,val,35,35
27,54,12,35,8,21,0.3888888888888889,30,54,437,,126,46,4,127,9,33,3,12,5,12,0.36363636363636365,20,33,132,,val,74,74
18,38,11,20,6,11,0.2894736842105263,16,38,414,,127,48,1,204,9,22,5,9,3,6,0.2727272727272727,9,22,205,,val,56,56
24,54,14,37,8,20,0.37037037037037035,29,54,502,,128,51,1,196,11,31,4,18,5,12,0.3870967741935484,18,31,197,,val,75,75
19,37,12,24,6,12,0.32432432432432434,17,37,476,,129,51,2,237,10,25,8,15,4,8,0.32,11,25,243,,val,59,59
16,24,13,17,6,10,0.4166666666666667,13,24,469,,130,50,1,264,12,20,6,13,4,7,0.35,10,20,267,,val,49,49
28,66,15,39,9,21,0.3181818181818182,33,66,615,,131,50,0,256,15,41,7,20,6,14,0.34146341463414637,21,41,259,,val,95,95
28,54,15,39,8,20,0.37037037037037035,29,54,644,,132,57,2,287,13,39,7,16,4,11,0.28205128205128205,18,39,291,,val,93,93
15,29,10,19,5,9,0.3103448275862069,13,29,407,,133,50,2,182,9,16,5,11,3,7,0.4375,9,16,182,,val,47,47
16,28,11,20,5,11,0.39285714285714285,16,28,314,,134,41,0,144,8,18,4,9,3,6,0.3333333333333333,9,18,146,,val,45,45
15,26,9,18,5,9,0.34615384615384615,13,26,387,,135,49,1,159,5,14,4,6,2,4,0.2857142857142857,5,14,160,,val,55,55
17,35,12,23,6,12,0.34285714285714286,16,35,444,,136,50,2,211,11,21,7,14,4,8,0.38095238095238093,11,21,213,,val,57,57
17,30,12,19,6,11,0.36666666666666664,14,30,395,,137,49,1,223,9,30,7,14,4,8,0.26666666666666666,14,30,229,,val,68,68
20,40,11,21,5,12,0.3,17,40,427,,138,49,1,198,7,18,5,10,3,5,0.2777777777777778,8,18,200,,val,65,65
19,30,15,23,6,13,0.43333333333333335,16,30,534,,139,54,0,249,8,25,5,14,3,7,0.28,11,25,251,,val,51,51
21,43,12,25,6,13,0.3023255813953488,20,43,476,,140,48,2,238,10,28,7,14,4,8,0.2857142857142857,12,28,239,,val,57,57
11,26,8,16,4,7,0.2692307692307692,11,26,337,,141,48,1,195,6,17,6,8,3,5,0.29411764705882354,6,17,195,,val,45,45
13,27,9,15,4,8,0.2962962962962963,11,27,380,,142,50,2,242,8,23,6,10,3,6,0.2608695652173913,8,23,250,,val,62,62
21,40,14,28,7,15,0.375,21,40,490,,143,51,2,252,12,32,6,14,4,9,0.28125,13,32,256,,val,66,66
17,43,10,26,6,13,0.3023255813953488,20,43,433,,144,54,0,205,7,26,4,12,3,7,0.2692307692307692,12,26,209,,val,66,66
25,43,15,30,7,16,0.37209302325581395,22,43,566,,145,50,2,234,12,25,6,15,4,8,0.32,13,25,235,,val,58,58
26,48,12,30,8,19,0.3958333333333333,25,48,455,,146,49,3,213,10,37,6,16,5,12,0.32432432432432434,20,37,219,,val,80,80
21,44,13,27,6,15,0.3409090909090909,20,44,496,,147,49,0,248,12,29,6,14,4,9,0.3103448275862069,13,29,251,,val,73,73
22,30,15,24,7,14,0.4666666666666667,17,30,534,,148,50,0,224,10,23,8,14,4,8,0.34782608695652173,11,23,225,,val,59,59
16,31,12,19,5,11,0.3548387096774194,14,31,405,,149,49,1,199,8,29,5,13,3,8,0.27586206896551724,14,29,202,,val,73,73
22,43,14,34,9,19,0.4418604651162791,26,43,403,,150,52,4,128,9,26,2,14,5,11,0.4230769230769231,15,26,129,,val,67,67
25,48,9,31,9,21,0.4375,30,48,356,,151,49,2,96,5,34,2,9,4,15,0.4411764705882353,25,34,99,,val,67,67
16,23,12,19,5,10,0.43478260869565216,13,23,370,,152,45,1,235,12,20,7,13,4,8,0.4,11,20,237,,val,42,42
22,59,13,34,8,20,0.3389830508474576,30,59,504,,153,51,2,212,9,46,6,15,5,15,0.32608695652173914,25,46,214,,val,98,98
23,42,12,30,7,17,0.40476190476190477,23,42,446,,154,52,1,194,9,31,6,18,5,11,0.3548387096774194,17,31,197,,val,63,63
23,51,18,36,9,19,0.37254901960784315,28,51,567,,155,52,1,213,14,34,5,17,6,13,0.38235294117647056,17,34,213,,val,93,93
21,50,13,33,8,17,0.34,26,50,518,,156,53,4,245,12,37,7,17,5,11,0.2972972972972973,17,37,249,,val,85,85
16,41,12,29,6,13,0.3170731707317073,20,41,489,,157,54,0,206,13,29,6,16,5,11,0.3793103448275862,15,29,208,,val,60,60
38,64,14,52,13,31,0.484375,41,64,391,,158,34,2,146,13,36,2,22,6,16,0.4444444444444444,22,36,147,,val,98,98
29,57,15,38,10,22,0.38596491228070173,30,57,588,,159,58,1,238,11,41,4,19,5,15,0.36585365853658536,23,41,239,,val,80,80
17,36,10,20,6,11,0.3055555555555556,16,36,387,,160,50,2,171,10,24,5,16,4,10,0.4166666666666667,14,24,173,,val,57,57
32,69,17,49,13,29,0.42028985507246375,40,69,582,,161,52,0,211,12,54,4,19,8,24,0.4444444444444444,35,54,215,,val,120,120
29,64,16,41,10,23,0.359375,33,64,697,,162,69,1,272,11,41,5,18,5,14,0.34146341463414637,22,41,275,,val,93,93
24,36,10,29,7,17,0.4722222222222222,23,36,269,,163,33,2,97,8,25,4,19,4,13,0.52,18,25,99,,val,71,71
19,37,9,24,6,14,0.3783783783783784,19,37,347,,164,49,0,130,7,25,3,11,3,8,0.32,13,25,134,,val,68,68
29,54,16,42,9,20,0.37037037037037035,29,54,438,,165,38,1,204,18,41,7,27,7,16,0.3902439024390244,24,41,213,,val,80,80
26,51,16,36,9,19,0.37254901960784315,27,51,589,,166,57,4,219,10,36,5,19,5,13,0.3611111111111111,19,36,223,,val,76,76
23,44,15,31,8,18,0.4090909090909091,26,44,237,,167,23,2,121,13,29,7,15,5,11,0.3793103448275862,17,29,123,,val,83,83
20,41,8,28,6,16,0.3902439024390244,23,41,334,,168,48,3,127,8,33,4,13,5,13,0.3939393939393939,20,33,132,,val,70,70
20,43,12,26,7,15,0.3488372093023256,20,43,437,,169,54,0,182,9,29,4,14,3,9,0.3103448275862069,14,29,188,,val,80,80
19,41,12,28,6,15,0.36585365853658536,22,41,368,,170,44,0,152,9,26,6,11,4,9,0.34615384615384615,15,26,155,,val,64,64
21,42,12,30,7,16,0.38095238095238093,24,42,386,,171,50,0,132,9,26,3,13,4,10,0.38461538461538464,15,26,136,,val,79,79
30,60,15,42,10,24,0.4,33,60,577,,172,58,1,244,9,46,4,19,4,14,0.30434782608695654,24,46,247,,val,87,87
23,51,15,29,9,18,0.35294117647058826,26,51,399,,173,43,0,137,11,30,5,14,6,13,0.43333333333333335,19,30,140,,val,75,75
18,45,11,24,6,12,0.26666666666666666,20,45,433,,174,50,1,186,10,32,4,12,4,10,0.3125,17,32,187,,val,81,81
21,44,14,30,8,15,0.3409090909090909,22,44,475,,175,47,8,217,12,33,7,18,5,12,0.36363636363636365,18,33,221,,val,65,65
22,54,13,29,8,18,0.3333333333333333,26,54,449,,176,52,1,180,10,32,4,15,5,12,0.375,18,32,183,,val,83,83
26,50,13,34,7,19,0.38,27,50,495,,177,52,0,216,8,29,6,16,4,9,0.3103448275862069,15,29,217,,val,75,75
20,54,9,29,8,18,0.3333333333333333,29,54,396,,178,49,0,185,12,40,4,17,5,15,0.375,23,40,189,,val,91,91
30,61,15,36,9,21,0.3442622950819672,31,61,539,,179,46,2,210,14,38,5,17,6,14,0.3684210526315789,22,38,212,,val,97,97
28,70,16,50,11,28,0.4,42,70,777,,180,61,7,311,11,50,9,17,6,14,0.28,24,50,316,,val,98,98
17,38,10,21,6,13,0.34210526315789475,18,38,354,,181,48,6,162,8,23,6,10,3,7,0.30434782608695654,11,23,162,,val,66,66
20,44,7,31,6,17,0.38636363636363635,24,44,435,,182,59,1,207,10,30,4,13,4,10,0.3333333333333333,16,30,212,,val,69,69
24,50,14,35,9,20,0.4,28,50,423,,183,46,1,165,11,35,3,16,5,14,0.4,21,35,169,,val,82,82
20,46,12,30,8,19,0.41304347826086957,26,46,368,,184,51,2,145,7,29,3,15,5,13,0.4482758620689655,19,29,149,,val,72,72
22,57,13,30,7,18,0.3157894736842105,28,57,417,,185,43,3,158,10,30,5,14,4,10,0.3333333333333333,15,30,161,,val,98,98
11,47,9,24,5,13,0.2765957446808511,23,47,342,,186,52,0,120,4,19,3,8,2,6,0.3157894736842105,9,19,120,,val,66,66
45,83,25,63,15,35,0.42168674698795183,47,83,885,,187,53,2,306,19,59,6,31,10,24,0.4067796610169492,34,59,310,,val,110,110
19,47,14,30,7,16,0.3404255319148936,25,47,438,,188,47,3,170,10,27,6,14,4,9,0.3333333333333333,14,27,171,,val,75,75
25,57,14,37,10,23,0.40350877192982454,32,57,440,,189,52,2,129,7,38,2,13,6,15,0.39473684210526316,25,38,133,,val,85,85
33,60,20,39,10,24,0.4,32,60,590,,190,43,2,243,12,44,6,21,5,15,0.3409090909090909,25,44,246,,val,82,82
20,47,16,32,9,18,0.3829787234042553,26,47,459,,191,51,7,194,9,33,5,17,5,12,0.36363636363636365,19,33,197,,val,76,76
27,81,10,45,9,28,0.345679012345679,43,81,546,,192,57,0,212,8,48,5,18,5,17,0.3541666666666667,27,48,215,,val,110,110
17,49,13,27,8,17,0.3469387755102041,25,49,354,,193,41,0,135,13,34,2,14,6,13,0.38235294117647056,20,34,141,,val,75,75
16,40,8,23,5,12,0.3,19,40,356,,194,48,7,200,9,36,7,13,4,11,0.3055555555555556,18,36,202,,val,70,70
34,77,19,48,13,29,0.37662337662337664,41,77,681,,195,56,2,237,12,50,4,24,7,20,0.4,30,50,239,,val,108,108
22,53,14,35,9,18,0.33962264150943394,29,53,450,,196,43,1,193,14,34,6,15,6,12,0.35294117647058826,17,34,194,,val,68,68
25,57,11,36,8,21,0.3684210526315789,30,57,495,,197,58,0,185,10,39,5,15,5,13,0.3333333333333333,21,39,186,,val,86,86
26,51,13,36,8,20,0.39215686274509803,27,51,579,,198,55,2,245,12,42,6,24,6,17,0.40476190476190477,24,42,249,,val,97,97
29,57,13,37,10,24,0.42105263157894735,33,57,427,,199,47,0,163,11,37,3,20,6,17,0.4594594594594595,23,37,164,,val,83,83
18,57,9,31,7,19,0.3333333333333333,30,57,431,,200,51,0,176,8,36,5,12,4,11,0.3055555555555556,19,36,177,,val,85,85
32,65,14,54,10,25,0.38461538461538464,38,65,470,,201,38,3,189,14,46,5,29,6,19,0.41304347826086957,28,46,190,,val,106,106
23,64,13,36,9,22,0.34375,33,64,504,,202,53,0,180,8,42,5,17,6,16,0.38095238095238093,25,42,181,,val,91,91
22,54,12,31,7,17,0.3148148148148148,25,54,518,,203,60,2,213,9,34,5,16,4,11,0.3235294117647059,17,34,214,,val,95,95
28,56,13,40,10,22,0.39285714285714285,31,56,572,,204,51,5,205,10,38,4,20,5,13,0.34210526315789475,20,38,209,,val,87,87
33,61,15,41,11,26,0.4262295081967213,34,61,572,,205,49,0,216,16,44,4,22,7,17,0.38636363636363635,25,44,217,,val,105,105
20,36,9,23,5,13,0.3611111111111111,18,36,388,,206,49,0,201,9,27,5,16,4,9,0.3333333333333333,14,27,206,,val,70,70
32,67,12,45,10,27,0.40298507462686567,38,67,588,,207,58,3,256,9,45,4,20,4,15,0.3333333333333333,25,45,261,,val,91,91
23,49,12,34,9,18,0.3673469387755102,27,49,484,,208,59,0,158,8,27,3,14,4,11,0.4074074074074074,16,27,160,,val,67,67
18,46,13,23,7,14,0.30434782608695654,20,46,425,,209,50,0,149,10,26,4,12,5,9,0.34615384615384615,14,26,149,,val,71,71
31,56,16,43,10,23,0.4107142857142857,32,56,541,,210,49,3,204,10,44,3,17,6,16,0.36363636363636365,26,44,206,,val,81,81
15,45,8,29,6,17,0.37777777777777777,25,45,374,,211,54,9,150,7,37,2,15,4,14,0.3783783783783784,21,37,164,,val,69,69
19,46,8,28,7,18,0.391304347826087,25,46,360,,212,51,2,131,5,30,3,11,3,11,0.36666666666666664,17,30,133,,val,64,64
21,53,12,29,7,16,0.3018867924528302,24,53,469,,213,46,2,191,9,33,6,14,4,10,0.30303030303030304,17,33,192,,val,91,91
23,48,15,28,8,16,0.3333333333333333,22,48,489,,214,48,0,216,14,32,8,16,6,12,0.375,16,32,217,,val,86,86
26,51,19,34,10,20,0.39215686274509803,26,51,615,,215,55,1,217,11,44,3,20,6,18,0.4090909090909091,27,44,222,,val,87,87
19,32,9,23,5,11,0.34375,17,32,376,,216,50,1,164,6,17,4,9,3,5,0.29411764705882354,7,17,165,,val,57,57
23,48,17,30,9,17,0.3541666666666667,24,48,471,,217,50,3,196,14,29,3,18,5,13,0.4482758620689655,17,29,197,,val,99,99
18,34,13,23,6,13,0.38235294117647056,18,34,394,,218,52,3,162,6,26,3,11,3,8,0.3076923076923077,14,26,168,,val,70,70
20,48,12,34,7,18,0.375,27,48,471,,219,56,0,196,10,36,4,14,4,11,0.3055555555555556,17,36,201,,val,78,78
15,33,9,18,5,12,0.36363636363636365,16,33,289,,220,41,0,104,6,20,3,10,3,8,0.4,11,20,105,,val,62,62
25,61,18,37,9,21,0.3442622950819672,30,61,587,,221,51,0,284,17,44,7,27,6,18,0.4090909090909091,25,44,289,,val,91,91
31,54,14,37,12,25,0.46296296296296297,33,54,411,,222,43,2,178,12,41,4,21,6,18,0.43902439024390244,26,41,188,,val,90,90
15,47,7,26,6,16,0.3404255319148936,25,47,347,,223,53,7,154,6,38,3,11,3,14,0.3684210526315789,23,38,157,,val,79,79
30,62,12,40,9,24,0.3870967741935484,34,62,503,,224,50,5,222,15,46,6,17,7,17,0.3695652173913043,28,46,227,,val,87,87
21,43,12,30,7,16,0.37209302325581395,22,43,476,,225,53,0,224,13,37,5,15,4,12,0.32432432432432434,18,37,227,,val,80,80
14,36,10,25,5,12,0.3333333333333333,18,36,278,,226,38,2,105,7,16,4,12,3,6,0.375,9,16,105,,val,58,58
16,38,9,21,6,14,0.3684210526315789,20,38,269,,227,48,0,104,8,19,2,10,4,8,0.42105263157894735,10,19,105,,val,57,57
18,48,10,21,6,13,0.2708333333333333,20,48,397,,228,50,2,176,8,24,5,13,3,7,0.2916666666666667,11,24,176,,val,65,65
22,40,13,27,7,16,0.4,21,40,466,,229,51,0,200,8,26,5,14,4,8,0.3076923076923077,13,26,200,,val,72,72
18,58,14,38,8,17,0.29310344827586204,29,58,512,,230,51,1,219,12,39,6,17,6,13,0.3333333333333333,21,39,221,,val,84,84
19,30,10,21,6,12,0.4,17,30,329,,231,46,0,156,8,23,4,10,3,8,0.34782608695652173,13,23,159,,val,65,65
27,60,13,33,9,20,0.3333333333333333,29,60,650,,232,62,3,231,10,33,4,14,3,11,0.3333333333333333,16,33,234,,val,91,91
20,36,12,25,7,14,0.3888888888888889,19,36,408,,233,49,4,171,9,27,4,16,4,11,0.4074074074074074,16,27,172,,val,59,59
16,59,11,33,7,18,0.3050847457627119,30,59,557,,234,63,6,250,9,40,4,12,4,11,0.275,19,40,258,,val,98,98
17,52,14,32,8,16,0.3076923076923077,25,52,476,,235,52,1,192,10,29,6,16,4,11,0.3793103448275862,16,29,196,,val,83,83
25,55,9,37,7,21,0.38181818181818183,30,55,492,,236,54,2,182,8,32,5,15,5,11,0.34375,17,32,183,,val,70,70
15,48,9,30,6,15,0.3125,26,48,390,,237,46,1,161,10,27,4,11,4,9,0.3333333333333333,14,27,162,,val,74,74
19,51,9,25,6,15,0.29411764705882354,23,51,547,,238,67,4,223,7,29,5,10,3,7,0.2413793103448276,13,29,225,,val,77,77
23,42,14,33,8,16,0.38095238095238093,23,42,516,,239,58,2,219,9,34,4,17,4,12,0.35294117647058826,18,34,224,,val,74,74
23,41,11,32,7,18,0.43902439024390244,24,41,286,,240,35,1,118,12,24,5,19,4,11,0.4583333333333333,16,24,127,,val,72,72
23,53,12,34,8,19,0.3584905660377358,28,53,469,,241,51,0,201,8,36,4,16,4,12,0.3333333333333333,18,36,206,,val,89,89
26,49,13,32,8,19,0.3877551020408163,27,49,396,,242,48,1,152,10,34,2,17,5,14,0.4117647058823529,21,34,156,,val,67,67
28,60,16,37,10,22,0.36666666666666664,31,60,535,,243,52,0,217,11,41,5,20,6,16,0.3902439024390244,23,41,217,,val,93,93
18,33,12,19,6,11,0.3333333333333333,15,33,416,,244,49,2,183,7,24,4,10,3,6,0.25,9,24,186,,val,70,70
29,54,9,36,8,22,0.4074074074074074,29,54,505,,245,55,2,200,11,37,5,20,5,14,0.3783783783783784,21,37,205,,val,90,90
32,64,13,40,12,28,0.4375,37,64,417,,246,42,2,145,11,42,2,14,7,18,0.42857142857142855,28,42,146,,val,99,99
24,43,13,28,8,16,0.37209302325581395,22,43,450,,247,47,0,181,12,32,5,16,5,12,0.375,16,32,183,,val,74,74
13,31,8,17,5,9,0.2903225806451613,13,31,325,,248,47,3,175,7,23,6,11,3,7,0.30434782608695654,10,23,180,,val,64,64
27,78,12,37,11,27,0.34615384615384615,42,78,634,,249,67,5,274,13,54,4,18,7,18,0.3333333333333333,29,54,279,,val,107,107
24,51,15,33,8,17,0.3333333333333333,27,51,482,,250,45,2,196,14,35,5,15,5,12,0.34285714285714286,17,35,201,,val,92,92
20,38,9,28,6,15,0.39473684210526316,22,38,411,,251,54,4,161,7,32,3,9,3,9,0.28125,16,32,162,,val,70,70
22,48,9,29,7,18,0.375,26,48,347,,252,45,2,193,11,40,4,16,5,13,0.325,22,40,209,,val,81,81
21,39,9,25,6,15,0.38461538461538464,21,39,363,,253,49,0,151,7,29,5,11,4,9,0.3103448275862069,16,29,153,,val,71,71
29,71,18,49,11,28,0.39436619718309857,41,71,610,,254,52,2,214,12,47,7,19,7,19,0.40425531914893614,30,47,215,,val,93,93
13,25,9,19,5,8,0.32,11,25,402,,255,51,0,195,7,19,6,9,3,6,0.3157894736842105,8,19,195,,val,41,41
17,44,11,25,7,14,0.3181818181818182,21,44,429,,256,55,1,153,7,30,4,13,4,9,0.3,15,30,158,,val,69,69
29,53,13,37,9,22,0.41509433962264153,31,53,452,,257,46,1,145,10,36,3,14,5,14,0.3888888888888889,22,36,145,,val,83,83
15,30,9,21,5,10,0.3333333333333333,15,30,400,,258,52,0,182,8,23,5,11,4,7,0.30434782608695654,11,23,183,,val,72,72
18,50,11,25,7,14,0.28,22,50,473,,259,53,0,222,10,35,5,16,4,10,0.2857142857142857,16,35,225,,val,85,85
17,35,9,23,5,11,0.3142857142857143,17,35,357,,260,49,2,205,8,24,6,12,4,7,0.2916666666666667,11,24,206,,val,63,63
26,39,15,28,7,15,0.38461538461538464,21,39,494,,261,50,2,241,14,33,6,17,5,12,0.36363636363636365,18,33,244,,val,74,74
19,49,12,32,7,17,0.3469387755102041,25,49,442,,262,51,5,185,7,34,5,14,4,11,0.3235294117647059,19,34,188,,val,66,66
28,62,15,40,10,23,0.3709677419354839,33,62,689,,263,63,3,273,14,51,5,20,7,18,0.35294117647058826,29,51,275,,val,92,92
13,38,6,21,5,13,0.34210526315789475,20,38,260,,264,42,0,87,4,20,3,6,3,7,0.35,12,20,88,,val,71,71
29,56,17,39,10,21,0.375,29,56,577,,265,53,4,178,9,35,4,20,6,15,0.42857142857142855,21,35,178,,val,85,85
43,79,14,57,14,36,0.45569620253164556,48,79,586,,266,47,2,208,14,53,3,24,8,22,0.41509433962264153,32,53,215,,val,116,116
18,34,8,25,6,14,0.4117647058823529,18,34,366,,267,53,0,155,6,21,4,10,3,7,0.3333333333333333,12,21,155,,val,68,68
22,50,14,29,7,16,0.32,22,50,512,,268,50,1,288,14,43,5,18,4,12,0.27906976744186046,19,43,295,,val,81,81
28,59,19,38,9,20,0.3389830508474576,27,59,710,,269,57,0,351,13,49,5,21,4,13,0.2653061224489796,21,49,356,,val,112,112
18,42,12,27,6,14,0.3333333333333333,20,42,454,,270,52,0,229,10,22,7,14,4,8,0.36363636363636365,11,22,229,,val,76,76
13,29,7,22,5,11,0.3793103448275862,16,29,280,,271,41,2,148,7,19,6,9,4,6,0.3157894736842105,9,19,149,,val,43,43
30,54,13,36,8,20,0.37037037037037035,29,54,504,,272,47,3,195,9,30,4,12,3,8,0.26666666666666666,14,30,202,,val,76,76
16,37,7,20,6,13,0.35135135135135137,19,37,281,,273,46,1,97,6,19,3,10,3,7,0.3684210526315789,11,19,99,,val,69,69
10,26,7,18,4,9,0.34615384615384615,13,26,290,,274,52,1,162,5,20,4,8,2,5,0.25,9,20,166,,val,51,51
19,40,10,23,6,12,0.3,18,40,515,,275,54,0,248,8,28,6,14,3,7,0.25,11,28,251,,val,58,58
19,31,15,22,6,13,0.41935483870967744,16,31,464,,276,49,0,208,9,23,6,12,4,8,0.34782608695652173,10,23,208,,val,54,54
25,39,14,30,7,15,0.38461538461538464,22,39,461,,277,47,1,216,10,31,5,14,3,9,0.2903225806451613,14,31,221,,val,72,72
28,51,20,37,9,20,0.39215686274509803,27,51,621,,278,51,0,258,13,34,6,18,4,13,0.38235294117647056,18,34,259,,val,69,69
22,49,12,33,7,16,0.32653061224489793,24,49,497,,279,53,0,200,8,31,6,13,4,9,0.2903225806451613,15,31,200,,val,74,74
22,40,11,25,6,14,0.35,21,40,404,,280,48,0,195,11,26,5,14,4,8,0.3076923076923077,13,26,197,,val,71,71
36,89,20,49,13,31,0.34831460674157305,44,89,921,,281,63,3,355,15,66,9,23,8,20,0.30303030303030304,32,66,362,,val,141,141
31,44,16,44,10,22,0.5,29,44,171,,282,17,1,52,14,23,2,23,5,13,0.5652173913043478,18,23,56,,val,75,75
29,58,20,36,10,21,0.3620689655172414,29,58,569,,283,52,1,234,14,41,4,23,6,18,0.43902439024390244,23,41,237,,val,99,99
36,78,20,45,13,29,0.3717948717948718,41,78,717,,284,54,3,294,17,56,5,24,9,21,0.375,33,56,296,,val,120,120
51,90,21,62,16,37,0.4111111111111111,51,90,751,,285,50,3,217,13,54,4,24,9,26,0.48148148148148145,37,54,223,,val,127,127
16,41,10,21,6,12,0.2926829268292683,17,41,418,,286,52,2,200,10,28,7,15,5,10,0.35714285714285715,14,28,202,,val,71,71
11,15,7,12,4,7,0.4666666666666667,8,15,248,,287,41,0,129,7,10,6,7,3,5,0.5,6,10,130,,val,42,42
27,41,17,30,8,18,0.43902439024390244,23,41,613,,288,53,1,295,13,32,7,22,5,11,0.34375,17,32,299,,val,64,64
34,53,22,38,10,21,0.39622641509433965,28,53,675,,289,46,1,345,20,43,13,31,8,17,0.3953488372093023,25,43,348,,val,94,94
26,47,14,34,8,17,0.3617021276595745,24,47,548,,290,46,2,280,14,39,9,17,5,11,0.28205128205128205,17,39,283,,val,85,85
20,41,10,30,6,14,0.34146341463414637,21,41,492,,291,54,1,247,7,33,6,12,4,7,0.21212121212121213,13,33,250,,val,82,82
22,46,16,28,7,15,0.32608695652173914,20,46,677,,292,60,0,330,12,28,5,18,3,8,0.2857142857142857,12,28,330,,val,98,98
21,28,16,24,6,14,0.5,17,28,558,,293,53,1,281,13,23,8,16,4,9,0.391304347826087,12,23,282,,val,55,55
26,43,19,34,9,19,0.4418604651162791,24,43,588,,294,54,0,218,10,30,3,20,4,14,0.4666666666666667,19,30,219,,val,56,56
14,28,8,19,5,9,0.32142857142857145,13,28,380,,295,57,0,194,6,20,4,13,3,6,0.3,10,20,197,,val,51,51
28,52,16,35,8,18,0.34615384615384615,27,52,540,,296,50,1,221,12,29,5,16,4,10,0.3448275862068966,15,29,221,,val,65,65
19,39,10,28,6,12,0.3076923076923077,20,39,329,,297,40,2,174,12,32,5,20,4,11,0.34375,18,32,176,,val,77,77
16,37,10,19,6,12,0.32432432432432434,17,37,365,,298,48,3,185,11,30,5,14,5,11,0.36666666666666664,18,30,189,,val,60,60
12,43,9,21,5,11,0.2558139534883721,18,43,408,,299,52,1,230,5,30,5,9,3,5,0.16666666666666666,11,30,233,,val,73,73
22,48,16,31,8,15,0.3125,21,48,690,,300,57,3,319,14,33,8,19,5,11,0.3333333333333333,16,33,321,,val,77,77
22,53,12,30,7,15,0.2830188679245283,22,53,570,,301,60,1,285,11,41,7,18,5,10,0.24390243902439024,18,41,297,,val,84,84
22,46,14,29,8,17,0.3695652173913043,23,46,412,,302,42,3,185,11,33,4,14,4,10,0.30303030303030304,16,33,187,,val,66,66
22,44,15,31,8,17,0.38636363636363635,22,44,450,,303,48,2,181,9,29,4,15,4,11,0.3793103448275862,16,29,181,,val,70,70
17,24,10,18,5,9,0.375,13,24,408,,304,46,0,183,8,15,5,8,3,5,0.3333333333333333,7,15,185,,val,43,43
17,41,12,26,6,13,0.3170731707317073,20,41,429,,305,51,2,214,8,34,5,15,3,10,0.29411764705882354,16,34,216,,val,74,74
24,54,13,34,8,19,0.35185185185185186,29,54,520,,306,51,0,211,9,34,7,14,5,11,0.3235294117647059,19,34,213,,val,84,84
19,44,12,24,7,13,0.29545454545454547,19,44,470,,307,49,2,237,11,30,8,15,5,10,0.3333333333333333,15,30,239,,val,73,73
15,35,11,21,6,11,0.3142857142857143,15,35,447,,308,54,1,209,9,21,6,13,4,7,0.3333333333333333,10,21,211,,val,55,55
22,55,14,32,7,18,0.32727272727272727,28,55,474,,309,47,3,185,10,28,4,13,3,8,0.2857142857142857,13,28,186,,val,74,74
11,27,6,17,4,9,0.3333333333333333,14,27,239,,310,47,2,92,5,14,2,7,2,4,0.2857142857142857,7,14,92,,val,42,42
20,43,13,28,7,14,0.32558139534883723,21,43,546,,311,56,0,252,9,27,6,12,3,7,0.25925925925925924,11,27,252,,val,74,74
23,40,16,28,7,15,0.375,20,40,530,,312,50,3,199,11,23,6,13,4,8,0.34782608695652173,12,23,199,,val,59,59
27,58,13,37,9,23,0.39655172413793105,33,58,452,,313,45,1,161,11,33,3,14,5,12,0.36363636363636365,17,33,162,,val,88,88
21,40,14,26,7,15,0.375,21,40,394,,314,47,3,154,9,29,5,15,4,11,0.3793103448275862,16,29,157,,val,58,58
27,61,16,42,10,23,0.3770491803278688,34,61,538,,315,51,2,244,15,44,6,22,6,16,0.36363636363636365,23,44,244,,val,84,84
16,32,13,16,6,11,0.34375,14,32,469,,316,53,1,179,7,19,4,9,2,5,0.2631578947368421,8,19,181,,val,44,44
16,29,8,20,5,10,0.3448275862068966,14,29,367,,317,48,2,177,6,16,4,7,2,4,0.25,6,16,178,,val,58,58
19,39,11,24,6,13,0.3333333333333333,19,39,400,,318,45,1,168,10,23,6,12,4,8,0.34782608695652173,11,23,168,,val,64,64
16,27,13,20,6,11,0.4074074074074074,14,27,445,,319,45,1,207,8,20,6,10,3,6,0.3,8,20,207,,val,63,63
25,51,12,34,7,16,0.3137254901960784,24,51,637,,320,58,1,353,8,36,7,21,4,8,0.2222222222222222,16,36,358,,val,89,89
23,41,16,29,8,15,0.36585365853658536,20,41,579,,321,51,0,281,10,33,6,18,4,9,0.2727272727272727,15,33,283,,val,64,64
15,38,12,25,6,11,0.2894736842105263,16,38,504,,322,53,3,244,9,28,6,13,3,8,0.2857142857142857,12,28,248,,val,67,67
26,39,18,27,8,16,0.41025641025641024,21,39,572,,323,49,3,311,16,31,8,21,4,11,0.3548387096774194,17,31,312,,val,64,64
19,33,9,22,5,10,0.30303030303030304,16,33,409,,324,50,1,245,9,21,6,13,3,6,0.2857142857142857,9,21,246,,val,69,69
17,29,9,18,5,9,0.3103448275862069,14,29,404,,325,49,2,207,8,26,4,11,3,6,0.23076923076923078,10,26,212,,val,54,54
25,44,14,31,7,18,0.4090909090909091,24,44,467,,326,48,0,236,11,31,6,17,4,10,0.3225806451612903,16,31,236,,val,68,68
24,54,12,37,8,20,0.37037037037037035,30,54,524,,327,53,1,241,10,34,7,18,4,11,0.3235294117647059,18,34,244,,val,77,77
27,55,14,35,8,18,0.32727272727272727,28,55,547,,328,49,0,272,13,39,6,18,5,12,0.3076923076923077,19,39,274,,val,88,88
18,46,13,27,7,15,0.32608695652173914,22,46,428,,329,46,4,190,11,26,4,16,4,10,0.38461538461538464,15,26,191,,val,70,70
19,27,10,23,5,12,0.4444444444444444,16,27,328,,330,40,0,175,10,22,6,17,4,8,0.36363636363636365,12,22,177,,val,85,85
17,35,11,24,6,11,0.3142857142857143,16,35,514,,331,57,0,166,5,23,3,9,2,6,0.2608695652173913,10,23,169,,val,64,64
17,44,12,20,6,13,0.29545454545454547,18,44,452,,332,52,3,229,11,28,6,15,4,9,0.32142857142857145,13,28,233,,val,87,87
20,42,16,27,7,15,0.35714285714285715,20,42,476,,333,54,1,202,5,27,4,12,3,7,0.25925925925925924,12,27,205,,val,60,60
17,41,11,23,6,11,0.2682926829268293,17,41,451,,334,49,2,211,11,25,6,12,4,9,0.36,11,25,212,,val,76,76
24,49,15,30,8,18,0.3673469387755102,24,49,532,,335,51,4,265,14,37,7,20,5,14,0.3783783783783784,19,37,270,,val,70,70
15,38,10,21,6,11,0.2894736842105263,15,38,480,,336,57,1,241,9,28,7,12,4,8,0.2857142857142857,11,28,244,,val,62,62
12,25,7,15,4,8,0.32,12,25,282,,337,47,0,109,6,14,4,7,3,5,0.35714285714285715,7,14,109,,val,36,36
18,52,10,26,6,16,0.3076923076923077,25,52,404,,338,48,2,182,8,32,5,12,3,9,0.28125,16,32,185,,val,85,85
25,49,13,30,7,15,0.30612244897959184,23,49,559,,339,50,2,310,14,30,8,14,4,9,0.3,12,30,313,,val,86,86
21,45,12,27,6,13,0.28888888888888886,20,45,511,,340,48,1,243,8,29,6,14,4,7,0.2413793103448276,12,29,243,,val,79,79
18,28,10,19,5,11,0.39285714285714285,15,28,240,,341,36,2,72,7,17,3,8,3,7,0.4117647058823529,10,17,72,,val,55,55
31,55,19,40,10,20,0.36363636363636365,28,55,774,,342,57,0,315,13,32,7,16,4,10,0.3125,14,32,318,,val,88,88
20,43,16,26,8,14,0.32558139534883723,19,43,580,,343,54,3,262,11,31,6,17,4,10,0.3225806451612903,15,31,265,,val,73,73
26,52,17,33,8,18,0.34615384615384615,25,52,533,,344,49,1,247,11,35,5,18,4,11,0.3142857142857143,18,35,249,,val,91,91
14,27,11,20,6,11,0.4074074074074074,15,27,221,,345,32,0,68,7,14,4,11,4,7,0.5,10,14,68,,val,50,50
16,50,10,24,6,14,0.28,22,50,386,,346,54,1,200,12,31,5,14,4,10,0.3225806451612903,14,31,202,,val,87,87
18,30,10,19,5,9,0.3,13,30,431,,347,49,0,214,9,24,6,11,3,7,0.2916666666666667,10,24,217,,val,73,73
30,50,16,39,9,21,0.42,30,50,482,,348,50,0,190,10,34,4,19,4,13,0.38235294117647056,19,34,190,,val,88,88
36,75,16,53,13,31,0.41333333333333333,43,75,603,,349,50,6,255,14,52,5,24,6,19,0.36538461538461536,29,52,271,,val,96,96
14,34,8,18,5,10,0.29411764705882354,15,34,358,,350,51,2,160,6,23,3,11,2,7,0.30434782608695654,11,23,164,,val,63,63
13,21,11,14,5,9,0.42857142857142855,11,21,424,,351,49,1,225,8,20,6,11,3,6,0.3,8,20,227,,val,44,44
20,40,14,26,7,13,0.325,18,40,606,,352,58,2,324,13,36,6,19,5,11,0.3055555555555556,15,36,331,,val,69,69
22,44,13,28,8,16,0.36363636363636365,22,44,425,,353,44,4,152,10,28,3,14,3,11,0.39285714285714285,17,28,157,,val,69,69
21,49,16,31,8,17,0.3469387755102041,25,49,460,,354,52,2,181,9,27,5,14,4,9,0.3333333333333333,15,27,181,,val,68,68
18,41,8,25,5,15,0.36585365853658536,23,41,343,,355,50,0,114,3,24,2,6,2,6,0.25,13,24,118,,val,60,60
6,12,4,9,2,5,0.4166666666666667,7,12,93,,356,32,0,34,2,7,1,4,1,3,0.42857142857142855,4,7,34,,val,28,28
30,57,19,41,10,21,0.3684210526315789,29,57,706,,357,58,2,248,12,34,6,17,4,11,0.3235294117647059,17,34,250,,val,78,78
44,73,28,52,14,31,0.4246575342465753,41,73,754,,358,44,1,231,15,44,7,19,6,15,0.3409090909090909,22,44,233,,val,97,97
71,107,47,88,22,45,0.4205607476635514,60,107,1767,,359,58,0,428,23,68,7,33,10,24,0.35294117647058826,35,68,430,,val,129,129
27,53,16,36,8,20,0.37735849056603776,28,53,530,,360,49,0,236,11,40,4,15,4,11,0.275,20,40,238,,val,87,87
23,56,14,32,8,18,0.32142857142857145,27,56,528,,361,52,1,179,11,31,5,14,5,11,0.3548387096774194,16,31,181,,val,74,74
14,33,12,20,6,11,0.3333333333333333,14,33,440,,362,52,3,182,8,27,6,10,4,8,0.2962962962962963,11,27,190,,val,51,51
11,45,9,21,5,10,0.2222222222222222,20,45,369,,363,50,2,160,9,26,4,10,4,8,0.3076923076923077,12,26,165,,val,70,70
16,37,12,22,6,12,0.32432432432432434,17,37,479,,364,54,4,227,8,23,7,15,3,7,0.30434782608695654,12,23,229,,val,55,55
19,39,15,22,7,13,0.3333333333333333,17,39,459,,365,47,4,236,14,26,6,16,5,10,0.38461538461538464,13,26,242,,val,77,77
23,37,15,24,7,14,0.3783783783783784,18,37,512,,366,47,2,235,11,29,6,13,4,8,0.27586206896551724,13,29,236,,val,58,58
24,51,14,33,9,18,0.35294117647058826,25,51,555,,367,54,4,229,9,28,3,17,3,9,0.32142857142857145,14,28,230,,val,80,80
22,46,17,30,8,15,0.32608695652173914,21,46,605,,368,52,3,294,13,32,11,15,5,11,0.34375,13,32,299,,val,69,69
21,36,15,24,7,14,0.3888888888888889,19,36,421,,369,43,0,170,8,24,5,11,3,7,0.2916666666666667,11,24,170,,val,59,59
20,42,14,30,7,14,0.3333333333333333,19,42,597,,370,51,0,243,10,26,8,12,4,8,0.3076923076923077,11,26,244,,val,72,72
6,19,5,11,3,5,0.2631578947368421,8,19,204,,371,43,1,90,4,12,2,6,2,4,0.3333333333333333,5,12,91,,val,34,34
13,27,9,17,4,8,0.2962962962962963,12,27,365,,372,54,1,171,6,18,5,8,3,5,0.2777777777777778,7,18,175,,val,45,45
22,44,17,27,8,16,0.36363636363636365,20,44,518,,373,52,1,222,14,29,5,19,5,12,0.41379310344827586,17,29,225,,val,75,75
11,18,9,12,5,8,0.4444444444444444,9,18,284,,374,47,6,131,6,12,4,9,3,5,0.4166666666666667,7,12,131,,val,27,27
24,51,11,32,6,17,0.3333333333333333,26,51,462,,375,47,3,186,7,24,4,10,3,6,0.25,11,24,187,,val,69,69
21,32,15,27,6,14,0.4375,18,32,538,,376,52,4,275,9,27,7,13,4,7,0.25925925925925924,11,27,276,,val,61,61
19,50,9,26,6,17,0.34,27,50,382,,377,41,0,161,7,35,5,12,3,10,0.2857142857142857,18,35,172,,val,94,94
35,70,23,48,11,24,0.34285714285714286,33,70,878,,378,55,0,302,15,42,7,22,6,13,0.30952380952380953,20,42,304,,val,110,110
24,57,13,34,7,18,0.3157894736842105,26,57,591,,379,54,0,298,12,36,7,18,4,10,0.2777777777777778,16,36,304,,val,98,98
12,38,5,19,4,11,0.2894736842105263,18,38,296,,380,56,2,127,4,24,2,6,2,6,0.25,12,24,129,,val,49,49
21,32,10,26,6,14,0.4375,19,32,276,,381,34,2,95,7,21,4,10,3,7,0.3333333333333333,12,21,96,,val,50,50
43,78,32,51,14,28,0.358974358974359,36,78,1431,,382,65,1,511,21,50,11,25,7,16,0.32,22,50,513,,val,116,116
21,36,12,29,6,13,0.3611111111111111,19,36,333,,383,37,3,167,9,27,5,17,4,9,0.3333333333333333,14,27,169,,val,64,64
25,46,10,33,7,17,0.3695652173913043,25,46,614,,384,64,3,279,12,37,5,17,4,12,0.32432432432432434,19,37,286,,val,70,70
20,47,15,25,7,15,0.3191489361702128,22,47,441,,385,44,6,201,10,30,5,13,3,10,0.3333333333333333,17,30,202,,val,73,73
35,66,21,51,10,24,0.36363636363636365,35,66,547,,386,40,1,241,17,41,8,24,6,13,0.3170731707317073,21,41,248,,val,104,104
13,33,11,18,6,10,0.30303030303030304,12,33,442,,387,50,0,221,9,21,6,12,3,6,0.2857142857142857,9,21,222,,val,46,46
20,30,10,24,6,10,0.3333333333333333,15,30,462,,388,50,2,230,10,21,6,11,3,7,0.3333333333333333,9,21,231,,val,52,52
26,45,16,30,8,17,0.37777777777777777,23,45,506,,389,46,1,243,14,33,8,20,5,12,0.36363636363636365,18,33,246,,val,77,77
16,50,11,28,7,17,0.34,27,50,323,,390,42,1,146,8,30,4,13,4,11,0.36666666666666664,18,30,149,,val,70,70
24,64,16,37,9,21,0.328125,31,64,578,,391,52,2,232,12,38,5,17,5,12,0.3157894736842105,19,38,235,,val,87,87
23,46,15,28,7,16,0.34782608695652173,21,46,546,,392,51,0,337,13,38,9,19,5,10,0.2631578947368421,16,38,340,,val,74,74
41,75,30,47,14,28,0.37333333333333335,36,75,1061,,393,53,1,455,29,56,11,32,10,22,0.39285714285714285,29,56,457,,val,105,105
19,53,11,27,7,16,0.3018867924528302,23,53,435,,394,46,1,164,7,29,5,14,4,10,0.3448275862068966,16,29,165,,val,85,85
24,48,13,39,9,20,0.4166666666666667,30,48,458,,395,50,1,152,11,29,3,15,5,13,0.4482758620689655,18,29,154,,val,74,74
33,67,17,39,10,23,0.34328358208955223,32,67,658,,396,49,1,340,16,47,9,24,6,14,0.2978723404255319,23,47,341,,val,93,93
23,47,14,35,8,19,0.40425531914893614,26,47,515,,397,51,2,255,14,34,7,21,5,14,0.4117647058823529,19,34,258,,val,68,68
22,55,11,28,6,17,0.3090909090909091,26,55,420,,398,48,2,146,5,22,4,6,3,5,0.22727272727272727,10,22,146,,val,85,85
26,67,10,42,9,25,0.373134328358209,37,67,531,,399,57,3,190,9,43,3,16,5,17,0.3953488372093023,27,43,195,,val,96,96
30,60,19,48,10,21,0.35,33,60,487,,400,40,1,176,14,40,5,22,5,14,0.35,23,40,179,,val,84,84
15,44,9,25,5,13,0.29545454545454547,21,44,384,,401,49,1,151,9,26,3,10,3,8,0.3076923076923077,11,26,152,,val,90,90
38,76,17,49,13,32,0.42105263157894735,44,76,589,,402,46,2,288,22,60,6,32,9,26,0.43333333333333335,36,60,303,,val,114,114
28,58,20,39,10,22,0.3793103448275862,31,58,603,,403,52,3,291,14,45,7,26,6,18,0.4,25,45,291,,val,86,86
20,50,11,27,6,12,0.24,20,50,583,,404,59,1,298,11,32,7,15,4,9,0.28125,13,32,300,,val,90,90
26,49,8,40,8,23,0.46938775510204084,31,49,447,,405,52,7,157,5,33,3,9,3,10,0.30303030303030304,18,33,157,,val,67,67
31,84,16,49,12,32,0.38095238095238093,46,84,758,,406,62,2,329,15,61,5,24,8,23,0.3770491803278688,34,61,340,,val,106,106
16,50,13,22,6,13,0.26,19,50,573,,407,63,2,306,13,33,6,14,5,10,0.30303030303030304,14,33,307,,val,88,88
19,33,11,28,6,14,0.42424242424242425,19,33,269,,408,39,0,89,5,21,2,12,3,9,0.42857142857142855,12,21,91,,val,58,58
22,61,12,33,8,21,0.3442622950819672,32,61,420,,409,47,2,140,11,33,2,11,5,11,0.3333333333333333,19,33,142,,val,96,96
24,53,14,30,8,17,0.32075471698113206,24,53,578,,410,56,2,250,10,33,6,16,4,10,0.30303030303030304,15,33,251,,val,77,77
30,74,11,46,11,29,0.3918918918918919,42,74,553,,411,57,1,230,11,51,4,22,7,19,0.37254901960784315,29,51,237,,val,104,104
20,39,12,25,8,15,0.38461538461538464,20,39,380,,412,52,1,111,6,25,2,11,4,10,0.4,15,25,115,,val,68,68
49,81,23,65,17,39,0.48148148148148145,53,81,401,,413,28,0,92,13,37,4,16,8,19,0.5135135135135135,28,37,93,,val,106,106
36,59,14,51,11,27,0.4576271186440678,37,59,441,,414,37,1,150,10,39,3,23,6,17,0.4358974358974359,24,39,152,,val,87,87
29,59,13,43,11,26,0.4406779661016949,37,59,407,,415,42,2,98,8,27,2,12,5,12,0.4444444444444444,18,27,99,,val,72,72
23,53,16,33,8,16,0.3018867924528302,23,53,591,,416,53,1,274,14,35,5,17,4,12,0.34285714285714286,17,35,277,,val,79,79
22,47,11,30,7,16,0.3404255319148936,23,47,517,,417,57,2,192,7,25,3,14,3,8,0.32,13,25,193,,val,80,80
29,69,16,42,10,26,0.37681159420289856,38,69,499,,418,43,1,193,11,42,6,19,6,16,0.38095238095238093,24,42,194,,val,113,113
21,41,8,29,8,18,0.43902439024390244,24,41,363,,419,54,0,121,5,26,3,11,3,10,0.38461538461538464,16,26,125,,val,60,60
13,41,6,21,4,14,0.34146341463414637,21,41,324,,420,53,0,135,5,29,3,11,3,9,0.3103448275862069,15,29,142,,val,74,74
27,68,13,50,11,28,0.4117647058823529,42,68,515,,421,54,3,119,6,40,1,10,5,18,0.45,28,40,123,,val,90,90
20,51,12,29,7,17,0.3333333333333333,25,51,420,,422,42,1,205,11,33,5,14,4,10,0.30303030303030304,17,33,209,,val,102,102
15,43,9,26,5,13,0.3023255813953488,22,43,361,,423,46,3,180,11,34,5,11,4,10,0.29411764705882354,17,34,183,,val,76,76
42,80,25,60,16,34,0.425,46,80,827,,424,59,3,249,14,57,3,29,10,25,0.43859649122807015,35,57,253,,val,101,101
21,55,12,37,7,18,0.32727272727272727,28,55,543,,425,51,6,263,11,36,8,16,4,10,0.2777777777777778,17,36,265,,val,102,102
20,33,13,23,6,12,0.36363636363636365,17,33,443,,426,49,0,201,12,28,4,12,4,10,0.35714285714285715,13,28,204,,val,68,68
27,59,15,41,11,25,0.423728813559322,35,59,425,,427,42,1,131,8,35,2,13,5,15,0.42857142857142855,22,35,132,,val,92,92
26,57,9,36,11,24,0.42105263157894735,33,57,372,,428,49,3,99,4,23,1,15,4,12,0.5217391304347826,16,23,100,,val,68,68
35,56,16,42,10,24,0.42857142857142855,32,56,586,,429,50,0,203,12,30,6,15,5,10,0.3333333333333333,15,30,205,,val,70,70
19,41,14,22,6,13,0.3170731707317073,18,41,454,,430,51,6,227,8,28,7,13,3,8,0.2857142857142857,12,28,229,,val,54,54
30,73,16,49,10,26,0.3561643835616438,40,73,695,,431,56,2,259,13,40,6,19,5,14,0.35,20,40,263,,val,92,92
26,64,13,38,9,21,0.328125,32,64,586,,432,58,1,261,11,49,4,21,5,15,0.30612244897959184,25,49,264,,val,86,86
30,62,10,43,10,26,0.41935483870967744,35,62,511,,433,57,0,193,11,49,5,17,7,21,0.42857142857142855,31,49,199,,val,86,86
29,53,13,37,10,24,0.4528301886792453,32,53,387,,434,44,3,135,11,35,3,19,8,17,0.4857142857142857,23,35,139,,val,68,68
43,90,25,62,17,37,0.4111111111111111,51,90,952,,435,62,5,265,14,57,3,24,10,23,0.40350877192982454,34,57,266,,val,117,117
25,66,11,45,10,25,0.3787878787878788,38,66,495,,436,53,0,219,10,46,4,24,6,19,0.41304347826086957,27,46,224,,val,109,109
24,39,13,30,8,18,0.46153846153846156,23,39,401,,437,48,1,163,12,28,6,18,7,13,0.4642857142857143,17,28,167,,val,60,60
21,55,13,38,8,21,0.38181818181818183,32,55,308,,438,32,1,102,7,32,5,15,5,13,0.40625,22,32,106,,val,87,87
22,56,13,33,7,17,0.30357142857142855,26,56,550,,439,55,6,223,10,31,5,15,4,9,0.2903225806451613,14,31,227,,val,88,88
27,67,15,46,11,26,0.3880597014925373,38,67,552,,440,54,3,200,9,47,3,19,5,18,0.3829787234042553,28,47,210,,val,108,108
47,90,16,64,15,37,0.4111111111111111,51,90,803,,441,57,10,298,14,63,5,35,8,27,0.42857142857142855,38,63,303,,val,118,118
19,64,7,34,6,22,0.34375,35,64,425,,442,51,8,191,6,42,4,14,4,14,0.3333333333333333,23,42,194,,val,90,90
31,59,15,39,11,24,0.4067796610169492,34,59,482,,443,47,9,201,15,45,4,23,7,19,0.4222222222222222,27,45,211,,val,85,85
30,76,15,47,11,28,0.3684210526315789,41,76,640,,444,54,5,273,15,60,5,22,8,20,0.3333333333333333,33,60,279,,val,119,119
40,70,17,47,12,29,0.4142857142857143,39,70,652,,445,50,2,221,15,41,7,20,7,17,0.4146341463414634,25,41,224,,val,99,99
37,69,19,49,14,30,0.43478260869565216,41,69,515,,446,43,0,142,9,40,2,19,7,19,0.475,26,40,142,,val,93,93
29,55,11,37,10,24,0.43636363636363634,32,55,434,,447,46,2,104,8,35,1,10,6,17,0.4857142857142857,25,35,108,,val,70,70
15,45,10,28,6,16,0.35555555555555557,24,45,368,,448,54,3,120,7,23,3,10,3,8,0.34782608695652173,13,23,125,,val,67,67
35,72,17,49,12,28,0.3888888888888889,39,72,695,,449,53,0,219,14,44,4,21,8,18,0.4090909090909091,27,44,221,,val,102,102
20,30,12,22,5,12,0.4,16,30,392,,450,48,1,175,10,20,5,11,3,7,0.35,10,20,176,,val,58,58
25,64,12,39,8,22,0.34375,33,64,575,,451,53,3,237,10,35,6,15,4,10,0.2857142857142857,18,35,239,,val,97,97
30,60,15,49,12,26,0.43333333333333335,37,60,546,,452,54,2,178,10,34,2,21,6,16,0.47058823529411764,22,34,181,,val,83,83
43,79,15,52,12,33,0.4177215189873418,45,79,630,,453,50,3,250,14,56,4,23,8,23,0.4107142857142857,36,56,257,,val,116,116
55,107,23,79,19,47,0.4392523364485981,65,107,863,,454,50,1,269,18,65,6,31,10,28,0.4307692307692308,40,65,277,,val,134,134
21,51,14,32,7,17,0.3333333333333333,25,51,470,,455,56,5,172,8,32,4,14,3,10,0.3125,17,32,179,,val,75,75
13,36,8,20,5,12,0.3333333333333333,19,36,279,,456,46,0,69,5,17,1,8,3,8,0.47058823529411764,11,17,69,,val,51,51
22,51,9,32,9,21,0.4117647058823529,28,51,394,,457,52,4,131,6,31,4,14,5,13,0.41935483870967744,19,31,131,,val,67,67
25,50,12,34,8,17,0.34,25,50,566,,458,56,6,248,12,37,5,18,5,12,0.32432432432432434,18,37,252,,val,74,74
48,93,18,69,17,44,0.4731182795698925,60,93,638,,459,42,5,183,10,45,7,21,7,20,0.4444444444444444,29,45,185,,val,129,129
30,77,14,52,11,28,0.36363636363636365,41,77,655,,460,60,4,280,13,48,6,24,6,18,0.375,26,48,283,,val,99,99
19,51,11,25,7,16,0.3137254901960784,25,51,384,,461,43,2,165,8,31,4,15,3,11,0.3548387096774194,17,31,169,,val,101,101
24,60,7,40,8,24,0.4,35,60,410,,462,49,1,146,8,36,3,12,4,15,0.4166666666666667,22,36,151,,val,91,91
24,55,7,37,10,25,0.45454545454545453,34,55,370,,463,50,3,86,6,35,0,11,7,19,0.5428571428571428,27,35,89,,val,77,77
15,36,9,24,6,13,0.3611111111111111,19,36,221,,464,38,2,87,7,21,2,13,3,9,0.42857142857142855,13,21,88,,val,59,59
54,87,22,69,17,40,0.45977011494252873,54,87,597,,465,40,4,196,16,61,4,33,10,27,0.4426229508196721,41,61,200,,val,114,114
16,37,10,24,5,12,0.32432432432432434,17,37,423,,466,51,1,191,6,24,4,8,3,5,0.20833333333333334,10,24,195,,val,57,57
32,74,14,48,9,27,0.36486486486486486,39,74,676,,467,53,7,277,11,48,5,20,5,15,0.3125,26,48,280,,val,102,102
19,58,8,33,8,23,0.39655172413793105,33,58,403,,468,54,5,173,5,44,3,15,4,17,0.38636363636363635,27,44,177,,val,85,85
29,57,10,41,11,25,0.43859649122807015,34,57,462,,469,55,1,105,4,29,2,12,4,13,0.4482758620689655,19,29,105,,val,70,70
21,54,8,35,8,22,0.4074074074074074,32,54,418,,470,56,10,138,6,30,2,15,4,13,0.43333333333333335,18,30,144,,val,68,68
26,57,6,36,8,23,0.40350877192982454,32,57,432,,471,54,2,149,6,31,4,11,3,10,0.3225806451612903,17,31,151,,val,81,81
23,48,15,32,7,15,0.3125,22,48,647,,472,58,1,246,10,36,6,13,4,9,0.25,15,36,252,,val,86,86
20,49,11,28,7,17,0.3469387755102041,25,49,395,,473,49,1,115,6,23,2,8,4,7,0.30434782608695654,12,23,118,,val,70,70
30,72,13,45,10,25,0.3472222222222222,37,72,625,,474,60,2,262,10,51,5,22,6,18,0.35294117647058826,28,51,266,,val,109,109
20,61,14,32,8,18,0.29508196721311475,28,61,530,,475,54,1,224,10,37,4,13,4,10,0.2702702702702703,17,37,226,,val,90,90
19,47,14,28,7,14,0.2978723404255319,20,47,527,,476,50,5,224,10,32,7,13,4,9,0.28125,14,32,230,,val,78,78
39,82,17,53,13,31,0.3780487804878049,45,82,628,,477,48,1,211,15,47,5,23,8,19,0.40425531914893614,28,47,212,,val,119,119
29,59,13,38,10,24,0.4067796610169492,33,59,453,,478,45,2,163,14,34,4,17,7,14,0.4117647058823529,20,34,166,,val,85,85
33,63,15,47,12,28,0.4444444444444444,38,63,354,,479,33,2,128,9,40,4,17,5,16,0.4,27,40,131,,val,107,107
30,66,13,39,10,25,0.3787878787878788,35,66,480,,480,49,1,181,13,47,2,18,8,20,0.425531914893617,29,47,187,,val,95,95
25,49,12,33,8,20,0.40816326530612246,28,49,433,,481,48,1,163,11,33,3,18,5,14,0.42424242424242425,19,33,164,,val,81,81
32,58,14,38,10,25,0.43103448275862066,34,58,289,,482,27,1,113,16,36,4,23,8,19,0.5277777777777778,25,36,113,,val,107,107
27,55,17,30,9,18,0.32727272727272727,26,55,555,,483,48,2,246,14,41,6,21,6,15,0.36585365853658536,23,41,249,,val,82,82
27,46,18,30,8,18,0.391304347826087,24,46,498,,484,48,2,240,9,37,8,18,5,11,0.2972972972972973,18,37,243,,val,94,94
32,61,19,41,11,24,0.39344262295081966,32,61,600,,485,52,2,244,12,38,6,25,6,15,0.39473684210526316,22,38,252,,val,106,106
21,50,16,29,7,16,0.32,21,50,521,,486,51,1,225,11,31,4,18,4,12,0.3870967741935484,18,31,229,,val,75,75
31,73,11,46,12,31,0.4246575342465753,43,73,652,,487,63,2,201,7,41,4,13,4,13,0.3170731707317073,23,41,204,,val,93,93
39,68,14,55,14,32,0.47058823529411764,43,68,415,,488,37,5,111,8,41,3,21,7,20,0.4878048780487805,30,41,117,,val,99,99
47,82,18,62,16,37,0.45121951219512196,49,82,703,,489,55,2,219,11,53,2,28,9,25,0.4716981132075472,34,53,226,,val,106,106
20,57,14,32,8,19,0.3333333333333333,30,57,408,,490,42,3,166,10,34,5,15,5,13,0.38235294117647056,20,34,169,,val,97,97
21,46,9,32,7,19,0.41304347826086957,26,46,416,,491,54,1,122,6,25,2,11,3,10,0.4,15,25,125,,val,70,70
35,68,17,46,12,28,0.4117647058823529,38,68,624,,492,55,1,180,9,43,4,18,6,18,0.4186046511627907,27,43,183,,val,86,86
41,51,25,51,12,24,0.47058823529411764,32,51,299,,493,20,1,123,21,35,10,35,7,16,0.45714285714285713,23,35,126,,val,89,89
18,39,12,26,6,14,0.358974358974359,20,39,397,,494,47,0,113,8,24,1,13,4,10,0.4166666666666667,14,24,115,,val,68,68
24,72,9,39,7,21,0.2916666666666667,33,72,591,,495,58,5,288,9,50,5,15,4,11,0.22,24,50,298,,val,97,97
42,89,20,62,15,34,0.38202247191011235,47,89,843,,496,57,6,317,16,62,5,30,8,24,0.3870967741935484,37,62,319,,val,111,111
16,42,10,22,6,12,0.2857142857142857,17,42,445,,497,58,1,209,10,29,5,13,4,9,0.3103448275862069,14,29,213,,val,67,67
21,44,16,29,9,17,0.38636363636363635,24,44,378,,498,45,5,157,13,34,4,18,6,14,0.4117647058823529,20,34,160,,val,69,69
40,73,17,51,16,34,0.4657534246575342,45,73,523,,499,45,7,125,7,40,0,19,9,22,0.55,28,40,130,,val,99,99
23,47,15,28,7,15,0.3191489361702128,21,47,580,,500,52,5,271,13,33,5,19,5,11,0.3333333333333333,17,33,275,,val,71,71
31,64,16,49,13,29,0.453125,40,64,343,,501,31,2,134,8,48,4,25,8,23,0.4791666666666667,35,48,139,,val,95,95
25,57,10,38,9,24,0.42105263157894735,34,57,404,,502,45,2,123,7,37,3,13,5,16,0.43243243243243246,25,37,126,,val,80,80
32,87,15,56,13,36,0.41379310344827586,51,87,579,,503,45,3,196,15,58,5,21,8,23,0.39655172413793105,38,58,203,,val,129,129
35,76,17,42,14,30,0.39473684210526316,41,76,490,,504,47,0,175,15,41,3,22,7,18,0.43902439024390244,25,41,180,,val,118,118
26,71,12,42,11,29,0.4084507042253521,40,71,631,,505,64,1,231,9,48,4,11,5,15,0.3125,26,48,235,,val,90,90
21,40,7,24,6,16,0.4,21,40,337,,506,50,5,114,4,23,2,7,2,7,0.30434782608695654,13,23,118,,val,49,49
21,40,11,26,7,16,0.4,22,40,342,,507,48,0,132,7,25,4,11,3,9,0.36,15,25,137,,val,68,68
33,66,11,39,9,24,0.36363636363636365,33,66,750,,508,70,1,304,11,51,6,17,5,14,0.27450980392156865,25,51,311,,val,97,97
34,66,19,47,12,27,0.4090909090909091,38,66,573,,509,44,2,185,12,38,4,22,6,18,0.47368421052631576,25,38,187,,val,107,107
21,70,18,37,9,18,0.2571428571428571,30,70,627,,510,52,1,305,16,40,7,21,6,14,0.35,19,40,309,,val,121,121
31,76,16,41,11,26,0.34210526315789475,37,76,711,,511,64,6,331,12,50,6,22,5,17,0.34,25,50,334,,val,89,89
18,42,14,25,6,14,0.3333333333333333,19,42,459,,512,56,3,181,9,32,4,17,4,12,0.375,18,32,188,,val,53,53
25,71,17,37,10,24,0.3380281690140845,35,71,639,,513,64,8,261,13,46,6,20,7,17,0.3695652173913043,25,46,264,,val,93,93
29,64,12,38,9,23,0.359375,33,64,455,,514,49,2,135,9,36,3,11,4,14,0.3888888888888889,23,36,136,,val,93,93
24,63,10,40,10,26,0.4126984126984127,37,63,454,,515,53,4,136,7,40,2,14,6,18,0.45,26,40,140,,val,97,97
36,63,17,47,11,27,0.42857142857142855,36,63,440,,516,36,0,131,10,40,3,24,7,19,0.475,27,40,132,,val,95,95
30,71,17,39,11,25,0.352112676056338,37,71,495,,517,50,0,181,11,53,2,14,6,21,0.39622641509433965,34,53,192,,val,99,99
22,57,11,36,8,20,0.3508771929824561,30,57,489,,518,57,2,188,11,43,4,19,6,15,0.3488372093023256,24,43,191,,val,88,88
44,85,18,52,17,37,0.43529411764705883,49,85,565,,519,43,3,145,11,49,1,21,11,24,0.4897959183673469,35,49,145,,val,113,113
32,62,14,43,8,23,0.3709677419354839,33,62,627,,520,53,3,306,13,47,8,21,6,14,0.2978723404255319,23,47,310,,val,88,88
27,54,13,39,8,19,0.35185185185185186,30,54,535,,521,47,1,166,11,32,5,15,5,12,0.375,19,32,167,,val,82,82
12,23,6,15,4,9,0.391304347826087,12,23,263,,522,55,2,116,3,15,2,7,2,4,0.26666666666666666,7,15,117,,val,51,51
20,43,9,29,8,19,0.4418604651162791,27,43,312,,523,46,2,71,2,21,2,5,2,8,0.38095238095238093,14,21,77,,val,63,63
35,74,23,47,12,26,0.35135135135135137,37,74,689,,524,46,9,298,18,50,8,27,8,18,0.36,27,50,299,,val,99,99
19,42,9,24,6,16,0.38095238095238093,22,42,334,,525,48,2,159,7,30,4,13,3,10,0.3333333333333333,17,30,159,,val,62,62
33,81,17,42,11,27,0.3333333333333333,39,81,825,,526,65,5,338,15,55,6,22,6,17,0.3090909090909091,27,55,351,,val,113,113
38,77,23,50,12,26,0.33766233766233766,36,77,1198,,527,76,1,524,20,59,10,32,8,19,0.3220338983050847,28,59,537,,val,110,110
19,54,13,31,8,18,0.3333333333333333,27,54,467,,528,54,4,185,11,33,3,16,5,13,0.3939393939393939,18,33,188,,val,73,73
32,70,15,50,12,29,0.4142857142857143,41,70,609,,529,53,4,205,13,47,2,18,7,18,0.3829787234042553,28,47,208,,val,100,100
23,45,12,29,7,18,0.4,25,45,378,,530,46,5,162,13,33,3,16,5,13,0.3939393939393939,19,33,168,,val,71,71
39,82,16,52,12,32,0.3902439024390244,46,82,605,,531,47,6,284,15,55,6,24,6,19,0.34545454545454546,30,55,291,,val,128,128
27,62,15,39,10,23,0.3709677419354839,33,62,557,,532,53,1,199,10,40,3,16,5,14,0.35,23,40,200,,val,94,94
30,67,19,39,9,21,0.31343283582089554,30,67,671,,533,49,1,304,15,46,8,21,5,14,0.30434782608695654,22,46,308,,val,104,104
34,65,16,43,11,26,0.4,36,65,554,,534,50,9,176,13,41,4,19,7,17,0.4146341463414634,25,41,179,,val,92,92
26,52,15,38,8,18,0.34615384615384615,27,52,599,,535,50,1,286,15,39,7,18,5,12,0.3076923076923077,19,39,289,,val,88,88
26,53,16,32,9,20,0.37735849056603776,28,53,631,,536,61,3,242,9,39,7,19,6,14,0.358974358974359,20,39,255,,val,91,91
14,31,8,18,5,8,0.25806451612903225,13,31,385,,537,48,1,218,8,21,5,12,3,5,0.23809523809523808,9,21,221,,val,63,63
19,40,10,30,7,16,0.4,22,40,392,,538,55,0,167,7,27,2,12,2,9,0.3333333333333333,13,27,168,,val,63,63
32,58,14,42,10,26,0.4482758620689655,36,58,478,,539,50,4,126,8,40,2,14,6,18,0.45,27,40,131,,val,73,73
18,33,12,20,6,12,0.36363636363636365,16,33,391,,540,49,3,209,10,28,6,14,4,8,0.2857142857142857,13,28,213,,val,64,64
41,66,11,50,12,31,0.4696969696969697,42,66,559,,541,49,3,156,8,49,2,14,5,21,0.42857142857142855,34,49,158,,val,86,86
30,54,13,38,10,24,0.4444444444444444,32,54,457,,542,49,2,173,10,37,4,14,5,13,0.35135135135135137,22,37,175,,val,99,99
19,49,9,26,7,17,0.3469387755102041,25,49,436,,543,62,3,132,5,30,2,9,3,10,0.3333333333333333,16,30,140,,val,82,82
26,49,15,38,9,21,0.42857142857142855,28,49,498,,544,52,6,213,9,37,4,20,5,14,0.3783783783783784,22,37,215,,val,69,69
18,49,11,30,7,17,0.3469387755102041,26,49,397,,545,52,1,152,5,32,2,15,3,11,0.34375,17,32,153,,val,78,78
31,68,14,48,11,26,0.38235294117647056,38,68,557,,546,50,4,214,15,47,6,22,8,19,0.40425531914893614,28,47,219,,val,93,93
33,51,25,41,11,22,0.43137254901960786,28,51,697,,547,48,0,269,16,37,7,20,5,14,0.3783783783783784,21,37,269,,val,75,75
27,66,16,40,9,20,0.30303030303030304,31,66,686,,548,58,5,326,16,51,10,24,7,16,0.3137254901960784,25,51,337,,val,108,108
38,66,19,51,15,32,0.48484848484848486,43,66,512,,549,41,3,178,16,42,2,26,9,21,0.5,27,42,184,,val,102,102
37,70,26,47,13,27,0.38571428571428573,36,70,701,,550,48,5,272,15,52,7,30,7,22,0.4230769230769231,32,52,279,,val,103,103
33,68,11,50,10,29,0.4264705882352941,40,68,573,,551,54,5,234,11,46,4,17,5,15,0.32608695652173914,26,46,240,,val,98,98
25,58,14,37,8,21,0.3620689655172414,31,58,530,,552,51,5,216,10,46,5,21,6,18,0.391304347826087,27,46,223,,val,93,93
25,58,13,35,9,22,0.3793103448275862,32,58,611,,553,61,1,213,9,35,6,11,5,9,0.2571428571428571,16,35,217,,val,88,88
19,34,14,25,7,13,0.38235294117647056,18,34,468,,554,53,2,191,10,27,4,18,4,11,0.4074074074074074,16,27,199,,val,51,51
29,71,18,38,10,22,0.30985915492957744,33,71,617,,555,49,1,254,15,35,8,21,5,12,0.34285714285714286,18,35,260,,val,96,96
39,67,16,51,13,30,0.44776119402985076,40,67,451,,556,39,4,138,12,40,2,25,7,19,0.475,26,40,141,,val,86,86
41,63,17,53,13,30,0.47619047619047616,41,63,590,,557,47,1,167,8,45,3,16,5,18,0.4,28,45,171,,val,99,99
27,54,17,36,11,22,0.4074074074074074,31,54,405,,558,41,1,115,8,35,2,15,6,15,0.42857142857142855,24,35,119,,val,77,77
32,73,13,44,10,27,0.3698630136986301,38,73,573,,559,51,3,167,6,37,5,11,4,13,0.35135135135135137,21,37,168,,val,106,106
23,45,14,29,8,16,0.35555555555555557,22,45,527,,560,50,2,206,12,30,4,18,4,11,0.36666666666666664,17,30,210,,val,80,80
22,49,12,33,8,18,0.3673469387755102,26,49,473,,561,55,2,197,9,31,4,14,3,9,0.2903225806451613,17,31,201,,val,64,64
21,56,12,35,8,20,0.35714285714285715,30,56,465,,562,56,1,130,6,30,3,11,3,10,0.3333333333333333,17,30,137,,val,68,68
23,55,9,31,6,16,0.2909090909090909,25,55,515,,563,57,4,223,8,39,5,13,4,10,0.2564102564102564,18,39,225,,val,77,77
35,82,14,56,11,30,0.36585365853658536,44,82,740,,564,53,9,273,13,53,6,27,8,20,0.37735849056603776,30,53,280,,val,101,101
17,50,12,21,6,12,0.24,19,50,497,,565,52,2,202,5,26,4,11,3,6,0.23076923076923078,11,26,204,,val,91,91
15,39,10,24,5,12,0.3076923076923077,20,39,353,,566,42,0,158,6,21,4,8,3,6,0.2857142857142857,9,21,159,,val,83,83
26,48,16,41,10,20,0.4166666666666667,28,48,360,,567,38,1,130,11,35,4,20,6,15,0.42857142857142855,22,35,137,,val,80,80
20,50,13,25,7,16,0.32,22,50,452,,568,53,2,167,9,26,3,15,4,10,0.38461538461538464,14,26,167,,val,75,75
26,65,11,42,9,24,0.36923076923076925,36,65,524,,569,57,3,229,11,45,4,19,5,15,0.3333333333333333,25,45,237,,val,96,96
25,57,13,40,10,24,0.42105263157894735,34,57,576,,570,64,0,190,8,40,4,13,6,15,0.375,24,40,194,,val,73,73
13,40,10,26,6,12,0.3,20,40,408,,571,52,7,170,6,30,5,9,3,7,0.23333333333333334,13,30,173,,val,60,60
26,64,15,40,10,24,0.375,36,64,432,,572,47,2,151,5,39,3,16,4,15,0.38461538461538464,24,39,153,,val,85,85
21,44,17,27,8,15,0.3409090909090909,19,44,572,,573,50,2,238,15,30,5,19,5,12,0.4,17,30,240,,val,88,88
16,40,6,23,4,14,0.35,21,40,310,,574,50,3,142,4,26,4,6,2,5,0.19230769230769232,12,26,144,,val,51,51
24,55,11,34,7,20,0.36363636363636365,29,55,421,,575,46,1,179,8,37,6,15,4,12,0.32432432432432434,20,37,180,,val,84,84
17,37,16,25,7,13,0.35135135135135137,17,37,546,,576,51,3,261,12,30,6,14,4,9,0.3,12,30,262,,val,64,64
46,84,25,59,14,32,0.38095238095238093,45,84,837,,577,49,2,316,19,55,7,23,7,18,0.32727272727272727,29,55,320,,val,122,122
39,75,16,53,13,32,0.4266666666666667,44,75,602,,578,49,6,201,10,57,2,24,8,25,0.43859649122807015,36,57,211,,val,101,101
9,43,7,23,4,14,0.32558139534883723,23,43,306,,579,51,5,157,5,22,4,8,2,5,0.22727272727272727,8,22,157,,val,64,64
27,60,15,43,10,23,0.38333333333333336,34,60,554,,580,54,1,200,12,42,2,22,6,18,0.42857142857142855,26,42,205,,val,93,93
27,72,12,47,9,27,0.375,40,72,565,,581,51,0,245,13,49,5,19,5,17,0.3469387755102041,27,49,249,,val,119,119
19,61,9,25,7,20,0.32786885245901637,31,61,475,,582,61,2,178,8,39,3,10,3,12,0.3076923076923077,21,39,185,,val,87,87
14,54,9,27,5,17,0.3148148148148148,27,54,369,,583,54,1,137,4,30,3,7,3,9,0.3,16,30,141,,val,91,91
43,81,24,60,16,37,0.4567901234567901,50,81,621,,584,42,1,140,9,43,3,15,7,21,0.4883720930232558,29,43,142,,val,100,100
28,50,14,38,8,20,0.4,28,50,384,,585,38,0,142,7,33,5,19,4,12,0.36363636363636365,19,33,145,,val,77,77
22,44,10,32,7,17,0.38636363636363635,24,44,498,,586,52,1,213,7,35,6,13,3,9,0.2571428571428571,17,35,221,,val,72,72
21,46,11,28,8,18,0.391304347826087,26,46,316,,587,45,4,102,6,36,2,9,5,17,0.4722222222222222,26,36,108,,val,72,72
23,63,13,37,9,22,0.3492063492063492,34,63,429,,588,46,3,176,9,43,5,12,4,16,0.37209302325581395,25,43,183,,val,94,94
30,59,12,46,13,28,0.4745762711864407,39,59,491,,589,51,1,130,8,31,2,13,5,12,0.3870967741935484,18,31,133,,val,76,76
28,48,16,39,9,21,0.4375,28,48,348,,590,36,3,157,12,36,6,21,5,14,0.3888888888888889,21,36,165,,val,94,94
15,61,12,29,7,17,0.2786885245901639,30,61,431,,591,52,0,157,5,33,3,12,3,11,0.3333333333333333,18,33,157,,val,96,96
23,58,11,35,8,20,0.3448275862068966,29,58,509,,592,52,1,208,9,36,6,18,5,12,0.3333333333333333,18,36,214,,val,90,90
27,62,10,43,10,25,0.4032258064516129,36,62,483,,593,51,2,145,9,34,3,14,6,14,0.4117647058823529,22,34,148,,val,87,87
13,28,8,17,4,9,0.32142857142857145,13,28,339,,594,52,3,159,7,16,3,8,3,5,0.3125,7,16,161,,val,50,50
20,42,9,30,6,16,0.38095238095238093,23,42,447,,595,55,1,210,7,30,5,17,4,10,0.3333333333333333,17,30,210,,val,73,73
30,55,10,39,9,25,0.45454545454545453,34,55,432,,596,46,1,146,6,35,4,14,4,13,0.37142857142857144,21,35,147,,val,83,83
24,61,16,39,9,20,0.32786885245901637,32,61,568,,597,52,7,242,13,46,6,20,6,15,0.32608695652173914,23,46,248,,val,89,89
36,73,11,55,10,30,0.410958904109589,43,73,678,,598,58,6,277,16,56,6,24,7,19,0.3392857142857143,30,56,288,,val,110,110
28,64,13,39,10,24,0.375,34,64,482,,599,45,3,175,11,40,5,18,5,16,0.4,24,40,176,,val,93,93
19,24,9,22,6,12,0.5,16,24,252,,600,38,1,58,5,16,1,9,3,7,0.4375,11,16,59,,val,40,40
49,88,19,62,15,38,0.4318181818181818,51,88,838,,601,53,1,206,12,51,1,25,9,23,0.45098039215686275,32,51,208,,val,118,118
33,71,20,51,13,28,0.39436619718309857,40,71,673,,602,51,2,195,8,48,2,18,6,19,0.3958333333333333,29,48,195,,val,101,101
29,57,16,46,11,24,0.42105263157894735,34,57,616,,603,56,4,246,16,41,3,26,7,17,0.4146341463414634,24,41,250,,val,90,90
20,55,11,30,6,17,0.3090909090909091,26,55,477,,604,53,3,177,8,29,4,12,4,9,0.3103448275862069,16,29,178,,val,80,80
25,67,12,36,10,23,0.34328358208955223,33,67,498,,605,54,5,190,11,39,4,19,5,15,0.38461538461538464,22,39,194,,val,90,90
15,40,9,23,7,14,0.35,20,40,340,,606,55,2,117,7,21,3,9,3,8,0.38095238095238093,13,21,118,,val,57,57
21,42,13,29,6,15,0.35714285714285715,21,42,487,,607,51,2,280,10,34,6,20,4,10,0.29411764705882354,17,34,285,,val,83,83
44,97,20,67,17,42,0.4329896907216495,58,97,761,,608,52,0,237,12,66,4,28,10,28,0.42424242424242425,42,66,245,,val,144,144
13,38,9,18,5,11,0.2894736842105263,18,38,322,,609,46,3,153,6,22,4,10,3,6,0.2727272727272727,10,22,155,,val,54,54
22,52,11,31,8,19,0.36538461538461536,27,52,425,,610,52,2,159,7,32,3,13,3,10,0.3125,17,32,165,,val,99,99
37,76,18,51,13,30,0.39473684210526316,42,76,640,,611,53,3,220,11,51,3,23,7,19,0.37254901960784315,29,51,228,,val,98,98
22,51,11,30,7,16,0.3137254901960784,24,51,481,,612,51,3,221,10,34,5,13,4,10,0.29411764705882354,16,34,223,,val,78,78
27,50,10,37,10,22,0.44,30,50,475,,613,53,1,137,7,27,2,14,4,12,0.4444444444444444,17,27,138,,val,80,80
27,59,13,36,9,22,0.3728813559322034,30,59,522,,614,52,2,224,13,47,6,17,7,16,0.3404255319148936,27,47,228,,val,91,91
22,61,12,34,7,20,0.32786885245901637,31,61,449,,615,48,2,136,6,32,2,12,3,12,0.375,19,32,139,,val,96,96
33,65,16,39,11,25,0.38461538461538464,34,65,530,,616,48,1,151,9,31,3,15,4,12,0.3870967741935484,18,31,151,,val,96,96
35,75,13,52,12,29,0.38666666666666666,41,75,679,,617,55,2,269,13,63,7,25,8,23,0.36507936507936506,36,63,275,,val,108,108
24,47,10,30,9,20,0.425531914893617,28,47,379,,618,46,3,93,7,22,3,9,4,10,0.45454545454545453,15,22,99,,val,56,56
39,71,16,46,13,30,0.4225352112676056,41,71,584,,619,50,4,211,13,54,5,19,7,21,0.3888888888888889,33,54,217,,val,95,95
24,43,13,32,9,20,0.46511627906976744,28,43,205,,620,23,0,68,12,20,2,13,5,11,0.55,14,20,69,,val,76,76
18,49,12,30,7,16,0.32653061224489793,25,49,465,,621,54,2,189,7,29,4,12,3,8,0.27586206896551724,13,29,192,,val,89,89
23,58,12,49,10,24,0.41379310344827586,37,58,340,,622,39,1,134,10,36,3,23,5,16,0.4444444444444444,23,36,135,,val,82,82
38,62,18,48,13,29,0.46774193548387094,39,62,330,,623,26,1,124,15,35,6,21,6,16,0.45714285714285713,23,35,125,,val,98,98
36,87,17,64,15,37,0.42528735632183906,52,87,677,,624,53,3,214,14,53,3,21,9,21,0.39622641509433965,32,53,220,,val,124,124
20,45,13,27,7,14,0.3111111111111111,20,45,531,,625,53,2,245,12,26,6,15,4,9,0.34615384615384615,13,26,247,,val,72,72
27,55,15,34,10,21,0.38181818181818183,28,55,512,,626,53,3,146,10,31,2,17,5,13,0.41935483870967744,17,31,146,,val,74,74
22,66,11,35,8,22,0.3333333333333333,34,66,454,,627,50,0,179,14,34,5,15,5,13,0.38235294117647056,20,34,183,,val,97,97
23,57,14,30,8,17,0.2982456140350877,26,57,533,,628,49,4,249,13,40,7,17,5,12,0.3,20,40,251,,val,94,94
24,54,10,31,7,18,0.3333333333333333,27,54,456,,629,49,2,177,8,30,5,15,4,10,0.3333333333333333,16,30,177,,val,90,90
23,56,14,33,8,17,0.30357142857142855,26,56,556,,630,54,1,236,9,41,6,15,5,12,0.2926829268292683,22,41,245,,val,90,90
30,54,14,39,10,23,0.42592592592592593,30,54,497,,631,50,0,184,14,41,4,24,8,19,0.4634146341463415,26,41,189,,val,87,87
27,58,14,38,10,23,0.39655172413793105,33,58,444,,632,42,0,127,7,31,4,10,4,12,0.3870967741935484,19,31,129,,val,82,82
18,38,12,26,7,15,0.39473684210526316,21,38,245,,633,32,2,77,6,18,3,12,3,8,0.4444444444444444,12,18,77,,val,60,60
33,62,17,48,11,26,0.41935483870967744,38,62,575,,634,49,0,148,11,28,4,14,5,11,0.39285714285714285,16,28,148,,val,97,97
23,46,11,24,7,16,0.34782608695652173,22,46,397,,635,45,7,180,10,30,4,14,4,10,0.3333333333333333,16,30,181,,val,66,66
18,48,10,33,8,19,0.3958333333333333,27,48,373,,636,51,3,134,8,32,3,12,5,11,0.34375,19,32,139,,val,73,73
25,48,12,31,9,20,0.4166666666666667,27,48,395,,637,50,0,126,5,28,2,13,3,11,0.39285714285714285,17,28,129,,val,67,67
21,60,11,27,9,20,0.3333333333333333,31,60,394,,638,49,4,169,11,39,4,17,6,15,0.38461538461538464,23,39,177,,val,99,99
56,96,30,70,18,40,0.4166666666666667,55,96,906,,639,46,3,277,20,70,5,33,12,30,0.42857142857142855,42,70,280,,val,126,126
26,69,15,43,9,20,0.2898550724637681,32,69,713,,640,55,7,329,16,53,7,24,5,16,0.3018867924528302,26,53,334,,val,95,95
20,48,9,32,7,21,0.4375,30,48,314,,641,42,1,122,6,30,2,12,4,12,0.4,18,30,124,,val,81,81
29,61,13,45,10,25,0.4098360655737705,35,61,559,,642,56,5,196,8,37,4,17,4,14,0.3783783783783784,22,37,202,,val,75,75
28,56,10,45,10,25,0.44642857142857145,35,56,338,,643,36,2,87,5,27,4,13,4,12,0.4444444444444444,19,27,89,,val,80,80
21,48,14,27,8,17,0.3541666666666667,24,48,404,,644,50,2,135,10,26,3,14,5,10,0.38461538461538464,14,26,138,,val,75,75
23,41,14,27,7,15,0.36585365853658536,21,41,546,,645,52,1,253,10,30,7,14,3,8,0.26666666666666666,13,30,254,,val,75,75
24,55,11,32,8,18,0.32727272727272727,27,55,458,,646,49,1,148,8,27,3,12,4,10,0.37037037037037035,16,27,148,,val,81,81
42,86,20,63,15,36,0.4186046511627907,51,86,746,,647,53,3,214,12,48,4,19,7,18,0.375,27,48,218,,val,103,103
26,64,13,46,9,24,0.375,36,64,612,,648,56,5,274,10,46,7,23,5,16,0.34782608695652173,25,46,277,,val,87,87
27,53,15,34,8,19,0.3584905660377358,27,53,520,,649,50,0,212,10,31,5,18,5,11,0.3548387096774194,17,31,213,,val,84,84
27,50,12,40,9,23,0.46,32,50,433,,650,48,5,137,8,38,3,10,4,13,0.34210526315789475,24,38,141,,val,74,74
55,86,28,69,19,40,0.46511627906976744,52,86,933,,651,56,7,307,18,60,6,29,9,23,0.38333333333333336,35,60,309,,val,102,102
32,76,16,46,11,27,0.35526315789473684,40,76,620,,652,58,5,199,9,48,4,19,6,19,0.3958333333333333,29,48,202,,val,117,117
23,44,13,29,8,18,0.4090909090909091,24,44,394,,653,46,9,144,10,33,4,17,5,15,0.45454545454545453,21,33,152,,val,56,56
28,64,14,47,10,25,0.390625,36,64,593,,654,60,2,244,15,44,5,24,7,17,0.38636363636363635,24,44,247,,val,97,97
36,73,18,58,15,33,0.4520547945205479,46,73,705,,655,58,4,228,10,52,3,27,7,22,0.4230769230769231,32,52,235,,val,92,92
32,69,16,55,13,30,0.43478260869565216,45,69,356,,656,34,3,121,11,41,2,23,8,20,0.4878048780487805,29,41,126,,val,98,98
26,50,19,35,9,18,0.36,25,50,638,,657,54,3,270,13,31,8,20,6,12,0.3870967741935484,17,31,272,,val,66,66
31,63,18,44,11,24,0.38095238095238093,33,63,651,,658,52,5,257,15,51,6,25,9,19,0.37254901960784315,29,51,263,,val,87,87
19,66,11,32,8,21,0.3181818181818182,33,66,565,,659,64,2,188,9,38,2,9,5,13,0.34210526315789475,22,38,188,,val,85,85
26,55,6,36,10,25,0.45454545454545453,34,55,330,,660,42,0,128,7,37,3,13,5,17,0.4594594594594595,24,37,133,,val,80,80
24,47,17,33,8,17,0.3617021276595745,23,47,645,,661,57,2,282,12,30,7,15,4,9,0.3,13,30,284,,val,78,78
33,64,18,44,11,26,0.40625,37,64,572,,662,48,1,211,13,40,5,20,6,15,0.375,22,40,211,,val,89,89
34,70,11,43,10,26,0.37142857142857144,37,70,540,,663,50,3,216,11,44,6,20,6,16,0.36363636363636365,25,44,225,,val,101,101
34,69,17,43,11,26,0.37681159420289856,36,69,604,,664,49,1,202,9,40,4,20,5,16,0.4,24,40,209,,val,94,94
32,62,14,44,9,23,0.3709677419354839,34,62,589,,665,49,3,217,11,43,5,17,5,14,0.32558139534883723,23,43,223,,val,97,97
34,69,17,47,12,28,0.4057971014492754,39,69,600,,666,55,4,172,8,39,5,14,5,14,0.358974358974359,23,39,173,,val,96,96
31,49,18,39,10,21,0.42857142857142855,29,49,639,,667,57,4,235,12,43,6,18,6,15,0.3488372093023256,25,43,239,,val,74,74
25,69,14,45,9,24,0.34782608695652173,37,69,597,,668,51,0,263,10,46,6,22,5,15,0.32608695652173914,23,46,268,,val,125,125
24,50,18,30,9,17,0.34,23,50,565,,669,52,4,223,12,37,2,21,6,15,0.40540540540540543,21,37,229,,val,76,76
25,68,12,42,9,24,0.35294117647058826,36,68,559,,670,51,5,208,10,40,5,16,5,13,0.325,20,40,213,,val,95,95
26,60,13,39,8,21,0.35,31,60,598,,671,54,1,220,9,37,4,16,4,12,0.32432432432432434,20,37,221,,val,94,94
16,44,7,25,5,14,0.3181818181818182,20,44,403,,672,55,3,151,5,29,5,9,3,8,0.27586206896551724,15,29,155,,val,77,77
35,51,12,43,10,25,0.49019607843137253,33,51,364,,673,35,0,115,8,28,6,16,5,11,0.39285714285714285,17,28,115,,val,81,81
17,62,9,38,7,23,0.3709677419354839,35,62,437,,674,52,0,129,6,27,4,7,3,7,0.25925925925925924,15,27,129,,val,87,87
22,40,12,29,7,16,0.4,23,40,278,,675,32,1,114,8,27,5,14,4,10,0.37037037037037035,16,27,115,,val,66,66
11,23,5,15,3,8,0.34782608695652173,12,23,169,,676,38,0,70,5,12,3,8,2,5,0.4166666666666667,7,12,70,,val,46,46
36,77,16,56,15,33,0.42857142857142855,46,77,663,,677,55,5,185,9,43,3,18,6,16,0.37209302325581395,25,43,185,,val,87,87
17,56,5,25,8,22,0.39285714285714285,34,56,279,,678,41,1,97,7,30,1,7,3,11,0.36666666666666664,21,30,97,,val,82,82
30,78,14,48,11,28,0.358974358974359,41,78,841,,679,79,2,371,13,64,5,21,6,18,0.28125,31,64,386,,val,102,102
26,65,14,44,10,24,0.36923076923076925,36,65,540,,680,52,3,174,8,41,3,19,6,18,0.43902439024390244,26,41,177,,val,100,100
44,105,22,67,16,37,0.3523809523809524,54,105,1221,,681,77,3,427,19,56,5,26,6,18,0.32142857142857145,26,56,427,,val,137,137
24,55,14,34,8,19,0.34545454545454546,26,55,562,,682,55,3,263,10,43,7,21,5,14,0.32558139534883723,22,43,269,,val,78,78
21,48,10,28,7,17,0.3541666666666667,24,48,429,,683,52,4,153,5,34,4,15,4,13,0.38235294117647056,19,34,157,,val,82,82
21,49,9,28,7,17,0.3469387755102041,25,49,382,,684,48,0,156,8,29,4,11,4,9,0.3103448275862069,16,29,157,,val,82,82
24,61,16,33,8,16,0.26229508196721313,24,61,693,,685,53,8,338,14,43,8,18,5,12,0.27906976744186046,17,43,341,,val,97,97
38,68,18,54,12,29,0.4264705882352941,40,68,673,,686,50,2,204,14,41,5,22,6,17,0.4146341463414634,24,41,207,,val,82,82
33,84,17,51,11,30,0.35714285714285715,46,84,680,,687,49,3,282,15,61,5,23,7,21,0.3442622950819672,35,61,285,,val,116,116
22,46,16,30,7,15,0.32608695652173914,22,46,568,,688,51,4,244,8,35,5,16,4,9,0.2571428571428571,16,35,251,,val,89,89
48,73,28,54,16,33,0.4520547945205479,43,73,485,,689,27,3,135,14,39,7,24,7,18,0.46153846153846156,26,39,137,,val,98,98
36,83,20,51,12,29,0.3493975903614458,43,83,1010,,690,64,1,438,18,50,11,26,7,17,0.34,25,50,443,,val,107,107
26,53,9,39,9,23,0.4339622641509434,32,53,298,,691,35,1,102,9,29,4,17,5,13,0.4482758620689655,19,29,105,,val,77,77
30,54,13,37,11,25,0.46296296296296297,33,54,412,,692,47,3,131,9,35,2,11,6,15,0.42857142857142855,22,35,132,,val,84,84
36,72,13,53,11,30,0.4166666666666667,43,72,573,,693,49,1,186,8,44,3,14,4,15,0.3409090909090909,26,44,187,,val,93,93
22,66,14,35,8,20,0.30303030303030304,33,66,551,,694,52,2,247,11,40,5,17,5,13,0.325,22,40,251,,val,73,73
23,60,9,31,7,20,0.3333333333333333,31,60,427,,695,50,6,169,11,32,5,13,4,10,0.3125,16,32,177,,val,89,89
25,62,12,47,9,25,0.4032258064516129,37,62,537,,696,55,2,151,8,27,4,10,4,8,0.2962962962962963,13,27,152,,val,79,79
42,84,17,58,16,37,0.44047619047619047,50,84,677,,697,53,2,244,15,55,3,24,8,21,0.38181818181818183,32,55,251,,val,101,101
23,67,14,37,8,21,0.31343283582089554,33,67,566,,698,59,0,283,10,44,5,20,4,13,0.29545454545454547,20,44,284,,val,103,103
20,55,11,36,8,20,0.36363636363636365,30,55,461,,699,51,1,162,7,28,4,11,3,9,0.32142857142857145,15,28,162,,val,76,76
29,57,8,42,11,26,0.45614035087719296,37,57,399,,700,48,2,83,7,29,0,12,7,15,0.5172413793103449,21,29,86,,val,77,77
11,48,8,21,5,12,0.25,22,48,368,,701,52,4,142,4,21,2,8,2,5,0.23809523809523808,10,21,142,,val,95,95
28,58,12,33,8,20,0.3448275862068966,29,58,477,,702,50,2,181,9,30,3,12,3,9,0.3,15,30,183,,val,87,87
37,72,18,54,14,31,0.4305555555555556,43,72,653,,703,58,4,195,11,39,2,24,7,19,0.48717948717948717,25,39,195,,val,100,100
18,38,8,26,6,14,0.3684210526315789,21,38,337,,704,50,4,110,4,26,2,6,2,8,0.3076923076923077,15,26,111,,val,60,60
20,38,7,30,6,15,0.39473684210526316,22,38,262,,705,40,3,94,8,24,2,11,3,9,0.375,15,24,97,,val,56,56
30,55,15,34,11,23,0.41818181818181815,30,55,443,,706,46,4,163,11,38,4,18,6,16,0.42105263157894735,23,38,168,,val,75,75
21,53,12,29,8,17,0.32075471698113206,27,53,442,,707,49,3,190,12,34,5,16,5,12,0.35294117647058826,18,34,194,,val,85,85
32,56,13,38,10,24,0.42857142857142855,32,56,428,,708,45,0,102,7,31,2,14,5,14,0.45161290322580644,21,31,108,,val,79,79
27,77,16,44,11,26,0.33766233766233766,40,77,570,,709,52,0,255,13,45,7,20,6,15,0.3333333333333333,23,45,257,,val,112,112
32,54,16,41,11,24,0.4444444444444444,33,54,477,,710,45,2,134,10,36,1,19,8,18,0.5,24,36,135,,val,69,69
22,57,9,33,7,21,0.3684210526315789,31,57,428,,711,56,1,152,6,31,3,11,3,10,0.3225806451612903,17,31,154,,val,76,76
40,67,20,52,13,29,0.43283582089552236,40,67,629,,712,45,7,218,17,45,5,24,8,20,0.4444444444444444,28,45,223,,val,86,86
20,48,13,27,6,13,0.2708333333333333,19,48,612,,713,60,0,249,10,30,6,15,3,8,0.26666666666666666,13,30,251,,val,104,104
21,49,9,26,7,18,0.3673469387755102,26,49,325,,714,43,1,124,6,28,3,12,3,11,0.39285714285714285,17,28,126,,val,80,80
21,45,16,28,7,14,0.3111111111111111,20,45,525,,715,47,1,214,8,23,5,12,3,7,0.30434782608695654,11,23,215,,val,83,83
14,54,6,28,5,18,0.3333333333333333,28,54,367,,716,53,0,144,4,26,3,8,3,6,0.23076923076923078,12,26,145,,val,93,93
24,61,10,34,8,21,0.3442622950819672,31,61,475,,717,53,4,235,14,46,5,19,6,14,0.30434782608695654,23,46,252,,val,90,90
35,75,17,52,13,31,0.41333333333333333,43,75,739,,718,62,4,257,14,59,3,23,10,25,0.423728813559322,37,59,268,,val,99,99
24,52,12,29,7,17,0.3269230769230769,25,52,486,,719,51,1,179,7,39,3,16,4,14,0.358974358974359,21,39,180,,val,83,83
21,49,6,32,6,19,0.3877551020408163,27,49,395,,720,53,0,141,4,33,2,11,3,12,0.36363636363636365,19,33,143,,val,74,74
24,54,12,34,7,18,0.3333333333333333,27,54,527,,721,56,7,219,9,37,5,13,4,11,0.2972972972972973,20,37,221,,val,83,83
21,47,12,34,7,16,0.3404255319148936,24,47,501,,722,55,3,117,5,26,3,9,3,9,0.34615384615384615,15,26,120,,val,78,78
24,55,18,37,8,19,0.34545454545454546,28,55,589,,723,52,3,249,10,30,7,18,4,10,0.3333333333333333,16,30,252,,val,80,80
38,78,19,50,11,28,0.358974358974359,41,78,662,,724,47,1,276,16,50,7,19,5,15,0.3,25,50,280,,val,110,110
48,82,25,68,16,36,0.43902439024390244,50,82,876,,725,55,5,223,9,58,2,29,8,27,0.46551724137931033,37,58,234,,val,106,106
18,36,11,25,6,12,0.3333333333333333,18,36,397,,726,46,1,182,8,23,6,11,3,7,0.30434782608695654,10,23,183,,val,87,87
14,48,8,24,5,14,0.2916666666666667,24,48,377,,727,52,2,174,5,30,3,8,3,7,0.23333333333333334,15,30,184,,val,71,71
11,34,4,19,5,14,0.4117647058823529,21,34,196,,728,41,2,62,4,20,1,6,3,9,0.45,14,20,66,,val,55,55
38,80,20,63,14,33,0.4125,48,80,514,,729,38,4,175,17,50,4,24,8,21,0.42,33,50,175,,val,99,99
24,71,15,44,10,26,0.36619718309859156,39,71,519,,730,51,7,209,12,51,4,22,8,20,0.39215686274509803,30,51,216,,val,90,90
17,31,6,22,6,14,0.45161290322580644,19,31,243,,731,50,0,52,2,12,2,3,2,3,0.25,7,12,52,,val,41,41
25,62,17,33,9,19,0.3064516129032258,27,62,565,,732,50,7,227,11,45,5,19,5,15,0.3333333333333333,25,45,237,,val,94,94
18,40,9,32,9,20,0.5,27,40,199,,733,35,0,39,4,19,0,8,4,11,0.5789473684210527,15,19,43,,val,73,73
30,74,15,49,9,24,0.32432432432432434,38,74,718,,734,57,2,312,11,50,5,21,4,14,0.28,24,50,313,,val,91,91
21,47,12,29,7,16,0.3404255319148936,23,47,448,,735,52,2,184,11,31,5,16,5,12,0.3870967741935484,18,31,191,,val,82,82
20,48,15,29,7,16,0.3333333333333333,24,48,467,,736,49,3,192,9,30,5,13,4,10,0.3333333333333333,16,30,192,,val,59,59
26,75,14,43,12,27,0.36,41,75,520,,737,53,3,202,12,52,4,24,9,23,0.4423076923076923,34,52,216,,val,106,106
38,79,20,56,15,33,0.4177215189873418,46,79,870,,738,67,3,218,11,47,2,15,6,17,0.3617021276595745,26,47,225,,val,103,103
14,52,9,23,5,12,0.23076923076923078,22,52,440,,739,52,1,172,8,29,4,10,3,7,0.2413793103448276,13,29,172,,val,83,83
37,66,18,53,14,29,0.4393939393939394,39,66,478,,740,38,4,164,16,47,5,28,8,21,0.44680851063829785,31,47,166,,val,96,96
32,84,19,51,14,31,0.36904761904761907,47,84,582,,741,47,6,248,17,57,5,26,8,23,0.40350877192982454,34,57,261,,val,118,118
43,75,18,60,15,34,0.4533333333333333,46,75,486,,742,39,2,178,16,53,5,34,10,26,0.49056603773584906,35,53,181,,val,102,102
35,66,11,45,11,28,0.42424242424242425,38,66,551,,743,54,3,143,6,39,3,9,4,14,0.358974358974359,25,39,145,,val,84,84
22,58,12,38,9,22,0.3793103448275862,34,58,441,,745,49,2,168,12,37,4,14,5,12,0.32432432432432434,20,37,172,,val,79,79
24,62,12,35,8,19,0.3064516129032258,29,62,524,,746,49,3,231,13,39,5,17,4,12,0.3076923076923077,20,39,234,,val,101,101
22,45,9,29,7,19,0.4222222222222222,26,45,334,,747,42,0,100,4,25,3,6,3,8,0.32,15,25,104,,val,68,68
27,79,12,44,12,33,0.4177215189873418,47,79,597,,748,62,6,215,8,50,3,16,6,19,0.38,29,50,217,,val,99,99
28,51,17,36,11,23,0.45098039215686275,30,51,446,,749,47,1,94,7,34,0,14,7,16,0.47058823529411764,25,34,96,,val,72,72
28,55,17,40,10,22,0.4,32,55,509,,750,46,2,144,9,36,3,17,6,17,0.4722222222222222,24,36,148,,val,88,88
28,66,14,39,10,24,0.36363636363636365,36,66,646,,751,61,1,246,12,49,4,16,6,17,0.3469387755102041,27,49,248,,val,100,100
32,70,21,47,12,24,0.34285714285714286,36,70,706,,752,49,8,226,14,46,5,19,6,16,0.34782608695652173,25,46,232,,val,92,92
36,71,19,52,14,30,0.4225352112676056,42,71,603,,753,50,2,183,12,41,4,20,6,17,0.4146341463414634,25,41,187,,val,96,96
25,41,15,34,9,19,0.4634146341463415,25,41,590,,754,63,2,196,11,31,3,15,6,14,0.45161290322580644,20,31,200,,val,58,58
15,33,8,21,5,9,0.2727272727272727,15,33,380,,755,49,1,172,8,23,5,12,2,7,0.30434782608695654,11,23,179,,val,78,78
30,52,16,40,10,21,0.40384615384615385,30,52,559,,756,60,7,193,11,41,4,18,5,15,0.36585365853658536,22,41,203,,val,74,74
22,60,9,33,7,20,0.3333333333333333,30,60,491,,757,55,2,207,7,34,5,15,4,11,0.3235294117647059,17,34,210,,val,74,74
36,59,16,45,12,27,0.4576271186440678,36,59,538,,758,48,2,171,11,37,3,19,6,17,0.4594594594594595,24,37,172,,val,78,78
25,62,14,39,8,20,0.3225806451612903,30,62,600,,759,56,3,259,11,44,6,20,5,13,0.29545454545454547,21,44,265,,val,108,108
28,65,13,43,10,24,0.36923076923076925,35,65,560,,760,59,2,234,14,47,5,21,6,17,0.3617021276595745,27,47,247,,val,99,99
27,62,15,39,10,24,0.3870967741935484,35,62,484,,761,48,0,197,12,45,5,18,6,18,0.4,27,45,201,,val,103,103
22,40,10,26,7,15,0.375,22,40,361,,762,50,1,135,7,27,4,12,4,10,0.37037037037037035,15,27,138,,val,80,80
17,37,10,23,6,14,0.3783783783783784,18,37,390,,763,53,2,138,6,24,3,10,3,7,0.2916666666666667,12,24,138,,val,67,67
27,58,13,36,9,23,0.39655172413793105,32,58,481,,764,54,3,140,8,35,2,14,5,14,0.4,21,35,144,,val,77,77
31,78,15,53,12,31,0.3974358974358974,46,78,613,,765,51,4,208,9,51,3,20,6,19,0.37254901960784315,30,51,211,,val,99,99
23,54,15,35,8,19,0.35185185185185186,28,54,519,,766,51,4,174,8,33,3,14,4,11,0.3333333333333333,18,33,174,,val,76,76
34,72,20,48,14,30,0.4166666666666667,41,72,738,,767,62,2,245,12,46,3,21,8,19,0.41304347826086957,28,46,245,,val,94,94
33,67,20,51,11,26,0.3880597014925373,38,67,722,,768,51,2,304,14,48,8,23,6,16,0.3333333333333333,26,48,309,,val,90,90
19,54,11,27,6,16,0.2962962962962963,25,54,423,,769,50,0,121,7,29,3,9,4,11,0.3793103448275862,17,29,124,,val,81,81
23,55,13,34,7,17,0.3090909090909091,28,55,501,,770,49,2,216,8,36,6,14,4,10,0.2777777777777778,17,36,221,,val,94,94
13,33,10,16,5,9,0.2727272727272727,13,33,378,,771,50,0,162,10,20,5,11,3,8,0.4,10,20,162,,val,63,63
21,41,10,27,6,16,0.3902439024390244,22,41,376,,772,47,2,106,7,30,2,9,4,12,0.4,20,30,108,,val,70,70
19,45,6,25,6,17,0.37777777777777777,26,45,315,,773,49,4,139,8,36,4,12,5,16,0.4444444444444444,24,36,148,,val,64,64
25,68,14,47,10,27,0.39705882352941174,39,68,542,,774,55,3,185,8,45,3,18,5,18,0.4,27,45,190,,val,92,92
31,73,19,46,13,28,0.3835616438356164,40,73,513,,775,44,3,144,8,40,3,15,6,18,0.45,26,40,145,,val,103,103
40,68,16,46,11,30,0.4411764705882353,39,68,584,,776,47,5,177,8,42,3,14,4,15,0.35714285714285715,25,42,179,,val,87,87
29,74,15,43,10,25,0.33783783783783783,37,74,610,,777,52,0,234,11,44,5,21,5,15,0.3409090909090909,23,44,239,,val,111,111
30,65,8,39,13,28,0.4307692307692308,38,65,365,,778,45,0,105,7,32,2,15,6,15,0.46875,22,32,105,,val,94,94
22,61,13,33,8,19,0.3114754098360656,29,61,533,,779,52,2,244,10,41,6,16,4,12,0.2926829268292683,21,41,253,,val,100,100
20,55,12,35,7,17,0.3090909090909091,27,55,550,,780,53,1,269,12,31,5,18,4,10,0.3225806451612903,15,31,272,,val,86,86
16,49,10,25,6,13,0.2653061224489796,20,49,469,,781,55,5,237,10,33,6,17,4,10,0.30303030303030304,15,33,240,,val,79,79
37,50,23,50,13,26,0.52,35,50,175,,782,14,1,63,14,27,6,27,7,15,0.5555555555555556,21,27,63,,val,103,103
22,54,11,31,7,16,0.2962962962962963,25,54,542,,783,58,1,184,8,31,4,12,3,9,0.2903225806451613,16,31,190,,val,89,89
34,66,22,52,15,30,0.45454545454545453,41,66,583,,784,52,1,151,6,39,3,18,5,17,0.4358974358974359,24,39,152,,val,81,81
32,75,15,50,10,28,0.37333333333333335,42,75,699,,785,57,3,235,10,45,6,21,6,16,0.35555555555555557,26,45,238,,val,110,110
20,40,8,28,8,17,0.425,23,40,346,,786,50,5,117,9,32,2,13,5,12,0.375,20,32,125,,val,65,65
38,77,16,55,14,33,0.42857142857142855,45,77,610,,787,49,2,165,10,46,3,14,6,20,0.43478260869565216,30,46,168,,val,100,100
32,63,15,42,13,26,0.4126984126984127,35,63,554,,788,54,1,197,14,38,4,21,7,16,0.42105263157894735,22,38,202,,val,91,91
21,58,10,36,7,20,0.3448275862068966,31,58,509,,789,51,1,245,10,44,8,16,5,13,0.29545454545454547,24,44,246,,val,92,92
26,55,13,41,9,22,0.4,32,55,525,,790,55,4,185,9,39,3,17,5,14,0.358974358974359,21,39,192,,val,75,75
22,45,10,34,7,19,0.4222222222222222,27,45,367,,791,48,1,124,5,22,2,9,2,7,0.3181818181818182,13,22,126,,val,75,75
24,45,8,30,7,19,0.4222222222222222,27,45,349,,792,49,0,84,3,26,2,5,2,10,0.38461538461538464,18,26,87,,val,79,79
27,55,13,36,9,22,0.4,30,55,485,,793,54,6,163,10,31,3,17,5,13,0.41935483870967744,19,31,167,,val,72,72
40,89,19,62,16,37,0.4157303370786517,52,89,697,,794,51,8,202,7,61,5,22,9,27,0.4426229508196721,41,61,203,,val,108,108
25,56,13,31,8,19,0.3392857142857143,28,56,454,,795,46,0,177,9,29,4,13,4,10,0.3448275862068966,17,29,178,,val,83,83
25,61,11,38,8,23,0.3770491803278688,35,61,448,,796,49,3,164,10,37,3,16,5,15,0.40540540540540543,23,37,168,,val,102,102
39,79,19,54,13,33,0.4177215189873418,46,79,590,,797,47,4,175,14,46,3,22,9,21,0.45652173913043476,30,46,182,,val,104,104
27,52,15,33,9,19,0.36538461538461536,27,52,507,,798,43,4,209,16,34,8,19,7,14,0.4117647058823529,19,34,211,,val,76,76
33,73,15,54,15,34,0.4657534246575342,45,73,549,,799,53,8,210,11,57,4,24,9,25,0.43859649122807015,36,57,218,,val,108,108
17,32,11,17,5,11,0.34375,15,32,413,,800,50,3,220,10,29,5,15,4,9,0.3103448275862069,14,29,226,,val,69,69
30,79,11,49,10,29,0.3670886075949367,44,79,602,,801,53,0,223,7,44,4,15,4,14,0.3181818181818182,24,44,223,,val,101,101
26,63,14,42,9,23,0.36507936507936506,34,63,575,,802,52,6,246,11,38,6,21,5,14,0.3684210526315789,20,38,249,,val,85,85
23,52,12,32,8,19,0.36538461538461536,27,52,479,,803,54,6,243,11,31,6,19,5,11,0.3548387096774194,17,31,246,,val,78,78
26,49,14,33,9,20,0.40816326530612246,27,49,420,,804,48,1,124,11,29,3,13,6,12,0.41379310344827586,18,29,127,,val,64,64
13,40,4,17,4,12,0.3,22,40,268,,805,54,1,95,3,22,3,4,2,6,0.2727272727272727,13,22,96,,val,59,59
27,50,13,37,8,19,0.38,27,50,363,,806,40,3,127,9,29,5,12,4,9,0.3103448275862069,17,29,128,,val,83,83
24,51,9,30,7,19,0.37254901960784315,27,51,391,,807,49,2,123,7,24,3,13,3,10,0.4166666666666667,15,24,124,,val,73,73
26,63,16,38,10,23,0.36507936507936506,35,63,445,,808,41,1,157,9,39,4,15,5,14,0.358974358974359,23,39,161,,val,89,89
49,75,23,60,16,35,0.4666666666666667,46,75,808,,809,57,2,224,13,52,2,25,9,23,0.4423076923076923,33,52,231,,val,93,93
32,71,20,43,11,26,0.36619718309859156,38,71,555,,810,44,1,267,16,52,7,26,7,20,0.38461538461538464,29,52,272,,val,100,100
19,50,8,26,8,19,0.38,28,50,291,,811,42,2,137,11,32,3,15,5,12,0.375,18,32,143,,val,75,75
13,21,9,15,5,9,0.42857142857142855,11,21,314,,812,48,0,135,6,16,5,11,3,6,0.375,9,16,137,,val,61,61
20,27,11,22,6,12,0.4444444444444444,17,27,309,,813,50,4,93,7,18,2,9,4,7,0.3888888888888889,10,18,95,,val,41,41
21,56,12,40,7,18,0.32142857142857145,28,56,556,,814,54,4,217,9,35,4,16,4,10,0.2857142857142857,17,35,221,,val,71,71
37,88,17,53,13,33,0.375,48,88,606,,815,41,2,199,12,42,6,18,6,16,0.38095238095238093,25,42,200,,val,127,127
32,61,17,38,10,22,0.36065573770491804,31,61,615,,816,53,3,241,12,41,6,23,6,16,0.3902439024390244,22,41,243,,val,81,81
24,64,14,33,9,22,0.34375,33,64,427,,817,41,2,211,12,46,5,17,5,15,0.32608695652173914,25,46,215,,val,114,114
12,26,8,21,5,11,0.4230769230769231,16,26,175,,818,32,4,49,4,10,2,6,2,4,0.4,6,10,49,,val,35,35
40,93,15,56,14,37,0.3978494623655914,51,93,834,,819,67,4,334,13,67,6,26,8,25,0.373134328358209,38,67,344,,val,120,120
17,44,12,28,6,12,0.2727272727272727,20,44,488,,820,51,5,248,11,34,7,13,4,9,0.2647058823529412,15,34,250,,val,76,76
17,34,11,20,6,11,0.3235294117647059,15,34,432,,821,49,2,216,12,24,6,14,4,9,0.375,12,24,218,,val,74,74
20,50,12,28,8,17,0.34,24,50,417,,822,50,2,153,9,34,5,14,4,13,0.38235294117647056,20,34,157,,val,71,71
27,51,16,37,9,19,0.37254901960784315,28,51,539,,823,54,5,185,11,29,4,16,5,11,0.3793103448275862,17,29,186,,val,69,69
20,46,12,26,9,17,0.3695652173913043,24,46,383,,824,48,2,146,12,37,2,18,7,16,0.43243243243243246,22,37,150,,val,79,79
36,65,14,46,10,27,0.4153846153846154,37,65,594,,825,50,7,241,12,48,5,12,4,15,0.3125,27,48,247,,val,92,92
21,49,10,31,7,18,0.3673469387755102,27,49,364,,826,44,3,175,10,38,4,14,4,14,0.3684210526315789,23,38,180,,val,89,89
35,64,13,46,12,29,0.453125,39,64,488,,827,46,7,144,8,39,3,17,6,18,0.46153846153846156,25,39,149,,val,94,94
34,65,14,51,13,30,0.46153846153846156,40,65,601,,828,53,6,143,5,43,2,18,7,21,0.4883720930232558,29,43,146,,val,97,97
14,53,9,26,6,14,0.2641509433962264,24,53,431,,829,51,4,211,8,37,6,9,4,8,0.21621621621621623,16,37,213,,val,87,87
22,48,8,34,9,21,0.4375,30,48,335,,830,44,2,69,5,24,1,8,4,11,0.4583333333333333,17,24,73,,val,66,66
51,99,24,72,18,41,0.41414141414141414,57,99,896,,831,55,3,247,11,61,5,26,9,27,0.4426229508196721,39,61,251,,val,124,124
23,52,15,31,8,16,0.3076923076923077,24,52,534,,832,49,1,213,12,29,7,16,5,11,0.3793103448275862,15,29,215,,val,74,74
25,43,17,27,8,17,0.3953488372093023,22,43,441,,833,46,2,191,14,32,4,19,6,14,0.4375,19,32,198,,val,61,61
59,98,21,71,19,45,0.45918367346938777,58,98,946,,834,58,4,309,19,69,3,34,11,30,0.43478260869565216,44,69,317,,val,127,127
36,61,19,42,12,26,0.4262295081967213,35,61,543,,835,48,2,168,12,28,4,17,5,13,0.4642857142857143,18,28,169,,val,85,85
42,61,19,49,13,30,0.4918032786885246,40,61,339,,836,26,2,113,13,39,6,20,7,18,0.46153846153846156,28,39,115,,val,103,103
43,69,13,50,14,32,0.463768115942029,42,69,567,,837,49,3,173,11,46,3,17,6,19,0.41304347826086957,29,46,179,,val,100,100
39,77,20,58,16,36,0.4675324675324675,49,77,531,,838,47,0,150,9,47,2,22,9,23,0.48936170212765956,32,47,153,,val,97,97
31,64,15,49,11,26,0.40625,37,64,414,,839,40,4,162,14,43,4,29,6,19,0.4418604651162791,28,43,172,,val,94,94
16,54,10,31,8,20,0.37037037037037035,29,54,379,,840,55,3,112,5,32,2,7,4,15,0.46875,21,32,118,,val,84,84
39,65,16,55,13,31,0.47692307692307695,41,65,434,,841,36,1,151,13,40,3,26,6,18,0.45,26,40,152,,val,116,116
37,75,13,52,14,34,0.4533333333333333,46,75,523,,842,46,3,151,11,42,3,21,9,21,0.5,29,42,153,,val,104,104
28,54,15,38,10,21,0.3888888888888889,29,54,536,,843,57,5,159,5,35,3,18,4,15,0.42857142857142855,22,35,160,,val,78,78
47,99,22,64,18,42,0.42424242424242425,58,99,679,,844,50,2,207,15,56,3,24,9,23,0.4107142857142857,35,56,211,,val,114,114
27,54,13,37,10,23,0.42592592592592593,32,54,410,,845,48,4,86,6,30,0,11,6,15,0.5,22,30,88,,val,78,78
44,81,20,60,14,33,0.4074074074074074,45,81,846,,846,53,0,230,14,43,5,20,7,16,0.37209302325581395,24,43,230,,val,103,103
36,77,24,50,12,27,0.35064935064935066,36,77,905,,847,55,1,365,22,59,11,31,10,21,0.3559322033898305,31,59,378,,val,111,111
38,94,17,54,13,33,0.35106382978723405,47,94,1006,,848,77,4,403,12,64,7,25,8,21,0.328125,34,64,406,,val,117,117
35,76,16,53,13,30,0.39473684210526316,43,76,668,,849,58,0,240,16,48,4,26,9,21,0.4375,30,48,246,,val,107,107
24,44,9,32,7,18,0.4090909090909091,24,44,463,,850,58,2,174,7,30,5,13,4,11,0.36666666666666664,17,30,175,,val,70,70
21,50,9,28,8,19,0.38,27,50,375,,851,52,3,111,5,32,2,13,5,14,0.4375,21,32,114,,val,77,77
10,35,7,17,4,11,0.3142857142857143,17,35,231,,852,53,2,58,4,21,0,6,4,10,0.47619047619047616,15,21,60,,val,61,61
29,65,18,38,10,23,0.35384615384615387,33,65,537,,853,48,4,206,13,44,5,20,6,16,0.36363636363636365,23,44,210,,val,103,103
27,68,15,42,10,24,0.35294117647058826,35,68,616,,854,56,1,235,10,39,6,19,5,14,0.358974358974359,21,39,237,,val,91,91
24,55,9,29,8,21,0.38181818181818183,30,55,353,,855,46,1,113,3,27,2,9,2,11,0.4074074074074074,16,27,113,,val,72,72
27,40,14,32,8,17,0.425,23,40,364,,856,37,3,143,12,29,3,18,4,12,0.41379310344827586,17,29,144,,val,68,68
29,64,16,39,9,22,0.34375,33,64,543,,857,48,4,255,16,42,7,22,5,15,0.35714285714285715,23,42,257,,val,79,79
32,72,15,48,11,28,0.3888888888888889,41,72,548,,858,48,2,207,10,49,6,18,5,17,0.3469387755102041,29,49,209,,val,90,90
19,48,11,28,8,17,0.3541666666666667,27,48,351,,859,44,3,117,7,26,4,11,4,11,0.4230769230769231,16,26,119,,val,76,76
27,66,12,39,11,28,0.42424242424242425,39,66,423,,860,42,2,175,11,41,4,16,5,16,0.3902439024390244,24,41,182,,val,111,111
40,86,21,57,15,34,0.3953488372093023,46,86,737,,861,52,1,219,13,55,4,24,9,23,0.41818181818181815,33,55,224,,val,107,107
36,64,17,45,12,28,0.4375,38,64,545,,862,46,8,148,11,41,2,19,8,19,0.4634146341463415,26,41,153,,val,83,83
31,79,18,39,10,23,0.2911392405063291,35,79,702,,863,52,3,281,11,41,7,21,5,13,0.3170731707317073,20,41,283,,val,106,106
21,49,7,27,6,17,0.3469387755102041,26,49,369,,864,46,5,158,7,35,4,10,4,10,0.2857142857142857,19,35,161,,val,68,68
30,63,15,38,10,23,0.36507936507936506,33,63,500,,865,45,2,167,10,37,4,13,4,12,0.32432432432432434,20,37,172,,val,98,98
28,44,16,30,9,18,0.4090909090909091,24,44,527,,866,56,2,184,7,32,3,15,3,11,0.34375,18,32,184,,val,71,71
19,61,13,36,8,19,0.3114754098360656,31,61,535,,867,55,2,189,8,27,5,13,3,7,0.25925925925925924,12,27,191,,val,89,89
32,58,15,43,12,27,0.46551724137931033,35,58,496,,868,52,2,105,5,29,2,9,4,13,0.4482758620689655,19,29,106,,val,76,76
38,81,14,49,14,33,0.4074074074074074,45,81,556,,869,47,2,220,13,52,4,23,7,22,0.4230769230769231,32,52,226,,val,119,119
22,79,7,45,9,29,0.3670886075949367,45,79,497,,870,54,4,172,10,38,3,14,5,14,0.3684210526315789,22,38,174,,val,109,109
13,30,10,17,5,9,0.3,13,30,376,,871,48,2,174,8,17,5,9,3,5,0.29411764705882354,8,17,175,,val,72,72
28,58,13,37,9,23,0.39655172413793105,32,58,444,,872,50,4,144,8,37,3,15,5,14,0.3783783783783784,23,37,145,,val,98,98
12,34,8,19,5,8,0.23529411764705882,13,34,400,,873,53,3,195,6,22,4,9,2,5,0.22727272727272727,9,22,196,,val,57,57
31,49,17,38,9,20,0.40816326530612246,28,49,661,,874,57,0,363,16,40,7,26,5,15,0.375,22,40,363,,val,92,92
25,54,16,41,10,21,0.3888888888888889,31,54,542,,875,51,1,206,15,34,3,19,7,14,0.4117647058823529,18,34,211,,val,87,87
39,69,11,62,15,35,0.5072463768115942,47,69,397,,876,40,1,94,6,38,3,17,6,19,0.5,29,38,96,,val,96,96
27,48,13,37,8,20,0.4166666666666667,29,48,501,,877,49,1,176,12,32,6,14,6,12,0.375,17,32,179,,val,65,65
39,70,22,55,14,28,0.4,39,70,553,,878,38,2,227,21,47,7,34,10,21,0.44680851063829785,30,47,229,,val,107,107
26,63,11,46,12,27,0.42857142857142855,38,63,500,,879,53,1,102,6,34,0,13,7,18,0.5294117647058824,24,34,104,,val,75,75
21,48,12,33,8,18,0.375,27,48,426,,880,55,2,107,7,28,1,11,5,12,0.42857142857142855,18,28,110,,val,69,69
23,64,14,33,8,19,0.296875,28,64,559,,881,56,3,243,11,47,6,18,5,13,0.2765957446808511,22,47,250,,val,95,95
23,45,12,35,8,19,0.4222222222222222,27,45,426,,882,47,0,130,10,28,2,14,5,11,0.39285714285714285,16,28,132,,val,70,70
31,54,18,34,11,23,0.42592592592592593,30,54,486,,883,47,1,165,14,38,2,19,7,16,0.42105263157894735,22,38,172,,val,72,72
36,71,21,51,13,30,0.4225352112676056,40,71,672,,884,52,1,225,13,43,4,19,6,16,0.37209302325581395,24,43,226,,val,103,103
30,54,10,40,12,28,0.5185185185185185,37,54,211,,885,23,1,73,8,34,2,15,7,19,0.5588235294117647,27,34,75,,val,87,87
23,55,13,32,7,18,0.32727272727272727,25,55,570,,886,54,1,262,8,39,6,15,4,9,0.23076923076923078,18,39,265,,val,84,84
50,83,13,63,15,41,0.4939759036144578,54,83,627,,887,46,2,203,7,46,4,19,4,17,0.3695652173913043,26,46,206,,val,110,110
17,47,13,22,6,14,0.2978723404255319,21,47,408,,888,49,4,187,8,24,4,12,3,7,0.2916666666666667,11,24,189,,val,67,67
36,59,21,42,11,24,0.4067796610169492,33,59,560,,889,44,3,172,15,35,4,19,7,16,0.45714285714285713,23,35,174,,val,88,88
38,87,21,58,14,34,0.39080459770114945,48,87,761,,890,51,1,345,19,62,6,30,8,23,0.3709677419354839,35,62,350,,val,123,123
30,72,13,42,9,25,0.3472222222222222,39,72,534,,891,45,1,167,10,38,5,12,5,12,0.3157894736842105,22,38,167,,val,98,98
54,93,24,72,18,41,0.44086021505376344,56,93,796,,892,50,1,221,13,53,3,22,8,22,0.41509433962264153,33,53,225,,val,126,126
25,58,10,33,9,21,0.3620689655172414,30,58,552,,893,61,5,201,9,41,4,14,6,14,0.34146341463414637,22,41,206,,val,76,76
28,72,14,54,12,31,0.4305555555555556,43,72,784,,894,71,7,316,14,52,6,17,7,18,0.34615384615384615,29,52,318,,val,105,105
28,82,21,49,12,27,0.32926829268292684,43,82,865,,895,61,4,316,14,59,5,19,6,18,0.3050847457627119,30,59,334,,val,106,106
29,67,14,41,10,24,0.3582089552238806,34,67,561,,896,59,2,218,13,48,3,17,6,15,0.3125,26,48,221,,val,88,88
17,42,12,23,7,14,0.3333333333333333,20,42,409,,897,51,4,181,11,27,6,17,5,11,0.4074074074074074,15,27,184,,val,67,67
12,47,7,29,6,19,0.40425531914893614,28,47,298,,898,52,2,107,5,32,2,9,4,13,0.40625,21,32,111,,val,69,69
23,35,8,31,8,19,0.5428571428571428,24,35,235,,899,38,2,68,5,24,1,14,5,12,0.5,17,24,70,,val,61,61
28,58,12,38,8,19,0.3275862068965517,28,58,619,,900,49,0,285,14,41,9,18,5,12,0.2926829268292683,19,41,286,,val,95,95
25,50,13,35,7,17,0.34,26,50,379,,901,36,0,159,10,24,6,17,4,9,0.375,13,24,160,,val,91,91
17,50,14,34,8,17,0.34,28,50,419,,902,54,2,131,10,25,2,11,5,10,0.4,14,25,132,,val,68,68
32,77,20,46,13,27,0.35064935064935066,38,77,724,,903,60,1,247,14,47,4,23,6,18,0.3829787234042553,26,47,251,,val,110,110
19,55,11,34,7,20,0.36363636363636365,31,55,391,,904,46,0,171,10,32,4,15,4,12,0.375,18,32,172,,val,88,88
43,85,19,67,16,38,0.4470588235294118,53,85,792,,905,56,3,266,14,54,4,28,7,22,0.4074074074074074,32,54,272,,val,109,109
25,47,15,47,8,19,0.40425531914893614,30,47,174,,906,20,0,75,12,30,3,30,4,15,0.5,23,30,78,,val,112,112
31,56,14,38,9,23,0.4107142857142857,32,56,496,,907,45,3,149,10,28,5,13,4,10,0.35714285714285715,14,28,150,,val,80,80
22,47,10,34,7,17,0.3617021276595745,25,47,325,,908,37,6,144,9,32,4,20,4,12,0.375,19,32,146,,val,70,70
36,70,16,50,14,31,0.44285714285714284,41,70,597,,909,56,7,236,13,54,2,31,9,25,0.46296296296296297,34,54,250,,val,86,86
11,38,6,20,4,12,0.3157894736842105,18,38,356,,910,62,3,137,5,19,4,7,2,5,0.2631578947368421,9,19,137,,val,60,60
14,38,7,19,5,13,0.34210526315789475,19,38,251,,911,41,1,91,4,23,3,8,3,8,0.34782608695652173,14,23,94,,val,78,78
11,39,7,20,5,13,0.3333333333333333,21,39,256,,912,44,1,110,6,25,4,8,3,7,0.28,14,25,115,,val,73,73
18,51,10,29,6,17,0.3333333333333333,25,51,403,,913,52,1,167,5,32,3,12,3,11,0.34375,18,32,174,,val,83,83
26,45,20,32,9,17,0.37777777777777777,23,45,604,,914,44,0,262,16,31,9,19,5,12,0.3870967741935484,17,31,263,,val,72,72
20,36,11,24,6,12,0.3333333333333333,18,36,398,,915,50,1,142,8,21,4,10,3,7,0.3333333333333333,11,21,145,,val,67,67
38,97,17,54,14,35,0.36082474226804123,52,97,919,,916,62,8,375,16,72,6,24,8,24,0.3333333333333333,40,72,391,,val,131,131
27,80,8,55,11,35,0.4375,49,80,545,,917,53,4,229,10,58,2,24,7,23,0.39655172413793105,35,58,238,,val,124,124
27,61,15,40,9,22,0.36065573770491804,32,61,584,,918,53,2,224,10,45,6,20,6,17,0.37777777777777777,26,45,228,,val,87,87
41,83,19,53,13,32,0.3855421686746988,45,83,673,,919,47,2,215,14,49,6,22,7,20,0.40816326530612246,29,49,218,,val,110,110
24,57,11,40,8,21,0.3684210526315789,31,57,533,,920,57,1,178,6,37,5,13,4,11,0.2972972972972973,20,37,185,,val,82,82
19,59,11,28,8,19,0.3220338983050847,30,59,475,,921,61,4,180,8,43,4,13,6,17,0.3953488372093023,26,43,191,,val,72,72
35,75,14,48,11,29,0.38666666666666666,41,75,592,,922,46,2,241,13,43,7,23,6,16,0.37209302325581395,24,43,244,,val,107,107
20,48,9,34,7,19,0.3958333333333333,28,48,456,,923,54,2,166,8,27,3,14,4,11,0.4074074074074074,16,27,169,,val,69,69
24,48,11,32,7,19,0.3958333333333333,27,48,401,,924,47,6,185,11,36,6,18,5,13,0.3611111111111111,20,36,188,,val,78,78
30,68,15,42,9,24,0.35294117647058826,35,68,530,,925,44,0,226,12,55,6,23,7,22,0.4,33,55,238,,val,104,104
40,88,18,53,12,32,0.36363636363636365,46,88,955,,926,67,1,392,17,62,6,24,7,18,0.2903225806451613,29,62,397,,val,121,121
23,61,13,37,8,20,0.32786885245901637,30,61,579,,927,54,1,281,12,43,5,18,4,12,0.27906976744186046,20,43,282,,val,95,95
27,68,12,39,10,26,0.38235294117647056,36,68,627,,928,62,2,236,11,46,4,18,7,17,0.3695652173913043,25,46,241,,val,89,89
26,53,12,37,10,21,0.39622641509433965,29,53,532,,929,57,1,171,10,36,3,14,5,13,0.3611111111111111,21,36,173,,val,84,84
38,82,19,57,15,35,0.4268292682926829,49,82,576,,930,46,2,235,22,58,3,31,12,26,0.4482758620689655,36,58,239,,val,113,113
20,45,12,28,7,16,0.35555555555555557,23,45,405,,931,49,7,180,12,36,5,15,5,13,0.3611111111111111,21,36,187,,val,77,77
21,52,14,35,8,19,0.36538461538461536,29,52,409,,932,44,1,160,9,29,5,15,4,10,0.3448275862068966,15,29,161,,val,80,80
22,49,13,33,7,17,0.3469387755102041,24,49,531,,933,53,2,273,9,33,6,16,4,9,0.2727272727272727,15,33,274,,val,81,81
14,47,6,24,4,13,0.2765957446808511,22,47,378,,934,55,0,177,4,30,4,7,3,6,0.2,14,30,181,,val,73,73
36,80,19,46,12,30,0.375,43,80,593,,935,47,5,283,21,56,6,30,10,24,0.42857142857142855,35,56,287,,val,118,118
35,69,16,44,11,26,0.37681159420289856,37,69,608,,936,46,3,252,18,48,4,25,8,20,0.4166666666666667,29,48,255,,val,108,108
23,38,17,27,8,16,0.42105263157894735,20,38,500,,937,50,4,238,16,28,8,22,7,13,0.4642857142857143,18,28,242,,val,77,77
19,54,17,26,8,15,0.2777777777777778,20,54,571,,938,54,2,270,14,42,6,19,5,13,0.30952380952380953,19,42,275,,val,93,93
32,62,15,49,11,28,0.45161290322580644,39,62,606,,939,51,1,259,12,47,7,24,6,18,0.3829787234042553,28,47,261,,val,97,97
21,62,11,38,8,21,0.3387096774193548,32,62,528,,940,54,0,250,11,38,6,15,4,11,0.2894736842105263,18,38,251,,val,87,87
28,64,15,40,10,24,0.375,36,64,505,,941,49,2,222,14,43,6,20,6,15,0.3488372093023256,24,43,228,,val,86,86
20,42,11,28,6,15,0.35714285714285715,22,42,397,,942,47,1,189,11,30,5,15,4,10,0.3333333333333333,15,30,192,,val,62,62
31,71,14,49,11,29,0.4084507042253521,40,71,589,,943,53,3,229,8,54,4,21,5,20,0.37037037037037035,31,54,233,,val,116,116
23,55,13,31,7,16,0.2909090909090909,25,55,530,,944,46,2,242,9,39,7,12,4,9,0.23076923076923078,16,39,244,,val,82,82
20,40,12,26,6,13,0.325,19,40,462,,945,49,2,242,8,31,7,11,4,7,0.22580645161290322,11,31,246,,val,64,64
31,52,21,39,10,20,0.38461538461538464,27,52,869,,946,53,0,435,17,40,13,25,7,13,0.325,18,40,438,,val,95,95
24,38,11,30,7,15,0.39473684210526316,21,38,354,,947,38,1,106,8,20,4,13,4,8,0.4,12,20,109,,val,52,52
21,45,13,29,7,17,0.37777777777777777,23,45,438,,948,50,1,187,11,29,3,14,3,10,0.3448275862068966,15,29,188,,val,80,80
39,67,17,56,12,29,0.43283582089552236,41,67,477,,949,39,2,216,17,51,7,35,8,22,0.43137254901960786,32,51,222,,val,98,98
22,59,12,35,7,19,0.3220338983050847,30,59,503,,950,50,4,216,9,35,5,15,4,10,0.2857142857142857,18,35,217,,val,84,84
24,53,14,32,7,18,0.33962264150943394,26,53,534,,951,52,2,263,10,36,6,17,4,10,0.2777777777777778,17,36,265,,val,99,99
16,43,13,23,6,13,0.3023255813953488,19,43,391,,952,47,1,169,10,28,5,16,4,11,0.39285714285714285,16,28,171,,val,69,69
22,51,15,31,8,17,0.3333333333333333,25,51,491,,953,51,1,183,9,30,4,15,4,11,0.36666666666666664,17,30,185,,val,69,69
33,54,14,40,9,23,0.42592592592592593,32,54,487,,954,47,1,197,13,38,5,19,4,14,0.3684210526315789,21,38,198,,val,86,86
21,37,13,26,7,13,0.35135135135135137,18,37,551,,955,51,0,250,10,26,7,15,4,9,0.34615384615384615,13,26,250,,val,73,73
26,47,14,34,8,17,0.3617021276595745,25,47,525,,956,50,2,203,12,32,5,14,4,10,0.3125,16,32,205,,val,73,73
21,52,17,34,7,17,0.3269230769230769,25,52,541,,957,51,3,243,10,31,5,18,4,10,0.3225806451612903,16,31,247,,val,86,86
26,50,15,32,8,18,0.36,26,50,512,,958,50,2,209,13,32,3,17,3,11,0.34375,16,32,211,,val,79,79
28,73,19,39,10,23,0.3150684931506849,34,73,644,,959,51,4,333,16,58,6,27,6,19,0.3275862068965517,31,58,338,,val,126,126
40,82,16,54,14,34,0.4146341463414634,47,82,609,,960,47,2,225,17,53,4,22,8,21,0.39622641509433965,32,53,229,,val,116,116
30,51,18,40,11,23,0.45098039215686275,30,51,412,,961,39,6,128,16,32,3,21,7,16,0.5,20,32,132,,val,74,74
28,59,12,39,9,23,0.3898305084745763,33,59,491,,962,49,2,199,13,36,5,19,6,14,0.3888888888888889,22,36,201,,val,86,86
29,61,15,34,8,19,0.3114754098360656,30,61,560,,963,47,1,286,14,40,9,21,5,13,0.325,20,40,288,,val,105,105
33,62,14,44,10,26,0.41935483870967744,36,62,583,,964,53,8,263,10,51,4,28,7,22,0.43137254901960786,32,51,267,,val,93,93
25,56,14,33,9,20,0.35714285714285715,27,56,504,,965,54,0,218,12,36,5,20,5,14,0.3888888888888889,20,36,219,,val,90,90
30,55,14,37,10,23,0.41818181818181815,30,55,542,,966,53,6,224,10,41,5,20,5,16,0.3902439024390244,24,41,227,,val,93,93
41,91,17,57,13,35,0.38461538461538464,51,91,681,,967,49,3,275,18,64,8,24,8,23,0.359375,37,64,285,,val,132,132
40,65,20,50,14,31,0.47692307692307695,41,65,540,,968,43,2,153,9,49,3,19,8,24,0.4897959183673469,34,49,158,,val,96,96
37,65,17,52,13,29,0.4461538461538462,40,65,444,,969,40,3,122,10,43,2,22,7,21,0.4883720930232558,31,43,124,,val,84,84
30,63,16,41,10,24,0.38095238095238093,34,63,587,,970,51,3,207,9,38,7,15,5,12,0.3157894736842105,20,38,212,,val,104,104
20,49,12,28,7,16,0.32653061224489793,23,49,452,,971,53,3,133,9,24,4,14,5,10,0.4166666666666667,15,24,134,,val,62,62
31,60,16,40,10,25,0.4166666666666667,34,60,478,,972,44,1,170,8,38,4,13,4,13,0.34210526315789475,21,38,174,,val,89,89
21,57,12,36,7,20,0.3508771929824561,30,57,503,,973,53,2,219,8,36,5,14,4,11,0.3055555555555556,18,36,219,,val,88,88
23,43,17,27,7,15,0.3488372093023256,20,43,543,,974,49,1,266,15,27,7,18,4,10,0.37037037037037035,14,27,267,,val,68,68
25,50,11,33,10,23,0.46,31,50,344,,975,47,2,102,6,31,1,11,4,15,0.4838709677419355,21,31,108,,val,72,72
46,86,26,56,15,33,0.38372093023255816,45,86,786,,976,46,2,299,19,52,9,26,8,20,0.38461538461538464,30,52,302,,val,129,129
28,69,14,49,10,27,0.391304347826087,40,69,616,,977,51,1,233,11,44,5,21,6,15,0.3409090909090909,23,44,235,,val,111,111
46,81,20,53,16,36,0.4444444444444444,46,81,671,,978,46,2,230,19,48,4,26,9,21,0.4375,28,48,233,,val,109,109
27,62,14,36,8,21,0.3387096774193548,31,62,564,,979,55,0,239,8,42,5,15,3,12,0.2857142857142857,22,42,247,,val,92,92
23,67,14,37,9,21,0.31343283582089554,35,67,491,,980,50,2,211,12,41,5,18,5,15,0.36585365853658536,21,41,213,,val,92,92
35,74,16,48,10,27,0.36486486486486486,40,74,636,,981,48,2,284,13,51,6,24,5,18,0.35294117647058826,28,51,291,,val,108,108
40,76,23,49,14,31,0.40789473684210525,41,76,651,,982,47,1,237,16,49,5,26,9,22,0.4489795918367347,31,49,238,,val,112,112
34,68,20,46,11,23,0.3382352941176471,34,68,724,,983,50,1,306,18,44,9,23,7,15,0.3409090909090909,23,44,307,,val,94,94
34,54,18,39,9,22,0.4074074074074074,30,54,619,,984,49,1,274,13,33,5,18,4,11,0.3333333333333333,16,33,275,,val,91,91
37,85,16,58,11,33,0.38823529411764707,47,85,710,,985,51,1,315,14,57,6,23,5,17,0.2982456140350877,30,57,326,,val,120,120
15,31,12,17,5,9,0.2903225806451613,13,31,463,,986,51,7,306,10,20,7,13,4,6,0.3,9,20,309,,val,56,56
33,89,19,52,14,33,0.3707865168539326,49,89,643,,987,51,1,173,9,49,4,19,7,19,0.3877551020408163,32,49,176,,val,125,125
8,22,6,8,3,6,0.2727272727272727,8,22,272,,988,53,3,142,5,16,5,5,2,5,0.3125,5,16,144,,val,56,56
21,47,13,26,7,15,0.3191489361702128,21,47,477,,989,52,4,245,10,34,6,14,4,9,0.2647058823529412,14,34,249,,val,76,76
21,40,12,23,7,14,0.35,19,40,430,,990,51,2,190,9,27,5,16,4,10,0.37037037037037035,15,27,192,,val,74,74
15,37,9,22,5,10,0.2702702702702703,16,37,420,,991,53,0,237,6,22,4,12,3,5,0.22727272727272727,9,22,238,,val,68,68
33,63,24,43,11,22,0.3492063492063492,29,63,1191,,992,62,2,641,18,45,13,25,6,13,0.28888888888888886,19,45,644,,val,121,121
18,43,13,29,7,13,0.3023255813953488,19,43,552,,993,51,2,281,11,25,8,14,4,8,0.32,11,25,281,,val,78,78
16,39,11,20,5,11,0.28205128205128205,16,39,403,,994,47,0,191,9,23,4,9,3,6,0.2608695652173913,10,23,195,,val,73,73
13,27,12,17,5,9,0.3333333333333333,12,27,471,,995,52,0,214,10,17,7,11,3,7,0.4117647058823529,9,17,215,,val,78,78
16,41,10,23,6,14,0.34146341463414637,21,41,338,,996,46,1,152,8,23,5,10,4,8,0.34782608695652173,12,23,153,,val,62,62
29,57,16,38,10,22,0.38596491228070173,29,57,622,,997,54,5,281,13,43,6,23,6,15,0.3488372093023256,23,43,289,,val,76,76
23,58,13,35,9,22,0.3793103448275862,32,58,404,,998,45,3,159,11,32,3,16,5,12,0.375,17,32,166,,val,106,106
30,55,17,40,11,23,0.41818181818181815,31,55,493,,999,46,1,150,12,36,2,20,8,17,0.4722222222222222,23,36,155,,val,73,73
