model,logical_id,physical_id,branch,predicate_classes,classes_activation_ge_1pct,classes_selection_ge_1pct,classes_selection_ge_5pct,mean_class_activation_frequency,std_class_activation_frequency,mean_class_selection_frequency,std_class_selection_frequency,selection_class_entropy,selection_class_hhi,representative_samples
convnext,0,0,+,34,19,12,7,0.1497131526213192,0.2184447754080658,0.04023063632068672,0.0904693158197821,0.6114985656041464,0.1781456391653636,class=564:n03388549.pkl:5;n03388549.pkl:6;n03388549.pkl:11|class=471:n02950826.pkl:0;n02950826.pkl:2;n02950826.pkl:3|class=37:n01669191.pkl:1;n01669191.pkl:2;n01669191.pkl:5
convnext,1,1,+,78,53,35,20,0.1338330941123804,0.19269366481838718,0.05185130263787089,0.10047208905775766,0.7368475141888966,0.06095727989664648,class=247:n02109525.pkl:0;n02109525.pkl:1;n02109525.pkl:2|class=352:n02422699.pkl:2;n02422699.pkl:3;n02422699.pkl:8|class=193:n02096294.pkl:1;n02096294.pkl:5;n02096294.pkl:10
convnext,2,2,+,76,49,39,17,0.13571688064209883,0.19743707330691823,0.043237135686895065,0.09242504436307492,0.7217226581660472,0.07328245481336641,class=896:n04553703.pkl:1;n04553703.pkl:2;n04553703.pkl:5|class=136:n02017213.pkl:0;n02017213.pkl:1;n02017213.pkl:5|class=50:n01698640.pkl:0;n01698640.pkl:2;n01698640.pkl:3
convnext,3,3,+,47,25,18,6,0.11824095100010018,0.19353898048231527,0.040821176170548895,0.09695486100216393,0.6304992033735887,0.14130120220178702,class=131:n02009229.pkl:1;n02009229.pkl:3;n02009229.pkl:4|class=315:n02236044.pkl:11;n02236044.pkl:14;n02236044.pkl:15|class=609:n03594945.pkl:0;n03594945.pkl:1;n03594945.pkl:5
convnext,5,5,+,127,83,62,26,0.12068583573089642,0.20125807285952726,0.05441461808738571,0.13401835736386777,0.7038304029859399,0.055637245859759925,class=422:n02790996.pkl:0;n02790996.pkl:1;n02790996.pkl:2|class=359:n02443484.pkl:1;n02443484.pkl:2;n02443484.pkl:4|class=291:n02129165.pkl:1;n02129165.pkl:3;n02129165.pkl:4
convnext,6,6,+,13,7,3,0,0.035936956954757855,0.05066387089073466,0.005630502691671182,0.006576847830114133,0.7854337349010364,0.18187681085876742,class=311:n02226429.pkl:49;n02226429.pkl:69;n02226429.pkl:112|class=250:n02110185.pkl:60;n02110185.pkl:120;n02110185.pkl:122|class=972:n09246464.pkl:19;n09246464.pkl:148;n09246464.pkl:215
convnext,8,8,+,202,159,126,82,0.2872037623727546,0.3181163813783954,0.14979143844189355,0.23333227446982363,0.8166885615811377,0.016962742689456335,class=901:n04579145.pkl:0;n04579145.pkl:1;n04579145.pkl:2|class=715:n03929855.pkl:0;n03929855.pkl:1;n03929855.pkl:2|class=132:n02009912.pkl:0;n02009912.pkl:1;n02009912.pkl:2
convnext,10,10,+,52,29,19,8,0.11959135091510409,0.21350116101520583,0.048573140937826276,0.12353149324196284,0.5995137025143429,0.14361337859980006,class=468:n02930766.pkl:0;n02930766.pkl:2;n02930766.pkl:3|class=368:n02483362.pkl:3;n02483362.pkl:5;n02483362.pkl:6|class=307:n02177972.pkl:0;n02177972.pkl:2;n02177972.pkl:3
convnext,13,13,+,35,18,11,5,0.09923508457271073,0.2089504946231315,0.02860973262867887,0.08607752006645762,0.5206784011283926,0.28720437646569724,class=142:n02033041.pkl:0;n02033041.pkl:3;n02033041.pkl:4|class=543:n03255030.pkl:5;n03255030.pkl:11;n03255030.pkl:21|class=304:n02169497.pkl:17;n02169497.pkl:28;n02169497.pkl:35
convnext,14,14,+,15,14,10,8,0.543182832823453,0.32560747191513256,0.14097435121002863,0.2557548083745481,0.6073412706382296,0.28608663439193377,class=48:n01695060.pkl:0;n01695060.pkl:1;n01695060.pkl:2|class=446:n02840245.pkl:0;n02840245.pkl:1;n02840245.pkl:4|class=99:n01855672.pkl:5;n01855672.pkl:8;n01855672.pkl:12
convnext,15,15,+,79,48,29,12,0.08197514999535511,0.1350467805946759,0.025881630566905466,0.05519894530440914,0.7250296191863359,0.0702355152502873,class=286:n02125311.pkl:0;n02125311.pkl:1;n02125311.pkl:4|class=797:n04235860.pkl:0;n04235860.pkl:3;n04235860.pkl:4|class=750:n04033995.pkl:2;n04033995.pkl:3;n04033995.pkl:4
convnext,16,16,+,10,4,2,0,0.016994594669436102,0.02436248975279602,0.0037316502484634586,0.0039866436656160525,0.7856511937494061,0.2141334574789579,class=565:n03393912.pkl:4;n03393912.pkl:50;n03393912.pkl:142|class=944:n07718747.pkl:50;n07718747.pkl:66;n07718747.pkl:95|class=277:n02119022.pkl:283;n02119022.pkl:547;n02119022.pkl:576
convnext,17,17,+,20,3,1,0,0.008995741989058977,0.01933106995384121,0.003626230209685764,0.005876188221132249,0.7784677979240692,0.18129574676875237,class=766:n04111531.pkl:32;n04111531.pkl:44;n04111531.pkl:77|class=201:n02097658.pkl:114;n02097658.pkl:166;n02097658.pkl:202|class=305:n02172182.pkl:75;n02172182.pkl:273;n02172182.pkl:917
convnext,18,18,+,36,22,14,6,0.11707362543192744,0.2107324932081284,0.03903737582599262,0.084450211215511,0.6131587470712021,0.1577761001760149,class=971:n09229709.pkl:1;n09229709.pkl:2;n09229709.pkl:4|class=128:n02002724.pkl:1;n02002724.pkl:4;n02002724.pkl:10|class=38:n01675722.pkl:7;n01675722.pkl:15;n01675722.pkl:17
convnext,19,19,+,97,47,26,11,0.07357470438217079,0.14921945519339255,0.03007839649451677,0.08418873396345455,0.6467487519727858,0.09107496006020951,class=785:n04162706.pkl:1;n04162706.pkl:2;n04162706.pkl:4|class=511:n03100240.pkl:6;n03100240.pkl:7;n03100240.pkl:8|class=884:n04523525.pkl:1;n04523525.pkl:3;n04523525.pkl:5
convnext,20,20,+,56,32,19,14,0.1552816023669715,0.24639756137072347,0.06386148240865912,0.1415122859618391,0.6478894468317599,0.10554153082333315,class=138:n02018795.pkl:0;n02018795.pkl:1;n02018795.pkl:2|class=586:n03478589.pkl:0;n03478589.pkl:4;n03478589.pkl:5|class=925:n07584110.pkl:0;n07584110.pkl:1;n07584110.pkl:4
convnext,21,21,+,18,10,7,3,0.05874595298707816,0.08094160129198268,0.019712694162746878,0.029660130045083836,0.6952693389716371,0.18132687835433425,class=266:n02113712.pkl:8;n02113712.pkl:11;n02113712.pkl:21|class=459:n02892767.pkl:6;n02892767.pkl:36;n02892767.pkl:38|class=460:n02894605.pkl:5;n02894605.pkl:15;n02894605.pkl:20
convnext,22,22,+,42,24,12,3,0.0841776172440537,0.1647058056015433,0.024088173475826723,0.06106812290937931,0.604501808571744,0.17683794981172885,class=647:n03733805.pkl:0;n03733805.pkl:5;n03733805.pkl:10|class=592:n03492542.pkl:0;n03492542.pkl:3;n03492542.pkl:4|class=344:n02398521.pkl:1;n02398521.pkl:3;n02398521.pkl:8
convnext,23,23,+,3,0,0,0,0.004628158440032165,0.0007539922838991097,0.0010900870600606173,0.0003382665250641481,0.9581203156348864,0.3654310708050894,class=568:n03404251.pkl:260;n03404251.pkl:952|class=926:n07590611.pkl:1136|class=840:n04367480.pkl:876
convnext,24,24,+,39,19,14,7,0.10430776499835509,0.18157730758726376,0.04738684975986272,0.1062422355892353,0.610194356840004,0.15452951043498311,class=734:n03977966.pkl:0;n03977966.pkl:1;n03977966.pkl:4|class=373:n02487347.pkl:1;n02487347.pkl:2;n02487347.pkl:5|class=524:n03146219.pkl:0;n03146219.pkl:14;n03146219.pkl:20
convnext,25,25,+,2,1,0,0,0.014538819840042193,0.012955288565299518,0.0015742017503431712,0.000782436112971833,0.8136180146452675,0.623522762626872,class=844:n04372370.pkl:759;n04372370.pkl:795;n04372370.pkl:911|class=939:n07716358.pkl:42
convnext,26,26,+,56,32,23,9,0.08947559141735341,0.1459578089150816,0.02841117824602998,0.06948893071463404,0.6645491033018993,0.1246801356368275,class=565:n03393912.pkl:0;n03393912.pkl:1;n03393912.pkl:3|class=300:n02165105.pkl:0;n02165105.pkl:6;n02165105.pkl:12|class=479:n02974003.pkl:10;n02974003.pkl:12;n02974003.pkl:28
convnext,27,27,+,9,3,0,0,0.011788746336798616,0.011774773708608972,0.0024800826096568742,0.0019689653794448913,0.8774422779913308,0.1811438894962336,class=551:n03314780.pkl:171;n03314780.pkl:202;n03314780.pkl:234|class=890:n04540053.pkl:750;n04540053.pkl:762;n04540053.pkl:848|class=770:n04120489.pkl:145;n04120489.pkl:184;n04120489.pkl:791
convnext,30,30,+,11,6,3,2,0.14442875459715132,0.24688112118714178,0.038195547965185546,0.08743698128089236,0.3664310903300614,0.5673095109959169,class=598:n03529860.pkl:3;n03529860.pkl:20;n03529860.pkl:22|class=531:n03197337.pkl:16;n03197337.pkl:39;n03197337.pkl:54|class=738:n03991062.pkl:77;n03991062.pkl:90;n03991062.pkl:166
convnext,31,31,+,51,28,15,7,0.07722882831743712,0.14483464622979902,0.017401179804874763,0.03359286912184714,0.7173910503830053,0.09268247407430248,class=308:n02190166.pkl:0;n02190166.pkl:11;n02190166.pkl:28|class=33:n01664065.pkl:23;n01664065.pkl:39;n01664065.pkl:42|class=314:n02233338.pkl:6;n02233338.pkl:7;n02233338.pkl:35
convnext,33,33,+,57,33,17,10,0.08425061172723415,0.1298963223849206,0.02267360405234249,0.0447040058754753,0.7074573179563098,0.0857426875522619,class=846:n04380533.pkl:3;n04380533.pkl:6;n04380533.pkl:8|class=426:n02794156.pkl:3;n02794156.pkl:10;n02794156.pkl:20|class=434:n02808304.pkl:8;n02808304.pkl:21;n02808304.pkl:22
convnext,34,34,+,58,43,27,17,0.19517905196604016,0.24735911761028467,0.07828825380123088,0.14628670139642366,0.7115490562065439,0.0774402699520257,class=800:n04243546.pkl:1;n04243546.pkl:4;n04243546.pkl:5|class=324:n02280649.pkl:0;n02280649.pkl:1;n02280649.pkl:2|class=510:n03095699.pkl:2;n03095699.pkl:3;n03095699.pkl:4
convnext,36,36,+,22,9,4,0,0.0385366042174266,0.05290292046294926,0.005792596103965003,0.007999864940914389,0.761444518115417,0.1321499611884631,class=915:n04613696.pkl:50;n04613696.pkl:67;n04613696.pkl:124|class=777:n04141327.pkl:22;n04141327.pkl:44;n04141327.pkl:53|class=955:n07754684.pkl:23;n07754684.pkl:41;n07754684.pkl:208
convnext,37,37,+,4,2,2,1,0.25085907084829273,0.4032341936008527,0.1505789890909514,0.2520444980869127,0.09526979673384864,0.950431545877375,class=130:n02007558.pkl:1;n02007558.pkl:3;n02007558.pkl:4|class=796:n04229816.pkl:30;n04229816.pkl:84;n04229816.pkl:131|class=427:n02795169.pkl:152;n02795169.pkl:682
convnext,38,38,+,138,67,42,12,0.06695802260494127,0.15359594704367557,0.030994414265728628,0.10804200355188037,0.6267150293102461,0.09529839308430194,class=158:n02087046.pkl:0;n02087046.pkl:1;n02087046.pkl:4|class=895:n04552348.pkl:0;n04552348.pkl:1;n04552348.pkl:2|class=966:n07892512.pkl:0;n07892512.pkl:5;n07892512.pkl:17
convnext,39,39,+,88,57,36,16,0.13066865012845147,0.21446140896667856,0.055558186314792216,0.13710193768440537,0.6772806721756134,0.0805640027291877,class=30:n01641577.pkl:1;n01641577.pkl:2;n01641577.pkl:4|class=766:n04111531.pkl:1;n04111531.pkl:2;n04111531.pkl:3|class=160:n02088094.pkl:0;n02088094.pkl:2;n02088094.pkl:3
convnext,40,40,+,1,0,0,0,0.003088803088803089,0.0,0.0007722007722007722,0.0,0.0,1.0,class=612:n03599486.pkl:196
convnext,41,41,+,40,28,14,9,0.14108734260890124,0.2151591459018905,0.04741454790957841,0.10424010586253653,0.633330625260624,0.14583325321295787,class=938:n07715103.pkl:0;n07715103.pkl:5;n07715103.pkl:6|class=497:n03028079.pkl:6;n03028079.pkl:7;n03028079.pkl:8|class=148:n02071294.pkl:1;n02071294.pkl:4;n02071294.pkl:13
convnext,42,42,+,3,0,0,0,0.0011139782126824646,0.0004761227178867854,0.0008160931962987888,5.4889424307591886e-05,0.9979713293570791,0.3348412473652077,class=266:n02113712.pkl:1148|class=210:n02100236.pkl:268|class=755:n04044716.pkl:1156
convnext,44,44,+,16,12,7,4,0.1588922749415942,0.2113596828093071,0.061988520413950976,0.09846522380303327,0.6236048100956493,0.22019692364986498,class=892:n04548280.pkl:3;n04548280.pkl:5;n04548280.pkl:6|class=685:n03841143.pkl:2;n03841143.pkl:13;n03841143.pkl:16|class=454:n02871525.pkl:0;n02871525.pkl:1;n02871525.pkl:2
convnext,46,46,+,42,17,7,3,0.04763138720925191,0.10760839536520209,0.01261987707111402,0.03232252068415085,0.6230998936547651,0.1799986893588469,class=133:n02011460.pkl:6;n02011460.pkl:9;n02011460.pkl:11|class=396:n02643566.pkl:5;n02643566.pkl:35;n02643566.pkl:39|class=416:n02777292.pkl:4;n02777292.pkl:18;n02777292.pkl:35
convnext,47,47,+,68,34,23,8,0.09278833593689023,0.1778723323110945,0.036592100046560605,0.09772348799634924,0.6190051756849861,0.11959111291664454,class=315:n02236044.pkl:2;n02236044.pkl:3;n02236044.pkl:6|class=433:n02807133.pkl:2;n02807133.pkl:3;n02807133.pkl:8|class=795:n04228054.pkl:2;n04228054.pkl:5;n04228054.pkl:11
convnext,48,48,+,44,25,13,7,0.10853304286498879,0.160394453095018,0.025164858089237754,0.05325983690553068,0.6660324326616087,0.12452967271544789,class=119:n01978455.pkl:4;n01978455.pkl:5;n01978455.pkl:6|class=758:n04067472.pkl:9;n04067472.pkl:11;n04067472.pkl:16|class=499:n03041632.pkl:6;n03041632.pkl:7;n03041632.pkl:8
convnext,49,49,+,8,3,0,0,0.01946490014836677,0.025018138695111262,0.0033839429715679086,0.002938029374153511,0.8392074639877588,0.2192271833236768,class=241:n02108000.pkl:300;n02108000.pkl:540;n02108000.pkl:807|class=917:n06596364.pkl:75;n06596364.pkl:116;n06596364.pkl:521|class=305:n02172182.pkl:235;n02172182.pkl:412;n02172182.pkl:741
convnext,50,50,+,27,11,4,2,0.03829085954249689,0.07669050119203405,0.008123218530831833,0.015203530352261439,0.6873004029152532,0.16677553130050302,class=787:n04192698.pkl:9;n04192698.pkl:25;n04192698.pkl:50|class=690:n03868242.pkl:41;n03868242.pkl:44;n03868242.pkl:46|class=577:n03447721.pkl:37;n03447721.pkl:55;n03447721.pkl:97
convnext,51,51,+,91,65,40,18,0.11775412751473349,0.1614231018065746,0.03588322560365801,0.09756663060457323,0.7138421905905978,0.09223057412240991,class=768:n04118538.pkl:0;n04118538.pkl:1;n04118538.pkl:2|class=526:n03179701.pkl:4;n03179701.pkl:15;n03179701.pkl:32|class=265:n02113624.pkl:2;n02113624.pkl:4;n02113624.pkl:5
convnext,52,52,+,8,1,0,0,0.0058127182731258255,0.0052126245335100165,0.002151295240873664,0.0013499063103501298,0.9073361603996937,0.17421723766492558,class=4:n01494475.pkl:662;n01494475.pkl:770;n01494475.pkl:900|class=686:n03843555.pkl:178;n03843555.pkl:294;n03843555.pkl:396|class=465:n02916936.pkl:32;n02916936.pkl:374;n02916936.pkl:691
convnext,53,53,+,1,1,0,0,0.02242846094354215,0.0,0.004640371229698376,0.0,0.0,1.0,class=974:n09288635.pkl:71;n09288635.pkl:300;n09288635.pkl:331
convnext,54,54,+,12,7,5,2,0.11400829947442932,0.12725581960179178,0.021457061282509408,0.0284851751229355,0.6898777031444853,0.23019757203218533,class=724:n03947888.pkl:40;n03947888.pkl:51;n03947888.pkl:84|class=254:n02110958.pkl:40;n02110958.pkl:72;n02110958.pkl:75|class=251:n02110341.pkl:28;n02110341.pkl:34;n02110341.pkl:63
convnext,55,55,+,69,38,23,7,0.07818861480841627,0.1256506939242604,0.02040736319078312,0.04682240317048136,0.7146477185402821,0.09078572369603771,class=117:n01968897.pkl:2;n01968897.pkl:12;n01968897.pkl:14|class=445:n02837789.pkl:18;n02837789.pkl:21;n02837789.pkl:22|class=8:n01514859.pkl:22;n01514859.pkl:34;n01514859.pkl:47
convnext,56,56,+,93,55,27,11,0.0761274897177059,0.16296999000188225,0.030508588904751523,0.0864102567715374,0.6386985167079556,0.09701148593983337,class=113:n01944390.pkl:2;n01944390.pkl:3;n01944390.pkl:4|class=946:n07730033.pkl:0;n07730033.pkl:1;n07730033.pkl:2|class=58:n01737021.pkl:1;n01737021.pkl:3;n01737021.pkl:8
convnext,57,57,+,42,23,10,5,0.09528933080211403,0.17637631088656508,0.027807256497997233,0.08135289076414004,0.5495584934223288,0.22759836653197166,class=483:n02980441.pkl:0;n02980441.pkl:1;n02980441.pkl:2|class=289:n02128757.pkl:1;n02128757.pkl:5;n02128757.pkl:10|class=12:n01532829.pkl:9;n01532829.pkl:12;n01532829.pkl:23
convnext,58,58,+,69,43,29,12,0.09516262439202545,0.14370085240646258,0.029763254537157627,0.06477262924176128,0.722854894285336,0.0831320977096571,class=514:n03124043.pkl:0;n03124043.pkl:1;n03124043.pkl:3|class=348:n02412080.pkl:0;n02412080.pkl:3;n02412080.pkl:5|class=893:n04548362.pkl:1;n04548362.pkl:8;n04548362.pkl:13
convnext,59,59,+,2,0,0,0,0.0008423371387152306,4.1055087433179314e-05,0.0008423371387152306,4.1055087433179314e-05,0.9982857321340523,0.5011877692253371,class=998:n13133613.pkl:480|class=77:n01775062.pkl:771
convnext,60,60,+,16,6,4,2,0.061962624953050306,0.1247941906458789,0.03082334717874261,0.08290339096206838,0.39965291153252164,0.5146317554122471,class=393:n02607072.pkl:0;n02607072.pkl:2;n02607072.pkl:3|class=432:n02804610.pkl:20;n02804610.pkl:21;n02804610.pkl:23|class=547:n03272562.pkl:91;n03272562.pkl:99;n03272562.pkl:164
convnext,61,61,+,8,3,3,2,0.17987746148065095,0.2616706724999043,0.04567297673977087,0.0807766317572411,0.4357272633555681,0.5159874858800327,class=228:n02105505.pkl:0;n02105505.pkl:2;n02105505.pkl:6|class=377:n02490219.pkl:10;n02490219.pkl:43;n02490219.pkl:49|class=256:n02111277.pkl:6;n02111277.pkl:40;n02111277.pkl:132
convnext,62,62,+,3,1,0,0,0.010398602079319015,0.01072257463412496,0.0018713708532360049,0.0015009228223859647,0.7288667361623554,0.54775849487686,class=212:n02100735.pkl:400;n02100735.pkl:504;n02100735.pkl:705|class=200:n02097474.pkl:496|class=768:n04118538.pkl:97
convnext,63,63,+,93,60,37,23,0.12262338086332357,0.20046281230264232,0.0562405757513895,0.13450870053059197,0.6939773917835359,0.0722588022607406,class=678:n03814639.pkl:0;n03814639.pkl:1;n03814639.pkl:2|class=409:n02708093.pkl:1;n02708093.pkl:2;n02708093.pkl:3|class=875:n04487394.pkl:0;n04487394.pkl:2;n04487394.pkl:4
convnext,64,64,+,31,18,11,8,0.1764307354899717,0.27596180590843544,0.07356342466658088,0.14383561695082,0.6087367126634765,0.1555819811102893,class=348:n02412080.pkl:0;n02412080.pkl:2;n02412080.pkl:4|class=533:n03207743.pkl:4;n03207743.pkl:8;n03207743.pkl:9|class=188:n02095314.pkl:5;n02095314.pkl:6;n02095314.pkl:8
convnext,65,65,+,11,6,1,0,0.029252647157982127,0.03346384581887336,0.003472823462832646,0.004119577701304008,0.7824383087921605,0.2188316969478504,class=109:n01917289.pkl:119;n01917289.pkl:186;n01917289.pkl:245|class=622:n03657121.pkl:22;n03657121.pkl:246;n03657121.pkl:455|class=328:n02319095.pkl:204;n02319095.pkl:259;n02319095.pkl:728
convnext,66,66,+,6,4,0,0,0.0415061067980016,0.04193402384400595,0.0038296242889523523,0.0024428373579988873,0.8857438748444271,0.23448162787974777,class=321:n02276258.pkl:114;n02276258.pkl:119;n02276258.pkl:136|class=892:n04548280.pkl:508;n04548280.pkl:546;n04548280.pkl:742|class=268:n02113978.pkl:63;n02113978.pkl:347;n02113978.pkl:572
convnext,67,67,+,113,77,49,27,0.1645102139694685,0.2500521979589133,0.08527661791569846,0.1825019383648236,0.7146847217635598,0.04938142218122182,class=549:n03291819.pkl:0;n03291819.pkl:1;n03291819.pkl:2|class=33:n01664065.pkl:1;n01664065.pkl:2;n01664065.pkl:3|class=138:n02018795.pkl:0;n02018795.pkl:1;n02018795.pkl:3
convnext,68,68,+,101,86,70,56,0.4976713139029927,0.3765802979655451,0.2532002833081436,0.3137473942492856,0.8361422969741434,0.02510333239257142,class=83:n01798484.pkl:0;n01798484.pkl:1;n01798484.pkl:2|class=385:n02504013.pkl:0;n02504013.pkl:1;n02504013.pkl:2|class=800:n04243546.pkl:1;n04243546.pkl:2;n04243546.pkl:3
convnext,69,69,+,12,4,1,1,0.04227727796835399,0.10264899264049894,0.008452461183590745,0.020357184483884,0.4436444295706023,0.5667123664541304,class=40:n01682714.pkl:22;n01682714.pkl:26;n01682714.pkl:32|class=451:n02865351.pkl:128;n02865351.pkl:203;n02865351.pkl:244|class=270:n02114548.pkl:408;n02114548.pkl:686;n02114548.pkl:701
convnext,70,70,+,55,31,18,10,0.09660371764644994,0.19102830946076763,0.04082351932789759,0.11929276423873751,0.5789750901327935,0.1734364734167595,class=672:n03792972.pkl:0;n03792972.pkl:2;n03792972.pkl:3|class=324:n02280649.pkl:3;n02280649.pkl:4;n02280649.pkl:6|class=195:n02096585.pkl:5;n02096585.pkl:12;n02096585.pkl:18
convnext,71,71,+,2,1,0,0,0.04732940641799539,0.04655899039334208,0.0043710361788457,0.0036006201541923873,0.43018821013751907,0.8392780928735202,class=98:n01855032.pkl:84;n01855032.pkl:213;n01855032.pkl:443|class=130:n02007558.pkl:836
convnext,72,72,+,75,41,22,9,0.07420653579570956,0.16240357667907798,0.03351036345226105,0.11730783611314811,0.5747758621793775,0.17672673249809484,class=779:n04146614.pkl:0;n04146614.pkl:1;n04146614.pkl:2|class=248:n02109961.pkl:5;n02109961.pkl:8;n02109961.pkl:9|class=249:n02110063.pkl:3;n02110063.pkl:4;n02110063.pkl:7
convnext,73,73,+,36,15,10,5,0.10263524754198285,0.19264982984277865,0.0378326950603109,0.10243726736420464,0.5393756366083755,0.2314251960239308,class=656:n03770679.pkl:0;n03770679.pkl:1;n03770679.pkl:2|class=821:n04311004.pkl:0;n04311004.pkl:2;n04311004.pkl:4|class=475:n02965783.pkl:0;n02965783.pkl:16;n02965783.pkl:20
convnext,74,74,+,63,42,22,11,0.11543166841803863,0.19894980614041172,0.04338141472034612,0.10517691701838558,0.6520661846937663,0.10917543451657015,class=347:n02410509.pkl:0;n02410509.pkl:4;n02410509.pkl:5|class=40:n01682714.pkl:2;n01682714.pkl:3;n01682714.pkl:4|class=834:n04350905.pkl:2;n04350905.pkl:3;n04350905.pkl:5
convnext,75,75,+,5,3,0,0,0.015318271274257292,0.011644616210804253,0.0025318763879542674,0.0009112438492206898,0.9603506350150655,0.2259068265982404,class=930:n07684084.pkl:331;n07684084.pkl:766;n07684084.pkl:773|class=214:n02101006.pkl:338;n02101006.pkl:520;n02101006.pkl:868|class=203:n02098286.pkl:386;n02098286.pkl:478;n02098286.pkl:479
convnext,76,76,+,7,5,2,1,0.24809205237031268,0.38091060378973085,0.09755339644101758,0.2234294253331871,0.13694879764262707,0.8922299127781489,class=870:n04482393.pkl:0;n04482393.pkl:1;n04482393.pkl:2|class=377:n02490219.pkl:129;n02490219.pkl:138;n02490219.pkl:145|class=985:n11939491.pkl:93;n11939491.pkl:527;n11939491.pkl:812
convnext,77,77,+,39,26,13,7,0.11216419307923206,0.19130244193596552,0.03610048516928512,0.10087056185065423,0.579487839731293,0.22582909697656955,class=291:n02129165.pkl:0;n02129165.pkl:1;n02129165.pkl:4|class=789:n04201297.pkl:5;n04201297.pkl:31;n04201297.pkl:36|class=204:n02098413.pkl:11;n02098413.pkl:16;n02098413.pkl:26
convnext,78,78,+,132,87,58,24,0.10045822526265283,0.15510825639642178,0.03512180889538446,0.06839422923167626,0.7757465015823826,0.03630414421552838,class=930:n07684084.pkl:0;n07684084.pkl:1;n07684084.pkl:7|class=666:n03786901.pkl:1;n03786901.pkl:9;n03786901.pkl:10|class=623:n03658185.pkl:1;n03658185.pkl:3;n03658185.pkl:4
convnext,80,80,+,4,0,0,0,0.003357865260730397,0.0025333671393365474,0.00120374617294487,0.0003636314386271949,0.9664831995918914,0.2728135577428089,class=375:n02488702.pkl:55;n02488702.pkl:101|class=480:n02977058.pkl:300;n02977058.pkl:774|class=184:n02093991.pkl:1051
convnext,81,81,+,66,53,39,22,0.2470829616765813,0.2945711481926004,0.11816547695512583,0.22147982992226734,0.7212669918521526,0.0683798895058132,class=228:n02105505.pkl:0;n02105505.pkl:1;n02105505.pkl:2|class=988:n12267677.pkl:0;n12267677.pkl:1;n12267677.pkl:2|class=342:n02396427.pkl:0;n02396427.pkl:1;n02396427.pkl:2
convnext,82,82,+,13,8,5,3,0.33931281257987916,0.35090711922801116,0.09808063061236384,0.19784140114360663,0.44783009834831683,0.38990878513446914,class=194:n02096437.pkl:0;n02096437.pkl:1;n02096437.pkl:2|class=746:n04019541.pkl:5;n04019541.pkl:11;n04019541.pkl:20|class=573:n03444034.pkl:6;n03444034.pkl:10;n03444034.pkl:17
convnext,83,83,+,1,0,0,0,0.006309148264984227,0.0,0.003943217665615142,0.0,0.0,1.0,class=993:n13037406.pkl:167;n13037406.pkl:231;n13037406.pkl:398
convnext,84,84,+,1,0,0,0,0.0007727975270479134,0.0,0.0007727975270479134,0.0,0.0,1.0,class=475:n02965783.pkl:1158
convnext,85,85,+,44,20,12,2,0.06814437058169186,0.14485248066975576,0.02092950129407176,0.07360557505419581,0.5303896100299321,0.30382088936309104,class=611:n03598930.pkl:1;n03598930.pkl:5;n03598930.pkl:6|class=416:n02777292.pkl:23;n02777292.pkl:44;n02777292.pkl:58|class=887:n04532106.pkl:12;n04532106.pkl:39;n04532106.pkl:58
convnext,86,86,+,51,26,12,2,0.0450054905598458,0.08741433529346569,0.00886734492088887,0.014988742752457403,0.7876447185533255,0.07563170364892682,class=845:n04376876.pkl:1;n04376876.pkl:15;n04376876.pkl:42|class=823:n04317175.pkl:26;n04317175.pkl:39;n04317175.pkl:41|class=557:n03355925.pkl:26;n03355925.pkl:49;n03355925.pkl:83
convnext,87,87,+,7,5,1,0,0.04096365692525073,0.049184894064078055,0.005451153340798772,0.00559481444015787,0.7922307766203425,0.29334329458473074,class=236:n02107142.pkl:62;n02107142.pkl:64;n02107142.pkl:74|class=770:n04120489.pkl:519;n04120489.pkl:525;n04120489.pkl:558|class=549:n03291819.pkl:200;n03291819.pkl:215;n03291819.pkl:713
convnext,88,88,+,79,45,25,12,0.09491459560883404,0.17885493464035174,0.03265124569156505,0.09869216158753195,0.6306085291243555,0.12830638620342144,class=2:n01484850.pkl:0;n01484850.pkl:2;n01484850.pkl:3|class=449:n02859443.pkl:0;n02859443.pkl:4;n02859443.pkl:8|class=193:n02096294.pkl:3;n02096294.pkl:9;n02096294.pkl:16
convnext,89,89,+,138,109,87,53,0.2889481562568833,0.32484156929520897,0.1446446199400369,0.2437521751662442,0.7821993606049031,0.02782485922491032,class=954:n07753592.pkl:0;n07753592.pkl:1;n07753592.pkl:2|class=972:n09246464.pkl:0;n09246464.pkl:3;n09246464.pkl:7|class=397:n02655020.pkl:0;n02655020.pkl:1;n02655020.pkl:2
convnext,90,90,+,11,11,8,5,0.46350075436515303,0.29403616771132196,0.05261284079320274,0.05220366088896058,0.7837525601822994,0.18040964641202878,class=564:n03388549.pkl:1;n03388549.pkl:2;n03388549.pkl:4|class=826:n04328186.pkl:8;n04328186.pkl:27;n04328186.pkl:76|class=197:n02097130.pkl:4;n02097130.pkl:21;n02097130.pkl:29
convnext,91,91,+,41,24,14,3,0.07256033348760353,0.1326456011853504,0.018505143075455845,0.04031339907628928,0.6912337241289583,0.14014266521026425,class=215:n02101388.pkl:2;n02101388.pkl:11;n02101388.pkl:21|class=599:n03530642.pkl:0;n03530642.pkl:8;n03530642.pkl:10|class=678:n03814639.pkl:1;n03814639.pkl:12;n03814639.pkl:20
convnext,92,92,+,47,27,14,6,0.08408057589844366,0.13489590332532428,0.02217196281685881,0.04215753689626454,0.7010162177888583,0.09819748856235598,class=707:n03902125.pkl:5;n03902125.pkl:8;n03902125.pkl:15|class=528:n03187595.pkl:0;n03187595.pkl:3;n03187595.pkl:5|class=239:n02107683.pkl:2;n02107683.pkl:7;n02107683.pkl:8
convnext,93,93,+,245,178,139,60,0.11597467856526242,0.17685851673802525,0.05326141432111389,0.1120851165017158,0.8023773898437231,0.022157719591863793,class=25:n01629819.pkl:0;n01629819.pkl:1;n01629819.pkl:2|class=360:n02444819.pkl:0;n02444819.pkl:2;n02444819.pkl:3|class=358:n02443114.pkl:0;n02443114.pkl:2;n02443114.pkl:5
convnext,94,94,+,83,48,24,11,0.08839631795491826,0.17461681035211163,0.033861645061310335,0.11205515725866644,0.5974873390251049,0.14398607239474076,class=350:n02417914.pkl:0;n02417914.pkl:1;n02417914.pkl:2|class=51:n01704323.pkl:2;n01704323.pkl:3;n01704323.pkl:4|class=970:n09193705.pkl:13;n09193705.pkl:16;n09193705.pkl:19
convnext,95,95,+,7,4,2,0,0.052869081355947596,0.10188091978631071,0.010093926891815222,0.014664420870073977,0.6082854854474007,0.44437392044547463,class=727:n03956157.pkl:24;n03956157.pkl:65;n03956157.pkl:74|class=441:n02823750.pkl:175;n02823750.pkl:245;n02823750.pkl:271|class=30:n01641577.pkl:153;n01641577.pkl:378;n01641577.pkl:429
convnext,96,96,+,13,2,2,1,0.04010917023109416,0.08935855458442336,0.00903447999550598,0.019578821618565043,0.4961420391129947,0.4381860283230072,class=189:n02095570.pkl:5;n02095570.pkl:20;n02095570.pkl:34|class=326:n02281787.pkl:157;n02281787.pkl:174;n02281787.pkl:204|class=936:n07714571.pkl:554;n07714571.pkl:614;n07714571.pkl:646
convnext,97,97,+,35,20,13,4,0.0632658503868669,0.11899275752069534,0.02514462480320773,0.054487490142781876,0.6483880001197972,0.16273519542413345,class=35:n01667114.pkl:2;n01667114.pkl:5;n01667114.pkl:7|class=960:n07836838.pkl:2;n07836838.pkl:5;n07836838.pkl:9|class=328:n02319095.pkl:8;n02319095.pkl:10;n02319095.pkl:24
convnext,98,98,+,34,19,13,6,0.08753227790661765,0.15226386408107517,0.030260858175864075,0.06162882817781278,0.6627567573328852,0.15140238027768219,class=121:n01981276.pkl:7;n01981276.pkl:8;n01981276.pkl:9|class=658:n03775071.pkl:6;n03775071.pkl:7;n03775071.pkl:10|class=388:n02510455.pkl:6;n02510455.pkl:7;n02510455.pkl:52
convnext,99,99,+,88,52,32,11,0.08819593525372854,0.17469764530667153,0.03651770832925561,0.09440673389365699,0.6542173753404761,0.08731161905445137,class=204:n02098413.pkl:1;n02098413.pkl:5;n02098413.pkl:12|class=797:n04235860.pkl:0;n04235860.pkl:1;n04235860.pkl:6|class=465:n02916936.pkl:0;n02916936.pkl:4;n02916936.pkl:5
convnext,100,100,+,31,21,12,4,0.0823374116943191,0.11877612776371235,0.02178650926786712,0.04076600771012931,0.679252030520355,0.14520107725534218,class=383:n02497673.pkl:0;n02497673.pkl:5;n02497673.pkl:7|class=671:n03792782.pkl:3;n03792782.pkl:24;n03792782.pkl:27|class=517:n03126707.pkl:3;n03126707.pkl:18;n03126707.pkl:22
convnext,101,101,+,16,9,5,2,0.11036444536023904,0.18183819148001548,0.025123990906342025,0.04837948619839319,0.567261137766513,0.29425294718742806,class=956:n07760859.pkl:1;n07760859.pkl:12;n07760859.pkl:22|class=990:n12768682.pkl:11;n12768682.pkl:14;n12768682.pkl:31|class=389:n02514041.pkl:4;n02514041.pkl:10;n02514041.pkl:22
convnext,102,102,+,124,75,54,24,0.10583387035601806,0.18641258774319058,0.04621154854049124,0.11270491680708641,0.7034944690938189,0.056033773670278626,class=178:n02092339.pkl:0;n02092339.pkl:1;n02092339.pkl:3|class=172:n02091134.pkl:0;n02091134.pkl:1;n02091134.pkl:2|class=942:n07717556.pkl:3;n07717556.pkl:5;n07717556.pkl:7
convnext,105,105,+,61,39,24,8,0.09091706196493353,0.15050168391269886,0.028982336375294432,0.0578137034983224,0.7172047327346761,0.08162608356726506,class=546:n03272010.pkl:2;n03272010.pkl:3;n03272010.pkl:8|class=407:n02701002.pkl:0;n02701002.pkl:2;n02701002.pkl:4|class=232:n02106166.pkl:7;n02106166.pkl:10;n02106166.pkl:13
convnext,106,106,+,91,48,22,5,0.0524921769604829,0.11548332457360519,0.014703472476650173,0.040515162325611496,0.7021277871408029,0.09442510184267429,class=429:n02799071.pkl:1;n02799071.pkl:5;n02799071.pkl:6|class=708:n03903868.pkl:6;n03903868.pkl:13;n03903868.pkl:15|class=711:n03916031.pkl:13;n03916031.pkl:20;n03916031.pkl:24
convnext,107,107,+,18,14,7,3,0.1559062250833248,0.20319271424281174,0.04454223826670233,0.08745297499065395,0.5934233867096251,0.2697127147986127,class=927:n07613480.pkl:4;n07613480.pkl:6;n07613480.pkl:7|class=49:n01697457.pkl:0;n01697457.pkl:5;n01697457.pkl:7|class=951:n07749582.pkl:35;n07749582.pkl:47;n07749582.pkl:49
convnext,108,108,+,15,9,3,2,0.07465496170550943,0.15461123275185043,0.030001168384147438,0.07193650725809457,0.40451248157505537,0.449959853209673,class=48:n01695060.pkl:5;n01695060.pkl:8;n01695060.pkl:13|class=75:n01774384.pkl:1;n01774384.pkl:2;n01774384.pkl:11|class=467:n02927161.pkl:5;n02927161.pkl:26;n02927161.pkl:82
convnext,111,111,+,75,46,22,6,0.07753637746192348,0.150983223439387,0.02742651741312472,0.08430639618823271,0.6159184366882806,0.13931822212895378,class=156:n02086646.pkl:2;n02086646.pkl:3;n02086646.pkl:4|class=897:n04554684.pkl:0;n04554684.pkl:2;n04554684.pkl:3|class=582:n03461385.pkl:3;n03461385.pkl:4;n03461385.pkl:7
convnext,112,112,+,1,0,0,0,0.0031031807602792862,0.0,0.0007757951900698216,0.0,0.0,1.0,class=679:n03814906.pkl:610
convnext,113,113,+,36,23,15,6,0.1275958119544205,0.20383515795269844,0.02845773330369268,0.05123683116800329,0.6930893159687662,0.11782315331202929,class=131:n02009229.pkl:12;n02009229.pkl:18;n02009229.pkl:31|class=926:n07590611.pkl:2;n07590611.pkl:9;n07590611.pkl:13|class=319:n02268443.pkl:1;n02268443.pkl:7;n02268443.pkl:17
convnext,114,114,+,48,30,14,10,0.10474954426083631,0.1793696077894955,0.038084057925434824,0.09804229969115723,0.6268242767226921,0.15890332786753059,class=820:n04310018.pkl:0;n04310018.pkl:1;n04310018.pkl:2|class=161:n02088238.pkl:1;n02088238.pkl:9;n02088238.pkl:13|class=999:n15075141.pkl:1;n15075141.pkl:7;n15075141.pkl:10
convnext,117,117,+,105,68,39,17,0.09990603765197499,0.17156693711699628,0.03795109588785565,0.10347068450381489,0.676447469969578,0.08031785047677363,class=88:n01818515.pkl:0;n01818515.pkl:1;n01818515.pkl:3|class=163:n02088466.pkl:0;n02088466.pkl:1;n02088466.pkl:2|class=623:n03658185.pkl:2;n03658185.pkl:7;n03658185.pkl:8
convnext,118,118,+,5,3,1,0,0.11793693160950114,0.1844956506674311,0.008073440188916915,0.010531656534740894,0.561722307426478,0.5403346014503765,class=432:n02804610.pkl:99;n02804610.pkl:149;n02804610.pkl:153|class=560:n03379051.pkl:45;n03379051.pkl:149;n03379051.pkl:295|class=405:n02692877.pkl:323;n02692877.pkl:551;n02692877.pkl:846
convnext,119,119,+,97,57,32,16,0.10380959779610524,0.17914468880386697,0.04164410911503436,0.1086128156080843,0.6761643542310289,0.08043595512959074,class=329:n02321529.pkl:0;n02321529.pkl:3;n02321529.pkl:6|class=630:n03680355.pkl:0;n03680355.pkl:2;n03680355.pkl:4|class=798:n04238763.pkl:4;n04238763.pkl:11;n04238763.pkl:12
convnext,120,120,+,43,22,11,5,0.08000879866010396,0.16225093546046104,0.03171432774616498,0.10114100933934944,0.5182015558227966,0.25977974648603624,class=391:n02536864.pkl:3;n02536864.pkl:4;n02536864.pkl:8|class=941:n07717410.pkl:9;n07717410.pkl:10;n07717410.pkl:12|class=746:n04019541.pkl:1;n04019541.pkl:2;n04019541.pkl:4
convnext,121,121,+,123,75,44,21,0.09590265486005001,0.17904448932682474,0.03878285244557387,0.10458700732041117,0.6851885362749384,0.0672550420008947,class=751:n04037443.pkl:0;n04037443.pkl:1;n04037443.pkl:4|class=126:n01990800.pkl:0;n01990800.pkl:2;n01990800.pkl:8|class=496:n03026506.pkl:1;n03026506.pkl:3;n03026506.pkl:6
convnext,122,122,+,26,16,12,6,0.14963673909181077,0.19620375474012888,0.053901555700149636,0.09886111963511622,0.6570369572185659,0.1678439082690576,class=284:n02123597.pkl:0;n02123597.pkl:1;n02123597.pkl:2|class=956:n07760859.pkl:3;n07760859.pkl:5;n07760859.pkl:6|class=144:n02051845.pkl:3;n02051845.pkl:22;n02051845.pkl:37
convnext,123,123,+,2,1,0,0,0.011197137601158244,0.00886975203094878,0.001611915591407614,6.032521126797107e-05,0.9989894470415565,0.5007002983696951,class=359:n02443484.pkl:431;n02443484.pkl:745|class=959:n07831146.pkl:18;n07831146.pkl:850
convnext,124,124,+,3,2,0,0,0.05628999032105115,0.036474113358933934,0.004237248335498531,0.001992551915489373,0.9047391795101491,0.40704397656819113,class=307:n02177972.pkl:91;n02177972.pkl:104;n02177972.pkl:162|class=556:n03347037.pkl:182;n03347037.pkl:543;n03347037.pkl:1231|class=780:n04147183.pkl:431;n04147183.pkl:703;n04147183.pkl:1161
convnext,125,125,+,19,14,10,3,0.10047376424912531,0.13662295315665154,0.032701307230113906,0.06378747537399453,0.6398225593766775,0.25288825287050626,class=976:n09399592.pkl:0;n09399592.pkl:7;n09399592.pkl:10|class=4:n01494475.pkl:14;n01494475.pkl:19;n01494475.pkl:34|class=190:n02095889.pkl:13;n02095889.pkl:24;n02095889.pkl:27
convnext,126,126,+,71,47,21,4,0.07087716925648643,0.13005570547006876,0.021379120193950777,0.07465184525199306,0.6139879024895676,0.18581328828114974,class=154:n02086079.pkl:0;n02086079.pkl:1;n02086079.pkl:3|class=38:n01675722.pkl:0;n01675722.pkl:1;n01675722.pkl:3|class=803:n04252225.pkl:2;n04252225.pkl:19;n04252225.pkl:28
convnext,128,128,+,2,1,0,0,0.017253999287303406,0.01254442314915584,0.0024005354855486318,0.0015241112962410069,0.6856187339692149,0.7015519980201388,class=997:n13054560.pkl:21;n13054560.pkl:258;n13054560.pkl:398|class=977:n09421951.pkl:1276
convnext,129,129,+,51,29,13,3,0.06913141239468554,0.14652693869287203,0.015939314793173235,0.04670658916683316,0.6061704868588036,0.18797091261635102,class=203:n02098286.pkl:2;n02098286.pkl:5;n02098286.pkl:6|class=12:n01532829.pkl:4;n01532829.pkl:6;n01532829.pkl:15|class=426:n02794156.pkl:20;n02794156.pkl:40;n02794156.pkl:55
convnext,130,130,+,4,2,1,0,0.03406114578710014,0.041095021203545,0.005271266628242577,0.006785951762640255,0.48881953478624673,0.6643158777487705,class=363:n02454379.pkl:125;n02454379.pkl:137;n02454379.pkl:238|class=598:n03529860.pkl:910;n03529860.pkl:1081;n03529860.pkl:1114|class=995:n13044778.pkl:280
convnext,132,132,+,2,0,0,0,0.002340837838505024,0.0015471870448542301,0.0011744303734972476,0.0003807795798464539,0.9227828723171924,0.5525608954967527,class=958:n07802026.pkl:815;n07802026.pkl:913|class=605:n03584254.pkl:926
convnext,133,133,+,40,13,7,3,0.055793796178917686,0.12559059331480704,0.01178731991706441,0.028554924423435785,0.5958558191545779,0.17171411465016248,class=868:n04476259.pkl:16;n04476259.pkl:25;n04476259.pkl:34|class=158:n02087046.pkl:26;n02087046.pkl:38;n02087046.pkl:45|class=477:n02966687.pkl:10;n02966687.pkl:16;n02966687.pkl:20
convnext,134,134,+,34,22,9,4,0.07848691978879183,0.1333678689950636,0.019819907105209932,0.04792200669603711,0.6283776600825225,0.20135608895906704,class=987:n12144580.pkl:4;n12144580.pkl:5;n12144580.pkl:14|class=431:n02804414.pkl:8;n02804414.pkl:12;n02804414.pkl:45|class=220:n02102480.pkl:3;n02102480.pkl:34;n02102480.pkl:78
convnext,135,135,+,46,29,18,8,0.09363201840443336,0.13154701182078002,0.028150928000089913,0.052954310246836445,0.7174865417900109,0.09866268907159255,class=908:n04592741.pkl:8;n04592741.pkl:13;n04592741.pkl:20|class=497:n03028079.pkl:6;n03028079.pkl:27;n03028079.pkl:36|class=446:n02840245.pkl:12;n02840245.pkl:28;n02840245.pkl:32
convnext,136,136,+,133,88,61,29,0.11342194428385607,0.17325346697500787,0.043844837836012236,0.09398750852782169,0.7552318837770651,0.0420690870106019,class=815:n04275548.pkl:2;n04275548.pkl:3;n04275548.pkl:4|class=504:n03063599.pkl:0;n03063599.pkl:1;n03063599.pkl:2|class=878:n04505470.pkl:3;n04505470.pkl:4;n04505470.pkl:9
convnext,138,138,+,39,26,15,8,0.14025581135535228,0.20074126084272287,0.037405139652574276,0.06637514417871848,0.7031048874676356,0.10638010385601293,class=156:n02086646.pkl:0;n02086646.pkl:1;n02086646.pkl:5|class=948:n07742313.pkl:0;n07742313.pkl:6;n07742313.pkl:8|class=927:n07613480.pkl:6;n07613480.pkl:15;n07613480.pkl:19
convnext,139,139,+,16,9,1,1,0.05375247535695567,0.14193374892735564,0.012511537421701389,0.03563552035576648,0.42125386030566647,0.5695197403826255,class=989:n12620546.pkl:13;n12620546.pkl:28;n12620546.pkl:30|class=970:n09193705.pkl:187;n09193705.pkl:239;n09193705.pkl:265|class=451:n02865351.pkl:17;n02865351.pkl:339;n02865351.pkl:380
convnext,141,141,+,74,40,29,11,0.1092135272594236,0.18156525168161153,0.03801934561565555,0.08888685323985408,0.6754244772653044,0.08737772540620489,class=454:n02871525.pkl:0;n02871525.pkl:5;n02871525.pkl:6|class=314:n02233338.pkl:2;n02233338.pkl:3;n02233338.pkl:7|class=810:n04264628.pkl:5;n04264628.pkl:12;n04264628.pkl:22
convnext,142,142,+,54,31,17,9,0.1050727626300161,0.18728039984454442,0.04416344170447686,0.11496761589208657,0.6194694068886728,0.1440149766097398,class=630:n03680355.pkl:1;n03680355.pkl:2;n03680355.pkl:5|class=397:n02655020.pkl:2;n02655020.pkl:8;n02655020.pkl:14|class=729:n03961711.pkl:7;n03961711.pkl:8;n03961711.pkl:13
convnext,144,144,+,30,22,13,5,0.08828398654483634,0.13679969956651133,0.026379847611804067,0.05795439967134783,0.652662891506693,0.19421516546707787,class=307:n02177972.pkl:2;n02177972.pkl:5;n02177972.pkl:7|class=789:n04201297.pkl:0;n04201297.pkl:1;n04201297.pkl:26|class=565:n03393912.pkl:6;n03393912.pkl:49;n03393912.pkl:50
convnext,145,145,+,99,61,34,13,0.08552783104633861,0.15749338105972413,0.030320266966308896,0.08525256619020269,0.6808922346367324,0.08995813767820708,class=956:n07760859.pkl:0;n07760859.pkl:1;n07760859.pkl:2|class=205:n02099267.pkl:0;n02099267.pkl:6;n02099267.pkl:9|class=654:n03769881.pkl:1;n03769881.pkl:4;n03769881.pkl:6
convnext,146,146,+,63,44,27,7,0.09291769090298842,0.153207023108431,0.03410390211663578,0.11395830935515458,0.6184698330609332,0.19310548968168897,class=387:n02509815.pkl:0;n02509815.pkl:1;n02509815.pkl:2|class=997:n13054560.pkl:2;n13054560.pkl:3;n13054560.pkl:18|class=605:n03584254.pkl:4;n03584254.pkl:19;n03584254.pkl:34
convnext,147,147,+,7,4,1,0,0.07782021585507604,0.09415920307895195,0.005134511865070868,0.008123415794522455,0.5750263975242416,0.5004435506515981,class=54:n01729322.pkl:127;n01729322.pkl:138;n01729322.pkl:205|class=669:n03788365.pkl:367;n03788365.pkl:548;n03788365.pkl:750|class=465:n02916936.pkl:740;n02916936.pkl:811;n02916936.pkl:1093
convnext,148,148,+,127,67,34,8,0.05126856081454705,0.10516118368746889,0.015481613572975252,0.03958830357756031,0.7363522620671096,0.059361019215251214,class=564:n03388549.pkl:0;n03388549.pkl:1;n03388549.pkl:5|class=171:n02091032.pkl:6;n02091032.pkl:9;n02091032.pkl:10|class=222:n02104029.pkl:35;n02104029.pkl:41;n02104029.pkl:45
convnext,150,150,+,52,28,8,5,0.06917881049692416,0.17722206412961589,0.032353149618798024,0.10743522362806747,0.4882229718063773,0.23128986652989156,class=70:n01770081.pkl:0;n01770081.pkl:1;n01770081.pkl:3|class=28:n01632458.pkl:0;n01632458.pkl:1;n01632458.pkl:2|class=167:n02089973.pkl:3;n02089973.pkl:13;n02089973.pkl:18
convnext,151,151,+,56,26,17,6,0.10176409841166568,0.22885323345927083,0.052933542739657266,0.17051304471560474,0.49631631448647784,0.20315281196302268,class=177:n02092002.pkl:0;n02092002.pkl:1;n02092002.pkl:2|class=322:n02277742.pkl:0;n02277742.pkl:1;n02277742.pkl:2|class=432:n02804610.pkl:0;n02804610.pkl:1;n02804610.pkl:2
convnext,152,152,+,4,1,1,0,0.03810466026000033,0.060098803251774906,0.007623022551099592,0.010939589174621308,0.3750825115604978,0.764858189552881,class=822:n04311174.pkl:76;n04311174.pkl:108;n04311174.pkl:155|class=617:n03630383.pkl:690;n03630383.pkl:1089|class=580:n03457902.pkl:144;n03457902.pkl:1134
convnext,153,153,+,32,21,13,7,0.20760506479781826,0.2811170129551679,0.05254934838294651,0.11776940230055293,0.6021690346919922,0.18820685693237296,class=855:n04423845.pkl:5;n04423845.pkl:6;n04423845.pkl:7|class=759:n04069434.pkl:1;n04069434.pkl:2;n04069434.pkl:3|class=678:n03814639.pkl:5;n03814639.pkl:6;n03814639.pkl:10
convnext,154,154,+,78,49,30,12,0.11315462024136011,0.18517823629962918,0.042265376653857864,0.09803791721848124,0.683306827439396,0.08180065141018705,class=9:n01518878.pkl:0;n01518878.pkl:1;n01518878.pkl:2|class=217:n02102040.pkl:2;n02102040.pkl:3;n02102040.pkl:8|class=228:n02105505.pkl:2;n02105505.pkl:4;n02105505.pkl:8
convnext,155,155,+,70,46,24,9,0.09850884541248059,0.19241461224430362,0.040627702542577554,0.12351616317002317,0.5986977501043669,0.14632556264758007,class=741:n03998194.pkl:0;n03998194.pkl:1;n03998194.pkl:3|class=359:n02443484.pkl:1;n02443484.pkl:2;n02443484.pkl:8|class=245:n02108915.pkl:2;n02108915.pkl:3;n02108915.pkl:6
convnext,156,156,+,140,96,61,39,0.19649068883351428,0.28464306149323026,0.09272620395908304,0.1959778316963919,0.7276251354780511,0.03904948442155347,class=299:n02138441.pkl:0;n02138441.pkl:1;n02138441.pkl:3|class=825:n04326547.pkl:0;n04326547.pkl:1;n04326547.pkl:2|class=57:n01735189.pkl:0;n01735189.pkl:1;n01735189.pkl:2
convnext,157,157,+,17,7,3,1,0.040336964590186715,0.08433786993101852,0.012705612074205142,0.035589339610495124,0.4381376428867054,0.5203533367192736,class=965:n07880968.pkl:3;n07880968.pkl:18;n07880968.pkl:20|class=340:n02391049.pkl:41;n02391049.pkl:58;n02391049.pkl:128|class=695:n03874599.pkl:51;n03874599.pkl:90;n03874599.pkl:96
convnext,159,159,+,28,14,8,6,0.0884686401524506,0.15813306400927662,0.03661166282256217,0.07328135143948379,0.6076287736135437,0.17879793245080422,class=843:n04371774.pkl:0;n04371774.pkl:2;n04371774.pkl:3|class=221:n02102973.pkl:5;n02102973.pkl:8;n02102973.pkl:9|class=219:n02102318.pkl:14;n02102318.pkl:19;n02102318.pkl:21
convnext,160,160,+,1,0,0,0,0.004612546125461255,0.0,0.0018450184501845018,0.0,0.0,1.0,class=838:n04357314.pkl:169;n04357314.pkl:549
convnext,161,161,+,7,4,1,0,0.032951342221021335,0.04368741683697613,0.010593581968533522,0.016020860956143707,0.575574424512628,0.46958638078310155,class=930:n07684084.pkl:20;n07684084.pkl:35;n07684084.pkl:51|class=713:n03924679.pkl:22;n03924679.pkl:137;n03924679.pkl:300|class=249:n02110063.pkl:174;n02110063.pkl:203;n02110063.pkl:313
convnext,162,162,+,97,59,40,12,0.11705415670467355,0.21323742386032038,0.054066998117563575,0.14820410500495743,0.6401347671393961,0.0877704776509274,class=944:n07718747.pkl:0;n07718747.pkl:2;n07718747.pkl:3|class=329:n02321529.pkl:0;n02321529.pkl:2;n02321529.pkl:3|class=37:n01669191.pkl:1;n01669191.pkl:3;n01669191.pkl:4
convnext,163,163,+,88,57,33,19,0.18789206272378137,0.3069123322085258,0.09615429482067218,0.22021463673042807,0.655386969105812,0.07096721229238989,class=958:n07802026.pkl:0;n07802026.pkl:1;n07802026.pkl:2|class=312:n02229544.pkl:0;n02229544.pkl:1;n02229544.pkl:2|class=986:n12057211.pkl:0;n12057211.pkl:1;n12057211.pkl:2
convnext,166,166,+,14,7,4,1,0.053407809066477865,0.10576608800402512,0.011254638924244031,0.020180468189787717,0.5817701424688966,0.30108113992082725,class=916:n06359193.pkl:0;n06359193.pkl:2;n06359193.pkl:15|class=328:n02319095.pkl:63;n02319095.pkl:72;n02319095.pkl:81|class=935:n07711569.pkl:12;n07711569.pkl:35;n07711569.pkl:180
convnext,167,167,+,26,16,4,1,0.04770288105459895,0.1100970845436276,0.008937957149296842,0.020307125284995863,0.6639166459937929,0.23700107877789203,class=752:n04039381.pkl:20;n04039381.pkl:38;n04039381.pkl:58|class=229:n02105641.pkl:205;n02105641.pkl:221;n02105641.pkl:288|class=2:n01484850.pkl:120;n01484850.pkl:148;n01484850.pkl:184
convnext,168,168,+,74,42,26,11,0.1030672232096822,0.1846521579273542,0.037481215341546505,0.0954435617036786,0.6576055413673693,0.10113976355111182,class=870:n04482393.pkl:0;n04482393.pkl:1;n04482393.pkl:3|class=71:n01770393.pkl:1;n01770393.pkl:2;n01770393.pkl:3|class=234:n02106550.pkl:5;n02106550.pkl:6;n02106550.pkl:14
convnext,169,169,+,53,25,13,6,0.10062009930413164,0.20806832175259757,0.03745772225055939,0.12386518045100345,0.517637943100135,0.2251872359540173,class=945:n07720875.pkl:0;n07720875.pkl:1;n07720875.pkl:3|class=770:n04120489.pkl:7;n04120489.pkl:8;n04120489.pkl:9|class=77:n01775062.pkl:0;n01775062.pkl:1;n01775062.pkl:2
convnext,170,170,+,31,15,7,2,0.045404850124828346,0.10261050355672269,0.01150824201774401,0.024531261935874734,0.6697943015340275,0.17883313531313863,class=344:n02398521.pkl:18;n02398521.pkl:30;n02398521.pkl:37|class=930:n07684084.pkl:4;n07684084.pkl:13;n07684084.pkl:34|class=232:n02106166.pkl:14;n02106166.pkl:17;n02106166.pkl:20
convnext,171,171,+,47,11,6,0,0.015474480770896594,0.03097215882539832,0.003837602120904596,0.006185015433442969,0.7941695381452405,0.07654333303036179,class=258:n02111889.pkl:14;n02111889.pkl:20;n02111889.pkl:86|class=197:n02097130.pkl:76;n02097130.pkl:102;n02097130.pkl:116|class=700:n03887697.pkl:32;n03887697.pkl:100;n03887697.pkl:212
convnext,173,173,+,11,9,6,3,0.32623384543943523,0.32254755506648947,0.11378584795654682,0.2039225423918624,0.5137142468257314,0.3828945931705174,class=297:n02134418.pkl:0;n02134418.pkl:3;n02134418.pkl:5|class=685:n03841143.pkl:1;n03841143.pkl:3;n03841143.pkl:4|class=397:n02655020.pkl:6;n02655020.pkl:9;n02655020.pkl:13
convnext,174,174,+,63,38,22,12,0.10830273746633697,0.17280615161845572,0.029744556584747932,0.06371216118015445,0.7111315949688987,0.08869946354153764,class=188:n02095314.pkl:3;n02095314.pkl:5;n02095314.pkl:8|class=998:n13133613.pkl:2;n13133613.pkl:5;n13133613.pkl:9|class=108:n01914609.pkl:4;n01914609.pkl:6;n01914609.pkl:10
convnext,175,175,+,9,4,0,0,0.02041851235993337,0.023362400455176232,0.002530531504798215,0.0020159586474416367,0.878028679019886,0.18162866386299698,class=459:n02892767.pkl:222;n02892767.pkl:631;n02892767.pkl:638|class=328:n02319095.pkl:320;n02319095.pkl:386;n02319095.pkl:555|class=608:n03594734.pkl:33;n03594734.pkl:219;n03594734.pkl:472
convnext,176,176,+,4,2,0,0,0.024376704152515433,0.031188958936130964,0.0021635105608259204,0.001182873448357765,0.8920670884291834,0.32473061159549144,class=226:n02105251.pkl:157;n02105251.pkl:214;n02105251.pkl:268|class=853:n04417672.pkl:849;n04417672.pkl:899;n04417672.pkl:1155|class=114:n01945685.pkl:288;n01945685.pkl:1231
convnext,177,177,+,42,24,9,3,0.05740543261022092,0.14328712518439746,0.02313396050616338,0.07898324438725499,0.488476218205033,0.30134638251352175,class=315:n02236044.pkl:0;n02236044.pkl:4;n02236044.pkl:5|class=724:n03947888.pkl:3;n03947888.pkl:7;n03947888.pkl:9|class=243:n02108422.pkl:0;n02108422.pkl:28;n02108422.pkl:47
convnext,178,178,+,62,43,27,15,0.15362027894190536,0.23089165668070394,0.0613557726161766,0.13826559090739032,0.6689180947968523,0.09803691124827045,class=408:n02704792.pkl:0;n02704792.pkl:1;n02704792.pkl:2|class=218:n02102177.pkl:0;n02102177.pkl:1;n02102177.pkl:7|class=22:n01614925.pkl:0;n01614925.pkl:5;n01614925.pkl:8
convnext,179,179,+,80,43,25,13,0.0909171899702912,0.15373730560471388,0.032841666502305446,0.07590184004265631,0.6860726934773083,0.07926736676396755,class=884:n04523525.pkl:2;n04523525.pkl:4;n04523525.pkl:5|class=982:n10148035.pkl:0;n10148035.pkl:4;n10148035.pkl:6|class=876:n04493381.pkl:8;n04493381.pkl:14;n04493381.pkl:15
convnext,180,180,+,90,57,33,16,0.10619847409577224,0.19043793170301804,0.04344355834914472,0.11128859520974092,0.6743780080469464,0.08402462547926319,class=451:n02865351.pkl:1;n02865351.pkl:2;n02865351.pkl:3|class=657:n04008634.pkl:0;n04008634.pkl:1;n04008634.pkl:3|class=154:n02086079.pkl:0;n02086079.pkl:2;n02086079.pkl:7
convnext,182,182,+,8,7,3,2,0.13449070273228494,0.18321911340330047,0.030305653112264165,0.04400320321455033,0.5616403376844571,0.3885307521308674,class=309:n02206856.pkl:0;n02206856.pkl:16;n02206856.pkl:20|class=534:n03207941.pkl:0;n03207941.pkl:9;n03207941.pkl:15|class=573:n03444034.pkl:129;n03444034.pkl:202;n03444034.pkl:273
convnext,183,183,+,3,1,0,0,0.022873163449871513,0.031226922202108997,0.0018426692332574213,0.0014853123946351392,0.7262519237636823,0.5499139502759112,class=992:n12998815.pkl:62;n12998815.pkl:129;n12998815.pkl:672|class=916:n06359193.pkl:646|class=492:n03014705.pkl:967
convnext,184,184,+,32,24,17,9,0.23900106678556754,0.26653212346981675,0.0645300042073522,0.1370864900549013,0.6585056227079961,0.17228144274255888,class=890:n04540053.pkl:1;n04540053.pkl:2;n04540053.pkl:3|class=750:n04033995.pkl:0;n04033995.pkl:1;n04033995.pkl:3|class=284:n02123597.pkl:3;n02123597.pkl:9;n02123597.pkl:11
convnext,185,185,+,8,5,3,0,0.057050041851075005,0.06699717385726729,0.006283445709544794,0.005140175352606477,0.8256833667982644,0.20865080960857157,class=647:n03733805.pkl:191;n03733805.pkl:254;n03733805.pkl:291|class=856:n04428191.pkl:31;n04428191.pkl:94;n04428191.pkl:118|class=162:n02088364.pkl:27;n02088364.pkl:34;n02088364.pkl:74
convnext,186,186,+,28,17,7,2,0.06181654026472365,0.12035121559968935,0.016862953359542618,0.04897960449767835,0.5273145141606979,0.3370185227551637,class=560:n03379051.pkl:9;n03379051.pkl:10;n03379051.pkl:14|class=940:n07716906.pkl:47;n07716906.pkl:55;n07716906.pkl:61|class=12:n01532829.pkl:31;n01532829.pkl:39;n01532829.pkl:57
convnext,187,187,+,39,15,9,4,0.08241202447277846,0.21183708078748553,0.04749577749828599,0.145465878564205,0.4428873190370074,0.2661590671174662,class=510:n03095699.pkl:0;n03095699.pkl:1;n03095699.pkl:2|class=913:n04606251.pkl:3;n04606251.pkl:4;n04606251.pkl:10|class=147:n02066245.pkl:4;n02066245.pkl:7;n02066245.pkl:8
convnext,188,188,+,46,18,8,4,0.054560980614357726,0.11757374687355916,0.013778786406999335,0.0355816510597054,0.5951516274923396,0.16670722315781064,class=470:n02948072.pkl:11;n02948072.pkl:12;n02948072.pkl:18|class=742:n04004767.pkl:0;n04004767.pkl:6;n04004767.pkl:11|class=817:n04285008.pkl:2;n04285008.pkl:13;n04285008.pkl:55
convnext,190,190,+,6,4,0,0,0.03856404698670102,0.02698962259098978,0.0032612442910761757,0.003248251728129556,0.7376911955230042,0.3320080025627594,class=501:n03045698.pkl:333;n03045698.pkl:524;n03045698.pkl:534|class=767:n04116512.pkl:75;n04116512.pkl:160;n04116512.pkl:425|class=109:n01917289.pkl:816;n01917289.pkl:819
convnext,191,191,+,49,31,19,5,0.08559698588473613,0.15975549445643047,0.03342495072536143,0.0938556150699125,0.6156453353507387,0.18131810916780286,class=981:n09835506.pkl:0;n09835506.pkl:3;n09835506.pkl:4|class=97:n01847000.pkl:0;n01847000.pkl:6;n01847000.pkl:16|class=576:n03447447.pkl:5;n03447447.pkl:6;n03447447.pkl:7
convnext,192,192,+,43,19,12,5,0.0670928829497183,0.13975779748781988,0.024238812054351164,0.07591121223124996,0.565154824413665,0.2513534243361583,class=963:n07873807.pkl:1;n07873807.pkl:2;n07873807.pkl:3|class=109:n01917289.pkl:4;n01917289.pkl:17;n01917289.pkl:18|class=496:n03026506.pkl:5;n03026506.pkl:6;n03026506.pkl:15
convnext,193,193,+,38,22,10,5,0.06696054452855568,0.12269142271898095,0.02791066679259417,0.07642482188907648,0.589391360957494,0.22362386010827695,class=854:n04418357.pkl:1;n04418357.pkl:2;n04418357.pkl:3|class=788:n04200800.pkl:5;n04200800.pkl:18;n04200800.pkl:31|class=685:n03841143.pkl:10;n03841143.pkl:26;n03841143.pkl:45
convnext,194,194,+,14,5,2,1,0.02789757612864493,0.05461659391102745,0.009731395131054641,0.020816273695551984,0.5207876136698377,0.3982629478867735,class=221:n02102973.pkl:30;n02102973.pkl:47;n02102973.pkl:51|class=60:n01740131.pkl:54;n01740131.pkl:90;n01740131.pkl:207|class=738:n03991062.pkl:147;n03991062.pkl:202;n03991062.pkl:623
convnext,195,195,+,40,22,8,3,0.059707514039817486,0.14943046045728703,0.021693918907424614,0.07883908597028491,0.4487809537857684,0.35517724923714283,class=458:n02892201.pkl:3;n02892201.pkl:4;n02892201.pkl:5|class=247:n02109525.pkl:24;n02109525.pkl:25;n02109525.pkl:29|class=243:n02108422.pkl:1;n02108422.pkl:24;n02108422.pkl:29
convnext,197,197,+,8,4,2,0,0.031009721180128257,0.042010517997774666,0.005146844126660294,0.006079000675445522,0.706044100603612,0.29937827002868267,class=918:n06785654.pkl:40;n06785654.pkl:44;n06785654.pkl:52|class=926:n07590611.pkl:2;n07590611.pkl:209;n07590611.pkl:321|class=156:n02086646.pkl:72;n02086646.pkl:85;n02086646.pkl:775
convnext,198,198,+,4,1,0,0,0.018047097722155857,0.029446804450286527,0.002773482448540584,0.0034391161372742873,0.5424760110679729,0.6343995307965455,class=916:n06359193.pkl:103;n06359193.pkl:255;n06359193.pkl:301|class=654:n03769881.pkl:559|class=735:n03980874.pkl:507
convnext,199,199,+,6,2,1,1,0.11500953229523157,0.2461527877211355,0.07356165970444888,0.16194302880568098,0.0490966301107013,0.974404130145093,class=734:n03977966.pkl:1;n03977966.pkl:3;n03977966.pkl:5|class=440:n02823428.pkl:124;n02823428.pkl:664;n02823428.pkl:983|class=979:n09468604.pkl:1068
convnext,200,200,+,72,48,32,7,0.0781799945034206,0.12059887694899962,0.021109670765895237,0.04282962653778657,0.7513831702534509,0.07106217553522078,class=359:n02443484.pkl:0;n02443484.pkl:3;n02443484.pkl:4|class=464:n02910353.pkl:19;n02910353.pkl:21;n02910353.pkl:33|class=982:n10148035.pkl:14;n10148035.pkl:34;n10148035.pkl:39
convnext,201,201,+,18,8,6,1,0.08733271098653968,0.17598205047680737,0.03940202842645259,0.12299759074041856,0.3523816864944467,0.5969122905168457,class=822:n04311174.pkl:0;n04311174.pkl:1;n04311174.pkl:3|class=152:n02085782.pkl:24;n02085782.pkl:142;n02085782.pkl:145|class=169:n02090622.pkl:8;n02090622.pkl:11;n02090622.pkl:21
convnext,203,203,+,51,47,33,23,0.4911170103417997,0.3542554546957424,0.19066254292516283,0.29389601133303345,0.7498735281931453,0.06619717108822941,class=575:n03445924.pkl:0;n03445924.pkl:1;n03445924.pkl:3|class=388:n02510455.pkl:0;n02510455.pkl:1;n02510455.pkl:2|class=120:n01980166.pkl:0;n01980166.pkl:2;n01980166.pkl:3
convnext,204,204,+,80,60,44,21,0.17143694998849673,0.23920150506256782,0.07200036170098811,0.15630049604931467,0.71114002360341,0.07140624907011633,class=573:n03444034.pkl:0;n03444034.pkl:1;n03444034.pkl:2|class=592:n03492542.pkl:0;n03492542.pkl:1;n03492542.pkl:2|class=873:n04486054.pkl:2;n04486054.pkl:11;n04486054.pkl:14
convnext,205,205,+,37,26,20,5,0.09587449296848705,0.12821805499304864,0.028114116858261953,0.05076246892412353,0.7335879395953983,0.11513898618753282,class=66:n01753488.pkl:14;n01753488.pkl:15;n01753488.pkl:18|class=863:n04458633.pkl:1;n04458633.pkl:7;n04458633.pkl:9|class=982:n10148035.pkl:3;n10148035.pkl:6;n10148035.pkl:47
convnext,206,206,+,36,17,7,3,0.061308609579592194,0.13847291053985303,0.021071458795411873,0.0748538915143187,0.47789899815092335,0.3783173558764014,class=918:n06785654.pkl:2;n06785654.pkl:3;n06785654.pkl:5|class=869:n04479046.pkl:4;n04479046.pkl:29;n04479046.pkl:54|class=402:n02676566.pkl:29;n02676566.pkl:32;n02676566.pkl:37
convnext,207,207,+,46,31,14,4,0.059521011976563766,0.09176294595481964,0.014590336472720422,0.025735645541631172,0.763323651236634,0.08937571768653485,class=109:n01917289.pkl:4;n01917289.pkl:25;n01917289.pkl:28|class=361:n02445715.pkl:5;n02445715.pkl:38;n02445715.pkl:95|class=719:n03935335.pkl:21;n03935335.pkl:51;n03935335.pkl:52
convnext,208,208,+,64,39,16,5,0.07107482484266876,0.15936080544066816,0.030824254213679077,0.1065641052548873,0.5330189194627574,0.20237334263484616,class=324:n02280649.pkl:0;n02280649.pkl:1;n02280649.pkl:2|class=43:n01688243.pkl:0;n01688243.pkl:5;n01688243.pkl:7|class=496:n03026506.pkl:2;n03026506.pkl:6;n03026506.pkl:12
convnext,209,209,+,3,1,1,0,0.028578971221246016,0.037485316355989236,0.006618634843537931,0.007895047102047767,0.36943538910121076,0.8076313989242001,class=501:n03045698.pkl:92;n03045698.pkl:114;n03045698.pkl:174|class=531:n03197337.pkl:35|class=121:n01981276.pkl:735
convnext,210,210,+,68,33,19,6,0.05094931229350121,0.09243726542273976,0.016222211982395734,0.03841426841465812,0.694330479322781,0.09716830242283583,class=294:n02132136.pkl:2;n02132136.pkl:3;n02132136.pkl:10|class=69:n01768244.pkl:5;n01768244.pkl:7;n01768244.pkl:10|class=782:n04152593.pkl:5;n04152593.pkl:6;n04152593.pkl:14
convnext,212,212,+,58,37,18,4,0.08426143038185255,0.14539978864494693,0.024794293948782305,0.07852965320066783,0.6110136074591851,0.19019747548247187,class=172:n02091134.pkl:0;n02091134.pkl:1;n02091134.pkl:3|class=263:n02113023.pkl:4;n02113023.pkl:7;n02113023.pkl:8|class=787:n04192698.pkl:8;n04192698.pkl:19;n04192698.pkl:20
convnext,217,217,+,28,12,6,2,0.0472874638438032,0.08986690603229346,0.012252410227072739,0.028596789285186074,0.6255058040946827,0.23026528282004188,class=443:n02834397.pkl:2;n02834397.pkl:5;n02834397.pkl:12|class=183:n02093859.pkl:7;n02093859.pkl:15;n02093859.pkl:30|class=628:n03673027.pkl:34;n03673027.pkl:49;n03673027.pkl:50
convnext,218,218,+,3,1,0,0,0.011932459750710047,0.012978584906079397,0.0015713177651214619,0.0010747177195421778,0.8032143172608419,0.4892668677861889,class=18:n01582220.pkl:121;n01582220.pkl:652;n01582220.pkl:747|class=548:n03290653.pkl:1209|class=459:n02892767.pkl:1004
convnext,219,219,+,10,6,3,3,0.2060366072074177,0.32284140853406934,0.11269247068872898,0.2238287224831658,0.38558150636839755,0.49449529765221345,class=622:n03657121.pkl:2;n03657121.pkl:4;n03657121.pkl:5|class=576:n03447447.pkl:1;n03447447.pkl:4;n03447447.pkl:21|class=441:n02823750.pkl:5;n02823750.pkl:10;n02823750.pkl:43
convnext,220,220,+,132,96,70,32,0.17412772970635668,0.2404677890653978,0.06925046045653564,0.14315905676960164,0.7472496737963902,0.039951399978671795,class=80:n01795545.pkl:0;n01795545.pkl:1;n01795545.pkl:2|class=12:n01532829.pkl:0;n01532829.pkl:3;n01532829.pkl:4|class=330:n02325366.pkl:0;n02325366.pkl:3;n02325366.pkl:5
convnext,221,221,+,9,5,2,1,0.09390847119947744,0.19465668978314177,0.025661870719694536,0.06336898658358536,0.2476649813744972,0.788650251350508,class=322:n02277742.pkl:1;n02277742.pkl:2;n02277742.pkl:5|class=583:n03467068.pkl:59;n03467068.pkl:108;n03467068.pkl:136|class=517:n03126707.pkl:624;n03126707.pkl:827;n03126707.pkl:948
convnext,222,222,+,38,27,16,10,0.1648521299235708,0.2508657662818345,0.0682976140944772,0.13691579305116477,0.6416943509582543,0.13207359517375328,class=802:n04252077.pkl:0;n04252077.pkl:1;n04252077.pkl:4|class=805:n04254680.pkl:1;n04254680.pkl:2;n04254680.pkl:3|class=592:n03492542.pkl:0;n03492542.pkl:3;n03492542.pkl:6
convnext,223,223,+,59,34,25,15,0.13791112642384734,0.21258903098926438,0.05241557596372708,0.11059474002481638,0.6800817929920059,0.09240557451151016,class=629:n03676483.pkl:1;n03676483.pkl:2;n03676483.pkl:4|class=946:n07730033.pkl:0;n07730033.pkl:4;n07730033.pkl:5|class=864:n04461696.pkl:0;n04461696.pkl:3;n04461696.pkl:10
convnext,225,225,+,29,18,8,4,0.10422899434342725,0.1676424813078899,0.02062084485600991,0.049133432114282116,0.6018510421128577,0.23025147643237837,class=325:n02281406.pkl:0;n02281406.pkl:2;n02281406.pkl:5|class=252:n02110627.pkl:6;n02110627.pkl:10;n02110627.pkl:13|class=55:n01729977.pkl:13;n01729977.pkl:14;n01729977.pkl:34
convnext,226,226,+,43,29,16,7,0.09231727806390887,0.1394608397950287,0.02270618670102909,0.04114240491406303,0.7097035244698023,0.09960817716151725,class=576:n03447447.pkl:22;n03447447.pkl:25;n03447447.pkl:27|class=184:n02093991.pkl:0;n02093991.pkl:2;n02093991.pkl:20|class=514:n03124043.pkl:10;n03124043.pkl:11;n03124043.pkl:21
convnext,227,227,+,116,68,38,7,0.05756957847236071,0.12067103191340196,0.020483155046282203,0.06000932252987196,0.701371153261361,0.0826128578631601,class=43:n01688243.pkl:2;n01688243.pkl:5;n01688243.pkl:8|class=568:n03404251.pkl:3;n03404251.pkl:4;n03404251.pkl:6|class=518:n03127747.pkl:2;n03127747.pkl:8;n03127747.pkl:11
convnext,228,228,+,54,24,14,9,0.11490730432013417,0.23716938715320438,0.052420677610607765,0.13493524119049075,0.5764921283977822,0.1412205515357635,class=69:n01768244.pkl:0;n01768244.pkl:1;n01768244.pkl:2|class=291:n02129165.pkl:1;n02129165.pkl:2;n02129165.pkl:3|class=177:n02092002.pkl:0;n02092002.pkl:1;n02092002.pkl:4
convnext,229,229,+,41,32,15,7,0.12579240342438672,0.20750512122902387,0.05957340102860568,0.12858710478164947,0.6177507960518046,0.1380236933304344,class=127:n02002556.pkl:1;n02002556.pkl:5;n02002556.pkl:7|class=939:n07716358.pkl:2;n07716358.pkl:5;n07716358.pkl:7|class=295:n02133161.pkl:7;n02133161.pkl:9;n02133161.pkl:11
convnext,230,230,+,86,47,24,11,0.08635874893892852,0.17013364880003798,0.034117590646916156,0.08422410775077664,0.6579617218654799,0.08249060413157826,class=598:n03529860.pkl:0;n03529860.pkl:3;n03529860.pkl:5|class=394:n02640242.pkl:3;n02640242.pkl:4;n02640242.pkl:12|class=655:n03770439.pkl:2;n03770439.pkl:10;n03770439.pkl:12
convnext,231,231,+,40,26,17,9,0.13068414939881884,0.19591725332770066,0.05344647612800905,0.1269642668071589,0.627072122135151,0.16607981264002158,class=510:n03095699.pkl:0;n03095699.pkl:2;n03095699.pkl:3|class=721:n03938244.pkl:0;n03938244.pkl:2;n03938244.pkl:3|class=224:n02105056.pkl:1;n02105056.pkl:7;n02105056.pkl:9
convnext,232,232,+,40,14,5,2,0.04363060036157146,0.1100748176931448,0.013437606890662323,0.04283574074309111,0.5039818891724563,0.2790438627904659,class=844:n04372370.pkl:5;n04372370.pkl:13;n04372370.pkl:35|class=481:n02978881.pkl:6;n02978881.pkl:32;n02978881.pkl:33|class=802:n04252077.pkl:18;n04252077.pkl:33;n04252077.pkl:34
convnext,234,234,+,28,20,13,5,0.15610873941103637,0.23774184392016418,0.07832751931605042,0.1797561852117005,0.5564831179014528,0.2238108702683245,class=493:n03016953.pkl:0;n03016953.pkl:2;n03016953.pkl:3|class=153:n02085936.pkl:1;n02085936.pkl:3;n02085936.pkl:8|class=476:n02966193.pkl:2;n02966193.pkl:4;n02966193.pkl:5
convnext,235,235,+,15,8,4,2,0.08895316575672636,0.18761705731105938,0.05225770977334962,0.1333899197965193,0.3666864185726042,0.5010308614902426,class=565:n03393912.pkl:0;n03393912.pkl:5;n03393912.pkl:8|class=685:n03841143.pkl:0;n03841143.pkl:6;n03841143.pkl:11|class=411:n02730930.pkl:41;n02730930.pkl:62;n02730930.pkl:68
convnext,236,236,+,93,61,38,20,0.1244084343967019,0.19858472551855966,0.057292077368533416,0.13245582145389784,0.6915840588749763,0.06822650145054221,class=339:n02389026.pkl:0;n02389026.pkl:2;n02389026.pkl:3|class=202:n02098105.pkl:0;n02098105.pkl:2;n02098105.pkl:3|class=383:n02497673.pkl:0;n02497673.pkl:3;n02497673.pkl:10
convnext,238,238,+,79,47,32,15,0.10705480664880897,0.16300923758988656,0.04268843402634943,0.08204021717336503,0.7305881437304073,0.05941085976999476,class=909:n04596742.pkl:2;n04596742.pkl:4;n04596742.pkl:7|class=729:n03961711.pkl:4;n03961711.pkl:6;n03961711.pkl:12|class=14:n01537544.pkl:2;n01537544.pkl:3;n01537544.pkl:5
convnext,239,239,+,25,17,11,2,0.06877320135972557,0.12082242158631458,0.01708872316706186,0.03236184853032107,0.7101650344593591,0.18345226316488886,class=686:n03843555.pkl:2;n03843555.pkl:3;n03843555.pkl:11|class=427:n02795169.pkl:21;n02795169.pkl:31;n02795169.pkl:69|class=880:n04509417.pkl:46;n04509417.pkl:68;n04509417.pkl:129
convnext,240,240,+,143,80,56,31,0.1080554813819416,0.18286663597574687,0.04648912486763774,0.09822861328536575,0.7444520204133606,0.03821331956675956,class=222:n02104029.pkl:0;n02104029.pkl:1;n02104029.pkl:2|class=743:n04005630.pkl:0;n04005630.pkl:2;n04005630.pkl:6|class=279:n02120079.pkl:1;n02120079.pkl:5;n02120079.pkl:6
convnext,241,241,+,13,4,3,1,0.09859997219838215,0.20700448814049424,0.03288571165563711,0.08978474079305913,0.3128230576853385,0.6503092619286626,class=190:n02095889.pkl:5;n02095889.pkl:6;n02095889.pkl:7|class=425:n02793495.pkl:14;n02793495.pkl:39;n02793495.pkl:69|class=894:n04550184.pkl:50;n04550184.pkl:215;n04550184.pkl:408
convnext,242,242,+,1,1,0,0,0.0546218487394958,0.0,0.0067226890756302525,0.0,0.0,1.0,class=488:n02999410.pkl:144;n02999410.pkl:163;n02999410.pkl:267
convnext,243,243,+,38,27,17,8,0.13174030994221542,0.19209048840412352,0.051100791674113376,0.12878253489313152,0.6118748892264745,0.1934537448383677,class=989:n12620546.pkl:0;n12620546.pkl:2;n12620546.pkl:4|class=781:n04149813.pkl:1;n04149813.pkl:9;n04149813.pkl:11|class=217:n02102040.pkl:8;n02102040.pkl:12;n02102040.pkl:13
convnext,244,244,+,53,41,20,5,0.08281699212339959,0.12229322961519333,0.021655135535513688,0.04704602917823254,0.7113352423198984,0.10792086519091758,class=887:n04532106.pkl:0;n04532106.pkl:2;n04532106.pkl:5|class=560:n03379051.pkl:3;n03379051.pkl:4;n03379051.pkl:6|class=625:n03662601.pkl:4;n03662601.pkl:12;n03662601.pkl:14
convnext,245,245,+,45,41,30,19,0.4521109696850864,0.3532724273140434,0.14563512992546127,0.244037296341435,0.729535387401182,0.08461978127784095,class=392:n02606052.pkl:0;n02606052.pkl:1;n02606052.pkl:2|class=781:n04149813.pkl:0;n04149813.pkl:2;n04149813.pkl:3|class=798:n04238763.pkl:0;n04238763.pkl:1;n04238763.pkl:2
convnext,246,246,+,13,10,4,2,0.1726619412465573,0.2734538562222183,0.043024333555668356,0.10778684489310049,0.37563555213439975,0.5597148523671981,class=21:n01608432.pkl:0;n01608432.pkl:3;n01608432.pkl:6|class=480:n02977058.pkl:1;n02977058.pkl:29;n02977058.pkl:32|class=869:n04479046.pkl:12;n04479046.pkl:86;n04479046.pkl:238
convnext,247,247,+,28,15,7,2,0.06462715909479508,0.12911909688703865,0.01161882956248705,0.025457909118639006,0.6420204204199619,0.20717422677823258,class=387:n02509815.pkl:24;n02509815.pkl:35;n02509815.pkl:40|class=611:n03598930.pkl:0;n03598930.pkl:4;n03598930.pkl:19|class=40:n01682714.pkl:34;n01682714.pkl:119;n01682714.pkl:156
convnext,248,248,+,3,1,0,0,0.006263395468395384,0.007025907672342424,0.001643986859094502,0.0011271621975407326,0.8017691449155152,0.49002824428954916,class=28:n01632458.pkl:535;n01632458.pkl:748;n01632458.pkl:859|class=241:n02108000.pkl:602|class=563:n03388183.pkl:792
convnext,249,249,+,236,142,111,44,0.09813521176055863,0.1796271809441453,0.04729591224549344,0.1180085155751692,0.7504527756487432,0.030616843963162277,class=641:n03720891.pkl:2;n03720891.pkl:3;n03720891.pkl:4|class=768:n04118538.pkl:0;n04118538.pkl:1;n04118538.pkl:2|class=72:n01773157.pkl:0;n01773157.pkl:2;n01773157.pkl:3
convnext,250,250,+,8,5,2,1,0.13135199641784187,0.23229293464138365,0.058891703172277196,0.13461016661176295,0.22901250982068624,0.778066652001902,class=165:n02089078.pkl:1;n02089078.pkl:7;n02089078.pkl:8|class=420:n02787622.pkl:47;n02787622.pkl:79;n02787622.pkl:102|class=13:n01534433.pkl:98;n01534433.pkl:342;n01534433.pkl:386
convnext,252,252,+,19,11,4,1,0.07275561674392962,0.20693099644314053,0.04904051902200869,0.18574825596283387,0.19085562766621625,0.8076990705912507,class=814:n04273569.pkl:0;n04273569.pkl:1;n04273569.pkl:3|class=222:n02104029.pkl:150;n02104029.pkl:154;n02104029.pkl:222|class=372:n02486410.pkl:1;n02486410.pkl:15;n02486410.pkl:238
convnext,253,253,+,39,25,14,8,0.11995673764136594,0.18330126975104752,0.048359088431980835,0.09646307267318716,0.6545172621151977,0.12766479489023796,class=178:n02092339.pkl:0;n02092339.pkl:3;n02092339.pkl:4|class=47:n01694178.pkl:1;n01694178.pkl:8;n01694178.pkl:9|class=459:n02892767.pkl:7;n02892767.pkl:15;n02892767.pkl:22
convnext,254,254,+,8,3,1,0,0.046572787278386596,0.08712022647005872,0.005841490389898198,0.009035111829227931,0.5966164423062078,0.42404031702438266,class=613:n03602883.pkl:15;n03602883.pkl:36;n03602883.pkl:58|class=788:n04200800.pkl:110;n04200800.pkl:125;n04200800.pkl:302|class=841:n04370456.pkl:107;n04370456.pkl:440;n04370456.pkl:504
convnext,256,256,+,73,46,35,18,0.10611545887583017,0.1505360632320978,0.040211957567401715,0.07190399315029214,0.7556146484668007,0.05749849064703322,class=597:n03527444.pkl:0;n03527444.pkl:1;n03527444.pkl:5|class=700:n03887697.pkl:1;n03887697.pkl:9;n03887697.pkl:12|class=446:n02840245.pkl:2;n02840245.pkl:4;n02840245.pkl:6
convnext,257,257,+,149,103,71,39,0.15701379522918754,0.2288681860749233,0.07608096067853057,0.16693928246723744,0.7392068887602069,0.03902452548988346,class=770:n04120489.pkl:0;n04120489.pkl:1;n04120489.pkl:2|class=866:n04465501.pkl:2;n04465501.pkl:6;n04465501.pkl:8|class=238:n02107574.pkl:1;n02107574.pkl:2;n02107574.pkl:4
convnext,258,258,+,71,45,24,11,0.1271092905677634,0.22352530804506898,0.05922638132236683,0.1676313874647135,0.5939861190750413,0.12691381740034524,class=218:n02102177.pkl:0;n02102177.pkl:1;n02102177.pkl:2|class=290:n02128925.pkl:0;n02128925.pkl:1;n02128925.pkl:2|class=767:n04116512.pkl:1;n04116512.pkl:5;n04116512.pkl:6
convnext,260,260,+,18,13,5,2,0.06774978668731403,0.11698587514943135,0.017582161722415456,0.035271376564094396,0.6005791875850838,0.27913288954096827,class=817:n04285008.pkl:1;n04285008.pkl:10;n04285008.pkl:12|class=686:n03843555.pkl:3;n03843555.pkl:9;n03843555.pkl:13|class=72:n01773157.pkl:100;n01773157.pkl:107;n01773157.pkl:140
convnext,261,261,+,82,45,31,17,0.12628256631300822,0.22482652553972887,0.06476617071168936,0.1687147377659028,0.6331056283738463,0.0949504090407157,class=110:n01924916.pkl:0;n01924916.pkl:1;n01924916.pkl:2|class=974:n09288635.pkl:1;n09288635.pkl:2;n09288635.pkl:3|class=994:n13040303.pkl:0;n13040303.pkl:3;n13040303.pkl:5
convnext,262,262,+,86,45,33,13,0.10105555211878259,0.15962518671294348,0.030795895195715416,0.06184045209581588,0.7276494394717541,0.05851585151132772,class=826:n04328186.pkl:0;n04328186.pkl:6;n04328186.pkl:13|class=875:n04487394.pkl:2;n04487394.pkl:5;n04487394.pkl:8|class=823:n04317175.pkl:3;n04317175.pkl:4;n04317175.pkl:5
convnext,263,263,+,1,1,0,0,0.01233616037008481,0.0,0.0007710100231303007,0.0,0.0,1.0,class=9:n01518878.pkl:707
convnext,265,265,+,21,11,5,1,0.04705870967298595,0.08686791554136564,0.0125328656394694,0.033155969678610134,0.5418376218237708,0.38089456040953995,class=753:n04040759.pkl:18;n04040759.pkl:19;n04040759.pkl:21|class=757:n04065272.pkl:7;n04065272.pkl:63;n04065272.pkl:71|class=185:n02094114.pkl:571;n02094114.pkl:586;n02094114.pkl:651
convnext,266,266,+,15,8,6,0,0.042224816330541794,0.052550238327049685,0.008876162639655516,0.011002282820827445,0.7625147590162485,0.16909588240745116,class=249:n02110063.pkl:45;n02110063.pkl:72;n02110063.pkl:97|class=688:n03857828.pkl:66;n03857828.pkl:80;n03857828.pkl:83|class=666:n03786901.pkl:4;n03786901.pkl:12;n03786901.pkl:227
convnext,267,267,+,55,35,21,4,0.09639670540450809,0.1586718008706309,0.031406792429553715,0.10490333072519722,0.5959228080217231,0.22102886853931433,class=351:n02422106.pkl:0;n02422106.pkl:1;n02422106.pkl:2|class=72:n01773157.pkl:14;n01773157.pkl:16;n01773157.pkl:18|class=861:n04447861.pkl:2;n04447861.pkl:5;n04447861.pkl:59
convnext,268,268,+,2,0,0,0,0.0011707898519679703,0.0003783968250266075,0.0011707898519679703,0.0003783968250266075,0.9232803934997308,0.5522284422564583,class=661:n03777568.pkl:157;n03777568.pkl:1195|class=408:n02704792.pkl:898
convnext,270,270,+,50,30,16,7,0.07397464877733693,0.10830699298171312,0.019794768781752497,0.03542518877464892,0.7415357450724029,0.08405506491186822,class=242:n02108089.pkl:9;n02108089.pkl:13;n02108089.pkl:16|class=340:n02391049.pkl:7;n02391049.pkl:10;n02391049.pkl:14|class=813:n04270147.pkl:2;n04270147.pkl:10;n04270147.pkl:11
convnext,271,271,+,40,19,8,2,0.05532744662269777,0.13695574683308379,0.021302123025980158,0.08183720784417972,0.4479682972797093,0.39397406308580285,class=596:n03498962.pkl:1;n03498962.pkl:3;n03498962.pkl:5|class=524:n03146219.pkl:22;n03146219.pkl:30;n03146219.pkl:38|class=132:n02009912.pkl:49;n02009912.pkl:59;n02009912.pkl:61
convnext,272,272,+,122,84,50,28,0.12941958017740965,0.2012826144973029,0.05580107378095192,0.12902754390548757,0.7244539505254735,0.05202151878342205,class=495:n03018349.pkl:0;n03018349.pkl:1;n03018349.pkl:2|class=346:n02408429.pkl:1;n02408429.pkl:2;n02408429.pkl:3|class=462:n02906734.pkl:0;n02906734.pkl:2;n02906734.pkl:3
convnext,273,273,+,65,34,23,11,0.10353629824831205,0.1773192151473717,0.03897344964274753,0.10016269145309308,0.6266568051544691,0.11700034013497398,class=661:n03777568.pkl:0;n03777568.pkl:2;n03777568.pkl:3|class=75:n01774384.pkl:1;n01774384.pkl:6;n01774384.pkl:7|class=909:n04596742.pkl:6;n04596742.pkl:8;n04596742.pkl:20
convnext,274,274,+,100,89,67,47,0.4645060281299351,0.3797121296243541,0.23056468166630242,0.31293023295883243,0.8136534153062661,0.028420842226117307,class=125:n01986214.pkl:0;n01986214.pkl:1;n01986214.pkl:2|class=948:n07742313.pkl:0;n07742313.pkl:1;n07742313.pkl:2|class=144:n02051845.pkl:0;n02051845.pkl:1;n02051845.pkl:3
convnext,275,275,+,41,25,14,3,0.06856622565475079,0.10752448867859153,0.013101673142648188,0.021130259774376343,0.7690119805511708,0.08783157619014381,class=902:n04579432.pkl:13;n04579432.pkl:30;n04579432.pkl:54|class=888:n04532670.pkl:8;n04532670.pkl:19;n04532670.pkl:59|class=749:n04033901.pkl:1;n04033901.pkl:15;n04033901.pkl:19
convnext,276,276,+,42,24,11,2,0.05226255839287585,0.08441105064196242,0.013117996370784818,0.02653240275197329,0.7073727174475685,0.1212117445973452,class=556:n03347037.pkl:5;n03347037.pkl:12;n03347037.pkl:16|class=410:n02727426.pkl:12;n02727426.pkl:29;n02727426.pkl:52|class=627:n03670208.pkl:13;n03670208.pkl:20;n03670208.pkl:34
convnext,277,277,+,10,5,1,0,0.030963198067728785,0.06021646634941312,0.004065244609935107,0.006097362497301092,0.6901537235231568,0.3249627773882877,class=445:n02837789.pkl:36;n02837789.pkl:42;n02837789.pkl:124|class=339:n02389026.pkl:93;n02389026.pkl:161;n02389026.pkl:323|class=169:n02090622.pkl:443;n02090622.pkl:797;n02090622.pkl:844
convnext,278,278,+,226,124,96,41,0.06949720076744335,0.12077289822264267,0.034566848913032584,0.07545515983682277,0.7896242014795393,0.02550862619207655,class=615:n03623198.pkl:0;n03623198.pkl:2;n03623198.pkl:3|class=459:n02892767.pkl:0;n02892767.pkl:4;n02892767.pkl:6|class=368:n02483362.pkl:0;n02483362.pkl:6;n02483362.pkl:8
convnext,279,279,+,3,1,1,0,0.025301239699624806,0.034055890328940006,0.0045320998303212,0.005236585633145573,0.4143987959302116,0.7783499521696888,class=706:n03899768.pkl:295;n03899768.pkl:316;n03899768.pkl:383|class=602:n03535780.pkl:328|class=688:n03857828.pkl:348
convnext,280,280,+,6,2,0,0,0.009699254978488992,0.01164545875927189,0.0017486905353486237,0.0014909352330642997,0.8327393413275384,0.2878214001299167,class=509:n03089624.pkl:211;n03089624.pkl:585;n03089624.pkl:716|class=326:n02281787.pkl:677;n02281787.pkl:732;n02281787.pkl:1279|class=479:n02974003.pkl:86
convnext,281,281,+,84,51,31,13,0.0972054076603689,0.1790106813294743,0.0372797418459923,0.09376607728807951,0.6716539285700898,0.08721714959672659,class=410:n02727426.pkl:0;n02727426.pkl:1;n02727426.pkl:2|class=104:n01877812.pkl:0;n01877812.pkl:3;n01877812.pkl:4|class=890:n04540053.pkl:1;n04540053.pkl:2;n04540053.pkl:3
convnext,282,282,+,30,14,3,3,0.08773583824088912,0.1965076539083612,0.0404178182161564,0.13408155093999385,0.3706329743780803,0.40016858430111013,class=190:n02095889.pkl:0;n02095889.pkl:1;n02095889.pkl:2|class=699:n03884397.pkl:2;n03884397.pkl:5;n03884397.pkl:6|class=358:n02443114.pkl:3;n02443114.pkl:22;n02443114.pkl:35
convnext,283,283,+,95,47,26,10,0.062035491514393123,0.13877940837967356,0.026057926416299365,0.08596045662488405,0.6159924229032199,0.12507605785292084,class=15:n01558993.pkl:0;n01558993.pkl:1;n01558993.pkl:2|class=289:n02128757.pkl:4;n02128757.pkl:5;n02128757.pkl:10|class=709:n03908618.pkl:0;n03908618.pkl:1;n03908618.pkl:5
convnext,284,284,+,96,55,34,16,0.08505135729834039,0.16969376047417561,0.03915831339604755,0.11230744697557285,0.6560867392624617,0.09610030922135797,class=732:n03976467.pkl:0;n03976467.pkl:1;n03976467.pkl:2|class=362:n02447366.pkl:0;n02447366.pkl:1;n02447366.pkl:3|class=500:n03042490.pkl:1;n03042490.pkl:3;n03042490.pkl:4
convnext,285,285,+,42,28,11,5,0.06772210659044242,0.11627256243221011,0.027432106901955106,0.060247808029403625,0.6421722690095315,0.13865526159908464,class=302:n02167151.pkl:1;n02167151.pkl:4;n02167151.pkl:11|class=459:n02892767.pkl:2;n02892767.pkl:17;n02892767.pkl:22|class=734:n03977966.pkl:0;n03977966.pkl:4;n03977966.pkl:5
convnext,286,286,+,6,0,0,0,0.003534557658973396,0.0028644656737016106,0.0009261089170851667,0.00028503809135249923,0.9770671129990933,0.18245478673206122,class=862:n04456115.pkl:666;n04456115.pkl:951|class=485:n02988304.pkl:906|class=557:n03355925.pkl:0
convnext,287,287,+,7,2,2,1,0.05548862137922948,0.08877044616745154,0.01222876706615875,0.02045602539862698,0.48334669633843264,0.5425985374128826,class=45:n01692333.pkl:30;n01692333.pkl:41;n01692333.pkl:44|class=192:n02096177.pkl:9;n02096177.pkl:32;n02096177.pkl:159|class=917:n06596364.pkl:235;n06596364.pkl:781;n06596364.pkl:870
convnext,288,288,+,21,10,4,1,0.053293636888230154,0.09789475269838602,0.006367390446745157,0.01067980077248417,0.7360490956819645,0.1815817946590259,class=631:n03690938.pkl:101;n03690938.pkl:117;n03690938.pkl:122|class=138:n02018795.pkl:10;n02018795.pkl:49;n02018795.pkl:119|class=764:n04090263.pkl:22;n04090263.pkl:56;n04090263.pkl:385
convnext,290,290,+,22,15,9,1,0.04582148039684322,0.049185212030085794,0.011478566527780372,0.013465800839946451,0.8103190320137507,0.10801017249888391,class=458:n02892201.pkl:8;n02892201.pkl:10;n02892201.pkl:57|class=649:n03743016.pkl:3;n03743016.pkl:7;n03743016.pkl:15|class=355:n02437616.pkl:24;n02437616.pkl:27;n02437616.pkl:49
convnext,292,292,+,66,59,49,32,0.49878088932086345,0.36035254683816625,0.20317255367881812,0.3101891507699948,0.7723069775450039,0.05046814011138911,class=958:n07802026.pkl:0;n07802026.pkl:1;n07802026.pkl:2|class=535:n03208938.pkl:0;n03208938.pkl:1;n03208938.pkl:2|class=525:n03160309.pkl:0;n03160309.pkl:1;n03160309.pkl:2
convnext,293,293,+,23,17,9,4,0.10724536332768404,0.1811112585693583,0.02890507205657774,0.05341194993874919,0.6439566125077089,0.1919353421241389,class=308:n02190166.pkl:2;n02190166.pkl:7;n02190166.pkl:8|class=785:n04162706.pkl:2;n04162706.pkl:9;n04162706.pkl:15|class=565:n03393912.pkl:22;n03393912.pkl:25;n03393912.pkl:27
convnext,294,294,+,2,0,0,0,0.0021734278282737876,0.0005513678120531876,0.0010867139141368938,0.0002756839060265938,0.953065383277196,0.5321782466105072,class=782:n04152593.pkl:690|class=854:n04418357.pkl:848
convnext,295,295,+,94,56,38,17,0.10097296139739385,0.16554075596952847,0.03401530557986922,0.08019707232539965,0.7149814579342583,0.06977272871292894,class=67:n01755581.pkl:4;n01755581.pkl:5;n01755581.pkl:6|class=624:n03661043.pkl:0;n03661043.pkl:1;n03661043.pkl:3|class=718:n03933933.pkl:0;n03933933.pkl:2;n03933933.pkl:6
convnext,296,296,+,6,1,0,0,0.015294996619708331,0.029933586800279306,0.001623012111748821,0.001418247808524512,0.8364436642408342,0.29393180983790196,class=579:n03452741.pkl:198;n03452741.pkl:415;n03452741.pkl:787|class=286:n02125311.pkl:184;n02125311.pkl:461|class=392:n02606052.pkl:318
convnext,297,297,+,113,67,40,22,0.12301757106872153,0.22112153893271455,0.05912072502079333,0.16080347173734116,0.6571436817245048,0.07431813365893603,class=28:n01632458.pkl:0;n01632458.pkl:1;n01632458.pkl:2|class=135:n02013706.pkl:0;n02013706.pkl:1;n02013706.pkl:2|class=364:n02457408.pkl:0;n02457408.pkl:6;n02457408.pkl:8
convnext,298,298,+,5,4,1,0,0.03547349250428822,0.04224777521879238,0.005576770862929806,0.006640973912486974,0.6428769886548491,0.48361418135406337,class=98:n01855032.pkl:18;n01855032.pkl:40;n01855032.pkl:55|class=326:n02281787.pkl:22;n02281787.pkl:88;n02281787.pkl:272|class=576:n03447447.pkl:190;n03447447.pkl:855;n03447447.pkl:940
convnext,299,299,+,125,60,36,14,0.08143989663821496,0.1860461024311029,0.033964389511536325,0.09592808295337212,0.6466232244692166,0.071816633813763,class=368:n02483362.pkl:0;n02483362.pkl:1;n02483362.pkl:2|class=939:n07716358.pkl:1;n07716358.pkl:3;n07716358.pkl:7|class=248:n02109961.pkl:0;n02109961.pkl:4;n02109961.pkl:5
convnext,300,300,+,7,3,2,1,0.1649547297177883,0.3176963051522059,0.08558458158354787,0.19447899323282475,0.15902723707515484,0.8805172403613172,class=425:n02793495.pkl:3;n02793495.pkl:4;n02793495.pkl:5|class=276:n02117135.pkl:4;n02117135.pkl:50;n02117135.pkl:102|class=746:n04019541.pkl:128;n04019541.pkl:130;n04019541.pkl:398
convnext,301,301,+,54,39,27,16,0.1760641754130473,0.22959873451446883,0.07507714992795986,0.15023508915739628,0.699071822107247,0.09267232394407111,class=98:n01855032.pkl:0;n01855032.pkl:1;n01855032.pkl:2|class=72:n01773157.pkl:0;n01773157.pkl:2;n01773157.pkl:4|class=785:n04162706.pkl:4;n04162706.pkl:8;n04162706.pkl:9
convnext,302,302,+,36,28,16,6,0.15428959402967146,0.23186781199299222,0.05981793426954845,0.1460712023319303,0.5776527058399653,0.19341726786892247,class=0:n01440764.pkl:0;n01440764.pkl:1;n01440764.pkl:2|class=847:n04389033.pkl:0;n04389033.pkl:2;n04389033.pkl:3|class=444:n02835271.pkl:4;n02835271.pkl:5;n02835271.pkl:6
convnext,303,303,+,75,44,23,10,0.09660256672972294,0.185328709141281,0.03350006632238442,0.07884801351576069,0.6634697002110811,0.08719666882215485,class=456:n02879718.pkl:1;n02879718.pkl:4;n02879718.pkl:7|class=887:n04532106.pkl:3;n04532106.pkl:8;n04532106.pkl:10|class=958:n07802026.pkl:3;n07802026.pkl:4;n07802026.pkl:5
convnext,304,304,+,57,30,20,8,0.09351923193568727,0.18357839679743784,0.03911469041531529,0.1136148641728159,0.5847261995651949,0.1655622431709067,class=141:n02028035.pkl:0;n02028035.pkl:1;n02028035.pkl:6|class=571:n03425413.pkl:0;n03425413.pkl:1;n03425413.pkl:6|class=947:n07734744.pkl:18;n07734744.pkl:24;n07734744.pkl:37
convnext,305,305,+,6,2,0,0,0.010693916811800574,0.008313327179747962,0.0017255636622505587,0.0007230573364000989,0.9463972988315027,0.195930569785978,class=424:n02791270.pkl:710;n02791270.pkl:1000;n02791270.pkl:1085|class=6:n01498041.pkl:477;n01498041.pkl:500;n01498041.pkl:572|class=12:n01532829.pkl:418;n01532829.pkl:506;n01532829.pkl:893
convnext,306,306,+,70,43,24,9,0.09646273907688549,0.17730903544223195,0.03386443299558682,0.09092340295997656,0.6286157557451338,0.11726875390128196,class=794:n04209239.pkl:1;n04209239.pkl:7;n04209239.pkl:8|class=107:n01910747.pkl:3;n01910747.pkl:4;n01910747.pkl:5|class=359:n02443484.pkl:0;n02443484.pkl:3;n02443484.pkl:13
convnext,307,307,+,177,103,67,28,0.08118087720889901,0.14376981108379894,0.03256078036296635,0.07508641214076582,0.7534014307267815,0.0356938611673083,class=129:n02006656.pkl:0;n02006656.pkl:1;n02006656.pkl:2|class=151:n02085620.pkl:4;n02085620.pkl:6;n02085620.pkl:12|class=132:n02009912.pkl:2;n02009912.pkl:9;n02009912.pkl:16
convnext,308,308,+,31,19,11,5,0.14401790637918108,0.22955928727290892,0.05650049726713439,0.1550961215231546,0.5092639350523414,0.2753304600643048,class=622:n03657121.pkl:0;n03657121.pkl:3;n03657121.pkl:4|class=690:n03868242.pkl:1;n03868242.pkl:3;n03868242.pkl:4|class=755:n04044716.pkl:3;n04044716.pkl:15;n04044716.pkl:16
convnext,309,309,+,48,28,16,6,0.11263829325444953,0.2214999424693999,0.040633008413819234,0.10940876154630294,0.5656062292242969,0.1718778662541868,class=931:n07693725.pkl:2;n07693725.pkl:5;n07693725.pkl:6|class=341:n02395406.pkl:0;n02395406.pkl:5;n02395406.pkl:9|class=131:n02009229.pkl:0;n02009229.pkl:1;n02009229.pkl:6
convnext,310,310,+,8,5,3,2,0.1990848011339996,0.23784268744221002,0.04024888170859425,0.07336741677708063,0.43253175435107166,0.5403448526911374,class=575:n03445924.pkl:0;n03445924.pkl:8;n03445924.pkl:14|class=768:n04118538.pkl:14;n04118538.pkl:21;n04118538.pkl:46|class=103:n01873310.pkl:28;n01873310.pkl:42;n01873310.pkl:53
convnext,312,312,+,20,10,6,4,0.09849995354503788,0.1827311062961098,0.046193958355862416,0.11317207032603195,0.48135334031802046,0.3501084120593318,class=732:n03976467.pkl:3;n03976467.pkl:5;n03976467.pkl:7|class=560:n03379051.pkl:0;n03379051.pkl:8;n03379051.pkl:9|class=867:n04467665.pkl:18;n04467665.pkl:27;n04467665.pkl:29
convnext,313,313,+,32,21,8,3,0.0872471333208746,0.18693304544740802,0.03544041657985867,0.11279406278910148,0.44643821506730946,0.34778727953427524,class=281:n02123045.pkl:1;n02123045.pkl:6;n02123045.pkl:7|class=402:n02676566.pkl:6;n02676566.pkl:10;n02676566.pkl:14|class=599:n03530642.pkl:21;n03530642.pkl:48;n03530642.pkl:64
convnext,314,314,+,66,47,26,10,0.1041006043257467,0.1634556765100454,0.034452869393737574,0.07806548922303624,0.6985600307069733,0.09294145582479241,class=756:n04049303.pkl:0;n04049303.pkl:1;n04049303.pkl:4|class=643:n03724870.pkl:1;n03724870.pkl:2;n03724870.pkl:3|class=699:n03884397.pkl:0;n03884397.pkl:1;n03884397.pkl:4
convnext,315,315,+,1,0,0,0,0.000774593338497289,0.0,0.000774593338497289,0.0,0.0,1.0,class=510:n03095699.pkl:733
convnext,316,316,+,7,2,1,0,0.0140804684480658,0.019055205137210797,0.0031223094460665936,0.0037690756377423483,0.7193325880520716,0.3510279278952522,class=205:n02099267.pkl:15;n02099267.pkl:28;n02099267.pkl:51|class=623:n03658185.pkl:69;n03658185.pkl:514;n03658185.pkl:562|class=153:n02085936.pkl:559;n02085936.pkl:1185
convnext,317,317,+,69,44,24,12,0.11966708903488588,0.2110296713205676,0.04318452741656215,0.10131373820381634,0.6620585695450765,0.09426122075210262,class=577:n03447721.pkl:1;n03447721.pkl:2;n03447721.pkl:8|class=391:n02536864.pkl:0;n02536864.pkl:2;n02536864.pkl:3|class=117:n01968897.pkl:2;n01968897.pkl:3;n01968897.pkl:5
convnext,318,318,+,108,53,32,12,0.07644565510328548,0.15484435653946446,0.023049618506507025,0.05952750931003725,0.6867621805892992,0.0710159739010081,class=326:n02281787.pkl:2;n02281787.pkl:3;n02281787.pkl:4|class=222:n02104029.pkl:7;n02104029.pkl:22;n02104029.pkl:25|class=789:n04201297.pkl:5;n04201297.pkl:12;n04201297.pkl:15
convnext,319,319,+,80,41,27,14,0.11124938747345006,0.1985820304791262,0.04535661814268065,0.10952968905056057,0.6579645156236965,0.0853941022396826,class=297:n02134418.pkl:0;n02134418.pkl:1;n02134418.pkl:3|class=85:n01806567.pkl:3;n01806567.pkl:5;n01806567.pkl:6|class=593:n03494278.pkl:0;n03494278.pkl:3;n03494278.pkl:4
convnext,320,320,+,15,9,3,1,0.0598564973355518,0.08931618969664516,0.00926461089299011,0.014891598462026182,0.6651914494953656,0.23890785284898242,class=651:n03761084.pkl:29;n03761084.pkl:59;n03761084.pkl:78|class=896:n04553703.pkl:55;n04553703.pkl:73;n04553703.pkl:102|class=554:n03344393.pkl:62;n03344393.pkl:177;n03344393.pkl:209
convnext,323,323,+,4,1,0,0,0.004121591964812356,0.0038736112227637856,0.0011747163615703038,0.0006634744840175417,0.9004920623904954,0.3297484818071623,class=957:n07768694.pkl:27;n07768694.pkl:135;n07768694.pkl:968|class=215:n02101388.pkl:249|class=870:n04482393.pkl:488
convnext,325,325,+,9,6,3,2,0.10253693602196712,0.16435083653435867,0.026622705522644927,0.04163965497236959,0.5480387976899409,0.38292231762779894,class=67:n01755581.pkl:3;n01755581.pkl:9;n01755581.pkl:22|class=312:n02229544.pkl:6;n02229544.pkl:12;n02229544.pkl:31|class=328:n02319095.pkl:20;n02319095.pkl:27;n02319095.pkl:47
convnext,326,326,+,143,87,66,39,0.1810160405243296,0.2732946056559426,0.08801690572205983,0.1775474938481885,0.7381533241017041,0.03544815586589978,class=996:n13052670.pkl:0;n13052670.pkl:1;n13052670.pkl:4|class=37:n01669191.pkl:0;n01669191.pkl:1;n01669191.pkl:2|class=580:n03457902.pkl:0;n03457902.pkl:1;n03457902.pkl:2
convnext,327,327,+,88,60,38,23,0.1510935893645918,0.22609938475002186,0.06955299223260523,0.1506891862271375,0.7096207536113689,0.06470325005334956,class=986:n12057211.pkl:0;n12057211.pkl:1;n12057211.pkl:2|class=961:n07860988.pkl:1;n07860988.pkl:2;n07860988.pkl:6|class=451:n02865351.pkl:2;n02865351.pkl:5;n02865351.pkl:6
convnext,328,328,+,128,69,36,15,0.07118790519915777,0.14673631528299771,0.028821388085036,0.08294675438757619,0.6694135930773267,0.07252065814295311,class=950:n07747607.pkl:1;n07747607.pkl:2;n07747607.pkl:3|class=983:n10565667.pkl:0;n10565667.pkl:2;n10565667.pkl:6|class=815:n04275548.pkl:0;n04275548.pkl:2;n04275548.pkl:3
convnext,329,329,+,10,5,2,1,0.05081355542278981,0.07187187498372001,0.010956318337964722,0.019891037765466246,0.5546652665199097,0.4295987829215903,class=874:n04487081.pkl:9;n04487081.pkl:22;n04487081.pkl:67|class=520:n03131574.pkl:13;n03131574.pkl:97;n03131574.pkl:136|class=867:n04467665.pkl:1;n04467665.pkl:111;n04467665.pkl:266
convnext,330,330,+,74,45,28,11,0.10127831903306851,0.1790910052732498,0.04101991163117321,0.12034069073867024,0.6194092619272666,0.12981997402755732,class=384:n02500267.pkl:0;n02500267.pkl:1;n02500267.pkl:2|class=676:n03803284.pkl:0;n03803284.pkl:1;n03803284.pkl:2|class=101:n01871265.pkl:5;n01871265.pkl:13;n01871265.pkl:15
convnext,331,331,+,52,31,18,7,0.08816877402169644,0.15444116842804606,0.031098536501939063,0.0691796404615342,0.6706377114396386,0.11439491517038866,class=40:n01682714.pkl:0;n01682714.pkl:7;n01682714.pkl:8|class=571:n03425413.pkl:0;n03425413.pkl:1;n03425413.pkl:2|class=528:n03187595.pkl:2;n03187595.pkl:5;n03187595.pkl:8
convnext,332,332,+,28,20,8,3,0.07536173018714022,0.12165572527056476,0.022844418528608194,0.053575656735807796,0.6004246670425123,0.2321483303557047,class=644:n03729826.pkl:4;n03729826.pkl:7;n03729826.pkl:16|class=561:n03384352.pkl:21;n03384352.pkl:22;n03384352.pkl:26|class=446:n02840245.pkl:26;n02840245.pkl:50;n02840245.pkl:52
convnext,333,333,+,31,16,5,1,0.022898725542040744,0.03427732555319168,0.005786165911855746,0.009290615565938075,0.7894861931024727,0.1154240084512476,class=499:n03041632.pkl:25;n03041632.pkl:28;n03041632.pkl:39|class=861:n04447861.pkl:222;n04447861.pkl:277;n04447861.pkl:345|class=712:n03920288.pkl:63;n03920288.pkl:143;n03920288.pkl:182
convnext,334,334,+,31,23,7,4,0.06067581063572486,0.11539027196778756,0.017343856818551294,0.040252714757928666,0.6393444407170514,0.20601305961648472,class=289:n02128757.pkl:1;n02128757.pkl:4;n02128757.pkl:5|class=781:n04149813.pkl:1;n04149813.pkl:5;n04149813.pkl:23|class=440:n02823428.pkl:19;n02823428.pkl:31;n02823428.pkl:38
convnext,335,335,+,10,5,3,1,0.047469837471027176,0.053525859010738724,0.009589901634803406,0.017048758186439035,0.5707871329391407,0.4160510203300834,class=993:n13037406.pkl:19;n13037406.pkl:26;n13037406.pkl:28|class=449:n02859443.pkl:78;n02859443.pkl:120;n02859443.pkl:221|class=297:n02134418.pkl:54;n02134418.pkl:246;n02134418.pkl:264
convnext,337,337,+,42,23,8,3,0.0465737584218534,0.10031365905984539,0.012199228482175186,0.02913582281136034,0.6453862339511158,0.15962227704601667,class=718:n03933933.pkl:0;n03933933.pkl:2;n03933933.pkl:19|class=999:n15075141.pkl:20;n15075141.pkl:37;n15075141.pkl:48|class=780:n04147183.pkl:58;n04147183.pkl:75;n04147183.pkl:100
convnext,338,338,+,123,89,58,28,0.17455864907483537,0.2559093439684294,0.08104458868287356,0.1735675795883254,0.7196861475043004,0.04541936647254063,class=858:n04435653.pkl:0;n04435653.pkl:3;n04435653.pkl:4|class=566:n03394916.pkl:0;n03394916.pkl:3;n03394916.pkl:5|class=496:n03026506.pkl:1;n03026506.pkl:3;n03026506.pkl:5
convnext,339,339,+,21,10,4,0,0.028335198546190193,0.04796850597253212,0.005832441987955038,0.008528221161345974,0.7831000754085511,0.1494305294111862,class=890:n04540053.pkl:1;n04540053.pkl:41;n04540053.pkl:43|class=274:n02115913.pkl:32;n02115913.pkl:135;n02115913.pkl:143|class=36:n01667778.pkl:135;n01667778.pkl:139;n01667778.pkl:195
convnext,340,340,+,70,44,29,14,0.14728223063462673,0.24102685443628893,0.06492967723116297,0.16409484290701765,0.6355597206034941,0.1055299288232307,class=135:n02013706.pkl:0;n02013706.pkl:1;n02013706.pkl:2|class=137:n02018207.pkl:2;n02018207.pkl:3;n02018207.pkl:6|class=803:n04252225.pkl:0;n04252225.pkl:1;n04252225.pkl:6
convnext,341,341,+,61,42,22,12,0.12372614870409732,0.20431125159095279,0.04993790741691106,0.1303927559090709,0.6364372946211353,0.12816116841292852,class=594:n03495258.pkl:0;n03495258.pkl:1;n03495258.pkl:2|class=732:n03976467.pkl:0;n03976467.pkl:1;n03976467.pkl:2|class=763:n04086273.pkl:1;n04086273.pkl:2;n04086273.pkl:6
convnext,342,342,+,73,53,31,15,0.14013533727235908,0.21423470139814574,0.04983459710004307,0.11900618261381644,0.6702729232318416,0.09181720035163925,class=949:n07745940.pkl:2;n07745940.pkl:5;n07745940.pkl:9|class=396:n02643566.pkl:0;n02643566.pkl:3;n02643566.pkl:4|class=31:n01644373.pkl:0;n01644373.pkl:1;n01644373.pkl:2
convnext,343,343,+,29,12,6,2,0.07615623064058481,0.1801916774852488,0.01933138103762125,0.05812730377249891,0.4885281595546624,0.3462543911854586,class=157:n02086910.pkl:6;n02086910.pkl:15;n02086910.pkl:16|class=111:n01930112.pkl:10;n01930112.pkl:15;n01930112.pkl:22|class=904:n04589890.pkl:50;n04589890.pkl:62;n04589890.pkl:137
convnext,344,344,+,5,3,2,1,0.07493549599757252,0.11084781468289152,0.018704803942005483,0.02464287840871429,0.5198008867257451,0.5471415059609411,class=777:n04141327.pkl:3;n04141327.pkl:7;n04141327.pkl:9|class=161:n02088238.pkl:140;n02088238.pkl:264;n02088238.pkl:328|class=410:n02727426.pkl:80;n02727426.pkl:255;n02727426.pkl:629
convnext,345,345,+,3,2,0,0,0.02970377260523672,0.0193265225158671,0.0038799661849147344,0.0025232221583154804,0.7794978381889618,0.47430565228506355,class=332:n02328150.pkl:59;n02328150.pkl:66;n02328150.pkl:102|class=575:n03445924.pkl:400;n03445924.pkl:751;n03445924.pkl:970|class=226:n02105251.pkl:912
convnext,346,346,+,7,4,1,1,0.0659129799404085,0.1282070755701313,0.02325908282049219,0.05372606211839466,0.1429357350137413,0.9050884972425186,class=890:n04540053.pkl:14;n04540053.pkl:18;n04540053.pkl:27|class=881:n04515003.pkl:2;n04515003.pkl:232;n04515003.pkl:524|class=520:n03131574.pkl:633;n03131574.pkl:1137
convnext,347,347,+,2,1,0,0,0.012853215892966476,0.008191211230961816,0.0019461356172190156,0.0003921340632174616,0.970512038829888,0.5202998552594689,class=467:n02927161.pkl:324;n02927161.pkl:550;n02927161.pkl:798|class=111:n01930112.pkl:641;n01930112.pkl:890
convnext,348,348,+,54,32,11,3,0.06734697632761745,0.14557612382117716,0.015163328752127704,0.04448359603031718,0.6137142843894577,0.1778923136935074,class=967:n07920052.pkl:3;n07920052.pkl:12;n07920052.pkl:14|class=362:n02447366.pkl:7;n02447366.pkl:15;n02447366.pkl:19|class=480:n02977058.pkl:3;n02977058.pkl:8;n02977058.pkl:17
convnext,349,349,+,84,55,34,18,0.1257560358133999,0.20608781122822195,0.05282710216049091,0.13267585094691542,0.6758640812348743,0.08699628293765124,class=333:n02342885.pkl:0;n02342885.pkl:1;n02342885.pkl:2|class=382:n02494079.pkl:1;n02494079.pkl:3;n02494079.pkl:4|class=418:n02783161.pkl:7;n02783161.pkl:10;n02783161.pkl:11
convnext,351,351,+,74,46,20,7,0.07022380189644435,0.12890231619527676,0.0186563127734435,0.04227853053603151,0.7111901428761821,0.08291302614247681,class=615:n03623198.pkl:1;n03623198.pkl:3;n03623198.pkl:7|class=378:n02492035.pkl:1;n02492035.pkl:9;n02492035.pkl:10|class=391:n02536864.pkl:7;n02536864.pkl:14;n02536864.pkl:25
convnext,352,352,+,8,6,3,1,0.16931754009409578,0.22907099118558996,0.021397686036085307,0.03971735844224643,0.45625759505329155,0.5556625463068879,class=779:n04146614.pkl:8;n04146614.pkl:11;n04146614.pkl:23|class=81:n01796340.pkl:21;n01796340.pkl:62;n01796340.pkl:66|class=986:n12057211.pkl:9;n12057211.pkl:149;n12057211.pkl:193
convnext,353,353,+,179,131,96,51,0.19008655738158356,0.273464485170469,0.09566517751047861,0.1981651471512279,0.7550531915197923,0.02955801177392516,class=554:n03344393.pkl:0;n03344393.pkl:1;n03344393.pkl:2|class=404:n02690373.pkl:0;n02690373.pkl:1;n02690373.pkl:2|class=776:n04141076.pkl:1;n04141076.pkl:2;n04141076.pkl:3
convnext,355,355,+,2,1,0,0,0.00777676429850343,0.006986250464511335,0.0011722576939968243,0.0003817438600047296,0.9220904580293686,0.553023445091314,class=833:n04347754.pkl:1008;n04347754.pkl:1237|class=202:n02098105.pkl:49
convnext,356,356,+,1,1,1,0,0.1624326404926867,0.0,0.022324865280985373,0.0,0.0,1.0,class=642:n03721384.pkl:8;n03721384.pkl:55;n03721384.pkl:124
convnext,357,357,+,118,69,44,20,0.11093497505039669,0.2037037490226921,0.044400547076144235,0.11223853122624394,0.6843904257058687,0.06262792277271415,class=405:n02692877.pkl:0;n02692877.pkl:2;n02692877.pkl:3|class=20:n01601694.pkl:1;n01601694.pkl:2;n01601694.pkl:4|class=357:n02442845.pkl:2;n02442845.pkl:3;n02442845.pkl:5
convnext,358,358,+,4,3,1,0,0.07773884126319731,0.07044506948629112,0.006115553934615743,0.006599940998413252,0.6160859389858212,0.541171265155963,class=794:n04209239.pkl:5;n04209239.pkl:118;n04209239.pkl:120|class=901:n04579145.pkl:188;n04579145.pkl:524;n04579145.pkl:595|class=715:n03929855.pkl:39;n03929855.pkl:310
convnext,359,359,+,3,0,0,0,0.00467131457238588,0.0011571549142360034,0.0013769161853049345,0.0006767462002710942,0.8964697342235816,0.4138554879661515,class=251:n02110341.pkl:844;n02110341.pkl:960;n02110341.pkl:1267|class=639:n03710721.pkl:568|class=894:n04550184.pkl:490
convnext,360,360,+,1,1,0,0,0.05281090289608177,0.0,0.002555366269165247,0.0,0.0,1.0,class=578:n03450230.pkl:33;n03450230.pkl:883;n03450230.pkl:1051
convnext,361,361,+,63,40,25,13,0.1545592085393909,0.2358920314921457,0.07062537583720918,0.14514837548659815,0.6733723616160785,0.08291737838985391,class=679:n03814906.pkl:0;n03814906.pkl:1;n03814906.pkl:2|class=702:n03888605.pkl:0;n03888605.pkl:1;n03888605.pkl:2|class=597:n03527444.pkl:0;n03527444.pkl:2;n03527444.pkl:4
convnext,362,362,+,3,1,0,0,0.024487594472309308,0.030773696368023743,0.0023236831480574383,0.002182071613474441,0.6254821546299281,0.6272762016424773,class=685:n03841143.pkl:9;n03841143.pkl:67;n03841143.pkl:202|class=734:n03977966.pkl:501|class=48:n01695060.pkl:245
convnext,365,365,+,101,57,31,13,0.07024621181900031,0.14509001592864657,0.03012947836919356,0.09997710555463155,0.6257403852797939,0.11891856557668778,class=759:n04069434.pkl:1;n04069434.pkl:5;n04069434.pkl:6|class=926:n07590611.pkl:1;n07590611.pkl:4;n07590611.pkl:6|class=903:n04584207.pkl:11;n04584207.pkl:15;n04584207.pkl:17
convnext,366,366,+,4,3,1,1,0.11790212303573883,0.18374568976224676,0.03294393018727776,0.048887253872471906,0.3140019144087436,0.8005293481562963,class=449:n02859443.pkl:7;n02859443.pkl:14;n02859443.pkl:30|class=981:n09835506.pkl:17;n09835506.pkl:53;n09835506.pkl:144|class=22:n01614925.pkl:70;n01614925.pkl:364;n01614925.pkl:467
convnext,367,367,+,77,40,24,15,0.1338917535117122,0.23671757964753393,0.05934517667793829,0.14643910544572292,0.6397960056587392,0.09206444456335518,class=540:n03240683.pkl:1;n03240683.pkl:2;n03240683.pkl:4|class=878:n04505470.pkl:0;n04505470.pkl:3;n04505470.pkl:6|class=263:n02113023.pkl:2;n02113023.pkl:3;n02113023.pkl:8
convnext,368,368,+,26,14,7,2,0.05579722170888219,0.125502569806494,0.02123327510765775,0.06730882200815624,0.4726597705707014,0.42495011185014664,class=936:n07714571.pkl:2;n07714571.pkl:3;n07714571.pkl:6|class=167:n02089973.pkl:1;n02089973.pkl:14;n02089973.pkl:28|class=779:n04146614.pkl:73;n04146614.pkl:191;n04146614.pkl:200
convnext,369,369,+,78,47,23,11,0.10314643788908177,0.1893763567304637,0.042689013281381694,0.11345486703325153,0.6379057504535344,0.10337697064411025,class=123:n01984695.pkl:0;n01984695.pkl:2;n01984695.pkl:3|class=803:n04252225.pkl:9;n04252225.pkl:16;n04252225.pkl:20|class=392:n02606052.pkl:2;n02606052.pkl:3;n02606052.pkl:6
convnext,370,370,+,2,1,1,0,0.032328436126196014,0.03128676945952935,0.0055635020687871736,0.004521835402120507,0.44842606001241064,0.830295757909283,class=115:n01950731.pkl:63;n01950731.pkl:66;n01950731.pkl:130|class=66:n01753488.pkl:938
convnext,371,371,+,113,78,51,25,0.15369887928480747,0.25621376047127903,0.07312197483789684,0.17041814047992912,0.6948960188925226,0.05691770409098083,class=699:n03884397.pkl:0;n03884397.pkl:1;n03884397.pkl:2|class=530:n03196217.pkl:1;n03196217.pkl:2;n03196217.pkl:3|class=536:n03216828.pkl:0;n03216828.pkl:2;n03216828.pkl:3
convnext,372,372,+,13,6,4,1,0.05077200238122432,0.0921720564191469,0.016510260061414896,0.03167342821662708,0.5717468765030854,0.36002248689351457,class=669:n03788365.pkl:5;n03788365.pkl:6;n03788365.pkl:7|class=467:n02927161.pkl:17;n02927161.pkl:33;n02927161.pkl:66|class=575:n03445924.pkl:5;n03445924.pkl:12;n03445924.pkl:68
convnext,373,373,+,4,2,0,0,0.025897319248068557,0.021952595852568257,0.0028736691471998184,0.00243389539052721,0.7484259966191664,0.42933716273371336,class=550:n03297495.pkl:222;n03297495.pkl:260;n03297495.pkl:362|class=930:n07684084.pkl:2;n07684084.pkl:256;n07684084.pkl:717|class=951:n07749582.pkl:1026
convnext,375,375,+,98,67,45,20,0.13880240071493563,0.21189171262724654,0.05921253809550148,0.12879246477143091,0.7111916399825907,0.05847965929582624,class=488:n02999410.pkl:0;n02999410.pkl:2;n02999410.pkl:7|class=413:n02749479.pkl:0;n02749479.pkl:1;n02749479.pkl:2|class=760:n04070727.pkl:0;n04070727.pkl:5;n04070727.pkl:6
convnext,376,376,+,83,50,35,9,0.06737486561003987,0.11222013847869244,0.025853785107637337,0.06326712112995451,0.7205240113161414,0.08419710442535269,class=477:n02966687.pkl:3;n02966687.pkl:5;n02966687.pkl:6|class=395:n02641379.pkl:2;n02641379.pkl:5;n02641379.pkl:8|class=519:n03127925.pkl:8;n03127925.pkl:16;n03127925.pkl:24
convnext,377,377,+,62,36,23,10,0.08794451323871201,0.16405116662858366,0.03655660169896243,0.08719081433793037,0.6633569132611844,0.10788158253644732,class=233:n02106382.pkl:1;n02106382.pkl:2;n02106382.pkl:3|class=634:n03697007.pkl:6;n03697007.pkl:10;n03697007.pkl:22|class=990:n12768682.pkl:5;n12768682.pkl:10;n12768682.pkl:12
convnext,378,378,+,56,35,18,8,0.10025585296835007,0.1627762470698017,0.03079456123720094,0.08972049785895181,0.6169208439550893,0.16943902016245938,class=872:n04485082.pkl:0;n04485082.pkl:2;n04485082.pkl:5|class=778:n04141975.pkl:1;n04141975.pkl:2;n04141975.pkl:3|class=228:n02105505.pkl:7;n02105505.pkl:13;n02105505.pkl:16
convnext,380,380,+,21,14,10,6,0.16207118842562288,0.17760250453672835,0.05291756066162051,0.08514174601229597,0.6830503451572701,0.1708915399729591,class=336:n02361337.pkl:3;n02361337.pkl:6;n02361337.pkl:7|class=982:n10148035.pkl:0;n10148035.pkl:1;n10148035.pkl:2|class=31:n01644373.pkl:13;n01644373.pkl:14;n01644373.pkl:28
convnext,381,381,+,22,8,4,2,0.07541932370493876,0.1817504387306958,0.02371331055759944,0.06418762860686957,0.4274530408842738,0.3784939361764387,class=645:n03733131.pkl:4;n03733131.pkl:6;n03733131.pkl:12|class=573:n03444034.pkl:7;n03444034.pkl:11;n03444034.pkl:13|class=984:n11879895.pkl:12;n11879895.pkl:117;n11879895.pkl:132
convnext,382,382,+,1,0,0,0,0.004691164972634871,0.0,0.001563721657544957,0.0,0.0,1.0,class=985:n11939491.pkl:603;n11939491.pkl:1090
convnext,383,383,+,4,2,0,0,0.05821349404749727,0.06702815936858258,0.0031910943188099726,0.0037031878567482224,0.5926857259794288,0.586676043189156,class=582:n03461385.pkl:40;n03461385.pkl:47;n03461385.pkl:96|class=738:n03991062.pkl:1003;n03991062.pkl:1150|class=951:n07749582.pkl:797
convnext,385,385,+,145,120,89,55,0.25278909169553254,0.2860223289135167,0.1194919245359638,0.20461678046311993,0.7942032520323832,0.027119169801466066,class=89:n01819313.pkl:0;n01819313.pkl:1;n01819313.pkl:2|class=291:n02129165.pkl:0;n02129165.pkl:1;n02129165.pkl:2|class=61:n01742172.pkl:0;n01742172.pkl:1;n01742172.pkl:3
convnext,386,386,+,15,9,5,3,0.07702444801177068,0.11194388701370038,0.0237497919928088,0.03841032967607883,0.6535751310140818,0.24104205580504692,class=459:n02892767.pkl:0;n02892767.pkl:2;n02892767.pkl:5|class=364:n02457408.pkl:2;n02457408.pkl:4;n02457408.pkl:5|class=853:n04417672.pkl:2;n04417672.pkl:15;n04417672.pkl:33
convnext,387,387,+,6,2,1,0,0.030595534780988864,0.05331791453812978,0.003843350140214427,0.003685238062410695,0.7894421221326872,0.31990236160647456,class=690:n03868242.pkl:62;n03868242.pkl:191;n03868242.pkl:399|class=564:n03388549.pkl:2;n03388549.pkl:262;n03388549.pkl:380|class=201:n02097658.pkl:456;n02097658.pkl:919;n02097658.pkl:932
convnext,388,388,+,12,6,2,0,0.03446129740797902,0.05634569894992494,0.0051733081746409525,0.009549763732190615,0.5887749056536518,0.36729996341528975,class=24:n01622779.pkl:49;n01622779.pkl:52;n01622779.pkl:64|class=85:n01806567.pkl:17;n01806567.pkl:30;n01806567.pkl:38|class=447:n02841315.pkl:371;n02841315.pkl:461;n02841315.pkl:621
convnext,389,389,+,94,71,42,22,0.16278234603110636,0.2436350629718943,0.07540912713258399,0.16609398541434556,0.6990821070521295,0.06224809250804664,class=537:n03218198.pkl:0;n03218198.pkl:1;n03218198.pkl:2|class=158:n02087046.pkl:0;n02087046.pkl:1;n02087046.pkl:3|class=152:n02085782.pkl:3;n02085782.pkl:4;n02085782.pkl:5
convnext,390,390,+,10,5,2,1,0.061357783204548946,0.11300412898842227,0.011477705232448059,0.01946262451317165,0.5788426069629506,0.38753629591291444,class=891:n04542943.pkl:2;n04542943.pkl:11;n04542943.pkl:15|class=718:n03933933.pkl:79;n03933933.pkl:153;n03933933.pkl:178|class=670:n03791053.pkl:392;n03791053.pkl:459;n03791053.pkl:627
convnext,392,392,+,19,9,2,0,0.03728753572856859,0.05000373224574915,0.005757061448450153,0.008637572971211533,0.7679781449029722,0.1711069637301665,class=972:n09246464.pkl:9;n09246464.pkl:59;n09246464.pkl:69|class=582:n03461385.pkl:23;n03461385.pkl:47;n03461385.pkl:77|class=811:n04265275.pkl:15;n04265275.pkl:34;n04265275.pkl:42
convnext,393,393,+,68,51,31,14,0.12602769899742308,0.2084189385617608,0.06136859477123301,0.14319859686559083,0.6690139449323369,0.09477706714557736,class=440:n02823428.pkl:0;n02823428.pkl:1;n02823428.pkl:2|class=99:n01855672.pkl:0;n01855672.pkl:1;n01855672.pkl:2|class=185:n02094114.pkl:0;n02094114.pkl:1;n02094114.pkl:4
convnext,394,394,+,13,8,3,2,0.04561693802567679,0.07021921746215752,0.014337002026102707,0.021774242021591263,0.687686439737293,0.25435266573672266,class=990:n12768682.pkl:19;n12768682.pkl:30;n12768682.pkl:42|class=177:n02092002.pkl:63;n02092002.pkl:66;n02092002.pkl:75|class=161:n02088238.pkl:38;n02088238.pkl:67;n02088238.pkl:123
convnext,395,395,+,6,1,1,0,0.029295491124054746,0.05653071191891796,0.0036291597693823684,0.004744008482769004,0.6576762334550867,0.45145847133001815,class=495:n03018349.pkl:19;n03018349.pkl:51;n03018349.pkl:64|class=798:n04238763.pkl:44;n04238763.pkl:957;n04238763.pkl:960|class=524:n03146219.pkl:237;n03146219.pkl:994
convnext,396,396,+,75,63,46,33,0.48962615660865955,0.38497340264178176,0.244456817900862,0.32988297961197743,0.79838382227824,0.03761364434021953,class=321:n02276258.pkl:0;n02276258.pkl:1;n02276258.pkl:2|class=317:n02259212.pkl:0;n02259212.pkl:1;n02259212.pkl:2|class=986:n12057211.pkl:0;n12057211.pkl:1;n12057211.pkl:2
convnext,398,398,+,133,88,63,40,0.15774018522896094,0.226551299123474,0.06806260095009338,0.13601983247554247,0.7557234597500684,0.03754744282760579,class=900:n04562935.pkl:0;n04562935.pkl:1;n04562935.pkl:3|class=223:n02104365.pkl:0;n02104365.pkl:1;n02104365.pkl:4|class=120:n01980166.pkl:0;n01980166.pkl:1;n01980166.pkl:3
convnext,399,399,+,60,41,26,14,0.15820578385501655,0.23903185862297183,0.06375206451389816,0.12802365407249525,0.6870716795408285,0.08387771671433777,class=537:n03218198.pkl:1;n03218198.pkl:2;n03218198.pkl:3|class=679:n03814906.pkl:0;n03814906.pkl:1;n03814906.pkl:3|class=29:n01632777.pkl:3;n01632777.pkl:4;n01632777.pkl:5
convnext,400,400,+,70,49,24,15,0.18285662951717868,0.2933599488179164,0.09169236843243357,0.2010832080420548,0.6500812510182414,0.08299053156256266,class=11:n01531178.pkl:0;n01531178.pkl:1;n01531178.pkl:2|class=121:n01981276.pkl:0;n01981276.pkl:1;n01981276.pkl:2|class=670:n03791053.pkl:0;n03791053.pkl:1;n03791053.pkl:5
convnext,401,401,+,26,19,6,3,0.06415244246223593,0.09187734624402488,0.012254541246944944,0.02114103016982944,0.7121655336083399,0.15292973174410768,class=552:n03325584.pkl:2;n03325584.pkl:12;n03325584.pkl:22|class=564:n03388549.pkl:11;n03388549.pkl:14;n03388549.pkl:18|class=465:n02916936.pkl:34;n02916936.pkl:43;n02916936.pkl:68
convnext,402,402,+,224,134,102,41,0.08509829417846225,0.15799980016510043,0.04153321024580942,0.09587945688585162,0.7629257984217814,0.02825525362250047,class=890:n04540053.pkl:0;n04540053.pkl:2;n04540053.pkl:3|class=133:n02011460.pkl:0;n02011460.pkl:1;n02011460.pkl:2|class=798:n04238763.pkl:1;n04238763.pkl:3;n04238763.pkl:7
convnext,403,403,+,95,62,44,15,0.11842057739771014,0.1939656530826395,0.04135073910106429,0.10562440841917928,0.7000446487556978,0.07920760217691726,class=646:n03733281.pkl:0;n03733281.pkl:1;n03733281.pkl:2|class=836:n04355933.pkl:3;n04355933.pkl:13;n04355933.pkl:19|class=563:n03388183.pkl:1;n03388183.pkl:3;n03388183.pkl:7
convnext,404,404,+,52,28,16,6,0.06208506750458549,0.1004502838583381,0.02152864642070409,0.04400082776004616,0.6972452653661863,0.09956208852191022,class=263:n02113023.pkl:2;n02113023.pkl:3;n02113023.pkl:4|class=982:n10148035.pkl:22;n10148035.pkl:41;n10148035.pkl:44|class=123:n01984695.pkl:0;n01984695.pkl:27;n01984695.pkl:28
convnext,405,405,+,5,2,0,0,0.017055580899786912,0.02550562782023083,0.001348798820647594,0.0010519849373701062,0.8506178514267237,0.3216619249338659,class=907:n04591713.pkl:492;n04591713.pkl:792;n04591713.pkl:818|class=723:n03944341.pkl:830|class=698:n03877845.pkl:451
convnext,406,406,+,44,28,19,9,0.09509088638777921,0.13549168364294076,0.027811087771834362,0.0471448303386786,0.735454365928474,0.08803724906920513,class=343:n02397096.pkl:7;n02397096.pkl:8;n02397096.pkl:9|class=690:n03868242.pkl:28;n03868242.pkl:54;n03868242.pkl:57|class=226:n02105251.pkl:3;n02105251.pkl:6;n02105251.pkl:15
convnext,407,407,+,52,29,20,8,0.09817098009025763,0.15485454815241864,0.03514748449915466,0.08342144707621366,0.6638889728151388,0.1275644747791325,class=376:n02489166.pkl:0;n02489166.pkl:1;n02489166.pkl:2|class=751:n04037443.pkl:1;n04037443.pkl:2;n04037443.pkl:3|class=383:n02497673.pkl:8;n02497673.pkl:13;n02497673.pkl:29
convnext,408,408,+,62,35,23,10,0.09893384110406224,0.18825969895841396,0.04350471616303017,0.1087589447827727,0.6198405041646768,0.11693020897460452,class=263:n02113023.pkl:0;n02113023.pkl:1;n02113023.pkl:6|class=293:n02130308.pkl:1;n02130308.pkl:3;n02130308.pkl:4|class=717:n03930630.pkl:2;n03930630.pkl:3;n03930630.pkl:4
convnext,409,409,+,84,56,32,17,0.1077669343500533,0.18735778053077776,0.049591854666970414,0.12053550466764144,0.680917628627116,0.0822330415364783,class=734:n03977966.pkl:1;n03977966.pkl:2;n03977966.pkl:3|class=484:n02981792.pkl:1;n02981792.pkl:2;n02981792.pkl:5|class=481:n02978881.pkl:1;n02978881.pkl:7;n02978881.pkl:8
convnext,410,410,+,9,7,3,0,0.06873936725200341,0.08692051654060638,0.007142806921221809,0.008913581816669272,0.6686574884541447,0.28414221535686907,class=393:n02607072.pkl:33;n02607072.pkl:47;n02607072.pkl:74|class=6:n01498041.pkl:54;n01498041.pkl:114;n01498041.pkl:312|class=963:n07873807.pkl:12;n07873807.pkl:25;n07873807.pkl:30
convnext,411,411,+,70,30,11,6,0.055324422181544874,0.13626820274805584,0.019264209658390746,0.07585310882444024,0.5317080841739458,0.23577174368495157,class=980:n09472597.pkl:0;n09472597.pkl:2;n09472597.pkl:3|class=601:n03534580.pkl:30;n03534580.pkl:35;n03534580.pkl:47|class=3:n01491361.pkl:9;n01491361.pkl:15;n01491361.pkl:20
convnext,412,412,+,40,29,13,8,0.12216158593595909,0.19864584166759902,0.04929334682027442,0.1100118816099657,0.6339013000931549,0.1495209949777071,class=485:n02988304.pkl:0;n02988304.pkl:2;n02988304.pkl:3|class=413:n02749479.pkl:4;n02749479.pkl:5;n02749479.pkl:7|class=632:n03691459.pkl:6;n03691459.pkl:7;n03691459.pkl:8
convnext,413,413,+,14,8,2,0,0.02437606755104646,0.02366309817046108,0.004423466275282749,0.003756001851401134,0.8730617002944998,0.1229274910924708,class=254:n02110958.pkl:34;n02110958.pkl:110;n02110958.pkl:248|class=993:n13037406.pkl:20;n13037406.pkl:35;n13037406.pkl:330|class=790:n04204238.pkl:286;n04204238.pkl:392;n04204238.pkl:483
convnext,415,415,+,99,91,70,57,0.55706680814517,0.3827591633662839,0.3075169188675198,0.3543784592454433,0.8467611987121728,0.023515106014623352,class=387:n02509815.pkl:0;n02509815.pkl:1;n02509815.pkl:2|class=142:n02033041.pkl:0;n02033041.pkl:1;n02033041.pkl:2|class=991:n12985857.pkl:0;n12985857.pkl:1;n12985857.pkl:2
convnext,416,416,+,8,7,3,1,0.18886651459669357,0.2673204528899554,0.01909907118153053,0.03127607970757399,0.5051646677264554,0.46020473204999024,class=503:n03062245.pkl:19;n03062245.pkl:29;n03062245.pkl:40|class=190:n02095889.pkl:86;n02095889.pkl:144;n02095889.pkl:197|class=260:n02112137.pkl:50;n02112137.pkl:75;n02112137.pkl:92
convnext,418,418,+,3,0,0,0,0.0030939444256170585,0.002738567129915035,0.0010328665309754976,0.0003600832982460714,0.9478434680186034,0.37384650942002867,class=13:n01534433.pkl:135;n01534433.pkl:919|class=495:n03018349.pkl:156|class=107:n01910747.pkl:580
convnext,419,419,+,11,3,3,0,0.034632170149504156,0.05220257228265241,0.007875400479758515,0.011645900831338145,0.6367352837488889,0.28970534400692227,class=821:n04311004.pkl:4;n04311004.pkl:16;n04311004.pkl:43|class=110:n01924916.pkl:4;n01924916.pkl:44;n01924916.pkl:47|class=353:n02423022.pkl:14;n02423022.pkl:80;n02423022.pkl:101
convnext,420,420,+,30,17,9,4,0.06176051740918499,0.08562098979291134,0.014891419360550441,0.021885608225592625,0.7388323246669296,0.10533189134282749,class=710:n03908714.pkl:14;n03908714.pkl:16;n03908714.pkl:55|class=959:n07831146.pkl:20;n07831146.pkl:21;n07831146.pkl:59|class=172:n02091134.pkl:1;n02091134.pkl:16;n02091134.pkl:30
convnext,421,421,+,18,7,4,0,0.02432058573038514,0.030937349159135985,0.004973784472374602,0.005908854716949145,0.7833886201799848,0.1339635227470187,class=163:n02088466.pkl:0;n02088466.pkl:64;n02088466.pkl:172|class=154:n02086079.pkl:116;n02086079.pkl:128;n02086079.pkl:181|class=998:n13133613.pkl:11;n13133613.pkl:98;n13133613.pkl:129
convnext,422,422,+,68,37,18,5,0.0687905475066119,0.15483007638608465,0.02189611888535452,0.07449111567148976,0.5700075022310147,0.1849083138834907,class=894:n04550184.pkl:1;n04550184.pkl:7;n04550184.pkl:9|class=65:n01751748.pkl:0;n01751748.pkl:7;n01751748.pkl:8|class=968:n07930864.pkl:3;n07930864.pkl:7;n07930864.pkl:14
convnext,423,423,+,24,14,5,2,0.0587486912415987,0.1135645854055255,0.009959094893903245,0.017974267645092832,0.6881871008006498,0.1773890338623149,class=183:n02093859.pkl:6;n02093859.pkl:32;n02093859.pkl:39|class=481:n02978881.pkl:2;n02978881.pkl:7;n02978881.pkl:48|class=959:n07831146.pkl:7;n07831146.pkl:18;n07831146.pkl:71
convnext,424,424,+,78,48,22,11,0.07559392469022673,0.12443349847276537,0.02313490576300826,0.04938797637432072,0.7180255355948765,0.07124735186647087,class=285:n02124075.pkl:4;n02124075.pkl:6;n02124075.pkl:12|class=379:n02492660.pkl:6;n02492660.pkl:7;n02492660.pkl:8|class=684:n03840681.pkl:8;n03840681.pkl:43;n03840681.pkl:53
convnext,425,425,+,86,50,33,12,0.07363941309994654,0.13242546927128326,0.027478839364794675,0.08059555985162717,0.6819883451317796,0.11165715662304071,class=287:n02127052.pkl:0;n02127052.pkl:1;n02127052.pkl:2|class=526:n03179701.pkl:1;n03179701.pkl:3;n03179701.pkl:6|class=544:n03259280.pkl:2;n03259280.pkl:13;n03259280.pkl:23
convnext,426,426,+,21,8,3,1,0.04018640174323827,0.07519077607963695,0.007787695604993784,0.01448043103520214,0.6523393918885462,0.21225540487129912,class=230:n02105855.pkl:56;n02105855.pkl:60;n02105855.pkl:109|class=416:n02777292.pkl:29;n02777292.pkl:40;n02777292.pkl:67|class=106:n01883070.pkl:26;n01883070.pkl:29;n01883070.pkl:33
convnext,427,427,+,2,0,0,0,0.0024438494915790723,0.0008348390330110917,0.0012219247457895361,0.00041741951650554584,0.9141027159231666,0.5583480821491322,class=436:n02814533.pkl:441;n02814533.pkl:610|class=528:n03187595.pkl:190
convnext,428,428,+,54,27,12,4,0.05666735217052286,0.11005039041122573,0.014934012413871945,0.04385245965072218,0.6293651738351979,0.17819506809042834,class=653:n03764736.pkl:7;n03764736.pkl:8;n03764736.pkl:9|class=204:n02098413.pkl:2;n02098413.pkl:5;n02098413.pkl:9|class=511:n03100240.pkl:9;n03100240.pkl:14;n03100240.pkl:20
convnext,430,430,+,95,49,27,14,0.07926685731330058,0.1444485139012312,0.024827380919713732,0.05625714384947961,0.7050902769915153,0.06457310995844946,class=883:n04522168.pkl:3;n04522168.pkl:9;n04522168.pkl:14|class=808:n04259630.pkl:5;n04259630.pkl:6;n04259630.pkl:10|class=62:n01744401.pkl:2;n01744401.pkl:3;n01744401.pkl:5
convnext,431,431,+,55,34,18,8,0.0880138439259412,0.13978578042808168,0.01895239337992997,0.0314324574769547,0.7628144892426109,0.06819285515202748,class=249:n02110063.pkl:0;n02110063.pkl:4;n02110063.pkl:35|class=677:n03804744.pkl:17;n03804744.pkl:20;n03804744.pkl:21|class=149:n02074367.pkl:1;n02074367.pkl:28;n02074367.pkl:51
convnext,432,432,+,6,2,1,1,0.09626960035648614,0.181766869299425,0.03479046022424014,0.07250968496603034,0.15855084872688258,0.8906364470294206,class=702:n03888605.pkl:4;n03888605.pkl:7;n03888605.pkl:10|class=535:n03208938.pkl:76;n03208938.pkl:149;n03208938.pkl:168|class=664:n03782006.pkl:6;n03782006.pkl:960
convnext,433,433,+,90,77,57,39,0.4501501718919952,0.3793492547256796,0.21925257179568652,0.3184952985034922,0.7899348283279387,0.034557402048771335,class=326:n02281787.pkl:0;n02281787.pkl:1;n02281787.pkl:2|class=47:n01694178.pkl:0;n01694178.pkl:1;n01694178.pkl:2|class=957:n07768694.pkl:0;n07768694.pkl:1;n07768694.pkl:2
convnext,434,434,+,6,2,1,0,0.05681122849583659,0.08968569806585167,0.010337990280418428,0.017366649323643107,0.42657285495702013,0.6370030554302193,class=936:n07714571.pkl:15;n07714571.pkl:103;n07714571.pkl:129|class=22:n01614925.pkl:127;n01614925.pkl:142;n01614925.pkl:205|class=761:n04074963.pkl:370;n04074963.pkl:652
convnext,435,435,+,14,10,7,1,0.15881306736453063,0.17751818025150645,0.01828889942664283,0.020471781050067382,0.7552150564834469,0.16092548886196037,class=426:n02794156.pkl:23;n02794156.pkl:91;n02794156.pkl:109|class=761:n04074963.pkl:25;n04074963.pkl:46;n04074963.pkl:68|class=943:n07718472.pkl:16;n07718472.pkl:53;n07718472.pkl:80
convnext,436,436,+,108,68,43,22,0.1274959957521634,0.21934550437594622,0.057206981262913896,0.14161423825506025,0.6850057758442086,0.06599961094652182,class=317:n02259212.pkl:0;n02259212.pkl:1;n02259212.pkl:2|class=31:n01644373.pkl:0;n01644373.pkl:4;n01644373.pkl:5|class=548:n03290653.pkl:0;n03290653.pkl:1;n03290653.pkl:2
convnext,437,437,+,13,7,6,1,0.07516112785023746,0.09042110726772683,0.013090432173117046,0.01528310097128392,0.7515277513791682,0.18177385145029104,class=148:n02071294.pkl:2;n02071294.pkl:19;n02071294.pkl:34|class=817:n04285008.pkl:1;n04285008.pkl:44;n04285008.pkl:45|class=403:n02687172.pkl:41;n02687172.pkl:85;n02687172.pkl:111
convnext,438,438,+,79,49,30,12,0.09724368942809578,0.1565611360819436,0.03175087679027824,0.07807968355907095,0.698713308283149,0.08920688075216233,class=539:n03223299.pkl:0;n03223299.pkl:9;n03223299.pkl:10|class=426:n02794156.pkl:4;n02794156.pkl:10;n02794156.pkl:12|class=122:n01983481.pkl:9;n01983481.pkl:13;n01983481.pkl:16
convnext,439,439,+,96,45,27,11,0.07904601125243889,0.1741264234553268,0.03369431140837678,0.09642525659256364,0.6309924052615178,0.09572612857973875,class=9:n01518878.pkl:1;n01518878.pkl:2;n01518878.pkl:3|class=958:n07802026.pkl:1;n07802026.pkl:2;n07802026.pkl:3|class=86:n01807496.pkl:1;n01807496.pkl:3;n01807496.pkl:5
convnext,440,440,+,68,42,25,13,0.11259902262327129,0.18352764946208955,0.041272709920228114,0.10515311465866008,0.6569744499849693,0.11016323797883668,class=398:n02666196.pkl:0;n02666196.pkl:1;n02666196.pkl:2|class=69:n01768244.pkl:1;n01768244.pkl:2;n01768244.pkl:3|class=457:n02883205.pkl:3;n02883205.pkl:4;n02883205.pkl:5
convnext,441,441,+,58,34,16,7,0.07780537405189458,0.1388108315017327,0.020105852204892475,0.04522507988415849,0.6855394320619124,0.10447536589734983,class=601:n03534580.pkl:1;n03534580.pkl:4;n03534580.pkl:10|class=211:n02100583.pkl:24;n02100583.pkl:35;n02100583.pkl:36|class=971:n09229709.pkl:5;n09229709.pkl:15;n09229709.pkl:20
convnext,442,442,+,1,1,1,0,0.24206349206349206,0.0,0.01746031746031746,0.0,0.0,1.0,class=916:n06359193.pkl:111;n06359193.pkl:135;n06359193.pkl:176
convnext,443,443,+,25,12,5,1,0.04648259894138576,0.08258995526169541,0.007282462229529226,0.0130992038117028,0.6871124751194929,0.16941759009320534,class=964:n07875152.pkl:6;n07875152.pkl:13;n07875152.pkl:24|class=2:n01484850.pkl:72;n01484850.pkl:115;n01484850.pkl:125|class=233:n02106382.pkl:37;n02106382.pkl:70;n02106382.pkl:198
convnext,444,444,+,56,34,20,12,0.13338984044071223,0.21569466481038313,0.05229248054188356,0.10929256866954053,0.6661060791750242,0.09586076185884962,class=962:n07871810.pkl:0;n07871810.pkl:1;n07871810.pkl:2|class=615:n03623198.pkl:5;n03623198.pkl:6;n03623198.pkl:9|class=449:n02859443.pkl:7;n02859443.pkl:11;n02859443.pkl:15
convnext,445,445,+,13,10,5,3,0.24294332690314852,0.34313886256773973,0.15719707511221184,0.30270286083371056,0.4600955056013918,0.36215673813383215,class=500:n03042490.pkl:0;n03042490.pkl:1;n03042490.pkl:3|class=326:n02281787.pkl:0;n02281787.pkl:1;n02281787.pkl:4|class=986:n12057211.pkl:1;n12057211.pkl:4;n12057211.pkl:5
convnext,446,446,+,74,45,23,11,0.08740955761693334,0.149154966669354,0.0324275456387255,0.08725995542369146,0.6677025605725175,0.11136560110267202,class=296:n02134084.pkl:0;n02134084.pkl:1;n02134084.pkl:2|class=435:n02808440.pkl:0;n02808440.pkl:1;n02808440.pkl:5|class=128:n02002724.pkl:5;n02002724.pkl:8;n02002724.pkl:12
convnext,447,447,+,12,7,4,2,0.0789739036893007,0.09767356167339324,0.017744883538863856,0.028325813103663864,0.6201602068596365,0.29567597591614014,class=533:n03207743.pkl:29;n03207743.pkl:46;n03207743.pkl:52|class=443:n02834397.pkl:5;n02834397.pkl:11;n02834397.pkl:13|class=668:n03788195.pkl:22;n03788195.pkl:29;n03788195.pkl:74
convnext,448,448,+,323,255,200,103,0.1728375468038218,0.24089941666475725,0.09482427727596619,0.1804601229333088,0.8075576220558499,0.01430895123738631,class=755:n04044716.pkl:0;n04044716.pkl:1;n04044716.pkl:2|class=316:n02256656.pkl:0;n02256656.pkl:1;n02256656.pkl:2|class=322:n02277742.pkl:0;n02277742.pkl:2;n02277742.pkl:4
convnext,449,449,+,84,55,34,9,0.084158976328747,0.15843032925367753,0.031771304434810625,0.08995327459045117,0.6612461874590438,0.10733468575472295,class=241:n02108000.pkl:0;n02108000.pkl:3;n02108000.pkl:5|class=473:n02951585.pkl:0;n02951585.pkl:1;n02951585.pkl:2|class=396:n02643566.pkl:0;n02643566.pkl:4;n02643566.pkl:8
convnext,450,450,+,9,5,2,1,0.0815410012977049,0.14869494960839721,0.03634544142774848,0.08807612372745653,0.2642005268546402,0.7636012920729369,class=533:n03207743.pkl:2;n03207743.pkl:5;n03207743.pkl:11|class=849:n04398044.pkl:27;n04398044.pkl:101;n04398044.pkl:258|class=601:n03534580.pkl:300;n03534580.pkl:378;n03534580.pkl:432
convnext,451,451,+,37,23,12,3,0.07276062415415736,0.11094049737551052,0.016239035212136148,0.030012882587136785,0.7132008807583803,0.11934648529469793,class=81:n01796340.pkl:0;n01796340.pkl:2;n01796340.pkl:4|class=669:n03788365.pkl:33;n03788365.pkl:48;n03788365.pkl:81|class=788:n04200800.pkl:26;n04200800.pkl:42;n04200800.pkl:47
convnext,452,452,+,29,14,10,3,0.11308169872515932,0.21472836342235788,0.036056258683514725,0.09257195924665654,0.5215752386907434,0.26178284003793173,class=1:n01443537.pkl:1;n01443537.pkl:4;n01443537.pkl:17|class=165:n02089078.pkl:0;n02089078.pkl:8;n02089078.pkl:13|class=828:n04332243.pkl:0;n04332243.pkl:2;n04332243.pkl:4
convnext,453,453,+,3,0,0,0,0.0036699758956895688,0.0030565983372726905,0.0010456036030708307,0.00037772095206077793,0.9440822210864628,0.3768330826703122,class=441:n02823750.pkl:320;n02823750.pkl:462|class=597:n03527444.pkl:1195|class=825:n04326547.pkl:92
convnext,454,454,+,52,20,7,2,0.0427763560112228,0.12194271241015217,0.01791934346463051,0.08006552197479642,0.4328532920590495,0.40315325374580335,class=621:n03649909.pkl:0;n03649909.pkl:1;n03649909.pkl:3|class=997:n13054560.pkl:10;n13054560.pkl:16;n13054560.pkl:21|class=377:n02490219.pkl:69;n02490219.pkl:82;n02490219.pkl:112
convnext,455,455,+,10,5,2,0,0.01997969000684862,0.023350164264898905,0.00577653534081835,0.006986676903913969,0.7488428461304216,0.2462872414595352,class=959:n07831146.pkl:48;n07831146.pkl:104;n07831146.pkl:109|class=869:n04479046.pkl:104;n04479046.pkl:118;n04479046.pkl:130|class=573:n03444034.pkl:82;n03444034.pkl:108;n03444034.pkl:286
convnext,456,456,+,53,23,9,3,0.04191825526271354,0.11575894600494904,0.01612382372502045,0.060820573649789156,0.5189315019572812,0.2873337880708575,class=512:n03109150.pkl:1;n03109150.pkl:4;n03109150.pkl:5|class=956:n07760859.pkl:2;n07760859.pkl:4;n07760859.pkl:7|class=224:n02105056.pkl:13;n02105056.pkl:17;n02105056.pkl:39
convnext,457,457,+,57,34,19,9,0.07220751330254216,0.11394134039292834,0.021515584652289827,0.040685262103665985,0.7292944474439467,0.08027642922577331,class=528:n03187595.pkl:4;n03187595.pkl:6;n03187595.pkl:7|class=942:n07717556.pkl:13;n07717556.pkl:14;n07717556.pkl:25|class=940:n07716906.pkl:3;n07716906.pkl:5;n07716906.pkl:9
convnext,459,459,+,67,46,25,10,0.11798125023952147,0.18628488013429456,0.03554893159084812,0.08944324764501524,0.6757398604471087,0.10941131826434326,class=573:n03444034.pkl:0;n03444034.pkl:1;n03444034.pkl:2|class=771:n04125021.pkl:1;n04125021.pkl:8;n04125021.pkl:14|class=680:n03825788.pkl:1;n03825788.pkl:2;n03825788.pkl:3
convnext,460,460,+,42,25,7,0,0.03296604149487423,0.04541629051937945,0.006018072947340509,0.00801967845375224,0.8319074303058568,0.06609095951174243,class=875:n04487394.pkl:29;n04487394.pkl:45;n04487394.pkl:76|class=764:n04090263.pkl:189;n04090263.pkl:216;n04090263.pkl:229|class=689:n03866082.pkl:151;n03866082.pkl:180;n03866082.pkl:242
convnext,461,461,+,9,6,2,2,0.12402722941868739,0.20945812647195153,0.05869388396458129,0.11790483431185167,0.3701667108676769,0.5594795317862252,class=318:n02264363.pkl:2;n02264363.pkl:7;n02264363.pkl:8|class=436:n02814533.pkl:11;n02814533.pkl:13;n02814533.pkl:14|class=967:n07920052.pkl:95;n07920052.pkl:249;n07920052.pkl:270
convnext,462,462,+,43,28,18,5,0.08778266518166157,0.14657824302083255,0.034791047458447015,0.08747671690997551,0.6070005040398601,0.17027752951799385,class=535:n03208938.pkl:1;n03208938.pkl:5;n03208938.pkl:8|class=346:n02408429.pkl:0;n02408429.pkl:1;n02408429.pkl:3|class=655:n03770439.pkl:0;n03770439.pkl:13;n03770439.pkl:15
convnext,463,463,+,11,5,3,0,0.04716889456948983,0.06187766596334287,0.009330638234580652,0.012406473038406939,0.6844827408340474,0.25163329515632754,class=274:n02115913.pkl:108;n02115913.pkl:119;n02115913.pkl:132|class=326:n02281787.pkl:6;n02281787.pkl:169;n02281787.pkl:219|class=465:n02916936.pkl:2;n02916936.pkl:39;n02916936.pkl:53
convnext,464,464,+,76,51,31,12,0.1307406748871138,0.2167806197362989,0.04249467126588482,0.08501683337832047,0.7107707776674215,0.06582352785204126,class=386:n02504458.pkl:1;n02504458.pkl:2;n02504458.pkl:6|class=382:n02494079.pkl:0;n02494079.pkl:3;n02494079.pkl:8|class=23:n01616318.pkl:6;n01616318.pkl:9;n01616318.pkl:14
convnext,465,465,+,6,5,2,0,0.04646979459565398,0.036600354359667686,0.005808588732493511,0.004528778888574968,0.8296651402099252,0.2679807287335106,class=261:n02112350.pkl:153;n02112350.pkl:177;n02112350.pkl:186|class=905:n04590129.pkl:154;n04590129.pkl:161;n04590129.pkl:436|class=55:n01729977.pkl:67;n01729977.pkl:347;n01729977.pkl:927
convnext,466,466,+,56,33,24,8,0.0949446453651995,0.1610133666398473,0.03649855992601857,0.08591340059803124,0.6740956178480314,0.11679951836061095,class=914:n04612504.pkl:2;n04612504.pkl:5;n04612504.pkl:6|class=142:n02033041.pkl:9;n02033041.pkl:10;n02033041.pkl:21|class=941:n07717410.pkl:4;n07717410.pkl:10;n07717410.pkl:14
convnext,467,467,+,39,21,9,4,0.06713261522018693,0.12781428429144143,0.016589328663845365,0.038047978281128804,0.6223461310886532,0.16051897060078735,class=267:n02113799.pkl:5;n02113799.pkl:17;n02113799.pkl:18|class=763:n04086273.pkl:10;n04086273.pkl:11;n04086273.pkl:17|class=883:n04522168.pkl:0;n04522168.pkl:3;n04522168.pkl:8
convnext,469,469,+,86,69,52,37,0.44417112176922247,0.39659306064082195,0.23232850547782494,0.31203229748514205,0.8004654015640332,0.03260260171760614,class=873:n04486054.pkl:0;n04486054.pkl:1;n04486054.pkl:2|class=73:n01773549.pkl:0;n01773549.pkl:2;n01773549.pkl:4|class=302:n02167151.pkl:0;n02167151.pkl:1;n02167151.pkl:2
convnext,470,470,+,3,2,1,0,0.02983912448840365,0.02723327036745108,0.00700818749157935,0.008256710386623397,0.383809191604126,0.7960140760840819,class=259:n02112018.pkl:105;n02112018.pkl:123;n02112018.pkl:125|class=475:n02965783.pkl:159;n02965783.pkl:217|class=660:n03776460.pkl:342
convnext,471,471,+,53,34,22,10,0.1133243265209476,0.1607098444209523,0.03007223295145965,0.05555187739959333,0.7281945991641045,0.08325374850061021,class=101:n01871265.pkl:3;n01871265.pkl:5;n01871265.pkl:17|class=915:n04613696.pkl:0;n04613696.pkl:7;n04613696.pkl:21|class=63:n01748264.pkl:0;n01748264.pkl:3;n01748264.pkl:26
convnext,472,472,+,13,3,0,0,0.008837908781720789,0.013418056754947973,0.0016995635794159506,0.002064329234828027,0.8054008359433393,0.19040841141930914,class=602:n03535780.pkl:105;n03535780.pkl:218;n03535780.pkl:236|class=465:n02916936.pkl:209;n02916936.pkl:387;n02916936.pkl:476|class=712:n03920288.pkl:210
convnext,474,474,+,55,28,13,6,0.0650737959134821,0.14936310015586357,0.03207106052135302,0.12589751988530543,0.4892737110736424,0.29836690610109623,class=53:n01728920.pkl:0;n01728920.pkl:2;n01728920.pkl:4|class=831:n04344873.pkl:1;n04344873.pkl:4;n04344873.pkl:6|class=461:n02895154.pkl:5;n02895154.pkl:15;n02895154.pkl:23
convnext,475,475,+,112,66,37,18,0.09042347014287674,0.1683738597740503,0.04054499520705997,0.10263230604486027,0.6798743935904992,0.06613905845085703,class=398:n02666196.pkl:0;n02666196.pkl:1;n02666196.pkl:3|class=15:n01558993.pkl:0;n01558993.pkl:1;n01558993.pkl:2|class=793:n04209133.pkl:0;n04209133.pkl:1;n04209133.pkl:2
convnext,476,476,+,8,6,5,2,0.2295173699884101,0.2692221103427747,0.09782347265694095,0.16859642700375185,0.4553841004408033,0.49629627684008004,class=300:n02165105.pkl:4;n02165105.pkl:6;n02165105.pkl:8|class=90:n01820546.pkl:6;n01820546.pkl:7;n01820546.pkl:10|class=480:n02977058.pkl:29;n02977058.pkl:46;n02977058.pkl:51
convnext,478,478,+,77,39,24,11,0.09182642707226234,0.18733377717166955,0.03335955190821311,0.10008114704335745,0.6176933817153824,0.12987594922729925,class=321:n02276258.pkl:0;n02276258.pkl:1;n02276258.pkl:2|class=18:n01582220.pkl:2;n01582220.pkl:3;n01582220.pkl:13|class=296:n02134084.pkl:1;n02134084.pkl:7;n02134084.pkl:8
convnext,479,479,+,109,80,52,29,0.1315486818464342,0.19283363039476428,0.054656694096491015,0.10612287671327045,0.7560894193033976,0.04376066816370978,class=803:n04252225.pkl:1;n04252225.pkl:3;n04252225.pkl:4|class=103:n01873310.pkl:1;n01873310.pkl:6;n01873310.pkl:17|class=185:n02094114.pkl:0;n02094114.pkl:1;n02094114.pkl:3
convnext,480,480,+,36,15,8,3,0.07335562987627627,0.16237293000588343,0.02158220873739894,0.05662953167991568,0.5364910159485499,0.21902347028531483,class=624:n03661043.pkl:0;n03661043.pkl:12;n03661043.pkl:14|class=480:n02977058.pkl:26;n02977058.pkl:28;n02977058.pkl:30|class=359:n02443484.pkl:27;n02443484.pkl:30;n02443484.pkl:33
convnext,481,481,+,51,23,10,5,0.04817297198205058,0.10023865927812971,0.015609052925762985,0.0373807295232668,0.6469292549802547,0.13206115831963372,class=257:n02111500.pkl:7;n02111500.pkl:10;n02111500.pkl:11|class=822:n04311174.pkl:5;n04311174.pkl:18;n04311174.pkl:19|class=661:n03777568.pkl:4;n03777568.pkl:20;n03777568.pkl:38
convnext,482,482,+,77,47,26,13,0.11700613535900663,0.18451097839738834,0.03122228068616973,0.07653368983731124,0.6914898162552706,0.09102127571267796,class=309:n02206856.pkl:0;n02206856.pkl:3;n02206856.pkl:7|class=402:n02676566.pkl:11;n02676566.pkl:23;n02676566.pkl:29|class=435:n02808440.pkl:0;n02808440.pkl:10;n02808440.pkl:21
convnext,483,483,+,68,36,24,8,0.07722326107385097,0.12725882614941203,0.019087312538930895,0.03734170845340284,0.7375178038503888,0.07099052141949803,class=295:n02133161.pkl:3;n02133161.pkl:5;n02133161.pkl:7|class=453:n02870880.pkl:4;n02870880.pkl:8;n02870880.pkl:12|class=671:n03792782.pkl:6;n03792782.pkl:36;n03792782.pkl:56
convnext,484,484,+,69,40,16,9,0.08268033086796225,0.16452000164887676,0.029522238630853747,0.09838321168469266,0.577304078964286,0.17544399411025727,class=712:n03920288.pkl:0;n03920288.pkl:1;n03920288.pkl:2|class=157:n02086910.pkl:1;n02086910.pkl:7;n02086910.pkl:16|class=197:n02097130.pkl:8;n02097130.pkl:27;n02097130.pkl:31
convnext,486,486,+,71,37,23,8,0.0693034174733873,0.1458015052511423,0.020637276766969827,0.049850651897381006,0.6915083599186304,0.09626685749297982,class=505:n03063689.pkl:0;n03063689.pkl:4;n03063689.pkl:6|class=345:n02403003.pkl:4;n02403003.pkl:6;n02403003.pkl:7|class=494:n03017168.pkl:4;n03017168.pkl:7;n03017168.pkl:8
convnext,487,487,+,53,21,9,3,0.034714963889423245,0.08182058234592847,0.011226353655301682,0.03426001272464086,0.5970062758562203,0.19458814179340134,class=745:n04009552.pkl:4;n04009552.pkl:13;n04009552.pkl:14|class=727:n03956157.pkl:19;n03956157.pkl:44;n03956157.pkl:55|class=658:n03775071.pkl:8;n03775071.pkl:23;n03775071.pkl:51
convnext,488,488,+,2,1,0,0,0.01825178610363204,0.01743479263957975,0.0011842919220959654,0.00036729845804367775,0.9294575832617212,0.5480939758050904,class=741:n03998194.pkl:917;n03998194.pkl:1246|class=123:n01984695.pkl:508
convnext,489,489,+,25,13,9,4,0.08553997483544544,0.15300108497085832,0.0318210347291696,0.08066029956500573,0.5481855435636018,0.29701061297657316,class=980:n09472597.pkl:0;n09472597.pkl:3;n09472597.pkl:4|class=712:n03920288.pkl:4;n03920288.pkl:12;n03920288.pkl:35|class=913:n04606251.pkl:20;n04606251.pkl:29;n04606251.pkl:51
convnext,490,490,+,39,26,17,4,0.09606900395639252,0.1513631099930045,0.03421636643956074,0.08896525947431477,0.6297621865495381,0.1989849066465808,class=759:n04069434.pkl:2;n04069434.pkl:5;n04069434.pkl:7|class=607:n03590841.pkl:3;n03590841.pkl:5;n03590841.pkl:6|class=35:n01667114.pkl:8;n01667114.pkl:9;n01667114.pkl:11
convnext,491,491,+,45,29,14,6,0.10815000890162364,0.2023863194480035,0.038336661523389076,0.09689469250695787,0.5877532835533532,0.1641798989090539,class=682:n03837869.pkl:0;n03837869.pkl:1;n03837869.pkl:2|class=56:n01734418.pkl:6;n01734418.pkl:8;n01734418.pkl:12|class=927:n07613480.pkl:11;n07613480.pkl:15;n07613480.pkl:16
convnext,492,492,+,137,84,59,26,0.09422519736522524,0.1710938528854243,0.04694080295589802,0.1183154640263204,0.702917253653184,0.05367186800362922,class=140:n02027492.pkl:1;n02027492.pkl:3;n02027492.pkl:4|class=736:n03982430.pkl:0;n03982430.pkl:3;n03982430.pkl:4|class=647:n03733805.pkl:2;n03733805.pkl:3;n03733805.pkl:5
convnext,493,493,+,59,29,15,4,0.04237348948053655,0.08490060322652127,0.014922139291643316,0.03143781768771884,0.7125149070650506,0.09217907103527231,class=634:n03697007.pkl:0;n03697007.pkl:3;n03697007.pkl:8|class=938:n07715103.pkl:1;n07715103.pkl:6;n07715103.pkl:10|class=839:n04366367.pkl:2;n04366367.pkl:33;n04366367.pkl:35
convnext,494,494,+,95,61,38,13,0.1086294108391329,0.18996300537027844,0.04505983920091645,0.12813839031850804,0.6502791228590888,0.09565102623694105,class=207:n02099601.pkl:0;n02099601.pkl:1;n02099601.pkl:3|class=403:n02687172.pkl:0;n02687172.pkl:1;n02687172.pkl:2|class=931:n07693725.pkl:1;n07693725.pkl:2;n07693725.pkl:3
convnext,495,495,+,127,97,60,36,0.2165506240480436,0.29918789472494844,0.10695756641171518,0.2322472713251665,0.714999161794961,0.04499970228789778,class=95:n01843065.pkl:0;n01843065.pkl:1;n01843065.pkl:2|class=806:n04254777.pkl:0;n04254777.pkl:1;n04254777.pkl:2|class=251:n02110341.pkl:0;n02110341.pkl:1;n02110341.pkl:2
convnext,497,497,+,74,42,22,10,0.09316503978594481,0.1726187225713682,0.03281753981327178,0.08354865189203665,0.6477987983559731,0.10109960209463463,class=524:n03146219.pkl:0;n03146219.pkl:1;n03146219.pkl:2|class=922:n07565083.pkl:2;n07565083.pkl:4;n07565083.pkl:6|class=689:n03866082.pkl:2;n03866082.pkl:4;n03866082.pkl:6
convnext,498,498,+,67,41,18,3,0.05827215749883785,0.0988298909968964,0.014601164806433647,0.03271883664930748,0.7284542165416705,0.08987093129446366,class=496:n03026506.pkl:0;n03026506.pkl:7;n03026506.pkl:10|class=443:n02834397.pkl:6;n02834397.pkl:26;n02834397.pkl:33|class=428:n02797295.pkl:17;n02797295.pkl:22;n02797295.pkl:25
convnext,499,499,+,27,9,3,0,0.01929393288301999,0.03528112349782141,0.0031880098546595488,0.0037806760027829403,0.8434012767970911,0.08912481689096696,class=620:n03642806.pkl:24;n03642806.pkl:76;n03642806.pkl:109|class=531:n03197337.pkl:222;n03197337.pkl:250;n03197337.pkl:302|class=100:n01860187.pkl:20;n01860187.pkl:39;n01860187.pkl:119
convnext,500,500,+,67,41,27,13,0.14069218338063247,0.23639513448396873,0.06933572634431419,0.1879606678521305,0.6107861051664902,0.12460981187256406,class=353:n02423022.pkl:0;n02423022.pkl:1;n02423022.pkl:2|class=305:n02172182.pkl:0;n02172182.pkl:2;n02172182.pkl:3|class=107:n01910747.pkl:0;n01910747.pkl:1;n01910747.pkl:2
convnext,501,501,+,95,64,37,14,0.11233874790058469,0.19435926332336378,0.049860722959833764,0.13901191027234625,0.6533738201956011,0.09234703164008014,class=149:n02074367.pkl:0;n02074367.pkl:1;n02074367.pkl:2|class=64:n01749939.pkl:1;n01749939.pkl:2;n01749939.pkl:4|class=214:n02101006.pkl:0;n02101006.pkl:3;n02101006.pkl:4
convnext,503,503,+,38,20,11,3,0.08261326567282509,0.16978220299210048,0.027425291960082487,0.10243822787349134,0.4658476644453947,0.39346111041650333,class=829:n04335435.pkl:0;n04335435.pkl:1;n04335435.pkl:2|class=735:n03980874.pkl:0;n03980874.pkl:6;n03980874.pkl:15|class=162:n02088364.pkl:15;n02088364.pkl:21;n02088364.pkl:23
convnext,504,504,+,55,36,22,11,0.12783442467301334,0.20605544997436132,0.03955019622493999,0.08754078091002056,0.670304597331984,0.10725784928769627,class=264:n02113186.pkl:0;n02113186.pkl:1;n02113186.pkl:3|class=916:n06359193.pkl:0;n06359193.pkl:5;n06359193.pkl:11|class=647:n03733805.pkl:5;n03733805.pkl:8;n03733805.pkl:10
convnext,506,506,+,16,7,5,1,0.09047837751682605,0.14691470671668225,0.010214842503634202,0.014921383883149978,0.6969589479884517,0.1958628521160587,class=496:n03026506.pkl:17;n03026506.pkl:27;n03026506.pkl:51|class=768:n04118538.pkl:0;n04118538.pkl:14;n04118538.pkl:27|class=640:n03717622.pkl:10;n03717622.pkl:32;n03717622.pkl:36
convnext,507,507,+,38,22,13,4,0.0888352919338822,0.1531369233550806,0.025286708250585925,0.06086762499831109,0.6253520612326665,0.17879285326236743,class=564:n03388549.pkl:2;n03388549.pkl:3;n03388549.pkl:10|class=169:n02090622.pkl:10;n02090622.pkl:15;n02090622.pkl:17|class=994:n13040303.pkl:0;n13040303.pkl:11;n13040303.pkl:18
convnext,508,508,+,8,5,0,0,0.021156829799232765,0.021642199278619198,0.004429568803944557,0.0029026154885578017,0.8917393641337191,0.1786742674528482,class=987:n12144580.pkl:118;n12144580.pkl:134;n12144580.pkl:163|class=393:n02607072.pkl:217;n02607072.pkl:262;n02607072.pkl:447|class=501:n03045698.pkl:89;n03045698.pkl:216;n03045698.pkl:261
convnext,509,509,+,59,44,27,18,0.20130928333352968,0.26952431557773066,0.07691301726184538,0.14956549473571404,0.7041138911933279,0.08104222844674261,class=789:n04201297.pkl:0;n04201297.pkl:1;n04201297.pkl:2|class=322:n02277742.pkl:0;n02277742.pkl:4;n02277742.pkl:5|class=659:n03775546.pkl:0;n03775546.pkl:13;n03775546.pkl:15
convnext,510,510,+,10,6,3,2,0.0818789175254398,0.12845842235883748,0.024939658987199805,0.04074274751150275,0.5729828970641494,0.36688219656381393,class=386:n02504458.pkl:6;n02504458.pkl:10;n02504458.pkl:13|class=307:n02177972.pkl:20;n02177972.pkl:25;n02177972.pkl:49|class=821:n04311004.pkl:18;n04311004.pkl:38;n04311004.pkl:53
convnext,511,511,+,68,41,27,11,0.1273495695527649,0.20841979065752228,0.044864251518423735,0.1105076698668315,0.6560583678745963,0.10392852393277899,class=962:n07871810.pkl:2;n07871810.pkl:4;n07871810.pkl:5|class=510:n03095699.pkl:1;n03095699.pkl:5;n03095699.pkl:6|class=507:n03075370.pkl:4;n03075370.pkl:11;n03075370.pkl:14
convnext,512,512,+,23,10,6,4,0.1388123639120362,0.2813630547874809,0.07713092499682142,0.19387596688126582,0.4394146211796873,0.3181810304227952,class=640:n03717622.pkl:2;n03717622.pkl:5;n03717622.pkl:6|class=388:n02510455.pkl:1;n02510455.pkl:2;n02510455.pkl:3|class=1:n01443537.pkl:0;n01443537.pkl:1;n01443537.pkl:14
convnext,513,513,+,2,2,1,1,0.18975132833255198,0.10114373339584311,0.026649671823722455,0.02427625410220347,0.2626896166800254,0.9149059119108331,class=57:n01735189.pkl:40;n01735189.pkl:43;n01735189.pkl:51|class=938:n07715103.pkl:36;n07715103.pkl:120;n07715103.pkl:1192
convnext,514,514,+,41,24,10,1,0.053766172971944144,0.08796286632512722,0.008574906738944283,0.013023883079028409,0.7818666438326888,0.08065524219676554,class=835:n04355338.pkl:22;n04355338.pkl:47;n04355338.pkl:99|class=638:n03710637.pkl:0;n03710637.pkl:18;n03710637.pkl:19|class=187:n02094433.pkl:40;n02094433.pkl:57;n02094433.pkl:113
convnext,515,515,+,54,36,23,10,0.13545195441752694,0.22258696409311862,0.06548599254933961,0.17636768397170266,0.5974622293616582,0.15284060683798006,class=736:n03982430.pkl:0;n03982430.pkl:1;n03982430.pkl:2|class=420:n02787622.pkl:0;n02787622.pkl:1;n02787622.pkl:2|class=411:n02730930.pkl:1;n02730930.pkl:3;n02730930.pkl:6
convnext,516,516,+,137,59,31,5,0.026098781187058325,0.05894314464604943,0.01149046088357285,0.028090776325366502,0.7638088818369952,0.0509239264274899,class=180:n02093428.pkl:7;n02093428.pkl:14;n02093428.pkl:16|class=231:n02106030.pkl:5;n02106030.pkl:6;n02106030.pkl:22|class=240:n02107908.pkl:0;n02107908.pkl:1;n02107908.pkl:18
convnext,517,517,+,15,7,5,2,0.06826123337190283,0.11383059959280224,0.020033124430028523,0.03593428167694706,0.5745650437983587,0.2811676559142682,class=205:n02099267.pkl:10;n02099267.pkl:26;n02099267.pkl:32|class=526:n03179701.pkl:28;n03179701.pkl:48;n03179701.pkl:76|class=862:n04456115.pkl:76;n04456115.pkl:88;n04456115.pkl:120
convnext,518,518,+,61,39,25,9,0.10572439449602948,0.17829709738983415,0.039803352520669924,0.10312493963518495,0.6415577007150607,0.12643539161246853,class=685:n03841143.pkl:0;n03841143.pkl:3;n03841143.pkl:4|class=256:n02111277.pkl:3;n02111277.pkl:4;n02111277.pkl:8|class=410:n02727426.pkl:1;n02727426.pkl:2;n02727426.pkl:7
convnext,519,519,+,56,33,19,6,0.09271342168848548,0.1643247742466168,0.03025596239993988,0.07614360852513129,0.6450767355927404,0.13095566725096877,class=176:n02091831.pkl:3;n02091831.pkl:4;n02091831.pkl:5|class=196:n02097047.pkl:19;n02097047.pkl:27;n02097047.pkl:28|class=646:n03733281.pkl:0;n03733281.pkl:3;n03733281.pkl:6
convnext,520,520,+,1,1,0,0,0.024701195219123506,0.0,0.0031872509960159364,0.0,0.0,1.0,class=378:n02492035.pkl:90;n02492035.pkl:92;n02492035.pkl:934
convnext,522,522,+,63,45,28,16,0.18062240913138936,0.24586164500203353,0.08025267923046125,0.16336359457473015,0.6862493144901085,0.0816465127357092,class=869:n04479046.pkl:0;n04479046.pkl:1;n04479046.pkl:2|class=984:n11879895.pkl:0;n11879895.pkl:4;n11879895.pkl:5|class=604:n03544143.pkl:0;n03544143.pkl:4;n03544143.pkl:5
convnext,523,523,+,15,6,3,2,0.05543121234186101,0.10299255430253092,0.010670117628561248,0.020381376732845402,0.5491372644185033,0.3099079913428042,class=40:n01682714.pkl:7;n01682714.pkl:25;n01682714.pkl:32|class=569:n03417042.pkl:78;n03417042.pkl:96;n03417042.pkl:99|class=468:n02930766.pkl:78;n02930766.pkl:121;n02930766.pkl:166
convnext,524,524,+,60,27,12,3,0.04481278188548557,0.08493659813552375,0.009034435377456811,0.017494444546762484,0.7332600866260567,0.07916192019532738,class=774:n04133789.pkl:44;n04133789.pkl:45;n04133789.pkl:46|class=439:n02817516.pkl:17;n02817516.pkl:22;n02817516.pkl:32|class=782:n04152593.pkl:5;n04152593.pkl:15;n04152593.pkl:25
convnext,525,525,+,6,0,0,0,0.0030241291985897982,0.0024730080485873378,0.001186716962574855,0.0007282613021470785,0.9165667276957877,0.22943331176976794,class=536:n03216828.pkl:627;n03216828.pkl:645;n03216828.pkl:1057|class=620:n03642806.pkl:485|class=281:n02123045.pkl:620
convnext,526,526,+,22,11,9,1,0.055763696820846385,0.08667484637749365,0.012070421400517523,0.018561989310447117,0.7420916080551113,0.15294786900180177,class=269:n02114367.pkl:8;n02114367.pkl:13;n02114367.pkl:30|class=308:n02190166.pkl:31;n02190166.pkl:78;n02190166.pkl:88|class=821:n04311004.pkl:11;n04311004.pkl:18;n04311004.pkl:84
convnext,527,527,+,96,62,31,22,0.14747998772865187,0.23498050448070554,0.06087966407752008,0.1462300130043756,0.6755807793139932,0.07051429165579193,class=354:n02437312.pkl:0;n02437312.pkl:1;n02437312.pkl:2|class=807:n04258138.pkl:0;n04258138.pkl:1;n04258138.pkl:2|class=732:n03976467.pkl:1;n03976467.pkl:2;n03976467.pkl:4
convnext,528,528,+,66,42,28,12,0.14306737507981737,0.21090634401673328,0.045539486002698346,0.11843439883416207,0.6524220401955082,0.11763067006009291,class=635:n03706229.pkl:1;n03706229.pkl:2;n03706229.pkl:3|class=758:n04067472.pkl:0;n04067472.pkl:3;n04067472.pkl:4|class=597:n03527444.pkl:2;n03527444.pkl:5;n03527444.pkl:8
convnext,529,529,+,11,4,1,0,0.0223477001153526,0.03783372731090807,0.00265884410987436,0.002992025075102923,0.8058383583262794,0.2060294200155782,class=346:n02408429.pkl:133;n02408429.pkl:193;n02408429.pkl:228|class=610:n03595614.pkl:23;n03595614.pkl:37;n03595614.pkl:609|class=901:n04579145.pkl:208;n04579145.pkl:209;n04579145.pkl:682
convnext,530,530,+,75,43,21,6,0.08428688148438977,0.1773060172458171,0.03331631586125085,0.11305840808411281,0.5635189413904282,0.16687651198215134,class=391:n02536864.pkl:0;n02536864.pkl:1;n02536864.pkl:3|class=682:n03837869.pkl:0;n03837869.pkl:1;n03837869.pkl:2|class=167:n02089973.pkl:4;n02089973.pkl:10;n02089973.pkl:17
convnext,531,531,+,43,26,15,9,0.13157185357077844,0.21369689561575972,0.03488719766581141,0.07655487180922321,0.65830053299411,0.13523699402660921,class=503:n03062245.pkl:0;n03062245.pkl:3;n03062245.pkl:4|class=290:n02128925.pkl:1;n02128925.pkl:3;n02128925.pkl:15|class=862:n04456115.pkl:5;n04456115.pkl:6;n04456115.pkl:17
convnext,532,532,+,102,65,47,25,0.12835722008072759,0.2078829030518739,0.056927618850942885,0.13047925079200068,0.7098151479025536,0.06130741639425231,class=685:n03841143.pkl:0;n03841143.pkl:1;n03841143.pkl:2|class=372:n02486410.pkl:0;n02486410.pkl:2;n02486410.pkl:3|class=5:n01496331.pkl:0;n01496331.pkl:1;n01496331.pkl:2
convnext,533,533,+,5,3,1,0,0.06099663261168148,0.0899732683826527,0.008774024740225695,0.010296853099056287,0.6200361598947984,0.47544907616669796,class=956:n07760859.pkl:34;n07760859.pkl:50;n07760859.pkl:59|class=841:n04370456.pkl:11;n04370456.pkl:25;n04370456.pkl:97|class=449:n02859443.pkl:622;n02859443.pkl:686;n02859443.pkl:935
convnext,534,534,+,85,46,21,12,0.08562941050612938,0.18291356197810504,0.038934744999484426,0.1168134896612384,0.6013636220613134,0.11766383808314168,class=332:n02328150.pkl:0;n02328150.pkl:1;n02328150.pkl:2|class=286:n02125311.pkl:3;n02125311.pkl:5;n02125311.pkl:7|class=850:n04399382.pkl:0;n04399382.pkl:1;n04399382.pkl:2
convnext,535,535,+,66,59,43,32,0.4717501194456837,0.3751782933591557,0.22235855823584624,0.3241969899354196,0.7768090647207647,0.04735970534356818,class=45:n01692333.pkl:0;n01692333.pkl:1;n01692333.pkl:2|class=122:n01983481.pkl:0;n01983481.pkl:1;n01983481.pkl:2|class=538:n03220513.pkl:1;n03220513.pkl:2;n03220513.pkl:3
convnext,536,536,+,78,54,34,12,0.11517907708990702,0.19440095515893904,0.045727336819992054,0.09782864298205492,0.699696867867712,0.07149990933120236,class=948:n07742313.pkl:1;n07742313.pkl:3;n07742313.pkl:4|class=67:n01755581.pkl:3;n01755581.pkl:4;n01755581.pkl:5|class=72:n01773157.pkl:4;n01773157.pkl:5;n01773157.pkl:7
convnext,537,537,+,38,26,15,9,0.14120155465236467,0.21806053503104592,0.04927470574272717,0.1028557155740024,0.6476867627912408,0.14097928690860415,class=688:n03857828.pkl:0;n03857828.pkl:1;n03857828.pkl:3|class=834:n04350905.pkl:1;n04350905.pkl:4;n04350905.pkl:6|class=64:n01749939.pkl:2;n01749939.pkl:10;n01749939.pkl:12
convnext,538,538,+,12,7,3,0,0.06454176322075399,0.08438174313798351,0.0100882038039428,0.012803151291622187,0.7405316312386006,0.21755567588061642,class=984:n11879895.pkl:60;n11879895.pkl:65;n11879895.pkl:107|class=57:n01735189.pkl:45;n01735189.pkl:47;n01735189.pkl:64|class=266:n02113712.pkl:173;n02113712.pkl:178;n02113712.pkl:287
convnext,539,539,+,1,1,0,0,0.04337539432176656,0.0,0.003943217665615142,0.0,0.0,1.0,class=993:n13037406.pkl:546;n13037406.pkl:568;n13037406.pkl:609
convnext,540,540,+,72,43,23,5,0.07550088315563598,0.144606931573704,0.02767862245646785,0.08071024263264508,0.625495386093119,0.1319850731810971,class=520:n03131574.pkl:0;n03131574.pkl:1;n03131574.pkl:3|class=821:n04311004.pkl:0;n04311004.pkl:2;n04311004.pkl:9|class=952:n07753113.pkl:0;n07753113.pkl:1;n07753113.pkl:4
convnext,542,542,+,3,3,1,0,0.22426119830450228,0.07694704439863184,0.009280231497392684,0.00808825501424007,0.6705368881392679,0.5865374700813604,class=916:n06359193.pkl:134;n06359193.pkl:143;n06359193.pkl:187|class=919:n06794110.pkl:397;n06794110.pkl:445;n06794110.pkl:1092|class=655:n03770439.pkl:175;n03770439.pkl:531;n03770439.pkl:559
convnext,543,543,+,95,65,35,19,0.12495087068899705,0.21952890663995253,0.05760764128573063,0.14285880976724477,0.6664289485774695,0.07525999068421867,class=68:n01756291.pkl:0;n01756291.pkl:1;n01756291.pkl:2|class=808:n04259630.pkl:0;n04259630.pkl:2;n04259630.pkl:3|class=756:n04049303.pkl:2;n04049303.pkl:3;n04049303.pkl:6
convnext,544,544,+,3,1,0,0,0.013089165784847125,0.016852775200385244,0.0018584727809771995,0.0015233750448375128,0.7167736083385216,0.5572982585176292,class=864:n04461696.pkl:188;n04461696.pkl:299;n04461696.pkl:506|class=213:n02100877.pkl:983|class=959:n07831146.pkl:1013
convnext,546,546,+,1,1,1,0,0.17776037588097102,0.0,0.0274079874706343,0.0,0.0,1.0,class=106:n01883070.pkl:64;n01883070.pkl:96;n01883070.pkl:158
convnext,547,547,+,1,0,0,0,0.0007739938080495357,0.0,0.0007739938080495357,0.0,0.0,1.0,class=133:n02011460.pkl:448
convnext,548,548,+,188,123,88,42,0.1378293185720771,0.22066983953309935,0.06537878454938063,0.14460638519394411,0.7489686076439335,0.031341312711526445,class=352:n02422699.pkl:0;n02422699.pkl:3;n02422699.pkl:4|class=343:n02397096.pkl:0;n02397096.pkl:1;n02397096.pkl:2|class=90:n01820546.pkl:2;n01820546.pkl:4;n01820546.pkl:6
convnext,549,549,+,58,35,18,3,0.04672941847296163,0.10236592642754226,0.01500878642691281,0.03990640894229909,0.6748981235861482,0.13913083802153897,class=234:n02106550.pkl:3;n02106550.pkl:8;n02106550.pkl:9|class=608:n03594734.pkl:12;n03594734.pkl:19;n03594734.pkl:32|class=11:n01531178.pkl:3;n01531178.pkl:20;n01531178.pkl:44
convnext,550,550,+,10,2,1,0,0.022983722478433347,0.053497506190591036,0.003558696290350088,0.006382674764591471,0.5972779636544088,0.42167964363096266,class=483:n02980441.pkl:69;n02980441.pkl:77;n02980441.pkl:82|class=167:n02089973.pkl:258;n02089973.pkl:352;n02089973.pkl:729|class=892:n04548280.pkl:320;n04548280.pkl:576
convnext,551,551,+,57,36,17,5,0.06920076320020985,0.13819201620475802,0.026151796617511956,0.08083899599239228,0.5876740808379092,0.18517855371312572,class=965:n07880968.pkl:1;n07880968.pkl:3;n07880968.pkl:4|class=870:n04482393.pkl:1;n04482393.pkl:2;n04482393.pkl:13|class=611:n03598930.pkl:0;n03598930.pkl:1;n03598930.pkl:4
convnext,552,552,+,85,58,39,25,0.14311050266350595,0.2029525176892517,0.06047815046908205,0.1221012080511701,0.7297126760676331,0.0597186125339877,class=780:n04147183.pkl:0;n04147183.pkl:3;n04147183.pkl:4|class=525:n03160309.pkl:3;n03160309.pkl:5;n03160309.pkl:6|class=79:n01784675.pkl:4;n01784675.pkl:6;n01784675.pkl:7
convnext,554,554,+,58,30,19,7,0.09829285704729314,0.1799232000657571,0.027479164430225606,0.07147199581573094,0.6385967799005866,0.13387849734199325,class=311:n02226429.pkl:1;n02226429.pkl:5;n02226429.pkl:8|class=483:n02980441.pkl:5;n02980441.pkl:7;n02980441.pkl:8|class=888:n04532670.pkl:0;n04532670.pkl:6;n04532670.pkl:7
convnext,555,555,+,1,1,0,0,0.013878180416345412,0.0,0.004626060138781804,0.0,0.0,1.0,class=832:n04346328.pkl:42;n04346328.pkl:323;n04346328.pkl:367
convnext,556,556,+,31,20,13,8,0.14370331879955997,0.1872251660567165,0.048811263669616314,0.09302419621902436,0.6670191287106183,0.1494209492306543,class=366:n02480855.pkl:1;n02480855.pkl:2;n02480855.pkl:3|class=115:n01950731.pkl:0;n01950731.pkl:3;n01950731.pkl:5|class=750:n04033995.pkl:0;n04033995.pkl:1;n04033995.pkl:2
convnext,557,557,+,74,55,33,19,0.18507146016088857,0.26589535814431065,0.08470024142798081,0.16724814080041256,0.708353397701561,0.06620271067062418,class=953:n07753275.pkl:0;n07753275.pkl:1;n07753275.pkl:2|class=575:n03445924.pkl:0;n03445924.pkl:1;n03445924.pkl:3|class=926:n07590611.pkl:0;n07590611.pkl:2;n07590611.pkl:5
convnext,558,558,+,107,63,39,17,0.11002720037166261,0.20481968382010446,0.0453177361853326,0.11880611753675176,0.6584022478615793,0.07357867755089785,class=853:n04417672.pkl:1;n04417672.pkl:4;n04417672.pkl:5|class=497:n03028079.pkl:0;n03028079.pkl:1;n03028079.pkl:3|class=79:n01784675.pkl:0;n01784675.pkl:1;n01784675.pkl:3
convnext,559,559,+,73,39,18,6,0.06690537004274194,0.1555602261327968,0.029790178845696236,0.10915399185778961,0.5559729424480159,0.19761067134819196,class=343:n02397096.pkl:0;n02397096.pkl:1;n02397096.pkl:2|class=407:n02701002.pkl:4;n02701002.pkl:6;n02701002.pkl:8|class=348:n02412080.pkl:2;n02412080.pkl:4;n02412080.pkl:20
convnext,560,560,+,10,6,4,3,0.12695493950271877,0.1788490187729819,0.046893001364518926,0.08403717013755574,0.5120288720532052,0.42116394082547426,class=425:n02793495.pkl:2;n02793495.pkl:4;n02793495.pkl:6|class=996:n13052670.pkl:21;n13052670.pkl:26;n13052670.pkl:57|class=56:n01734418.pkl:18;n01734418.pkl:27;n01734418.pkl:61
convnext,561,561,+,104,69,42,21,0.13544993927523888,0.21866527050900345,0.06284607478200151,0.1499285969902313,0.6859390228737806,0.06433956917239828,class=755:n04044716.pkl:0;n04044716.pkl:1;n04044716.pkl:2|class=160:n02088094.pkl:0;n02088094.pkl:1;n02088094.pkl:2|class=660:n03776460.pkl:0;n03776460.pkl:1;n03776460.pkl:2
convnext,562,562,+,85,70,56,47,0.526249523825365,0.40297507712680514,0.3107314469039996,0.36095206788190465,0.8363869402003508,0.027639559454125672,class=392:n02606052.pkl:0;n02606052.pkl:1;n02606052.pkl:2|class=127:n02002556.pkl:0;n02002556.pkl:1;n02002556.pkl:2|class=339:n02389026.pkl:0;n02389026.pkl:2;n02389026.pkl:3
convnext,563,563,+,74,48,28,13,0.09341281886598725,0.15911227120501423,0.03509100146852028,0.07863227960336804,0.7039287933417302,0.081367987373558,class=420:n02787622.pkl:0;n02787622.pkl:9;n02787622.pkl:13|class=451:n02865351.pkl:0;n02865351.pkl:3;n02865351.pkl:6|class=847:n04389033.pkl:1;n04389033.pkl:4;n04389033.pkl:7
convnext,564,564,+,59,31,13,4,0.052013185645084115,0.1105190610654231,0.0174275081082449,0.05411363879933742,0.5938432243994518,0.18036376124382017,class=462:n02906734.pkl:0;n02906734.pkl:2;n02906734.pkl:5|class=333:n02342885.pkl:0;n02342885.pkl:20;n02342885.pkl:28|class=987:n12144580.pkl:8;n12144580.pkl:11;n12144580.pkl:15
convnext,565,565,+,9,5,3,1,0.13829591690705034,0.259279318771978,0.07979231357210849,0.20625867629287278,0.17622621964376253,0.8535484883677279,class=719:n03935335.pkl:1;n03935335.pkl:3;n03935335.pkl:4|class=49:n01697457.pkl:15;n01697457.pkl:51;n01697457.pkl:120|class=562:n03388043.pkl:31;n03388043.pkl:122;n03388043.pkl:167
convnext,566,566,+,113,83,50,30,0.13739602036944037,0.18659647191997156,0.045358865631700496,0.08563419539813945,0.7720461073366097,0.0403917320093141,class=29:n01632777.pkl:2;n01632777.pkl:4;n01632777.pkl:5|class=832:n04346328.pkl:0;n04346328.pkl:1;n04346328.pkl:4|class=816:n04277352.pkl:1;n04277352.pkl:16;n04277352.pkl:18
convnext,567,567,+,17,10,3,2,0.07797902042518129,0.14460216669301043,0.022945442007427947,0.05980781265115922,0.45759465297497537,0.45846823228548655,class=10:n01530575.pkl:0;n01530575.pkl:5;n01530575.pkl:7|class=685:n03841143.pkl:5;n03841143.pkl:21;n03841143.pkl:24|class=25:n01629819.pkl:100;n01629819.pkl:102;n01629819.pkl:117
convnext,568,568,+,256,198,168,96,0.19177720528539016,0.24412993342482836,0.10042523630685787,0.17709016287227725,0.8195858376003284,0.016053086471301693,class=579:n03452741.pkl:0;n03452741.pkl:1;n03452741.pkl:2|class=992:n12998815.pkl:0;n12998815.pkl:1;n12998815.pkl:2|class=366:n02480855.pkl:0;n02480855.pkl:2;n02480855.pkl:3
convnext,569,569,+,16,10,5,2,0.14702021006666266,0.24401003444155775,0.04874983976773241,0.13515895344487028,0.3718246431664673,0.5429224269198698,class=727:n03956157.pkl:0;n03956157.pkl:1;n03956157.pkl:6|class=247:n02109525.pkl:4;n02109525.pkl:7;n02109525.pkl:12|class=922:n07565083.pkl:58;n07565083.pkl:60;n07565083.pkl:149
convnext,570,570,+,29,14,10,2,0.0732087152780731,0.13269812606669107,0.01626370748346529,0.03485477698546165,0.6686222570602265,0.19285808015446712,class=981:n09835506.pkl:1;n09835506.pkl:2;n09835506.pkl:4|class=872:n04485082.pkl:11;n04485082.pkl:20;n04485082.pkl:43|class=417:n02782093.pkl:34;n02782093.pkl:63;n02782093.pkl:90
convnext,571,571,+,35,17,10,1,0.04474883713344145,0.06295424067413459,0.009078198496836708,0.014600422560841925,0.765064017820964,0.1024746648846307,class=139:n02025239.pkl:3;n02025239.pkl:27;n02025239.pkl:30|class=663:n03781244.pkl:40;n03781244.pkl:80;n03781244.pkl:85|class=720:n03937543.pkl:82;n03937543.pkl:103;n03937543.pkl:165
convnext,572,572,+,3,2,0,0,0.017628998464869514,0.006390556238477186,0.0024147023761387533,0.0013493840039450681,0.8470357297829066,0.43742660087804264,class=780:n04147183.pkl:181;n04147183.pkl:573;n04147183.pkl:739|class=785:n04162706.pkl:112;n04162706.pkl:986;n04162706.pkl:1261|class=532:n03201208.pkl:1228
convnext,573,573,+,53,28,16,5,0.06169147514727485,0.10745422228311449,0.01737618119881346,0.04005268500751273,0.6819191478436073,0.11911661937588988,class=607:n03590841.pkl:7;n03590841.pkl:9;n03590841.pkl:12|class=878:n04505470.pkl:6;n04505470.pkl:31;n04505470.pkl:33|class=436:n02814533.pkl:17;n02814533.pkl:54;n02814533.pkl:79
convnext,574,574,+,139,65,46,16,0.0642601969672701,0.13176130602769034,0.02327728627988871,0.05578179011695753,0.7301049623575295,0.048509020235555214,class=723:n03944341.pkl:0;n03944341.pkl:2;n03944341.pkl:4|class=874:n04487081.pkl:0;n04487081.pkl:1;n04487081.pkl:5|class=489:n03000134.pkl:3;n03000134.pkl:4;n03000134.pkl:9
convnext,575,575,+,30,12,9,4,0.058048631355525446,0.10331434256696982,0.017828182810500436,0.03244164536769746,0.6715078133784727,0.14370823583700773,class=916:n06359193.pkl:12;n06359193.pkl:26;n06359193.pkl:33|class=952:n07753113.pkl:8;n07753113.pkl:9;n07753113.pkl:24|class=199:n02097298.pkl:14;n02097298.pkl:20;n02097298.pkl:29
convnext,576,576,+,19,11,3,0,0.05265000635279398,0.07949968210342358,0.006976368964228214,0.0085128434940539,0.803696455330333,0.13099922726180402,class=281:n02123045.pkl:9;n02123045.pkl:12;n02123045.pkl:71|class=692:n03871628.pkl:48;n03871628.pkl:58;n03871628.pkl:148|class=968:n07930864.pkl:18;n07930864.pkl:66;n07930864.pkl:121
convnext,577,577,+,84,49,34,22,0.1466487395728513,0.22691040193923806,0.06446024123283012,0.13552206719532361,0.7010405675783298,0.06452549523358894,class=416:n02777292.pkl:0;n02777292.pkl:1;n02777292.pkl:2|class=514:n03124043.pkl:1;n03124043.pkl:2;n03124043.pkl:3|class=107:n01910747.pkl:1;n01910747.pkl:3;n01910747.pkl:7
convnext,578,578,+,24,9,5,1,0.050308144121343136,0.13303735921679757,0.029504662877244944,0.11475570459363893,0.28280460678079794,0.6719793011648969,class=548:n03290653.pkl:1;n03290653.pkl:3;n03290653.pkl:6|class=291:n02129165.pkl:37;n02129165.pkl:40;n02129165.pkl:58|class=222:n02104029.pkl:61;n02104029.pkl:70;n02104029.pkl:77
convnext,579,579,+,1,1,0,0,0.012412723041117145,0.0,0.0007757951900698216,0.0,0.0,1.0,class=959:n07831146.pkl:109
convnext,580,580,+,3,2,1,0,0.06197349556077956,0.07186178613696305,0.004369941671937117,0.0045491880729137246,0.5278818798235065,0.6945728466394893,class=384:n02500267.pkl:110;n02500267.pkl:540;n02500267.pkl:562|class=476:n02966193.pkl:189;n02966193.pkl:830|class=399:n02667093.pkl:1010
convnext,581,581,+,41,20,10,4,0.09489567724572084,0.22055236702940698,0.05461516367906247,0.1696443479109587,0.45139050242670875,0.25971545318651185,class=0:n01440764.pkl:0;n01440764.pkl:1;n01440764.pkl:2|class=943:n07718472.pkl:0;n07718472.pkl:2;n07718472.pkl:4|class=322:n02277742.pkl:0;n02277742.pkl:1;n02277742.pkl:2
convnext,582,582,+,71,39,23,11,0.1085580774744198,0.2053106587032173,0.04271375963289981,0.10194919844836245,0.6482947194709442,0.09432132253339763,class=245:n02108915.pkl:1;n02108915.pkl:4;n02108915.pkl:7|class=14:n01537544.pkl:0;n01537544.pkl:2;n01537544.pkl:4|class=250:n02110185.pkl:3;n02110185.pkl:8;n02110185.pkl:9
convnext,583,583,+,88,49,33,11,0.09442973663345837,0.1785550620269954,0.0365807136716547,0.12201851181019123,0.6115068275481008,0.13779779630844266,class=175:n02091635.pkl:0;n02091635.pkl:1;n02091635.pkl:2|class=271:n02114712.pkl:5;n02114712.pkl:7;n02114712.pkl:8|class=592:n03492542.pkl:1;n03492542.pkl:2;n03492542.pkl:4
convnext,584,584,+,2,0,0,0,0.0035958896388779923,0.002788787136860236,0.0008025935494925173,4.508952525238824e-06,0.9999772329467532,0.5000157808357532,class=459:n02892767.pkl:1136|class=627:n03670208.pkl:302
convnext,585,585,+,41,33,19,8,0.27508817258177226,0.3093453136649248,0.09019146661239609,0.21811662086010758,0.5743638466975667,0.16703728472277013,class=495:n03018349.pkl:0;n03018349.pkl:1;n03018349.pkl:2|class=950:n07747607.pkl:0;n07747607.pkl:1;n07747607.pkl:2|class=269:n02114367.pkl:1;n02114367.pkl:3;n02114367.pkl:4
convnext,586,586,+,57,50,35,27,0.48400400088558987,0.3722046605313969,0.20041465551300522,0.2657199561852389,0.7927717483764716,0.04838387144810025,class=959:n07831146.pkl:0;n07831146.pkl:1;n07831146.pkl:2|class=366:n02480855.pkl:0;n02480855.pkl:1;n02480855.pkl:2|class=65:n01751748.pkl:1;n01751748.pkl:2;n01751748.pkl:3
convnext,587,587,+,10,4,0,0,0.010602429813133519,0.010429110022248602,0.0016784964609362074,0.0012188657025679502,0.9057135717435746,0.1527315884117686,class=941:n07717410.pkl:14;n07717410.pkl:105;n07717410.pkl:136|class=607:n03590841.pkl:219;n03590841.pkl:298;n03590841.pkl:553|class=400:n02669723.pkl:655;n02669723.pkl:1180
convnext,588,588,+,11,5,2,2,0.09026801061384612,0.16938327216317528,0.026100849371402123,0.06283159123703513,0.3309923701881832,0.6177192619956163,class=963:n07873807.pkl:1;n07873807.pkl:4;n07873807.pkl:13|class=698:n03877845.pkl:9;n03877845.pkl:14;n03877845.pkl:40|class=503:n03062245.pkl:609;n03062245.pkl:763;n03062245.pkl:820
convnext,589,589,+,18,7,3,0,0.024163077848582,0.04062299310472482,0.0070337233342993915,0.01207799990832767,0.6781484927837484,0.2193680318505585,class=800:n04243546.pkl:3;n04243546.pkl:32;n04243546.pkl:145|class=335:n02356798.pkl:61;n02356798.pkl:126;n02356798.pkl:150|class=496:n03026506.pkl:4;n03026506.pkl:91;n03026506.pkl:96
convnext,590,590,+,38,19,10,4,0.08031090229372437,0.16364097987960308,0.023596955101104003,0.079328667760015,0.500206611768619,0.323732107410668,class=295:n02133161.pkl:1;n02133161.pkl:2;n02133161.pkl:3|class=256:n02111277.pkl:14;n02111277.pkl:16;n02111277.pkl:44|class=490:n03000247.pkl:6;n03000247.pkl:52;n03000247.pkl:60
convnext,591,591,+,4,3,1,0,0.06283910699533916,0.08804951040498034,0.006052021865367568,0.006027237804980527,0.6940222554259668,0.4979566074393927,class=721:n03938244.pkl:8;n03938244.pkl:26;n03938244.pkl:68|class=430:n02802426.pkl:401;n02802426.pkl:457;n02802426.pkl:764|class=518:n03127747.pkl:135;n03127747.pkl:809;n03127747.pkl:1057
convnext,592,592,+,3,1,1,0,0.0699220395332703,0.09371965419468403,0.010874384427005458,0.01286661439910277,0.3677697328092766,0.7999905139563964,class=518:n03127747.pkl:63;n03127747.pkl:67;n03127747.pkl:81|class=817:n04285008.pkl:207;n04285008.pkl:507;n04285008.pkl:850|class=329:n02321529.pkl:985
convnext,593,593,+,40,24,16,7,0.1508360289915815,0.24756291318183163,0.055861319453874715,0.12896367075720142,0.6181997479954243,0.15824545428215595,class=434:n02808304.pkl:0;n02808304.pkl:1;n02808304.pkl:2|class=914:n04612504.pkl:3;n04612504.pkl:6;n04612504.pkl:7|class=871:n04483307.pkl:5;n04483307.pkl:9;n04483307.pkl:13
convnext,594,594,+,37,21,10,2,0.04059495724727211,0.0674552349456587,0.012378130429109483,0.028199189390820504,0.6601697956038062,0.16729593485946656,class=178:n02092339.pkl:6;n02092339.pkl:8;n02092339.pkl:15|class=598:n03529860.pkl:8;n03529860.pkl:17;n03529860.pkl:34|class=399:n02667093.pkl:3;n02667093.pkl:4;n02667093.pkl:7
convnext,595,595,+,6,4,0,0,0.012806638473751504,0.010715530662420487,0.0028573221010183697,0.0023541596228916157,0.8442967961745408,0.27980301632820354,class=78:n01776313.pkl:62;n01776313.pkl:721;n01776313.pkl:845|class=930:n07684084.pkl:327;n07684084.pkl:592;n07684084.pkl:1086|class=250:n02110185.pkl:256;n02110185.pkl:283
convnext,596,596,+,1,1,0,0,0.024294670846394983,0.0,0.0007836990595611285,0.0,0.0,1.0,class=140:n02027492.pkl:878
convnext,597,597,+,38,22,10,6,0.09408621670321875,0.16648194230350008,0.0336114212769874,0.08220691383649206,0.5848927632744937,0.18373558280058172,class=154:n02086079.pkl:2;n02086079.pkl:5;n02086079.pkl:7|class=999:n15075141.pkl:0;n15075141.pkl:3;n15075141.pkl:9|class=322:n02277742.pkl:10;n02277742.pkl:14;n02277742.pkl:26
convnext,598,598,+,1,1,1,0,0.11236863379143087,0.0,0.012126111560226353,0.0,0.0,1.0,class=61:n01742172.pkl:78;n01742172.pkl:228;n01742172.pkl:310
convnext,599,599,+,67,35,19,7,0.07918350850523113,0.15923723708488677,0.023731998487986083,0.06901488144345325,0.621986976727387,0.14114941008553658,class=957:n07768694.pkl:0;n07768694.pkl:2;n07768694.pkl:5|class=713:n03924679.pkl:1;n03924679.pkl:26;n03924679.pkl:37|class=479:n02974003.pkl:16;n02974003.pkl:17;n02974003.pkl:18
convnext,602,602,+,24,13,4,1,0.050231471524001,0.12703104981592941,0.02390766542688864,0.08810998702584018,0.3444212645227928,0.6075992432965788,class=2:n01484850.pkl:0;n01484850.pkl:1;n01484850.pkl:4|class=887:n04532106.pkl:7;n04532106.pkl:50;n04532106.pkl:184|class=605:n03584254.pkl:46;n03584254.pkl:72;n03584254.pkl:83
convnext,603,603,+,23,12,5,0,0.03810810456678587,0.049177837766795726,0.00791148132993112,0.01182320027194854,0.7524009710803384,0.14057991789284208,class=183:n02093859.pkl:0;n02093859.pkl:48;n02093859.pkl:106|class=904:n04589890.pkl:28;n04589890.pkl:46;n04589890.pkl:47|class=59:n01739381.pkl:12;n01739381.pkl:47;n01739381.pkl:81
convnext,604,604,+,12,6,4,2,0.12988558111417742,0.22272864930011102,0.05830807320409637,0.1517561448762667,0.31300307434707275,0.6478203326607544,class=3:n01491361.pkl:0;n01491361.pkl:1;n01491361.pkl:2|class=481:n02978881.pkl:2;n02978881.pkl:29;n02978881.pkl:30|class=866:n04465501.pkl:46;n04465501.pkl:85;n04465501.pkl:116
convnext,605,605,+,3,0,0,0,0.002879558399351884,0.0019074071787964682,0.0010463828722663243,0.0003502032058124295,0.9517998572553821,0.37067018852825784,class=430:n02802426.pkl:781;n02802426.pkl:1207|class=917:n06596364.pkl:1227|class=687:n03854065.pkl:11
convnext,607,607,+,119,62,38,18,0.09348967009632787,0.18237621398141665,0.03702650757498608,0.10324245281170297,0.6672623266886811,0.07373810112185653,class=195:n02096585.pkl:1;n02096585.pkl:5;n02096585.pkl:6|class=986:n12057211.pkl:0;n12057211.pkl:2;n12057211.pkl:7|class=143:n02037110.pkl:0;n02037110.pkl:1;n02037110.pkl:4
convnext,608,608,+,53,31,18,5,0.09619030820799017,0.16139877412792164,0.02894278994178883,0.07938899491853338,0.6266004149775442,0.16082725831960396,class=437:n02814860.pkl:2;n02814860.pkl:3;n02814860.pkl:4|class=67:n01755581.pkl:2;n01755581.pkl:13;n01755581.pkl:20|class=634:n03697007.pkl:5;n03697007.pkl:12;n03697007.pkl:20
convnext,610,610,+,45,22,17,5,0.0845153766955562,0.14993832595229145,0.02954541273620933,0.07223115104987078,0.6230563352719523,0.1550400689444659,class=39:n01677366.pkl:0;n01677366.pkl:2;n01677366.pkl:5|class=279:n02120079.pkl:2;n02120079.pkl:10;n02120079.pkl:12|class=17:n01580077.pkl:2;n01580077.pkl:10;n01580077.pkl:14
convnext,612,612,+,3,1,1,0,0.04337924599953316,0.060247794647815864,0.006973359090160586,0.008762096058291036,0.2878703481035723,0.8596058687946331,class=687:n03854065.pkl:93;n03854065.pkl:135;n03854065.pkl:160|class=568:n03404251.pkl:123|class=137:n02018207.pkl:687
convnext,613,613,+,30,17,9,4,0.08779287880614516,0.16347726932139872,0.023646525919267296,0.04529493987482513,0.6483263975858976,0.1556381135135017,class=169:n02090622.pkl:1;n02090622.pkl:13;n02090622.pkl:21|class=640:n03717622.pkl:0;n03717622.pkl:4;n03717622.pkl:34|class=849:n04398044.pkl:0;n04398044.pkl:2;n04398044.pkl:16
convnext,614,614,+,92,63,44,21,0.13524476579450023,0.19298277280789058,0.05152740879582547,0.12570005355635386,0.7048098149633721,0.075554998507245,class=773:n04131690.pkl:1;n04131690.pkl:2;n04131690.pkl:4|class=307:n02177972.pkl:0;n02177972.pkl:1;n02177972.pkl:4|class=953:n07753275.pkl:0;n07753275.pkl:2;n07753275.pkl:5
convnext,615,615,+,77,48,31,12,0.1225192774280168,0.2107514341604096,0.05957104703497033,0.15314738695140234,0.642426960922829,0.0988207438881946,class=383:n02497673.pkl:0;n02497673.pkl:2;n02497673.pkl:3|class=416:n02777292.pkl:1;n02777292.pkl:3;n02777292.pkl:4|class=392:n02606052.pkl:0;n02606052.pkl:1;n02606052.pkl:3
convnext,616,616,+,9,4,1,1,0.05228585636597052,0.09044194505507785,0.008964077326380228,0.01872408036891328,0.44358259485262136,0.5958940143988074,class=501:n03045698.pkl:4;n03045698.pkl:5;n03045698.pkl:6|class=976:n09399592.pkl:398;n09399592.pkl:433;n09399592.pkl:519|class=335:n02356798.pkl:488;n02356798.pkl:749;n02356798.pkl:831
convnext,618,618,+,49,23,11,5,0.059573640459234106,0.10806345124147741,0.01626682990748088,0.03498107448480952,0.6835007390238692,0.11478477019303031,class=91:n01824575.pkl:2;n01824575.pkl:5;n01824575.pkl:12|class=496:n03026506.pkl:12;n03026506.pkl:13;n03026506.pkl:28|class=605:n03584254.pkl:12;n03584254.pkl:22;n03584254.pkl:32
convnext,619,619,+,4,2,0,0,0.0134169802670233,0.015097880707577392,0.0027323237903362795,0.002531567716552533,0.7226175870733718,0.4646123841081484,class=945:n07720875.pkl:12;n07720875.pkl:30;n07720875.pkl:273|class=405:n02692877.pkl:609;n02692877.pkl:1124;n02692877.pkl:1275|class=54:n01729322.pkl:174
convnext,620,620,+,7,5,3,0,0.053216687043087525,0.04931693554410355,0.006984488162461301,0.005827338438084369,0.78864208462307,0.242299926320931,class=152:n02085782.pkl:36;n02085782.pkl:45;n02085782.pkl:267|class=270:n02114548.pkl:53;n02114548.pkl:83;n02114548.pkl:94|class=504:n03063599.pkl:3;n03063599.pkl:32;n03063599.pkl:228
convnext,622,622,+,63,38,26,16,0.13924661322924048,0.22621859859374613,0.06543582085980165,0.1643755071087736,0.6369959075799381,0.11603491543157694,class=10:n01530575.pkl:0;n01530575.pkl:1;n01530575.pkl:2|class=821:n04311004.pkl:0;n04311004.pkl:1;n04311004.pkl:2|class=840:n04367480.pkl:2;n04367480.pkl:3;n04367480.pkl:4
convnext,623,623,+,62,34,14,8,0.07615989076932855,0.15366696288211265,0.029934926563673737,0.10229279805421898,0.561584992964778,0.20446880096666833,class=869:n04479046.pkl:0;n04479046.pkl:1;n04479046.pkl:2|class=9:n01518878.pkl:4;n01518878.pkl:13;n01518878.pkl:22|class=501:n03045698.pkl:7;n03045698.pkl:16;n03045698.pkl:20
convnext,624,624,+,17,9,2,0,0.04596941105825322,0.0700007170731084,0.003984410584465497,0.005893093462647901,0.7358599305938569,0.18750308911825647,class=435:n02808440.pkl:72;n02808440.pkl:86;n02808440.pkl:92|class=928:n07614500.pkl:41;n07614500.pkl:46;n07614500.pkl:62|class=825:n04326547.pkl:185;n04326547.pkl:440;n04326547.pkl:707
convnext,625,625,+,92,62,40,23,0.14724618617141647,0.2280203075260955,0.07442759359952714,0.177267648221787,0.6786155426419999,0.07252951739840693,class=152:n02085782.pkl:1;n02085782.pkl:3;n02085782.pkl:4|class=206:n02099429.pkl:0;n02099429.pkl:1;n02099429.pkl:2|class=22:n01614925.pkl:0;n01614925.pkl:2;n01614925.pkl:3
convnext,626,626,+,79,46,27,11,0.09964623111295406,0.1990072764878673,0.044497298574729664,0.12319087779229318,0.6092753721822446,0.10967855095816478,class=571:n03425413.pkl:1;n03425413.pkl:4;n03425413.pkl:6|class=604:n03544143.pkl:0;n03544143.pkl:1;n03544143.pkl:2|class=591:n03485794.pkl:0;n03485794.pkl:1;n03485794.pkl:7
convnext,627,627,+,5,1,1,1,0.14749948649482653,0.28863342350260013,0.08192193936628862,0.15989121538315693,0.07340420880265125,0.9618662817306405,class=339:n02389026.pkl:0;n02389026.pkl:4;n02389026.pkl:7|class=555:n03345487.pkl:289;n03345487.pkl:317;n03345487.pkl:594|class=236:n02107142.pkl:169;n02107142.pkl:187;n02107142.pkl:964
convnext,628,628,+,3,1,0,0,0.011680291754712488,0.004947441568645205,0.0013061615698042005,0.00037704549641811067,0.9585253171933624,0.36110950946567166,class=406:n02699494.pkl:148;n02699494.pkl:372|class=918:n06785654.pkl:586;n06785654.pkl:931|class=289:n02128757.pkl:883
convnext,629,629,+,46,26,15,5,0.09129200361405783,0.14907728845197457,0.017548201434363003,0.039027557194537085,0.6859447828243558,0.12926666396109804,class=27:n01631663.pkl:1;n01631663.pkl:4;n01631663.pkl:22|class=815:n04275548.pkl:19;n04275548.pkl:23;n04275548.pkl:45|class=448:n02843684.pkl:17;n02843684.pkl:57;n02843684.pkl:63
convnext,630,630,+,70,47,29,14,0.15271881632745285,0.21943978460154295,0.05636754536760417,0.11877186043512639,0.6986964491967127,0.07771222679198321,class=6:n01498041.pkl:0;n01498041.pkl:1;n01498041.pkl:2|class=30:n01641577.pkl:6;n01641577.pkl:8;n01641577.pkl:10|class=606:n03584829.pkl:0;n03584829.pkl:1;n03584829.pkl:2
convnext,631,631,+,31,18,11,4,0.08676845502313826,0.13260599785359778,0.02837062187787817,0.05240866536131271,0.6680683378899175,0.14233765247811214,class=614:n03617480.pkl:0;n03617480.pkl:13;n03617480.pkl:14|class=628:n03673027.pkl:27;n03673027.pkl:30;n03673027.pkl:33|class=783:n04153751.pkl:1;n04153751.pkl:2;n04153751.pkl:8
convnext,632,632,+,85,73,59,47,0.5264224409195475,0.3761610269781033,0.2625727396964193,0.33250487279057367,0.8242838450171147,0.030630619056650505,class=547:n03272562.pkl:0;n03272562.pkl:1;n03272562.pkl:2|class=105:n01882714.pkl:0;n01882714.pkl:1;n01882714.pkl:2|class=340:n02391049.pkl:0;n02391049.pkl:1;n02391049.pkl:2
convnext,633,633,+,16,10,3,0,0.022199152528328034,0.02368707754608732,0.005148577570424499,0.005939221841569548,0.7876919581554358,0.14566959588014056,class=16:n01560419.pkl:37;n01560419.pkl:142;n01560419.pkl:165|class=887:n04532106.pkl:240;n04532106.pkl:332;n04532106.pkl:337|class=69:n01768244.pkl:273;n01768244.pkl:340;n01768244.pkl:347
convnext,634,634,+,43,23,15,11,0.14208351268886463,0.2241740430950997,0.04421626503776218,0.07936153402912727,0.683272771410587,0.09817404990458564,class=533:n03207743.pkl:1;n03207743.pkl:3;n03207743.pkl:6|class=971:n09229709.pkl:3;n09229709.pkl:18;n09229709.pkl:19|class=758:n04067472.pkl:1;n04067472.pkl:2;n04067472.pkl:7
convnext,635,635,+,36,19,8,1,0.049270028047110316,0.07024591043023087,0.007887310288082419,0.013766271556150561,0.7651029159447238,0.11239763944591083,class=161:n02088238.pkl:2;n02088238.pkl:26;n02088238.pkl:29|class=989:n12620546.pkl:90;n12620546.pkl:256;n12620546.pkl:267|class=252:n02110627.pkl:11;n02110627.pkl:20;n02110627.pkl:72
convnext,637,637,+,88,46,23,9,0.07775717020667204,0.1756121824181928,0.035754357439237244,0.1168031553067752,0.5666615342793432,0.13263786547031,class=114:n01945685.pkl:0;n01945685.pkl:1;n01945685.pkl:2|class=30:n01641577.pkl:0;n01641577.pkl:1;n01641577.pkl:2|class=94:n01833805.pkl:1;n01833805.pkl:2;n01833805.pkl:4
convnext,638,638,+,32,15,7,5,0.11072492613705309,0.22544454891673596,0.048232597001812066,0.133153030824201,0.4776516684001104,0.269411107635007,class=197:n02097130.pkl:1;n02097130.pkl:6;n02097130.pkl:7|class=407:n02701002.pkl:0;n02701002.pkl:3;n02701002.pkl:5|class=812:n04266014.pkl:2;n04266014.pkl:5;n04266014.pkl:6
convnext,639,639,+,45,24,15,4,0.09345318452188726,0.1520237854411924,0.0277294646741289,0.06779315772898081,0.629651217092879,0.1550461265092295,class=639:n03710721.pkl:0;n03710721.pkl:5;n03710721.pkl:7|class=673:n03793489.pkl:3;n03793489.pkl:9;n03793489.pkl:10|class=690:n03868242.pkl:2;n03868242.pkl:6;n03868242.pkl:7
convnext,641,641,+,17,12,7,3,0.184737630997959,0.24669694290822947,0.04597207059274689,0.10533658720260045,0.5171080866515885,0.3676549192475819,class=941:n07717410.pkl:0;n07717410.pkl:3;n07717410.pkl:4|class=210:n02100236.pkl:0;n02100236.pkl:1;n02100236.pkl:7|class=247:n02109525.pkl:2;n02109525.pkl:10;n02109525.pkl:18
convnext,642,642,+,66,44,29,13,0.13310679068299386,0.22047201269010824,0.062806210707067,0.16752259430088595,0.6199807079089662,0.12294627782944026,class=274:n02115913.pkl:0;n02115913.pkl:1;n02115913.pkl:2|class=136:n02017213.pkl:4;n02017213.pkl:6;n02017213.pkl:7|class=614:n03617480.pkl:0;n03617480.pkl:9;n03617480.pkl:10
convnext,643,643,+,3,1,1,1,0.2717244769352271,0.3820789280819676,0.18948798032002465,0.26686966888469715,0.01901440536223593,0.9945044074848763,class=694:n03874293.pkl:3;n03874293.pkl:6;n03874293.pkl:7|class=519:n03127925.pkl:1196|class=57:n01735189.pkl:15
convnext,644,644,+,59,40,21,7,0.09661083332927443,0.17772038981580307,0.040655146322420774,0.12543575775445504,0.5874892026545638,0.17829568891766825,class=970:n09193705.pkl:0;n09193705.pkl:2;n09193705.pkl:3|class=736:n03982430.pkl:0;n03982430.pkl:1;n03982430.pkl:3|class=247:n02109525.pkl:0;n02109525.pkl:2;n02109525.pkl:3
convnext,645,645,+,29,17,12,9,0.20655839313645588,0.2769759881458662,0.07874849967963114,0.13112498077259865,0.6685471922592623,0.13008945252123139,class=499:n03041632.pkl:0;n03041632.pkl:1;n03041632.pkl:3|class=45:n01692333.pkl:4;n01692333.pkl:6;n01692333.pkl:7|class=94:n01833805.pkl:1;n01833805.pkl:4;n01833805.pkl:6
convnext,646,646,+,4,3,2,0,0.042930465358946346,0.03796643501194463,0.015532087741028936,0.015356533393948348,0.5738059938964198,0.49438059351856617,class=965:n07880968.pkl:28;n07880968.pkl:45;n07880968.pkl:153|class=627:n03670208.pkl:30;n03670208.pkl:199;n03670208.pkl:202|class=201:n02097658.pkl:1103
convnext,647,647,+,72,33,13,6,0.044811528793130974,0.10436439030451741,0.01762444535817731,0.05797029930853624,0.5787053604943698,0.1641503722178118,class=918:n06785654.pkl:1;n06785654.pkl:2;n06785654.pkl:4|class=229:n02105641.pkl:3;n02105641.pkl:5;n02105641.pkl:8|class=684:n03840681.pkl:3;n03840681.pkl:4;n03840681.pkl:18
convnext,648,648,+,3,1,1,0,0.06799606597204358,0.08859929165489175,0.0071457520200234334,0.007804540634348832,0.46812746641862035,0.7309618801498777,class=225:n02105162.pkl:191;n02105162.pkl:212;n02105162.pkl:277|class=834:n04350905.pkl:316;n04350905.pkl:420;n04350905.pkl:894|class=205:n02099267.pkl:616
convnext,649,649,+,81,41,24,14,0.09922164740187857,0.19045236666322352,0.0448569979274536,0.1329119392557635,0.6103054898242086,0.12073401792243492,class=388:n02510455.pkl:0;n02510455.pkl:1;n02510455.pkl:2|class=609:n03594945.pkl:2;n03594945.pkl:3;n03594945.pkl:4|class=245:n02108915.pkl:0;n02108915.pkl:4;n02108915.pkl:6
convnext,650,650,+,41,24,13,7,0.11002983306237948,0.16443471447917918,0.0264401376047447,0.04747970988226813,0.69415464534486,0.10304134995095916,class=281:n02123045.pkl:0;n02123045.pkl:4;n02123045.pkl:5|class=761:n04074963.pkl:2;n04074963.pkl:8;n04074963.pkl:9|class=402:n02676566.pkl:3;n02676566.pkl:11;n02676566.pkl:12
convnext,651,651,+,110,75,52,24,0.13147159299522723,0.21728172751471483,0.06370855772346111,0.152412945661953,0.703120127876396,0.06112110744577091,class=141:n02028035.pkl:0;n02028035.pkl:2;n02028035.pkl:3|class=377:n02490219.pkl:1;n02490219.pkl:2;n02490219.pkl:3|class=11:n01531178.pkl:0;n01531178.pkl:1;n01531178.pkl:2
convnext,652,652,+,12,9,3,3,0.13540550636543547,0.2001150828858613,0.027844514997469913,0.04652799288971986,0.5630890687593052,0.31601816624919155,class=997:n13054560.pkl:0;n13054560.pkl:7;n13054560.pkl:12|class=106:n01883070.pkl:6;n01883070.pkl:18;n01883070.pkl:25|class=178:n02092339.pkl:37;n02092339.pkl:48;n02092339.pkl:50
convnext,654,654,+,61,39,22,15,0.15495633293306965,0.25732760561014106,0.07268134949400668,0.18059390960386396,0.6263642447453683,0.11760506819561262,class=476:n02966193.pkl:0;n02966193.pkl:1;n02966193.pkl:2|class=537:n03218198.pkl:0;n03218198.pkl:1;n03218198.pkl:2|class=589:n03483316.pkl:2;n03483316.pkl:5;n03483316.pkl:7
convnext,655,655,+,11,7,5,2,0.1327444505017987,0.18630264860864673,0.04017956438008612,0.07152050056474539,0.5293828304441716,0.37895251029383903,class=82:n01797886.pkl:12;n01797886.pkl:21;n01797886.pkl:24|class=108:n01914609.pkl:1;n01914609.pkl:23;n01914609.pkl:42|class=95:n01843065.pkl:13;n01843065.pkl:39;n01843065.pkl:50
convnext,656,656,+,13,6,2,0,0.02013501673878952,0.029998199762396024,0.004522537137212639,0.006599550053155139,0.7081474994216513,0.2407257626379524,class=83:n01798484.pkl:75;n01798484.pkl:140;n01798484.pkl:222|class=88:n01818515.pkl:12;n01818515.pkl:73;n01818515.pkl:158|class=370:n02484975.pkl:218;n02484975.pkl:526;n02484975.pkl:731
convnext,657,657,+,13,4,2,1,0.05164318021401666,0.13010585735911329,0.015403737096409196,0.04384178400754101,0.28307418776857934,0.7000562738603385,class=493:n03016953.pkl:1;n03016953.pkl:3;n03016953.pkl:17|class=555:n03345487.pkl:50;n03345487.pkl:95;n03345487.pkl:102|class=185:n02094114.pkl:249;n02094114.pkl:969;n02094114.pkl:999
convnext,658,658,+,12,10,7,5,0.31518040482089527,0.33233448478492167,0.10894143745707698,0.14514195025920484,0.6640253917474831,0.23125045930397664,class=574:n03445777.pkl:0;n03445777.pkl:3;n03445777.pkl:7|class=984:n11879895.pkl:5;n11879895.pkl:6;n11879895.pkl:8|class=933:n07697313.pkl:0;n07697313.pkl:3;n07697313.pkl:4
convnext,659,659,+,35,25,15,5,0.12316414270626341,0.15559414760375542,0.03172152449980351,0.057497395223871456,0.7172401870848685,0.12243999708906311,class=187:n02094433.pkl:4;n02094433.pkl:5;n02094433.pkl:9|class=445:n02837789.pkl:12;n02837789.pkl:13;n02837789.pkl:14|class=490:n03000247.pkl:4;n03000247.pkl:5;n03000247.pkl:15
convnext,660,660,+,57,40,22,10,0.1306808089383703,0.183877099358633,0.03729845082099008,0.0735878050952631,0.7055018753763137,0.08583356758917543,class=59:n01739381.pkl:0;n01739381.pkl:3;n01739381.pkl:4|class=863:n04458633.pkl:0;n04458633.pkl:2;n04458633.pkl:4|class=967:n07920052.pkl:2;n07920052.pkl:9;n07920052.pkl:13
convnext,662,662,+,121,75,51,21,0.12053547342817211,0.20382182486955863,0.05405941842986626,0.1316495033094181,0.6899050328164754,0.05727735619378496,class=400:n02669723.pkl:0;n02669723.pkl:1;n02669723.pkl:3|class=849:n04398044.pkl:0;n04398044.pkl:1;n04398044.pkl:3|class=500:n03042490.pkl:1;n03042490.pkl:5;n03042490.pkl:6
convnext,664,664,+,5,1,1,0,0.039864437838960924,0.07467672288598243,0.007815724612321159,0.014074937784536631,0.24130794985440496,0.8486112335771039,class=985:n11939491.pkl:4;n11939491.pkl:33;n11939491.pkl:108|class=314:n02233338.pkl:1108|class=403:n02687172.pkl:452
convnext,665,665,+,8,3,1,0,0.01531947895845254,0.01976696904814881,0.0045842979003109414,0.00580940475875384,0.714788883590516,0.32573708914369437,class=496:n03026506.pkl:3;n03026506.pkl:68;n03026506.pkl:181|class=195:n02096585.pkl:129;n02096585.pkl:292;n02096585.pkl:794|class=479:n02974003.pkl:92;n02974003.pkl:503;n02974003.pkl:952
convnext,666,666,+,62,35,22,9,0.09309839558990622,0.16333678011559413,0.03672064204974356,0.09084441125561032,0.6441267831525176,0.1148442726969781,class=225:n02105162.pkl:0;n02105162.pkl:4;n02105162.pkl:5|class=892:n04548280.pkl:1;n04548280.pkl:7;n04548280.pkl:16|class=925:n07584110.pkl:1;n07584110.pkl:5;n07584110.pkl:9
convnext,667,667,+,101,67,34,12,0.09032684355062401,0.15783924459993168,0.031000640358848582,0.07831235873633081,0.6833482452894276,0.07308365018256004,class=404:n02690373.pkl:1;n02690373.pkl:2;n02690373.pkl:3|class=614:n03617480.pkl:3;n03617480.pkl:4;n03617480.pkl:5|class=707:n03902125.pkl:4;n03902125.pkl:7;n03902125.pkl:11
convnext,668,668,+,4,1,0,0,0.005520148022420472,0.004944449805488437,0.0013891141299682596,0.000637715024530207,0.9254504275380293,0.3026886958312153,class=75:n01774384.pkl:993;n01774384.pkl:1100;n01774384.pkl:1157|class=509:n03089624.pkl:36;n03089624.pkl:1076|class=123:n01984695.pkl:483
convnext,669,669,+,27,14,9,3,0.09921252755255357,0.20678749298424537,0.053608774333676924,0.15985878170677964,0.44226513130805245,0.3663717260292727,class=916:n06359193.pkl:3;n06359193.pkl:4;n06359193.pkl:5|class=949:n07745940.pkl:0;n07745940.pkl:3;n07745940.pkl:5|class=972:n09246464.pkl:18;n09246464.pkl:22;n09246464.pkl:29
convnext,670,670,+,31,15,9,3,0.06355088949783151,0.12291725205659658,0.016860589180491676,0.03866550549308484,0.6225849730958556,0.20190272600105885,class=550:n03297495.pkl:4;n03297495.pkl:14;n03297495.pkl:15|class=560:n03379051.pkl:2;n03379051.pkl:11;n03379051.pkl:25|class=607:n03590841.pkl:8;n03590841.pkl:11;n03590841.pkl:21
convnext,672,672,+,3,3,2,0,0.16587984621459842,0.11628768016727231,0.0213747485347775,0.013627805763017706,0.779710107295254,0.4688299923804089,class=969:n07932039.pkl:3;n07932039.pkl:8;n07932039.pkl:16|class=108:n01914609.pkl:10;n01914609.pkl:13;n01914609.pkl:26|class=951:n07749582.pkl:200;n07749582.pkl:356;n07749582.pkl:841
convnext,673,673,+,67,39,15,6,0.06925989386327935,0.16050798198689742,0.027258327859309893,0.0892141792372844,0.5625623988813104,0.1748055221266599,class=81:n01796340.pkl:0;n01796340.pkl:1;n01796340.pkl:2|class=8:n01514859.pkl:0;n01514859.pkl:2;n01514859.pkl:4|class=984:n11879895.pkl:0;n11879895.pkl:2;n11879895.pkl:3
convnext,674,674,+,7,5,3,1,0.1755106627443215,0.2066849693917306,0.03356486799973104,0.0678803929309466,0.32181995113816486,0.7271368030701864,class=607:n03590841.pkl:1;n03590841.pkl:13;n03590841.pkl:22|class=95:n01843065.pkl:207;n01843065.pkl:253;n01843065.pkl:309|class=933:n07697313.pkl:18;n07697313.pkl:151;n07697313.pkl:328
convnext,675,675,+,1,1,0,0,0.12750601443464316,0.0,0.0024057738572574178,0.0,0.0,1.0,class=967:n07920052.pkl:214;n07920052.pkl:261;n07920052.pkl:846
convnext,676,676,+,1,0,0,0,0.0023603461841070024,0.0,0.0007867820613690008,0.0,0.0,1.0,class=669:n03788365.pkl:573
convnext,677,677,+,4,2,1,0,0.05327663979875217,0.05304786620530125,0.004518205967044301,0.004242418955695589,0.7157326843017101,0.47041191522000547,class=396:n02643566.pkl:179;n02643566.pkl:187;n02643566.pkl:262|class=992:n12998815.pkl:863;n12998815.pkl:1047;n12998815.pkl:1125|class=591:n03485794.pkl:372;n03485794.pkl:422;n03485794.pkl:643
convnext,679,679,+,16,8,5,2,0.09651017880998938,0.18411145988229116,0.03220331511646837,0.07617721869232696,0.469812392866492,0.4122269320345511,class=220:n02102480.pkl:1;n02102480.pkl:10;n02102480.pkl:12|class=717:n03930630.pkl:16;n03930630.pkl:22;n03930630.pkl:37|class=810:n04264628.pkl:3;n04264628.pkl:312;n04264628.pkl:325
convnext,680,680,+,48,31,18,6,0.09325023268094157,0.1480548452611399,0.025455533519810596,0.0540335703220454,0.6783545695867532,0.11470222387755799,class=779:n04146614.pkl:1;n04146614.pkl:2;n04146614.pkl:3|class=839:n04366367.pkl:0;n04366367.pkl:1;n04366367.pkl:4|class=520:n03131574.pkl:20;n03131574.pkl:21;n03131574.pkl:38
convnext,681,681,+,21,8,4,1,0.06158758601400025,0.1579099964767096,0.031080534905104984,0.11402299857192125,0.2725029104951833,0.6885166575026472,class=847:n04389033.pkl:1;n04389033.pkl:5;n04389033.pkl:6|class=244:n02108551.pkl:3;n02108551.pkl:83;n02108551.pkl:87|class=564:n03388549.pkl:3;n03388549.pkl:6;n03388549.pkl:39
convnext,682,682,+,6,2,1,0,0.11665101925247677,0.24161817442810563,0.010165770498005563,0.01668498526057311,0.4502853015925804,0.6156392304548738,class=105:n01882714.pkl:22;n01882714.pkl:106;n01882714.pkl:132|class=510:n03095699.pkl:302;n03095699.pkl:471;n03095699.pkl:911|class=806:n04254777.pkl:575;n04254777.pkl:681;n04254777.pkl:1259
convnext,683,683,+,39,24,14,8,0.15393499517713694,0.26287062872879635,0.07539039987917875,0.19812897165272786,0.5432632787546197,0.2027331591431211,class=727:n03956157.pkl:0;n03956157.pkl:2;n03956157.pkl:3|class=97:n01847000.pkl:0;n01847000.pkl:1;n01847000.pkl:2|class=289:n02128757.pkl:1;n02128757.pkl:3;n02128757.pkl:4
convnext,684,684,+,162,102,67,32,0.10857619669978211,0.18195832262524644,0.04203443417856547,0.08769523664005076,0.755389309561451,0.033040297747865446,class=221:n02102973.pkl:0;n02102973.pkl:2;n02102973.pkl:4|class=166:n02089867.pkl:0;n02089867.pkl:3;n02089867.pkl:5|class=520:n03131574.pkl:2;n03131574.pkl:4;n03131574.pkl:5
convnext,685,685,+,4,4,1,1,0.2995575093869449,0.33901344438381237,0.14198149668818164,0.23494054373562648,0.1306137525379091,0.9345299396188989,class=392:n02606052.pkl:2;n02606052.pkl:4;n02606052.pkl:6|class=3:n01491361.pkl:68;n01491361.pkl:78;n01491361.pkl:205|class=358:n02443114.pkl:271;n02443114.pkl:374;n02443114.pkl:377
convnext,686,686,+,33,14,7,3,0.07058018275533481,0.18003960020152607,0.02914395541072879,0.10380215564892119,0.40268041785241,0.41471935097842816,class=213:n02100877.pkl:1;n02100877.pkl:2;n02100877.pkl:4|class=726:n03954731.pkl:0;n03954731.pkl:11;n03954731.pkl:12|class=834:n04350905.pkl:23;n04350905.pkl:54;n04350905.pkl:58
convnext,687,687,+,3,3,1,1,0.19593315751675208,0.22230426067254486,0.0824188160861584,0.112661816281585,0.10574133682352634,0.9561776395342514,class=940:n07716906.pkl:2;n07716906.pkl:4;n07716906.pkl:6|class=937:n07714990.pkl:188;n07714990.pkl:330;n07714990.pkl:474|class=63:n01748264.pkl:1190
convnext,688,688,+,15,11,8,2,0.09203283106412823,0.1122392082650667,0.03284314470499984,0.052422096028344314,0.6666018468780869,0.23650981697111312,class=69:n01768244.pkl:3;n01768244.pkl:13;n01768244.pkl:19|class=737:n03983396.pkl:6;n03983396.pkl:19;n03983396.pkl:31|class=989:n12620546.pkl:55;n12620546.pkl:73;n12620546.pkl:109
convnext,689,689,+,2,1,0,0,0.012819992570834595,0.007422922408922491,0.0011952216107554336,0.00042421158762513304,0.9071206733270767,0.5629851524847044,class=737:n03983396.pkl:842;n03983396.pkl:1004|class=13:n01534433.pkl:1200
convnext,690,690,+,1,1,0,0,0.020785219399538105,0.0,0.0023094688221709007,0.0,0.0,1.0,class=90:n01820546.pkl:638;n01820546.pkl:746;n01820546.pkl:1169
convnext,691,691,+,178,120,91,33,0.08906337883725712,0.1451508242704511,0.04045058855097341,0.08424816256981593,0.7808643561720413,0.02998773367218442,class=187:n02094433.pkl:0;n02094433.pkl:1;n02094433.pkl:2|class=235:n02106662.pkl:2;n02106662.pkl:3;n02106662.pkl:5|class=200:n02097474.pkl:0;n02097474.pkl:2;n02097474.pkl:8
convnext,692,692,+,5,2,2,1,0.09686218817650738,0.1227388359847314,0.02432691080465694,0.030926188550808583,0.48946568333383644,0.5232279209773457,class=392:n02606052.pkl:6;n02606052.pkl:36;n02606052.pkl:62|class=815:n04275548.pkl:39;n04275548.pkl:68;n04275548.pkl:76|class=993:n13037406.pkl:393;n13037406.pkl:806
convnext,693,693,+,1,1,0,0,0.014774494556765163,0.0,0.0023328149300155523,0.0,0.0,1.0,class=178:n02092339.pkl:69;n02092339.pkl:88;n02092339.pkl:220
convnext,694,694,+,10,3,2,0,0.033243623150921366,0.06721243969523633,0.005006880877572659,0.006998943143700755,0.6672527352483449,0.2954026338097294,class=4:n01494475.pkl:15;n01494475.pkl:119;n01494475.pkl:195|class=122:n01983481.pkl:8;n01983481.pkl:15;n01983481.pkl:91|class=486:n02992211.pkl:38;n02992211.pkl:435;n02992211.pkl:648
convnext,695,695,+,59,30,13,2,0.04570962151695707,0.08394340421611078,0.01234978142313934,0.03788748128238687,0.6323755512381113,0.17647127366129212,class=878:n04505470.pkl:12;n04505470.pkl:13;n04505470.pkl:28|class=165:n02089078.pkl:3;n02089078.pkl:6;n02089078.pkl:14|class=550:n03297495.pkl:8;n03297495.pkl:29;n03297495.pkl:48
convnext,696,696,+,228,150,110,61,0.1531326703931976,0.23582317696377567,0.08239817095054108,0.1729183280949626,0.7634614668980816,0.023701736700187156,class=239:n02107683.pkl:0;n02107683.pkl:1;n02107683.pkl:2|class=423:n02791124.pkl:0;n02791124.pkl:1;n02791124.pkl:3|class=576:n03447447.pkl:0;n03447447.pkl:1;n03447447.pkl:2
convnext,697,697,+,43,30,16,10,0.13058864008813492,0.19532950697932816,0.04158694983639008,0.08087116212658062,0.670298773592306,0.11119952244079527,class=564:n03388549.pkl:0;n03388549.pkl:1;n03388549.pkl:4|class=622:n03657121.pkl:1;n03657121.pkl:7;n03657121.pkl:11|class=848:n04392985.pkl:0;n04392985.pkl:8;n04392985.pkl:13
convnext,698,698,+,61,34,13,5,0.064689172000094,0.14699199008062877,0.021880648356235072,0.05832775255192934,0.615435133280658,0.1328865626991331,class=190:n02095889.pkl:0;n02095889.pkl:1;n02095889.pkl:3|class=723:n03944341.pkl:3;n03944341.pkl:5;n03944341.pkl:12|class=802:n04252077.pkl:3;n04252077.pkl:5;n04252077.pkl:6
convnext,699,699,+,60,39,23,15,0.1489980144496291,0.23290895420732388,0.05946913774929407,0.13713868620117375,0.6572502134927307,0.10529762301398718,class=70:n01770081.pkl:1;n01770081.pkl:2;n01770081.pkl:3|class=113:n01944390.pkl:0;n01944390.pkl:3;n01944390.pkl:5|class=706:n03899768.pkl:4;n03899768.pkl:8;n03899768.pkl:10
convnext,700,700,+,64,37,13,5,0.065253165774083,0.1440542328601144,0.022786702073933053,0.0678649862979128,0.5963671080781565,0.15422033392772383,class=795:n04228054.pkl:2;n04228054.pkl:6;n04228054.pkl:9|class=674:n03794056.pkl:2;n03794056.pkl:3;n03794056.pkl:13|class=435:n02808440.pkl:1;n02808440.pkl:6;n02808440.pkl:12
convnext,701,701,+,3,3,0,0,0.018047843207536596,0.0037694767627290656,0.002678762396105098,0.0004415119972920838,0.9880213349882049,0.3423884776485609,class=67:n01755581.pkl:404;n01755581.pkl:962;n01755581.pkl:1008|class=608:n03594734.pkl:581;n03594734.pkl:748;n03594734.pkl:1132|class=15:n01558993.pkl:342;n01558993.pkl:722;n01558993.pkl:896
convnext,702,702,+,46,29,17,5,0.1073505778647268,0.20046420806299134,0.03968463301697454,0.11480016189145004,0.551620387745119,0.20365996189584648,class=122:n01983481.pkl:1;n01983481.pkl:2;n01983481.pkl:4|class=273:n02115641.pkl:3;n02115641.pkl:6;n02115641.pkl:8|class=251:n02110341.pkl:3;n02110341.pkl:6;n02110341.pkl:11
convnext,703,703,+,82,52,28,10,0.09365824858713641,0.16696680192248176,0.030763153952035254,0.07197647148527853,0.6924176844318684,0.07895346279398027,class=26:n01630670.pkl:1;n01630670.pkl:2;n01630670.pkl:6|class=798:n04238763.pkl:2;n04238763.pkl:11;n04238763.pkl:17|class=629:n03676483.pkl:8;n03676483.pkl:20;n03676483.pkl:28
convnext,704,704,+,13,5,4,0,0.04079781335854019,0.05658473794798127,0.00859637123107498,0.012263623050293368,0.6755241767884571,0.23347698363174335,class=608:n03594734.pkl:14;n03594734.pkl:16;n03594734.pkl:82|class=569:n03417042.pkl:136;n03417042.pkl:160;n03417042.pkl:173|class=804:n04254120.pkl:2;n04254120.pkl:62;n04254120.pkl:92
convnext,705,705,+,85,45,29,14,0.07102958301644478,0.14093787163251206,0.032041706690971464,0.10073053424598585,0.6442429501075682,0.12803588261017815,class=137:n02018207.pkl:0;n02018207.pkl:3;n02018207.pkl:5|class=957:n07768694.pkl:2;n07768694.pkl:3;n07768694.pkl:4|class=8:n01514859.pkl:4;n01514859.pkl:15;n01514859.pkl:23
convnext,706,706,+,4,1,0,0,0.007578892990091702,0.006568290926205193,0.0019431662160141424,0.001596239334576148,0.7873529909921066,0.4187004042533075,class=552:n03325584.pkl:308;n03325584.pkl:371;n03325584.pkl:515|class=94:n01833805.pkl:527;n01833805.pkl:1033|class=637:n03710193.pkl:110
convnext,707,707,+,24,14,8,5,0.12871813083607672,0.20600095522249562,0.05854969277292702,0.11947366346040743,0.5664581806027589,0.21516043447929278,class=326:n02281787.pkl:3;n02281787.pkl:11;n02281787.pkl:37|class=259:n02112018.pkl:0;n02112018.pkl:1;n02112018.pkl:5|class=348:n02412080.pkl:0;n02412080.pkl:2;n02412080.pkl:5
convnext,708,708,+,75,43,29,10,0.08279691384791098,0.12475644086001329,0.022234330247471377,0.03994716165780691,0.7546452311446843,0.05637236452720708,class=481:n02978881.pkl:5;n02978881.pkl:8;n02978881.pkl:25|class=662:n03777754.pkl:6;n03777754.pkl:14;n03777754.pkl:15|class=697:n03877472.pkl:3;n03877472.pkl:4;n03877472.pkl:8
convnext,709,709,+,15,7,3,2,0.0771000069970107,0.1668842198466751,0.03345265155315962,0.09230529176282394,0.34666153360432933,0.574242394330878,class=93:n01829413.pkl:0;n01829413.pkl:6;n01829413.pkl:9|class=777:n04141327.pkl:0;n04141327.pkl:19;n04141327.pkl:20|class=889:n04536866.pkl:7;n04536866.pkl:73;n04536866.pkl:84
convnext,710,710,+,24,16,13,2,0.07615806842376623,0.08239721908834792,0.018961007010590034,0.02902579021083195,0.7612700531353461,0.1393080817066764,class=305:n02172182.pkl:17;n02172182.pkl:24;n02172182.pkl:29|class=893:n04548362.pkl:4;n04548362.pkl:27;n04548362.pkl:97|class=946:n07730033.pkl:0;n07730033.pkl:7;n07730033.pkl:17
convnext,711,711,+,45,23,13,7,0.09171990470849632,0.17861323575276902,0.03341296415945278,0.09739650911674841,0.5640988112147051,0.21104059860768548,class=335:n02356798.pkl:2;n02356798.pkl:4;n02356798.pkl:6|class=131:n02009229.pkl:4;n02009229.pkl:6;n02009229.pkl:11|class=831:n04344873.pkl:13;n04344873.pkl:23;n04344873.pkl:28
convnext,712,712,+,4,2,0,0,0.022774729814022884,0.020526641344638268,0.00253106258811475,0.001989666026584515,0.7817206200048415,0.40448794938006577,class=951:n07749582.pkl:70;n07749582.pkl:141;n07749582.pkl:251|class=899:n04560804.pkl:308;n04560804.pkl:392;n04560804.pkl:1232|class=608:n03594734.pkl:1001
convnext,713,713,+,66,42,29,14,0.12158844138179889,0.17673520746601531,0.041025837293483344,0.09195228736060361,0.7045778411034574,0.09126581063169098,class=221:n02102973.pkl:0;n02102973.pkl:2;n02102973.pkl:4|class=101:n01871265.pkl:2;n01871265.pkl:3;n01871265.pkl:7|class=330:n02325366.pkl:0;n02325366.pkl:3;n02325366.pkl:8
convnext,714,714,+,10,5,0,0,0.012135618614561933,0.011056014277000493,0.002019535828680235,0.0014113248955998302,0.901508138285175,0.14883721391561455,class=908:n04592741.pkl:653;n04592741.pkl:886;n04592741.pkl:1028|class=249:n02110063.pkl:428;n02110063.pkl:736;n02110063.pkl:863|class=329:n02321529.pkl:205;n02321529.pkl:386;n02321529.pkl:684
convnext,715,715,+,7,2,2,0,0.02635549002774151,0.03996694921350261,0.006429570129782893,0.007352255929472549,0.6951424275373344,0.3296581946214086,class=957:n07768694.pkl:84;n07768694.pkl:90;n07768694.pkl:113|class=372:n02486410.pkl:20;n02486410.pkl:49;n02486410.pkl:52|class=973:n09256479.pkl:100;n09256479.pkl:221;n09256479.pkl:307
convnext,716,716,+,43,27,11,2,0.06048103007637482,0.11812456586295546,0.01809414287999149,0.05432468358465412,0.6104372934012442,0.23288411980659451,class=990:n12768682.pkl:1;n12768682.pkl:6;n12768682.pkl:8|class=985:n11939491.pkl:1;n11939491.pkl:9;n11939491.pkl:11|class=809:n04263257.pkl:37;n04263257.pkl:76;n04263257.pkl:92
convnext,717,717,+,14,11,9,4,0.19499383703312703,0.20032687040267513,0.04296095508304158,0.050694532505445464,0.7456428027325817,0.17088809020743964,class=540:n03240683.pkl:6;n03240683.pkl:9;n03240683.pkl:18|class=402:n02676566.pkl:16;n02676566.pkl:17;n02676566.pkl:18|class=387:n02509815.pkl:13;n02509815.pkl:27;n02509815.pkl:55
convnext,718,718,+,66,41,25,10,0.12067839070072882,0.2123537101590211,0.05385774733967212,0.13884642020347435,0.6185612157024962,0.11585142213273726,class=695:n03874599.pkl:0;n03874599.pkl:1;n03874599.pkl:2|class=11:n01531178.pkl:0;n01531178.pkl:1;n01531178.pkl:4|class=140:n02027492.pkl:1;n02027492.pkl:2;n02027492.pkl:4
convnext,719,719,+,1,0,0,0,0.0007830853563038371,0.0,0.0007830853563038371,0.0,0.0,1.0,class=874:n04487081.pkl:449
convnext,720,720,+,9,4,1,0,0.01850326967651715,0.025453830165396013,0.005603530257780684,0.008110783961944519,0.6773010003330744,0.3438986427415311,class=19:n01592084.pkl:22;n01592084.pkl:57;n01592084.pkl:85|class=305:n02172182.pkl:309;n02172182.pkl:369;n02172182.pkl:744|class=321:n02276258.pkl:47;n02276258.pkl:152;n02276258.pkl:191
convnext,721,721,+,28,14,7,3,0.051945330786382755,0.09453454310215394,0.015054707687861166,0.03215667306212618,0.6265788993694336,0.1986587212943074,class=798:n04238763.pkl:3;n04238763.pkl:23;n04238763.pkl:65|class=49:n01697457.pkl:16;n01697457.pkl:21;n01697457.pkl:43|class=421:n02788148.pkl:5;n02788148.pkl:17;n02788148.pkl:41
convnext,722,722,+,75,48,31,16,0.11574406819486507,0.17073383877363152,0.038073323845958414,0.07661127777621847,0.7320716830872313,0.06731950888090467,class=261:n02112350.pkl:0;n02112350.pkl:2;n02112350.pkl:6|class=20:n01601694.pkl:4;n01601694.pkl:9;n01601694.pkl:15|class=426:n02794156.pkl:2;n02794156.pkl:5;n02794156.pkl:9
convnext,723,723,+,17,12,4,2,0.04948961759744869,0.07166131087291658,0.011898038427722612,0.01828363927271498,0.7116641654736818,0.1977310094367743,class=250:n02110185.pkl:28;n02110185.pkl:41;n02110185.pkl:73|class=957:n07768694.pkl:4;n07768694.pkl:21;n07768694.pkl:37|class=281:n02123045.pkl:41;n02123045.pkl:179;n02123045.pkl:211
convnext,724,724,+,83,46,29,11,0.07447710064324653,0.13602520364771545,0.028211984821595672,0.07489549566852281,0.6780331091855234,0.09695959702963619,class=531:n03197337.pkl:0;n03197337.pkl:1;n03197337.pkl:2|class=824:n04325704.pkl:19;n04325704.pkl:30;n04325704.pkl:33|class=38:n01675722.pkl:6;n01675722.pkl:9;n01675722.pkl:14
convnext,725,725,+,77,47,27,16,0.12088857778574832,0.20985552413775457,0.04474671342083046,0.10742547687820968,0.6796151194667981,0.0878386960893575,class=84:n01806143.pkl:0;n01806143.pkl:1;n01806143.pkl:2|class=735:n03980874.pkl:3;n03980874.pkl:4;n03980874.pkl:5|class=547:n03272562.pkl:0;n03272562.pkl:3;n03272562.pkl:5
convnext,726,726,+,24,16,9,4,0.06452150916183548,0.098308084099925,0.022775312532563957,0.03705717898832298,0.6994012672281066,0.15197409967216907,class=179:n02093256.pkl:0;n02093256.pkl:2;n02093256.pkl:7|class=108:n01914609.pkl:29;n01914609.pkl:32;n01914609.pkl:34|class=477:n02966687.pkl:7;n02966687.pkl:12;n02966687.pkl:45
convnext,727,727,+,42,29,19,7,0.08454076432697784,0.1332146093996077,0.026211217920037666,0.05033964470486077,0.7330077335295363,0.11163016411420548,class=554:n03344393.pkl:14;n03344393.pkl:17;n03344393.pkl:18|class=472:n02951358.pkl:2;n02951358.pkl:10;n02951358.pkl:48|class=308:n02190166.pkl:24;n02190166.pkl:27;n02190166.pkl:42
convnext,728,728,+,1,0,0,0,0.000791765637371338,0.0,0.000791765637371338,0.0,0.0,1.0,class=939:n07716358.pkl:1115
convnext,729,729,+,92,57,35,12,0.09543093351582801,0.16600567798896232,0.03672029256706908,0.09830586480836165,0.6784310126992854,0.08877338693115983,class=704:n03891332.pkl:0;n03891332.pkl:2;n03891332.pkl:4|class=59:n01739381.pkl:1;n01739381.pkl:2;n01739381.pkl:13|class=496:n03026506.pkl:5;n03026506.pkl:7;n03026506.pkl:8
convnext,730,730,+,2,1,0,0,0.03437010316531394,0.03356038656612366,0.001194747715076974,0.00038503111588669085,0.9237285375677373,0.55192891434231,class=233:n02106382.pkl:481;n02106382.pkl:877|class=38:n01675722.pkl:747
convnext,731,731,+,77,47,27,10,0.07893813746595592,0.1176136557143849,0.020055231135973694,0.036261948440988866,0.7586872163669484,0.05544468754385291,class=974:n09288635.pkl:15;n09288635.pkl:20;n09288635.pkl:21|class=841:n04370456.pkl:2;n04370456.pkl:4;n04370456.pkl:7|class=699:n03884397.pkl:59;n03884397.pkl:68;n03884397.pkl:100
convnext,732,732,+,86,51,38,12,0.10112742985076019,0.16509987663784323,0.03474209418880614,0.07794128064291031,0.7177182192005804,0.07015064500815639,class=820:n04310018.pkl:1;n04310018.pkl:2;n04310018.pkl:4|class=176:n02091831.pkl:3;n02091831.pkl:4;n02091831.pkl:5|class=930:n07684084.pkl:1;n07684084.pkl:3;n07684084.pkl:4
convnext,733,733,+,76,41,28,11,0.07870054055766809,0.1520648065071263,0.031220692152486455,0.07975622009743637,0.6579808622766687,0.09902572321108316,class=244:n02108551.pkl:1;n02108551.pkl:8;n02108551.pkl:9|class=334:n02346627.pkl:0;n02346627.pkl:3;n02346627.pkl:4|class=619:n03637318.pkl:4;n03637318.pkl:11;n03637318.pkl:18
convnext,734,734,+,5,3,0,0,0.018482120031424538,0.014351850502866728,0.004118314325936139,0.002589306977224743,0.8843855810491346,0.27906023440317435,class=564:n03388549.pkl:128;n03388549.pkl:238;n03388549.pkl:344|class=50:n01698640.pkl:108;n01698640.pkl:118;n01698640.pkl:371|class=973:n09256479.pkl:641;n09256479.pkl:952;n09256479.pkl:992
convnext,735,735,+,24,15,5,1,0.04412809475676754,0.08530248545130899,0.010158045330961193,0.022795200087367785,0.6306596580842164,0.25149072484403456,class=264:n02113186.pkl:5;n02113186.pkl:23;n02113186.pkl:28|class=934:n07697537.pkl:30;n07697537.pkl:111;n07697537.pkl:182|class=821:n04311004.pkl:53;n04311004.pkl:72;n04311004.pkl:79
convnext,736,736,+,65,36,17,6,0.08738158392549773,0.1946021567801707,0.03375272135386298,0.09661003216218235,0.5789002083898243,0.1414260995800237,class=583:n03467068.pkl:6;n03467068.pkl:8;n03467068.pkl:10|class=404:n02690373.pkl:0;n02690373.pkl:1;n02690373.pkl:2|class=845:n04376876.pkl:4;n04376876.pkl:6;n04376876.pkl:12
convnext,737,737,+,173,124,91,45,0.13512975810364766,0.20176735381441388,0.05851722841269104,0.1273509514736037,0.7600324045257435,0.03315765776461847,class=590:n03485407.pkl:0;n03485407.pkl:1;n03485407.pkl:2|class=531:n03197337.pkl:1;n03197337.pkl:2;n03197337.pkl:3|class=684:n03840681.pkl:0;n03840681.pkl:1;n03840681.pkl:2
convnext,738,738,+,3,2,1,1,0.19494158812927842,0.25071897626602324,0.06404775411135104,0.08665643088040859,0.13504211528517263,0.9435337922650044,class=159:n02087394.pkl:4;n02087394.pkl:10;n02087394.pkl:11|class=671:n03792782.pkl:63;n03792782.pkl:114;n03792782.pkl:189|class=867:n04467665.pkl:250;n04467665.pkl:1264
convnext,739,739,+,6,3,1,0,0.04219994330104541,0.05571723732759152,0.007632268886598605,0.010712468470193621,0.5684532257959517,0.4950042055003303,class=877:n04501370.pkl:6;n04501370.pkl:42;n04501370.pkl:55|class=545:n03271574.pkl:34;n03271574.pkl:126;n03271574.pkl:136|class=723:n03944341.pkl:146;n03944341.pkl:306;n03944341.pkl:402
convnext,740,740,+,54,33,24,10,0.15226416419989974,0.2342899079666211,0.053545383783860784,0.121069556125613,0.6527920395225074,0.11319281119231131,class=583:n03467068.pkl:0;n03467068.pkl:1;n03467068.pkl:2|class=150:n02077923.pkl:0;n02077923.pkl:8;n02077923.pkl:10|class=706:n03899768.pkl:1;n03899768.pkl:3;n03899768.pkl:5
convnext,741,741,+,2,2,1,0,0.10191901628308106,0.003428150516599719,0.009168464311545856,0.0051970584338651565,0.7538727119170531,0.6606541713859319,class=804:n04254120.pkl:95;n04254120.pkl:101;n04254120.pkl:105|class=253:n02110806.pkl:661;n02110806.pkl:814;n02110806.pkl:904
convnext,742,742,+,61,31,22,7,0.06475245109891262,0.1299690346670675,0.02839926651909098,0.07508947529660641,0.6435725426675074,0.13100121131091594,class=148:n02071294.pkl:0;n02071294.pkl:6;n02071294.pkl:8|class=551:n03314780.pkl:4;n03314780.pkl:6;n03314780.pkl:7|class=655:n03770439.pkl:2;n03770439.pkl:21;n03770439.pkl:34
convnext,743,743,+,40,28,17,9,0.15600420971560577,0.23779390467271636,0.0648559943665605,0.1409128765066104,0.6281479497751798,0.1430160636453908,class=668:n03788195.pkl:0;n03788195.pkl:1;n03788195.pkl:2|class=927:n07613480.pkl:0;n07613480.pkl:1;n07613480.pkl:4|class=583:n03467068.pkl:0;n03467068.pkl:1;n03467068.pkl:2
convnext,744,744,+,95,67,47,21,0.13491612462942992,0.18885753350123147,0.05234296116992985,0.1082715415961327,0.7369780140091321,0.05556528675246067,class=201:n02097658.pkl:2;n02097658.pkl:3;n02097658.pkl:4|class=779:n04146614.pkl:0;n04146614.pkl:4;n04146614.pkl:7|class=361:n02445715.pkl:0;n02445715.pkl:1;n02445715.pkl:2
convnext,745,745,+,111,67,45,19,0.11408890760654687,0.2083711154161958,0.0494197994961003,0.11830535484431177,0.6931038462009358,0.060636838621720014,class=613:n03602883.pkl:0;n03602883.pkl:1;n03602883.pkl:2|class=947:n07734744.pkl:1;n07734744.pkl:2;n07734744.pkl:3|class=245:n02108915.pkl:1;n02108915.pkl:3;n02108915.pkl:4
convnext,747,747,+,15,9,4,3,0.08492624726819395,0.14953287286478595,0.04060485919713364,0.09979976523622353,0.4461917319503948,0.4693946084753135,class=810:n04264628.pkl:8;n04264628.pkl:17;n04264628.pkl:33|class=249:n02110063.pkl:0;n02110063.pkl:25;n02110063.pkl:38|class=480:n02977058.pkl:2;n02977058.pkl:18;n02977058.pkl:19
convnext,749,749,+,58,32,17,9,0.07975156565950664,0.15161486028621457,0.03457527149177055,0.0968925129603289,0.614020357751859,0.15264218480260602,class=509:n03089624.pkl:0;n03089624.pkl:2;n03089624.pkl:5|class=768:n04118538.pkl:0;n04118538.pkl:1;n04118538.pkl:2|class=905:n04590129.pkl:4;n04590129.pkl:9;n04590129.pkl:14
convnext,750,750,+,3,2,0,0,0.018633422673548988,0.010270096139250538,0.0026173389849054617,0.00148209618295499,0.8646955169243431,0.4402170568366052,class=964:n07875152.pkl:382;n07875152.pkl:401;n07875152.pkl:407|class=939:n07716358.pkl:55;n07716358.pkl:287|class=141:n02028035.pkl:27;n02028035.pkl:1218
convnext,751,751,+,89,40,14,7,0.058125483423713105,0.15208012187288136,0.024017734139124256,0.10688369240408997,0.5047566768845406,0.23375583866237973,class=190:n02095889.pkl:0;n02095889.pkl:1;n02095889.pkl:3|class=136:n02017213.pkl:1;n02017213.pkl:2;n02017213.pkl:3|class=165:n02089078.pkl:5;n02089078.pkl:6;n02089078.pkl:8
convnext,752,752,+,88,59,30,13,0.09344134391637882,0.16241827131137127,0.03130692719433805,0.07486350279792309,0.7070993525374291,0.07634319068772812,class=330:n02325366.pkl:1;n02325366.pkl:2;n02325366.pkl:6|class=314:n02233338.pkl:0;n02233338.pkl:12;n02233338.pkl:14|class=137:n02018207.pkl:3;n02018207.pkl:6;n02018207.pkl:15
convnext,753,753,+,15,8,5,3,0.15627203904028739,0.2796779091781043,0.09196436973640652,0.22112898321374957,0.40503392066961114,0.4521103042095651,class=300:n02165105.pkl:0;n02165105.pkl:2;n02165105.pkl:3|class=110:n01924916.pkl:0;n01924916.pkl:5;n01924916.pkl:6|class=952:n07753113.pkl:2;n07753113.pkl:13;n07753113.pkl:18
convnext,754,754,+,82,57,35,15,0.12069935588828407,0.19635903222184814,0.05232742452379194,0.13255248480158108,0.6640810363957191,0.09044851443403301,class=933:n07697313.pkl:1;n07697313.pkl:2;n07697313.pkl:3|class=906:n04591157.pkl:0;n04591157.pkl:1;n04591157.pkl:3|class=757:n04065272.pkl:1;n04065272.pkl:3;n04065272.pkl:5
convnext,755,755,+,22,13,5,1,0.06081399024913134,0.12648814660497978,0.019305005503024227,0.055503576347586986,0.48494007131996203,0.4211875928189988,class=167:n02089973.pkl:1;n02089973.pkl:18;n02089973.pkl:24|class=826:n04328186.pkl:11;n04328186.pkl:29;n04328186.pkl:108|class=162:n02088364.pkl:38;n02088364.pkl:88;n02088364.pkl:178
convnext,756,756,+,15,6,3,1,0.05185682930299339,0.128870598255453,0.024174461671351774,0.06788947178266605,0.3558083266741999,0.5924417206621734,class=392:n02606052.pkl:16;n02606052.pkl:22;n02606052.pkl:26|class=279:n02120079.pkl:1;n02120079.pkl:7;n02120079.pkl:38|class=549:n03291819.pkl:361;n03291819.pkl:541;n03291819.pkl:563
convnext,759,759,+,4,1,0,0,0.00976948355602439,0.009950725678818564,0.0023896814306665387,0.001971564961969276,0.7701281135007397,0.4201696767150159,class=442:n02825657.pkl:141;n02825657.pkl:176;n02825657.pkl:318|class=515:n03124170.pkl:248;n03124170.pkl:976;n03124170.pkl:1275|class=326:n02281787.pkl:755
convnext,760,760,+,3,1,1,0,0.026201766712544938,0.03469152913748918,0.009134272531008866,0.010572001316442446,0.3987695774896577,0.7798577709122466,class=741:n03998194.pkl:6;n03998194.pkl:12;n03998194.pkl:14|class=220:n02102480.pkl:108;n02102480.pkl:156;n02102480.pkl:1211|class=324:n02280649.pkl:649
convnext,761,761,+,103,58,28,13,0.0736446127175625,0.14857289594212836,0.028326585574923478,0.09122115203949598,0.643815362131065,0.11039388826300676,class=607:n03590841.pkl:0;n03590841.pkl:1;n03590841.pkl:2|class=570:n03424325.pkl:0;n03424325.pkl:2;n03424325.pkl:4|class=636:n03709823.pkl:3;n03709823.pkl:5;n03709823.pkl:7
convnext,762,762,+,3,0,0,0,0.0010715496764082952,0.0003421071116461956,0.0008131517435917577,5.581040752915784e-05,0.9978882571173364,0.3349035729766893,class=503:n03062245.pkl:358|class=332:n02328150.pkl:619|class=604:n03544143.pkl:836
convnext,763,763,+,81,42,22,12,0.09442931720085888,0.19148749468476178,0.03735519558860578,0.11416644728341327,0.5963662575696314,0.1276617733840713,class=362:n02447366.pkl:0;n02447366.pkl:1;n02447366.pkl:2|class=134:n02012849.pkl:0;n02012849.pkl:1;n02012849.pkl:5|class=10:n01530575.pkl:1;n01530575.pkl:3;n01530575.pkl:4
convnext,764,764,+,66,47,30,16,0.1382859907833356,0.21416218418126703,0.05760331386464522,0.13061310672791093,0.6858779852904832,0.0930510108630112,class=871:n04483307.pkl:0;n04483307.pkl:1;n04483307.pkl:2|class=821:n04311004.pkl:0;n04311004.pkl:2;n04311004.pkl:3|class=753:n04040759.pkl:0;n04040759.pkl:5;n04040759.pkl:7
convnext,765,765,+,70,47,31,20,0.14666116469194768,0.20899470686141236,0.048415038304128306,0.09615035563762411,0.726431992380841,0.07062913240467149,class=25:n01629819.pkl:1;n01629819.pkl:4;n01629819.pkl:7|class=599:n03530642.pkl:2;n03530642.pkl:6;n03530642.pkl:11|class=75:n01774384.pkl:0;n01774384.pkl:4;n01774384.pkl:5
convnext,766,766,+,1,1,0,0,0.019837691614066726,0.0,0.002705139765554554,0.0,0.0,1.0,class=147:n02066245.pkl:143;n02066245.pkl:914;n02066245.pkl:1044
convnext,767,767,+,25,15,7,1,0.0735433003607711,0.09766388847320752,0.010629692613971231,0.015464504115328206,0.7406782328185125,0.12466240015778492,class=617:n03630383.pkl:1;n03630383.pkl:75;n03630383.pkl:82|class=238:n02107574.pkl:2;n02107574.pkl:4;n02107574.pkl:7|class=476:n02966193.pkl:35;n02966193.pkl:78;n02966193.pkl:95
convnext,768,768,+,74,45,27,11,0.10002201790482794,0.1763547901396781,0.042780821011352305,0.10518640853870778,0.6457326553564077,0.09520735235122181,class=658:n03775071.pkl:3;n03775071.pkl:5;n03775071.pkl:7|class=465:n02916936.pkl:0;n02916936.pkl:3;n02916936.pkl:8|class=171:n02091032.pkl:0;n02091032.pkl:2;n02091032.pkl:3
convnext,769,769,+,1,0,0,0,0.004698512137823023,0.0,0.0007830853563038371,0.0,0.0,1.0,class=794:n04209239.pkl:840
convnext,770,770,+,10,5,1,1,0.10932633618262277,0.2696187645967131,0.07597301030501298,0.21752257936120759,0.10514864762301708,0.9197662210114604,class=145:n02056570.pkl:0;n02056570.pkl:1;n02056570.pkl:3|class=454:n02871525.pkl:96;n02871525.pkl:189;n02871525.pkl:293|class=61:n01742172.pkl:147;n01742172.pkl:365;n01742172.pkl:389
convnext,771,771,+,62,36,25,11,0.10810164308697622,0.16750880395839543,0.03338498790603869,0.0666852238662214,0.7131274642769332,0.08048148301449178,class=511:n03100240.pkl:6;n03100240.pkl:7;n03100240.pkl:9|class=86:n01807496.pkl:7;n01807496.pkl:8;n01807496.pkl:16|class=199:n02097298.pkl:0;n02097298.pkl:7;n02097298.pkl:17
convnext,772,772,+,31,17,9,6,0.08337673157752185,0.1442919059738427,0.025849997455280733,0.045648709641748116,0.6757566134580546,0.13285258120265636,class=333:n02342885.pkl:2;n02342885.pkl:9;n02342885.pkl:25|class=950:n07747607.pkl:8;n07747607.pkl:17;n07747607.pkl:19|class=268:n02113978.pkl:2;n02113978.pkl:4;n02113978.pkl:7
convnext,773,773,+,39,18,11,5,0.08104906465414607,0.16029467712634177,0.02830649843830539,0.0780440845077176,0.5699610935101898,0.2205550437872754,class=425:n02793495.pkl:2;n02793495.pkl:3;n02793495.pkl:4|class=863:n04458633.pkl:14;n04458633.pkl:15;n04458633.pkl:22|class=42:n01687978.pkl:5;n01687978.pkl:20;n01687978.pkl:23
convnext,774,774,+,18,10,3,1,0.04274788780087963,0.10048033902104431,0.017249476942085916,0.056833908585798884,0.32492374451602923,0.6586574363177459,class=496:n03026506.pkl:1;n03026506.pkl:13;n03026506.pkl:14|class=580:n03457902.pkl:5;n03457902.pkl:79;n03457902.pkl:109|class=519:n03127925.pkl:70;n03127925.pkl:138;n03127925.pkl:285
convnext,778,778,+,82,51,27,13,0.11054063222515358,0.19423460032032683,0.04046708200660226,0.10786064873594511,0.6451226114665592,0.0988331232510558,class=660:n03776460.pkl:1;n03776460.pkl:3;n03776460.pkl:6|class=712:n03920288.pkl:0;n03920288.pkl:1;n03920288.pkl:3|class=382:n02494079.pkl:3;n02494079.pkl:6;n02494079.pkl:7
convnext,779,779,+,30,20,12,5,0.14322820539664607,0.2014697170488287,0.045397251976132466,0.0993558984616854,0.6037480971990151,0.19299730420886158,class=18:n01582220.pkl:0;n01582220.pkl:3;n01582220.pkl:5|class=442:n02825657.pkl:11;n02825657.pkl:16;n02825657.pkl:18|class=67:n01755581.pkl:0;n01755581.pkl:8;n01755581.pkl:11
convnext,780,780,+,28,15,10,4,0.11683855734677584,0.1752202522112859,0.031492209685685446,0.07801863216891682,0.5679550700515427,0.254910153969683,class=200:n02097474.pkl:2;n02097474.pkl:3;n02097474.pkl:4|class=950:n07747607.pkl:6;n07747607.pkl:10;n07747607.pkl:11|class=946:n07730033.pkl:4;n07730033.pkl:6;n07730033.pkl:10
convnext,781,781,+,25,14,8,3,0.06880715118948619,0.12347631736446385,0.019631708395278995,0.041800320323125126,0.6191163926974295,0.2213439294500667,class=19:n01592084.pkl:0;n01592084.pkl:10;n01592084.pkl:24|class=309:n02206856.pkl:2;n02206856.pkl:10;n02206856.pkl:11|class=853:n04417672.pkl:24;n04417672.pkl:28;n04417672.pkl:42
convnext,783,783,+,47,29,14,5,0.08859049349446636,0.14292776048367647,0.025501011901458374,0.06672761792037672,0.6240564526262177,0.16695613427067926,class=443:n02834397.pkl:5;n02834397.pkl:9;n02834397.pkl:10|class=8:n01514859.pkl:7;n01514859.pkl:10;n01514859.pkl:15|class=758:n04067472.pkl:5;n04067472.pkl:8;n04067472.pkl:51
convnext,784,784,+,90,52,27,14,0.08480363104279057,0.14653660464120186,0.029829846209744992,0.06823737329040279,0.7023417517270969,0.06925446286465582,class=628:n03673027.pkl:0;n03673027.pkl:1;n03673027.pkl:10|class=670:n03791053.pkl:0;n03791053.pkl:6;n03791053.pkl:14|class=862:n04456115.pkl:0;n04456115.pkl:1;n04456115.pkl:2
convnext,785,785,+,3,1,0,0,0.014471396596195075,0.013135109137992968,0.0023801111565602,0.0016922471467886242,0.7764874769189477,0.5018379663348966,class=669:n03788365.pkl:90;n03788365.pkl:259;n03788365.pkl:490|class=904:n04589890.pkl:17;n04589890.pkl:917|class=773:n04131690.pkl:1263
convnext,786,786,+,96,48,32,10,0.04583251720148631,0.08892111283880477,0.022131690245691574,0.055323666250718107,0.7169140671902552,0.0755077509328051,class=860:n04443257.pkl:0;n04443257.pkl:5;n04443257.pkl:6|class=517:n03126707.pkl:1;n03126707.pkl:3;n03126707.pkl:4|class=477:n02966687.pkl:9;n02966687.pkl:23;n02966687.pkl:31
convnext,788,788,+,64,34,15,4,0.06569144689132365,0.13698240080343488,0.01779516735994887,0.062106396436933116,0.5911087193187008,0.20594679923665937,class=96:n01843383.pkl:0;n01843383.pkl:1;n01843383.pkl:3|class=289:n02128757.pkl:23;n02128757.pkl:26;n02128757.pkl:31|class=367:n02481823.pkl:3;n02481823.pkl:6;n02481823.pkl:15
convnext,789,789,+,110,65,42,18,0.09257139866462141,0.16301705142738349,0.033702631878515674,0.08006957823428572,0.711733264967251,0.060402415280299375,class=835:n04355338.pkl:1;n04355338.pkl:2;n04355338.pkl:3|class=485:n02988304.pkl:4;n02988304.pkl:13;n02988304.pkl:16|class=815:n04275548.pkl:0;n04275548.pkl:19;n04275548.pkl:20
convnext,790,790,+,12,5,2,2,0.08526539088954387,0.15605675133153685,0.015051361235025216,0.03276138992662505,0.4188139001234012,0.478146687148169,class=189:n02095570.pkl:0;n02095570.pkl:7;n02095570.pkl:21|class=916:n06359193.pkl:63;n06359193.pkl:84;n06359193.pkl:93|class=626:n03666591.pkl:201;n03666591.pkl:621;n03666591.pkl:733
convnext,791,791,+,54,33,20,10,0.09833035140397749,0.15262480927808877,0.0400113502470329,0.08770858715357199,0.6787229442779574,0.10750500417930733,class=257:n02111500.pkl:0;n02111500.pkl:1;n02111500.pkl:3|class=252:n02110627.pkl:3;n02110627.pkl:4;n02110627.pkl:8|class=350:n02417914.pkl:5;n02417914.pkl:16;n02417914.pkl:25
convnext,792,792,+,45,16,9,4,0.04236124781712977,0.08595969302431361,0.015326382108026117,0.03883885359716236,0.6028730642239679,0.16492781476363425,class=734:n03977966.pkl:19;n03977966.pkl:23;n03977966.pkl:26|class=662:n03777754.pkl:5;n03777754.pkl:22;n03777754.pkl:25|class=648:n03742115.pkl:10;n03742115.pkl:12;n03742115.pkl:13
convnext,794,794,+,14,10,3,2,0.11952097528736491,0.2069488428886693,0.01031824806742002,0.01785918181802069,0.619765205862302,0.2854134832386203,class=646:n03733281.pkl:14;n03733281.pkl:20;n03733281.pkl:26|class=991:n12985857.pkl:5;n12985857.pkl:14;n12985857.pkl:15|class=5:n01496331.pkl:166;n01496331.pkl:169;n01496331.pkl:207
convnext,795,795,+,9,5,2,0,0.025777890117839913,0.03196663567176254,0.006650179059950327,0.011082284508088937,0.5461479926362229,0.4196780577180448,class=687:n03854065.pkl:72;n03854065.pkl:75;n03854065.pkl:120|class=290:n02128925.pkl:84;n02128925.pkl:108;n02128925.pkl:251|class=581:n03459775.pkl:578;n03459775.pkl:845;n03459775.pkl:1228
convnext,798,798,+,88,51,32,20,0.10816689876950414,0.18043256046001985,0.041650950363749856,0.0807923852622502,0.7285939301097608,0.054120747787689535,class=512:n03109150.pkl:2;n03109150.pkl:6;n03109150.pkl:8|class=833:n04347754.pkl:7;n04347754.pkl:8;n04347754.pkl:12|class=507:n03075370.pkl:0;n03075370.pkl:1;n03075370.pkl:3
convnext,799,799,+,1,0,0,0,0.00641025641025641,0.0,0.0008012820512820513,0.0,0.0,1.0,class=889:n04536866.pkl:893
convnext,800,800,+,65,26,12,2,0.039373316343725616,0.11584781437195837,0.015663859971583833,0.06501514895158657,0.48589635876909687,0.2804287409443869,class=16:n01560419.pkl:0;n01560419.pkl:6;n01560419.pkl:7|class=389:n02514041.pkl:0;n02514041.pkl:4;n02514041.pkl:10|class=892:n04548280.pkl:21;n04548280.pkl:30;n04548280.pkl:65
convnext,801,801,+,78,47,29,10,0.079977855584668,0.13691436193166817,0.032500145810746714,0.07355692222446945,0.6992824079551045,0.07849275992268781,class=476:n02966193.pkl:1;n02966193.pkl:2;n02966193.pkl:6|class=649:n03743016.pkl:0;n03743016.pkl:2;n03743016.pkl:11|class=567:n03400231.pkl:0;n03400231.pkl:11;n03400231.pkl:12
convnext,802,802,+,33,9,5,0,0.01870495829751107,0.03849785194356905,0.0052156804864651254,0.009617268114530777,0.7197014001225113,0.13333394377717742,class=717:n03930630.pkl:9;n03930630.pkl:95;n03930630.pkl:118|class=627:n03670208.pkl:31;n03670208.pkl:39;n03670208.pkl:102|class=886:n04525305.pkl:67;n04525305.pkl:73;n04525305.pkl:134
convnext,803,803,+,1,0,0,0,0.0018115942028985507,0.0,0.0009057971014492754,0.0,0.0,1.0,class=714:n03929660.pkl:691
convnext,804,804,+,38,18,10,5,0.12963716518186974,0.23948254205008568,0.055093038288245556,0.13991722832546263,0.5383973692384428,0.196048420390536,class=107:n01910747.pkl:0;n01910747.pkl:1;n01910747.pkl:3|class=109:n01917289.pkl:0;n01917289.pkl:6;n01917289.pkl:12|class=290:n02128925.pkl:9;n02128925.pkl:13;n02128925.pkl:17
convnext,805,805,+,7,1,0,0,0.004411564269393779,0.00460097316585507,0.0019590910483364026,0.001538420922810259,0.8725322477328954,0.2309504826141166,class=756:n04049303.pkl:64;n04049303.pkl:85;n04049303.pkl:132|class=218:n02102177.pkl:255;n02102177.pkl:579;n02102177.pkl:610|class=259:n02112018.pkl:202;n02112018.pkl:661
convnext,806,806,+,70,50,36,16,0.13279090011521905,0.1823325802949173,0.047822620803940154,0.1114382765571418,0.7089476830267829,0.09185753553073235,class=41:n01685808.pkl:0;n01685808.pkl:1;n01685808.pkl:2|class=290:n02128925.pkl:7;n02128925.pkl:10;n02128925.pkl:11|class=614:n03617480.pkl:1;n03617480.pkl:7;n03617480.pkl:10
convnext,807,807,+,86,55,42,17,0.143607229541659,0.23127077076542252,0.06535600068715366,0.14984823456110635,0.6842881813042047,0.07275501828335715,class=394:n02640242.pkl:0;n02640242.pkl:1;n02640242.pkl:4|class=100:n01860187.pkl:0;n01860187.pkl:1;n01860187.pkl:3|class=38:n01675722.pkl:4;n01675722.pkl:5;n01675722.pkl:6
convnext,809,809,+,120,101,69,38,0.19592483028387112,0.23857442487551284,0.08321575776937301,0.14718431381282282,0.7833134164618558,0.03440271104004537,class=67:n01755581.pkl:0;n01755581.pkl:2;n01755581.pkl:4|class=37:n01669191.pkl:0;n01669191.pkl:1;n01669191.pkl:2|class=766:n04111531.pkl:0;n04111531.pkl:2;n04111531.pkl:4
convnext,810,810,+,168,114,79,29,0.10159209113328255,0.17612419162640797,0.046271861590818406,0.12118218320528107,0.7270740563521692,0.04677814476342251,class=74:n01773797.pkl:1;n01773797.pkl:2;n01773797.pkl:11|class=775:n04136333.pkl:0;n04136333.pkl:1;n04136333.pkl:2|class=490:n03000247.pkl:0;n03000247.pkl:1;n03000247.pkl:2
convnext,811,811,+,64,42,29,16,0.14896292298090014,0.21696443879180655,0.06315363115106518,0.12781064019527016,0.7014735276380292,0.07962167255588248,class=724:n03947888.pkl:0;n03947888.pkl:1;n03947888.pkl:3|class=695:n03874599.pkl:3;n03874599.pkl:4;n03874599.pkl:5|class=289:n02128757.pkl:2;n02128757.pkl:3;n02128757.pkl:6
convnext,812,812,+,15,8,6,3,0.07039547334540769,0.08784003643211383,0.02244020086796105,0.029008875103044274,0.7112380020810999,0.17807483580478708,class=176:n02091831.pkl:34;n02091831.pkl:71;n02091831.pkl:78|class=768:n04118538.pkl:9;n04118538.pkl:16;n04118538.pkl:21|class=669:n03788365.pkl:0;n03788365.pkl:4;n03788365.pkl:18
convnext,815,815,+,68,38,19,8,0.08092340864550082,0.13963873416775063,0.019995576868999797,0.04599999870052065,0.6933694437283675,0.09253441637824633,class=424:n02791270.pkl:0;n02791270.pkl:7;n02791270.pkl:8|class=454:n02871525.pkl:12;n02871525.pkl:17;n02871525.pkl:25|class=573:n03444034.pkl:8;n03444034.pkl:13;n03444034.pkl:24
convnext,816,816,+,34,20,11,6,0.14610512027295158,0.25657530397880485,0.07052073480788087,0.18307220379261385,0.5146877943095516,0.22762481469372436,class=682:n03837869.pkl:1;n03837869.pkl:2;n03837869.pkl:3|class=908:n04592741.pkl:2;n04592741.pkl:3;n04592741.pkl:5|class=321:n02276258.pkl:3;n02276258.pkl:16;n02276258.pkl:20
convnext,817,817,+,580,547,534,465,0.4276035466665144,0.3081536934720742,0.3470611547600294,0.28962261360043917,0.9389795130753965,0.0029248114387776343,class=57:n01735189.pkl:0;n01735189.pkl:1;n01735189.pkl:2|class=25:n01629819.pkl:0;n01629819.pkl:1;n01629819.pkl:2|class=382:n02494079.pkl:0;n02494079.pkl:1;n02494079.pkl:3
convnext,818,818,+,72,35,13,6,0.04826736766396971,0.09497429136483344,0.01473118726551924,0.03504094601504619,0.6864307673946068,0.0924746109271482,class=742:n04004767.pkl:5;n04004767.pkl:7;n04004767.pkl:19|class=430:n02802426.pkl:6;n02802426.pkl:8;n02802426.pkl:15|class=437:n02814860.pkl:24;n02814860.pkl:35;n02814860.pkl:54
convnext,819,819,+,25,14,8,2,0.073101553033841,0.1250480574647375,0.012608304511848585,0.018482814022233524,0.7254499944546613,0.12595730685094045,class=315:n02236044.pkl:7;n02236044.pkl:21;n02236044.pkl:30|class=149:n02074367.pkl:10;n02074367.pkl:50;n02074367.pkl:68|class=392:n02606052.pkl:24;n02606052.pkl:28;n02606052.pkl:81
convnext,820,820,+,15,8,3,2,0.09386452617345854,0.17295377321750235,0.01884272999926935,0.03993964864063969,0.4816338733358183,0.36618924853668633,class=611:n03598930.pkl:12;n03598930.pkl:22;n03598930.pkl:29|class=45:n01692333.pkl:11;n01692333.pkl:23;n01692333.pkl:42|class=663:n03781244.pkl:16;n03781244.pkl:62;n03781244.pkl:65
convnext,821,821,+,44,23,10,5,0.08369579583507092,0.17671240736122848,0.03476722908992792,0.14225768552327098,0.4373223128153632,0.40323076072596026,class=105:n01882714.pkl:0;n01882714.pkl:1;n01882714.pkl:2|class=885:n04525038.pkl:20;n04525038.pkl:41;n04525038.pkl:43|class=480:n02977058.pkl:9;n02977058.pkl:14;n02977058.pkl:24
convnext,822,822,+,8,6,3,0,0.07471754056413388,0.07603377562484252,0.009914882241866683,0.01041983779855655,0.7442333104310529,0.2630564841328271,class=161:n02088238.pkl:2;n02088238.pkl:53;n02088238.pkl:90|class=21:n01608432.pkl:52;n01608432.pkl:74;n01608432.pkl:119|class=646:n03733281.pkl:21;n03733281.pkl:146;n03733281.pkl:202
convnext,823,823,+,100,73,49,20,0.12383107923641312,0.17794459771770124,0.04028633968588841,0.07872620671142974,0.7542091566983691,0.048187658646973094,class=476:n02966193.pkl:0;n02966193.pkl:1;n02966193.pkl:2|class=155:n02086240.pkl:0;n02086240.pkl:4;n02086240.pkl:5|class=976:n09399592.pkl:1;n09399592.pkl:2;n09399592.pkl:5
convnext,824,824,+,65,41,29,11,0.1140236849517762,0.18177202447291912,0.05032550016553806,0.1086344535041457,0.6784471569709629,0.08707247461422624,class=181:n02093647.pkl:0;n02093647.pkl:1;n02093647.pkl:2|class=993:n13037406.pkl:0;n13037406.pkl:2;n13037406.pkl:9|class=546:n03272010.pkl:0;n03272010.pkl:3;n03272010.pkl:5
convnext,825,825,+,44,27,13,4,0.07198070221982908,0.14325187373593856,0.026653513267798624,0.09918165538497373,0.5152413884046776,0.3374304325028585,class=258:n02111889.pkl:0;n02111889.pkl:1;n02111889.pkl:4|class=613:n03602883.pkl:7;n03602883.pkl:37;n03602883.pkl:40|class=682:n03837869.pkl:30;n03837869.pkl:32;n03837869.pkl:68
convnext,826,826,+,5,2,1,0,0.11747907198810123,0.14599992576619442,0.005358696226811385,0.0073882408006541245,0.542010782334902,0.5801839705794899,class=354:n02437312.pkl:9;n02437312.pkl:59;n02437312.pkl:68|class=945:n07720875.pkl:382;n07720875.pkl:595;n07720875.pkl:978|class=392:n02606052.pkl:725;n02606052.pkl:844
convnext,827,827,+,55,40,24,17,0.19557229132940698,0.2519163672006322,0.07389282359654017,0.12295609308723068,0.7283310134602082,0.06852409997568899,class=546:n03272010.pkl:1;n03272010.pkl:2;n03272010.pkl:3|class=253:n02110806.pkl:1;n02110806.pkl:7;n02110806.pkl:8|class=812:n04266014.pkl:5;n04266014.pkl:9;n04266014.pkl:12
convnext,828,828,+,13,8,5,1,0.07100434438141782,0.0968705184596718,0.012284722625626325,0.020773440314050103,0.6623114217351647,0.29688261074302913,class=330:n02325366.pkl:8;n02325366.pkl:30;n02325366.pkl:31|class=610:n03595614.pkl:37;n03595614.pkl:124;n03595614.pkl:227|class=49:n01697457.pkl:62;n01697457.pkl:134;n01697457.pkl:175
convnext,829,829,+,72,43,21,11,0.11284574269117534,0.22977281398133964,0.06408336329883157,0.17830930192875336,0.5864661273309815,0.12141771618817676,class=994:n13040303.pkl:0;n13040303.pkl:1;n13040303.pkl:2|class=4:n01494475.pkl:0;n01494475.pkl:2;n01494475.pkl:3|class=792:n04208210.pkl:0;n04208210.pkl:2;n04208210.pkl:3
convnext,830,830,+,42,37,20,13,0.3844802595859026,0.3497816479102195,0.15104607905227838,0.2942331118366351,0.6466208062907834,0.1141567632698742,class=276:n02117135.pkl:0;n02117135.pkl:1;n02117135.pkl:2|class=27:n01631663.pkl:0;n01631663.pkl:1;n01631663.pkl:2|class=292:n02129604.pkl:0;n02129604.pkl:1;n02129604.pkl:2
convnext,831,831,+,24,12,7,3,0.07666748517089993,0.1304627110089904,0.021667549018376003,0.04793637304050707,0.5888657396462403,0.24560530983529652,class=965:n07880968.pkl:4;n07880968.pkl:5;n07880968.pkl:6|class=63:n01748264.pkl:126;n01748264.pkl:132;n01748264.pkl:145|class=266:n02113712.pkl:24;n02113712.pkl:31;n02113712.pkl:41
convnext,832,832,+,15,9,3,2,0.08472237555679339,0.16466472640938346,0.025160916391860733,0.06347208784232784,0.4214767986678339,0.49091622618413117,class=90:n01820546.pkl:3;n01820546.pkl:6;n01820546.pkl:9|class=112:n01943899.pkl:24;n01943899.pkl:57;n01943899.pkl:127|class=190:n02095889.pkl:61;n02095889.pkl:63;n02095889.pkl:122
convnext,833,833,+,30,14,10,5,0.09960696173296181,0.17622135936648464,0.03882151628403755,0.09153035151666508,0.5733667529029705,0.2186284687262149,class=297:n02134418.pkl:2;n02134418.pkl:9;n02134418.pkl:11|class=964:n07875152.pkl:0;n07875152.pkl:1;n07875152.pkl:6|class=800:n04243546.pkl:3;n04243546.pkl:12;n04243546.pkl:27
convnext,834,834,+,122,96,69,49,0.2815758776300842,0.3313475019433536,0.14347425194922978,0.2466754793576066,0.7700048784341934,0.032426206843887036,class=560:n03379051.pkl:0;n03379051.pkl:1;n03379051.pkl:3|class=621:n03649909.pkl:0;n03649909.pkl:2;n03649909.pkl:3|class=393:n02607072.pkl:0;n02607072.pkl:1;n02607072.pkl:2
convnext,835,835,+,22,12,8,4,0.11016794541344586,0.19781437488765058,0.042921494833932754,0.09602653339522378,0.526379909924535,0.27296960231067363,class=16:n01560419.pkl:1;n01560419.pkl:2;n01560419.pkl:5|class=277:n02119022.pkl:11;n02119022.pkl:14;n02119022.pkl:15|class=386:n02504458.pkl:1;n02504458.pkl:3;n02504458.pkl:22
convnext,836,836,+,48,29,16,7,0.10676836947184569,0.19229412290057718,0.026218821075252433,0.051795056314240674,0.6869782482942519,0.10213679971443347,class=930:n07684084.pkl:10;n07684084.pkl:25;n07684084.pkl:39|class=931:n07693725.pkl:10;n07693725.pkl:11;n07693725.pkl:12|class=165:n02089078.pkl:2;n02089078.pkl:17;n02089078.pkl:27
convnext,838,838,+,49,27,15,11,0.131417203064159,0.22998602099964496,0.04523707555289836,0.09110942717182165,0.6556965365966799,0.10319122975136664,class=9:n01518878.pkl:2;n01518878.pkl:5;n01518878.pkl:8|class=279:n02120079.pkl:0;n02120079.pkl:2;n02120079.pkl:4|class=503:n03062245.pkl:0;n03062245.pkl:3;n03062245.pkl:5
convnext,839,839,+,2,1,1,0,0.09340816728431531,0.09263834434359168,0.015113593640904453,0.014343770700180818,0.1711275238938531,0.9503614305139727,class=332:n02328150.pkl:17;n02328150.pkl:40;n02328150.pkl:81|class=323:n02279972.pkl:5
convnext,841,841,+,17,11,8,3,0.16560555850015926,0.2304542252797966,0.05102587443622431,0.14105494824833303,0.42927900491089926,0.5083412516605973,class=354:n02437312.pkl:0;n02437312.pkl:1;n02437312.pkl:3|class=540:n03240683.pkl:10;n03240683.pkl:11;n03240683.pkl:26|class=18:n01582220.pkl:5;n01582220.pkl:25;n01582220.pkl:39
convnext,842,842,+,1,0,0,0,0.0023328149300155523,0.0,0.0007776049766718507,0.0,0.0,1.0,class=958:n07802026.pkl:388
convnext,843,843,+,1,0,0,0,0.0007733952049497294,0.0,0.0007733952049497294,0.0,0.0,1.0,class=146:n02058221.pkl:168
convnext,844,844,+,75,62,52,39,0.519101175904408,0.3684052117698173,0.24724997201175256,0.30870000035393613,0.8215094155091235,0.034117829166874156,class=275:n02116738.pkl:0;n02116738.pkl:1;n02116738.pkl:2|class=927:n07613480.pkl:0;n07613480.pkl:1;n07613480.pkl:2|class=268:n02113978.pkl:1;n02113978.pkl:2;n02113978.pkl:3
convnext,846,846,+,5,3,1,1,0.20531932220596247,0.25077953279847975,0.026811000929516486,0.04973847112474725,0.18196413130958708,0.8883174877210944,class=467:n02927161.pkl:2;n02927161.pkl:15;n02927161.pkl:20|class=376:n02489166.pkl:284;n02489166.pkl:352;n02489166.pkl:669|class=468:n02930766.pkl:428;n02930766.pkl:1064
convnext,847,847,+,100,64,42,16,0.0846444887409939,0.13904949952377413,0.028034142617519985,0.06291734924654022,0.7424624678199614,0.06036934201481341,class=584:n03476684.pkl:0;n03476684.pkl:1;n03476684.pkl:9|class=172:n02091134.pkl:6;n02091134.pkl:7;n02091134.pkl:13|class=572:n03443371.pkl:3;n03443371.pkl:4;n03443371.pkl:5
convnext,848,848,+,3,1,1,0,0.12394240830581488,0.17073710964740166,0.014887077671536882,0.019933236004147117,0.16189794291789297,0.9309400282847552,class=145:n02056570.pkl:2;n02056570.pkl:11;n02056570.pkl:17|class=599:n03530642.pkl:901|class=448:n02843684.pkl:1052
convnext,849,849,+,53,31,17,7,0.06941946812921573,0.12046229040258594,0.022312465944465693,0.04635026291182787,0.6959673845842593,0.1002883547932215,class=444:n02835271.pkl:3;n02835271.pkl:4;n02835271.pkl:6|class=353:n02423022.pkl:13;n02423022.pkl:21;n02423022.pkl:24|class=344:n02398521.pkl:0;n02398521.pkl:4;n02398521.pkl:14
convnext,850,850,+,43,29,16,6,0.08647967088568986,0.15864958991460262,0.030444074391497482,0.09793783253630194,0.5642834984084097,0.26392859270753266,class=648:n03742115.pkl:1;n03742115.pkl:6;n03742115.pkl:8|class=192:n02096177.pkl:0;n02096177.pkl:5;n02096177.pkl:31|class=872:n04485082.pkl:1;n04485082.pkl:5;n04485082.pkl:12
convnext,851,851,+,76,52,34,20,0.14810592520231355,0.20821025528952292,0.05576852036588273,0.10079042480040508,0.7424111195680237,0.05613594553157379,class=992:n12998815.pkl:1;n12998815.pkl:3;n12998815.pkl:7|class=593:n03494278.pkl:1;n03494278.pkl:5;n03494278.pkl:6|class=461:n02895154.pkl:3;n02895154.pkl:6;n02895154.pkl:7
convnext,852,852,+,68,29,9,4,0.02664022438046415,0.058255845462820484,0.008500778023286755,0.02088656399196694,0.7046798208841987,0.1034843689835974,class=266:n02113712.pkl:3;n02113712.pkl:9;n02113712.pkl:34|class=156:n02086646.pkl:9;n02086646.pkl:10;n02086646.pkl:12|class=967:n07920052.pkl:2;n07920052.pkl:5;n07920052.pkl:25
convnext,853,853,+,59,36,25,13,0.13514404692616247,0.21212959427594716,0.05021537393565339,0.09833833628620192,0.6913194926738475,0.08195019163350455,class=539:n03223299.pkl:4;n03223299.pkl:5;n03223299.pkl:6|class=579:n03452741.pkl:1;n03452741.pkl:2;n03452741.pkl:5|class=897:n04554684.pkl:3;n04554684.pkl:5;n04554684.pkl:7
convnext,854,854,+,57,34,14,4,0.0577760145365793,0.11200891230988125,0.01592631684157717,0.043570729107929286,0.643918409285554,0.1488497159786038,class=406:n02699494.pkl:0;n02699494.pkl:2;n02699494.pkl:10|class=638:n03710637.pkl:2;n03710637.pkl:8;n03710637.pkl:9|class=639:n03710721.pkl:17;n03710721.pkl:21;n03710721.pkl:25
convnext,855,855,+,4,4,2,1,0.28710987467925186,0.3592388717745241,0.19095587687555932,0.30763649133849996,0.17419342978111665,0.8988579797852612,class=83:n01798484.pkl:0;n01798484.pkl:1;n01798484.pkl:2|class=365:n02480495.pkl:22;n02480495.pkl:147;n02480495.pkl:221|class=645:n03733131.pkl:352;n03733131.pkl:373;n03733131.pkl:376
convnext,856,856,+,97,59,37,21,0.15298169185020316,0.243669180270678,0.061505799385438716,0.13460585006883008,0.695256900186108,0.05968619889755554,class=886:n04525305.pkl:1;n04525305.pkl:2;n04525305.pkl:3|class=900:n04562935.pkl:0;n04562935.pkl:1;n04562935.pkl:4|class=414:n02769748.pkl:7;n02769748.pkl:11;n02769748.pkl:16
convnext,857,857,+,2,1,0,0,0.014711896290843659,0.01160389318284055,0.001967447756921441,0.001190446979920664,0.7168273000015893,0.6830558875223633,class=712:n03920288.pkl:553;n03920288.pkl:612;n03920288.pkl:884|class=825:n04326547.pkl:491
convnext,858,858,+,142,89,59,26,0.10902412163800591,0.18237134019593912,0.0495874116667381,0.11962426736860904,0.7213730831919598,0.048025594360150255,class=713:n03924679.pkl:1;n03924679.pkl:2;n03924679.pkl:3|class=403:n02687172.pkl:0;n02687172.pkl:1;n02687172.pkl:2|class=117:n01968897.pkl:0;n01968897.pkl:1;n01968897.pkl:2
convnext,859,859,+,10,7,4,1,0.11548563708054368,0.227474316092515,0.04268474420896299,0.10935204497770183,0.27024893219595486,0.7563091390396489,class=255:n02111129.pkl:0;n02111129.pkl:1;n02111129.pkl:10|class=377:n02490219.pkl:163;n02490219.pkl:201;n02490219.pkl:292|class=743:n04005630.pkl:41;n04005630.pkl:179;n04005630.pkl:194
convnext,860,860,+,52,31,11,7,0.11037616551235542,0.2283587936119903,0.048665477944370455,0.1423295457371939,0.5460319419264177,0.18372277525702704,class=747:n04023962.pkl:0;n04023962.pkl:1;n04023962.pkl:2|class=721:n03938244.pkl:1;n03938244.pkl:2;n03938244.pkl:3|class=70:n01770081.pkl:4;n01770081.pkl:5;n01770081.pkl:6
convnext,861,861,+,2,1,0,0,0.03767767474152732,0.034469976265184096,0.004996555491569027,0.0033927062533974156,0.6354936060447245,0.7305266253941307,class=357:n02442845.pkl:211;n02442845.pkl:230;n02442845.pkl:266|class=981:n09835506.pkl:308;n09835506.pkl:704
convnext,862,862,+,15,9,3,1,0.0763113634745029,0.1751770210278817,0.044574429410063746,0.14347156057923924,0.25037088384107287,0.7573338168422423,class=717:n03930630.pkl:0;n03930630.pkl:1;n03930630.pkl:3|class=430:n02802426.pkl:10;n02802426.pkl:17;n02802426.pkl:66|class=560:n03379051.pkl:48;n03379051.pkl:55;n03379051.pkl:186
convnext,863,863,+,10,3,3,0,0.023328073482009073,0.03437601450108149,0.005382304141680426,0.006305357026253479,0.7313767750593894,0.2372406906192729,class=703:n03891251.pkl:8;n03891251.pkl:54;n03891251.pkl:105|class=216:n02101556.pkl:12;n02101556.pkl:72;n02101556.pkl:75|class=367:n02481823.pkl:11;n02481823.pkl:95;n02481823.pkl:228
convnext,864,864,+,9,4,1,0,0.025516444113608913,0.03186739418335603,0.0036172086633146105,0.003966050268870002,0.8031038216715678,0.24468660693128322,class=677:n03804744.pkl:38;n03804744.pkl:59;n03804744.pkl:77|class=936:n07714571.pkl:144;n07714571.pkl:199;n07714571.pkl:343|class=577:n03447721.pkl:397;n03447721.pkl:408;n03447721.pkl:485
convnext,865,865,+,35,20,12,5,0.10190069349830876,0.15783287279472444,0.035158087448513085,0.07875191804148744,0.6146923538885845,0.17192342699847205,class=779:n04146614.pkl:0;n04146614.pkl:2;n04146614.pkl:5|class=230:n02105855.pkl:0;n02105855.pkl:10;n02105855.pkl:13|class=761:n04074963.pkl:0;n04074963.pkl:10;n04074963.pkl:11
convnext,866,866,+,2,1,0,0,0.006630256423131319,0.005801756008881113,0.0035222533151282116,0.0026937529008780044,0.5224499838188374,0.7924450950001365,class=701:n03888257.pkl:81;n03888257.pkl:224;n03888257.pkl:464|class=815:n04275548.pkl:1266
convnext,867,867,+,64,43,26,13,0.10196320041300613,0.15267487190560905,0.04243153242791081,0.0799141227040833,0.7117287643713405,0.07104795339006328,class=878:n04505470.pkl:3;n04505470.pkl:6;n04505470.pkl:10|class=102:n01872401.pkl:1;n01872401.pkl:2;n01872401.pkl:3|class=181:n02093647.pkl:4;n02093647.pkl:8;n02093647.pkl:12
convnext,868,868,+,24,11,3,0,0.02253192216939436,0.030912855492175928,0.00389171043159576,0.004815431334395863,0.822425600139481,0.10546041344265726,class=174:n02091467.pkl:6;n02091467.pkl:147;n02091467.pkl:148|class=830:n04336792.pkl:17;n04336792.pkl:95;n04336792.pkl:102|class=428:n02797295.pkl:8;n02797295.pkl:45;n02797295.pkl:65
convnext,869,869,+,58,27,15,4,0.054737714196707296,0.11151972695348109,0.017499267350678423,0.0499052342740033,0.6245319280699507,0.1574660637119173,class=344:n02398521.pkl:2;n02398521.pkl:4;n02398521.pkl:6|class=742:n04004767.pkl:9;n04004767.pkl:33;n04004767.pkl:36|class=550:n03297495.pkl:0;n03297495.pkl:9;n03297495.pkl:10
convnext,870,870,+,25,11,5,0,0.020323605635785703,0.026864606313280037,0.005717618502500506,0.008574169284695156,0.7707014117934962,0.12995260603648376,class=28:n01632458.pkl:34;n01632458.pkl:72;n01632458.pkl:73|class=801:n04251144.pkl:10;n04251144.pkl:71;n04251144.pkl:130|class=354:n02437312.pkl:31;n02437312.pkl:99;n02437312.pkl:114
convnext,872,872,+,93,47,24,9,0.05634842279867182,0.10970242081634093,0.01713558720730673,0.03841246014100132,0.7235084674492891,0.06478621477981936,class=654:n03769881.pkl:0;n03769881.pkl:3;n03769881.pkl:7|class=825:n04326547.pkl:9;n04326547.pkl:23;n04326547.pkl:25|class=969:n07932039.pkl:1;n07932039.pkl:21;n07932039.pkl:25
convnext,873,873,+,5,2,1,0,0.026811073528698916,0.033728832613694686,0.00676597470739475,0.008213761872627711,0.6105786071545839,0.49474976779133595,class=76:n01774750.pkl:24;n01774750.pkl:51;n01774750.pkl:80|class=570:n03424325.pkl:210;n03424325.pkl:293;n03424325.pkl:396|class=950:n07747607.pkl:209;n07747607.pkl:217;n07747607.pkl:267
convnext,875,875,+,8,3,2,1,0.06993229529208503,0.12210277852019373,0.015244807440191525,0.02662187933707498,0.4317186318081936,0.5061917986294605,class=999:n15075141.pkl:8;n15075141.pkl:10;n15075141.pkl:22|class=874:n04487081.pkl:2;n04487081.pkl:14;n04487081.pkl:58|class=827:n04330267.pkl:175;n04330267.pkl:329
convnext,876,876,+,44,24,17,5,0.07708989634253806,0.13890549634070837,0.02597521702924701,0.0713677723263523,0.604562177663707,0.1942940666084936,class=507:n03075370.pkl:1;n03075370.pkl:2;n03075370.pkl:7|class=690:n03868242.pkl:0;n03868242.pkl:7;n03868242.pkl:12|class=605:n03584254.pkl:0;n03584254.pkl:3;n03584254.pkl:14
convnext,877,877,+,47,30,18,10,0.1372514756239401,0.2329493169775808,0.06609485106757927,0.1605348817317944,0.616372870404562,0.14679450894746646,class=98:n01855032.pkl:1;n01855032.pkl:2;n01855032.pkl:3|class=881:n04515003.pkl:0;n04515003.pkl:1;n04515003.pkl:3|class=671:n03792782.pkl:1;n03792782.pkl:3;n03792782.pkl:10
convnext,878,878,+,84,55,33,19,0.1464167157012169,0.22505178528392292,0.05870833589889522,0.13497262311742006,0.6899389533277682,0.0748282152849652,class=908:n04592741.pkl:0;n04592741.pkl:2;n04592741.pkl:5|class=467:n02927161.pkl:1;n02927161.pkl:2;n02927161.pkl:3|class=787:n04192698.pkl:0;n04192698.pkl:1;n04192698.pkl:2
convnext,879,879,+,44,26,12,5,0.07833635275758401,0.15332893648709373,0.02688424010746068,0.0740797822365149,0.5723495699738924,0.19529166510650264,class=180:n02093428.pkl:1;n02093428.pkl:3;n02093428.pkl:8|class=796:n04229816.pkl:1;n04229816.pkl:4;n04229816.pkl:5|class=953:n07753275.pkl:10;n07753275.pkl:26;n07753275.pkl:33
convnext,880,880,+,41,22,11,5,0.07866404892055863,0.14183517105073612,0.02545746153816681,0.06131439667273377,0.6242136674892151,0.1658753970090507,class=78:n01776313.pkl:1;n01776313.pkl:5;n01776313.pkl:6|class=361:n02445715.pkl:6;n02445715.pkl:15;n02445715.pkl:19|class=239:n02107683.pkl:0;n02107683.pkl:15;n02107683.pkl:18
convnext,881,881,+,57,32,20,9,0.11087906790886293,0.19825681654630084,0.04629590492324881,0.13481707105433596,0.5818668514157255,0.1663187931582851,class=96:n01843383.pkl:0;n01843383.pkl:1;n01843383.pkl:3|class=45:n01692333.pkl:1;n01692333.pkl:2;n01692333.pkl:3|class=777:n04141327.pkl:2;n04141327.pkl:5;n04141327.pkl:6
convnext,883,883,+,8,5,0,0,0.022574120826595552,0.022262813428935536,0.0034458605261894373,0.0026653500899301093,0.8524112107985093,0.1997864890207216,class=777:n04141327.pkl:100;n04141327.pkl:251;n04141327.pkl:306|class=799:n04239074.pkl:240;n04239074.pkl:428;n04239074.pkl:477|class=615:n03623198.pkl:13;n03623198.pkl:239;n03623198.pkl:445
convnext,885,885,+,7,5,2,1,0.11003101138924243,0.22268559363537613,0.028645488207168373,0.06037917879016991,0.27164031167029357,0.7775504331248563,class=534:n03207941.pkl:2;n03207941.pkl:3;n03207941.pkl:15|class=344:n02398521.pkl:52;n02398521.pkl:214;n02398521.pkl:263|class=160:n02088094.pkl:71;n02088094.pkl:546;n02088094.pkl:739
convnext,888,888,+,50,26,10,4,0.0692684778816703,0.15316244128428197,0.02031052928022982,0.054689877612651136,0.5975242244370187,0.16501115665730046,class=275:n02116738.pkl:12;n02116738.pkl:13;n02116738.pkl:21|class=505:n03063689.pkl:0;n03063689.pkl:14;n03063689.pkl:22|class=490:n03000247.pkl:1;n03000247.pkl:3;n03000247.pkl:19
convnext,889,889,+,35,23,17,8,0.1284480538429374,0.17668670139979553,0.03371947884771069,0.05919138560767928,0.7237144583049181,0.1166128936763499,class=311:n02226429.pkl:2;n02226429.pkl:3;n02226429.pkl:7|class=874:n04487081.pkl:1;n04487081.pkl:3;n04487081.pkl:8|class=31:n01644373.pkl:17;n01644373.pkl:18;n01644373.pkl:26
convnext,890,890,+,23,9,4,1,0.04478907396651151,0.10927746402957951,0.01713450339471644,0.05140430926341055,0.4458259543899106,0.43479477462044713,class=550:n03297495.pkl:0;n03297495.pkl:2;n03297495.pkl:9|class=918:n06785654.pkl:47;n06785654.pkl:80;n06785654.pkl:90|class=210:n02100236.pkl:32;n02100236.pkl:40;n02100236.pkl:76
convnext,891,891,+,6,4,3,3,0.15644706154691532,0.1645013687682215,0.05633898648127689,0.07247115746695543,0.5624410718636272,0.4424455985041817,class=946:n07730033.pkl:2;n07730033.pkl:7;n07730033.pkl:12|class=993:n13037406.pkl:2;n13037406.pkl:64;n13037406.pkl:69|class=406:n02699494.pkl:6;n02699494.pkl:16;n02699494.pkl:86
convnext,892,892,+,32,23,9,4,0.09966296907715821,0.1623511125602132,0.021467378440456673,0.04264474826557672,0.6623343910475421,0.15456704436481516,class=297:n02134418.pkl:0;n02134418.pkl:3;n02134418.pkl:8|class=802:n04252077.pkl:2;n04252077.pkl:5;n04252077.pkl:9|class=917:n06596364.pkl:22;n06596364.pkl:28;n06596364.pkl:48
convnext,893,893,+,1,1,1,0,0.027375201288244767,0.0,0.015297906602254429,0.0,0.0,1.0,class=487:n02992529.pkl:137;n02992529.pkl:261;n02992529.pkl:288
convnext,894,894,+,67,42,27,14,0.12495128306538988,0.19149787295520493,0.04126137761824858,0.08545711121530816,0.7114561200524184,0.07894809962520405,class=209:n02099849.pkl:2;n02099849.pkl:6;n02099849.pkl:7|class=570:n03424325.pkl:0;n03424325.pkl:6;n03424325.pkl:7|class=767:n04116512.pkl:3;n04116512.pkl:4;n04116512.pkl:7
convnext,895,895,+,124,78,46,22,0.11328325406583038,0.21333617051215623,0.06109593789858082,0.1647181962285324,0.6618233100418975,0.06668329919592297,class=294:n02132136.pkl:0;n02132136.pkl:1;n02132136.pkl:2|class=42:n01687978.pkl:0;n01687978.pkl:1;n01687978.pkl:3|class=628:n03673027.pkl:0;n03673027.pkl:1;n03673027.pkl:6
convnext,896,896,+,68,41,25,13,0.10707219788414095,0.17695769598262942,0.03793040107961994,0.10010994758177225,0.6594579846825259,0.1171461454625837,class=139:n02025239.pkl:1;n02025239.pkl:2;n02025239.pkl:4|class=436:n02814533.pkl:0;n02814533.pkl:4;n02814533.pkl:5|class=474:n02963159.pkl:0;n02963159.pkl:2;n02963159.pkl:3
convnext,898,898,+,14,12,4,1,0.0835330299095239,0.12281245750558194,0.015781807488469298,0.0322159280512926,0.5883921896853157,0.36907438248346247,class=487:n02992529.pkl:0;n02992529.pkl:12;n02992529.pkl:57|class=846:n04380533.pkl:180;n04380533.pkl:182;n04380533.pkl:183|class=985:n11939491.pkl:16;n11939491.pkl:34;n11939491.pkl:98
convnext,899,899,+,57,33,11,3,0.05741020064851856,0.1262673862023966,0.021259697812231335,0.07899526306812109,0.5267271835055533,0.259765571730463,class=726:n03954731.pkl:4;n03954731.pkl:6;n03954731.pkl:7|class=816:n04277352.pkl:2;n04277352.pkl:7;n04277352.pkl:10|class=158:n02087046.pkl:8;n02087046.pkl:22;n02087046.pkl:28
convnext,900,900,+,1,0,0,0,0.0016220600162206002,0.0,0.0008110300081103001,0.0,0.0,1.0,class=854:n04418357.pkl:653
convnext,901,901,+,116,68,43,15,0.09399557301673826,0.18386274051757104,0.04004038473705479,0.13284229455391355,0.6360197359542433,0.10351021276783141,class=139:n02025239.pkl:0;n02025239.pkl:1;n02025239.pkl:2|class=252:n02110627.pkl:0;n02110627.pkl:1;n02110627.pkl:2|class=254:n02110958.pkl:2;n02110958.pkl:10;n02110958.pkl:11
convnext,902,902,+,79,50,25,7,0.07864449384091406,0.1449825225557233,0.024889204292983014,0.06175223015882382,0.6777074131593445,0.09057952560938007,class=644:n03729826.pkl:4;n03729826.pkl:5;n03729826.pkl:6|class=78:n01776313.pkl:7;n01776313.pkl:9;n01776313.pkl:18|class=654:n03769881.pkl:8;n03769881.pkl:15;n03769881.pkl:19
convnext,903,903,+,61,36,22,9,0.0676937819583454,0.12402815414924187,0.023508831616025953,0.047764658188946485,0.7080049281317343,0.08406737651378743,class=105:n01882714.pkl:3;n01882714.pkl:6;n01882714.pkl:8|class=209:n02099849.pkl:1;n02099849.pkl:3;n02099849.pkl:20|class=550:n03297495.pkl:0;n03297495.pkl:1;n03297495.pkl:5
convnext,904,904,+,38,24,12,4,0.08470366135709254,0.13813092007490418,0.021183094800061752,0.04330532660627072,0.6746474553164645,0.13629743684558035,class=74:n01773797.pkl:1;n01773797.pkl:13;n01773797.pkl:15|class=586:n03478589.pkl:3;n03478589.pkl:25;n03478589.pkl:30|class=709:n03908618.pkl:6;n03908618.pkl:10;n03908618.pkl:11
convnext,905,905,+,8,3,1,0,0.028157092814765465,0.04220371848136886,0.004287670010460148,0.0070665040015919596,0.5636911929896055,0.46452872628490655,class=810:n04264628.pkl:167;n04264628.pkl:245;n04264628.pkl:309|class=489:n03000134.pkl:528;n03000134.pkl:552;n03000134.pkl:693|class=685:n03841143.pkl:124;n03841143.pkl:995
convnext,906,906,+,16,8,4,0,0.027513102352653765,0.03806071167733148,0.007231425765868114,0.008539661790140766,0.7809774697101163,0.1496592520357103,class=486:n02992211.pkl:59;n02992211.pkl:119;n02992211.pkl:201|class=833:n04347754.pkl:6;n04347754.pkl:39;n04347754.pkl:125|class=57:n01735189.pkl:87;n01735189.pkl:311;n01735189.pkl:338
convnext,907,907,+,144,66,43,20,0.07174113500217705,0.1445291876679858,0.028676259989772968,0.07189082907653732,0.7004864828172492,0.05058994450566003,class=720:n03937543.pkl:0;n03937543.pkl:6;n03937543.pkl:7|class=402:n02676566.pkl:3;n02676566.pkl:4;n02676566.pkl:9|class=527:n03180011.pkl:1;n03180011.pkl:4;n03180011.pkl:5
convnext,908,908,+,53,41,30,18,0.17013099066975462,0.21275634358295645,0.060506305693925386,0.12369913198510725,0.7302821401709622,0.09772781330670581,class=22:n01614925.pkl:0;n01614925.pkl:2;n01614925.pkl:3|class=394:n02640242.pkl:0;n02640242.pkl:1;n02640242.pkl:2|class=230:n02105855.pkl:4;n02105855.pkl:15;n02105855.pkl:22
convnext,909,909,+,52,38,22,9,0.15002478723253848,0.24406136294308162,0.06553920937021859,0.17184619889833994,0.591275714053815,0.15144375744629696,class=323:n02279972.pkl:0;n02279972.pkl:1;n02279972.pkl:2|class=644:n03729826.pkl:0;n03729826.pkl:1;n03729826.pkl:2|class=90:n01820546.pkl:2;n01820546.pkl:4;n01820546.pkl:7
convnext,910,910,+,64,35,16,9,0.08123690963272102,0.16763153735830863,0.029430211568271178,0.07764193562183885,0.61366487165573,0.12437417360378156,class=42:n01687978.pkl:0;n01687978.pkl:1;n01687978.pkl:2|class=367:n02481823.pkl:3;n02481823.pkl:4;n02481823.pkl:5|class=795:n04228054.pkl:7;n04228054.pkl:8;n04228054.pkl:9
convnext,911,911,+,5,1,0,0,0.004987130879600676,0.005187054315218911,0.0010840562804717163,0.0005539528890890359,0.9321613692757631,0.2522242244678995,class=252:n02110627.pkl:209;n02110627.pkl:600|class=979:n09468604.pkl:661|class=373:n02487347.pkl:1125
convnext,912,912,+,13,8,3,1,0.08823912255393843,0.17512299026895714,0.012772002240901803,0.026454008669878498,0.5688052051998694,0.40692894210557856,class=393:n02607072.pkl:4;n02607072.pkl:8;n02607072.pkl:18|class=967:n07920052.pkl:88;n07920052.pkl:104;n07920052.pkl:196|class=743:n04005630.pkl:82;n04005630.pkl:138;n04005630.pkl:258
convnext,913,913,+,77,48,34,15,0.11282260922657296,0.19365374998591156,0.05019789222518394,0.11599804479290242,0.6784744943301925,0.08233592456734287,class=290:n02128925.pkl:2;n02128925.pkl:3;n02128925.pkl:4|class=271:n02114712.pkl:6;n02114712.pkl:13;n02114712.pkl:15|class=275:n02116738.pkl:0;n02116738.pkl:2;n02116738.pkl:3
convnext,914,914,+,82,50,27,15,0.11289615926550546,0.20322536332352462,0.04548215257402155,0.11549845173848132,0.646748097888338,0.09083746625461932,class=94:n01833805.pkl:1;n01833805.pkl:3;n01833805.pkl:4|class=209:n02099849.pkl:0;n02099849.pkl:2;n02099849.pkl:6|class=206:n02099429.pkl:0;n02099429.pkl:5;n02099429.pkl:7
convnext,915,915,+,65,33,18,9,0.09164490277102612,0.1774299407948061,0.030170544634923083,0.10954449880026167,0.5443959007171216,0.2182002769834711,class=405:n02692877.pkl:0;n02692877.pkl:1;n02692877.pkl:2|class=98:n01855032.pkl:0;n01855032.pkl:13;n01855032.pkl:21|class=557:n03355925.pkl:35;n03355925.pkl:50;n03355925.pkl:51
convnext,917,917,+,8,4,3,1,0.041567022739975916,0.06210789625731458,0.011348154166442664,0.017787248779639143,0.5455838880733354,0.4320980914578865,class=598:n03529860.pkl:5;n03529860.pkl:33;n03529860.pkl:66|class=452:n02869837.pkl:22;n02869837.pkl:60;n02869837.pkl:84|class=701:n03888257.pkl:36;n03888257.pkl:47;n03888257.pkl:59
convnext,919,919,+,3,1,0,0,0.007351173305838859,0.007570148599094611,0.001314959051081738,0.0007265973169517273,0.8709689681301065,0.43510851059918343,class=444:n02835271.pkl:643;n02835271.pkl:757;n02835271.pkl:793|class=683:n03838899.pkl:148|class=339:n02389026.pkl:631
convnext,921,921,+,2,1,1,1,0.08244065006999224,0.07768252160052357,0.027725225101478047,0.026932203689899934,0.10811925728003047,0.9718061779916094,class=607:n03590841.pkl:10;n03590841.pkl:13;n03590841.pkl:16|class=407:n02701002.pkl:632
convnext,922,922,+,69,44,29,10,0.08526551795006324,0.15056892755260515,0.03367955453485469,0.08835026517223421,0.6630149218763791,0.11422462003642525,class=255:n02111129.pkl:12;n02111129.pkl:13;n02111129.pkl:14|class=163:n02088466.pkl:1;n02088466.pkl:3;n02088466.pkl:9|class=806:n04254777.pkl:0;n04254777.pkl:6;n04254777.pkl:10
convnext,923,923,+,3,2,0,0,0.028765612448542838,0.028374166707574127,0.002183812700011252,0.0010535645196134767,0.8826848125197683,0.4109169898437558,class=400:n02669723.pkl:127;n02669723.pkl:427;n02669723.pkl:492|class=661:n03777568.pkl:196;n03777568.pkl:404;n03777568.pkl:796|class=54:n01729322.pkl:268
convnext,924,924,+,41,22,14,10,0.17329650072383235,0.2847750284544805,0.08526500836125764,0.17921217433744266,0.6031973223005932,0.13213830985130473,class=460:n02894605.pkl:0;n02894605.pkl:3;n02894605.pkl:4|class=237:n02107312.pkl:0;n02107312.pkl:3;n02107312.pkl:7|class=334:n02346627.pkl:1;n02346627.pkl:5;n02346627.pkl:6
convnext,925,925,+,1,1,1,0,0.06915377616014559,0.0,0.01364877161055505,0.0,0.0,1.0,class=194:n02096437.pkl:58;n02096437.pkl:63;n02096437.pkl:170
convnext,927,927,+,96,61,33,16,0.1247377975446939,0.24173673007981147,0.06437604435699286,0.16462399077495346,0.6441204284413563,0.07853538106130976,class=640:n03717622.pkl:0;n03717622.pkl:1;n03717622.pkl:2|class=916:n06359193.pkl:4;n06359193.pkl:7;n06359193.pkl:9|class=167:n02089973.pkl:3;n02089973.pkl:4;n02089973.pkl:5
convnext,928,928,+,11,5,1,1,0.06431700944290741,0.1565120711431116,0.011482340698244248,0.028291638248049974,0.37357848918071845,0.6428119573846675,class=17:n01580077.pkl:5;n01580077.pkl:8;n01580077.pkl:30|class=454:n02871525.pkl:200;n02871525.pkl:449;n02871525.pkl:450|class=504:n03063599.pkl:41;n03063599.pkl:132;n03063599.pkl:551
convnext,929,929,+,34,22,12,5,0.1296362142976173,0.20400971425626618,0.033624743074504734,0.08569490225367236,0.5994143056964105,0.2204468379656454,class=559:n03376595.pkl:3;n03376595.pkl:8;n03376595.pkl:10|class=86:n01807496.pkl:7;n01807496.pkl:8;n01807496.pkl:17|class=707:n03902125.pkl:0;n03902125.pkl:1;n03902125.pkl:13
convnext,930,930,+,33,21,5,1,0.0345762424720938,0.07694601317514808,0.009713589886396447,0.029642500660200674,0.5867813765783626,0.31250251074898916,class=895:n04552348.pkl:11;n04552348.pkl:20;n04552348.pkl:21|class=752:n04039381.pkl:189;n04039381.pkl:328;n04039381.pkl:334|class=365:n02480495.pkl:223;n02480495.pkl:231;n02480495.pkl:235
convnext,931,931,+,27,22,14,6,0.16091113888955078,0.21294774498522506,0.05442603052867829,0.10623549348092225,0.6423266534097791,0.178148467112697,class=0:n01440764.pkl:0;n01440764.pkl:1;n01440764.pkl:2|class=328:n02319095.pkl:3;n02319095.pkl:4;n02319095.pkl:8|class=431:n02804414.pkl:5;n02804414.pkl:12;n02804414.pkl:28
convnext,932,932,+,6,0,0,0,0.002613916685788665,0.0032410198877154653,0.0009582213197535367,0.00030983141621758145,0.9744395640790202,0.18409147441632617,class=944:n07718747.pkl:839;n07718747.pkl:861|class=869:n04479046.pkl:997|class=287:n02127052.pkl:489
convnext,934,934,+,1,1,0,0,0.036661466458658344,0.0,0.00234009360374415,0.0,0.0,1.0,class=980:n09472597.pkl:667;n09472597.pkl:818;n09472597.pkl:1240
convnext,935,935,+,45,29,18,8,0.1528339363384772,0.23582258540154746,0.0631777497763968,0.16835738913083653,0.5831395860255235,0.18002823384136143,class=566:n03394916.pkl:0;n03394916.pkl:1;n03394916.pkl:2|class=934:n07697537.pkl:0;n07697537.pkl:1;n07697537.pkl:2|class=10:n01530575.pkl:2;n01530575.pkl:8;n01530575.pkl:13
convnext,936,936,+,1,1,0,0,0.01053484602917342,0.0,0.0016207455429497568,0.0,0.0,1.0,class=893:n04548362.pkl:398;n04548362.pkl:839
convnext,937,937,+,33,17,9,6,0.06996966051819761,0.12212712208256737,0.02292017629299336,0.042670147946179994,0.6601687691209196,0.1353294231870856,class=288:n02128385.pkl:3;n02128385.pkl:12;n02128385.pkl:14|class=132:n02009912.pkl:0;n02009912.pkl:6;n02009912.pkl:7|class=765:n04099969.pkl:2;n04099969.pkl:11;n04099969.pkl:23
convnext,938,938,+,61,36,17,7,0.09294682961124053,0.17198732793684443,0.027429810992488767,0.07276789872167469,0.6354807555812715,0.1317664473303324,class=286:n02125311.pkl:2;n02125311.pkl:5;n02125311.pkl:10|class=628:n03673027.pkl:0;n03673027.pkl:2;n03673027.pkl:7|class=331:n02326432.pkl:1;n02326432.pkl:2;n02326432.pkl:7
convnext,939,939,+,9,4,2,1,0.06928532410817734,0.11547107898604651,0.014227571658891667,0.026757542399731448,0.4850613388019131,0.5041073298614626,class=335:n02356798.pkl:10;n02356798.pkl:28;n02356798.pkl:47|class=811:n04265275.pkl:144;n04265275.pkl:183;n04265275.pkl:192|class=515:n03124170.pkl:38;n03124170.pkl:481;n03124170.pkl:485
convnext,940,940,+,12,6,5,3,0.09089765631887879,0.12834333641510123,0.028946981814345504,0.044414810812955376,0.6111227927634886,0.27951924206755285,class=397:n02655020.pkl:0;n02655020.pkl:3;n02655020.pkl:24|class=50:n01698640.pkl:11;n01698640.pkl:21;n01698640.pkl:25|class=875:n04487394.pkl:7;n04487394.pkl:33;n04487394.pkl:38
convnext,941,941,+,74,46,33,15,0.11688336779771329,0.18284490222440405,0.044700509411051324,0.08816296092757817,0.714772924464004,0.0660808134171282,class=643:n03724870.pkl:1;n03724870.pkl:3;n03724870.pkl:4|class=486:n02992211.pkl:4;n02992211.pkl:8;n02992211.pkl:11|class=184:n02093991.pkl:0;n02093991.pkl:1;n02093991.pkl:8
convnext,942,942,+,30,19,9,4,0.07214715773748677,0.10763341748866068,0.01855003771998055,0.030552866857077317,0.7001622904027607,0.12375928460168621,class=628:n03673027.pkl:4;n03673027.pkl:8;n03673027.pkl:16|class=438:n02815834.pkl:1;n02815834.pkl:7;n02815834.pkl:16|class=677:n03804744.pkl:2;n03804744.pkl:3;n03804744.pkl:4
convnext,943,943,+,6,3,1,1,0.0751923889408427,0.10384179899073706,0.01413233517405686,0.024159785258772066,0.43350995789622593,0.6537542190859278,class=54:n01729322.pkl:2;n01729322.pkl:54;n01729322.pkl:88|class=385:n02504013.pkl:115;n02504013.pkl:213;n02504013.pkl:505|class=815:n04275548.pkl:48;n04275548.pkl:136;n04275548.pkl:864
convnext,944,944,+,16,12,7,4,0.177326863102369,0.2478970347183811,0.05657340354720358,0.11467733946343384,0.5594127508506044,0.3193092248199599,class=222:n02104029.pkl:0;n02104029.pkl:1;n02104029.pkl:3|class=116:n01955084.pkl:3;n01955084.pkl:5;n01955084.pkl:8|class=291:n02129165.pkl:3;n02129165.pkl:9;n02129165.pkl:12
convnext,945,945,+,78,49,19,12,0.0967434422908916,0.18414561051805908,0.03864752750859178,0.09566224778743312,0.6284810913414633,0.09136995948089514,class=915:n04613696.pkl:0;n04613696.pkl:2;n04613696.pkl:5|class=889:n04536866.pkl:0;n04536866.pkl:5;n04536866.pkl:6|class=430:n02802426.pkl:14;n02802426.pkl:15;n02802426.pkl:30
convnext,946,946,+,36,21,15,5,0.10948446450391937,0.1763041781594121,0.03920169501790042,0.07547019796428786,0.6659512899565924,0.1307307256472771,class=105:n01882714.pkl:0;n01882714.pkl:3;n01882714.pkl:4|class=717:n03930630.pkl:1;n03930630.pkl:2;n03930630.pkl:17|class=302:n02167151.pkl:0;n02167151.pkl:1;n02167151.pkl:3
convnext,947,947,+,49,22,13,6,0.09139352872390397,0.17368947574918456,0.02927510690924617,0.0768151370229103,0.6016745368478965,0.16091600396326408,class=541:n03249569.pkl:0;n03249569.pkl:1;n03249569.pkl:2|class=614:n03617480.pkl:2;n03617480.pkl:3;n03617480.pkl:11|class=449:n02859443.pkl:1;n02859443.pkl:19;n02859443.pkl:20
convnext,948,948,+,34,23,12,3,0.09820166038796907,0.12816602166918944,0.0156979239648975,0.02275094755097357,0.7676675584719108,0.0911900171577498,class=113:n01944390.pkl:9;n01944390.pkl:53;n01944390.pkl:58|class=955:n07754684.pkl:6;n07754684.pkl:8;n07754684.pkl:40|class=142:n02033041.pkl:2;n02033041.pkl:6;n02033041.pkl:8
convnext,949,949,+,4,1,0,0,0.009241299233161259,0.011327349440762496,0.002344858352090721,0.002655776410007321,0.6186102934414149,0.5706932363959952,class=963:n07873807.pkl:105;n07873807.pkl:358;n07873807.pkl:460|class=911:n04599235.pkl:1158|class=565:n03393912.pkl:174
convnext,950,950,+,17,5,2,1,0.04736648638942865,0.09348007101119461,0.006429740746831888,0.015399842551113848,0.5552612200261977,0.3962636484508092,class=992:n12998815.pkl:9;n12998815.pkl:103;n12998815.pkl:106|class=752:n04039381.pkl:75;n04039381.pkl:118;n04039381.pkl:199|class=415:n02776631.pkl:20;n02776631.pkl:157;n02776631.pkl:203
convnext,951,951,+,18,11,5,3,0.10941860999792721,0.19865852006597687,0.028056035571780436,0.05315760451014412,0.5616809199255687,0.2549925365183512,class=346:n02408429.pkl:2;n02408429.pkl:4;n02408429.pkl:11|class=466:n02917067.pkl:15;n02917067.pkl:21;n02917067.pkl:25|class=525:n03160309.pkl:16;n03160309.pkl:42;n03160309.pkl:43
convnext,954,954,+,55,39,21,9,0.11377982248126027,0.17202807441741486,0.032376165178798454,0.06776141125790061,0.699071389210787,0.09782550962178237,class=188:n02095314.pkl:2;n02095314.pkl:3;n02095314.pkl:4|class=334:n02346627.pkl:3;n02346627.pkl:11;n02346627.pkl:12|class=992:n12998815.pkl:2;n12998815.pkl:4;n12998815.pkl:10
convnext,955,955,+,53,37,23,9,0.12232733373145169,0.18230613288775938,0.04158813060166773,0.12302002291625916,0.6235852168089332,0.18396407207473783,class=983:n10565667.pkl:0;n10565667.pkl:1;n10565667.pkl:2|class=480:n02977058.pkl:12;n02977058.pkl:13;n02977058.pkl:15|class=124:n01985128.pkl:0;n01985128.pkl:2;n01985128.pkl:5
convnext,956,956,+,1,1,0,0,0.06718146718146718,0.0,0.009266409266409266,0.0,0.0,1.0,class=420:n02787622.pkl:171;n02787622.pkl:172;n02787622.pkl:189
convnext,957,957,+,11,2,1,1,0.045814824816552364,0.12817426952393324,0.00826748420664872,0.022617967627278784,0.27033883019585764,0.7713144462487399,class=687:n03854065.pkl:26;n03854065.pkl:31;n03854065.pkl:46|class=916:n06359193.pkl:62;n06359193.pkl:1177|class=209:n02099849.pkl:1233;n02099849.pkl:1240
convnext,958,958,+,112,73,43,22,0.11383046463758453,0.1933866677411968,0.05255469451231438,0.12793810980262038,0.6942654197355116,0.061841135262841025,class=780:n04147183.pkl:0;n04147183.pkl:1;n04147183.pkl:2|class=649:n03743016.pkl:0;n03743016.pkl:1;n03743016.pkl:2|class=598:n03529860.pkl:0;n03529860.pkl:3;n03529860.pkl:5
convnext,959,959,+,14,10,5,3,0.1351415908900028,0.2266848024720958,0.057902078169782954,0.12831610814206595,0.46510154992913183,0.42221761432247173,class=316:n02256656.pkl:0;n02256656.pkl:1;n02256656.pkl:3|class=668:n03788195.pkl:7;n03788195.pkl:12;n03788195.pkl:27|class=673:n03793489.pkl:1;n03793489.pkl:13;n03793489.pkl:38
convnext,960,960,+,86,54,31,14,0.09290856991100233,0.1637458351418217,0.03758623088113116,0.09406752573354096,0.678150271507461,0.0844601082431982,class=652:n03763968.pkl:4;n03763968.pkl:5;n03763968.pkl:7|class=401:n02672831.pkl:0;n02672831.pkl:1;n02672831.pkl:3|class=602:n03535780.pkl:1;n03535780.pkl:7;n03535780.pkl:8
convnext,962,962,+,11,7,4,3,0.17697789888042464,0.2554988968830993,0.052042148353001846,0.09186550659922076,0.5021968863155787,0.3741799050438987,class=739:n03992509.pkl:1;n03992509.pkl:3;n03992509.pkl:6|class=334:n02346627.pkl:1;n02346627.pkl:5;n02346627.pkl:6|class=715:n03929855.pkl:1;n03929855.pkl:18;n03929855.pkl:38
convnext,963,963,+,104,58,33,13,0.06784393365063128,0.11556937530012922,0.0182596263628916,0.03838826780620023,0.7541617197753305,0.05211450284156946,class=819:n04296562.pkl:0;n04296562.pkl:1;n04296562.pkl:5|class=364:n02457408.pkl:3;n02457408.pkl:7;n02457408.pkl:13|class=217:n02102040.pkl:19;n02102040.pkl:21;n02102040.pkl:23
convnext,964,964,+,77,40,25,8,0.08223323379146101,0.17222127239767956,0.03516693005963421,0.12189028249855605,0.5723657450212674,0.16900638539265844,class=486:n02992211.pkl:2;n02992211.pkl:4;n02992211.pkl:6|class=340:n02391049.pkl:0;n02391049.pkl:1;n02391049.pkl:3|class=45:n01692333.pkl:2;n01692333.pkl:3;n01692333.pkl:12
convnext,965,965,+,79,47,23,9,0.07552511026868865,0.13475800340059413,0.02368221659029308,0.05330573868207576,0.6998943532915969,0.07679042856970425,class=789:n04201297.pkl:0;n04201297.pkl:6;n04201297.pkl:8|class=289:n02128757.pkl:2;n02128757.pkl:3;n02128757.pkl:18|class=404:n02690373.pkl:6;n02690373.pkl:7;n02690373.pkl:14
convnext,966,966,+,12,8,5,2,0.049305857682604565,0.06568610169398481,0.014762702211759937,0.01943646854227041,0.723531676868898,0.22778473312695055,class=736:n03982430.pkl:1;n03982430.pkl:2;n03982430.pkl:6|class=834:n04350905.pkl:28;n04350905.pkl:59;n04350905.pkl:70|class=564:n03388549.pkl:165;n03388549.pkl:214;n03388549.pkl:247
convnext,967,967,+,72,39,18,5,0.05552720921654059,0.10732465053750427,0.016768714575562175,0.04272244362442983,0.6840335867809839,0.1040418776738586,class=608:n03594734.pkl:5;n03594734.pkl:12;n03594734.pkl:17|class=831:n04344873.pkl:3;n04344873.pkl:4;n04344873.pkl:8|class=75:n01774384.pkl:0;n01774384.pkl:2;n01774384.pkl:3
convnext,968,968,+,94,64,36,8,0.07805070250508686,0.1375895501908541,0.026568714179252998,0.0768147379965539,0.6824197969353198,0.0995625415298515,class=557:n03355925.pkl:1;n03355925.pkl:3;n03355925.pkl:4|class=389:n02514041.pkl:1;n02514041.pkl:10;n02514041.pkl:14|class=794:n04209239.pkl:0;n04209239.pkl:1;n04209239.pkl:4
convnext,969,969,+,42,34,14,7,0.08542478520456778,0.12792587370611017,0.033203018387240525,0.07317013674915641,0.6494233954761292,0.13943760298656455,class=444:n02835271.pkl:0;n02835271.pkl:3;n02835271.pkl:4|class=598:n03529860.pkl:6;n03529860.pkl:7;n03529860.pkl:9|class=659:n03775546.pkl:0;n03775546.pkl:7;n03775546.pkl:10
convnext,970,970,+,262,164,113,39,0.07892847671821361,0.16483838579600854,0.04502972115498703,0.11866794185541966,0.7335619357167614,0.030324186693500812,class=461:n02895154.pkl:0;n02895154.pkl:3;n02895154.pkl:4|class=524:n03146219.pkl:1;n03146219.pkl:3;n03146219.pkl:4|class=868:n04476259.pkl:0;n04476259.pkl:1;n04476259.pkl:2
convnext,971,971,+,22,13,7,4,0.13794536408673877,0.22271735680281385,0.046352265543624725,0.10664630029469713,0.5388055162529751,0.2860719151590077,class=881:n04515003.pkl:0;n04515003.pkl:1;n04515003.pkl:2|class=393:n02607072.pkl:5;n02607072.pkl:10;n02607072.pkl:11|class=637:n03710193.pkl:15;n03710193.pkl:19;n03710193.pkl:20
convnext,972,972,+,16,10,6,4,0.1530645239610341,0.2542602811442928,0.06359761423646064,0.15299804171697978,0.4380568712726497,0.4242179938145585,class=576:n03447447.pkl:0;n03447447.pkl:5;n03447447.pkl:7|class=326:n02281787.pkl:4;n02281787.pkl:23;n02281787.pkl:34|class=377:n02490219.pkl:2;n02490219.pkl:18;n02490219.pkl:24
convnext,974,974,+,61,42,25,11,0.11432583680457506,0.17978828954992349,0.0423900300083576,0.1282699410645848,0.6220268899030755,0.16649752619615046,class=486:n02992211.pkl:2;n02992211.pkl:3;n02992211.pkl:4|class=362:n02447366.pkl:6;n02447366.pkl:11;n02447366.pkl:12|class=217:n02102040.pkl:4;n02102040.pkl:11;n02102040.pkl:26
convnext,975,975,+,32,28,16,5,0.12828581087440877,0.18152196914435312,0.03727166175149634,0.08945444724348715,0.6305770870240397,0.21125989655510355,class=513:n03110669.pkl:2;n03110669.pkl:4;n03110669.pkl:5|class=529:n03188531.pkl:2;n03188531.pkl:7;n03188531.pkl:25|class=936:n07714571.pkl:23;n07714571.pkl:29;n07714571.pkl:39
convnext,977,977,+,71,45,29,7,0.08923278967719592,0.1380669208683554,0.02420941970338775,0.05245497366431526,0.7249338910414322,0.08020654624707965,class=419:n02786058.pkl:1;n02786058.pkl:11;n02786058.pkl:13|class=847:n04389033.pkl:0;n04389033.pkl:1;n04389033.pkl:6|class=157:n02086910.pkl:3;n02086910.pkl:4;n02086910.pkl:9
convnext,978,978,+,13,6,1,0,0.016315455786714252,0.022841634766221176,0.0028428836066897406,0.002521301818746822,0.8762168740362788,0.13742764479702138,class=618:n03633091.pkl:66;n03633091.pkl:87;n03633091.pkl:152|class=653:n03764736.pkl:180;n03764736.pkl:331;n03764736.pkl:456|class=453:n02870880.pkl:177;n02870880.pkl:181;n02870880.pkl:332
convnext,979,979,+,7,3,3,1,0.13643437521533142,0.19962898851036104,0.056550953862665655,0.11356999357748922,0.29853452693705906,0.7190253535963214,class=895:n04552348.pkl:5;n04552348.pkl:6;n04552348.pkl:18|class=13:n01534433.pkl:17;n01534433.pkl:58;n01534433.pkl:66|class=547:n03272562.pkl:31;n03272562.pkl:142;n03272562.pkl:173
convnext,980,980,+,8,6,2,2,0.177642946916419,0.3108007448002291,0.02374923036618406,0.042512953478627366,0.42551522510567114,0.5255470040764914,class=28:n01632458.pkl:13;n01632458.pkl:19;n01632458.pkl:20|class=803:n04252225.pkl:21;n04252225.pkl:53;n04252225.pkl:83|class=707:n03902125.pkl:281;n03902125.pkl:433;n03902125.pkl:533
convnext,981,981,+,1,0,0,0,0.0030840400925212026,0.0,0.0007710100231303007,0.0,0.0,1.0,class=291:n02129165.pkl:331
convnext,982,982,+,62,25,15,4,0.04900795614332405,0.11053362630459931,0.015955088228493217,0.04989959230918447,0.6111206055139337,0.1738915704981914,class=63:n01748264.pkl:2;n01748264.pkl:4;n01748264.pkl:5|class=479:n02974003.pkl:11;n02974003.pkl:20;n02974003.pkl:23|class=504:n03063599.pkl:6;n03063599.pkl:88;n03063599.pkl:99
convnext,983,983,+,46,23,10,3,0.06828092393713098,0.14877281977358697,0.020202593603529845,0.06165446864907523,0.5452302184994221,0.22420742819922637,class=687:n03854065.pkl:3;n03854065.pkl:5;n03854065.pkl:7|class=42:n01687978.pkl:1;n01687978.pkl:2;n01687978.pkl:5|class=489:n03000134.pkl:12;n03000134.pkl:14;n03000134.pkl:17
convnext,984,984,+,15,7,2,2,0.07659351545054496,0.21331573726525366,0.057108996561049084,0.18613605698747301,0.19831474984610958,0.774874460236041,class=290:n02128925.pkl:1;n02128925.pkl:2;n02128925.pkl:3|class=795:n04228054.pkl:8;n04228054.pkl:21;n04228054.pkl:30|class=509:n03089624.pkl:359;n03089624.pkl:424;n03089624.pkl:452
convnext,985,985,+,125,77,49,22,0.09063459861827732,0.15243717662129988,0.033759222963208546,0.06753925144529996,0.7536746193256468,0.04001972436341549,class=277:n02119022.pkl:1;n02119022.pkl:3;n02119022.pkl:7|class=599:n03530642.pkl:9;n03530642.pkl:10;n03530642.pkl:14|class=692:n03871628.pkl:4;n03871628.pkl:7;n03871628.pkl:8
convnext,986,986,+,2,0,0,0,0.0009272251701189982,9.110476878120547e-05,0.0009272251701189982,9.110476878120547e-05,0.9930247902329913,0.5048270500311571,class=978:n09428293.pkl:815|class=359:n02443484.pkl:397
convnext,987,987,+,2,1,0,0,0.00839619724390614,0.006540909674332855,0.0012499854144058997,0.0003223416296192577,0.95148391662822,0.5332500963307186,class=586:n03478589.pkl:205;n03478589.pkl:551|class=43:n01688243.pkl:403
convnext,988,988,+,158,93,64,21,0.06424710472492363,0.10885326372502506,0.026086939462716483,0.050088288234259495,0.7900527781407503,0.029662030710375452,class=761:n04074963.pkl:2;n04074963.pkl:3;n04074963.pkl:4|class=536:n03216828.pkl:4;n03216828.pkl:8;n03216828.pkl:9|class=513:n03110669.pkl:0;n03110669.pkl:6;n03110669.pkl:18
convnext,989,989,+,16,7,5,0,0.07922198287666497,0.11971166680018476,0.01077717574129197,0.014549085262775168,0.716476562466131,0.17640465306868341,class=567:n03400231.pkl:14;n03400231.pkl:32;n03400231.pkl:74|class=938:n07715103.pkl:134;n07715103.pkl:153;n07715103.pkl:211|class=527:n03180011.pkl:1;n03180011.pkl:6;n03180011.pkl:20
convnext,990,990,+,44,21,12,4,0.05359420451644026,0.0957486777877844,0.012787457548725716,0.025167910717570262,0.709621849917516,0.1107658960617818,class=483:n02980441.pkl:10;n02980441.pkl:24;n02980441.pkl:35|class=698:n03877845.pkl:5;n03877845.pkl:7;n03877845.pkl:8|class=435:n02808440.pkl:10;n02808440.pkl:29;n02808440.pkl:41
convnext,991,991,+,28,17,8,3,0.08219016210654877,0.13959440232028741,0.016745199891874982,0.031180003694800795,0.6683293608977996,0.15954079235507457,class=977:n09421951.pkl:37;n09421951.pkl:45;n09421951.pkl:63|class=785:n04162706.pkl:2;n04162706.pkl:10;n04162706.pkl:16|class=613:n03602883.pkl:0;n03602883.pkl:1;n03602883.pkl:8
convnext,992,992,+,92,54,26,6,0.06375296806688643,0.14763356949074297,0.025783312970675508,0.10169724846527865,0.5823644978788376,0.1799732758895122,class=645:n03733131.pkl:0;n03733131.pkl:1;n03733131.pkl:2|class=951:n07749582.pkl:2;n07749582.pkl:3;n07749582.pkl:7|class=122:n01983481.pkl:10;n01983481.pkl:17;n01983481.pkl:18
convnext,993,993,+,72,38,23,12,0.10701461204729507,0.19921462608748955,0.047837218137043586,0.12064915682086402,0.6359945036123168,0.10223435229767505,class=69:n01768244.pkl:1;n01768244.pkl:3;n01768244.pkl:4|class=397:n02655020.pkl:0;n02655020.pkl:1;n02655020.pkl:2|class=137:n02018207.pkl:7;n02018207.pkl:9;n02018207.pkl:11
convnext,994,994,+,68,36,23,6,0.06526019165797435,0.102720646369209,0.017536971546070083,0.03558103300849253,0.7423036069147366,0.07524261789996729,class=214:n02101006.pkl:1;n02101006.pkl:3;n02101006.pkl:5|class=935:n07711569.pkl:2;n07711569.pkl:3;n07711569.pkl:17|class=542:n03250847.pkl:9;n03250847.pkl:25;n03250847.pkl:28
convnext,995,995,+,17,12,7,1,0.055047807223311235,0.05652920612274648,0.015189710961106152,0.0185486709795667,0.7724759965100425,0.14653929416033284,class=869:n04479046.pkl:5;n04479046.pkl:11;n04479046.pkl:56|class=162:n02088364.pkl:9;n02088364.pkl:37;n02088364.pkl:52|class=541:n03249569.pkl:25;n03249569.pkl:27;n03249569.pkl:42
convnext,996,996,+,32,18,9,3,0.11365261745526772,0.238109667315139,0.05745351238749233,0.19328061917768924,0.3726513902944085,0.38491612965759087,class=857:n04429376.pkl:0;n04429376.pkl:1;n04429376.pkl:3|class=607:n03590841.pkl:0;n03590841.pkl:1;n03590841.pkl:2|class=28:n01632458.pkl:1;n01632458.pkl:19;n01632458.pkl:36
convnext,997,997,+,111,74,53,33,0.15041724305248577,0.22448676442755786,0.07178096980742761,0.1578527157303554,0.7254890948656626,0.05257649436648695,class=51:n01704323.pkl:0;n01704323.pkl:1;n01704323.pkl:2|class=964:n07875152.pkl:0;n07875152.pkl:1;n07875152.pkl:2|class=857:n04429376.pkl:0;n04429376.pkl:1;n04429376.pkl:2
convnext,998,998,+,25,12,5,1,0.06272900038020719,0.15290309730619853,0.020303734566232596,0.0705881993709454,0.40699499295528613,0.5234731321786226,class=18:n01582220.pkl:1;n01582220.pkl:2;n01582220.pkl:4|class=540:n03240683.pkl:11;n03240683.pkl:24;n03240683.pkl:207|class=962:n07871810.pkl:54;n07871810.pkl:183;n07871810.pkl:186
convnext,999,999,+,29,17,9,1,0.03819834598931137,0.050271535106848994,0.00799707573439251,0.012540876563851411,0.772340253852685,0.1192826645994015,class=548:n03290653.pkl:7;n03290653.pkl:19;n03290653.pkl:32|class=187:n02094433.pkl:55;n02094433.pkl:163;n02094433.pkl:281|class=846:n04380533.pkl:72;n04380533.pkl:186;n04380533.pkl:326
convnext,1000,1000,+,11,9,5,3,0.16566482160463472,0.2532928098627898,0.0795464090467841,0.1815381816343274,0.4113239581788857,0.5643896139424931,class=344:n02398521.pkl:0;n02398521.pkl:1;n02398521.pkl:2|class=387:n02509815.pkl:10;n02509815.pkl:17;n02509815.pkl:20|class=481:n02978881.pkl:12;n02978881.pkl:35;n02978881.pkl:63
convnext,1001,1001,+,9,7,4,1,0.09203590149339916,0.1061661121298107,0.02149828766426035,0.028407670209823037,0.6955897443703248,0.30511971301564195,class=685:n03841143.pkl:9;n03841143.pkl:31;n03841143.pkl:49|class=639:n03710721.pkl:157;n03710721.pkl:171;n03710721.pkl:204|class=109:n01917289.pkl:83;n01917289.pkl:131;n01917289.pkl:418
convnext,1002,1002,+,52,35,18,7,0.09195293818024299,0.14881403652001077,0.03171127023920797,0.071894997617439,0.6788415284915323,0.11807850515348693,class=170:n02090721.pkl:0;n02090721.pkl:4;n02090721.pkl:7|class=532:n03201208.pkl:3;n03201208.pkl:9;n03201208.pkl:13|class=804:n04254120.pkl:20;n04254120.pkl:31;n04254120.pkl:33
convnext,1003,1003,+,19,13,5,2,0.11214251779725581,0.23378024760424015,0.0417020908370507,0.12463086091033179,0.36720651640911217,0.522722570894496,class=364:n02457408.pkl:1;n02457408.pkl:6;n02457408.pkl:7|class=205:n02099267.pkl:6;n02099267.pkl:11;n02099267.pkl:12|class=802:n04252077.pkl:54;n04252077.pkl:82;n04252077.pkl:159
convnext,1004,1004,+,82,56,29,15,0.11146661775987768,0.18585951732350137,0.03894790172879625,0.09900095891756124,0.683189451016671,0.0909897879353351,class=318:n02264363.pkl:1;n02264363.pkl:3;n02264363.pkl:4|class=189:n02095570.pkl:0;n02095570.pkl:3;n02095570.pkl:11|class=191:n02096051.pkl:3;n02096051.pkl:8;n02096051.pkl:11
convnext,1005,1005,+,3,2,0,0,0.04312473449144802,0.030194188640196316,0.003097182662269359,0.0022747748331065115,0.7509820119423846,0.5131466848931091,class=575:n03445924.pkl:35;n03445924.pkl:155;n03445924.pkl:327|class=959:n07831146.pkl:192;n07831146.pkl:213;n07831146.pkl:1040|class=965:n07880968.pkl:921
convnext,1006,1006,+,105,49,29,14,0.06179480919390853,0.12322761585894153,0.024667104664114696,0.05956887399344101,0.7011399237708739,0.06506473723407957,class=788:n04200800.pkl:1;n04200800.pkl:3;n04200800.pkl:5|class=843:n04371774.pkl:5;n04371774.pkl:6;n04371774.pkl:7|class=410:n02727426.pkl:4;n02727426.pkl:7;n02727426.pkl:11
convnext,1008,1008,+,71,35,15,5,0.07305499223418266,0.18474097206269002,0.0393416366908441,0.14735660954096333,0.4862987264466993,0.21167955000277522,class=719:n03935335.pkl:0;n03935335.pkl:1;n03935335.pkl:2|class=169:n02090622.pkl:0;n02090622.pkl:1;n02090622.pkl:3|class=985:n11939491.pkl:0;n11939491.pkl:3;n11939491.pkl:4
convnext,1009,1009,+,72,34,18,9,0.09232712393098179,0.19272234866723148,0.03142091662736757,0.08098378622171266,0.6275391293847927,0.10615154595556166,class=221:n02102973.pkl:0;n02102973.pkl:1;n02102973.pkl:2|class=980:n09472597.pkl:1;n09472597.pkl:14;n09472597.pkl:17|class=456:n02879718.pkl:3;n02879718.pkl:5;n02879718.pkl:6
convnext,1010,1010,+,87,56,43,22,0.15095628191470303,0.21054571763303492,0.05454224182946745,0.12166989013975728,0.7182453829419411,0.0686922748109222,class=668:n03788195.pkl:0;n03788195.pkl:1;n03788195.pkl:2|class=614:n03617480.pkl:0;n03617480.pkl:6;n03617480.pkl:9|class=928:n07614500.pkl:2;n07614500.pkl:3;n07614500.pkl:4
convnext,1011,1011,+,13,7,4,1,0.07347063692589567,0.12416462291881511,0.022450239778881245,0.05133393076121265,0.4854319202410013,0.47910608776609576,class=396:n02643566.pkl:10;n02643566.pkl:12;n02643566.pkl:13|class=180:n02093428.pkl:43;n02093428.pkl:76;n02093428.pkl:83|class=695:n03874599.pkl:59;n03874599.pkl:130;n03874599.pkl:157
convnext,1012,1012,+,12,8,4,0,0.04557521386261698,0.05722122048204249,0.008521213659331523,0.011579567911027022,0.6975664051878758,0.23721984405572966,class=194:n02096437.pkl:15;n02096437.pkl:44;n02096437.pkl:80|class=259:n02112018.pkl:6;n02112018.pkl:128;n02112018.pkl:130|class=531:n03197337.pkl:129;n03197337.pkl:130;n03197337.pkl:195
convnext,1013,1013,+,57,35,22,5,0.07641547776907497,0.1416830361583002,0.02253751634722135,0.051780353963528765,0.6878648099314357,0.11015069954077855,class=593:n03494278.pkl:0;n03494278.pkl:2;n03494278.pkl:4|class=919:n06794110.pkl:7;n06794110.pkl:18;n06794110.pkl:21|class=951:n07749582.pkl:2;n07749582.pkl:6;n07749582.pkl:19
convnext,1014,1014,+,72,45,29,10,0.0789987345148717,0.13348494830709692,0.028310447421897627,0.06944906118815518,0.6918004265596283,0.09746974130854184,class=241:n02108000.pkl:0;n02108000.pkl:1;n02108000.pkl:2|class=205:n02099267.pkl:0;n02099267.pkl:1;n02099267.pkl:4|class=524:n03146219.pkl:10;n03146219.pkl:21;n03146219.pkl:22
convnext,1015,1015,+,75,42,22,11,0.0902145939559154,0.17441182375686876,0.034106000568596584,0.09138487110476402,0.6432420990728229,0.10905841684781352,class=611:n03598930.pkl:2;n03598930.pkl:4;n03598930.pkl:5|class=789:n04201297.pkl:0;n04201297.pkl:1;n04201297.pkl:2|class=236:n02107142.pkl:0;n02107142.pkl:7;n02107142.pkl:8
convnext,1016,1016,+,85,53,33,15,0.1154830343201625,0.20464744292032053,0.048151266656254244,0.11791012707701216,0.6620617483340755,0.08230996890067731,class=417:n02782093.pkl:0;n02782093.pkl:1;n02782093.pkl:2|class=554:n03344393.pkl:0;n03344393.pkl:1;n03344393.pkl:2|class=166:n02089867.pkl:5;n02089867.pkl:9;n02089867.pkl:12
convnext,1017,1017,+,3,2,1,0,0.021604088711827275,0.017660084786491823,0.004947771301385749,0.003917195486525255,0.6977435738696761,0.5422677580735111,class=425:n02793495.pkl:31;n02793495.pkl:95;n02793495.pkl:283|class=724:n03947888.pkl:226;n03947888.pkl:492;n03947888.pkl:785|class=698:n03877845.pkl:383
convnext,1018,1018,+,61,29,17,11,0.08417935115778503,0.16166492713592717,0.03018291812388457,0.07525980249332587,0.6355251446848184,0.11831683315250498,class=711:n03916031.pkl:1;n03916031.pkl:3;n03916031.pkl:11|class=841:n04370456.pkl:0;n04370456.pkl:1;n04370456.pkl:2|class=555:n03345487.pkl:5;n03345487.pkl:9;n03345487.pkl:19
convnext,1019,1019,+,7,2,0,0,0.0075535724639717835,0.008323607029588872,0.001827556867415037,0.0013505845458412328,0.8729747669668113,0.22087674165118332,class=308:n02190166.pkl:74;n02190166.pkl:85;n02190166.pkl:352|class=140:n02027492.pkl:304;n02027492.pkl:451;n02027492.pkl:506|class=959:n07831146.pkl:472;n07831146.pkl:874
convnext,1020,1020,+,161,101,67,30,0.1289432471027268,0.22118921656495383,0.05963193028664079,0.140902690068904,0.7171057542174051,0.04088925322737193,class=134:n02012849.pkl:0;n02012849.pkl:2;n02012849.pkl:5|class=909:n04596742.pkl:3;n04596742.pkl:4;n04596742.pkl:5|class=422:n02790996.pkl:0;n02790996.pkl:3;n02790996.pkl:4
convnext,1021,1021,+,14,6,4,1,0.05124858538574584,0.09153678976091269,0.011877611546164369,0.017784516551366345,0.6700211551530114,0.23156784600583477,class=576:n03447447.pkl:54;n03447447.pkl:64;n03447447.pkl:98|class=510:n03095699.pkl:6;n03095699.pkl:20;n03095699.pkl:56|class=657:n04008634.pkl:37;n04008634.pkl:115;n04008634.pkl:244
convnext,1022,1022,+,11,5,3,0,0.03275268812500907,0.04494777026053559,0.006902617795311891,0.008140840237953936,0.7568370884209928,0.2173588846135062,class=29:n01632777.pkl:124;n01632777.pkl:199;n01632777.pkl:209|class=147:n02066245.pkl:2;n02066245.pkl:35;n02066245.pkl:39|class=601:n03534580.pkl:89;n03534580.pkl:104;n03534580.pkl:161
convnext,1023,1023,+,45,19,10,6,0.05977081140574836,0.11242767432057937,0.017120501022778213,0.03796458060222901,0.6423276105162224,0.1314949436966875,class=555:n03345487.pkl:0;n03345487.pkl:3;n03345487.pkl:9|class=727:n03956157.pkl:5;n03956157.pkl:16;n03956157.pkl:38|class=863:n04458633.pkl:1;n04458633.pkl:2;n04458633.pkl:10
convnext,1024,0,-,12,5,3,2,0.06286165898582388,0.1114180334253337,0.012799212554598862,0.02195645391112358,0.5669176751822964,0.3285650578166376,class=546:n03272010.pkl:15;n03272010.pkl:41;n03272010.pkl:51|class=215:n02101388.pkl:14;n02101388.pkl:28;n02101388.pkl:60|class=517:n03126707.pkl:83;n03126707.pkl:179;n03126707.pkl:322
convnext,1025,1,-,56,29,18,9,0.09268845621829304,0.17187704160367548,0.03395085425723467,0.08488045940603718,0.6288397123935534,0.12947302688932394,class=211:n02100583.pkl:0;n02100583.pkl:1;n02100583.pkl:3|class=755:n04044716.pkl:0;n04044716.pkl:3;n04044716.pkl:5|class=756:n04049303.pkl:7;n04049303.pkl:9;n04049303.pkl:16
convnext,1026,2,-,58,44,26,13,0.19067584169355495,0.2548070655310172,0.07796373537718822,0.17601859398588937,0.6483100102980007,0.10512416691705675,class=297:n02134418.pkl:0;n02134418.pkl:1;n02134418.pkl:2|class=41:n01685808.pkl:0;n01685808.pkl:1;n01685808.pkl:3|class=301:n02165456.pkl:0;n02165456.pkl:1;n02165456.pkl:3
convnext,1027,3,-,49,31,16,5,0.061679420579467424,0.09457995167327783,0.017462881555734815,0.03237780847593591,0.7324807263306004,0.09056451596648749,class=965:n07880968.pkl:12;n07880968.pkl:17;n07880968.pkl:29|class=833:n04347754.pkl:0;n04347754.pkl:6;n04347754.pkl:31|class=773:n04131690.pkl:3;n04131690.pkl:10;n04131690.pkl:16
convnext,1029,5,-,69,43,24,13,0.10688851250971423,0.17324203144362005,0.03534188684920529,0.0730237665210103,0.7009007999704526,0.07636557280377564,class=606:n03584829.pkl:1;n03584829.pkl:3;n03584829.pkl:5|class=102:n01872401.pkl:1;n01872401.pkl:5;n01872401.pkl:11|class=402:n02676566.pkl:4;n02676566.pkl:5;n02676566.pkl:6
convnext,1030,6,-,11,5,2,0,0.0406732882773165,0.05517290814404502,0.004802183186324028,0.006633485963016143,0.7030726549749717,0.26437474502266667,class=62:n01744401.pkl:1;n01744401.pkl:179;n01744401.pkl:212|class=405:n02692877.pkl:69;n02692877.pkl:121;n02692877.pkl:180|class=819:n04296562.pkl:32;n04296562.pkl:344;n04296562.pkl:727
convnext,1032,8,-,48,20,11,2,0.038648157268043416,0.0827608118677912,0.010905817908677617,0.02843949753319769,0.6552282967973623,0.16250601562009823,class=730:n03967562.pkl:0;n03967562.pkl:5;n03967562.pkl:6|class=411:n02730930.pkl:32;n02730930.pkl:45;n02730930.pkl:61|class=792:n04208210.pkl:11;n04208210.pkl:17;n04208210.pkl:53
convnext,1034,10,-,53,28,10,4,0.06492668441438929,0.1341862018884088,0.012341384396242458,0.02725275142026174,0.6734755678015067,0.1108741218325324,class=225:n02105162.pkl:1;n02105162.pkl:3;n02105162.pkl:7|class=340:n02391049.pkl:3;n02391049.pkl:5;n02391049.pkl:49|class=419:n02786058.pkl:6;n02786058.pkl:12;n02786058.pkl:16
convnext,1035,11,-,14,12,7,3,0.2394848706456627,0.24322662272658882,0.03394288438990288,0.050187383515604055,0.6667732525513338,0.22758633614079155,class=627:n03670208.pkl:4;n03670208.pkl:5;n03670208.pkl:8|class=952:n07753113.pkl:10;n07753113.pkl:15;n07753113.pkl:25|class=986:n12057211.pkl:9;n12057211.pkl:11;n12057211.pkl:14
convnext,1037,13,-,37,21,14,6,0.14269803244760726,0.2474733306949138,0.0590480011777829,0.1510968728397703,0.5368835101963403,0.2039966909661066,class=45:n01692333.pkl:1;n01692333.pkl:2;n01692333.pkl:3|class=625:n03662601.pkl:2;n03662601.pkl:4;n03662601.pkl:10|class=789:n04201297.pkl:4;n04201297.pkl:6;n04201297.pkl:9
convnext,1038,14,-,6,6,5,3,0.46748694199018886,0.28338228585480224,0.0909139393317517,0.08153144670451122,0.7303917060302381,0.3007078009160358,class=38:n01675722.pkl:0;n01675722.pkl:3;n01675722.pkl:8|class=122:n01983481.pkl:10;n01983481.pkl:26;n01983481.pkl:32|class=176:n02091831.pkl:16;n02091831.pkl:27;n02091831.pkl:28
convnext,1039,15,-,96,59,31,12,0.08214124390054749,0.15739031823138772,0.03145346494485588,0.09218133923427645,0.650460776943143,0.09988674225597521,class=946:n07730033.pkl:0;n07730033.pkl:1;n07730033.pkl:2|class=524:n03146219.pkl:0;n03146219.pkl:1;n03146219.pkl:2|class=658:n03775071.pkl:7;n03775071.pkl:10;n03775071.pkl:11
convnext,1040,16,-,7,5,2,2,0.1453935675051741,0.2317144680701,0.057628913687345185,0.11533760826871098,0.3020145849633918,0.7150770680983639,class=939:n07716358.pkl:0;n07716358.pkl:1;n07716358.pkl:5|class=291:n02129165.pkl:32;n02129165.pkl:46;n02129165.pkl:72|class=386:n02504458.pkl:67;n02504458.pkl:142;n02504458.pkl:224
convnext,1041,17,-,79,44,20,6,0.06978949126719419,0.1437704570143861,0.02552833262144368,0.07876391786033253,0.6014346962548777,0.13315700238245098,class=18:n01582220.pkl:2;n01582220.pkl:3;n01582220.pkl:4|class=815:n04275548.pkl:0;n04275548.pkl:3;n04275548.pkl:8|class=489:n03000134.pkl:5;n03000134.pkl:14;n03000134.pkl:18
convnext,1042,18,-,58,38,17,10,0.11707081517372302,0.2129222106710378,0.059704497847719355,0.15984556226515645,0.5923266443020493,0.14082447608079968,class=16:n01560419.pkl:0;n01560419.pkl:1;n01560419.pkl:2|class=192:n02096177.pkl:3;n02096177.pkl:6;n02096177.pkl:13|class=470:n02948072.pkl:0;n02948072.pkl:1;n02948072.pkl:2
convnext,1043,19,-,166,121,97,61,0.2098418998756992,0.27177272333189956,0.11047010702360174,0.19481257229681448,0.7852867155163583,0.024758346930878628,class=109:n01917289.pkl:0;n01917289.pkl:1;n01917289.pkl:3|class=721:n03938244.pkl:0;n03938244.pkl:2;n03938244.pkl:3|class=282:n02123159.pkl:1;n02123159.pkl:2;n02123159.pkl:6
convnext,1044,20,-,66,44,23,10,0.08427806229070098,0.12582184833562907,0.020067580176697707,0.033254320351991606,0.7744404885803848,0.05675811281374927,class=602:n03535780.pkl:6;n03535780.pkl:9;n03535780.pkl:14|class=613:n03602883.pkl:8;n03602883.pkl:12;n03602883.pkl:13|class=702:n03888605.pkl:2;n03888605.pkl:14;n03888605.pkl:15
convnext,1045,21,-,37,20,8,7,0.08683279248974433,0.1595113079838149,0.033103426979061344,0.08929001500728959,0.5405187042117204,0.22366081987995562,class=658:n03775071.pkl:4;n03775071.pkl:6;n03775071.pkl:7|class=293:n02130308.pkl:9;n02130308.pkl:10;n02130308.pkl:12|class=155:n02086240.pkl:9;n02086240.pkl:42;n02086240.pkl:44
convnext,1046,22,-,40,24,14,4,0.08093126872867387,0.13958980046683933,0.02186738755290587,0.05707524082421755,0.628327986149271,0.1953106121814336,class=134:n02012849.pkl:0;n02012849.pkl:6;n02012849.pkl:12|class=796:n04229816.pkl:6;n04229816.pkl:7;n04229816.pkl:8|class=539:n03223299.pkl:4;n03223299.pkl:12;n03223299.pkl:15
convnext,1047,23,-,6,4,2,0,0.09232525952446409,0.12009857829407652,0.011301171818242252,0.014099561853971003,0.6426594212445943,0.42609238515821046,class=446:n02840245.pkl:108;n02840245.pkl:129;n02840245.pkl:141|class=992:n12998815.pkl:52;n12998815.pkl:55;n12998815.pkl:88|class=829:n04335435.pkl:105;n04335435.pkl:206;n04335435.pkl:331
convnext,1048,24,-,27,17,6,3,0.06990310259016515,0.1563127420676584,0.03193982525253526,0.0986183719951822,0.46001862503904206,0.39012817869510924,class=22:n01614925.pkl:0;n01614925.pkl:2;n01614925.pkl:3|class=367:n02481823.pkl:0;n02481823.pkl:17;n02481823.pkl:21|class=382:n02494079.pkl:4;n02494079.pkl:16;n02494079.pkl:22
convnext,1049,25,-,3,1,1,0,0.07081795490366886,0.09632250467791967,0.01068403094843602,0.013451767328950318,0.2814668106565095,0.8617386323857777,class=925:n07584110.pkl:34;n07584110.pkl:88;n07584110.pkl:106|class=476:n02966193.pkl:50;n02966193.pkl:573|class=459:n02892767.pkl:384
convnext,1050,26,-,68,38,24,13,0.10593050291631494,0.17764450509564,0.03640351471888013,0.0702889084267518,0.7103753152100694,0.0695308081264388,class=165:n02089078.pkl:1;n02089078.pkl:2;n02089078.pkl:3|class=517:n03126707.pkl:11;n03126707.pkl:19;n03126707.pkl:20|class=166:n02089867.pkl:2;n02089867.pkl:6;n02089867.pkl:9
convnext,1051,27,-,7,4,2,1,0.1074496673422726,0.1972303837039419,0.03817840797627924,0.07890827979698435,0.2953544831469099,0.7531123342543649,class=90:n01820546.pkl:4;n01820546.pkl:17;n01820546.pkl:21|class=611:n03598930.pkl:32;n03598930.pkl:44;n03598930.pkl:91|class=102:n01872401.pkl:64;n01872401.pkl:217;n01872401.pkl:552
convnext,1052,28,-,1,0,0,0,0.008688783570300158,0.0,0.001579778830963665,0.0,0.0,1.0,class=360:n02444819.pkl:1034;n02444819.pkl:1222
convnext,1054,30,-,5,2,2,0,0.09886162572904753,0.14632586160557898,0.01578065077446856,0.017927870543017786,0.5770786242491371,0.4581294717562872,class=369:n02483708.pkl:21;n02483708.pkl:53;n02483708.pkl:63|class=411:n02730930.pkl:14;n02730930.pkl:34;n02730930.pkl:44|class=802:n04252077.pkl:608;n04252077.pkl:1009;n04252077.pkl:1010
convnext,1055,31,-,71,36,18,4,0.06557497472488678,0.1379704578876888,0.020335081243544578,0.06922584754818613,0.6033138815547952,0.17730939937621362,class=472:n02951358.pkl:3;n02951358.pkl:4;n02951358.pkl:6|class=361:n02445715.pkl:3;n02445715.pkl:7;n02445715.pkl:14|class=909:n04596742.pkl:18;n04596742.pkl:36;n04596742.pkl:43
convnext,1057,33,-,55,30,14,8,0.08975723450273962,0.17858788846412246,0.026203219364934565,0.07116269120989421,0.6188525378689855,0.15228303935814896,class=607:n03590841.pkl:3;n03590841.pkl:5;n03590841.pkl:7|class=105:n01882714.pkl:4;n01882714.pkl:7;n01882714.pkl:12|class=196:n02097047.pkl:20;n02097047.pkl:31;n02097047.pkl:34
convnext,1058,34,-,46,26,8,5,0.07158527397007872,0.17551319094726459,0.028139450668899425,0.09026219319245658,0.5035875786479589,0.24541683741423936,class=776:n04141076.pkl:1;n04141076.pkl:2;n04141076.pkl:4|class=679:n03814906.pkl:6;n03814906.pkl:7;n03814906.pkl:11|class=785:n04162706.pkl:7;n04162706.pkl:8;n04162706.pkl:11
convnext,1060,36,-,36,16,3,0,0.015384422372515685,0.019727783349002492,0.0030067360319134804,0.003171561704755376,0.8778309880871605,0.05868451969476297,class=517:n03126707.pkl:35;n03126707.pkl:157;n03126707.pkl:231|class=194:n02096437.pkl:362;n02096437.pkl:363;n02096437.pkl:456|class=409:n02708093.pkl:35;n02708093.pkl:56;n02708093.pkl:151
convnext,1061,37,-,2,1,1,1,0.1520747429466295,0.14761709064350914,0.05233334172815877,0.049361573526078534,0.18626607495493414,0.9448269186055667,class=890:n04540053.pkl:8;n04540053.pkl:14;n04540053.pkl:17|class=165:n02089078.pkl:529;n02089078.pkl:660
convnext,1062,38,-,129,72,39,20,0.09446071293917455,0.17249660192596133,0.031116144471305503,0.06816599171378251,0.7225517410362495,0.04495461965077038,class=402:n02676566.pkl:0;n02676566.pkl:3;n02676566.pkl:5|class=550:n03297495.pkl:1;n03297495.pkl:2;n03297495.pkl:6|class=6:n01498041.pkl:4;n01498041.pkl:7;n01498041.pkl:10
convnext,1063,39,-,106,70,47,18,0.11402624220886162,0.18879727688403256,0.04648503128759798,0.11541944482929758,0.6962243158157525,0.06759415560145869,class=317:n02259212.pkl:0;n02259212.pkl:2;n02259212.pkl:3|class=946:n07730033.pkl:0;n07730033.pkl:1;n07730033.pkl:14|class=847:n04389033.pkl:1;n04389033.pkl:4;n04389033.pkl:7
convnext,1065,41,-,47,29,16,8,0.09537938245041183,0.15611479673948958,0.028496128059714007,0.07403874958215202,0.6410905161277741,0.16490772843716076,class=442:n02825657.pkl:0;n02825657.pkl:1;n02825657.pkl:2|class=476:n02966193.pkl:3;n02966193.pkl:4;n02966193.pkl:7|class=85:n01806567.pkl:0;n01806567.pkl:18;n01806567.pkl:20
convnext,1066,42,-,4,1,1,0,0.021372032522418434,0.03566122441862458,0.005249266399652313,0.0077357783714806,0.34142476185017173,0.7929387251289891,class=825:n04326547.pkl:124;n04326547.pkl:137;n04326547.pkl:160|class=849:n04398044.pkl:121|class=958:n07802026.pkl:967
convnext,1068,44,-,22,13,9,4,0.16855459464945624,0.29454009278130966,0.08906188194698808,0.20243505637253006,0.49601173165451884,0.2802907373925641,class=411:n02730930.pkl:0;n02730930.pkl:1;n02730930.pkl:2|class=944:n07718747.pkl:2;n07718747.pkl:3;n07718747.pkl:5|class=28:n01632458.pkl:3;n01632458.pkl:5;n01632458.pkl:6
convnext,1069,45,-,2,0,0,0,0.0011679367941510644,0.0003933434556537755,0.0011679367941510644,0.0003933434556537755,0.9165603834949843,0.5567120284445869,class=444:n02835271.pkl:19;n02835271.pkl:974|class=957:n07768694.pkl:1169
convnext,1070,46,-,70,50,35,13,0.1502750560443015,0.22351504482438087,0.05441422754552278,0.13316890515016394,0.6879100377219968,0.09984805985351632,class=17:n01580077.pkl:0;n01580077.pkl:1;n01580077.pkl:3|class=363:n02454379.pkl:1;n02454379.pkl:4;n02454379.pkl:12|class=630:n03680355.pkl:1;n03680355.pkl:6;n03680355.pkl:8
convnext,1071,47,-,57,34,22,8,0.09233268082746042,0.14644905071958916,0.024093652330977197,0.05283960971029523,0.7036878849924008,0.10192377164929298,class=362:n02447366.pkl:0;n02447366.pkl:1;n02447366.pkl:2|class=203:n02098286.pkl:0;n02098286.pkl:2;n02098286.pkl:15|class=601:n03534580.pkl:2;n03534580.pkl:27;n03534580.pkl:29
convnext,1072,48,-,31,16,5,3,0.07169296694981939,0.18665392879505985,0.03569376394481386,0.15171262932919383,0.292435398340634,0.6150279238960024,class=141:n02028035.pkl:0;n02028035.pkl:1;n02028035.pkl:2|class=982:n10148035.pkl:12;n10148035.pkl:20;n10148035.pkl:36|class=323:n02279972.pkl:43;n02279972.pkl:46;n02279972.pkl:102
convnext,1073,49,-,11,5,1,0,0.02375337304215489,0.03646034867220058,0.0050969131371223905,0.007078099067199421,0.7301408575736236,0.26622693602451625,class=989:n12620546.pkl:31;n12620546.pkl:52;n12620546.pkl:68|class=887:n04532106.pkl:89;n04532106.pkl:109;n04532106.pkl:166|class=407:n02701002.pkl:117;n02701002.pkl:538;n02701002.pkl:600
convnext,1074,50,-,88,61,39,19,0.17561164225124595,0.24544218390350434,0.0687426384028112,0.16297741111040492,0.6793471384239606,0.07523699658728034,class=350:n02417914.pkl:0;n02417914.pkl:1;n02417914.pkl:2|class=90:n01820546.pkl:0;n01820546.pkl:2;n01820546.pkl:3|class=552:n03325584.pkl:2;n03325584.pkl:3;n03325584.pkl:5
convnext,1075,51,-,30,10,3,0,0.02854648392416831,0.05327021679583889,0.0051303046899674005,0.01000351615596393,0.7108916077027587,0.16006868771959543,class=327:n02317335.pkl:15;n02317335.pkl:35;n02317335.pkl:60|class=479:n02974003.pkl:13;n02974003.pkl:40;n02974003.pkl:41|class=758:n04067472.pkl:26;n04067472.pkl:55;n04067472.pkl:117
convnext,1076,52,-,5,2,0,0,0.00843451003245195,0.010305137014328836,0.0021028309903222383,0.00262207716628041,0.6396440744593657,0.5109654901857718,class=505:n03063689.pkl:78;n03063689.pkl:360;n03063689.pkl:732|class=449:n02859443.pkl:596|class=154:n02086079.pkl:47
convnext,1077,53,-,4,1,0,0,0.022958980872958543,0.035694622526365426,0.0014176756325872029,0.0007103422320740661,0.9129419204869654,0.312765577719076,class=598:n03529860.pkl:832;n03529860.pkl:1053;n03529860.pkl:1132|class=495:n03018349.pkl:178;n03018349.pkl:1070|class=865:n04462240.pkl:215
convnext,1078,54,-,12,4,2,1,0.06124407842386076,0.13188291308388037,0.019409679197810503,0.05681043169030211,0.21824739907561647,0.7972347073896293,class=528:n03187595.pkl:2;n03187595.pkl:3;n03187595.pkl:9|class=382:n02494079.pkl:56;n02494079.pkl:85;n02494079.pkl:395|class=247:n02109525.pkl:128;n02109525.pkl:286;n02109525.pkl:464
convnext,1079,55,-,98,76,52,18,0.11471686093662341,0.14547458016960557,0.03569209405855181,0.06371838387914402,0.78443011025776,0.042724743120052575,class=820:n04310018.pkl:1;n04310018.pkl:2;n04310018.pkl:4|class=602:n03535780.pkl:4;n03535780.pkl:5;n03535780.pkl:7|class=171:n02091032.pkl:7;n02091032.pkl:16;n02091032.pkl:19
convnext,1080,56,-,123,73,51,18,0.08572776103830819,0.14316665962475758,0.031191524558329214,0.07095601623019394,0.7389016929323641,0.050202756972739924,class=856:n04428191.pkl:4;n04428191.pkl:5;n04428191.pkl:7|class=197:n02097130.pkl:6;n02097130.pkl:9;n02097130.pkl:10|class=677:n03804744.pkl:1;n03804744.pkl:10;n03804744.pkl:12
convnext,1081,57,-,46,26,18,8,0.11902533869923711,0.19602020081331012,0.04095423890104817,0.09129171779616536,0.6432715361613763,0.12975988527471388,class=261:n02112350.pkl:0;n02112350.pkl:1;n02112350.pkl:2|class=416:n02777292.pkl:3;n02777292.pkl:5;n02777292.pkl:8|class=123:n01984695.pkl:16;n01984695.pkl:18;n01984695.pkl:27
convnext,1082,58,-,72,31,16,4,0.03583252311872329,0.06787232423418632,0.010765275825760638,0.026813621639412505,0.7135450832852155,0.10005334160308335,class=651:n03761084.pkl:0;n03761084.pkl:10;n03761084.pkl:11|class=780:n04147183.pkl:1;n04147183.pkl:5;n04147183.pkl:11|class=357:n02442845.pkl:3;n02442845.pkl:7;n02442845.pkl:25
convnext,1083,59,-,3,0,0,0,0.0035834501872040133,0.003910485204198186,0.0013741157492034612,0.0007865956552171719,0.8615605798794738,0.4425616390743461,class=815:n04275548.pkl:163;n04275548.pkl:253;n04275548.pkl:1152|class=581:n03459775.pkl:829|class=350:n02417914.pkl:213
convnext,1084,60,-,17,10,2,0,0.029765238789764035,0.03623647922502321,0.005731822527717868,0.006767106408089345,0.810472998168725,0.14081555574188923,class=145:n02056570.pkl:14;n02056570.pkl:16;n02056570.pkl:43|class=340:n02391049.pkl:4;n02391049.pkl:41;n02391049.pkl:82|class=490:n03000247.pkl:128;n03000247.pkl:189;n03000247.pkl:240
convnext,1085,61,-,4,3,2,1,0.21178175043085742,0.22388733638336888,0.04688197468044995,0.0718307154492077,0.24097092291129293,0.8368790422845286,class=624:n03661043.pkl:3;n03661043.pkl:6;n03661043.pkl:8|class=281:n02123045.pkl:15;n02123045.pkl:42;n02123045.pkl:252|class=64:n01749939.pkl:1119
convnext,1087,63,-,77,52,31,18,0.10861010475363335,0.17141967474658223,0.04451037154334944,0.09756843740444832,0.7008330772312286,0.07539002252912931,class=553:n03337140.pkl:0;n03337140.pkl:2;n03337140.pkl:5|class=17:n01580077.pkl:4;n01580077.pkl:5;n01580077.pkl:6|class=853:n04417672.pkl:6;n04417672.pkl:10;n04417672.pkl:12
convnext,1088,64,-,42,19,8,1,0.040182878390124216,0.07822200614179704,0.0072414038937568155,0.013581468705138332,0.7370008975748772,0.10756219007911154,class=384:n02500267.pkl:9;n02500267.pkl:35;n02500267.pkl:45|class=428:n02797295.pkl:78;n02797295.pkl:92;n02797295.pkl:160|class=912:n04604644.pkl:0;n04604644.pkl:21;n04604644.pkl:48
convnext,1089,65,-,9,3,1,1,0.05314093694252994,0.11822879846713863,0.010445826062478101,0.02534890147125476,0.2802981207140001,0.7654311143534661,class=195:n02096585.pkl:3;n02096585.pkl:16;n02096585.pkl:23|class=222:n02104029.pkl:309;n02104029.pkl:399;n02104029.pkl:557|class=859:n04442312.pkl:196;n04442312.pkl:406;n04442312.pkl:1186
convnext,1091,67,-,64,35,17,10,0.06577650260236377,0.11714554261030798,0.020784205788396428,0.04715074938202652,0.6855081173174896,0.09603875779025318,class=433:n02807133.pkl:4;n02807133.pkl:13;n02807133.pkl:17|class=900:n04562935.pkl:3;n04562935.pkl:4;n04562935.pkl:12|class=166:n02089867.pkl:0;n02089867.pkl:1;n02089867.pkl:3
convnext,1092,68,-,118,101,79,61,0.512828028639148,0.3712255730204471,0.23768913757400018,0.3163867304884563,0.8260084743903905,0.0234899395557846,class=368:n02483362.pkl:0;n02483362.pkl:1;n02483362.pkl:2|class=320:n02268853.pkl:0;n02268853.pkl:1;n02268853.pkl:2|class=115:n01950731.pkl:0;n01950731.pkl:1;n01950731.pkl:2
convnext,1093,69,-,12,8,3,0,0.049256981493877396,0.05675617479597143,0.007233290174367388,0.008474602304349592,0.7633619584018744,0.19772269379666849,class=703:n03891251.pkl:9;n03891251.pkl:58;n03891251.pkl:64|class=485:n02988304.pkl:22;n02988304.pkl:280;n02988304.pkl:408|class=222:n02104029.pkl:32;n02104029.pkl:83;n02104029.pkl:220
convnext,1094,70,-,103,53,34,16,0.11544816763454621,0.21179527232889003,0.040107692551381295,0.0955746569830315,0.683940142808595,0.06483936299282393,class=535:n03208938.pkl:0;n03208938.pkl:1;n03208938.pkl:2|class=593:n03494278.pkl:0;n03494278.pkl:4;n03494278.pkl:7|class=109:n01917289.pkl:2;n01917289.pkl:6;n01917289.pkl:9
convnext,1095,71,-,2,0,0,0,0.0024717866773194845,0.0009237990612204134,0.0008114451213422551,3.7451313292719435e-05,0.9984628557283798,0.5010650887573965,class=269:n02114367.pkl:258|class=137:n02018207.pkl:1213
convnext,1096,72,-,113,74,46,20,0.10229534397103648,0.16917637083395126,0.03703864430946363,0.09010215832270514,0.7245416735249689,0.06121946186022141,class=498:n03032252.pkl:0;n03032252.pkl:1;n03032252.pkl:2|class=611:n03598930.pkl:7;n03598930.pkl:8;n03598930.pkl:9|class=976:n09399592.pkl:1;n09399592.pkl:5;n09399592.pkl:10
convnext,1097,73,-,50,24,13,3,0.0705853466337855,0.15804408523131552,0.028553271776718684,0.11267752681551443,0.4725637703017505,0.3314532374026626,class=90:n01820546.pkl:0;n01820546.pkl:2;n01820546.pkl:4|class=452:n02869837.pkl:15;n02869837.pkl:25;n02869837.pkl:26|class=424:n02791270.pkl:0;n02791270.pkl:14;n02791270.pkl:21
convnext,1098,74,-,75,43,26,11,0.09580534936971079,0.1662741389885056,0.031077861042548522,0.07695953917119984,0.6774496477256509,0.09509719835530969,class=70:n01770081.pkl:3;n01770081.pkl:7;n01770081.pkl:8|class=128:n02002724.pkl:0;n02002724.pkl:1;n02002724.pkl:2|class=126:n01990800.pkl:1;n01990800.pkl:4;n01990800.pkl:6
convnext,1099,75,-,5,2,0,0,0.021075439016354273,0.02134525686552522,0.0029788768520114346,0.002293529303982836,0.8217493544072425,0.3185587148801785,class=393:n02607072.pkl:73;n02607072.pkl:102;n02607072.pkl:211|class=315:n02236044.pkl:405;n02236044.pkl:479;n02236044.pkl:688|class=71:n01770393.pkl:289;n01770393.pkl:684;n01770393.pkl:726
convnext,1100,76,-,10,8,4,3,0.3031335187588176,0.38543437195083025,0.14707199574525906,0.2195274282903847,0.5304884632776625,0.32280124227488954,class=560:n03379051.pkl:3;n03379051.pkl:4;n03379051.pkl:6|class=685:n03841143.pkl:0;n03841143.pkl:1;n03841143.pkl:3|class=540:n03240683.pkl:3;n03240683.pkl:4;n03240683.pkl:8
convnext,1101,77,-,32,16,9,4,0.06232571689670981,0.10748992992230076,0.016460230607132434,0.03437905220108321,0.6532157149005993,0.16757201277926917,class=793:n04209133.pkl:0;n04209133.pkl:8;n04209133.pkl:12|class=740:n03995372.pkl:28;n03995372.pkl:64;n03995372.pkl:87|class=623:n03658185.pkl:58;n03658185.pkl:59;n03658185.pkl:61
convnext,1102,78,-,94,42,27,11,0.07190676626375292,0.13142754962990602,0.021700649449175737,0.0537791458162576,0.7009595524504318,0.07597458985761504,class=301:n02165456.pkl:1;n02165456.pkl:2;n02165456.pkl:5|class=722:n03942813.pkl:0;n03942813.pkl:4;n03942813.pkl:8|class=745:n04009552.pkl:3;n04009552.pkl:6;n04009552.pkl:9
convnext,1104,80,-,3,2,0,0,0.030358920986447324,0.0344276328733538,0.0030958311124387773,0.002735007943415871,0.6621297835743504,0.5934938631289715,class=89:n01819313.pkl:160;n01819313.pkl:497;n01819313.pkl:503|class=741:n03998194.pkl:262;n03998194.pkl:1242|class=378:n02492035.pkl:57
convnext,1105,81,-,17,9,7,2,0.08620004723081157,0.12745923182057609,0.017053620158781004,0.026677701519953818,0.6751341353745386,0.2027745425710285,class=849:n04398044.pkl:4;n04398044.pkl:17;n04398044.pkl:25|class=187:n02094433.pkl:1;n02094433.pkl:10;n02094433.pkl:23|class=890:n04540053.pkl:39;n04540053.pkl:57;n04540053.pkl:111
convnext,1106,82,-,6,3,2,1,0.27804910081505946,0.3817617390536291,0.1297820926263348,0.2814288387896487,0.07964647041986554,0.9503784960205068,class=47:n01694178.pkl:0;n01694178.pkl:1;n01694178.pkl:2|class=316:n02256656.pkl:51;n02256656.pkl:76;n02256656.pkl:124|class=861:n04447861.pkl:145;n04447861.pkl:213;n04447861.pkl:305
convnext,1107,83,-,1,1,0,0,0.024162120031176928,0.0,0.006235385814497272,0.0,0.0,1.0,class=229:n02105641.pkl:37;n02105641.pkl:385;n02105641.pkl:516
convnext,1109,85,-,33,23,11,3,0.08907634620984045,0.13354394002274242,0.022114753033556745,0.050143052513291195,0.6546480682313867,0.18609440509031128,class=724:n03947888.pkl:2;n03947888.pkl:8;n03947888.pkl:9|class=604:n03544143.pkl:9;n03544143.pkl:35;n03544143.pkl:40|class=225:n02105162.pkl:16;n02105162.pkl:20;n02105162.pkl:32
convnext,1110,86,-,55,23,9,2,0.03814644343606774,0.0932158963206672,0.008769939687890272,0.018538934957554935,0.7283910413247906,0.09943000142539955,class=853:n04417672.pkl:2;n04417672.pkl:6;n04417672.pkl:49|class=547:n03272562.pkl:3;n03272562.pkl:34;n03272562.pkl:38|class=90:n01820546.pkl:68;n01820546.pkl:95;n01820546.pkl:103
convnext,1111,87,-,8,6,3,1,0.15375856346190597,0.1904595152079331,0.03700780421491028,0.06912459847528683,0.4395539998605147,0.5611025444299106,class=446:n02840245.pkl:9;n02840245.pkl:21;n02840245.pkl:25|class=597:n03527444.pkl:8;n03527444.pkl:31;n03527444.pkl:39|class=626:n03666591.pkl:0;n03666591.pkl:17;n03666591.pkl:55
convnext,1112,88,-,64,40,19,7,0.09794691791012719,0.18755218571210605,0.03512233434716716,0.10987319357886131,0.5651139467486218,0.16853531260232563,class=816:n04277352.pkl:1;n04277352.pkl:2;n04277352.pkl:3|class=832:n04346328.pkl:0;n04346328.pkl:1;n04346328.pkl:2|class=171:n02091032.pkl:6;n02091032.pkl:8;n02091032.pkl:11
convnext,1113,89,-,104,72,48,34,0.1944048098856731,0.26460229420564324,0.08207725421873291,0.16563402809272315,0.7376209650224536,0.04877335282965399,class=325:n02281406.pkl:0;n02281406.pkl:1;n02281406.pkl:2|class=52:n01728572.pkl:0;n01728572.pkl:1;n01728572.pkl:2|class=634:n03697007.pkl:0;n03697007.pkl:1;n03697007.pkl:2
convnext,1114,90,-,9,6,3,2,0.2938106653089824,0.3763983382599029,0.0724762947164689,0.15447304591702155,0.34710739323463297,0.615854856584551,class=476:n02966193.pkl:1;n02966193.pkl:2;n02966193.pkl:5|class=713:n03924679.pkl:10;n03924679.pkl:20;n03924679.pkl:55|class=781:n04149813.pkl:7;n04149813.pkl:20;n04149813.pkl:31
convnext,1115,91,-,47,31,16,7,0.13059354992456068,0.23130425210895858,0.05463431907544635,0.135034033476084,0.5886707798550205,0.1512509155098281,class=107:n01910747.pkl:0;n01910747.pkl:1;n01910747.pkl:2|class=862:n04456115.pkl:0;n04456115.pkl:1;n04456115.pkl:2|class=49:n01697457.pkl:2;n01697457.pkl:5;n01697457.pkl:6
convnext,1116,92,-,36,16,8,2,0.03709715115043934,0.06885409518019432,0.008735132596772787,0.01749142882878852,0.6966552330962472,0.1391582539298973,class=810:n04264628.pkl:35;n04264628.pkl:81;n04264628.pkl:90|class=850:n04399382.pkl:31;n04399382.pkl:37;n04399382.pkl:45|class=625:n03662601.pkl:16;n03662601.pkl:51;n03662601.pkl:58
convnext,1117,93,-,230,138,110,48,0.09146473450112534,0.15512100758197317,0.04988121732375796,0.10592946593803289,0.7764757530507619,0.023955751313995605,class=578:n03450230.pkl:3;n03450230.pkl:4;n03450230.pkl:5|class=432:n02804610.pkl:0;n02804610.pkl:2;n02804610.pkl:3|class=638:n03710637.pkl:5;n03710637.pkl:14;n03710637.pkl:15
convnext,1118,94,-,36,15,8,3,0.04554521012741158,0.09020954285327766,0.010761930464800944,0.022839344808303828,0.6663492526178297,0.15288558673431632,class=305:n02172182.pkl:3;n02172182.pkl:16;n02172182.pkl:21|class=316:n02256656.pkl:10;n02256656.pkl:12;n02256656.pkl:25|class=195:n02096585.pkl:96;n02096585.pkl:123;n02096585.pkl:124
convnext,1119,95,-,12,5,3,1,0.03431528974939945,0.05924671411354955,0.009086645511274966,0.018408819039838206,0.5413136052466772,0.4253627343401775,class=890:n04540053.pkl:14;n04540053.pkl:24;n04540053.pkl:25|class=2:n01484850.pkl:0;n01484850.pkl:55;n01484850.pkl:58|class=19:n01592084.pkl:152;n01592084.pkl:421;n01592084.pkl:619
convnext,1120,96,-,11,4,3,0,0.05035767315157511,0.09501605782694467,0.00711618876640274,0.011088113826071918,0.6510178683922383,0.3116220057967194,class=121:n01981276.pkl:0;n01981276.pkl:4;n01981276.pkl:83|class=615:n03623198.pkl:46;n03623198.pkl:69;n03623198.pkl:82|class=335:n02356798.pkl:30;n02356798.pkl:60;n02356798.pkl:131
convnext,1121,97,-,54,33,17,10,0.09355941467402643,0.14433462191958396,0.029656902365648528,0.0629330035797111,0.6988650710879005,0.10190805976044157,class=869:n04479046.pkl:1;n04479046.pkl:2;n04479046.pkl:4|class=240:n02107908.pkl:4;n02107908.pkl:10;n02107908.pkl:12|class=972:n09246464.pkl:17;n09246464.pkl:19;n09246464.pkl:23
convnext,1122,98,-,88,64,41,24,0.1595177524842762,0.24421631139293165,0.08300760002214726,0.1900755165044541,0.6872068975467672,0.07094822860422487,class=533:n03207743.pkl:0;n03207743.pkl:1;n03207743.pkl:2|class=12:n01532829.pkl:0;n01532829.pkl:1;n01532829.pkl:3|class=376:n02489166.pkl:0;n02489166.pkl:2;n02489166.pkl:3
convnext,1123,99,-,113,80,56,21,0.12734745632580582,0.19286338347965004,0.0519120315932379,0.12160488420239775,0.7165486191437664,0.05741054871098622,class=46:n01693334.pkl:1;n01693334.pkl:4;n01693334.pkl:5|class=188:n02095314.pkl:3;n02095314.pkl:4;n02095314.pkl:6|class=633:n03692522.pkl:0;n03692522.pkl:1;n03692522.pkl:3
convnext,1124,100,-,17,3,0,0,0.005196325109579445,0.006822359995315903,0.0016497317067322534,0.0019967033766554116,0.8532728043700434,0.14499262619178832,class=658:n03775071.pkl:34;n03775071.pkl:53;n03775071.pkl:259|class=250:n02110185.pkl:976;n02110185.pkl:995;n02110185.pkl:1099|class=521:n03133878.pkl:935;n03133878.pkl:1095
convnext,1125,101,-,5,3,2,0,0.042323734732252746,0.04984556356143633,0.008274010705161343,0.008814188612466498,0.6337398271618369,0.4269668958465044,class=1:n01443537.pkl:24;n01443537.pkl:46;n01443537.pkl:67|class=351:n02422106.pkl:188;n02422106.pkl:246;n02422106.pkl:333|class=158:n02087046.pkl:405;n02087046.pkl:543
convnext,1126,102,-,98,59,30,7,0.07767550609393077,0.15199228735692671,0.027866494897433678,0.08485162765044235,0.6414656783375835,0.10481245767322964,class=999:n15075141.pkl:0;n15075141.pkl:5;n15075141.pkl:6|class=738:n03991062.pkl:0;n03991062.pkl:3;n03991062.pkl:4|class=58:n01737021.pkl:0;n01737021.pkl:5;n01737021.pkl:8
convnext,1129,105,-,93,74,50,24,0.16803934443632387,0.22571001930740658,0.06535617031495276,0.1312339342278103,0.7457847229268622,0.05410738533612391,class=493:n03016953.pkl:0;n03016953.pkl:3;n03016953.pkl:4|class=417:n02782093.pkl:0;n02782093.pkl:1;n02782093.pkl:3|class=872:n04485082.pkl:1;n04485082.pkl:3;n04485082.pkl:4
convnext,1130,106,-,79,38,24,13,0.11005880168733155,0.20941738865865764,0.044856945525114295,0.1326536337618813,0.6080575233229377,0.12335929710313652,class=140:n02027492.pkl:0;n02027492.pkl:1;n02027492.pkl:2|class=320:n02268853.pkl:0;n02268853.pkl:1;n02268853.pkl:3|class=878:n04505470.pkl:0;n04505470.pkl:4;n04505470.pkl:9
convnext,1131,107,-,1,0,0,0,0.0023148148148148147,0.0,0.0015432098765432098,0.0,0.0,1.0,class=984:n11879895.pkl:851;n11879895.pkl:1091
convnext,1132,108,-,14,9,5,1,0.05835400498924448,0.12379230230974671,0.015537279618477078,0.032854024557128665,0.5582468453948576,0.3908022759799762,class=47:n01694178.pkl:2;n01694178.pkl:3;n01694178.pkl:21|class=81:n01796340.pkl:23;n01796340.pkl:36;n01796340.pkl:53|class=354:n02437312.pkl:63;n02437312.pkl:87;n02437312.pkl:106
convnext,1134,110,-,1,1,0,0,0.06937799043062201,0.0,0.003189792663476874,0.0,0.0,1.0,class=903:n04584207.pkl:272;n04584207.pkl:497;n04584207.pkl:700
convnext,1135,111,-,69,41,17,3,0.05394806044328369,0.11236644799187163,0.015663998965541336,0.055084964560136,0.6212816139367655,0.19372319175074298,class=7:n01514668.pkl:2;n01514668.pkl:3;n01514668.pkl:5|class=477:n02966687.pkl:4;n02966687.pkl:6;n02966687.pkl:9|class=14:n01537544.pkl:0;n01537544.pkl:10;n01537544.pkl:13
convnext,1137,113,-,25,13,5,4,0.13401778965954558,0.28229015331185886,0.07492084067054834,0.186746729632278,0.45228572233380204,0.28851964108123435,class=959:n07831146.pkl:0;n07831146.pkl:1;n07831146.pkl:2|class=432:n02804610.pkl:2;n02804610.pkl:6;n02804610.pkl:7|class=88:n01818515.pkl:1;n01818515.pkl:2;n01818515.pkl:8
convnext,1138,114,-,61,39,22,10,0.1045382791066163,0.19950852709458014,0.04523337777295851,0.11537516109138789,0.6212933948477584,0.12304734893934526,class=256:n02111277.pkl:0;n02111277.pkl:1;n02111277.pkl:2|class=377:n02490219.pkl:0;n02490219.pkl:1;n02490219.pkl:3|class=670:n03791053.pkl:1;n03791053.pkl:2;n03791053.pkl:11
convnext,1140,116,-,2,1,0,0,0.05726641954186864,0.053844691569242466,0.0034595986598232103,0.0017487346735101225,0.8069117717830291,0.6277516171471291,class=969:n07932039.pkl:65;n07932039.pkl:156;n07932039.pkl:485|class=718:n03933933.pkl:387;n03933933.pkl:879
convnext,1141,117,-,78,52,33,17,0.12765487166110515,0.19267595024371592,0.044231227414041716,0.09013592154489275,0.718120420326876,0.0660611471925058,class=719:n03935335.pkl:0;n03935335.pkl:1;n03935335.pkl:2|class=443:n02834397.pkl:0;n02834397.pkl:1;n02834397.pkl:7|class=306:n02174001.pkl:0;n02174001.pkl:3;n02174001.pkl:5
convnext,1142,118,-,8,3,0,0,0.014508067892543768,0.015725143873483043,0.0017004970116584824,0.0008925644869247733,0.9368434032465189,0.1594379644534982,class=492:n03014705.pkl:29;n03014705.pkl:342;n03014705.pkl:498|class=448:n02843684.pkl:563;n02843684.pkl:751;n02843684.pkl:778|class=632:n03691459.pkl:159;n03691459.pkl:716
convnext,1143,119,-,109,71,51,22,0.13803714747612852,0.21073374816255525,0.05287008884387524,0.12721013783277546,0.7133888149131502,0.06228682708089105,class=802:n04252077.pkl:0;n04252077.pkl:1;n04252077.pkl:2|class=342:n02396427.pkl:3;n02396427.pkl:4;n02396427.pkl:5|class=199:n02097298.pkl:0;n02097298.pkl:3;n02097298.pkl:4
convnext,1144,120,-,50,27,14,6,0.09964322601774517,0.187451013428281,0.03362137999861133,0.10527990667768278,0.5498155386435011,0.21610556039223144,class=688:n03857828.pkl:0;n03857828.pkl:1;n03857828.pkl:2|class=789:n04201297.pkl:1;n04201297.pkl:3;n04201297.pkl:4|class=641:n03720891.pkl:14;n03720891.pkl:18;n03720891.pkl:29
convnext,1145,121,-,123,88,55,21,0.1055595546876686,0.16594143160205174,0.03822412041610411,0.08900313430627714,0.7420778822356884,0.052208955032916844,class=612:n03599486.pkl:0;n03599486.pkl:2;n03599486.pkl:3|class=953:n07753275.pkl:0;n07753275.pkl:1;n07753275.pkl:2|class=672:n03792972.pkl:2;n03792972.pkl:3;n03792972.pkl:5
convnext,1146,122,-,26,16,11,5,0.1329837724006449,0.22151099416057193,0.06198458143835449,0.15242005834123082,0.5227733584214381,0.2710261086452513,class=547:n03272562.pkl:0;n03272562.pkl:1;n03272562.pkl:2|class=271:n02114712.pkl:2;n02114712.pkl:9;n02114712.pkl:30|class=550:n03297495.pkl:1;n03297495.pkl:6;n03297495.pkl:12
convnext,1147,123,-,3,2,1,0,0.06506518652206668,0.07213856480995494,0.009366112263227038,0.010983895840256159,0.39443725556029374,0.7917631312883094,class=309:n02206856.pkl:7;n02206856.pkl:8;n02206856.pkl:46|class=995:n13044778.pkl:372;n13044778.pkl:610|class=735:n03980874.pkl:597;n03980874.pkl:1163
convnext,1148,124,-,11,6,3,1,0.10933892911981724,0.25021564608558283,0.0633836542851506,0.1880689043180791,0.13010107439559618,0.8912716336931452,class=149:n02074367.pkl:2;n02074367.pkl:4;n02074367.pkl:5|class=560:n03379051.pkl:88;n03379051.pkl:163;n03379051.pkl:221|class=111:n01930112.pkl:77;n01930112.pkl:436;n01930112.pkl:438
convnext,1149,125,-,24,11,7,4,0.0889988120205718,0.15779822189086912,0.03274881067340393,0.06915457176379965,0.5537837569794861,0.22746400404820175,class=148:n02071294.pkl:6;n02071294.pkl:10;n02071294.pkl:11|class=323:n02279972.pkl:5;n02279972.pkl:6;n02279972.pkl:9|class=410:n02727426.pkl:3;n02727426.pkl:12;n02727426.pkl:25
convnext,1150,126,-,65,38,20,6,0.0929405554233541,0.1671602643707296,0.02740988488648103,0.07328163473105022,0.6372027875271558,0.12535165094011155,class=305:n02172182.pkl:0;n02172182.pkl:1;n02172182.pkl:2|class=569:n03417042.pkl:0;n03417042.pkl:2;n03417042.pkl:11|class=647:n03733805.pkl:2;n03733805.pkl:4;n03733805.pkl:6
convnext,1153,129,-,61,39,23,11,0.1392870233126421,0.2347861960932299,0.049549092883481576,0.11838022013690819,0.6374117825812844,0.10996783922229643,class=318:n02264363.pkl:0;n02264363.pkl:2;n02264363.pkl:3|class=357:n02442845.pkl:0;n02442845.pkl:1;n02442845.pkl:4|class=285:n02124075.pkl:2;n02124075.pkl:3;n02124075.pkl:9
convnext,1156,132,-,8,5,1,0,0.027053190538436304,0.024963672058773513,0.004415993457217129,0.004226372001290251,0.8233030867100876,0.23949555105528947,class=288:n02128385.pkl:58;n02128385.pkl:73;n02128385.pkl:147|class=439:n02817516.pkl:317;n02817516.pkl:346;n02817516.pkl:786|class=502:n03047690.pkl:154;n03047690.pkl:705;n03047690.pkl:717
convnext,1157,133,-,27,12,7,2,0.0683329533707602,0.12511907556060872,0.011186054590493485,0.017608864469437185,0.7242853884337763,0.1288164062630207,class=511:n03100240.pkl:21;n03100240.pkl:30;n03100240.pkl:45|class=104:n01877812.pkl:49;n01877812.pkl:55;n01877812.pkl:89|class=758:n04067472.pkl:14;n04067472.pkl:22;n04067472.pkl:26
convnext,1158,134,-,50,29,16,8,0.11080256722924442,0.1855980915353182,0.03011841923877112,0.060301047722118986,0.6860637126664534,0.10017064233252303,class=443:n02834397.pkl:4;n02834397.pkl:6;n02834397.pkl:7|class=370:n02484975.pkl:5;n02484975.pkl:6;n02484975.pkl:13|class=179:n02093256.pkl:1;n02093256.pkl:9;n02093256.pkl:12
convnext,1159,135,-,68,40,24,11,0.11476623711120268,0.19205888403891253,0.04050789170867475,0.0871126034564931,0.6810648394365096,0.08271604184445426,class=69:n01768244.pkl:1;n01768244.pkl:2;n01768244.pkl:4|class=14:n01537544.pkl:6;n01537544.pkl:8;n01537544.pkl:10|class=402:n02676566.pkl:16;n02676566.pkl:17;n02676566.pkl:27
convnext,1160,136,-,94,58,29,13,0.10798610188777273,0.20579992521188561,0.04340332148245608,0.13698441117381255,0.6126245847521266,0.11660477825006627,class=25:n01629819.pkl:0;n01629819.pkl:1;n01629819.pkl:2|class=677:n03804744.pkl:0;n03804744.pkl:2;n03804744.pkl:3|class=26:n01630670.pkl:2;n01630670.pkl:3;n01630670.pkl:4
convnext,1162,138,-,29,14,5,1,0.04763637715633711,0.10464726870924074,0.010330727288581736,0.02733979839470296,0.5929378892044517,0.27599037037845875,class=653:n03764736.pkl:1;n03764736.pkl:9;n03764736.pkl:13|class=489:n03000134.pkl:22;n03000134.pkl:30;n03000134.pkl:52|class=713:n03924679.pkl:19;n03924679.pkl:52;n03924679.pkl:56
convnext,1163,139,-,11,3,0,0,0.02243906205117692,0.038459437627905275,0.0023746732578143292,0.0016133655229594605,0.9067807979509728,0.1328719562935033,class=180:n02093428.pkl:170;n02093428.pkl:179;n02093428.pkl:445|class=558:n03372029.pkl:265;n03372029.pkl:590;n03372029.pkl:689|class=923:n07579787.pkl:205;n07579787.pkl:329;n07579787.pkl:1149
convnext,1165,141,-,56,36,20,6,0.08971300000167261,0.16102584820389382,0.029826432134175164,0.11374706414616204,0.5470248058913905,0.2775677896542962,class=320:n02268853.pkl:0;n02268853.pkl:1;n02268853.pkl:2|class=896:n04553703.pkl:4;n04553703.pkl:8;n04553703.pkl:19|class=706:n03899768.pkl:11;n03899768.pkl:28;n03899768.pkl:30
convnext,1166,142,-,79,53,34,14,0.12060323075351037,0.19793489455777494,0.04939424007484204,0.12710099197600627,0.662368667611252,0.09647253752538965,class=375:n02488702.pkl:0;n02488702.pkl:1;n02488702.pkl:2|class=279:n02120079.pkl:1;n02120079.pkl:8;n02120079.pkl:10|class=103:n01873310.pkl:2;n01873310.pkl:4;n01873310.pkl:5
convnext,1167,143,-,1,1,1,0,0.17981072555205047,0.0,0.02365930599369085,0.0,0.0,1.0,class=245:n02108915.pkl:2;n02108915.pkl:5;n02108915.pkl:165
convnext,1168,144,-,16,11,7,2,0.12054172608542577,0.16164771797871927,0.021249425103474953,0.03062028448333797,0.7043001285632815,0.19227890042528756,class=523:n03141823.pkl:6;n03141823.pkl:20;n03141823.pkl:36|class=909:n04596742.pkl:2;n04596742.pkl:14;n04596742.pkl:23|class=67:n01755581.pkl:42;n01755581.pkl:72;n01755581.pkl:107
convnext,1169,145,-,87,51,28,11,0.06929971389414478,0.1291196022230695,0.021562969593973417,0.05247511244181064,0.7071758789132692,0.07956654307029444,class=410:n02727426.pkl:7;n02727426.pkl:10;n02727426.pkl:15|class=510:n03095699.pkl:5;n03095699.pkl:9;n03095699.pkl:20|class=259:n02112018.pkl:3;n02112018.pkl:6;n02112018.pkl:9
convnext,1170,146,-,59,36,17,9,0.10434388511776081,0.1907510123425488,0.038801208725544524,0.08813457064223733,0.6372601805895595,0.10439718952348595,class=706:n03899768.pkl:0;n03899768.pkl:1;n03899768.pkl:2|class=742:n04004767.pkl:3;n04004767.pkl:4;n04004767.pkl:8|class=283:n02123394.pkl:6;n02123394.pkl:7;n02123394.pkl:8
convnext,1171,147,-,3,2,0,0,0.016594316975364124,0.009548486801569478,0.0034261041298348505,0.0019852367079518022,0.8147188836240805,0.4452519213391748,class=407:n02701002.pkl:28;n02701002.pkl:123;n02701002.pkl:191|class=830:n04336792.pkl:197;n04336792.pkl:307;n04336792.pkl:416|class=510:n03095699.pkl:1086
convnext,1172,148,-,172,112,75,39,0.13899701836875164,0.2195606644326252,0.06405010347493972,0.14127414485965867,0.7444265675001003,0.03409902336878843,class=444:n02835271.pkl:0;n02835271.pkl:1;n02835271.pkl:2|class=438:n02815834.pkl:0;n02815834.pkl:1;n02815834.pkl:2|class=167:n02089973.pkl:4;n02089973.pkl:5;n02089973.pkl:6
convnext,1174,150,-,51,28,18,12,0.16324777161402954,0.2566733662350324,0.07332652968887188,0.15097658084804416,0.6539369733339616,0.10273190022176476,class=429:n02799071.pkl:0;n02799071.pkl:2;n02799071.pkl:4|class=403:n02687172.pkl:2;n02687172.pkl:4;n02687172.pkl:5|class=800:n04243546.pkl:0;n04243546.pkl:1;n04243546.pkl:10
convnext,1175,151,-,58,41,28,10,0.1849323612552798,0.2798591712766343,0.0844102331903727,0.19687906233425784,0.6314572285217809,0.11103663485261207,class=714:n03929660.pkl:0;n03929660.pkl:1;n03929660.pkl:2|class=71:n01770393.pkl:1;n01770393.pkl:3;n01770393.pkl:4|class=458:n02892201.pkl:0;n02892201.pkl:1;n02892201.pkl:2
convnext,1176,152,-,1,1,0,0,0.0200836820083682,0.0,0.0033472803347280333,0.0,0.0,1.0,class=197:n02097130.pkl:618;n02097130.pkl:698;n02097130.pkl:783
convnext,1177,153,-,33,25,18,9,0.26283021978005316,0.30409080526345217,0.08352166401019721,0.15333080300185398,0.6616083785732747,0.13243144812759441,class=760:n04070727.pkl:0;n04070727.pkl:1;n04070727.pkl:3|class=839:n04366367.pkl:2;n04366367.pkl:7;n04366367.pkl:10|class=300:n02165105.pkl:0;n02165105.pkl:1;n02165105.pkl:2
convnext,1178,154,-,83,50,30,13,0.10122072689205064,0.19309006618905838,0.047952893900999126,0.1457842067324228,0.6086671692288923,0.12340408980446883,class=649:n03743016.pkl:0;n03743016.pkl:1;n03743016.pkl:2|class=399:n02667093.pkl:0;n02667093.pkl:2;n02667093.pkl:3|class=995:n13044778.pkl:1;n13044778.pkl:2;n13044778.pkl:3
convnext,1179,155,-,57,38,23,11,0.13643304250630947,0.19739367188811985,0.04435219244001525,0.09443923327703853,0.6727552625079096,0.09708647445186157,class=0:n01440764.pkl:1;n01440764.pkl:6;n01440764.pkl:7|class=661:n03777568.pkl:1;n03777568.pkl:4;n03777568.pkl:6|class=737:n03983396.pkl:2;n03983396.pkl:3;n03983396.pkl:7
convnext,1180,156,-,131,89,64,35,0.16666486792191568,0.25638903604486946,0.08211528453502996,0.1824064182369638,0.7202306883827512,0.04530057904523077,class=115:n01950731.pkl:0;n01950731.pkl:1;n01950731.pkl:2|class=467:n02927161.pkl:0;n02927161.pkl:1;n02927161.pkl:2|class=205:n02099267.pkl:1;n02099267.pkl:3;n02099267.pkl:4
convnext,1181,157,-,24,14,6,1,0.04773040254720371,0.06757744609954952,0.009887193286247355,0.015460676872389008,0.7339972198881938,0.14354919564014865,class=108:n01914609.pkl:16;n01914609.pkl:30;n01914609.pkl:93|class=887:n04532106.pkl:7;n04532106.pkl:66;n04532106.pkl:71|class=513:n03110669.pkl:23;n03110669.pkl:55;n03110669.pkl:56
convnext,1183,159,-,31,19,10,6,0.08837359614608248,0.15715238665882783,0.034595053091992255,0.08266486564550733,0.5857128210263399,0.21644220500021064,class=325:n02281406.pkl:1;n02281406.pkl:3;n02281406.pkl:4|class=378:n02492035.pkl:1;n02492035.pkl:9;n02492035.pkl:16|class=709:n03908618.pkl:18;n03908618.pkl:21;n03908618.pkl:44
convnext,1184,160,-,2,1,0,0,0.011471846557631716,0.0035479162882180865,0.0011876499439374103,0.0003971361099453155,0.9177675046710391,0.5559077293524899,class=237:n02107312.pkl:1062;n02107312.pkl:1246|class=514:n03124043.pkl:603
convnext,1186,162,-,66,27,11,2,0.02965865750043765,0.05092531659766823,0.007162114437172187,0.013479431439495159,0.7560958744326204,0.06881967452411143,class=451:n02865351.pkl:8;n02865351.pkl:17;n02865351.pkl:26|class=365:n02480495.pkl:1;n02480495.pkl:72;n02480495.pkl:73|class=376:n02489166.pkl:35;n02489166.pkl:72;n02489166.pkl:80
convnext,1187,163,-,67,40,26,18,0.15747078724138808,0.23015360565824827,0.05380237876998606,0.12555750778420005,0.6862414594214296,0.09620985009625173,class=817:n04285008.pkl:0;n04285008.pkl:1;n04285008.pkl:3|class=513:n03110669.pkl:0;n03110669.pkl:3;n03110669.pkl:4|class=815:n04275548.pkl:1;n04275548.pkl:7;n04275548.pkl:8
convnext,1190,166,-,8,3,2,1,0.08963266467300104,0.15933970389665653,0.021146285335971047,0.042758791567077396,0.3776984228288737,0.6360844677656713,class=393:n02607072.pkl:16;n02607072.pkl:23;n02607072.pkl:30|class=768:n04118538.pkl:144;n04118538.pkl:231;n04118538.pkl:260|class=213:n02100877.pkl:249;n02100877.pkl:266;n02100877.pkl:385
convnext,1191,167,-,16,6,6,2,0.08609013974876159,0.12909440120756804,0.021747327686033813,0.04473327094624258,0.5449438897918704,0.3269414509261823,class=687:n03854065.pkl:7;n03854065.pkl:12;n03854065.pkl:13|class=81:n01796340.pkl:6;n01796340.pkl:38;n01796340.pkl:51|class=956:n07760859.pkl:52;n07760859.pkl:130;n07760859.pkl:137
convnext,1192,168,-,57,31,18,6,0.09347844211678544,0.16539989234426283,0.028390806275541226,0.08736284757843032,0.5952772962357054,0.18366436913973455,class=152:n02085782.pkl:1;n02085782.pkl:3;n02085782.pkl:12|class=647:n03733805.pkl:3;n03733805.pkl:12;n03733805.pkl:13|class=903:n04584207.pkl:6;n04584207.pkl:23;n04584207.pkl:44
convnext,1193,169,-,42,27,15,4,0.0869590797192119,0.11835924843129449,0.018324281130558614,0.03266738527724872,0.7476007206592836,0.09947984312674772,class=861:n04447861.pkl:7;n04447861.pkl:10;n04447861.pkl:12|class=422:n02790996.pkl:1;n02790996.pkl:9;n02790996.pkl:20|class=644:n03729826.pkl:19;n03729826.pkl:42;n03729826.pkl:63
convnext,1194,170,-,37,20,9,4,0.07569835960054809,0.15072905502735526,0.023313579498010335,0.07117914121999495,0.538605242821254,0.2789604839447725,class=850:n04399382.pkl:4;n04399382.pkl:5;n04399382.pkl:6|class=503:n03062245.pkl:6;n03062245.pkl:9;n03062245.pkl:18|class=335:n02356798.pkl:3;n02356798.pkl:34;n02356798.pkl:63
convnext,1195,171,-,86,58,32,15,0.12313035727761218,0.207644030691396,0.050369620004882903,0.12564232729804364,0.6627495364463089,0.08397750864989978,class=951:n07749582.pkl:0;n07749582.pkl:2;n07749582.pkl:3|class=17:n01580077.pkl:1;n01580077.pkl:3;n01580077.pkl:6|class=631:n03690938.pkl:1;n03690938.pkl:5;n03690938.pkl:7
convnext,1196,172,-,3,3,1,1,0.11702580355448572,0.13355446815030936,0.029872882065618958,0.03997784152419483,0.16308272108833358,0.9303180057322253,class=936:n07714571.pkl:9;n07714571.pkl:10;n07714571.pkl:17|class=815:n04275548.pkl:56;n04275548.pkl:772|class=959:n07831146.pkl:777;n07831146.pkl:1212
convnext,1197,173,-,1,1,0,0,0.013776337115072933,0.0,0.0008103727714748784,0.0,0.0,1.0,class=454:n02871525.pkl:689
convnext,1198,174,-,66,35,20,13,0.11981456592011196,0.21427006046723024,0.046667707225393526,0.12389166596373435,0.6175033304577205,0.12193579449269594,class=491:n03000684.pkl:0;n03000684.pkl:1;n03000684.pkl:2|class=28:n01632458.pkl:0;n01632458.pkl:1;n01632458.pkl:5|class=386:n02504458.pkl:0;n02504458.pkl:4;n02504458.pkl:9
convnext,1199,175,-,22,16,8,4,0.16200530752542708,0.21606043025012908,0.031899394864495466,0.050781900920003675,0.6824722329737042,0.16064867243964082,class=810:n04264628.pkl:2;n04264628.pkl:4;n04264628.pkl:29|class=990:n12768682.pkl:2;n12768682.pkl:15;n12768682.pkl:23|class=976:n09399592.pkl:0;n09399592.pkl:4;n09399592.pkl:15
convnext,1200,176,-,2,1,0,0,0.0085709202549992,0.005094674600306268,0.002364536332914793,4.703922978617188e-05,0.9997145029576426,0.5001978784159438,class=895:n04552348.pkl:128;n04552348.pkl:156;n04552348.pkl:1192|class=841:n04370456.pkl:38;n04370456.pkl:90
convnext,1201,177,-,56,27,12,4,0.05557613310292275,0.11570672320362198,0.015585062365441858,0.04251556915575973,0.6251673454204597,0.15074670751859479,class=550:n03297495.pkl:0;n03297495.pkl:1;n03297495.pkl:4|class=162:n02088364.pkl:3;n02088364.pkl:4;n02088364.pkl:19|class=97:n01847000.pkl:1;n01847000.pkl:7;n01847000.pkl:31
convnext,1202,178,-,48,32,18,8,0.11328793574982433,0.1907170889357411,0.04244626312791585,0.09513810115316186,0.6498825411273865,0.12549527730731697,class=334:n02346627.pkl:0;n02346627.pkl:1;n02346627.pkl:2|class=243:n02108422.pkl:2;n02108422.pkl:3;n02108422.pkl:4|class=178:n02092339.pkl:1;n02092339.pkl:2;n02092339.pkl:7
convnext,1203,179,-,56,28,13,6,0.0701669997529595,0.1433943477370066,0.020365205609718044,0.0634811612591641,0.5954970355126914,0.19136697918039108,class=365:n02480495.pkl:3;n02480495.pkl:4;n02480495.pkl:5|class=215:n02101388.pkl:33;n02101388.pkl:35;n02101388.pkl:49|class=432:n02804610.pkl:19;n02804610.pkl:26;n02804610.pkl:41
convnext,1204,180,-,76,49,21,9,0.08807455686011702,0.17048427034172955,0.033934413282263154,0.09670648500887362,0.6219800581455003,0.12001832408372529,class=121:n01981276.pkl:1;n01981276.pkl:6;n01981276.pkl:7|class=453:n02870880.pkl:5;n02870880.pkl:6;n02870880.pkl:7|class=710:n03908714.pkl:0;n03908714.pkl:2;n03908714.pkl:6
convnext,1206,182,-,3,2,1,0,0.0725229626781804,0.09365725405846706,0.0078079540178757284,0.009371324529128788,0.3566589384254828,0.8135156988235016,class=737:n03983396.pkl:1;n03983396.pkl:10;n03983396.pkl:45|class=192:n02096177.pkl:322;n02096177.pkl:816|class=284:n02123597.pkl:490
convnext,1207,183,-,1,1,1,1,0.43250214961306965,0.0,0.23129836629406708,0.0,0.0,1.0,class=581:n03459775.pkl:5;n03459775.pkl:6;n03459775.pkl:8
convnext,1208,184,-,43,31,20,10,0.2566101929596279,0.33668141049350686,0.10540812091608731,0.22264717265844733,0.624480418642077,0.12701290104779459,class=92:n01828970.pkl:0;n01828970.pkl:1;n01828970.pkl:2|class=604:n03544143.pkl:0;n03544143.pkl:1;n03544143.pkl:2|class=393:n02607072.pkl:1;n02607072.pkl:2;n02607072.pkl:3
convnext,1209,185,-,15,8,1,0,0.015537427670683803,0.014125342070245706,0.002664269500269068,0.002550868515024391,0.8617359638351147,0.1277789599808764,class=416:n02777292.pkl:89;n02777292.pkl:194;n02777292.pkl:498|class=336:n02361337.pkl:85;n02361337.pkl:130;n02361337.pkl:548|class=408:n02704792.pkl:70;n02704792.pkl:453;n02704792.pkl:623
convnext,1210,186,-,30,18,6,1,0.045810069158895704,0.08435642053036832,0.010226615370205788,0.02356663820520754,0.6594384430027475,0.210348374384453,class=510:n03095699.pkl:8;n03095699.pkl:16;n03095699.pkl:18|class=480:n02977058.pkl:9;n02977058.pkl:21;n02977058.pkl:56|class=985:n11939491.pkl:34;n11939491.pkl:75;n11939491.pkl:170
convnext,1211,187,-,57,35,20,11,0.10761952851606049,0.1833090954274929,0.03993486020474743,0.1245995058611381,0.5953370389296282,0.18833032382335557,class=990:n12768682.pkl:0;n12768682.pkl:1;n12768682.pkl:3|class=667:n03787032.pkl:4;n03787032.pkl:5;n03787032.pkl:6|class=343:n02397096.pkl:2;n02397096.pkl:12;n02397096.pkl:17
convnext,1212,188,-,62,35,22,12,0.14395565379743627,0.23053796492851547,0.05484853018284684,0.13323155316095342,0.6397121939062251,0.11129737445703758,class=228:n02105505.pkl:1;n02105505.pkl:2;n02105505.pkl:3|class=687:n03854065.pkl:0;n03854065.pkl:1;n03854065.pkl:2|class=370:n02484975.pkl:6;n02484975.pkl:11;n02484975.pkl:13
convnext,1214,190,-,8,3,0,0,0.019755200821148303,0.024977081912383584,0.0024397404188123174,0.0020004397201843632,0.8467052408665238,0.20903761316949857,class=976:n09399592.pkl:11;n09399592.pkl:122;n09399592.pkl:198|class=664:n03782006.pkl:104;n03782006.pkl:342;n03782006.pkl:457|class=827:n04330267.pkl:358;n04330267.pkl:556;n04330267.pkl:613
convnext,1215,191,-,65,41,20,8,0.08863054331239092,0.16501118403100895,0.03247652765193353,0.08411345302573324,0.6404806986669938,0.11858430465590512,class=354:n02437312.pkl:2;n02437312.pkl:3;n02437312.pkl:4|class=842:n04371430.pkl:0;n04371430.pkl:2;n04371430.pkl:3|class=550:n03297495.pkl:0;n03297495.pkl:3;n03297495.pkl:9
convnext,1216,192,-,40,26,13,4,0.058838138830683576,0.10334386210280494,0.019839600597422583,0.04181471987508801,0.67861635144607,0.1360535746349253,class=28:n01632458.pkl:3;n01632458.pkl:6;n01632458.pkl:8|class=343:n02397096.pkl:6;n02397096.pkl:20;n02397096.pkl:22|class=372:n02486410.pkl:2;n02486410.pkl:4;n02486410.pkl:7
convnext,1217,193,-,56,39,19,11,0.09089898196354211,0.15696716496977126,0.0368027433907975,0.09794147439175314,0.6444371871111526,0.14432636894145276,class=213:n02100877.pkl:0;n02100877.pkl:3;n02100877.pkl:4|class=669:n03788365.pkl:0;n03788365.pkl:1;n03788365.pkl:3|class=959:n07831146.pkl:0;n07831146.pkl:3;n07831146.pkl:18
convnext,1218,194,-,21,11,5,4,0.09394234280748436,0.19149677097930431,0.04153065174981504,0.11127367678939262,0.44529490895131296,0.38946314797841386,class=396:n02643566.pkl:0;n02643566.pkl:1;n02643566.pkl:3|class=161:n02088238.pkl:3;n02088238.pkl:5;n02088238.pkl:9|class=266:n02113712.pkl:5;n02113712.pkl:72;n02113712.pkl:103
convnext,1219,195,-,39,24,9,5,0.08762308654945669,0.19361700727203504,0.024622326052934927,0.059330812934924176,0.5873453748302105,0.1745215312016684,class=89:n01819313.pkl:3;n01819313.pkl:11;n01819313.pkl:12|class=50:n01698640.pkl:2;n01698640.pkl:4;n01698640.pkl:9|class=930:n07684084.pkl:0;n07684084.pkl:2;n07684084.pkl:5
convnext,1220,196,-,1,0,0,0,0.007955449482895784,0.0,0.002386634844868735,0.0,0.0,1.0,class=983:n10565667.pkl:190;n10565667.pkl:265;n10565667.pkl:986
convnext,1221,197,-,7,2,1,0,0.010343456551582697,0.011160312000611971,0.003616508526333841,0.003992815474380989,0.7387457177234816,0.3169902916540478,class=175:n02091635.pkl:49;n02091635.pkl:72;n02091635.pkl:314|class=223:n02104365.pkl:46;n02104365.pkl:177;n02104365.pkl:631|class=194:n02096437.pkl:216;n02096437.pkl:943
convnext,1222,198,-,1,0,0,0,0.00315955766192733,0.0,0.0007898894154818325,0.0,0.0,1.0,class=113:n01944390.pkl:58
convnext,1223,199,-,6,3,2,1,0.10437916224339853,0.17259170432121348,0.023986064732582833,0.04245423114261202,0.354654037836428,0.6887895251725459,class=307:n02177972.pkl:7;n02177972.pkl:13;n02177972.pkl:14|class=508:n03085013.pkl:4;n03085013.pkl:61;n03085013.pkl:84|class=399:n02667093.pkl:98;n02667093.pkl:952;n02667093.pkl:1041
convnext,1224,200,-,59,32,16,9,0.09996936647355494,0.1989183399994049,0.03342539834716274,0.08579607475946192,0.6138957593358089,0.12861738526117295,class=145:n02056570.pkl:0;n02056570.pkl:1;n02056570.pkl:2|class=552:n03325584.pkl:0;n03325584.pkl:10;n03325584.pkl:14|class=349:n02415577.pkl:0;n02415577.pkl:3;n02415577.pkl:6
convnext,1225,201,-,15,5,3,0,0.03669091647266772,0.07248310579053859,0.006752153412798309,0.012680078824642583,0.609032811944619,0.3017750121528269,class=609:n03594945.pkl:13;n03594945.pkl:24;n03594945.pkl:38|class=642:n03721384.pkl:15;n03721384.pkl:35;n03721384.pkl:170|class=359:n02443484.pkl:111;n02443484.pkl:228;n02443484.pkl:313
convnext,1227,203,-,28,22,12,8,0.34629573561436716,0.3469205597228643,0.12102775560585252,0.22536279531415152,0.6149490498297526,0.15954730190043195,class=986:n12057211.pkl:0;n12057211.pkl:1;n12057211.pkl:2|class=967:n07920052.pkl:0;n07920052.pkl:1;n07920052.pkl:3|class=730:n03967562.pkl:1;n03967562.pkl:2;n03967562.pkl:6
convnext,1228,204,-,68,43,25,12,0.11906591773541467,0.21101337711258442,0.051991484822628664,0.13772876214914861,0.627412331236819,0.11790498822969665,class=159:n02087394.pkl:0;n02087394.pkl:1;n02087394.pkl:2|class=37:n01669191.pkl:0;n01669191.pkl:2;n01669191.pkl:3|class=336:n02361337.pkl:0;n02361337.pkl:1;n02361337.pkl:2
convnext,1229,205,-,25,17,10,3,0.0944541391740653,0.19048712775560256,0.05548711838935717,0.15559731561802045,0.45740618307935144,0.354542873077375,class=564:n03388549.pkl:0;n03388549.pkl:1;n03388549.pkl:3|class=131:n02009229.pkl:0;n02009229.pkl:4;n02009229.pkl:6|class=663:n03781244.pkl:20;n03781244.pkl:85;n03781244.pkl:90
convnext,1230,206,-,33,20,13,5,0.08393770318471999,0.1151736902534136,0.021073410419848993,0.03274601103851379,0.7494598821090012,0.10347305759500798,class=992:n12998815.pkl:9;n12998815.pkl:29;n12998815.pkl:31|class=935:n07711569.pkl:32;n07711569.pkl:45;n07711569.pkl:47|class=175:n02091635.pkl:20;n02091635.pkl:31;n02091635.pkl:35
convnext,1231,207,-,80,54,40,25,0.19762268014612283,0.27876950547943424,0.09681434807304633,0.19152214986288685,0.711743549533222,0.06141798713637879,class=100:n01860187.pkl:0;n01860187.pkl:1;n01860187.pkl:2|class=75:n01774384.pkl:0;n01774384.pkl:1;n01774384.pkl:2|class=642:n03721384.pkl:0;n03721384.pkl:1;n03721384.pkl:2
convnext,1232,208,-,62,36,24,4,0.08042456820172375,0.13717444332075052,0.019932882773570162,0.04474935100827305,0.7134238119871145,0.09741986408600536,class=97:n01847000.pkl:3;n01847000.pkl:5;n01847000.pkl:14|class=435:n02808440.pkl:7;n02808440.pkl:11;n02808440.pkl:12|class=80:n01795545.pkl:0;n01795545.pkl:6;n01795545.pkl:7
convnext,1233,209,-,2,2,1,0,0.05816816475743948,0.029194006574197507,0.009623846709214968,0.00649150528399962,0.6408209319410676,0.7274905918162677,class=940:n07716906.pkl:30;n07716906.pkl:100;n07716906.pkl:120|class=794:n04209239.pkl:259;n04209239.pkl:408;n04209239.pkl:779
convnext,1234,210,-,75,42,16,5,0.05605378580770421,0.11181933346978842,0.016297457118731005,0.048269504580912705,0.6642356700937633,0.1302953170353256,class=932:n07695742.pkl:2;n07695742.pkl:6;n07695742.pkl:7|class=64:n01749939.pkl:5;n01749939.pkl:7;n01749939.pkl:8|class=61:n01742172.pkl:11;n01742172.pkl:13;n01742172.pkl:33
convnext,1236,212,-,40,20,10,5,0.08575132480814625,0.17123594439123402,0.027684127879288818,0.06875846791794303,0.579035366568145,0.17921644856748986,class=444:n02835271.pkl:7;n02835271.pkl:9;n02835271.pkl:18|class=406:n02699494.pkl:0;n02699494.pkl:1;n02699494.pkl:3|class=665:n03785016.pkl:1;n03785016.pkl:2;n03785016.pkl:14
convnext,1237,213,-,1,0,0,0,0.000847457627118644,0.0,0.000847457627118644,0.0,0.0,1.0,class=742:n04004767.pkl:154
convnext,1238,214,-,1,1,1,0,0.19477234401349072,0.0,0.012647554806070826,0.0,0.0,1.0,class=108:n01914609.pkl:0;n01914609.pkl:319;n01914609.pkl:411
convnext,1241,217,-,49,38,28,17,0.2212805571714551,0.26108833096953304,0.09423014492256651,0.14424944464654846,0.7546467514209996,0.06823289047537535,class=874:n04487081.pkl:0;n04487081.pkl:6;n04487081.pkl:13|class=371:n02486261.pkl:2;n02486261.pkl:4;n02486261.pkl:13|class=106:n01883070.pkl:1;n01883070.pkl:2;n01883070.pkl:5
convnext,1242,218,-,1,0,0,0,0.002331002331002331,0.0,0.000777000777000777,0.0,0.0,1.0,class=668:n03788195.pkl:75
convnext,1243,219,-,9,4,0,0,0.015831501170228017,0.015381758401525756,0.0026589901427036705,0.0020284887833296275,0.8846714522172153,0.1757761074108935,class=161:n02088238.pkl:17;n02088238.pkl:397;n02088238.pkl:507|class=853:n04417672.pkl:79;n04417672.pkl:186;n04417672.pkl:286|class=263:n02113023.pkl:310;n02113023.pkl:417;n02113023.pkl:647
convnext,1244,220,-,63,29,14,4,0.06238181816620438,0.14055402147407123,0.019950058856274596,0.05778134309022341,0.6018493258428943,0.1490246047110701,class=314:n02233338.pkl:5;n02233338.pkl:9;n02233338.pkl:10|class=745:n04009552.pkl:0;n04009552.pkl:6;n04009552.pkl:7|class=482:n02979186.pkl:2;n02979186.pkl:22;n02979186.pkl:29
convnext,1245,221,-,11,7,4,3,0.17410593333768612,0.21941296913544794,0.054165948495083334,0.10748088517823425,0.4810976079076137,0.44885473265887693,class=406:n02699494.pkl:3;n02699494.pkl:6;n02699494.pkl:7|class=353:n02423022.pkl:4;n02423022.pkl:18;n02423022.pkl:23|class=946:n07730033.pkl:9;n07730033.pkl:15;n07730033.pkl:30
convnext,1246,222,-,48,31,16,10,0.12229130431166234,0.21351118487266377,0.047625893194040946,0.12952324400465762,0.5970287961342784,0.1749210151608096,class=255:n02111129.pkl:0;n02111129.pkl:1;n02111129.pkl:2|class=773:n04131690.pkl:0;n04131690.pkl:2;n04131690.pkl:4|class=869:n04479046.pkl:1;n04479046.pkl:24;n04479046.pkl:28
convnext,1247,223,-,73,42,23,5,0.05208783081335068,0.08812675346318455,0.013376439725369707,0.024680859798415535,0.7779302078902137,0.06033412998402221,class=863:n04458633.pkl:0;n04458633.pkl:11;n04458633.pkl:14|class=951:n07749582.pkl:8;n07749582.pkl:19;n07749582.pkl:29|class=599:n03530642.pkl:0;n03530642.pkl:26;n03530642.pkl:49
convnext,1249,225,-,22,11,6,2,0.10416131903331932,0.22832651078546753,0.02799813136663267,0.07420953772989113,0.45154961858022774,0.3647837784880444,class=170:n02090721.pkl:3;n02090721.pkl:4;n02090721.pkl:7|class=945:n07720875.pkl:3;n07720875.pkl:4;n07720875.pkl:6|class=699:n03884397.pkl:93;n03884397.pkl:199;n03884397.pkl:203
convnext,1250,226,-,21,11,3,2,0.06510939401391126,0.1413397253263696,0.02191911499533977,0.0686011218823995,0.41641680574569756,0.5140604701770992,class=707:n03902125.pkl:2;n03902125.pkl:4;n03902125.pkl:5|class=474:n02963159.pkl:40;n02963159.pkl:75;n02963159.pkl:149|class=583:n03467068.pkl:122;n03467068.pkl:244;n03467068.pkl:455
convnext,1251,227,-,196,137,90,48,0.13425636434368862,0.20832404527798445,0.05948361531485773,0.1350424782444081,0.7565642575886655,0.031398060408562994,class=121:n01981276.pkl:0;n01981276.pkl:1;n01981276.pkl:2|class=695:n03874599.pkl:0;n03874599.pkl:1;n03874599.pkl:2|class=386:n02504458.pkl:0;n02504458.pkl:2;n02504458.pkl:3
convnext,1252,228,-,55,29,13,2,0.05582959615544861,0.11251480322436172,0.01302326769919856,0.0354700022818146,0.6523200683725786,0.1530532002219014,class=511:n03100240.pkl:5;n03100240.pkl:13;n03100240.pkl:18|class=285:n02124075.pkl:21;n02124075.pkl:50;n02124075.pkl:70|class=99:n01855672.pkl:5;n01855672.pkl:32;n01855672.pkl:58
convnext,1253,229,-,18,13,5,1,0.058443329463188226,0.09375627714787677,0.010077212144367187,0.015007319907868787,0.7373980661665122,0.178767545842919,class=274:n02115913.pkl:10;n02115913.pkl:54;n02115913.pkl:78|class=354:n02437312.pkl:4;n02437312.pkl:15;n02437312.pkl:21|class=441:n02823750.pkl:4;n02823750.pkl:123;n02823750.pkl:125
convnext,1254,230,-,59,20,10,2,0.028968369940024843,0.06708250998609484,0.009174985048717834,0.026593907746102718,0.6600463937519673,0.15934639317947263,class=611:n03598930.pkl:0;n03598930.pkl:3;n03598930.pkl:12|class=550:n03297495.pkl:6;n03297495.pkl:20;n03297495.pkl:29|class=75:n01774384.pkl:3;n01774384.pkl:8;n01774384.pkl:70
convnext,1255,231,-,22,14,7,1,0.06593814279868204,0.08688311841481945,0.012371206665848223,0.01946571671640727,0.7172225268822694,0.15799119801519462,class=253:n02110806.pkl:2;n02110806.pkl:37;n02110806.pkl:38|class=466:n02917067.pkl:36;n02917067.pkl:49;n02917067.pkl:121|class=702:n03888605.pkl:5;n03888605.pkl:38;n03888605.pkl:76
convnext,1256,232,-,64,36,21,10,0.12452615358457099,0.2342038906479572,0.060090108453220895,0.17771641317674775,0.567225172601071,0.15229372065348257,class=338:n02364673.pkl:0;n02364673.pkl:1;n02364673.pkl:2|class=715:n03929855.pkl:0;n03929855.pkl:1;n03929855.pkl:2|class=116:n01955084.pkl:0;n01955084.pkl:1;n01955084.pkl:3
convnext,1258,234,-,24,11,6,2,0.06728348046610468,0.16296253569465785,0.030397021151790344,0.10996118967108742,0.3309561630444695,0.5869290864664094,class=246:n02109047.pkl:0;n02109047.pkl:1;n02109047.pkl:2|class=533:n03207743.pkl:3;n03207743.pkl:17;n03207743.pkl:38|class=304:n02169497.pkl:91;n02169497.pkl:115;n02169497.pkl:196
convnext,1259,235,-,18,6,2,0,0.01890901104673969,0.037118000078446726,0.005844466199937707,0.011437646081521195,0.6158957852377951,0.26832590166955766,class=776:n04141076.pkl:38;n04141076.pkl:86;n04141076.pkl:110|class=261:n02112350.pkl:19;n02112350.pkl:53;n02112350.pkl:54|class=593:n03494278.pkl:3;n03494278.pkl:56;n03494278.pkl:282
convnext,1260,236,-,87,52,31,11,0.08536922996169413,0.14600113895518396,0.02708017890268371,0.06117007235179642,0.7146497980702035,0.0701425865561442,class=148:n02071294.pkl:0;n02071294.pkl:1;n02071294.pkl:3|class=682:n03837869.pkl:0;n03837869.pkl:4;n03837869.pkl:5|class=2:n01484850.pkl:1;n01484850.pkl:3;n01484850.pkl:4
convnext,1261,237,-,1,1,0,0,0.017746913580246913,0.0,0.004629629629629629,0.0,0.0,1.0,class=344:n02398521.pkl:189;n02398521.pkl:507;n02398521.pkl:654
convnext,1262,238,-,64,44,21,10,0.10661642508113997,0.20093209062461964,0.05181798263128853,0.15621004619787934,0.5810327003374358,0.15762127298353562,class=324:n02280649.pkl:0;n02280649.pkl:1;n02280649.pkl:2|class=952:n07753113.pkl:0;n07753113.pkl:1;n07753113.pkl:2|class=944:n07718747.pkl:0;n07718747.pkl:7;n07718747.pkl:9
convnext,1263,239,-,46,28,13,5,0.09335922303120699,0.18311304344507787,0.041185614193879456,0.12205037061666704,0.5278447092025965,0.2126493950150987,class=69:n01768244.pkl:2;n01768244.pkl:5;n01768244.pkl:6|class=555:n03345487.pkl:1;n03345487.pkl:3;n03345487.pkl:4|class=564:n03388549.pkl:7;n03388549.pkl:9;n03388549.pkl:10
convnext,1264,240,-,130,86,49,20,0.09671306186763313,0.16946802892129634,0.03722510471875376,0.09365135877351695,0.7148863569173619,0.056379301208355555,class=118:n01978287.pkl:0;n01978287.pkl:3;n01978287.pkl:4|class=535:n03208938.pkl:0;n03208938.pkl:5;n03208938.pkl:9|class=359:n02443484.pkl:2;n02443484.pkl:3;n02443484.pkl:4
convnext,1265,241,-,21,13,8,4,0.14543060619926076,0.2555782519382897,0.06666966728781187,0.19882691724205026,0.3843874734454436,0.4711395972336055,class=545:n03271574.pkl:0;n03271574.pkl:1;n03271574.pkl:2|class=698:n03877845.pkl:5;n03877845.pkl:10;n03877845.pkl:14|class=677:n03804744.pkl:7;n03804744.pkl:29;n03804744.pkl:39
convnext,1266,242,-,2,1,1,1,0.29473609362896974,0.2939548436289698,0.08791967225019365,0.08713842225019365,0.041114159906364016,0.9911535279302337,class=510:n03095699.pkl:5;n03095699.pkl:9;n03095699.pkl:23|class=396:n02643566.pkl:930
convnext,1267,243,-,22,15,7,2,0.056346176771165754,0.09575970267432515,0.016429975395636915,0.032312355455236946,0.6632235109063424,0.22126339354519237,class=832:n04346328.pkl:23;n04346328.pkl:35;n04346328.pkl:47|class=751:n04037443.pkl:0;n04037443.pkl:14;n04037443.pkl:20|class=190:n02095889.pkl:16;n02095889.pkl:126;n02095889.pkl:164
convnext,1268,244,-,59,36,19,7,0.1033169601979973,0.1741670899407434,0.037923599899810194,0.10894311846553999,0.6075204250512366,0.1568204107552206,class=484:n02981792.pkl:1;n02981792.pkl:2;n02981792.pkl:5|class=595:n03496892.pkl:1;n03496892.pkl:2;n03496892.pkl:4|class=41:n01685808.pkl:4;n01685808.pkl:6;n01685808.pkl:10
convnext,1269,245,-,34,31,22,12,0.36204130184932964,0.3151974920630778,0.10891336136993018,0.20284864884568435,0.6749126757330234,0.1314359176900008,class=14:n01537544.pkl:0;n01537544.pkl:2;n01537544.pkl:3|class=396:n02643566.pkl:0;n02643566.pkl:1;n02643566.pkl:3|class=524:n03146219.pkl:0;n03146219.pkl:1;n03146219.pkl:4
convnext,1270,246,-,11,10,5,1,0.2341012568102584,0.2559765314239634,0.022966239111427457,0.0375820672507048,0.632864951467976,0.3343473767383625,class=964:n07875152.pkl:2;n07875152.pkl:3;n07875152.pkl:9|class=599:n03530642.pkl:10;n03530642.pkl:20;n03530642.pkl:23|class=361:n02445715.pkl:4;n02445715.pkl:65;n02445715.pkl:101
convnext,1271,247,-,62,40,15,8,0.09934136857351004,0.1974191192583071,0.03800388144989694,0.09583451286570549,0.6103006052946589,0.11869334645547742,class=881:n04515003.pkl:4;n04515003.pkl:5;n04515003.pkl:6|class=853:n04417672.pkl:7;n04417672.pkl:12;n04417672.pkl:14|class=283:n02123394.pkl:0;n02123394.pkl:2;n02123394.pkl:3
convnext,1272,248,-,7,3,0,0,0.01998504445769079,0.023297061935425963,0.002330573709473219,0.0013435366841315678,0.9245706277212675,0.1903332752161767,class=582:n03461385.pkl:113;n03461385.pkl:488;n03461385.pkl:573|class=668:n03788195.pkl:115;n03788195.pkl:296;n03788195.pkl:1039|class=405:n02692877.pkl:496;n02692877.pkl:696;n02692877.pkl:764
convnext,1273,249,-,147,82,55,19,0.07158208010015535,0.14190108687008882,0.02985933770520366,0.07417216946954587,0.7344968013455777,0.04877903392205209,class=291:n02129165.pkl:2;n02129165.pkl:3;n02129165.pkl:4|class=196:n02097047.pkl:1;n02097047.pkl:2;n02097047.pkl:6|class=248:n02109961.pkl:0;n02109961.pkl:6;n02109961.pkl:25
convnext,1274,250,-,6,4,1,1,0.13308601300004025,0.25460487000044396,0.026481105836933434,0.05339118558198061,0.21632591620543848,0.8441765655878455,class=559:n03376595.pkl:1;n03376595.pkl:4;n03376595.pkl:5|class=596:n03498962.pkl:522;n03498962.pkl:677;n03498962.pkl:732|class=159:n02087394.pkl:466;n02087394.pkl:569;n02087394.pkl:687
convnext,1276,252,-,34,15,9,5,0.08306900252700636,0.15678949731564973,0.031129594669011676,0.09751832270532738,0.514399247098561,0.3180451725314665,class=193:n02096294.pkl:2;n02096294.pkl:3;n02096294.pkl:7|class=183:n02093859.pkl:3;n02093859.pkl:13;n02093859.pkl:14|class=99:n01855672.pkl:24;n01855672.pkl:27;n01855672.pkl:31
convnext,1277,253,-,19,7,3,3,0.04910979789217036,0.10051150891526911,0.02165529734139838,0.04968263726642191,0.4892717500900704,0.3296619468412215,class=283:n02123394.pkl:11;n02123394.pkl:18;n02123394.pkl:27|class=344:n02398521.pkl:3;n02398521.pkl:36;n02398521.pkl:37|class=667:n03787032.pkl:9;n03787032.pkl:26;n03787032.pkl:46
convnext,1278,254,-,19,9,3,1,0.0561888904956089,0.09683715659417351,0.009148838107936005,0.015367903671985431,0.6677234855242378,0.2011375011436998,class=406:n02699494.pkl:1;n02699494.pkl:44;n02699494.pkl:52|class=14:n01537544.pkl:14;n01537544.pkl:16;n01537544.pkl:24|class=392:n02606052.pkl:23;n02606052.pkl:33;n02606052.pkl:61
convnext,1280,256,-,53,36,22,9,0.128000655565791,0.20516340839636496,0.05681125592465124,0.12656667148491982,0.6484899889970173,0.11251496731898568,class=513:n03110669.pkl:2;n03110669.pkl:3;n03110669.pkl:6|class=965:n07880968.pkl:6;n07880968.pkl:12;n07880968.pkl:13|class=175:n02091635.pkl:1;n02091635.pkl:5;n02091635.pkl:6
convnext,1281,257,-,91,65,43,20,0.10375281106433094,0.1539589848595667,0.03316061632364399,0.056269877507348506,0.7858792293456677,0.04263111542905524,class=821:n04311004.pkl:9;n04311004.pkl:16;n04311004.pkl:18|class=335:n02356798.pkl:3;n02356798.pkl:9;n02356798.pkl:11|class=142:n02033041.pkl:3;n02033041.pkl:5;n02033041.pkl:6
convnext,1282,258,-,70,48,35,12,0.14947211023324047,0.230233508096049,0.0606529566518903,0.15373371946273331,0.6609274090319072,0.10606322557167142,class=275:n02116738.pkl:0;n02116738.pkl:1;n02116738.pkl:2|class=789:n04201297.pkl:2;n04201297.pkl:4;n04201297.pkl:5|class=988:n12267677.pkl:0;n12267677.pkl:1;n12267677.pkl:3
convnext,1283,259,-,2,1,1,0,0.11227899339366862,0.11145797533127125,0.019255737579715125,0.018434719517317753,0.14878249294160542,0.9582714010730311,class=831:n04344873.pkl:8;n04344873.pkl:48;n04344873.pkl:53|class=892:n04548280.pkl:448
convnext,1284,260,-,2,0,0,0,0.0038765778502416765,0.0015455755192393455,0.0015503903962463218,0.0007733896192455448,0.8121997413743004,0.6244183800055938,class=614:n03617480.pkl:15;n03617480.pkl:95;n03617480.pkl:562|class=111:n01930112.pkl:497
convnext,1285,261,-,80,48,30,10,0.0938967791855812,0.1525951382006891,0.027486991817738643,0.057015552138808955,0.7310082987925348,0.0662826572216481,class=956:n07760859.pkl:1;n07760859.pkl:7;n07760859.pkl:12|class=902:n04579432.pkl:3;n04579432.pkl:7;n04579432.pkl:9|class=664:n03782006.pkl:6;n03782006.pkl:13;n03782006.pkl:17
convnext,1286,262,-,81,49,28,17,0.11984277566919738,0.2187267843943002,0.04983401515770781,0.12727412740112706,0.6487765252305225,0.0928730419945245,class=938:n07715103.pkl:0;n07715103.pkl:1;n07715103.pkl:2|class=441:n02823750.pkl:0;n02823750.pkl:1;n02823750.pkl:4|class=340:n02391049.pkl:1;n02391049.pkl:2;n02391049.pkl:11
convnext,1288,264,-,1,1,1,0,0.18667699457784662,0.0,0.023237800154918668,0.0,0.0,1.0,class=510:n03095699.pkl:108;n03095699.pkl:143;n03095699.pkl:148
convnext,1289,265,-,18,8,5,1,0.05653339303734528,0.08458621952549635,0.010792305198356882,0.017325090464187832,0.6623783791355395,0.19872491442926282,class=440:n02823428.pkl:7;n02823428.pkl:28;n02823428.pkl:83|class=7:n01514668.pkl:57;n01514668.pkl:67;n01514668.pkl:77|class=788:n04200800.pkl:14;n04200800.pkl:51;n04200800.pkl:107
convnext,1290,266,-,21,12,7,3,0.057886528792543336,0.08571485075370709,0.015223091998440949,0.025515197293097057,0.6809540545923399,0.1813933894501144,class=397:n02655020.pkl:9;n02655020.pkl:15;n02655020.pkl:19|class=454:n02871525.pkl:22;n02871525.pkl:37;n02871525.pkl:43|class=61:n01742172.pkl:2;n01742172.pkl:38;n01742172.pkl:53
convnext,1291,267,-,96,58,40,20,0.10646646085057794,0.1701968505985397,0.03610045952041469,0.0663532926208346,0.7597856156498058,0.045607395692327614,class=168:n02090379.pkl:0;n02090379.pkl:4;n02090379.pkl:5|class=213:n02100877.pkl:2;n02100877.pkl:3;n02100877.pkl:10|class=429:n02799071.pkl:0;n02799071.pkl:2;n02799071.pkl:3
convnext,1292,268,-,3,1,0,0,0.007567932792795106,0.006491102300664558,0.0020982617231240365,0.0009713568783350919,0.8884043794784467,0.4047693234473996,class=365:n02480495.pkl:29;n02480495.pkl:713;n02480495.pkl:877|class=235:n02106662.pkl:94;n02106662.pkl:476;n02106662.pkl:1193|class=114:n01945685.pkl:140
convnext,1294,270,-,62,38,27,8,0.09523663335178625,0.14475776960768533,0.024275020804060778,0.052000889598864224,0.7425130692436938,0.09014248006113575,class=397:n02655020.pkl:0;n02655020.pkl:1;n02655020.pkl:2|class=244:n02108551.pkl:0;n02108551.pkl:3;n02108551.pkl:7|class=513:n03110669.pkl:1;n03110669.pkl:7;n03110669.pkl:9
convnext,1295,271,-,41,23,14,6,0.11415238925055361,0.22094624481572492,0.049199736598445815,0.15392851240642566,0.4959065495729388,0.263132191549224,class=98:n01855032.pkl:0;n01855032.pkl:1;n01855032.pkl:2|class=687:n03854065.pkl:0;n03854065.pkl:4;n03854065.pkl:5|class=52:n01728572.pkl:18;n01728572.pkl:21;n01728572.pkl:31
convnext,1296,272,-,112,72,41,17,0.0946396755121363,0.16895311624570636,0.039292054393497276,0.10928040569386836,0.6774525919590703,0.0779934259580569,class=174:n02091467.pkl:0;n02091467.pkl:1;n02091467.pkl:2|class=516:n03125729.pkl:4;n03125729.pkl:5;n03125729.pkl:6|class=683:n03838899.pkl:1;n03838899.pkl:5;n03838899.pkl:6
convnext,1297,273,-,54,24,15,6,0.07849483389033207,0.15320630922340658,0.019289930250809124,0.04930991134770124,0.6384406711090499,0.13952631956706124,class=773:n04131690.pkl:1;n04131690.pkl:8;n04131690.pkl:12|class=69:n01768244.pkl:15;n01768244.pkl:36;n01768244.pkl:37|class=429:n02799071.pkl:8;n02799071.pkl:14;n02799071.pkl:15
convnext,1298,274,-,75,60,45,28,0.37849197992913014,0.37230195438203845,0.17985780852593072,0.271267181489745,0.7695796088683875,0.0436634898692637,class=565:n03393912.pkl:0;n03393912.pkl:1;n03393912.pkl:2|class=707:n03902125.pkl:0;n03902125.pkl:1;n03902125.pkl:2|class=727:n03956157.pkl:0;n03956157.pkl:1;n03956157.pkl:2
convnext,1299,275,-,38,16,7,4,0.07505851256381142,0.16533677113678047,0.025896863679587732,0.08714208215704419,0.4626933631000266,0.3242894851298859,class=864:n04461696.pkl:1;n04461696.pkl:2;n04461696.pkl:3|class=177:n02092002.pkl:4;n02092002.pkl:19;n02092002.pkl:23|class=245:n02108915.pkl:25;n02108915.pkl:27;n02108915.pkl:32
convnext,1300,276,-,32,16,7,2,0.053779294513256914,0.11140385839086839,0.014994167846509653,0.03683043586041522,0.6026928308966555,0.21979672896800959,class=651:n03761084.pkl:0;n03761084.pkl:1;n03761084.pkl:4|class=814:n04273569.pkl:12;n04273569.pkl:31;n04273569.pkl:84|class=205:n02099267.pkl:1;n02099267.pkl:18;n02099267.pkl:32
convnext,1301,277,-,15,5,2,1,0.025336773469160908,0.05020560547023211,0.007802873333967845,0.01733931148617243,0.5370431006770053,0.39586931766657063,class=993:n13037406.pkl:1;n13037406.pkl:21;n13037406.pkl:47|class=951:n07749582.pkl:54;n07749582.pkl:132;n07749582.pkl:178|class=493:n03016953.pkl:63;n03016953.pkl:183;n03016953.pkl:712
convnext,1302,278,-,256,191,160,98,0.21066361312009305,0.2634555568264881,0.11176220425352311,0.18718606415499675,0.8200747466199605,0.014863892895471697,class=943:n07718472.pkl:0;n07718472.pkl:1;n07718472.pkl:2|class=951:n07749582.pkl:0;n07749582.pkl:1;n07749582.pkl:2|class=966:n07892512.pkl:0;n07892512.pkl:1;n07892512.pkl:3
convnext,1303,279,-,23,15,9,3,0.1505126156732883,0.2264505535438943,0.05318113822979027,0.13896193417055752,0.4907536160062841,0.3403361589518793,class=684:n03840681.pkl:0;n03840681.pkl:1;n03840681.pkl:2|class=862:n04456115.pkl:0;n04456115.pkl:3;n04456115.pkl:9|class=603:n03538406.pkl:2;n03538406.pkl:19;n03538406.pkl:39
convnext,1304,280,-,8,2,1,0,0.02359064657617879,0.05034186749241357,0.003567542968994663,0.005634251227472084,0.6236095374708315,0.4367769496346349,class=577:n03447721.pkl:12;n03447721.pkl:17;n03447721.pkl:21|class=499:n03041632.pkl:99;n03041632.pkl:383;n03041632.pkl:703|class=81:n01796340.pkl:177;n01796340.pkl:486;n01796340.pkl:1052
convnext,1305,281,-,75,50,26,12,0.13138691623335666,0.24187481221165902,0.06462504632830894,0.16979681335513208,0.6191090123829086,0.10537745812185183,class=325:n02281406.pkl:0;n02281406.pkl:1;n02281406.pkl:3|class=172:n02091134.pkl:0;n02091134.pkl:1;n02091134.pkl:4|class=745:n04009552.pkl:0;n04009552.pkl:1;n04009552.pkl:2
convnext,1306,282,-,48,21,12,5,0.06347246674074357,0.12094305851268952,0.01746162950166918,0.04237594194386698,0.6460318023251796,0.14352864104077748,class=407:n02701002.pkl:2;n02701002.pkl:3;n02701002.pkl:11|class=638:n03710637.pkl:17;n03710637.pkl:19;n03710637.pkl:42|class=930:n07684084.pkl:13;n07684084.pkl:17;n07684084.pkl:25
convnext,1307,283,-,131,72,33,14,0.05855479735872194,0.12876727833238297,0.023502629131590517,0.07869999715846274,0.6568860824001348,0.09322796624252529,class=455:n02877765.pkl:0;n02877765.pkl:1;n02877765.pkl:3|class=635:n03706229.pkl:4;n03706229.pkl:6;n03706229.pkl:7|class=608:n03594734.pkl:7;n03594734.pkl:12;n03594734.pkl:15
convnext,1308,284,-,108,70,43,22,0.13243871695423098,0.20369178829083087,0.05111030473179689,0.10867046074605935,0.7237940600354317,0.05111763004235645,class=493:n03016953.pkl:1;n03016953.pkl:2;n03016953.pkl:3|class=534:n03207941.pkl:1;n03207941.pkl:4;n03207941.pkl:5|class=31:n01644373.pkl:3;n01644373.pkl:4;n01644373.pkl:6
convnext,1309,285,-,26,11,4,1,0.028449136625761887,0.0634018791581698,0.007989670433943155,0.018804598096777467,0.6265544632987153,0.25151913955774985,class=889:n04536866.pkl:9;n04536866.pkl:13;n04536866.pkl:17|class=878:n04505470.pkl:8;n04505470.pkl:34;n04505470.pkl:257|class=723:n03944341.pkl:143;n03944341.pkl:179;n03944341.pkl:215
convnext,1310,286,-,19,11,5,3,0.09799758483317005,0.18018325770580393,0.027185376941618804,0.0568974520915687,0.5200091485307025,0.283179557359211,class=19:n01592084.pkl:1;n01592084.pkl:4;n01592084.pkl:6|class=418:n02783161.pkl:3;n02783161.pkl:17;n02783161.pkl:21|class=838:n04357314.pkl:42;n04357314.pkl:48;n04357314.pkl:67
convnext,1311,287,-,5,2,1,0,0.024263562336418746,0.03671343041485821,0.004626073119746373,0.005876789091764155,0.5767097827944553,0.5227640969939121,class=617:n03630383.pkl:45;n03630383.pkl:102;n03630383.pkl:212|class=943:n07718472.pkl:16;n07718472.pkl:692;n07718472.pkl:830|class=760:n04070727.pkl:859
convnext,1312,288,-,13,2,1,1,0.046408135006718525,0.14864865624636328,0.011140610816674664,0.034255409722322064,0.22257946753385519,0.8041952561596304,class=854:n04418357.pkl:7;n04418357.pkl:38;n04418357.pkl:40|class=721:n03938244.pkl:314;n03938244.pkl:552;n03938244.pkl:906|class=759:n04069434.pkl:568;n04069434.pkl:688;n04069434.pkl:986
convnext,1314,290,-,26,14,11,7,0.09414754863351926,0.12116799670494174,0.03439653864471454,0.0471427769452447,0.7379125042203574,0.11070981498764768,class=72:n01773157.pkl:9;n01773157.pkl:12;n01773157.pkl:27|class=874:n04487081.pkl:2;n04487081.pkl:5;n04487081.pkl:7|class=819:n04296562.pkl:0;n04296562.pkl:1;n04296562.pkl:10
convnext,1316,292,-,66,62,41,29,0.41627070793865517,0.35044483990643316,0.14035361203906743,0.2183983378230869,0.7761443631294875,0.051838121044700286,class=11:n01531178.pkl:0;n01531178.pkl:1;n01531178.pkl:2|class=464:n02910353.pkl:0;n02910353.pkl:3;n02910353.pkl:4|class=170:n02090721.pkl:1;n02090721.pkl:2;n02090721.pkl:3
convnext,1317,293,-,25,11,6,1,0.046650233142624516,0.08331935185997907,0.011779687024149459,0.028792592628172627,0.5831076561155191,0.27897585996238355,class=531:n03197337.pkl:1;n03197337.pkl:17;n03197337.pkl:21|class=933:n07697313.pkl:44;n07697313.pkl:91;n07697313.pkl:115|class=611:n03598930.pkl:24;n03598930.pkl:140;n03598930.pkl:218
convnext,1318,294,-,6,5,0,0,0.04619203242331978,0.07511392136049932,0.002370611824525285,0.0010085452041855543,0.9452710939367516,0.19683272691793308,class=938:n07715103.pkl:727;n07715103.pkl:785;n07715103.pkl:996|class=820:n04310018.pkl:494;n04310018.pkl:973;n04310018.pkl:1106|class=935:n07711569.pkl:719;n07711569.pkl:829;n07711569.pkl:1073
convnext,1319,295,-,74,53,34,14,0.15483183635510525,0.252177603273479,0.06999244925780189,0.1607002782093414,0.6679216740651869,0.08474945283083625,class=268:n02113978.pkl:0;n02113978.pkl:1;n02113978.pkl:2|class=577:n03447721.pkl:1;n03447721.pkl:6;n03447721.pkl:9|class=563:n03388183.pkl:0;n03388183.pkl:2;n03388183.pkl:3
convnext,1320,296,-,8,3,2,1,0.04882054109095501,0.09269595094547,0.010488657306343638,0.020726343388441114,0.40796021383362274,0.6131076330707337,class=564:n03388549.pkl:5;n03388549.pkl:13;n03388549.pkl:14|class=177:n02092002.pkl:28;n02092002.pkl:34;n02092002.pkl:124|class=289:n02128757.pkl:164;n02128757.pkl:227;n02128757.pkl:364
convnext,1321,297,-,62,31,14,7,0.06864818627827794,0.1584258260939012,0.028861592240161053,0.1039074746411104,0.5347646769958376,0.22518439709640692,class=881:n04515003.pkl:0;n04515003.pkl:2;n04515003.pkl:3|class=929:n07615774.pkl:3;n07615774.pkl:4;n07615774.pkl:5|class=889:n04536866.pkl:12;n04536866.pkl:25;n04536866.pkl:39
convnext,1323,299,-,185,121,81,36,0.09856437146484642,0.1752947470365727,0.045907322756816075,0.10829613570811382,0.7457688464060589,0.03548626618029829,class=56:n01734418.pkl:0;n01734418.pkl:1;n01734418.pkl:2|class=616:n03627232.pkl:0;n03627232.pkl:1;n03627232.pkl:2|class=795:n04228054.pkl:0;n04228054.pkl:1;n04228054.pkl:2
convnext,1324,300,-,15,9,5,3,0.23168540038777508,0.34097971978086666,0.03618155012162076,0.06512139325450586,0.566994323437253,0.2826308689248408,class=687:n03854065.pkl:1;n03854065.pkl:2;n03854065.pkl:3|class=993:n13037406.pkl:7;n13037406.pkl:11;n13037406.pkl:16|class=604:n03544143.pkl:1;n03544143.pkl:2;n03544143.pkl:22
convnext,1325,301,-,46,25,17,9,0.09605728198939038,0.1656517320676556,0.039521043772847785,0.0944507210921759,0.6233675430646043,0.14590319247131772,class=441:n02823750.pkl:3;n02823750.pkl:6;n02823750.pkl:7|class=815:n04275548.pkl:2;n04275548.pkl:5;n04275548.pkl:6|class=799:n04239074.pkl:3;n04239074.pkl:7;n04239074.pkl:20
convnext,1326,302,-,8,2,0,0,0.007255386504178323,0.007615665406670767,0.0019505384728001063,0.0017567998467773007,0.8458745099406285,0.22640177123725025,class=736:n03982430.pkl:548;n03982430.pkl:687;n03982430.pkl:902|class=117:n01968897.pkl:118;n01968897.pkl:121;n01968897.pkl:211|class=691:n03868863.pkl:186;n03868863.pkl:1244
convnext,1327,303,-,64,36,16,8,0.07036704795189681,0.15033301256060905,0.023890988066901302,0.06338063135424815,0.6221083353068977,0.12559264518821128,class=119:n01978455.pkl:0;n01978455.pkl:2;n01978455.pkl:4|class=889:n04536866.pkl:0;n04536866.pkl:2;n04536866.pkl:3|class=402:n02676566.pkl:1;n02676566.pkl:2;n02676566.pkl:4
convnext,1328,304,-,78,53,32,14,0.10210921505122801,0.16044034833421764,0.035333983443939884,0.09948003621533147,0.6780105953747144,0.11444352516923811,class=91:n01824575.pkl:0;n01824575.pkl:1;n01824575.pkl:2|class=231:n02106030.pkl:9;n02106030.pkl:16;n02106030.pkl:17|class=796:n04229816.pkl:5;n04229816.pkl:16;n04229816.pkl:23
convnext,1329,305,-,10,6,4,1,0.17129186995316206,0.25627808868415886,0.05327051927887403,0.13662342704006378,0.25671960070537214,0.7577736762099416,class=993:n13037406.pkl:0;n13037406.pkl:3;n13037406.pkl:6|class=21:n01608432.pkl:22;n01608432.pkl:65;n01608432.pkl:67|class=450:n02860847.pkl:196;n02860847.pkl:299;n02860847.pkl:337
convnext,1330,306,-,57,39,28,9,0.13663987815456116,0.19946513189418363,0.042095417567090405,0.09593189601142957,0.6862423363501919,0.10865711351854741,class=863:n04458633.pkl:2;n04458633.pkl:3;n04458633.pkl:5|class=274:n02115913.pkl:1;n02115913.pkl:2;n02115913.pkl:3|class=814:n04273569.pkl:5;n04273569.pkl:6;n04273569.pkl:7
convnext,1331,307,-,183,126,96,41,0.11081984026999082,0.1752867338194654,0.04861129618269323,0.1090261824953788,0.7682481784818802,0.03295203635804101,class=62:n01744401.pkl:0;n01744401.pkl:2;n01744401.pkl:4|class=887:n04532106.pkl:2;n04532106.pkl:3;n04532106.pkl:4|class=977:n09421951.pkl:0;n09421951.pkl:1;n09421951.pkl:3
convnext,1332,308,-,28,18,12,6,0.1515922804422056,0.22538282011974434,0.05073102037752104,0.12838566363447457,0.5637153543747861,0.26444676328753053,class=984:n11879895.pkl:0;n11879895.pkl:2;n11879895.pkl:4|class=129:n02006656.pkl:2;n02006656.pkl:3;n02006656.pkl:7|class=481:n02978881.pkl:13;n02978881.pkl:14;n02978881.pkl:15
convnext,1333,309,-,22,9,1,0,0.0127965145193768,0.01591889755499277,0.003191591168410854,0.0034361611916642583,0.8575541177825332,0.09814232145675182,class=748:n04026417.pkl:100;n04026417.pkl:115;n04026417.pkl:174|class=926:n07590611.pkl:353;n07590611.pkl:360;n07590611.pkl:623|class=781:n04149813.pkl:74;n04149813.pkl:344;n04149813.pkl:487
convnext,1334,310,-,4,4,4,2,0.6310408869541488,0.20703724719550912,0.2700805205327786,0.363453813398854,0.43771210883481404,0.7027432087241686,class=430:n02802426.pkl:0;n02802426.pkl:1;n02802426.pkl:2|class=340:n02391049.pkl:3;n02391049.pkl:6;n02391049.pkl:15|class=262:n02112706.pkl:36;n02112706.pkl:38;n02112706.pkl:41
convnext,1335,311,-,3,3,0,0,0.05081023348665262,0.028600331252398005,0.0025932738170296493,0.0007416885815472174,0.9592837102125282,0.3605995687988803,class=396:n02643566.pkl:70;n02643566.pkl:741;n02643566.pkl:783|class=260:n02112137.pkl:1027;n02112137.pkl:1157;n02112137.pkl:1288|class=533:n03207743.pkl:243;n03207743.pkl:330
convnext,1336,312,-,27,19,11,6,0.12426272859101868,0.19725971996896827,0.0537597308481823,0.12484334970801318,0.558720434955205,0.2367714465824103,class=279:n02120079.pkl:0;n02120079.pkl:2;n02120079.pkl:3|class=146:n02058221.pkl:0;n02058221.pkl:2;n02058221.pkl:3|class=976:n09399592.pkl:7;n09399592.pkl:8;n09399592.pkl:16
convnext,1337,313,-,18,8,6,2,0.12153815204398646,0.232975955048397,0.054117517103441454,0.1519340123349907,0.3787390449427151,0.49344228407137325,class=43:n01688243.pkl:0;n01688243.pkl:1;n01688243.pkl:2|class=575:n03445924.pkl:1;n03445924.pkl:7;n03445924.pkl:8|class=980:n09472597.pkl:8;n09472597.pkl:20;n09472597.pkl:28
convnext,1338,314,-,65,35,23,11,0.09727852560895121,0.15349789126818517,0.02577098016349032,0.05273689161658138,0.7186361672726297,0.07980952629631874,class=626:n03666591.pkl:7;n03666591.pkl:14;n03666591.pkl:15|class=378:n02492035.pkl:0;n02492035.pkl:4;n02492035.pkl:10|class=742:n04004767.pkl:1;n04004767.pkl:7;n04004767.pkl:22
convnext,1339,315,-,1,0,0,0,0.0030840400925212026,0.0,0.0015420200462606013,0.0,0.0,1.0,class=397:n02655020.pkl:944;n02655020.pkl:956
convnext,1340,316,-,10,3,0,0,0.008282872439677793,0.009307484327808107,0.0014830743278742026,0.0014212344230712323,0.8638047543111542,0.19183444400763672,class=622:n03657121.pkl:377;n03657121.pkl:455;n03657121.pkl:596|class=664:n03782006.pkl:262;n03782006.pkl:695|class=158:n02087046.pkl:609
convnext,1341,317,-,29,13,9,5,0.07845338705751723,0.13513162927954642,0.022156152290758097,0.04703454537937515,0.6225479202062258,0.1898814009316931,class=831:n04344873.pkl:0;n04344873.pkl:7;n04344873.pkl:9|class=640:n03717622.pkl:7;n03717622.pkl:10;n03717622.pkl:15|class=293:n02130308.pkl:4;n02130308.pkl:14;n02130308.pkl:23
convnext,1342,318,-,70,41,17,8,0.07368260308282244,0.14271919826668156,0.023209945387589862,0.0642166412849781,0.6570357406703172,0.12364329572794347,class=366:n02480855.pkl:0;n02480855.pkl:2;n02480855.pkl:4|class=215:n02101388.pkl:3;n02101388.pkl:17;n02101388.pkl:23|class=767:n04116512.pkl:0;n04116512.pkl:9;n04116512.pkl:10
convnext,1343,319,-,69,49,27,15,0.11835337284558181,0.16297603612029912,0.03429879133723533,0.05707440283669889,0.7652215927946813,0.05462338840954768,class=985:n11939491.pkl:8;n11939491.pkl:9;n11939491.pkl:13|class=936:n07714571.pkl:1;n07714571.pkl:2;n07714571.pkl:4|class=619:n03637318.pkl:0;n03637318.pkl:5;n03637318.pkl:16
convnext,1344,320,-,4,1,0,0,0.005510071777857726,0.006331621604047112,0.001795764479231623,0.001255956289078478,0.843094634893199,0.3722898197657514,class=879:n04507155.pkl:88;n04507155.pkl:312;n04507155.pkl:662|class=258:n02111889.pkl:13;n02111889.pkl:1156|class=479:n02974003.pkl:333
convnext,1345,321,-,1,1,1,0,0.10281923714759536,0.0,0.011608623548922056,0.0,0.0,1.0,class=809:n04263257.pkl:20;n04263257.pkl:37;n04263257.pkl:82
convnext,1346,322,-,1,0,0,0,0.0024429967426710096,0.0,0.0008143322475570033,0.0,0.0,1.0,class=177:n02092002.pkl:1267
convnext,1347,323,-,6,2,1,1,0.0381332694941555,0.0712882694133651,0.012415179525195314,0.024590818560472016,0.25395330781805875,0.8205326025206117,class=698:n03877845.pkl:22;n03877845.pkl:34;n03877845.pkl:50|class=681:n03832673.pkl:107;n03832673.pkl:117;n03832673.pkl:187|class=968:n07930864.pkl:389;n07930864.pkl:963
convnext,1348,324,-,2,0,0,0,0.0030977808165093,0.0023201758398374494,0.0015497932004102286,0.000772188223738378,0.8126601080884271,0.6241277405976059,class=361:n02445715.pkl:238;n02445715.pkl:249;n02445715.pkl:601|class=732:n03976467.pkl:1290
convnext,1349,325,-,15,6,3,0,0.0154225960888236,0.01945919451234662,0.004662740659832579,0.00586409464587952,0.7567294598544362,0.1721121936570509,class=275:n02116738.pkl:76;n02116738.pkl:102;n02116738.pkl:117|class=22:n01614925.pkl:103;n01614925.pkl:200;n01614925.pkl:209|class=292:n02129604.pkl:52;n02129604.pkl:101;n02129604.pkl:146
convnext,1350,326,-,150,97,71,44,0.1863209980846123,0.26564329159477584,0.08578948660332775,0.16940781082400966,0.7522959018585262,0.03266272266819205,class=585:n03476991.pkl:1;n03476991.pkl:3;n03476991.pkl:4|class=803:n04252225.pkl:0;n04252225.pkl:1;n04252225.pkl:2|class=709:n03908618.pkl:0;n03908618.pkl:1;n03908618.pkl:3
convnext,1351,327,-,82,52,34,13,0.106482492126158,0.17321683108375666,0.03956933383811678,0.09122340007432973,0.6943398379847187,0.07701096591705715,class=123:n01984695.pkl:1;n01984695.pkl:3;n01984695.pkl:6|class=373:n02487347.pkl:0;n02487347.pkl:2;n02487347.pkl:3|class=140:n02027492.pkl:2;n02027492.pkl:3;n02027492.pkl:4
convnext,1352,328,-,144,94,60,23,0.09630374396814206,0.1550003412898632,0.03355716329063469,0.08640041653402425,0.7478074921308216,0.05298056279563036,class=725:n03950228.pkl:0;n03950228.pkl:1;n03950228.pkl:2|class=837:n04356056.pkl:2;n04356056.pkl:4;n04356056.pkl:12|class=993:n13037406.pkl:1;n13037406.pkl:6;n13037406.pkl:25
convnext,1353,329,-,9,4,1,0,0.046708769701526764,0.06552099908637736,0.00543107326763355,0.008255725910640471,0.6672398966301794,0.3678529805850339,class=392:n02606052.pkl:2;n02606052.pkl:8;n02606052.pkl:22|class=985:n11939491.pkl:53;n11939491.pkl:365;n11939491.pkl:422|class=988:n12267677.pkl:8;n12267677.pkl:96;n12267677.pkl:516
convnext,1354,330,-,94,53,28,11,0.09275943189869754,0.18475880069731,0.036225896897980996,0.10761238763293272,0.6193107972125997,0.10451512171728941,class=21:n01608432.pkl:1;n01608432.pkl:3;n01608432.pkl:4|class=123:n01984695.pkl:0;n01984695.pkl:1;n01984695.pkl:2|class=891:n04542943.pkl:0;n04542943.pkl:3;n04542943.pkl:5
convnext,1355,331,-,82,55,40,21,0.1586062671626877,0.222281790533013,0.060899313891460916,0.1563709005761222,0.6799643740686068,0.09259830141070821,class=309:n02206856.pkl:0;n02206856.pkl:1;n02206856.pkl:2|class=136:n02017213.pkl:0;n02017213.pkl:1;n02017213.pkl:3|class=273:n02115641.pkl:2;n02115641.pkl:3;n02115641.pkl:10
convnext,1356,332,-,22,12,8,4,0.11101316005546057,0.2018119196336312,0.027806001544832225,0.05061538405864664,0.6087945018799511,0.1960685331358818,class=3:n01491361.pkl:1;n01491361.pkl:10;n01491361.pkl:19|class=359:n02443484.pkl:4;n02443484.pkl:10;n02443484.pkl:15|class=378:n02492035.pkl:5;n02492035.pkl:10;n02492035.pkl:14
convnext,1357,333,-,82,58,34,15,0.1345490111462803,0.22844702212754253,0.058860921535977724,0.1424654145369344,0.6641678631882002,0.08363668132262532,class=665:n03785016.pkl:0;n03785016.pkl:1;n03785016.pkl:2|class=332:n02328150.pkl:0;n02328150.pkl:1;n02328150.pkl:2|class=102:n01872401.pkl:4;n01872401.pkl:6;n01872401.pkl:7
convnext,1358,334,-,17,12,7,5,0.13390660870742965,0.18144861672394333,0.047501776922727126,0.07827561094157137,0.6374756942393118,0.21855272295939443,class=253:n02110806.pkl:0;n02110806.pkl:3;n02110806.pkl:9|class=36:n01667778.pkl:0;n01667778.pkl:1;n01667778.pkl:5|class=962:n07871810.pkl:0;n07871810.pkl:1;n07871810.pkl:8
convnext,1359,335,-,12,7,2,1,0.04119803616133735,0.05967963089650507,0.009411663675586901,0.017405133112789826,0.5966860615743208,0.3683305728415131,class=817:n04285008.pkl:39;n04285008.pkl:73;n04285008.pkl:75|class=519:n03127925.pkl:35;n03127925.pkl:107;n03127925.pkl:141|class=105:n01882714.pkl:395;n01882714.pkl:410;n01882714.pkl:492
convnext,1361,337,-,46,25,17,11,0.14337414500378592,0.22336341513812527,0.05492230764729244,0.11668787221946539,0.6489771695045582,0.11986783296045399,class=548:n03290653.pkl:0;n03290653.pkl:1;n03290653.pkl:2|class=587:n03481172.pkl:2;n03481172.pkl:6;n03481172.pkl:7|class=306:n02174001.pkl:0;n02174001.pkl:3;n02174001.pkl:5
convnext,1362,338,-,91,63,40,18,0.10003904227302259,0.15464347479513163,0.034310502260909974,0.07154347741078047,0.7454981419974293,0.05876883517665112,class=237:n02107312.pkl:0;n02107312.pkl:4;n02107312.pkl:5|class=900:n04562935.pkl:0;n04562935.pkl:1;n04562935.pkl:2|class=401:n02672831.pkl:2;n02672831.pkl:3;n02672831.pkl:7
convnext,1363,339,-,51,33,15,8,0.08457738077883287,0.13597254247507629,0.022280338028846613,0.042304013214641244,0.7050502491833379,0.09029644813260305,class=292:n02129604.pkl:0;n02129604.pkl:1;n02129604.pkl:5|class=313:n02231487.pkl:11;n02231487.pkl:26;n02231487.pkl:41|class=329:n02321529.pkl:2;n02321529.pkl:16;n02321529.pkl:34
convnext,1364,340,-,71,41,15,5,0.06777303213655728,0.12353136412149207,0.019375078660086177,0.05115171972064078,0.6539410110233012,0.1122536910509042,class=788:n04200800.pkl:3;n04200800.pkl:8;n04200800.pkl:10|class=568:n03404251.pkl:1;n03404251.pkl:6;n03404251.pkl:8|class=608:n03594734.pkl:2;n03594734.pkl:4;n03594734.pkl:6
convnext,1365,341,-,59,30,13,5,0.06250667573806372,0.1574752316450692,0.025809301989897337,0.08237509162771474,0.5402900946843924,0.18960738523437806,class=74:n01773797.pkl:1;n01773797.pkl:13;n01773797.pkl:15|class=153:n02085936.pkl:2;n02085936.pkl:6;n02085936.pkl:7|class=70:n01770081.pkl:1;n01770081.pkl:8;n01770081.pkl:11
convnext,1366,342,-,37,20,15,9,0.12026708849951118,0.19772249037696732,0.04203717280572521,0.09852312694490896,0.6317904771391465,0.17548640961771053,class=563:n03388183.pkl:1;n03388183.pkl:2;n03388183.pkl:4|class=195:n02096585.pkl:0;n02096585.pkl:2;n02096585.pkl:6|class=135:n02013706.pkl:2;n02013706.pkl:8;n02013706.pkl:11
convnext,1367,343,-,22,14,7,4,0.1587011724103656,0.25984040590359436,0.06489615828562144,0.13234501068315363,0.5350307278712714,0.23449488529022983,class=79:n01784675.pkl:0;n01784675.pkl:1;n01784675.pkl:4|class=422:n02790996.pkl:7;n02790996.pkl:14;n02790996.pkl:24|class=628:n03673027.pkl:0;n03673027.pkl:6;n03673027.pkl:7
convnext,1368,344,-,3,2,1,0,0.06720157112476277,0.08460026249851794,0.008054570347486082,0.009585132454278401,0.3712691117657104,0.8053857493188245,class=900:n04562935.pkl:43;n04562935.pkl:101;n04562935.pkl:105|class=652:n03763968.pkl:46;n03763968.pkl:262|class=665:n03785016.pkl:718
convnext,1369,345,-,4,2,2,0,0.03823001557222373,0.0359340226694676,0.007219825167498228,0.006132775959894191,0.697607268672019,0.4303851765083587,class=327:n02317335.pkl:66;n02317335.pkl:94;n02317335.pkl:96|class=985:n11939491.pkl:121;n11939491.pkl:122;n11939491.pkl:131|class=936:n07714571.pkl:681;n07714571.pkl:1103
convnext,1370,346,-,11,6,1,0,0.030954322059949028,0.04381151286686985,0.003412303663072974,0.004016712385599918,0.7791427953235218,0.21687512057243985,class=979:n09468604.pkl:58;n09468604.pkl:167;n09468604.pkl:312|class=167:n02089973.pkl:6;n02089973.pkl:254;n02089973.pkl:400|class=272:n02114855.pkl:119;n02114855.pkl:372;n02114855.pkl:861
convnext,1371,347,-,2,1,0,0,0.014335034727393347,0.01090155833254356,0.0020064716156022798,0.0011481025168898337,0.7488718634662859,0.6637062655600905,class=245:n02108915.pkl:367;n02108915.pkl:788;n02108915.pkl:1247|class=201:n02097658.pkl:942
convnext,1372,348,-,30,22,14,6,0.14112507912234115,0.18188826523931345,0.03952793145020283,0.08067761698415453,0.6733780687840858,0.1721931838304091,class=710:n03908714.pkl:1;n03908714.pkl:3;n03908714.pkl:6|class=638:n03710637.pkl:5;n03710637.pkl:15;n03710637.pkl:26|class=217:n02102040.pkl:4;n02102040.pkl:12;n02102040.pkl:27
convnext,1373,349,-,46,32,21,7,0.11052474488198205,0.17884456993799963,0.04765075020328734,0.14446585723466537,0.586042690142725,0.22155644651166118,class=565:n03393912.pkl:0;n03393912.pkl:1;n03393912.pkl:2|class=686:n03843555.pkl:3;n03843555.pkl:4;n03843555.pkl:5|class=849:n04398044.pkl:1;n04398044.pkl:6;n04398044.pkl:10
convnext,1374,350,-,2,1,0,0,0.02245539274222643,0.02159406629950464,0.0012034607484088093,0.00034213430568701765,0.9408874022326211,0.5404109806954343,class=715:n03929855.pkl:368;n03929855.pkl:1124|class=973:n09256479.pkl:93
convnext,1375,351,-,96,63,42,20,0.13370250356053048,0.1999203717067063,0.04936086745295668,0.10934170572378821,0.7264503623677574,0.061530080667418094,class=261:n02112350.pkl:1;n02112350.pkl:2;n02112350.pkl:3|class=123:n01984695.pkl:2;n01984695.pkl:4;n01984695.pkl:5|class=8:n01514859.pkl:0;n01514859.pkl:1;n01514859.pkl:3
convnext,1376,352,-,10,6,2,0,0.09258697486127601,0.11415762812659774,0.007217701394008616,0.011193482076434884,0.6044586003617032,0.34050969904276274,class=256:n02111277.pkl:6;n02111277.pkl:53;n02111277.pkl:162|class=375:n02488702.pkl:50;n02488702.pkl:69;n02488702.pkl:79|class=247:n02109525.pkl:257;n02109525.pkl:293;n02109525.pkl:370
convnext,1377,353,-,94,53,28,12,0.07811182033357372,0.16201759134703936,0.035809691784539834,0.1162376592027328,0.6181813337961539,0.1227277358027046,class=915:n04613696.pkl:1;n04613696.pkl:2;n04613696.pkl:3|class=79:n01784675.pkl:0;n01784675.pkl:5;n01784675.pkl:6|class=687:n03854065.pkl:0;n03854065.pkl:2;n03854065.pkl:5
convnext,1378,354,-,1,0,0,0,0.002313030069390902,0.0,0.0015420200462606013,0.0,0.0,1.0,class=339:n02389026.pkl:771;n02389026.pkl:1243
convnext,1379,355,-,1,0,0,0,0.0011947431302270011,0.0,0.0011947431302270011,0.0,0.0,1.0,class=531:n03197337.pkl:252
convnext,1381,357,-,77,44,22,5,0.060320542428416224,0.13105586040628409,0.017550122371767948,0.05086906031132177,0.67388874422477,0.12209496575397154,class=28:n01632458.pkl:0;n01632458.pkl:1;n01632458.pkl:9|class=724:n03947888.pkl:23;n03947888.pkl:25;n03947888.pkl:30|class=445:n02837789.pkl:0;n02837789.pkl:8;n02837789.pkl:19
convnext,1382,358,-,3,1,1,0,0.12478620509937872,0.17426621149176671,0.004408717502304391,0.005128709476615047,0.40547505854115545,0.784430811793037,class=358:n02443114.pkl:9;n02443114.pkl:144;n02443114.pkl:176|class=120:n01980166.pkl:992|class=261:n02112350.pkl:643
convnext,1383,359,-,3,2,0,0,0.029839610524543498,0.02138368910798661,0.0031170511137533275,0.00167927492082266,0.836112770303936,0.4300796638057134,class=1:n01443537.pkl:104;n01443537.pkl:167;n01443537.pkl:534|class=195:n02096585.pkl:190;n02096585.pkl:735;n02096585.pkl:861|class=299:n02138441.pkl:884
convnext,1385,361,-,86,49,23,11,0.09750956015427777,0.18976556494938826,0.03793326016221804,0.10642266721194527,0.6275796403966012,0.10315074695789682,class=143:n02037110.pkl:0;n02037110.pkl:1;n02037110.pkl:3|class=847:n04389033.pkl:4;n04389033.pkl:7;n04389033.pkl:8|class=963:n07873807.pkl:2;n07873807.pkl:5;n07873807.pkl:6
convnext,1388,364,-,1,1,0,0,0.06172839506172839,0.0,0.006944444444444444,0.0,0.0,1.0,class=984:n11879895.pkl:131;n11879895.pkl:179;n11879895.pkl:219
convnext,1389,365,-,183,110,63,30,0.0788080848010228,0.1471422103689871,0.03124269728212169,0.08346299710317427,0.7363299365636876,0.04446225507342634,class=888:n04532670.pkl:0;n04532670.pkl:1;n04532670.pkl:2|class=37:n01669191.pkl:2;n01669191.pkl:3;n01669191.pkl:4|class=13:n01534433.pkl:4;n01534433.pkl:8;n01534433.pkl:11
convnext,1390,366,-,1,0,0,0,0.005823627287853577,0.0,0.0024958402662229617,0.0,0.0,1.0,class=163:n02088466.pkl:380;n02088466.pkl:704;n02088466.pkl:1190
convnext,1391,367,-,65,35,20,10,0.08985937050579731,0.1658094020493565,0.03551397480392014,0.11507529932338843,0.5912359494783063,0.1769142851945596,class=48:n01695060.pkl:0;n01695060.pkl:1;n01695060.pkl:2|class=874:n04487081.pkl:3;n04487081.pkl:6;n04487081.pkl:13|class=887:n04532106.pkl:3;n04532106.pkl:7;n04532106.pkl:9
convnext,1392,368,-,36,17,8,4,0.07586706721374464,0.15582646252100185,0.023425661560333027,0.07695965708769695,0.4885525404369592,0.32758356918602705,class=500:n03042490.pkl:6;n03042490.pkl:10;n03042490.pkl:14|class=64:n01749939.pkl:9;n01749939.pkl:19;n01749939.pkl:28|class=37:n01669191.pkl:2;n01669191.pkl:12;n01669191.pkl:18
convnext,1393,369,-,59,34,26,12,0.15604215179736974,0.2419031453228008,0.07187340828631959,0.16188787888838643,0.6466138269274185,0.10293761316757857,class=450:n02860847.pkl:1;n02860847.pkl:2;n02860847.pkl:3|class=112:n01943899.pkl:0;n01943899.pkl:1;n01943899.pkl:2|class=34:n01665541.pkl:2;n01665541.pkl:3;n01665541.pkl:4
convnext,1394,370,-,3,1,1,0,0.030992196959289262,0.04159779511445152,0.008224926537814006,0.010515908859677441,0.25672886788581256,0.8782226799119311,class=521:n03133878.pkl:182;n03133878.pkl:234;n03133878.pkl:367|class=627:n03670208.pkl:673|class=45:n01692333.pkl:791
convnext,1395,371,-,122,85,56,30,0.18127874418148648,0.26245220802513614,0.08249576257801655,0.16713538649658272,0.7256320556807123,0.04184119248599598,class=550:n03297495.pkl:1;n03297495.pkl:2;n03297495.pkl:3|class=566:n03394916.pkl:0;n03394916.pkl:1;n03394916.pkl:2|class=555:n03345487.pkl:0;n03345487.pkl:1;n03345487.pkl:2
convnext,1396,372,-,13,5,3,0,0.03275047166602608,0.04183731687152922,0.006051426969896892,0.007684649031670381,0.7419739490902818,0.20097089498862294,class=421:n02788148.pkl:17;n02788148.pkl:43;n02788148.pkl:51|class=581:n03459775.pkl:99;n03459775.pkl:129;n03459775.pkl:147|class=233:n02106382.pkl:142;n02106382.pkl:189;n02106382.pkl:260
convnext,1397,373,-,1,1,0,0,0.016203703703703703,0.0,0.004629629629629629,0.0,0.0,1.0,class=57:n01735189.pkl:27;n01735189.pkl:159;n01735189.pkl:394
convnext,1399,375,-,80,49,31,15,0.0933570754478574,0.14662262191381573,0.03258833868341742,0.0677872472634149,0.7194442414821521,0.06658558943514148,class=849:n04398044.pkl:2;n04398044.pkl:7;n04398044.pkl:8|class=224:n02105056.pkl:3;n02105056.pkl:5;n02105056.pkl:8|class=922:n07565083.pkl:9;n07565083.pkl:12;n07565083.pkl:15
convnext,1400,376,-,144,97,70,39,0.1622584202409115,0.24393968236560262,0.07997535768861969,0.16440636915614512,0.7437507815850957,0.03629135592638903,class=855:n04423845.pkl:0;n04423845.pkl:1;n04423845.pkl:3|class=922:n07565083.pkl:0;n07565083.pkl:1;n07565083.pkl:2|class=244:n02108551.pkl:0;n02108551.pkl:1;n02108551.pkl:2
convnext,1401,377,-,74,56,34,20,0.12151408542186212,0.17114536913276415,0.04818354588834385,0.08891786681911455,0.7555595043144269,0.05953374898375056,class=771:n04125021.pkl:0;n04125021.pkl:2;n04125021.pkl:3|class=426:n02794156.pkl:7;n02794156.pkl:8;n02794156.pkl:13|class=136:n02017213.pkl:1;n02017213.pkl:3;n02017213.pkl:4
convnext,1402,378,-,26,16,10,4,0.08745320674227074,0.1347545513136221,0.023565213547741937,0.04194436395272297,0.6706909559948387,0.1603131055553501,class=658:n03775071.pkl:4;n03775071.pkl:7;n03775071.pkl:17|class=146:n02058221.pkl:1;n02058221.pkl:3;n02058221.pkl:4|class=254:n02110958.pkl:1;n02110958.pkl:33;n02110958.pkl:42
convnext,1404,380,-,16,7,3,0,0.027454422127353984,0.039968477645955805,0.007132138310903064,0.011553154794613952,0.6947079972749715,0.2264991844970909,class=468:n02930766.pkl:10;n02930766.pkl:16;n02930766.pkl:152|class=175:n02091635.pkl:8;n02091635.pkl:91;n02091635.pkl:102|class=671:n03792782.pkl:143;n03792782.pkl:272;n03792782.pkl:274
convnext,1405,381,-,23,14,7,1,0.0788407106929506,0.15400440115655184,0.022648805004793243,0.07471022985025583,0.4281537401412173,0.5165660336540866,class=219:n02102318.pkl:3;n02102318.pkl:14;n02102318.pkl:16|class=682:n03837869.pkl:47;n03837869.pkl:80;n03837869.pkl:93|class=516:n03125729.pkl:27;n03125729.pkl:204;n03125729.pkl:292
convnext,1406,382,-,2,0,0,0,0.007200586120841633,0.0024612496279506372,0.0007975211972739275,7.631781792095005e-06,0.9999339430388312,0.5000457864975619,class=232:n02106166.pkl:532|class=70:n01770081.pkl:1129
convnext,1407,383,-,2,1,0,0,0.005535256851729447,0.004742235440151334,0.0014242599349771345,0.0006312385233990218,0.8532583825890357,0.5982151489661297,class=62:n01744401.pkl:1;n01744401.pkl:635|class=913:n04606251.pkl:353
convnext,1408,384,-,1,0,0,0,0.0007892659826361484,0.0,0.0007892659826361484,0.0,0.0,1.0,class=174:n02091467.pkl:101
convnext,1409,385,-,106,65,33,10,0.04918294480635982,0.08137327998449562,0.01710661884149104,0.03198195836021815,0.7796572481329523,0.04240828498589108,class=661:n03777568.pkl:2;n03777568.pkl:3;n03777568.pkl:22|class=235:n02106662.pkl:1;n02106662.pkl:4;n02106662.pkl:12|class=799:n04239074.pkl:9;n04239074.pkl:22;n04239074.pkl:25
convnext,1410,386,-,25,18,7,1,0.04538339405773066,0.07087603463386234,0.009095276657358969,0.01614251756731668,0.7292877795419749,0.16600004466335366,class=939:n07716358.pkl:5;n07716358.pkl:46;n07716358.pkl:60|class=568:n03404251.pkl:114;n03404251.pkl:116;n03404251.pkl:163|class=712:n03920288.pkl:43;n03920288.pkl:101;n03920288.pkl:113
convnext,1411,387,-,6,5,2,0,0.07488695923628064,0.08705658104094172,0.008236351003974763,0.009054167757554273,0.7034247073223929,0.36807439478194454,class=994:n13040303.pkl:85;n13040303.pkl:160;n13040303.pkl:164|class=826:n04328186.pkl:59;n04328186.pkl:276;n04328186.pkl:395|class=802:n04252077.pkl:71;n04252077.pkl:138;n04252077.pkl:488
convnext,1412,388,-,6,3,2,0,0.028430817375150557,0.0325656948083857,0.00562883453697699,0.0059354671775145584,0.7005050269873401,0.35198637161318114,class=896:n04553703.pkl:195;n04553703.pkl:288;n04553703.pkl:442|class=740:n03995372.pkl:35;n03995372.pkl:70;n03995372.pkl:104|class=782:n04152593.pkl:404;n04152593.pkl:1094
convnext,1413,389,-,60,35,21,9,0.08511189241762697,0.16648187707639617,0.03085115801956171,0.08022951313280716,0.6441689146879022,0.1293796960950044,class=336:n02361337.pkl:4;n02361337.pkl:5;n02361337.pkl:7|class=113:n01944390.pkl:0;n01944390.pkl:1;n01944390.pkl:2|class=382:n02494079.pkl:13;n02494079.pkl:16;n02494079.pkl:21
convnext,1414,390,-,4,1,1,1,0.07509784777567757,0.1242037397129848,0.01892033431630097,0.030963297708992695,0.15537101379540882,0.9195404404951157,class=342:n02396427.pkl:20;n02396427.pkl:22;n02396427.pkl:23|class=941:n07717410.pkl:1;n07717410.pkl:927|class=492:n03014705.pkl:786
convnext,1416,392,-,32,12,6,2,0.051583992946756835,0.09082288652783842,0.008532291880613654,0.015006519231050784,0.7077887476121469,0.12791706936034236,class=940:n07716906.pkl:3;n07716906.pkl:28;n07716906.pkl:108|class=518:n03127747.pkl:1;n03127747.pkl:4;n03127747.pkl:12|class=627:n03670208.pkl:11;n03670208.pkl:95;n03670208.pkl:106
convnext,1417,393,-,67,43,28,12,0.0815715924674343,0.12117452950508532,0.029491175575198994,0.05770938705908605,0.7488733106657286,0.07207770452893544,class=359:n02443484.pkl:1;n02443484.pkl:4;n02443484.pkl:6|class=573:n03444034.pkl:0;n03444034.pkl:2;n03444034.pkl:6|class=714:n03929660.pkl:0;n03929660.pkl:6;n03929660.pkl:35
convnext,1418,394,-,22,14,7,0,0.06290876071644416,0.08243416967749756,0.012408249032472774,0.015871354027932934,0.7683162001639869,0.11982223263340812,class=474:n02963159.pkl:14;n02963159.pkl:31;n02963159.pkl:91|class=384:n02500267.pkl:80;n02500267.pkl:108;n02500267.pkl:134|class=835:n04355338.pkl:27;n04355338.pkl:70;n04355338.pkl:81
convnext,1419,395,-,7,4,2,0,0.09698309143942009,0.16135554254636555,0.007772113632515918,0.010134815437234367,0.6480900805482244,0.3857727200951585,class=44:n01689811.pkl:8;n01689811.pkl:65;n01689811.pkl:66|class=339:n02389026.pkl:125;n02389026.pkl:457;n02389026.pkl:499|class=859:n04442312.pkl:300;n04442312.pkl:648;n04442312.pkl:789
convnext,1420,396,-,63,54,41,33,0.5058410356239101,0.38361565442838164,0.23603507353486447,0.3045373149822156,0.8069499132420146,0.04229633659121483,class=574:n03445777.pkl:0;n03445777.pkl:1;n03445777.pkl:2|class=944:n07718747.pkl:0;n07718747.pkl:2;n07718747.pkl:3|class=396:n02643566.pkl:0;n02643566.pkl:1;n02643566.pkl:2
convnext,1421,397,-,1,1,0,0,0.03775038520801233,0.0,0.0061633281972265025,0.0,0.0,1.0,class=496:n03026506.pkl:42;n03026506.pkl:94;n03026506.pkl:385
convnext,1422,398,-,47,25,17,6,0.0828793773582964,0.13384043727250405,0.028333421554847575,0.06200180218510702,0.6687686258138278,0.12316217569940788,class=341:n02395406.pkl:13;n02395406.pkl:14;n02395406.pkl:15|class=283:n02123394.pkl:7;n02123394.pkl:21;n02123394.pkl:22|class=961:n07860988.pkl:14;n07860988.pkl:16;n07860988.pkl:18
convnext,1423,399,-,84,55,30,17,0.15302063754436196,0.24996170627409278,0.06368607900229321,0.1506745071087679,0.6657071621799111,0.07854111953966827,class=857:n04429376.pkl:0;n04429376.pkl:3;n04429376.pkl:4|class=556:n03347037.pkl:0;n03347037.pkl:4;n03347037.pkl:6|class=201:n02097658.pkl:1;n02097658.pkl:2;n02097658.pkl:4
convnext,1424,400,-,32,20,13,5,0.08058920105630085,0.11310208760746944,0.021703285789395753,0.03613373604851102,0.7255636654385234,0.11787131624895564,class=285:n02124075.pkl:1;n02124075.pkl:4;n02124075.pkl:30|class=966:n07892512.pkl:17;n07892512.pkl:44;n07892512.pkl:50|class=984:n11879895.pkl:1;n11879895.pkl:10;n11879895.pkl:15
convnext,1425,401,-,10,4,2,1,0.038642068150934836,0.06955557919615427,0.008312053775399075,0.015315401744890562,0.5718991460293094,0.4395002499858145,class=795:n04228054.pkl:16;n04228054.pkl:25;n04228054.pkl:38|class=73:n01773549.pkl:121;n01773549.pkl:169;n01773549.pkl:200|class=130:n02007558.pkl:64;n02007558.pkl:350;n02007558.pkl:358
convnext,1426,402,-,228,187,157,104,0.2626138013828492,0.29978629780410254,0.1513674852539971,0.23656550851065694,0.8255532862778814,0.015098760298967995,class=269:n02114367.pkl:0;n02114367.pkl:1;n02114367.pkl:3|class=303:n02168699.pkl:0;n02168699.pkl:1;n02168699.pkl:2|class=885:n04525038.pkl:0;n04525038.pkl:3;n04525038.pkl:4
convnext,1427,403,-,85,56,32,17,0.11970992839411568,0.19828405696466644,0.043932410407162475,0.09782476824446298,0.6953498722470741,0.0700969474444828,class=365:n02480495.pkl:0;n02480495.pkl:2;n02480495.pkl:3|class=0:n01440764.pkl:6;n01440764.pkl:7;n01440764.pkl:11|class=619:n03637318.pkl:1;n03637318.pkl:2;n03637318.pkl:6
convnext,1428,404,-,119,80,58,22,0.07400659421828908,0.11821570245294523,0.038899710398654364,0.08771223429403273,0.766465531331298,0.05112822153946442,class=874:n04487081.pkl:3;n04487081.pkl:5;n04487081.pkl:6|class=349:n02415577.pkl:3;n02415577.pkl:6;n02415577.pkl:11|class=68:n01756291.pkl:5;n01756291.pkl:14;n01756291.pkl:24
convnext,1429,405,-,35,27,10,9,0.18875466324034545,0.2837916706761111,0.076300701131662,0.17796752810760016,0.5737642416048434,0.18400915484546387,class=425:n02793495.pkl:0;n02793495.pkl:1;n02793495.pkl:2|class=854:n04418357.pkl:0;n04418357.pkl:3;n04418357.pkl:6|class=132:n02009912.pkl:2;n02009912.pkl:7;n02009912.pkl:8
convnext,1430,406,-,54,37,19,7,0.12089230513952523,0.2293117545866177,0.05901758623061561,0.164161008313123,0.5664843502935509,0.16179779362614752,class=871:n04483307.pkl:0;n04483307.pkl:1;n04483307.pkl:2|class=102:n01872401.pkl:1;n01872401.pkl:3;n01872401.pkl:4|class=752:n04039381.pkl:0;n04039381.pkl:1;n04039381.pkl:2
convnext,1431,407,-,62,35,19,7,0.08534048900281949,0.15649843061097082,0.027112490892627693,0.06380104444988621,0.6619825991632619,0.10544416519107944,class=656:n03770679.pkl:0;n03770679.pkl:2;n03770679.pkl:7|class=481:n02978881.pkl:16;n02978881.pkl:17;n02978881.pkl:18|class=375:n02488702.pkl:4;n02488702.pkl:5;n02488702.pkl:14
convnext,1432,408,-,53,28,16,6,0.07094723580272025,0.13573210313579104,0.026589748445980006,0.06450928153810057,0.6442755892453348,0.12992342743064983,class=858:n04435653.pkl:0;n04435653.pkl:2;n04435653.pkl:6|class=29:n01632777.pkl:0;n01632777.pkl:4;n01632777.pkl:12|class=262:n02112706.pkl:0;n02112706.pkl:9;n02112706.pkl:13
convnext,1433,409,-,46,23,15,4,0.05287618197997785,0.10684825619217168,0.0200155587579836,0.04730632145008956,0.6598981787625495,0.143174469135794,class=394:n02640242.pkl:2;n02640242.pkl:23;n02640242.pkl:25|class=981:n09835506.pkl:20;n09835506.pkl:23;n09835506.pkl:36|class=604:n03544143.pkl:11;n03544143.pkl:16;n03544143.pkl:17
convnext,1434,410,-,1,1,0,0,0.012782694198623401,0.0,0.0058997050147492625,0.0,0.0,1.0,class=869:n04479046.pkl:30;n04479046.pkl:36;n04479046.pkl:43
convnext,1435,411,-,62,33,15,4,0.05820853911834979,0.13291795294190936,0.023164987696875052,0.0980805253242948,0.5080234551573113,0.3052700659478396,class=206:n02099429.pkl:0;n02099429.pkl:1;n02099429.pkl:2|class=475:n02965783.pkl:10;n02965783.pkl:19;n02965783.pkl:25|class=595:n03496892.pkl:3;n03496892.pkl:34;n03496892.pkl:52
convnext,1436,412,-,65,43,25,9,0.09207452502470218,0.18061906658682042,0.03895236765220533,0.12912345186473528,0.5792257017289084,0.1844400658037635,class=774:n04133789.pkl:0;n04133789.pkl:1;n04133789.pkl:2|class=891:n04542943.pkl:2;n04542943.pkl:3;n04542943.pkl:4|class=728:n03958227.pkl:0;n03958227.pkl:4;n03958227.pkl:9
convnext,1437,413,-,30,22,11,4,0.12882558277182296,0.18815920888101703,0.030600928234908887,0.0640997506296669,0.6370146860196247,0.1795922069462448,class=938:n07715103.pkl:3;n07715103.pkl:14;n07715103.pkl:17|class=323:n02279972.pkl:8;n02279972.pkl:11;n02279972.pkl:15|class=724:n03947888.pkl:24;n03947888.pkl:27;n03947888.pkl:31
convnext,1439,415,-,87,77,55,43,0.47148812881181135,0.3646230067763373,0.2192500514256677,0.3109134033699378,0.8017363553711376,0.03460852537686035,class=84:n01806143.pkl:0;n01806143.pkl:1;n01806143.pkl:2|class=458:n02892201.pkl:0;n02892201.pkl:1;n02892201.pkl:2|class=66:n01753488.pkl:0;n01753488.pkl:3;n01753488.pkl:4
convnext,1440,416,-,5,4,2,0,0.15137472750049288,0.15259185115139712,0.009265736558312799,0.010024902301633068,0.6178760330419146,0.4341156234713017,class=786:n04179913.pkl:155;n04179913.pkl:230;n04179913.pkl:236|class=605:n03584254.pkl:119;n03584254.pkl:291;n03584254.pkl:391|class=417:n02782093.pkl:600;n02782093.pkl:1061;n02782093.pkl:1117
convnext,1442,418,-,7,6,5,1,0.0730933118819527,0.0645417354922197,0.021272970743028537,0.01728033877793684,0.8345957602200987,0.23712207936848195,class=128:n02002724.pkl:8;n02002724.pkl:44;n02002724.pkl:82|class=422:n02790996.pkl:30;n02790996.pkl:43;n02790996.pkl:108|class=86:n01807496.pkl:54;n01807496.pkl:132;n01807496.pkl:222
convnext,1443,419,-,13,8,4,0,0.056041236228904376,0.0716359342326247,0.01088442365123592,0.014938817557367088,0.6953250901626037,0.2218263581310031,class=930:n07684084.pkl:30;n07684084.pkl:56;n07684084.pkl:74|class=437:n02814860.pkl:3;n02814860.pkl:21;n02814860.pkl:28|class=846:n04380533.pkl:9;n04380533.pkl:19;n04380533.pkl:81
convnext,1444,420,-,13,8,5,2,0.09948720623582033,0.11439145545374181,0.02506672952988256,0.03639680689191216,0.6721853615949378,0.2390995556837331,class=370:n02484975.pkl:14;n02484975.pkl:30;n02484975.pkl:38|class=350:n02417914.pkl:22;n02417914.pkl:27;n02417914.pkl:40|class=50:n01698640.pkl:51;n01698640.pkl:85;n01698640.pkl:97
convnext,1445,421,-,32,20,8,2,0.06036082318824911,0.10857459166462456,0.01641885953169596,0.040325260509631616,0.6107156667981103,0.21975306251820553,class=995:n13044778.pkl:6;n13044778.pkl:13;n13044778.pkl:33|class=478:n02971356.pkl:8;n02971356.pkl:23;n02971356.pkl:27|class=524:n03146219.pkl:16;n03146219.pkl:65;n03146219.pkl:113
convnext,1446,422,-,72,51,27,13,0.14563732109028932,0.23402567617603554,0.0628754405429757,0.1513941785793885,0.6447221244051884,0.09441259840508714,class=14:n01537544.pkl:1;n01537544.pkl:2;n01537544.pkl:3|class=492:n03014705.pkl:0;n03014705.pkl:2;n03014705.pkl:9|class=102:n01872401.pkl:1;n01872401.pkl:2;n01872401.pkl:6
convnext,1447,423,-,34,21,13,4,0.10543150313827648,0.14007696235040912,0.01829997706360438,0.02897441735954473,0.7493845849748082,0.10314264435857554,class=162:n02088364.pkl:6;n02088364.pkl:17;n02088364.pkl:22|class=869:n04479046.pkl:2;n04479046.pkl:3;n04479046.pkl:21|class=850:n04399382.pkl:31;n04399382.pkl:50;n04399382.pkl:120
convnext,1448,424,-,94,59,31,12,0.08627418734311013,0.16446943333654665,0.03526404661754014,0.09500024916357418,0.6626294954250195,0.08784541584349936,class=55:n01729977.pkl:1;n01729977.pkl:2;n01729977.pkl:5|class=90:n01820546.pkl:0;n01820546.pkl:3;n01820546.pkl:6|class=589:n03483316.pkl:7;n03483316.pkl:20;n03483316.pkl:24
convnext,1449,425,-,107,72,52,29,0.17674240049387835,0.2529629148257194,0.0820755042165202,0.16952365665204994,0.7267836760914077,0.049216114883408456,class=960:n07836838.pkl:0;n07836838.pkl:1;n07836838.pkl:2|class=349:n02415577.pkl:0;n02415577.pkl:1;n02415577.pkl:2|class=441:n02823750.pkl:2;n02823750.pkl:3;n02823750.pkl:4
convnext,1450,426,-,21,10,5,1,0.07018816139081369,0.12172694671015512,0.010601497819734294,0.017633477537472367,0.6847938045102298,0.1793604209446116,class=159:n02087394.pkl:1;n02087394.pkl:16;n02087394.pkl:67|class=718:n03933933.pkl:11;n03933933.pkl:70;n03933933.pkl:75|class=949:n07745940.pkl:8;n07745940.pkl:64;n07745940.pkl:153
convnext,1451,427,-,2,1,1,1,0.2651207724789834,0.2606027001898268,0.0260745554565529,0.024568531360167355,0.1887395299274149,0.9439096347243869,class=895:n04552348.pkl:39;n04552348.pkl:53;n04552348.pkl:80|class=175:n02091635.pkl:109
convnext,1452,428,-,32,19,9,8,0.14257616103985293,0.2325786196541086,0.05462768704429573,0.1290999855781721,0.5681767608493737,0.20578269056360188,class=479:n02974003.pkl:5;n02974003.pkl:9;n02974003.pkl:10|class=569:n03417042.pkl:3;n03417042.pkl:4;n03417042.pkl:5|class=651:n03761084.pkl:0;n03761084.pkl:2;n03761084.pkl:9
convnext,1453,429,-,1,1,0,0,0.02086677367576244,0.0,0.0016051364365971107,0.0,0.0,1.0,class=532:n03201208.pkl:554;n03201208.pkl:785
convnext,1454,430,-,113,70,46,19,0.10070106045304619,0.16581249561234135,0.03904010344229743,0.09127722027529438,0.722306394362072,0.05722494410135605,class=770:n04120489.pkl:0;n04120489.pkl:2;n04120489.pkl:4|class=451:n02865351.pkl:1;n02865351.pkl:4;n02865351.pkl:8|class=677:n03804744.pkl:12;n03804744.pkl:18;n03804744.pkl:26
convnext,1455,431,-,64,39,24,8,0.09769976938257141,0.18856661471287434,0.04531684901858828,0.14566302610909912,0.5539687930781922,0.17706058528569446,class=701:n03888257.pkl:0;n03888257.pkl:2;n03888257.pkl:4|class=759:n04069434.pkl:2;n04069434.pkl:3;n04069434.pkl:5|class=61:n01742172.pkl:1;n01742172.pkl:5;n01742172.pkl:6
convnext,1456,432,-,7,3,1,0,0.02003435233103936,0.023436246374028184,0.00387428518961582,0.0072500765541110785,0.44146912421008333,0.643126580585422,class=533:n03207743.pkl:133;n03207743.pkl:159;n03207743.pkl:254|class=332:n02328150.pkl:843;n02328150.pkl:874|class=808:n04259630.pkl:701
convnext,1457,433,-,79,70,48,36,0.4607630905267739,0.3684094079898468,0.19251651427480052,0.2886146713795697,0.7798103258755905,0.0411076688629478,class=91:n01824575.pkl:0;n01824575.pkl:1;n01824575.pkl:2|class=328:n02319095.pkl:0;n02319095.pkl:1;n02319095.pkl:2|class=890:n04540053.pkl:0;n04540053.pkl:1;n04540053.pkl:2
convnext,1458,434,-,3,1,0,0,0.027288150857630963,0.03353969953311648,0.0021919714012349056,0.0004438232265227743,0.9802497501509243,0.3469989436001132,class=386:n02504458.pkl:967;n02504458.pkl:1246;n02504458.pkl:1293|class=892:n04548280.pkl:136;n04548280.pkl:621;n04548280.pkl:1014|class=688:n03857828.pkl:344;n03857828.pkl:414
convnext,1459,435,-,17,7,4,3,0.11479546774384276,0.22157070420455915,0.039599723253488324,0.09540548542707149,0.4036260087836159,0.4002627985638455,class=286:n02125311.pkl:2;n02125311.pkl:4;n02125311.pkl:9|class=254:n02110958.pkl:3;n02110958.pkl:8;n02110958.pkl:11|class=61:n01742172.pkl:0;n01742172.pkl:1;n01742172.pkl:19
convnext,1460,436,-,85,46,21,6,0.06690346750634281,0.14456787562152132,0.021573763084896686,0.07041378290633883,0.6222074583914282,0.13709169836759946,class=683:n03838899.pkl:0;n03838899.pkl:3;n03838899.pkl:4|class=878:n04505470.pkl:1;n04505470.pkl:13;n04505470.pkl:37|class=639:n03710721.pkl:13;n03710721.pkl:18;n03710721.pkl:21
convnext,1461,437,-,22,15,7,2,0.08576731616575323,0.11569900529617513,0.017724191357249588,0.031189674092910645,0.6796303836262102,0.18621029126672992,class=111:n01930112.pkl:0;n01930112.pkl:5;n01930112.pkl:6|class=461:n02895154.pkl:5;n02895154.pkl:20;n02895154.pkl:33|class=34:n01665541.pkl:13;n01665541.pkl:66;n01665541.pkl:76
convnext,1462,438,-,75,50,34,11,0.11043578003872606,0.18925802469419226,0.03942737771955585,0.10375176453191648,0.6627700652615166,0.10566144065393215,class=895:n04552348.pkl:0;n04552348.pkl:2;n04552348.pkl:3|class=363:n02454379.pkl:0;n02454379.pkl:2;n02454379.pkl:3|class=922:n07565083.pkl:2;n07565083.pkl:3;n07565083.pkl:4
convnext,1463,439,-,123,88,56,26,0.11318368170282732,0.1869335892917102,0.04132542642277149,0.09413744478336139,0.7452586381131288,0.05031770009663698,class=216:n02101556.pkl:0;n02101556.pkl:1;n02101556.pkl:4|class=898:n04557648.pkl:0;n04557648.pkl:5;n04557648.pkl:9|class=648:n03742115.pkl:1;n03742115.pkl:2;n03742115.pkl:4
convnext,1464,440,-,43,29,19,7,0.13348363526659285,0.2150271038044125,0.05027649591800657,0.11128711396723122,0.6392616290160642,0.13719977202402214,class=285:n02124075.pkl:3;n02124075.pkl:4;n02124075.pkl:5|class=276:n02117135.pkl:2;n02117135.pkl:6;n02117135.pkl:8|class=816:n04277352.pkl:2;n04277352.pkl:3;n04277352.pkl:5
convnext,1465,441,-,65,42,25,13,0.11818547886610205,0.19462372385812973,0.04364345017396877,0.10853682590470301,0.6612430545324436,0.1105332860700104,class=993:n13037406.pkl:0;n13037406.pkl:3;n13037406.pkl:4|class=315:n02236044.pkl:1;n02236044.pkl:2;n02236044.pkl:3|class=132:n02009912.pkl:14;n02009912.pkl:22;n02009912.pkl:23
convnext,1466,442,-,1,0,0,0,0.008598452278589854,0.0,0.0017196904557179708,0.0,0.0,1.0,class=581:n03459775.pkl:690;n03459775.pkl:789
convnext,1467,443,-,23,14,7,2,0.05438196398975322,0.08175935248560828,0.013986177843139413,0.023527834357145613,0.7188539231443934,0.1665158972035573,class=637:n03710193.pkl:4;n03710193.pkl:12;n03710193.pkl:27|class=294:n02132136.pkl:4;n02132136.pkl:27;n02132136.pkl:28|class=59:n01739381.pkl:83;n01739381.pkl:102;n01739381.pkl:120
convnext,1468,444,-,48,28,16,9,0.1297982379240318,0.23458928249936561,0.0551897264090511,0.1465122432587908,0.5763557272548858,0.16765498865302847,class=765:n04099969.pkl:0;n04099969.pkl:1;n04099969.pkl:2|class=359:n02443484.pkl:0;n02443484.pkl:1;n02443484.pkl:2|class=651:n03761084.pkl:0;n03761084.pkl:6;n03761084.pkl:7
convnext,1469,445,-,2,1,0,0,0.01514900123417871,0.012671709739546174,0.001984960122116048,0.00033343245902769177,0.9795488538768076,0.5141085435326846,class=338:n02364673.pkl:256;n02364673.pkl:527;n02364673.pkl:615|class=477:n02966687.pkl:709;n02966687.pkl:904
convnext,1470,446,-,66,35,20,11,0.10987727140915585,0.20122008956947132,0.045531948391299135,0.11057929336551825,0.6358252863250021,0.10451728794548061,class=668:n03788195.pkl:0;n03788195.pkl:3;n03788195.pkl:4|class=743:n04005630.pkl:3;n04005630.pkl:4;n04005630.pkl:5|class=233:n02106382.pkl:1;n02106382.pkl:4;n02106382.pkl:5
convnext,1471,447,-,13,7,4,2,0.09934658037761213,0.139768790431539,0.025561738146406887,0.04692298329735293,0.5304662107639198,0.3361303103252567,class=798:n04238763.pkl:10;n04238763.pkl:13;n04238763.pkl:26|class=190:n02095889.pkl:0;n02095889.pkl:9;n02095889.pkl:20|class=484:n02981792.pkl:58;n02981792.pkl:93;n02981792.pkl:104
convnext,1472,448,-,167,81,45,12,0.03688237579319869,0.07749644475241582,0.013445306902319137,0.02781919589662554,0.7962132943279453,0.03162290075019332,class=353:n02423022.pkl:1;n02423022.pkl:2;n02423022.pkl:10|class=238:n02107574.pkl:7;n02107574.pkl:8;n02107574.pkl:12|class=132:n02009912.pkl:9;n02009912.pkl:13;n02009912.pkl:47
convnext,1473,449,-,94,59,30,8,0.06726816550789262,0.11622098185226662,0.017673565143625388,0.03666283597196621,0.7478039016615863,0.056418312592823074,class=26:n01630670.pkl:9;n01630670.pkl:15;n01630670.pkl:16|class=407:n02701002.pkl:0;n02701002.pkl:1;n02701002.pkl:10|class=556:n03347037.pkl:2;n03347037.pkl:6;n03347037.pkl:30
convnext,1474,450,-,9,7,3,1,0.08535234357160909,0.12506505119514758,0.031397294657441226,0.05765224129705622,0.520502693633676,0.48574358857114425,class=521:n03133878.pkl:0;n03133878.pkl:2;n03133878.pkl:6|class=776:n04141076.pkl:20;n04141076.pkl:45;n04141076.pkl:59|class=416:n02777292.pkl:22;n02777292.pkl:41;n02777292.pkl:54
convnext,1475,451,-,45,24,13,5,0.09432908648844314,0.2013180359511533,0.04707928993014378,0.13866790734869153,0.5200437265826113,0.21501004621323483,class=863:n04458633.pkl:0;n04458633.pkl:3;n04458633.pkl:6|class=504:n03063599.pkl:0;n03063599.pkl:1;n03063599.pkl:2|class=393:n02607072.pkl:9;n02607072.pkl:11;n02607072.pkl:15
convnext,1476,452,-,36,20,11,4,0.09978923250592034,0.18669369332214017,0.025884625100937853,0.05631665647389316,0.6211603450193912,0.15926618550181773,class=30:n01641577.pkl:0;n01641577.pkl:1;n01641577.pkl:3|class=359:n02443484.pkl:10;n02443484.pkl:18;n02443484.pkl:25|class=324:n02280649.pkl:6;n02280649.pkl:9;n02280649.pkl:35
convnext,1477,453,-,3,2,1,0,0.03713144163587581,0.022615550107999583,0.01048247671064785,0.00819360361734448,0.6660716006690497,0.5369910326691916,class=751:n04037443.pkl:2;n04037443.pkl:4;n04037443.pkl:10|class=98:n01855032.pkl:100;n01855032.pkl:161;n01855032.pkl:167|class=439:n02817516.pkl:1173
convnext,1478,454,-,47,34,12,5,0.09430528737552672,0.17101332024045326,0.016483146167763817,0.033166393916302286,0.711422800968674,0.10741928613836704,class=84:n01806143.pkl:0;n01806143.pkl:3;n01806143.pkl:5|class=364:n02457408.pkl:4;n02457408.pkl:20;n02457408.pkl:26|class=526:n03179701.pkl:63;n03179701.pkl:69;n03179701.pkl:71
convnext,1479,455,-,11,7,4,2,0.10803024369137501,0.14178063446744094,0.02566645389357687,0.0374802175051375,0.6235039557082296,0.28476532845431707,class=601:n03534580.pkl:3;n03534580.pkl:14;n03534580.pkl:20|class=161:n02088238.pkl:126;n02088238.pkl:141;n02088238.pkl:154|class=581:n03459775.pkl:3;n03459775.pkl:78;n03459775.pkl:105
convnext,1480,456,-,101,71,46,21,0.13158660197195227,0.18973708820427693,0.04932461885608013,0.10632979235023238,0.729344488749423,0.05591192752404769,class=311:n02226429.pkl:1;n02226429.pkl:3;n02226429.pkl:5|class=407:n02701002.pkl:0;n02701002.pkl:2;n02701002.pkl:3|class=657:n04008634.pkl:2;n04008634.pkl:5;n04008634.pkl:13
convnext,1481,457,-,80,41,21,9,0.07646923849780503,0.16024846840674362,0.027565734667843587,0.07581702697544723,0.6376159186817739,0.10705932657372907,class=853:n04417672.pkl:7;n04417672.pkl:8;n04417672.pkl:11|class=907:n04591713.pkl:5;n04591713.pkl:9;n04591713.pkl:12|class=261:n02112350.pkl:6;n02112350.pkl:10;n02112350.pkl:12
convnext,1483,459,-,72,45,23,13,0.10524833164098864,0.1672942804833157,0.031975372393746176,0.0755688398701463,0.6933973022649601,0.09146389016193507,class=650:n03759954.pkl:0;n03759954.pkl:1;n03759954.pkl:3|class=860:n04443257.pkl:0;n04443257.pkl:4;n04443257.pkl:5|class=658:n03775071.pkl:3;n03775071.pkl:13;n03775071.pkl:19
convnext,1484,460,-,58,35,23,12,0.13301181220842856,0.19052122205327093,0.04048269352580031,0.09416722163295871,0.6785287087561565,0.11053086932241296,class=936:n07714571.pkl:0;n07714571.pkl:3;n07714571.pkl:5|class=752:n04039381.pkl:1;n04039381.pkl:2;n04039381.pkl:5|class=510:n03095699.pkl:1;n03095699.pkl:3;n03095699.pkl:13
convnext,1485,461,-,13,6,3,1,0.07650405911090004,0.16021820526847746,0.013130693063128475,0.026917175391824366,0.5274836918036576,0.4001744045609136,class=359:n02443484.pkl:40;n02443484.pkl:52;n02443484.pkl:60|class=610:n03595614.pkl:2;n03595614.pkl:23;n03595614.pkl:25|class=614:n03617480.pkl:21;n03617480.pkl:456;n03617480.pkl:464
convnext,1486,462,-,72,51,33,17,0.1521891145040418,0.2174411188313672,0.0589287484591261,0.13634919473078144,0.6796267360951959,0.08824526631596258,class=682:n03837869.pkl:0;n03837869.pkl:2;n03837869.pkl:3|class=774:n04133789.pkl:1;n04133789.pkl:3;n04133789.pkl:4|class=144:n02051845.pkl:1;n02051845.pkl:3;n02051845.pkl:4
convnext,1487,463,-,9,5,2,1,0.060852306730241765,0.1040444594463487,0.018824575912324858,0.0427024944027185,0.3547951104061651,0.6828708587208826,class=564:n03388549.pkl:10;n03388549.pkl:12;n03388549.pkl:18|class=688:n03857828.pkl:188;n03857828.pkl:210;n03857828.pkl:345|class=4:n01494475.pkl:135;n01494475.pkl:271;n01494475.pkl:314
convnext,1488,464,-,74,39,28,13,0.11515794135562359,0.21043429611335515,0.03951967319468499,0.085052773288618,0.6837486108661491,0.07610547323641721,class=483:n02980441.pkl:4;n02980441.pkl:13;n02980441.pkl:15|class=675:n03796401.pkl:6;n03796401.pkl:17;n03796401.pkl:20|class=524:n03146219.pkl:0;n03146219.pkl:3;n03146219.pkl:12
convnext,1489,465,-,7,3,1,0,0.02130855514469249,0.031192173713789583,0.004365487589629668,0.005314738596570112,0.6850188423097194,0.3545958522836166,class=515:n03124170.pkl:33;n03124170.pkl:114;n03124170.pkl:156|class=688:n03857828.pkl:7;n03857828.pkl:55;n03857828.pkl:124|class=965:n07880968.pkl:98;n07880968.pkl:379;n07880968.pkl:490
convnext,1490,466,-,44,23,16,7,0.09220044512345268,0.17585218597120664,0.039895043124413394,0.09332343198765262,0.6201209198647782,0.14709017513855308,class=591:n03485794.pkl:0;n03485794.pkl:1;n03485794.pkl:2|class=429:n02799071.pkl:0;n02799071.pkl:6;n02799071.pkl:7|class=358:n02443114.pkl:1;n02443114.pkl:2;n02443114.pkl:4
convnext,1491,467,-,58,35,23,9,0.11075443354684847,0.1896318719935744,0.04333470917102679,0.13469374838398018,0.5871692057117419,0.1838107373592283,class=83:n01798484.pkl:0;n01798484.pkl:1;n01798484.pkl:2|class=195:n02096585.pkl:0;n02096585.pkl:1;n02096585.pkl:5|class=458:n02892201.pkl:4;n02892201.pkl:13;n02892201.pkl:17
convnext,1493,469,-,78,69,46,36,0.45563295040900986,0.3718471570874154,0.21871453014528294,0.300585853564505,0.7974644426696307,0.03703566487101688,class=15:n01558993.pkl:0;n01558993.pkl:1;n01558993.pkl:2|class=130:n02007558.pkl:0;n02007558.pkl:1;n02007558.pkl:2|class=138:n02018795.pkl:0;n02018795.pkl:1;n02018795.pkl:2
convnext,1494,470,-,2,0,0,0,0.0035129054814094186,0.0004241023926063296,0.001165901559602347,0.0003784999847991974,0.9225805935901825,0.5526960388516529,class=347:n02410509.pkl:412;n02410509.pkl:1083|class=234:n02106550.pkl:530
convnext,1495,471,-,102,80,52,32,0.21332087008111494,0.28285874784673026,0.09183595452965784,0.18122607013893968,0.7365502961739103,0.04798214237693752,class=388:n02510455.pkl:0;n02510455.pkl:1;n02510455.pkl:2|class=76:n01774750.pkl:0;n01774750.pkl:2;n01774750.pkl:5|class=698:n03877845.pkl:0;n03877845.pkl:1;n03877845.pkl:2
convnext,1496,472,-,34,22,6,2,0.04221233335670742,0.07885709875647022,0.011161191294152438,0.02929701385072371,0.6206656181205646,0.23206180404977111,class=535:n03208938.pkl:0;n03208938.pkl:5;n03208938.pkl:7|class=703:n03891251.pkl:2;n03891251.pkl:39;n03891251.pkl:67|class=951:n07749582.pkl:13;n07749582.pkl:105;n07749582.pkl:141
convnext,1498,474,-,52,35,24,8,0.12812170477820628,0.22131882558913377,0.06093861275982472,0.15609785933352766,0.6004738796998097,0.145415098657098,class=992:n12998815.pkl:1;n12998815.pkl:2;n12998815.pkl:3|class=431:n02804414.pkl:0;n02804414.pkl:5;n02804414.pkl:10|class=484:n02981792.pkl:1;n02981792.pkl:2;n02981792.pkl:4
convnext,1499,475,-,124,76,48,15,0.09105446191845125,0.16774324702580884,0.03353641356307227,0.0841003740836536,0.7069252671747579,0.05878004243057094,class=308:n02190166.pkl:0;n02190166.pkl:1;n02190166.pkl:2|class=353:n02423022.pkl:0;n02423022.pkl:5;n02423022.pkl:6|class=949:n07745940.pkl:1;n07745940.pkl:4;n07745940.pkl:5
convnext,1500,476,-,6,1,0,0,0.003123368674284015,0.004564007613880695,0.0014348206920027412,0.0014497839516524795,0.7950343157279555,0.33682768007650876,class=301:n02165456.pkl:18;n02165456.pkl:198;n02165456.pkl:324|class=842:n04371430.pkl:133|class=949:n07745940.pkl:182
convnext,1502,478,-,57,34,14,6,0.06993947299912315,0.12360930070993048,0.02286925346802795,0.07468779948930404,0.5821998607543784,0.20466398365836294,class=590:n03485407.pkl:0;n03485407.pkl:1;n03485407.pkl:2|class=889:n04536866.pkl:2;n04536866.pkl:5;n04536866.pkl:8|class=833:n04347754.pkl:2;n04347754.pkl:30;n04347754.pkl:44
convnext,1503,479,-,88,48,30,14,0.0956110803041932,0.1745021357895726,0.03909137920819554,0.10389858409954408,0.6466491914271459,0.09163758005956552,class=342:n02396427.pkl:0;n02396427.pkl:1;n02396427.pkl:4|class=642:n03721384.pkl:1;n03721384.pkl:2;n03721384.pkl:3|class=685:n03841143.pkl:1;n03841143.pkl:5;n03841143.pkl:7
convnext,1504,480,-,48,30,13,4,0.06619923166147701,0.12340911694895507,0.018648134833636726,0.04810690671976615,0.6206396054810498,0.1594778910086417,class=687:n03854065.pkl:4;n03854065.pkl:10;n03854065.pkl:13|class=546:n03272010.pkl:0;n03272010.pkl:2;n03272010.pkl:4|class=959:n07831146.pkl:8;n07831146.pkl:25;n07831146.pkl:30
convnext,1505,481,-,73,54,32,14,0.1364827339525422,0.19688471758036802,0.044808008891300426,0.09348569657018846,0.7081978671147497,0.07332744598569131,class=901:n04579145.pkl:3;n04579145.pkl:4;n04579145.pkl:5|class=450:n02860847.pkl:3;n02860847.pkl:4;n02860847.pkl:5|class=458:n02892201.pkl:3;n02892201.pkl:6;n02892201.pkl:8
convnext,1506,482,-,81,43,23,3,0.04271739414578327,0.08761834734154743,0.012596019335837975,0.034582320401186695,0.7211626577094995,0.1054042982059157,class=976:n09399592.pkl:1;n09399592.pkl:3;n09399592.pkl:4|class=922:n07565083.pkl:56;n07565083.pkl:59;n07565083.pkl:61|class=921:n07248320.pkl:5;n07248320.pkl:6;n07248320.pkl:13
convnext,1507,483,-,62,29,10,5,0.05721593227879764,0.13781026480593475,0.01975739674963738,0.06183754789430681,0.5697832617584082,0.17412768652280716,class=628:n03673027.pkl:1;n03673027.pkl:2;n03673027.pkl:3|class=577:n03447721.pkl:0;n03447721.pkl:2;n03447721.pkl:6|class=222:n02104029.pkl:3;n02104029.pkl:4;n02104029.pkl:8
convnext,1508,484,-,60,43,29,15,0.18767993345109568,0.2556732171015638,0.074251072900172,0.14785028472509654,0.6878856328101274,0.08274934143143393,class=927:n07613480.pkl:1;n07613480.pkl:2;n07613480.pkl:3|class=599:n03530642.pkl:2;n03530642.pkl:5;n03530642.pkl:7|class=645:n03733131.pkl:0;n03733131.pkl:5;n03733131.pkl:6
convnext,1510,486,-,81,36,16,5,0.05342531875116338,0.09821021926648157,0.011613711368124432,0.02596815706550637,0.7163760831920498,0.07406983821761862,class=851:n04404412.pkl:4;n04404412.pkl:11;n04404412.pkl:14|class=833:n04347754.pkl:2;n04347754.pkl:10;n04347754.pkl:11|class=297:n02134418.pkl:49;n02134418.pkl:59;n02134418.pkl:68
convnext,1511,487,-,77,48,32,17,0.13777871290548963,0.21838791544070857,0.05310401192626449,0.10990566185523365,0.7023650529666747,0.0686151789282351,class=933:n07697313.pkl:6;n07697313.pkl:7;n07697313.pkl:8|class=156:n02086646.pkl:5;n02086646.pkl:9;n02086646.pkl:12|class=781:n04149813.pkl:3;n04149813.pkl:15;n04149813.pkl:16
convnext,1512,488,-,2,1,1,0,0.07684283897177484,0.0705830580641066,0.00936159512108184,0.00857912250762331,0.2504472842126767,0.9199098231783651,class=554:n03344393.pkl:16;n03344393.pkl:33;n03344393.pkl:69|class=801:n04251144.pkl:97
convnext,1513,489,-,21,12,7,1,0.0569273209511553,0.1411077138487063,0.026957774058119943,0.09013763205375898,0.3766500375499553,0.5800029764207671,class=301:n02165456.pkl:1;n02165456.pkl:2;n02165456.pkl:5|class=635:n03706229.pkl:1;n03706229.pkl:8;n03706229.pkl:9|class=964:n07875152.pkl:41;n07875152.pkl:255;n07875152.pkl:370
convnext,1514,490,-,18,12,5,1,0.054180482653232456,0.10609667233168008,0.01754927955719652,0.046715952427785305,0.49890122725774494,0.4492319054932201,class=385:n02504013.pkl:10;n02504013.pkl:15;n02504013.pkl:16|class=964:n07875152.pkl:17;n07875152.pkl:20;n07875152.pkl:58|class=905:n04590129.pkl:69;n04590129.pkl:99;n04590129.pkl:135
convnext,1515,491,-,25,14,5,0,0.03514220543219709,0.04762307235689762,0.0067664500162911674,0.008415096145492346,0.8081238482000457,0.10186662146832719,class=111:n01930112.pkl:37;n01930112.pkl:80;n01930112.pkl:99|class=240:n02107908.pkl:47;n02107908.pkl:50;n02107908.pkl:148|class=157:n02086910.pkl:88;n02086910.pkl:127;n02086910.pkl:135
convnext,1516,492,-,91,50,29,12,0.08645888263880146,0.17191181745121675,0.02919230600220612,0.08830115049796446,0.6504788857304156,0.11153263302158264,class=823:n04317175.pkl:4;n04317175.pkl:6;n04317175.pkl:7|class=28:n01632458.pkl:0;n01632458.pkl:1;n01632458.pkl:2|class=52:n01728572.pkl:1;n01728572.pkl:4;n01728572.pkl:5
convnext,1517,493,-,81,53,31,19,0.13434251786688634,0.22742600869197077,0.06450975138844088,0.15668336724490586,0.6560236900848159,0.08517563329532923,class=934:n07697537.pkl:1;n07697537.pkl:2;n07697537.pkl:5|class=212:n02100735.pkl:1;n02100735.pkl:2;n02100735.pkl:3|class=949:n07745940.pkl:1;n07745940.pkl:2;n07745940.pkl:5
convnext,1518,494,-,119,85,61,36,0.19765184641547884,0.2873896378360968,0.09870787269268637,0.20292395801677193,0.7284255104541658,0.04391871169531931,class=142:n02033041.pkl:0;n02033041.pkl:1;n02033041.pkl:4|class=941:n07717410.pkl:0;n07717410.pkl:2;n07717410.pkl:3|class=865:n04462240.pkl:0;n04462240.pkl:1;n04462240.pkl:2
convnext,1519,495,-,100,73,47,28,0.22348443540936938,0.30954330760712595,0.1089988925617173,0.2215559434957483,0.7149533674424285,0.05131641575668655,class=992:n12998815.pkl:0;n12998815.pkl:1;n12998815.pkl:2|class=597:n03527444.pkl:0;n03527444.pkl:1;n03527444.pkl:2|class=379:n02492660.pkl:0;n02492660.pkl:1;n02492660.pkl:3
convnext,1521,497,-,57,24,10,4,0.057041867317123685,0.12895912609927682,0.0173068689236113,0.06141523165561864,0.5286316471868648,0.2384665503402284,class=917:n06596364.pkl:1;n06596364.pkl:7;n06596364.pkl:9|class=110:n01924916.pkl:2;n01924916.pkl:4;n01924916.pkl:5|class=41:n01685808.pkl:2;n01685808.pkl:7;n01685808.pkl:25
convnext,1522,498,-,88,57,38,22,0.13088215880735213,0.19625489347536218,0.04373633232001401,0.0808228077883429,0.7507206421751318,0.050169778840078005,class=393:n02607072.pkl:0;n02607072.pkl:2;n02607072.pkl:6|class=983:n10565667.pkl:10;n10565667.pkl:17;n10565667.pkl:19|class=524:n03146219.pkl:0;n03146219.pkl:4;n03146219.pkl:7
convnext,1523,499,-,38,28,14,6,0.13291497789386222,0.2100686035286222,0.03810321218798209,0.08401188929831047,0.6414642185745331,0.15424647520127904,class=946:n07730033.pkl:0;n07730033.pkl:11;n07730033.pkl:20|class=848:n04392985.pkl:5;n04392985.pkl:22;n04392985.pkl:23|class=434:n02808304.pkl:0;n02808304.pkl:11;n02808304.pkl:14
convnext,1524,500,-,64,37,19,11,0.1185104562499747,0.22150612502720263,0.046930758977119534,0.11606991477069771,0.6283519639717149,0.111199976851038,class=399:n02667093.pkl:1;n02667093.pkl:3;n02667093.pkl:4|class=757:n04065272.pkl:0;n04065272.pkl:3;n04065272.pkl:4|class=711:n03916031.pkl:2;n03916031.pkl:3;n03916031.pkl:4
convnext,1525,501,-,94,61,36,15,0.11433716094400202,0.18744783581082122,0.03943476227131733,0.09012210071767428,0.7062464764493178,0.06620009765307304,class=204:n02098413.pkl:0;n02098413.pkl:1;n02098413.pkl:2|class=502:n03047690.pkl:4;n03047690.pkl:6;n03047690.pkl:7|class=730:n03967562.pkl:4;n03967562.pkl:12;n03967562.pkl:18
convnext,1527,503,-,39,19,13,4,0.109132907012515,0.21938347937433048,0.0575454806332419,0.16721676178084635,0.4979283156794879,0.24214833719826256,class=308:n02190166.pkl:1;n02190166.pkl:2;n02190166.pkl:3|class=625:n03662601.pkl:0;n03662601.pkl:2;n03662601.pkl:9|class=656:n03770679.pkl:3;n03770679.pkl:7;n03770679.pkl:13
convnext,1528,504,-,14,2,2,0,0.014069277034460401,0.03174478654326266,0.003790304236994961,0.006179819438484472,0.6861157244643978,0.2613068975772593,class=544:n03259280.pkl:81;n03259280.pkl:98;n03259280.pkl:240|class=952:n07753113.pkl:132;n07753113.pkl:240;n07753113.pkl:303|class=560:n03379051.pkl:625;n03379051.pkl:665;n03379051.pkl:939
convnext,1530,506,-,7,5,3,3,0.22969264223895633,0.19892361879467071,0.03991340924255687,0.048097150738241015,0.6120463438483058,0.3503021608149425,class=158:n02087046.pkl:5;n02087046.pkl:7;n02087046.pkl:12|class=189:n02095570.pkl:14;n02095570.pkl:25;n02095570.pkl:36|class=376:n02489166.pkl:59;n02489166.pkl:88;n02489166.pkl:100
convnext,1531,507,-,46,29,14,7,0.09495641124264143,0.1481926385788481,0.028131111965207754,0.060058433907576814,0.6749564135516192,0.1208260612146849,class=963:n07873807.pkl:0;n07873807.pkl:1;n07873807.pkl:5|class=397:n02655020.pkl:3;n02655020.pkl:4;n02655020.pkl:7|class=749:n04033901.pkl:1;n04033901.pkl:2;n04033901.pkl:7
convnext,1532,508,-,47,36,22,10,0.13291726928502337,0.18894839089918247,0.053925207180233484,0.127543052751703,0.6686179649208789,0.14029993013544903,class=991:n12985857.pkl:0;n12985857.pkl:1;n12985857.pkl:2|class=42:n01687978.pkl:0;n01687978.pkl:3;n01687978.pkl:4|class=874:n04487081.pkl:9;n04487081.pkl:22;n04487081.pkl:29
convnext,1533,509,-,26,9,4,2,0.054708093089745224,0.16045417100788587,0.028704494356316137,0.10238508079312683,0.3488120705895553,0.5277896932583633,class=552:n03325584.pkl:3;n03325584.pkl:6;n03325584.pkl:7|class=867:n04467665.pkl:9;n04467665.pkl:11;n04467665.pkl:14|class=495:n03018349.pkl:129;n03018349.pkl:263;n03018349.pkl:321
convnext,1534,510,-,8,3,2,0,0.040796830533302936,0.06289587480606916,0.006318219034838517,0.0076770381054681505,0.6704410650081248,0.30954745070808165,class=839:n04366367.pkl:19;n04366367.pkl:21;n04366367.pkl:80|class=953:n07753275.pkl:4;n07753275.pkl:84;n07753275.pkl:201|class=745:n04009552.pkl:100;n04009552.pkl:111;n04009552.pkl:194
convnext,1535,511,-,32,14,3,1,0.04188143741139076,0.11405133219865138,0.011226373830105598,0.04063070510660952,0.46056017633800084,0.44058581054931983,class=392:n02606052.pkl:6;n02606052.pkl:10;n02606052.pkl:12|class=11:n01531178.pkl:50;n01531178.pkl:156;n01531178.pkl:183|class=198:n02097209.pkl:193;n02097209.pkl:215;n02097209.pkl:375
convnext,1536,512,-,9,6,2,0,0.030918780228091677,0.026771124063070084,0.0065827634018730975,0.007398468896179459,0.7630433621540013,0.25146508173484633,class=890:n04540053.pkl:57;n04540053.pkl:93;n04540053.pkl:98|class=734:n03977966.pkl:47;n03977966.pkl:81;n03977966.pkl:101|class=93:n01829413.pkl:349;n01829413.pkl:361;n01829413.pkl:375
convnext,1538,514,-,66,42,23,10,0.12522590060151942,0.20704864642344922,0.044591011381294135,0.12990019716792042,0.6128120691583564,0.1437337705832985,class=302:n02167151.pkl:0;n02167151.pkl:2;n02167151.pkl:3|class=489:n03000134.pkl:1;n03000134.pkl:6;n03000134.pkl:7|class=502:n03047690.pkl:16;n03047690.pkl:18;n03047690.pkl:30
convnext,1539,515,-,78,50,33,11,0.10439960630065237,0.1851309059320277,0.04283530034330554,0.10551104815785255,0.6642483732954604,0.0906058322313807,class=874:n04487081.pkl:0;n04487081.pkl:3;n04487081.pkl:6|class=966:n07892512.pkl:6;n07892512.pkl:8;n07892512.pkl:9|class=667:n03787032.pkl:1;n03787032.pkl:2;n03787032.pkl:3
convnext,1540,516,-,226,132,100,42,0.1021081324318349,0.1864463639835368,0.05298454740423399,0.13769717513632967,0.7275583935863258,0.03430908406167146,class=985:n11939491.pkl:0;n11939491.pkl:1;n11939491.pkl:3|class=295:n02133161.pkl:0;n02133161.pkl:1;n02133161.pkl:2|class=385:n02504013.pkl:1;n02504013.pkl:3;n02504013.pkl:4
convnext,1541,517,-,7,4,4,1,0.0808078231363404,0.10879911243943331,0.01452022770978853,0.016881162959127408,0.6788525208735017,0.3359471640768467,class=559:n03376595.pkl:12;n03376595.pkl:16;n03376595.pkl:74|class=405:n02692877.pkl:23;n02692877.pkl:26;n02692877.pkl:69|class=997:n13054560.pkl:60;n13054560.pkl:91;n13054560.pkl:140
convnext,1542,518,-,62,39,28,14,0.10858170921751634,0.1613671072236187,0.04173605799830179,0.0952154571891265,0.6984180259007444,0.10007510246421633,class=900:n04562935.pkl:1;n04562935.pkl:3;n04562935.pkl:6|class=223:n02104365.pkl:3;n02104365.pkl:6;n02104365.pkl:7|class=929:n07615774.pkl:1;n07615774.pkl:5;n07615774.pkl:19
convnext,1543,519,-,60,28,17,9,0.10718470968127705,0.22550471250543452,0.056332611281947116,0.16343712303694974,0.5480508994688712,0.15695785720424799,class=233:n02106382.pkl:3;n02106382.pkl:5;n02106382.pkl:7|class=403:n02687172.pkl:0;n02687172.pkl:1;n02687172.pkl:3|class=102:n01872401.pkl:1;n01872401.pkl:3;n01872401.pkl:4
convnext,1546,522,-,27,9,4,1,0.035301581550391085,0.09358301501774553,0.00942646003815878,0.030682144390961716,0.4772272514589477,0.4294202266324059,class=432:n02804610.pkl:5;n02804610.pkl:10;n02804610.pkl:21|class=503:n03062245.pkl:62;n03062245.pkl:84;n03062245.pkl:133|class=584:n03476684.pkl:3;n03476684.pkl:35;n03476684.pkl:63
convnext,1547,523,-,49,26,16,6,0.0889491791677076,0.17997722770214591,0.03724884706108644,0.11931602619658056,0.5387341588625136,0.2298077459706478,class=323:n02279972.pkl:0;n02279972.pkl:1;n02279972.pkl:2|class=277:n02119022.pkl:0;n02119022.pkl:2;n02119022.pkl:12|class=737:n03983396.pkl:1;n03983396.pkl:12;n03983396.pkl:14
convnext,1548,524,-,70,40,21,8,0.08355091762841554,0.15393785486422348,0.022463422735730043,0.051472736497594034,0.6911265592739054,0.08929320124765071,class=649:n03743016.pkl:3;n03743016.pkl:5;n03743016.pkl:8|class=41:n01685808.pkl:1;n01685808.pkl:2;n01685808.pkl:19|class=561:n03384352.pkl:1;n03384352.pkl:17;n03384352.pkl:25
convnext,1549,525,-,22,15,9,4,0.13802694505618193,0.1909711984040071,0.03789010177123918,0.06394466363361073,0.6704149097980465,0.17491418397340758,class=29:n01632777.pkl:3;n01632777.pkl:8;n01632777.pkl:12|class=906:n04591157.pkl:5;n04591157.pkl:9;n04591157.pkl:10|class=500:n03042490.pkl:12;n03042490.pkl:25;n03042490.pkl:47
convnext,1550,526,-,19,13,8,2,0.1004988191052759,0.1741254065199094,0.029321595969092295,0.07563289968675121,0.5013532921925072,0.4028126695186158,class=143:n02037110.pkl:0;n02037110.pkl:1;n02037110.pkl:4|class=816:n04277352.pkl:11;n04277352.pkl:22;n04277352.pkl:39|class=794:n04209239.pkl:68;n04209239.pkl:71;n04209239.pkl:101
convnext,1551,527,-,94,53,31,10,0.08660475912225972,0.17424506265208717,0.03355237775996013,0.0957749676213386,0.6482916305870962,0.09732042667298732,class=814:n04273569.pkl:1;n04273569.pkl:2;n04273569.pkl:4|class=823:n04317175.pkl:1;n04317175.pkl:3;n04317175.pkl:4|class=251:n02110341.pkl:1;n02110341.pkl:4;n02110341.pkl:7
convnext,1552,528,-,34,13,6,1,0.03234389452733585,0.08271103619916283,0.007810844143927662,0.019629141761115514,0.6616649729552447,0.21516131107419037,class=814:n04273569.pkl:5;n04273569.pkl:28;n04273569.pkl:39|class=863:n04458633.pkl:4;n04458633.pkl:57;n04458633.pkl:153|class=968:n07930864.pkl:56;n07930864.pkl:212;n07930864.pkl:220
convnext,1553,529,-,11,5,3,1,0.0463223037094134,0.09931274591857593,0.012399277994539736,0.024255861114114815,0.5253491541363904,0.4388038731100827,class=763:n04086273.pkl:35;n04086273.pkl:36;n04086273.pkl:41|class=377:n02490219.pkl:85;n02490219.pkl:89;n02490219.pkl:99|class=142:n02033041.pkl:15;n02033041.pkl:92;n02033041.pkl:125
convnext,1554,530,-,72,43,26,7,0.0786673422419196,0.1266340379280593,0.021329761012484197,0.04470338250241905,0.7307611277098285,0.07489541498356103,class=413:n02749479.pkl:0;n02749479.pkl:8;n02749479.pkl:10|class=30:n01641577.pkl:0;n01641577.pkl:5;n01641577.pkl:7|class=334:n02346627.pkl:2;n02346627.pkl:8;n02346627.pkl:9
convnext,1555,531,-,45,21,10,1,0.04670771477464632,0.0959932013546688,0.007857666073975342,0.018598743602865626,0.7119680071701711,0.14672170969783288,class=577:n03447721.pkl:7;n03447721.pkl:28;n03447721.pkl:32|class=951:n07749582.pkl:23;n07749582.pkl:39;n07749582.pkl:70|class=880:n04509417.pkl:70;n04509417.pkl:91;n04509417.pkl:138
convnext,1556,532,-,73,43,27,11,0.10067475333140513,0.16321989291805103,0.038920423441562026,0.08887867564247894,0.6873838685933682,0.08513463793684778,class=590:n03485407.pkl:2;n03485407.pkl:4;n03485407.pkl:5|class=619:n03637318.pkl:0;n03637318.pkl:1;n03637318.pkl:3|class=210:n02100236.pkl:5;n02100236.pkl:6;n02100236.pkl:9
convnext,1557,533,-,5,3,0,0,0.03266517377815076,0.04116473216998068,0.003360628428698249,0.0025743964584791154,0.806199565360688,0.31736533979159204,class=252:n02110627.pkl:110;n02110627.pkl:373;n02110627.pkl:658|class=586:n03478589.pkl:1;n03478589.pkl:136;n03478589.pkl:205|class=651:n03761084.pkl:514;n03761084.pkl:661;n03761084.pkl:1145
convnext,1558,534,-,79,40,25,13,0.09688461529732345,0.1927172699105918,0.04472941409418831,0.12278276933280977,0.6212736296748668,0.10803911091334838,class=483:n02980441.pkl:0;n02980441.pkl:2;n02980441.pkl:4|class=694:n03874293.pkl:0;n03874293.pkl:2;n03874293.pkl:3|class=398:n02666196.pkl:0;n02666196.pkl:1;n02666196.pkl:3
convnext,1559,535,-,93,82,64,50,0.48746348826322367,0.37113343552072875,0.20729554942898543,0.2756697435797866,0.8229693040862163,0.029768518774924035,class=992:n12998815.pkl:0;n12998815.pkl:1;n12998815.pkl:2|class=726:n03954731.pkl:0;n03954731.pkl:1;n03954731.pkl:2|class=323:n02279972.pkl:0;n02279972.pkl:1;n02279972.pkl:2
convnext,1560,536,-,48,32,20,9,0.15232651115455523,0.24183068814404796,0.07069996761781037,0.16519195204768522,0.6257033423126436,0.13456937336211383,class=605:n03584254.pkl:0;n03584254.pkl:1;n03584254.pkl:2|class=509:n03089624.pkl:0;n03089624.pkl:2;n03089624.pkl:3|class=235:n02106662.pkl:0;n02106662.pkl:2;n02106662.pkl:4
convnext,1561,537,-,8,1,1,0,0.009646514130370923,0.017892189746760972,0.0027624235300663103,0.004010556034996164,0.6853281509042671,0.38847454366378287,class=452:n02869837.pkl:98;n02869837.pkl:117;n02869837.pkl:136|class=691:n03868863.pkl:598;n03868863.pkl:759|class=463:n02909870.pkl:263;n02909870.pkl:1215
convnext,1562,538,-,5,4,2,1,0.08629339535784371,0.09958495597311405,0.02420862816688175,0.03996344144553831,0.34341527024517515,0.7450237111056582,class=306:n02174001.pkl:27;n02174001.pkl:29;n02174001.pkl:34|class=616:n03627232.pkl:123;n03627232.pkl:128;n03627232.pkl:278|class=955:n07754684.pkl:749;n07754684.pkl:808;n07754684.pkl:900
convnext,1563,539,-,1,0,0,0,0.009397024275646046,0.0,0.0015661707126076742,0.0,0.0,1.0,class=688:n03857828.pkl:333;n03857828.pkl:842
convnext,1564,540,-,63,32,20,3,0.053083651035355874,0.08494685426345217,0.012641762339864212,0.01987229969431653,0.7943887074782933,0.05509598479522986,class=326:n02281787.pkl:8;n02281787.pkl:11;n02281787.pkl:14|class=489:n03000134.pkl:15;n03000134.pkl:39;n03000134.pkl:51|class=396:n02643566.pkl:3;n02643566.pkl:22;n02643566.pkl:34
convnext,1566,542,-,6,5,2,1,0.18336219350415472,0.2463074459308237,0.018962169536443394,0.031672153599740224,0.4123314618927337,0.6316398316107662,class=688:n03857828.pkl:52;n03857828.pkl:53;n03857828.pkl:73|class=245:n02108915.pkl:271;n02108915.pkl:289;n02108915.pkl:322|class=517:n03126707.pkl:356;n03126707.pkl:585;n03126707.pkl:754
convnext,1567,543,-,74,49,22,7,0.07723016436569397,0.1494026630335245,0.02446449103118765,0.07228555465540609,0.6485795370286013,0.13149094746209852,class=803:n04252225.pkl:3;n04252225.pkl:4;n04252225.pkl:6|class=40:n01682714.pkl:3;n01682714.pkl:21;n01682714.pkl:36|class=997:n13054560.pkl:0;n13054560.pkl:17;n13054560.pkl:19
convnext,1568,544,-,5,3,0,0,0.02748722130367969,0.02600025535471853,0.002271331369617509,0.0022756848420974543,0.7405086586065764,0.40076741680227645,class=155:n02086240.pkl:191;n02086240.pkl:222;n02086240.pkl:302|class=447:n02841315.pkl:63;n02841315.pkl:703;n02841315.pkl:954|class=495:n03018349.pkl:947
convnext,1569,545,-,2,0,0,0,0.0050115651503469544,0.004240555127216654,0.0019275250578257516,0.001156515034695451,0.7219280948873594,0.6800000000000002,class=800:n04243546.pkl:550;n04243546.pkl:718;n04243546.pkl:770|class=832:n04346328.pkl:122
convnext,1571,547,-,2,0,0,0,0.0007982315317381443,1.08299569349948e-05,0.0007982315317381443,1.08299569349948e-05,0.9998672136086064,0.5000920376889559,class=670:n03791053.pkl:855|class=446:n02840245.pkl:459
convnext,1572,548,-,103,52,34,9,0.057993558419845416,0.11900509812731283,0.019975198643923345,0.051481098784247094,0.7156376874494351,0.07419633230822076,class=320:n02268853.pkl:0;n02268853.pkl:1;n02268853.pkl:2|class=58:n01737021.pkl:0;n01737021.pkl:3;n01737021.pkl:4|class=359:n02443484.pkl:31;n02443484.pkl:59;n02443484.pkl:71
convnext,1573,549,-,68,53,31,16,0.18085994348885692,0.2570242645420903,0.08250944858206294,0.17714286245738461,0.6725013018592062,0.08249048183049115,class=74:n01773797.pkl:2;n01773797.pkl:10;n01773797.pkl:11|class=70:n01770081.pkl:1;n01770081.pkl:2;n01770081.pkl:3|class=475:n02965783.pkl:1;n02965783.pkl:2;n02965783.pkl:4
convnext,1574,550,-,3,0,0,0,0.0037239634049266103,0.003137139998137868,0.0007874575475080662,1.4441722024030741e-05,0.9998473565284495,0.33344544799436787,class=556:n03347037.pkl:1185|class=328:n02319095.pkl:793|class=95:n01843065.pkl:107
convnext,1575,551,-,47,21,9,3,0.04967205319779628,0.10473404079847068,0.012383340372049885,0.028792017847172204,0.6581804171340068,0.13629589763004013,class=406:n02699494.pkl:0;n02699494.pkl:7;n02699494.pkl:9|class=413:n02749479.pkl:6;n02749479.pkl:11;n02749479.pkl:36|class=402:n02676566.pkl:41;n02676566.pkl:45;n02676566.pkl:46
convnext,1576,552,-,64,42,27,11,0.11537398458574626,0.20214331227186055,0.04491402522624677,0.1059709395721792,0.6631284749462848,0.10260704996165101,class=146:n02058221.pkl:2;n02058221.pkl:6;n02058221.pkl:7|class=27:n01631663.pkl:0;n01631663.pkl:5;n01631663.pkl:11|class=430:n02802426.pkl:0;n02802426.pkl:1;n02802426.pkl:3
convnext,1578,554,-,41,26,15,8,0.14083992539508663,0.2458913202982968,0.06869555249342087,0.16583962290932314,0.5764277806459078,0.1665365259744436,class=543:n03255030.pkl:0;n03255030.pkl:1;n03255030.pkl:2|class=40:n01682714.pkl:0;n01682714.pkl:1;n01682714.pkl:4|class=949:n07745940.pkl:0;n07745940.pkl:3;n07745940.pkl:7
convnext,1580,556,-,28,14,10,4,0.07896107221265236,0.13106670812002322,0.020813697979563,0.03397461071379661,0.69661897316303,0.13087385120990278,class=279:n02120079.pkl:3;n02120079.pkl:13;n02120079.pkl:14|class=280:n02120505.pkl:4;n02120505.pkl:7;n02120505.pkl:19|class=972:n09246464.pkl:11;n09246464.pkl:24;n09246464.pkl:27
convnext,1581,557,-,23,8,3,0,0.018987032889292477,0.02598204299241039,0.004904184761838724,0.007186325646618061,0.7823110249305292,0.13683642512168,class=150:n02077923.pkl:126;n02077923.pkl:137;n02077923.pkl:147|class=700:n03887697.pkl:52;n03887697.pkl:63;n03887697.pkl:79|class=487:n02992529.pkl:86;n02992529.pkl:211;n02992529.pkl:250
convnext,1582,558,-,78,43,25,6,0.07356560661852204,0.1729460873936556,0.03820164246359634,0.13007332318307088,0.5603406425114336,0.16145438702704046,class=34:n01665541.pkl:2;n01665541.pkl:3;n01665541.pkl:4|class=164:n02088632.pkl:0;n02088632.pkl:2;n02088632.pkl:3|class=653:n03764736.pkl:0;n03764736.pkl:6;n03764736.pkl:7
convnext,1583,559,-,75,52,27,12,0.1093558239150596,0.1732205412738317,0.041493105822031126,0.10676172136571298,0.6629410235067024,0.10160432066395077,class=327:n02317335.pkl:0;n02317335.pkl:1;n02317335.pkl:3|class=6:n01498041.pkl:2;n01498041.pkl:5;n01498041.pkl:8|class=817:n04285008.pkl:2;n04285008.pkl:15;n04285008.pkl:18
convnext,1584,560,-,10,5,4,2,0.12998756688397545,0.19184007983431475,0.04831986904908936,0.08956387727895818,0.47302096350737866,0.44356924073533915,class=392:n02606052.pkl:0;n02606052.pkl:1;n02606052.pkl:3|class=953:n07753275.pkl:6;n07753275.pkl:7;n07753275.pkl:31|class=201:n02097658.pkl:15;n02097658.pkl:35;n02097658.pkl:50
convnext,1585,561,-,112,54,35,11,0.06268263440863513,0.15413081577135887,0.03091967592947737,0.11370189821306713,0.598241607339532,0.1296675620399797,class=369:n02483708.pkl:0;n02483708.pkl:1;n02483708.pkl:2|class=44:n01689811.pkl:0;n01689811.pkl:1;n01689811.pkl:2|class=165:n02089078.pkl:0;n02089078.pkl:1;n02089078.pkl:5
convnext,1586,562,-,77,65,52,30,0.4074218482515474,0.35335778062599377,0.14707172730405418,0.24081472581934493,0.7704809214007863,0.04780606715464825,class=607:n03590841.pkl:0;n03590841.pkl:1;n03590841.pkl:2|class=292:n02129604.pkl:0;n02129604.pkl:1;n02129604.pkl:2|class=347:n02410509.pkl:0;n02410509.pkl:1;n02410509.pkl:2
convnext,1587,563,-,55,32,16,7,0.07078618125332543,0.14488482306021755,0.029100416315310074,0.10668326925517825,0.5392379335458345,0.26254261813065954,class=106:n01883070.pkl:0;n01883070.pkl:1;n01883070.pkl:3|class=176:n02091831.pkl:0;n02091831.pkl:1;n02091831.pkl:6|class=536:n03216828.pkl:0;n03216828.pkl:8;n03216828.pkl:24
convnext,1588,564,-,107,70,45,25,0.1399892524177244,0.22742939015223462,0.060170745009065246,0.1298598773726085,0.7112291775883292,0.05287647140782559,class=138:n02018795.pkl:3;n02018795.pkl:4;n02018795.pkl:6|class=484:n02981792.pkl:1;n02981792.pkl:2;n02981792.pkl:3|class=149:n02074367.pkl:1;n02074367.pkl:3;n02074367.pkl:4
convnext,1589,565,-,22,10,7,2,0.10444362956100309,0.21558654446414324,0.05525241884008549,0.16467046280658465,0.3847735806391505,0.44919860062537104,class=365:n02480495.pkl:0;n02480495.pkl:4;n02480495.pkl:5|class=147:n02066245.pkl:1;n02066245.pkl:4;n02066245.pkl:13|class=403:n02687172.pkl:35;n02687172.pkl:39;n02687172.pkl:40
convnext,1590,566,-,56,34,12,5,0.05418738469290393,0.11895246556233473,0.02058244447443367,0.05498452470165401,0.623233848263026,0.14529516383720217,class=260:n02112137.pkl:4;n02112137.pkl:9;n02112137.pkl:10|class=68:n01756291.pkl:1;n01756291.pkl:2;n01756291.pkl:3|class=840:n04367480.pkl:1;n04367480.pkl:6;n04367480.pkl:14
convnext,1591,567,-,22,11,5,0,0.035522759088979845,0.0538939217023152,0.008633733619773981,0.012627002194088063,0.7445014741982883,0.14268012507707728,class=354:n02437312.pkl:3;n02437312.pkl:31;n02437312.pkl:80|class=201:n02097658.pkl:11;n02097658.pkl:51;n02097658.pkl:56|class=210:n02100236.pkl:72;n02100236.pkl:129;n02100236.pkl:142
convnext,1592,568,-,142,90,53,17,0.07491051035506786,0.1449705033249841,0.030757423526040245,0.0879850554557954,0.697196273970904,0.06466972627733637,class=393:n02607072.pkl:0;n02607072.pkl:1;n02607072.pkl:2|class=973:n09256479.pkl:2;n09256479.pkl:3;n09256479.pkl:4|class=801:n04251144.pkl:1;n04251144.pkl:2;n04251144.pkl:7
convnext,1593,569,-,16,8,6,2,0.12574033529287643,0.20692243466409743,0.03155635093162586,0.076485185777811,0.4826422839943063,0.4296648643333952,class=649:n03743016.pkl:4;n03743016.pkl:8;n03743016.pkl:10|class=206:n02099429.pkl:15;n02099429.pkl:38;n02099429.pkl:128|class=710:n03908714.pkl:66;n03908714.pkl:77;n03908714.pkl:96
convnext,1594,570,-,50,29,14,7,0.10271477679167786,0.2008433048712596,0.03591729925225945,0.09625395699231559,0.5811164833704229,0.16363485297597885,class=630:n03680355.pkl:0;n03680355.pkl:1;n03680355.pkl:2|class=669:n03788365.pkl:6;n03788365.pkl:8;n03788365.pkl:9|class=426:n02794156.pkl:0;n02794156.pkl:1;n02794156.pkl:2
convnext,1595,571,-,34,19,7,3,0.08594802268513438,0.1837530496495153,0.030752556038208118,0.11781510633494484,0.4003940801133532,0.4610904496518376,class=866:n04465501.pkl:2;n04465501.pkl:3;n04465501.pkl:5|class=92:n01828970.pkl:17;n01828970.pkl:31;n01828970.pkl:36|class=948:n07742313.pkl:4;n07742313.pkl:14;n07742313.pkl:51
convnext,1596,572,-,14,5,1,1,0.052309607368175706,0.14078570137356936,0.02657359224922524,0.08796021639607911,0.16728767979548292,0.8540360774850897,class=368:n02483362.pkl:1;n02483362.pkl:7;n02483362.pkl:8|class=519:n03127925.pkl:102;n03127925.pkl:191;n03127925.pkl:466|class=394:n02640242.pkl:19;n02640242.pkl:498;n02640242.pkl:596
convnext,1597,573,-,77,52,36,20,0.17486710580436754,0.24699038664117068,0.07335393625936956,0.1473620315292328,0.7117856678858154,0.06539936242452347,class=20:n01601694.pkl:0;n01601694.pkl:2;n01601694.pkl:3|class=826:n04328186.pkl:0;n04328186.pkl:1;n04328186.pkl:2|class=740:n03995372.pkl:2;n03995372.pkl:3;n03995372.pkl:6
convnext,1598,574,-,107,66,40,18,0.09352858518544316,0.16265076046594243,0.033679813758054615,0.07827435834374279,0.7202867667585087,0.059825392901609084,class=224:n02105056.pkl:1;n02105056.pkl:5;n02105056.pkl:6|class=431:n02804414.pkl:0;n02804414.pkl:1;n02804414.pkl:2|class=66:n01753488.pkl:5;n01753488.pkl:7;n01753488.pkl:8
convnext,1599,575,-,81,47,33,17,0.11416371671344504,0.1954867402340634,0.04633038328419672,0.10838110737280272,0.6836862198341058,0.07990579135957449,class=244:n02108551.pkl:0;n02108551.pkl:1;n02108551.pkl:2|class=221:n02102973.pkl:1;n02102973.pkl:2;n02102973.pkl:3|class=130:n02007558.pkl:1;n02007558.pkl:4;n02007558.pkl:10
convnext,1600,576,-,11,3,0,0,0.015880671147231445,0.03174300004579916,0.0016824500078849584,0.0006605504108335682,0.9669539255059868,0.10492221319258196,class=906:n04591157.pkl:142;n04591157.pkl:434;n04591157.pkl:877|class=912:n04604644.pkl:379;n04604644.pkl:850;n04604644.pkl:878|class=936:n07714571.pkl:113;n07714571.pkl:532;n07714571.pkl:1294
convnext,1601,577,-,79,62,37,18,0.13638936224701217,0.2014285199971442,0.05676557447641095,0.12370665490374372,0.7041308321352121,0.07277407354100038,class=439:n02817516.pkl:1;n02817516.pkl:4;n02817516.pkl:5|class=238:n02107574.pkl:0;n02107574.pkl:1;n02107574.pkl:2|class=697:n03877472.pkl:0;n03877472.pkl:1;n03877472.pkl:3
convnext,1602,578,-,51,25,16,10,0.11089792711763106,0.21276258929501568,0.052458189758669775,0.1459055182185437,0.5690561449130213,0.17129424836909266,class=299:n02138441.pkl:0;n02138441.pkl:1;n02138441.pkl:2|class=55:n01729977.pkl:0;n01729977.pkl:1;n01729977.pkl:2|class=327:n02317335.pkl:3;n02317335.pkl:4;n02317335.pkl:7
convnext,1604,580,-,1,0,0,0,0.0024311183144246355,0.0,0.0008103727714748784,0.0,0.0,1.0,class=654:n03769881.pkl:82
convnext,1605,581,-,35,20,10,5,0.0904308696369626,0.20152357226578643,0.04269791038545736,0.10942787609960289,0.531337723690524,0.21623269936080983,class=685:n03841143.pkl:3;n03841143.pkl:4;n03841143.pkl:5|class=123:n01984695.pkl:0;n01984695.pkl:4;n01984695.pkl:5|class=61:n01742172.pkl:2;n01742172.pkl:3;n01742172.pkl:4
convnext,1606,582,-,64,41,22,11,0.10321017134500463,0.16894983331699412,0.032656017491396766,0.0827308490009352,0.6575887261344704,0.11590828421030182,class=438:n02815834.pkl:2;n02815834.pkl:3;n02815834.pkl:4|class=450:n02860847.pkl:3;n02860847.pkl:9;n02860847.pkl:12|class=540:n03240683.pkl:0;n03240683.pkl:13;n03240683.pkl:26
convnext,1607,583,-,102,73,47,24,0.17742347026529615,0.2692573657562696,0.07777764269916224,0.16874442353487182,0.7051022334189732,0.05595152320448651,class=12:n01532829.pkl:0;n01532829.pkl:1;n01532829.pkl:2|class=686:n03843555.pkl:1;n03843555.pkl:2;n03843555.pkl:5|class=6:n01498041.pkl:1;n01498041.pkl:2;n01498041.pkl:8
convnext,1608,584,-,7,4,3,1,0.14586035847246714,0.27059513193905926,0.07231548105962446,0.1601420743879251,0.19669960648035595,0.8434251499164892,class=612:n03599486.pkl:4;n03599486.pkl:6;n03599486.pkl:7|class=57:n01735189.pkl:43;n01735189.pkl:166;n01735189.pkl:192|class=916:n06359193.pkl:115;n06359193.pkl:266;n06359193.pkl:371
convnext,1609,585,-,31,26,17,14,0.46433068434016744,0.3703085963830722,0.1544311511656375,0.260957807321101,0.6911515143259802,0.1243685513620172,class=117:n01968897.pkl:0;n01968897.pkl:1;n01968897.pkl:2|class=829:n04335435.pkl:0;n04335435.pkl:1;n04335435.pkl:2|class=960:n07836838.pkl:0;n07836838.pkl:1;n07836838.pkl:2
convnext,1610,586,-,65,51,38,27,0.4256265069734698,0.37191002814907376,0.15904462518447182,0.2577315580905876,0.7479210999848711,0.0557848463453866,class=924:n07583066.pkl:0;n07583066.pkl:1;n07583066.pkl:2|class=430:n02802426.pkl:0;n02802426.pkl:1;n02802426.pkl:2|class=344:n02398521.pkl:0;n02398521.pkl:1;n02398521.pkl:2
convnext,1611,587,-,16,10,5,2,0.10962112697219621,0.1876553665711205,0.031100470325152202,0.0713543213453095,0.5171979025727591,0.3914930045260368,class=80:n01795545.pkl:10;n01795545.pkl:13;n01795545.pkl:21|class=47:n01694178.pkl:54;n01694178.pkl:61;n01694178.pkl:77|class=989:n12620546.pkl:3;n12620546.pkl:55;n12620546.pkl:96
convnext,1612,588,-,3,3,0,0,0.041133230737464534,0.032547397808893146,0.003793468101394124,0.0019147177150677468,0.882684662828039,0.418254388763691,class=734:n03977966.pkl:482;n03977966.pkl:515;n03977966.pkl:545|class=742:n04004767.pkl:384;n04004767.pkl:845;n04004767.pkl:974|class=424:n02791270.pkl:100;n02791270.pkl:1069
convnext,1613,589,-,2,2,0,0,0.032649231943071136,0.00618571951323954,0.0045719612329962606,0.0010415111006043807,0.9622352252837877,0.5259473333945235,class=967:n07920052.pkl:128;n07920052.pkl:153;n07920052.pkl:172|class=281:n02123045.pkl:153;n02123045.pkl:376;n02123045.pkl:423
convnext,1614,590,-,38,25,12,4,0.11900196983627258,0.21357390064087162,0.03854727088490085,0.11641420200807935,0.5267516110618542,0.2663322698089001,class=76:n01774750.pkl:0;n01774750.pkl:3;n01774750.pkl:4|class=732:n03976467.pkl:0;n03976467.pkl:12;n03976467.pkl:14|class=27:n01631663.pkl:3;n01631663.pkl:7;n01631663.pkl:28
convnext,1615,591,-,3,2,2,0,0.2158344039001651,0.15154760878384446,0.025690342987191046,0.018209368128466907,0.6674737005539373,0.5008001218716387,class=933:n07697313.pkl:0;n07697313.pkl:50;n07697313.pkl:52|class=486:n02992211.pkl:43;n02992211.pkl:53;n02992211.pkl:56|class=904:n04589890.pkl:14
convnext,1616,592,-,12,6,3,0,0.06892436872477649,0.09613591694298215,0.007135954424241592,0.00993738258391353,0.7056536314186341,0.24493976432977288,class=250:n02110185.pkl:20;n02110185.pkl:60;n02110185.pkl:121|class=767:n04116512.pkl:59;n04116512.pkl:81;n04116512.pkl:84|class=536:n03216828.pkl:42;n03216828.pkl:64;n03216828.pkl:196
convnext,1617,593,-,74,50,32,15,0.13329588852106847,0.20403333661123121,0.05032585629663581,0.13592150028363875,0.6496467634081183,0.11208748470856773,class=164:n02088632.pkl:0;n02088632.pkl:1;n02088632.pkl:2|class=284:n02123597.pkl:0;n02123597.pkl:1;n02123597.pkl:2|class=350:n02417914.pkl:2;n02417914.pkl:4;n02417914.pkl:6
convnext,1618,594,-,36,23,16,10,0.19952764420775393,0.302122349435157,0.12270483318457621,0.24801856296369673,0.6151731244548653,0.14126384188388919,class=116:n01955084.pkl:0;n01955084.pkl:1;n01955084.pkl:2|class=938:n07715103.pkl:0;n07715103.pkl:2;n07715103.pkl:3|class=407:n02701002.pkl:0;n02701002.pkl:1;n02701002.pkl:3
convnext,1619,595,-,10,5,1,0,0.028818335748275796,0.052837754721034344,0.005200025008888136,0.007940417798532788,0.6639818064338789,0.33317170248459843,class=645:n03733131.pkl:9;n03733131.pkl:105;n03733131.pkl:157|class=761:n04074963.pkl:169;n04074963.pkl:211;n04074963.pkl:306|class=127:n02002556.pkl:360;n02002556.pkl:391;n02002556.pkl:549
convnext,1621,597,-,31,17,12,3,0.08042054537491211,0.1559038897350786,0.034074694160017065,0.09088471451661416,0.535836848956767,0.2617439967630449,class=400:n02669723.pkl:0;n02669723.pkl:1;n02669723.pkl:2|class=535:n03208938.pkl:3;n03208938.pkl:7;n03208938.pkl:8|class=931:n07693725.pkl:21;n07693725.pkl:44;n07693725.pkl:60
convnext,1623,599,-,60,32,12,3,0.04514136464217996,0.09490473433406753,0.014082947889990734,0.04815778106722551,0.6046549509498094,0.21155890390529505,class=918:n06785654.pkl:2;n06785654.pkl:8;n06785654.pkl:11|class=205:n02099267.pkl:21;n02099267.pkl:34;n02099267.pkl:42|class=544:n03259280.pkl:10;n03259280.pkl:12;n03259280.pkl:15
convnext,1626,602,-,21,13,6,2,0.07411570687113254,0.14042967626349936,0.023749853162335376,0.065831048791144,0.47529773392985436,0.41348365213443344,class=803:n04252225.pkl:0;n04252225.pkl:4;n04252225.pkl:5|class=34:n01665541.pkl:24;n01665541.pkl:30;n01665541.pkl:43|class=931:n07693725.pkl:42;n07693725.pkl:52;n07693725.pkl:99
convnext,1627,603,-,27,18,9,3,0.04736960957442347,0.07293766068190977,0.01587173325384581,0.029896208659890792,0.668371842977117,0.1684444168863562,class=655:n03770439.pkl:6;n03770439.pkl:19;n03770439.pkl:31|class=724:n03947888.pkl:6;n03947888.pkl:10;n03947888.pkl:11|class=29:n01632777.pkl:21;n01632777.pkl:30;n01632777.pkl:76
convnext,1628,604,-,13,9,4,1,0.08792244397051242,0.1491706164956217,0.0253638585786661,0.06200822196269346,0.4609433571853621,0.5366760629371066,class=734:n03977966.pkl:1;n03977966.pkl:4;n03977966.pkl:5|class=687:n03854065.pkl:29;n03854065.pkl:36;n03854065.pkl:48|class=391:n02536864.pkl:53;n02536864.pkl:77;n02536864.pkl:224
convnext,1629,605,-,5,3,2,1,0.1820163684098453,0.2889952180721082,0.06211162528826623,0.11293525811576005,0.20567550432754378,0.8612159267335152,class=57:n01735189.pkl:0;n01735189.pkl:2;n01735189.pkl:4|class=75:n01774384.pkl:61;n01774384.pkl:78;n01774384.pkl:118|class=775:n04136333.pkl:47;n04136333.pkl:226;n04136333.pkl:234
convnext,1631,607,-,78,47,27,10,0.08762488591290112,0.1505023462874236,0.028521373671731326,0.08420181434131864,0.6621497509607535,0.12456019180299308,class=475:n02965783.pkl:1;n02965783.pkl:2;n02965783.pkl:4|class=696:n03876231.pkl:7;n03876231.pkl:9;n03876231.pkl:12|class=171:n02091032.pkl:0;n02091032.pkl:3;n02091032.pkl:5
convnext,1632,608,-,78,46,19,9,0.08266179351353242,0.1586636590812387,0.02958803357466941,0.0816503466247939,0.6222053760647063,0.11045185440694258,class=985:n11939491.pkl:0;n11939491.pkl:3;n11939491.pkl:4|class=294:n02132136.pkl:3;n02132136.pkl:7;n02132136.pkl:14|class=276:n02117135.pkl:0;n02117135.pkl:5;n02117135.pkl:7
convnext,1634,610,-,43,20,10,7,0.07138743375019553,0.11793819074828885,0.023936472256761133,0.04440145737686311,0.6954268903296069,0.10327713286307177,class=989:n12620546.pkl:6;n12620546.pkl:8;n12620546.pkl:9|class=87:n01817953.pkl:0;n01817953.pkl:5;n01817953.pkl:12|class=592:n03492542.pkl:8;n03492542.pkl:31;n03492542.pkl:38
convnext,1635,611,-,1,0,0,0,0.006172839506172839,0.0,0.0015432098765432098,0.0,0.0,1.0,class=1:n01443537.pkl:199;n01443537.pkl:383
convnext,1637,613,-,8,3,2,0,0.036775977609677095,0.04478988236389441,0.006059589932026436,0.007909751691261502,0.6562604460825541,0.33798510991394787,class=66:n01753488.pkl:20;n01753488.pkl:316;n01753488.pkl:381|class=334:n02346627.pkl:64;n02346627.pkl:129;n02346627.pkl:151|class=178:n02092339.pkl:27;n02092339.pkl:411;n02092339.pkl:613
convnext,1638,614,-,81,54,31,14,0.1120920512157641,0.17744034583552418,0.04113589779142789,0.10807475033463473,0.6717090957960348,0.09756174921464542,class=540:n03240683.pkl:0;n03240683.pkl:2;n03240683.pkl:3|class=476:n02966193.pkl:4;n02966193.pkl:9;n02966193.pkl:13|class=175:n02091635.pkl:5;n02091635.pkl:7;n02091635.pkl:9
convnext,1639,615,-,96,58,41,18,0.11249909481459182,0.17469768594630977,0.04082753594641184,0.09773004886783765,0.7011128598319029,0.07010351662580691,class=259:n02112018.pkl:0;n02112018.pkl:1;n02112018.pkl:2|class=814:n04273569.pkl:0;n04273569.pkl:1;n04273569.pkl:2|class=829:n04335435.pkl:14;n04335435.pkl:20;n04335435.pkl:22
convnext,1640,616,-,4,2,1,0,0.05302336998395251,0.07309868657233354,0.0050748373592112515,0.005606949914349269,0.622464625456211,0.5551751068639064,class=687:n03854065.pkl:109;n03854065.pkl:146;n03854065.pkl:310|class=815:n04275548.pkl:425;n04275548.pkl:533;n04275548.pkl:1050|class=853:n04417672.pkl:695;n04417672.pkl:905;n04417672.pkl:1074
convnext,1642,618,-,61,44,27,13,0.15283131152733884,0.21937750713163748,0.048174698717476254,0.1149179901409309,0.6849678289209308,0.10967766466407589,class=130:n02007558.pkl:0;n02007558.pkl:1;n02007558.pkl:2|class=298:n02137549.pkl:0;n02137549.pkl:4;n02137549.pkl:7|class=47:n01694178.pkl:0;n01694178.pkl:2;n01694178.pkl:17
convnext,1643,619,-,1,1,0,0,0.0517774343122102,0.0,0.00927357032457496,0.0,0.0,1.0,class=746:n04019541.pkl:126;n04019541.pkl:151;n04019541.pkl:200
convnext,1644,620,-,13,5,2,0,0.028838748165920976,0.05410175591923054,0.003507083616902116,0.003972753112205084,0.8026228526525586,0.17562998760748635,class=196:n02097047.pkl:158;n02097047.pkl:160;n02097047.pkl:184|class=884:n04523525.pkl:120;n04523525.pkl:150;n04523525.pkl:260|class=179:n02093256.pkl:107;n02093256.pkl:117;n02093256.pkl:179
convnext,1646,622,-,43,21,13,6,0.08678984924451336,0.17079778735825946,0.0320118459270411,0.1035817946927939,0.5310724961738746,0.2667434826197145,class=2:n01484850.pkl:1;n01484850.pkl:3;n01484850.pkl:4|class=132:n02009912.pkl:3;n02009912.pkl:4;n02009912.pkl:5|class=396:n02643566.pkl:0;n02643566.pkl:11;n02643566.pkl:16
convnext,1647,623,-,79,51,32,15,0.13066194097655495,0.20664861094997566,0.047825509014249444,0.10923498887923334,0.6877289889843559,0.07869369345527008,class=963:n07873807.pkl:0;n07873807.pkl:2;n07873807.pkl:3|class=433:n02807133.pkl:2;n02807133.pkl:5;n02807133.pkl:6|class=68:n01756291.pkl:0;n01756291.pkl:3;n01756291.pkl:6
convnext,1648,624,-,9,5,1,1,0.06798891860577122,0.1568946637881438,0.03318719191634431,0.08936826102215638,0.11617846231892305,0.9168291583749615,class=131:n02009229.pkl:6;n02009229.pkl:24;n02009229.pkl:36|class=741:n03998194.pkl:368;n03998194.pkl:393;n03998194.pkl:823|class=514:n03124043.pkl:37;n03124043.pkl:192;n03124043.pkl:545
convnext,1649,625,-,53,29,20,10,0.08540610962968354,0.1430410712788228,0.03135567433468149,0.06472231152209865,0.6898903824698559,0.09925752662715968,class=472:n02951358.pkl:1;n02951358.pkl:11;n02951358.pkl:16|class=539:n03223299.pkl:0;n03223299.pkl:6;n03223299.pkl:9|class=73:n01773549.pkl:5;n01773549.pkl:20;n01773549.pkl:34
convnext,1650,626,-,81,52,28,10,0.08367275051545345,0.16082133649755187,0.03116217509198427,0.08462999045758964,0.6508226767444392,0.1034015678524669,class=386:n02504458.pkl:5;n02504458.pkl:7;n02504458.pkl:10|class=947:n07734744.pkl:1;n07734744.pkl:3;n07734744.pkl:9|class=679:n03814906.pkl:2;n03814906.pkl:6;n03814906.pkl:13
convnext,1651,627,-,1,1,0,0,0.019753086419753086,0.0,0.007407407407407408,0.0,0.0,1.0,class=274:n02115913.pkl:46;n02115913.pkl:292;n02115913.pkl:327
convnext,1652,628,-,1,1,0,0,0.06967537608867776,0.0,0.0055423594615993665,0.0,0.0,1.0,class=939:n07716358.pkl:13;n07716358.pkl:245;n07716358.pkl:442
convnext,1653,629,-,42,32,16,4,0.09068812425118097,0.13059302052890157,0.01887327226928844,0.03231858016387474,0.7617791342534167,0.09362646940244682,class=736:n03982430.pkl:2;n03982430.pkl:7;n03982430.pkl:10|class=874:n04487081.pkl:48;n04487081.pkl:49;n04487081.pkl:57|class=320:n02268853.pkl:19;n02268853.pkl:31;n02268853.pkl:57
convnext,1654,630,-,64,37,19,11,0.11296909753964629,0.21640825950680082,0.053086731775428664,0.14282711846980192,0.5979844439337691,0.12872676861611068,class=13:n01534433.pkl:0;n01534433.pkl:1;n01534433.pkl:2|class=679:n03814906.pkl:0;n03814906.pkl:1;n03814906.pkl:3|class=364:n02457408.pkl:0;n02457408.pkl:3;n02457408.pkl:4
convnext,1655,631,-,27,15,9,4,0.10357913296456328,0.2030815703513099,0.053276880350359775,0.16565684818962798,0.44404793393981074,0.3951148818338793,class=991:n12985857.pkl:0;n12985857.pkl:1;n12985857.pkl:2|class=669:n03788365.pkl:3;n03788365.pkl:11;n03788365.pkl:14|class=489:n03000134.pkl:33;n03000134.pkl:74;n03000134.pkl:83
convnext,1656,632,-,52,45,35,23,0.47208582387403936,0.39418296230512206,0.24404039718221415,0.32112889536727934,0.7826045896829981,0.05252982975971613,class=984:n11879895.pkl:0;n11879895.pkl:2;n11879895.pkl:3|class=56:n01734418.pkl:0;n01734418.pkl:1;n01734418.pkl:3|class=577:n03447721.pkl:0;n03447721.pkl:1;n03447721.pkl:2
convnext,1657,633,-,12,7,5,2,0.11103891704323397,0.1648407655095404,0.04062953424930468,0.07782987752530582,0.47727650641052793,0.3891264886819846,class=20:n01601694.pkl:3;n01601694.pkl:19;n01601694.pkl:20|class=56:n01734418.pkl:6;n01734418.pkl:10;n01734418.pkl:20|class=931:n07693725.pkl:1;n07693725.pkl:33;n07693725.pkl:47
convnext,1658,634,-,59,33,18,10,0.11535258021790129,0.1873528969958575,0.03194525406132263,0.07393687252136794,0.6467170251024471,0.10774321491048634,class=546:n03272010.pkl:6;n03272010.pkl:11;n03272010.pkl:12|class=173:n02091244.pkl:2;n02091244.pkl:5;n02091244.pkl:9|class=492:n03014705.pkl:7;n03014705.pkl:8;n03014705.pkl:14
convnext,1659,635,-,39,24,13,3,0.07857470761339555,0.12757680056077114,0.017294636968524894,0.03432238308019983,0.7071761431412938,0.12662846518535054,class=514:n03124043.pkl:2;n03124043.pkl:7;n03124043.pkl:8|class=690:n03868242.pkl:5;n03868242.pkl:15;n03868242.pkl:16|class=526:n03179701.pkl:20;n03179701.pkl:42;n03179701.pkl:46
convnext,1661,637,-,79,58,29,8,0.08237497380499921,0.14776253568288544,0.02596927123860055,0.06262620533860297,0.7053584243769686,0.08627310286834053,class=935:n07711569.pkl:0;n07711569.pkl:5;n07711569.pkl:10|class=163:n02088466.pkl:2;n02088466.pkl:11;n02088466.pkl:15|class=844:n04372370.pkl:11;n04372370.pkl:19;n04372370.pkl:21
convnext,1662,638,-,52,34,14,7,0.11143242677472139,0.19607300065669836,0.03567587174242625,0.0865576555871317,0.6073902137240524,0.13243390017404383,class=965:n07880968.pkl:1;n07880968.pkl:2;n07880968.pkl:3|class=505:n03063689.pkl:1;n03063689.pkl:2;n03063689.pkl:11|class=57:n01735189.pkl:1;n01735189.pkl:4;n01735189.pkl:18
convnext,1663,639,-,59,25,15,5,0.07717811660719262,0.17426136058905178,0.03203590258798591,0.1043656799669844,0.5239933106777854,0.19683188396514387,class=337:n02363005.pkl:0;n02363005.pkl:1;n02363005.pkl:3|class=653:n03764736.pkl:0;n03764736.pkl:1;n03764736.pkl:12|class=793:n04209133.pkl:3;n04209133.pkl:6;n04209133.pkl:13
convnext,1665,641,-,7,5,2,1,0.18880198469548698,0.23666436686677728,0.02272045950196758,0.04372814732390635,0.3784521850351457,0.6720206599172648,class=361:n02445715.pkl:1;n02445715.pkl:2;n02445715.pkl:4|class=565:n03393912.pkl:10;n03393912.pkl:26;n03393912.pkl:44|class=701:n03888257.pkl:27;n03888257.pkl:187;n03888257.pkl:335
convnext,1666,642,-,57,28,14,7,0.07558566178404347,0.15040837632174042,0.02628479304015978,0.07511230001360986,0.601740310720722,0.16080821241001736,class=104:n01877812.pkl:1;n01877812.pkl:5;n01877812.pkl:10|class=768:n04118538.pkl:8;n04118538.pkl:11;n04118538.pkl:17|class=821:n04311004.pkl:1;n04311004.pkl:4;n04311004.pkl:11
convnext,1668,644,-,60,37,25,7,0.1011670259294301,0.16720850115912902,0.029200179058021723,0.08136308936297985,0.665044809517626,0.1460661616215074,class=187:n02094433.pkl:0;n02094433.pkl:1;n02094433.pkl:2|class=559:n03376595.pkl:1;n03376595.pkl:2;n03376595.pkl:5|class=669:n03788365.pkl:16;n03788365.pkl:36;n03788365.pkl:42
convnext,1669,645,-,20,10,4,1,0.07063204567938623,0.16252964999468666,0.026869806928457425,0.09621383860492129,0.28780113791494255,0.691085562305921,class=166:n02089867.pkl:1;n02089867.pkl:13;n02089867.pkl:14|class=920:n06874185.pkl:23;n06874185.pkl:124;n06874185.pkl:127|class=477:n02966687.pkl:24;n02966687.pkl:49;n02966687.pkl:50
convnext,1670,646,-,4,1,1,0,0.051426631369176905,0.08418418184865209,0.00647224175056251,0.009421037132453918,0.35487285397293084,0.7796975674229477,class=948:n07742313.pkl:29;n07742313.pkl:35;n07742313.pkl:127|class=611:n03598930.pkl:124;n03598930.pkl:856|class=549:n03291819.pkl:977
convnext,1671,647,-,107,66,39,17,0.11732321955595,0.2097119955732725,0.048863163541092554,0.1276363088646381,0.6576191691704172,0.073113608901004,class=690:n03868242.pkl:0;n03868242.pkl:1;n03868242.pkl:2|class=746:n04019541.pkl:6;n04019541.pkl:7;n04019541.pkl:11|class=681:n03832673.pkl:2;n03832673.pkl:5;n03832673.pkl:9
convnext,1672,648,-,4,0,0,0,0.0028447152830641943,0.0009514346130431876,0.001230203281616962,0.0004680779382350128,0.9471621713048782,0.286192833973795,class=972:n09246464.pkl:890;n09246464.pkl:1139|class=283:n02123394.pkl:610;n02123394.pkl:1109|class=88:n01818515.pkl:347
convnext,1673,649,-,79,53,36,14,0.10911316268982311,0.1646413948089372,0.03741321237967307,0.08337874223112801,0.7184037611245441,0.07552679887974156,class=964:n07875152.pkl:6;n07875152.pkl:10;n07875152.pkl:11|class=894:n04550184.pkl:0;n04550184.pkl:5;n04550184.pkl:15|class=886:n04525305.pkl:1;n04525305.pkl:7;n04525305.pkl:9
convnext,1674,650,-,29,19,8,2,0.06988369990550039,0.11231100515291427,0.013356050687416295,0.02819305656832886,0.681597268558246,0.18813192574047188,class=682:n03837869.pkl:1;n03837869.pkl:11;n03837869.pkl:16|class=880:n04509417.pkl:1;n04509417.pkl:20;n04509417.pkl:27|class=946:n07730033.pkl:20;n07730033.pkl:64;n07730033.pkl:76
convnext,1675,651,-,83,47,23,9,0.0627947322404339,0.1164916231990713,0.021390206708490168,0.052924544821600264,0.6818477152837619,0.08580569613643697,class=487:n02992529.pkl:3;n02992529.pkl:10;n02992529.pkl:11|class=928:n07614500.pkl:0;n07614500.pkl:4;n07614500.pkl:8|class=435:n02808440.pkl:3;n02808440.pkl:5;n02808440.pkl:6
convnext,1676,652,-,4,4,2,0,0.06885243504553974,0.045699263250856464,0.017670771331073566,0.017849975969830338,0.63999166138323,0.5050963627906853,class=465:n02916936.pkl:29;n02916936.pkl:45;n02916936.pkl:60|class=580:n03457902.pkl:81;n03457902.pkl:124;n03457902.pkl:215|class=858:n04435653.pkl:65;n04435653.pkl:135;n04435653.pkl:395
convnext,1678,654,-,65,42,19,7,0.08051583178060136,0.16905607179631765,0.03693089748119219,0.12574129079086863,0.5507819501993447,0.19373035868572586,class=886:n04525305.pkl:2;n04525305.pkl:5;n04525305.pkl:6|class=867:n04467665.pkl:0;n04467665.pkl:1;n04467665.pkl:2|class=183:n02093859.pkl:3;n02093859.pkl:20;n02093859.pkl:22
convnext,1679,655,-,6,2,2,0,0.037568337317396054,0.04951478488603181,0.009372418644523529,0.01390452635609236,0.5187145101262027,0.5334907072221443,class=529:n03188531.pkl:0;n03188531.pkl:36;n03188531.pkl:44|class=573:n03444034.pkl:143;n03444034.pkl:197;n03444034.pkl:208|class=509:n03089624.pkl:306;n03089624.pkl:630;n03089624.pkl:845
convnext,1680,656,-,15,6,1,0,0.025464072972620818,0.04979430735130604,0.004042291842359163,0.008750577599485396,0.5933817552548072,0.3790780511543062,class=884:n04523525.pkl:7;n04523525.pkl:37;n04523525.pkl:39|class=32:n01644900.pkl:69;n01644900.pkl:160;n01644900.pkl:273|class=333:n02342885.pkl:104;n02342885.pkl:427;n02342885.pkl:551
convnext,1681,657,-,17,11,4,0,0.03849597643995541,0.043357692342905686,0.006076360135923229,0.006837590622378739,0.8066238312524235,0.13330877559755763,class=617:n03630383.pkl:100;n03630383.pkl:111;n03630383.pkl:115|class=354:n02437312.pkl:11;n02437312.pkl:74;n02437312.pkl:98|class=2:n01484850.pkl:18;n01484850.pkl:132;n01484850.pkl:178
convnext,1682,658,-,8,5,1,0,0.05085472240822997,0.0532935301567868,0.00540807134491243,0.008534581238369598,0.615816275106676,0.4363075271969321,class=651:n03761084.pkl:6;n03761084.pkl:20;n03761084.pkl:89|class=38:n01675722.pkl:229;n01675722.pkl:297;n01675722.pkl:393|class=892:n04548280.pkl:423;n04548280.pkl:485;n04548280.pkl:669
convnext,1683,659,-,23,9,6,4,0.08446790292350728,0.1584359349974791,0.03268070186634106,0.07522966928303103,0.5155969689321068,0.27387043288626045,class=974:n09288635.pkl:0;n09288635.pkl:3;n09288635.pkl:4|class=989:n12620546.pkl:0;n12620546.pkl:7;n12620546.pkl:11|class=658:n03775071.pkl:2;n03775071.pkl:3;n03775071.pkl:23
convnext,1684,660,-,60,40,24,10,0.13475974396854662,0.23239701736339527,0.06382427194787768,0.16694005482040838,0.6003496199353162,0.13069115032398768,class=981:n09835506.pkl:0;n09835506.pkl:2;n09835506.pkl:3|class=133:n02011460.pkl:0;n02011460.pkl:2;n02011460.pkl:3|class=810:n04264628.pkl:4;n04264628.pkl:17;n04264628.pkl:20
convnext,1686,662,-,117,82,50,23,0.125756689568015,0.20728856845196905,0.04878463598147564,0.12141607365133225,0.6974095082124718,0.061489011740371836,class=97:n01847000.pkl:0;n01847000.pkl:2;n01847000.pkl:3|class=944:n07718747.pkl:3;n07718747.pkl:6;n07718747.pkl:7|class=96:n01843383.pkl:1;n01843383.pkl:4;n01843383.pkl:5
convnext,1689,665,-,11,3,1,1,0.04790207082955575,0.12763960363936586,0.007628867967407932,0.01894903701369502,0.36551461752552294,0.6517780510742417,class=801:n04251144.pkl:23;n04251144.pkl:49;n04251144.pkl:60|class=297:n02134418.pkl:66;n02134418.pkl:129;n02134418.pkl:286|class=29:n01632777.pkl:567;n01632777.pkl:1131
convnext,1690,666,-,84,42,27,9,0.05305274181301211,0.11184806811701664,0.02422163855047979,0.060753363246286794,0.6759103488628446,0.08680002072785671,class=477:n02966687.pkl:2;n02966687.pkl:3;n02966687.pkl:8|class=81:n01796340.pkl:0;n01796340.pkl:1;n01796340.pkl:2|class=376:n02489166.pkl:1;n02489166.pkl:5;n02489166.pkl:8
convnext,1691,667,-,107,63,36,20,0.11566928995809742,0.20011205199125776,0.04339129756086106,0.1022893608579319,0.691267059308563,0.061282198533072596,class=328:n02319095.pkl:1;n02319095.pkl:2;n02319095.pkl:3|class=541:n03249569.pkl:6;n03249569.pkl:10;n03249569.pkl:15|class=561:n03384352.pkl:3;n03384352.pkl:4;n03384352.pkl:6
convnext,1692,668,-,2,1,0,0,0.010976639280692252,0.010195999155789831,0.002018984557565217,0.0012383444326627966,0.7083753825797975,0.6880991884981186,class=119:n01978455.pkl:428;n01978455.pkl:990;n01978455.pkl:1107|class=766:n04111531.pkl:29
convnext,1693,669,-,12,7,3,1,0.05653916011193671,0.08784954319132542,0.011369495619096205,0.021153712640310636,0.5859525405624333,0.37180924698815077,class=533:n03207743.pkl:1;n03207743.pkl:4;n03207743.pkl:10|class=685:n03841143.pkl:34;n03841143.pkl:40;n03841143.pkl:81|class=505:n03063689.pkl:179;n03063689.pkl:279;n03063689.pkl:380
convnext,1694,670,-,28,17,10,3,0.09417817542319484,0.1506363347298273,0.02907006365590749,0.0618067572392124,0.5987299319181751,0.19715828970630475,class=67:n01755581.pkl:11;n01755581.pkl:16;n01755581.pkl:18|class=155:n02086240.pkl:2;n02086240.pkl:3;n02086240.pkl:20|class=918:n06785654.pkl:3;n06785654.pkl:8;n06785654.pkl:9
convnext,1696,672,-,4,1,0,0,0.004257998006539318,0.004707566597191994,0.0013569517772171818,0.0009998971065368397,0.8345907180949808,0.38574436292540876,class=533:n03207743.pkl:170;n03207743.pkl:995;n03207743.pkl:1090|class=322:n02277742.pkl:646|class=588:n03482405.pkl:105
convnext,1697,673,-,56,33,14,1,0.05382123508412216,0.10909478952388207,0.013613846999097607,0.04498706541860101,0.6292767170761118,0.21285308365734049,class=393:n02607072.pkl:2;n02607072.pkl:3;n02607072.pkl:5|class=18:n01582220.pkl:65;n01582220.pkl:91;n01582220.pkl:101|class=918:n06785654.pkl:16;n06785654.pkl:137;n06785654.pkl:146
convnext,1698,674,-,6,5,2,1,0.21176655784939172,0.2110587083735072,0.020203326110580837,0.02601604498886765,0.6087328369647167,0.4430332639646444,class=797:n04235860.pkl:17;n04235860.pkl:24;n04235860.pkl:54|class=333:n02342885.pkl:36;n02342885.pkl:64;n02342885.pkl:102|class=804:n04254120.pkl:6;n04254120.pkl:97;n04254120.pkl:436
convnext,1699,675,-,2,2,1,0,0.062180468726788125,0.03862238586732427,0.006650598463278768,0.00583825077846967,0.331690776538867,0.8853133362634285,class=976:n09399592.pkl:23;n09399592.pkl:49;n09399592.pkl:71|class=419:n02786058.pkl:450
convnext,1703,679,-,5,2,1,0,0.016738158360965198,0.02403673882490287,0.0035418119290351177,0.0037311839056880557,0.719382281733075,0.4219587722406968,class=853:n04417672.pkl:161;n04417672.pkl:273;n04417672.pkl:320|class=529:n03188531.pkl:401;n03188531.pkl:1063;n03188531.pkl:1237|class=992:n12998815.pkl:648;n12998815.pkl:939
convnext,1704,680,-,18,11,9,6,0.2156600027768072,0.2724785484280276,0.08481136785170557,0.13237103118538063,0.6451044679334216,0.19088903999609644,class=45:n01692333.pkl:1;n01692333.pkl:4;n01692333.pkl:5|class=35:n01667114.pkl:0;n01667114.pkl:1;n01667114.pkl:2|class=625:n03662601.pkl:6;n03662601.pkl:8;n03662601.pkl:11
convnext,1705,681,-,16,12,9,2,0.1034291874109202,0.10363781968498158,0.02525623264152172,0.03915083636564362,0.7116917776420607,0.21268444953918356,class=396:n02643566.pkl:10;n02643566.pkl:11;n02643566.pkl:14|class=644:n03729826.pkl:8;n03729826.pkl:11;n03729826.pkl:32|class=935:n07711569.pkl:6;n07711569.pkl:14;n07711569.pkl:56
convnext,1706,682,-,1,1,1,1,0.3657587548638132,0.0,0.14474708171206227,0.0,0.0,1.0,class=259:n02112018.pkl:4;n02112018.pkl:7;n02112018.pkl:20
convnext,1707,683,-,37,25,11,5,0.12464195773012601,0.2180765635723387,0.0409272484937297,0.10621897528217943,0.5729451466622012,0.2090714564249629,class=647:n03733805.pkl:0;n03733805.pkl:1;n03733805.pkl:3|class=83:n01798484.pkl:2;n01798484.pkl:5;n01798484.pkl:7|class=829:n04335435.pkl:2;n04335435.pkl:4;n04335435.pkl:6
convnext,1708,684,-,125,80,48,20,0.07439249798394726,0.11997144894002472,0.024085897581768597,0.04388127206572085,0.7841508598857204,0.034553558734455946,class=875:n04487394.pkl:4;n04487394.pkl:5;n04487394.pkl:9|class=558:n03372029.pkl:7;n03372029.pkl:10;n03372029.pkl:30|class=327:n02317335.pkl:3;n02317335.pkl:6;n02317335.pkl:7
convnext,1710,686,-,39,28,15,7,0.15380636177555299,0.24096915017883963,0.06479162453188875,0.1630255392331884,0.5867266250486751,0.1879748220182124,class=13:n01534433.pkl:0;n01534433.pkl:1;n01534433.pkl:2|class=729:n03961711.pkl:0;n03961711.pkl:1;n03961711.pkl:2|class=161:n02088238.pkl:5;n02088238.pkl:11;n02088238.pkl:17
convnext,1711,687,-,14,8,1,0,0.01836275780822352,0.021556536769213194,0.0028762110088918534,0.002893230420858993,0.8559162641456548,0.14370497288783862,class=532:n03201208.pkl:56;n03201208.pkl:183;n03201208.pkl:222|class=689:n03866082.pkl:198;n03866082.pkl:358;n03866082.pkl:440|class=688:n03857828.pkl:85;n03857828.pkl:118;n03857828.pkl:452
convnext,1712,688,-,20,13,6,4,0.10940483876912555,0.18974372200166129,0.04535252183346532,0.10371211320938221,0.5252730705861767,0.3114725419775253,class=105:n01882714.pkl:6;n01882714.pkl:8;n01882714.pkl:9|class=249:n02110063.pkl:2;n02110063.pkl:14;n02110063.pkl:18|class=284:n02123597.pkl:14;n02123597.pkl:18;n02123597.pkl:31
convnext,1713,689,-,1,0,0,0,0.0007849293563579278,0.0,0.0007849293563579278,0.0,0.0,1.0,class=109:n01917289.pkl:518
convnext,1714,690,-,4,1,1,0,0.023927726774298264,0.030299985331587537,0.0041157591218536705,0.004045266095011312,0.6720516343710305,0.49150954453233014,class=645:n03733131.pkl:10;n03733131.pkl:148;n03733131.pkl:228|class=76:n01774750.pkl:22;n01774750.pkl:807;n01774750.pkl:1013|class=499:n03041632.pkl:202
convnext,1715,691,-,334,247,207,127,0.19310540592532932,0.258165331461899,0.11338572861233642,0.1951587251489014,0.8203245969127033,0.01186378870385166,class=688:n03857828.pkl:0;n03857828.pkl:1;n03857828.pkl:2|class=0:n01440764.pkl:0;n01440764.pkl:1;n01440764.pkl:2|class=100:n01860187.pkl:0;n01860187.pkl:1;n01860187.pkl:2
convnext,1717,693,-,2,1,1,0,0.04906447515617325,0.047450270152137736,0.007999619168792613,0.007192516666774857,0.2882898238986599,0.9041970443104672,class=266:n02113712.pkl:121;n02113712.pkl:217;n02113712.pkl:303|class=459:n02892767.pkl:1064
convnext,1718,694,-,5,2,0,0,0.008881132664383496,0.0078021482872470405,0.0011618041278658082,0.0007031722960348821,0.9068558792780144,0.273263501128833,class=273:n02115641.pkl:81;n02115641.pkl:128;n02115641.pkl:325|class=526:n03179701.pkl:1063|class=123:n01984695.pkl:293
convnext,1719,695,-,45,27,15,10,0.1379683748404094,0.22466146341779766,0.04389835535577177,0.09927726766552301,0.6454243119406234,0.13587776450355982,class=19:n01592084.pkl:2;n01592084.pkl:3;n01592084.pkl:4|class=326:n02281787.pkl:0;n02281787.pkl:12;n02281787.pkl:20|class=879:n04507155.pkl:2;n04507155.pkl:11;n04507155.pkl:12
convnext,1720,696,-,184,113,75,37,0.08815930989027755,0.15678768559147338,0.04295678006827103,0.09318501385940407,0.7631216549724821,0.031009502435831525,class=940:n07716906.pkl:0;n07716906.pkl:2;n07716906.pkl:5|class=669:n03788365.pkl:0;n03788365.pkl:1;n03788365.pkl:4|class=382:n02494079.pkl:0;n02494079.pkl:1;n02494079.pkl:3
convnext,1721,697,-,40,19,10,5,0.07166051614628383,0.144779960338076,0.02313701709703086,0.05874516246029109,0.5866900846728035,0.18616453966145025,class=560:n03379051.pkl:3;n03379051.pkl:15;n03379051.pkl:16|class=458:n02892201.pkl:1;n02892201.pkl:2;n02892201.pkl:11|class=590:n03485407.pkl:7;n03485407.pkl:14;n03485407.pkl:35
convnext,1722,698,-,60,36,17,9,0.1127898154479632,0.20886482507358833,0.046084409850451015,0.1164653921349081,0.6078750442134583,0.1231139238423375,class=801:n04251144.pkl:0;n04251144.pkl:1;n04251144.pkl:2|class=980:n09472597.pkl:0;n09472597.pkl:1;n09472597.pkl:6|class=212:n02100735.pkl:2;n02100735.pkl:9;n02100735.pkl:11
convnext,1723,699,-,38,19,7,5,0.08201545373381622,0.16225013735133426,0.0248344706337382,0.056113999696675305,0.5856713894007943,0.160669306655872,class=57:n01735189.pkl:0;n01735189.pkl:7;n01735189.pkl:11|class=435:n02808440.pkl:19;n02808440.pkl:25;n02808440.pkl:61|class=90:n01820546.pkl:5;n01820546.pkl:8;n01820546.pkl:11
convnext,1724,700,-,109,58,30,12,0.09461637791062921,0.1995301217732232,0.04295153980554894,0.12987040001456496,0.6175637016108835,0.09305005540741423,class=723:n03944341.pkl:0;n03944341.pkl:1;n03944341.pkl:2|class=713:n03924679.pkl:0;n03924679.pkl:2;n03924679.pkl:3|class=735:n03980874.pkl:2;n03980874.pkl:9;n03980874.pkl:11
convnext,1725,701,-,1,0,0,0,0.0015936254980079682,0.0,0.0007968127490039841,0.0,0.0,1.0,class=760:n04070727.pkl:914
convnext,1726,702,-,50,30,14,6,0.08323931901508635,0.16595225051408768,0.02033654177304722,0.04088970043623785,0.7009991418104075,0.10085439785060066,class=795:n04228054.pkl:1;n04228054.pkl:6;n04228054.pkl:12|class=51:n01704323.pkl:0;n01704323.pkl:18;n01704323.pkl:23|class=696:n03876231.pkl:5;n03876231.pkl:8;n03876231.pkl:19
convnext,1727,703,-,57,33,19,6,0.07314301496533258,0.13603103239997863,0.023512756367612988,0.06096567949747847,0.6536060497658633,0.13549140142381158,class=546:n03272010.pkl:6;n03272010.pkl:7;n03272010.pkl:12|class=740:n03995372.pkl:7;n03995372.pkl:9;n03995372.pkl:14|class=521:n03133878.pkl:11;n03133878.pkl:22;n03133878.pkl:27
convnext,1728,704,-,22,14,11,4,0.10722598245618711,0.1737565530711781,0.04251420750693638,0.10189318024102406,0.5691136662612789,0.30655004026786037,class=945:n07720875.pkl:2;n07720875.pkl:4;n07720875.pkl:5|class=278:n02119789.pkl:3;n02119789.pkl:4;n02119789.pkl:8|class=524:n03146219.pkl:7;n03146219.pkl:30;n03146219.pkl:33
convnext,1729,705,-,132,94,64,36,0.1686483085412677,0.23173267640436096,0.06786156056278947,0.13233498484629155,0.7563301466646839,0.03638472732823092,class=664:n03782006.pkl:0;n03782006.pkl:1;n03782006.pkl:4|class=232:n02106166.pkl:0;n02106166.pkl:1;n02106166.pkl:2|class=612:n03599486.pkl:2;n03599486.pkl:3;n03599486.pkl:4
convnext,1730,706,-,1,1,0,0,0.013942680092951201,0.0,0.001549186676994578,0.0,0.0,1.0,class=886:n04525305.pkl:229;n04525305.pkl:273
convnext,1731,707,-,22,12,5,2,0.06374833954626404,0.10974099104355704,0.01810599978515387,0.04224068433519483,0.5577751219053723,0.2928514084570592,class=985:n11939491.pkl:2;n11939491.pkl:3;n11939491.pkl:7|class=551:n03314780.pkl:27;n03314780.pkl:29;n03314780.pkl:85|class=858:n04435653.pkl:11;n04435653.pkl:37;n04435653.pkl:42
convnext,1732,708,-,63,46,24,14,0.14195003890415517,0.22365362979886394,0.05605245040642405,0.13519834445062115,0.6567471140819525,0.10821793205916992,class=741:n03998194.pkl:0;n03998194.pkl:1;n03998194.pkl:2|class=533:n03207743.pkl:0;n03207743.pkl:2;n03207743.pkl:3|class=65:n01751748.pkl:0;n01751748.pkl:1;n01751748.pkl:3
convnext,1733,709,-,13,10,6,1,0.08079575135573906,0.10194986186271428,0.015417456975432462,0.017013879515343833,0.7863728381964364,0.17060113156483434,class=240:n02107908.pkl:62;n02107908.pkl:78;n02107908.pkl:100|class=117:n01968897.pkl:37;n01968897.pkl:49;n01968897.pkl:77|class=590:n03485407.pkl:7;n03485407.pkl:55;n03485407.pkl:76
convnext,1734,710,-,16,10,9,3,0.17632550157579402,0.28811511661707023,0.1106942118159151,0.23489702979748248,0.47860230192020975,0.3439396249492005,class=19:n01592084.pkl:0;n01592084.pkl:1;n01592084.pkl:2|class=939:n07716358.pkl:0;n07716358.pkl:2;n07716358.pkl:3|class=400:n02669723.pkl:2;n02669723.pkl:6;n02669723.pkl:14
convnext,1735,711,-,63,40,19,10,0.11847977808522925,0.20809427021173876,0.043503392502153196,0.13012782163081346,0.5695832004486131,0.1578943272951139,class=101:n01871265.pkl:0;n01871265.pkl:2;n01871265.pkl:4|class=392:n02606052.pkl:0;n02606052.pkl:1;n02606052.pkl:3|class=635:n03706229.pkl:2;n03706229.pkl:3;n03706229.pkl:4
convnext,1736,712,-,18,9,8,1,0.12046377587293182,0.19659161541182832,0.02039482840538604,0.040545661478943604,0.6176189987539947,0.27512715411023886,class=328:n02319095.pkl:2;n02319095.pkl:5;n02319095.pkl:12|class=806:n04254777.pkl:11;n04254777.pkl:56;n04254777.pkl:58|class=739:n03992509.pkl:114;n03992509.pkl:116;n03992509.pkl:219
convnext,1737,713,-,78,55,29,16,0.1250976644553799,0.20711984673327272,0.05508102813377711,0.1443318775644801,0.6563080249995213,0.10084952806226731,class=586:n03478589.pkl:0;n03478589.pkl:1;n03478589.pkl:2|class=689:n03866082.pkl:2;n03866082.pkl:5;n03866082.pkl:6|class=270:n02114548.pkl:1;n02114548.pkl:4;n02114548.pkl:5
convnext,1738,714,-,7,3,1,1,0.13562119128518443,0.3195759301032338,0.10711467671811814,0.2555718464030946,0.07325544722096,0.9561182780309627,class=109:n01917289.pkl:1;n01917289.pkl:2;n01917289.pkl:3|class=509:n03089624.pkl:178;n03089624.pkl:339;n03089624.pkl:370|class=229:n02105641.pkl:120;n02105641.pkl:568;n02105641.pkl:687
convnext,1739,715,-,17,8,2,2,0.06555330556102137,0.1505913916353954,0.02761598449077519,0.07890499184762595,0.3426379757489911,0.539042129024952,class=890:n04540053.pkl:4;n04540053.pkl:5;n04540053.pkl:6|class=306:n02174001.pkl:3;n02174001.pkl:4;n02174001.pkl:13|class=135:n02013706.pkl:115;n02013706.pkl:192;n02013706.pkl:209
convnext,1740,716,-,50,33,20,3,0.07623069174215152,0.11644927094518005,0.014687523080356046,0.025388937081553275,0.7763983651595893,0.07976155786892389,class=889:n04536866.pkl:2;n04536866.pkl:7;n04536866.pkl:8|class=781:n04149813.pkl:6;n04149813.pkl:14;n04149813.pkl:28|class=294:n02132136.pkl:14;n02132136.pkl:119;n02132136.pkl:135
convnext,1741,717,-,15,7,2,0,0.04212123237089996,0.08606793242452995,0.006113810366346914,0.009601627089773041,0.6884479921352843,0.23109417755031378,class=251:n02110341.pkl:38;n02110341.pkl:47;n02110341.pkl:125|class=138:n02018795.pkl:51;n02018795.pkl:195;n02018795.pkl:208|class=267:n02113799.pkl:231;n02113799.pkl:400;n02113799.pkl:575
convnext,1742,718,-,46,27,15,4,0.06562771516922825,0.11190951409412506,0.020068568011333946,0.04738820795255255,0.6812525095858547,0.14295234541034288,class=783:n04153751.pkl:1;n04153751.pkl:7;n04153751.pkl:10|class=369:n02483708.pkl:30;n02483708.pkl:53;n02483708.pkl:74|class=462:n02906734.pkl:19;n02906734.pkl:21;n02906734.pkl:30
convnext,1744,720,-,11,4,0,0,0.016638478428886005,0.024867290332284964,0.0021926268653437563,0.002461872745200815,0.8285454103002733,0.20551553914896725,class=358:n02443114.pkl:279;n02443114.pkl:333;n02443114.pkl:362|class=161:n02088238.pkl:122;n02088238.pkl:479;n02088238.pkl:1005|class=425:n02793495.pkl:132;n02793495.pkl:957;n02793495.pkl:1010
convnext,1745,721,-,28,13,11,2,0.09189291352408438,0.2028884195782036,0.046114704449148856,0.13961961193810069,0.4249133854368028,0.36309716405045056,class=400:n02669723.pkl:0;n02669723.pkl:1;n02669723.pkl:3|class=822:n04311174.pkl:0;n04311174.pkl:1;n04311174.pkl:2|class=246:n02109047.pkl:1;n02109047.pkl:19;n02109047.pkl:32
convnext,1746,722,-,52,25,16,5,0.06503724844425561,0.13377898679535963,0.024607002966947542,0.06729429135859813,0.6044786411316464,0.16305619271086497,class=687:n03854065.pkl:0;n03854065.pkl:2;n03854065.pkl:3|class=819:n04296562.pkl:8;n04296562.pkl:9;n04296562.pkl:12|class=751:n04037443.pkl:2;n04037443.pkl:4;n04037443.pkl:10
convnext,1747,723,-,10,2,1,0,0.006602616585472738,0.006827563243496903,0.002590521095448991,0.0031152378819550813,0.7703525445694813,0.24461327588008996,class=927:n07613480.pkl:168;n07613480.pkl:217;n07613480.pkl:317|class=779:n04146614.pkl:45;n04146614.pkl:160;n04146614.pkl:237|class=241:n02108000.pkl:523;n02108000.pkl:792;n02108000.pkl:1058
convnext,1748,724,-,64,42,23,11,0.10055711692105761,0.15686479735516143,0.03063974625986296,0.07773125974089794,0.6661995368569646,0.11618866887849644,class=24:n01622779.pkl:0;n01622779.pkl:1;n01622779.pkl:4|class=641:n03720891.pkl:2;n03720891.pkl:3;n03720891.pkl:5|class=342:n02396427.pkl:0;n02396427.pkl:1;n02396427.pkl:16
convnext,1749,725,-,45,20,9,4,0.0698007716073148,0.17731738427016752,0.03352732466532545,0.11729521486783351,0.4531513963090721,0.294210556016124,class=296:n02134084.pkl:0;n02134084.pkl:2;n02134084.pkl:3|class=395:n02641379.pkl:4;n02641379.pkl:6;n02641379.pkl:7|class=560:n03379051.pkl:0;n03379051.pkl:1;n03379051.pkl:5
convnext,1750,726,-,18,12,3,2,0.08247849191189877,0.1972382218617081,0.05345016811025848,0.18602595926517518,0.25227097439591706,0.7284957190720062,class=183:n02093859.pkl:0;n02093859.pkl:1;n02093859.pkl:2|class=472:n02951358.pkl:16;n02951358.pkl:44;n02951358.pkl:113|class=856:n04428191.pkl:28;n04428191.pkl:131;n04428191.pkl:147
convnext,1751,727,-,46,28,16,10,0.12291172510301666,0.20490426281765683,0.052461651960869216,0.11276602407965418,0.6445173696805426,0.12218099842930506,class=351:n02422106.pkl:0;n02422106.pkl:1;n02422106.pkl:2|class=707:n03902125.pkl:0;n03902125.pkl:1;n03902125.pkl:2|class=43:n01688243.pkl:3;n01688243.pkl:6;n01688243.pkl:16
convnext,1752,728,-,1,0,0,0,0.0035211267605633804,0.0,0.0008802816901408451,0.0,0.0,1.0,class=872:n04485082.pkl:568
convnext,1753,729,-,97,58,32,18,0.09645634375861238,0.17751390084502627,0.03944173025599232,0.11289782004805288,0.658941204498004,0.09477635443510661,class=27:n01631663.pkl:0;n01631663.pkl:2;n01631663.pkl:3|class=57:n01735189.pkl:1;n01735189.pkl:2;n01735189.pkl:4|class=577:n03447721.pkl:1;n03447721.pkl:3;n03447721.pkl:8
convnext,1755,731,-,46,22,11,5,0.06884236475605685,0.12962404408015923,0.02137731850699552,0.047022260213120684,0.6610829916524206,0.1269214425699408,class=943:n07718472.pkl:14;n07718472.pkl:16;n07718472.pkl:17|class=779:n04146614.pkl:3;n04146614.pkl:5;n04146614.pkl:16|class=643:n03724870.pkl:20;n03724870.pkl:21;n03724870.pkl:25
convnext,1756,732,-,56,31,14,1,0.038120376323176726,0.05908853447208473,0.008414899684872062,0.01191989046693386,0.8186192184302885,0.05368811704955997,class=427:n02795169.pkl:21;n02795169.pkl:41;n02795169.pkl:44|class=626:n03666591.pkl:2;n03666591.pkl:13;n03666591.pkl:43|class=482:n02979186.pkl:10;n02979186.pkl:97;n02979186.pkl:197
convnext,1757,733,-,52,21,13,6,0.06692656757158791,0.12144199051931022,0.016471074113684744,0.03274558576513674,0.6931941862518776,0.09523860049475666,class=549:n03291819.pkl:25;n03291819.pkl:33;n03291819.pkl:35|class=892:n04548280.pkl:29;n04548280.pkl:35;n04548280.pkl:41|class=532:n03201208.pkl:8;n03201208.pkl:27;n03201208.pkl:33
convnext,1759,735,-,17,9,4,0,0.031871904398615945,0.043282036194454865,0.006491708596315486,0.007131663274727939,0.8298891052941908,0.1298163946199508,class=376:n02489166.pkl:131;n02489166.pkl:133;n02489166.pkl:252|class=361:n02445715.pkl:6;n02445715.pkl:27;n02445715.pkl:163|class=954:n07753592.pkl:2;n07753592.pkl:48;n07753592.pkl:333
convnext,1760,736,-,85,51,27,10,0.08802039956324836,0.1588562482671348,0.025523616147964754,0.06114083257321296,0.6985757011699409,0.0792733463189964,class=237:n02107312.pkl:0;n02107312.pkl:2;n02107312.pkl:3|class=261:n02112350.pkl:0;n02112350.pkl:1;n02112350.pkl:4|class=149:n02074367.pkl:0;n02074367.pkl:2;n02074367.pkl:6
convnext,1761,737,-,123,65,36,15,0.07674721769278467,0.1708106156074508,0.03436880294326255,0.12267020876733957,0.6083436199771673,0.11170253981014286,class=95:n01843065.pkl:0;n01843065.pkl:1;n01843065.pkl:2|class=232:n02106166.pkl:1;n02106166.pkl:2;n02106166.pkl:3|class=35:n01667114.pkl:0;n01667114.pkl:4;n01667114.pkl:6
convnext,1762,738,-,7,4,2,0,0.0391989279100695,0.057537061139213405,0.00616333202704248,0.006954377234659971,0.7043064318096425,0.3247381377292509,class=779:n04146614.pkl:72;n04146614.pkl:95;n04146614.pkl:110|class=680:n03825788.pkl:35;n03825788.pkl:78;n03825788.pkl:356|class=486:n02992211.pkl:383;n02992211.pkl:858;n02992211.pkl:1006
convnext,1763,739,-,6,3,1,0,0.04208052540130534,0.07532526100295746,0.009678739030886415,0.015717072105727693,0.4948076262731453,0.6061622152161465,class=810:n04264628.pkl:20;n04264628.pkl:67;n04264628.pkl:85|class=131:n02009229.pkl:426;n02009229.pkl:430;n02009229.pkl:764|class=687:n03854065.pkl:379;n03854065.pkl:602;n03854065.pkl:751
convnext,1764,740,-,30,18,11,6,0.11352591451780894,0.2102298189126307,0.046995655139935505,0.12077339329742963,0.543168140897032,0.2534768328551908,class=547:n03272562.pkl:2;n03272562.pkl:4;n03272562.pkl:5|class=828:n04332243.pkl:3;n04332243.pkl:5;n04332243.pkl:11|class=602:n03535780.pkl:23;n03535780.pkl:27;n03535780.pkl:29
convnext,1765,741,-,4,0,0,0,0.00466835354772723,0.0021335286017558066,0.0009714781682239498,0.00033153215194908233,0.9620640922108411,0.2791155650791527,class=555:n03345487.pkl:123;n03345487.pkl:898|class=787:n04192698.pkl:640|class=239:n02107683.pkl:849
convnext,1766,742,-,92,63,44,24,0.16205594473356227,0.22960885037764756,0.07119576547554765,0.1558098159063563,0.7131122820301194,0.06292828381729981,class=4:n01494475.pkl:0;n01494475.pkl:1;n01494475.pkl:2|class=260:n02112137.pkl:0;n02112137.pkl:2;n02112137.pkl:3|class=963:n07873807.pkl:3;n07873807.pkl:6;n07873807.pkl:8
convnext,1767,743,-,43,26,17,7,0.1172801633984275,0.18985470833516588,0.038870054890860435,0.0905985580939972,0.633298266579718,0.14959666794546245,class=920:n06874185.pkl:1;n06874185.pkl:6;n06874185.pkl:7|class=665:n03785016.pkl:3;n03785016.pkl:7;n03785016.pkl:16|class=210:n02100236.pkl:0;n02100236.pkl:2;n02100236.pkl:7
convnext,1768,744,-,63,38,26,6,0.10322346856432953,0.18728897487978508,0.04519629489265108,0.12902966828380347,0.6008699786310223,0.1452428272176722,class=511:n03100240.pkl:0;n03100240.pkl:1;n03100240.pkl:2|class=389:n02514041.pkl:0;n02514041.pkl:2;n02514041.pkl:3|class=777:n04141327.pkl:1;n04141327.pkl:2;n04141327.pkl:4
convnext,1769,745,-,84,36,23,7,0.059378778470064446,0.12630682097407261,0.019583033794141762,0.053506776088924915,0.6569665786032625,0.10077950045913481,class=667:n03787032.pkl:1;n03787032.pkl:2;n03787032.pkl:3|class=475:n02965783.pkl:2;n02965783.pkl:7;n02965783.pkl:11|class=400:n02669723.pkl:19;n02669723.pkl:26;n02669723.pkl:27
convnext,1771,747,-,5,0,0,0,0.0039015420641940655,0.0025928753427892615,0.0010994706920063432,0.00037550694215551724,0.9646808553104936,0.22332913424733708,class=879:n04507155.pkl:221;n04507155.pkl:886|class=882:n04517823.pkl:193;n04517823.pkl:574|class=342:n02396427.pkl:667
convnext,1773,749,-,66,40,24,17,0.14100710790028717,0.2096220626140318,0.0530092854530058,0.12067451974911746,0.6833389409335375,0.09367206325037043,class=186:n02094258.pkl:0;n02094258.pkl:2;n02094258.pkl:3|class=624:n03661043.pkl:4;n03661043.pkl:12;n03661043.pkl:14|class=685:n03841143.pkl:6;n03841143.pkl:8;n03841143.pkl:15
convnext,1774,750,-,1,1,1,0,0.14476789929189615,0.0,0.024390243902439025,0.0,0.0,1.0,class=393:n02607072.pkl:11;n02607072.pkl:94;n02607072.pkl:187
convnext,1775,751,-,73,50,31,17,0.1439583215128009,0.222094486822841,0.06053548294028819,0.12837921806964359,0.6913845923909524,0.07530797196370988,class=955:n07754684.pkl:0;n07754684.pkl:2;n07754684.pkl:4|class=96:n01843383.pkl:4;n01843383.pkl:5;n01843383.pkl:7|class=998:n13133613.pkl:0;n13133613.pkl:2;n13133613.pkl:4
convnext,1776,752,-,64,41,26,13,0.11803511439875206,0.2046231305747383,0.059346694566953934,0.15243335387071838,0.6335005917586748,0.1187079803006954,class=932:n07695742.pkl:0;n07695742.pkl:2;n07695742.pkl:4|class=443:n02834397.pkl:0;n02834397.pkl:3;n02834397.pkl:4|class=572:n03443371.pkl:0;n03443371.pkl:1;n03443371.pkl:12
convnext,1777,753,-,4,2,0,0,0.009323807920379651,0.005912529894620038,0.0017847701209360988,0.0008845865012659077,0.9163102237483886,0.3114123972774257,class=647:n03733805.pkl:556;n03733805.pkl:636;n03733805.pkl:745|class=218:n02102177.pkl:786;n02102177.pkl:869|class=657:n04008634.pkl:480
convnext,1778,754,-,85,47,24,12,0.06845893537772531,0.13077007661587578,0.025209040708684793,0.06808313315235807,0.6716724143770885,0.09757660276928477,class=602:n03535780.pkl:0;n03535780.pkl:2;n03535780.pkl:3|class=390:n02526121.pkl:15;n02526121.pkl:21;n02526121.pkl:22|class=603:n03538406.pkl:8;n03538406.pkl:20;n03538406.pkl:21
convnext,1779,755,-,28,13,4,3,0.06778488131974716,0.17082651771840984,0.04112032380237851,0.14387209063051137,0.3486575565020297,0.4729161708323453,class=474:n02963159.pkl:0;n02963159.pkl:1;n02963159.pkl:3|class=37:n01669191.pkl:1;n01669191.pkl:11;n01669191.pkl:13|class=526:n03179701.pkl:2;n03179701.pkl:25;n03179701.pkl:37
convnext,1780,756,-,21,11,7,2,0.07995634582737116,0.1709445297255796,0.03798300260031457,0.11031810805950285,0.4231151225017716,0.44931340300978545,class=640:n03717622.pkl:0;n03717622.pkl:1;n03717622.pkl:2|class=178:n02092339.pkl:11;n02092339.pkl:13;n02092339.pkl:27|class=40:n01682714.pkl:12;n01682714.pkl:24;n01682714.pkl:48
convnext,1784,760,-,4,2,2,0,0.13973968541669676,0.134320166180657,0.009071999613260082,0.008290151887181092,0.6284941624398602,0.4587655998125509,class=215:n02101388.pkl:2;n02101388.pkl:41;n02101388.pkl:161|class=48:n01695060.pkl:107;n01695060.pkl:108;n01695060.pkl:153|class=777:n04141327.pkl:1000
convnext,1785,761,-,55,20,10,4,0.05023892430304629,0.13994278843585908,0.01813867361882199,0.060975094832783364,0.5381993165727967,0.22364368355336744,class=683:n03838899.pkl:0;n03838899.pkl:1;n03838899.pkl:2|class=28:n01632458.pkl:2;n01632458.pkl:6;n01632458.pkl:10|class=892:n04548280.pkl:1;n04548280.pkl:13;n04548280.pkl:29
convnext,1787,763,-,54,36,25,11,0.1326578000264495,0.19648035799559294,0.05147161919620253,0.10735471858574944,0.6911903755219411,0.09907729374479579,class=699:n03884397.pkl:1;n03884397.pkl:3;n03884397.pkl:4|class=440:n02823428.pkl:2;n02823428.pkl:5;n02823428.pkl:11|class=459:n02892767.pkl:3;n02892767.pkl:4;n02892767.pkl:7
convnext,1788,764,-,96,55,31,15,0.10910968085951145,0.20536742886967613,0.0415428881355745,0.09510447526520108,0.6870418946148351,0.06500970961751941,class=287:n02127052.pkl:6;n02127052.pkl:8;n02127052.pkl:12|class=519:n03127925.pkl:5;n03127925.pkl:6;n03127925.pkl:10|class=88:n01818515.pkl:9;n01818515.pkl:10;n01818515.pkl:15
convnext,1789,765,-,79,46,28,12,0.08727618818527444,0.15520996992868308,0.02570053044877954,0.06138318076144734,0.7064202733776023,0.0848665930276666,class=190:n02095889.pkl:0;n02095889.pkl:1;n02095889.pkl:5|class=693:n03873416.pkl:0;n03873416.pkl:8;n03873416.pkl:9|class=284:n02123597.pkl:7;n02123597.pkl:16;n02123597.pkl:26
convnext,1791,767,-,11,7,2,0,0.029896380215819803,0.032338019946153665,0.0041316758886404195,0.004177975085628395,0.8021331082823426,0.18386703606740568,class=552:n03325584.pkl:33;n03325584.pkl:39;n03325584.pkl:162|class=745:n04009552.pkl:120;n04009552.pkl:402;n04009552.pkl:435|class=216:n02101556.pkl:37;n02101556.pkl:163;n02101556.pkl:203
convnext,1792,768,-,62,40,28,13,0.13001977556492453,0.21101202527335033,0.0627240681829422,0.14150013039510329,0.6638354949164191,0.09821209526354441,class=820:n04310018.pkl:0;n04310018.pkl:1;n04310018.pkl:3|class=548:n03290653.pkl:2;n03290653.pkl:4;n03290653.pkl:9|class=7:n01514668.pkl:2;n01514668.pkl:3;n01514668.pkl:4
convnext,1794,770,-,11,4,2,0,0.020481397794417988,0.03577410552927895,0.006257033752295319,0.010021685461879096,0.6521876379108423,0.3241216074648262,class=835:n04355338.pkl:76;n04355338.pkl:92;n04355338.pkl:117|class=102:n01872401.pkl:42;n01872401.pkl:179;n01872401.pkl:201|class=441:n02823750.pkl:311;n02823750.pkl:326;n02823750.pkl:469
convnext,1795,771,-,58,28,14,7,0.08342030559669504,0.18101319453666476,0.029855863559251187,0.08176160993764271,0.5787326220899122,0.146545272311342,class=521:n03133878.pkl:1;n03133878.pkl:2;n03133878.pkl:5|class=230:n02105855.pkl:0;n02105855.pkl:3;n02105855.pkl:7|class=631:n03690938.pkl:3;n03690938.pkl:10;n03690938.pkl:23
convnext,1796,772,-,18,14,4,2,0.06893370630882784,0.150418561486303,0.01647284991044235,0.03474272140554992,0.5675849957445941,0.30268112307226447,class=873:n04486054.pkl:5;n04486054.pkl:6;n04486054.pkl:8|class=905:n04590129.pkl:8;n04590129.pkl:13;n04590129.pkl:15|class=531:n03197337.pkl:2;n03197337.pkl:10;n03197337.pkl:52
convnext,1797,773,-,52,31,20,9,0.11896497802899388,0.20821527151079733,0.049034224359165234,0.1328626039704047,0.58941978531619,0.1604206451184275,class=410:n02727426.pkl:0;n02727426.pkl:1;n02727426.pkl:2|class=262:n02112706.pkl:3;n02112706.pkl:4;n02112706.pkl:5|class=503:n03062245.pkl:1;n03062245.pkl:4;n03062245.pkl:16
convnext,1798,774,-,14,6,1,1,0.039522734767743435,0.09550170259211348,0.006399728825577883,0.013236708235558482,0.5915047580850727,0.3769972334363767,class=61:n01742172.pkl:2;n01742172.pkl:4;n01742172.pkl:6|class=929:n07615774.pkl:186;n07615774.pkl:397;n07615774.pkl:414|class=35:n01667114.pkl:460;n01667114.pkl:656;n01667114.pkl:711
convnext,1799,775,-,2,1,0,0,0.0768567313330588,0.06863980446370793,0.004259961047085711,0.0034382683601506246,0.4576198871794584,0.8257153979455858,class=640:n03717622.pkl:189;n03717622.pkl:223;n03717622.pkl:265|class=789:n04201297.pkl:1160
convnext,1802,778,-,89,55,29,15,0.09888217892470914,0.17438150750115158,0.03092787817375887,0.07822202226807706,0.6905716355378574,0.08310929393229739,class=323:n02279972.pkl:0;n02279972.pkl:2;n02279972.pkl:3|class=825:n04326547.pkl:0;n04326547.pkl:1;n04326547.pkl:2|class=91:n01824575.pkl:8;n01824575.pkl:10;n01824575.pkl:15
convnext,1803,779,-,37,20,9,4,0.08448818849379275,0.17713502095476738,0.028538720643327697,0.08211067662110662,0.5176467256929645,0.250759249654648,class=87:n01817953.pkl:1;n01817953.pkl:3;n01817953.pkl:4|class=495:n03018349.pkl:0;n03018349.pkl:4;n03018349.pkl:10|class=321:n02276258.pkl:0;n02276258.pkl:14;n02276258.pkl:18
convnext,1804,780,-,37,22,11,5,0.10659200415137625,0.20961239699169285,0.038382478858271354,0.11250092387809288,0.5115602390102498,0.259217510116655,class=293:n02130308.pkl:2;n02130308.pkl:4;n02130308.pkl:5|class=952:n07753113.pkl:2;n07753113.pkl:5;n07753113.pkl:12|class=254:n02110958.pkl:6;n02110958.pkl:15;n02110958.pkl:16
convnext,1805,781,-,12,9,3,1,0.07515914641292017,0.12042206788253865,0.019668488630188604,0.04616429949480114,0.4475297515068764,0.5424142874817257,class=362:n02447366.pkl:9;n02447366.pkl:16;n02447366.pkl:20|class=376:n02489166.pkl:9;n02489166.pkl:163;n02489166.pkl:198|class=122:n01983481.pkl:152;n01983481.pkl:183;n01983481.pkl:257
convnext,1807,783,-,82,52,39,19,0.15001223851250053,0.21246811760046508,0.058476148156703066,0.11283144069078908,0.7308102285184309,0.0575985766422795,class=771:n04125021.pkl:0;n04125021.pkl:1;n04125021.pkl:3|class=145:n02056570.pkl:1;n02056570.pkl:3;n02056570.pkl:5|class=634:n03697007.pkl:4;n03697007.pkl:7;n03697007.pkl:10
convnext,1808,784,-,84,49,29,12,0.09185533929287468,0.14694967841496626,0.028751577725404688,0.06840296849889345,0.7005996828938791,0.07928728206234587,class=365:n02480495.pkl:3;n02480495.pkl:4;n02480495.pkl:8|class=289:n02128757.pkl:1;n02128757.pkl:2;n02128757.pkl:8|class=954:n07753592.pkl:0;n07753592.pkl:1;n07753592.pkl:2
convnext,1809,785,-,13,7,3,2,0.0812654131355804,0.12736133073019174,0.019220303514084203,0.03488272785627432,0.5473070075715466,0.33029415787682737,class=392:n02606052.pkl:4;n02606052.pkl:8;n02606052.pkl:9|class=60:n01740131.pkl:0;n01740131.pkl:16;n01740131.pkl:45|class=68:n01756291.pkl:5;n01756291.pkl:54;n01756291.pkl:58
convnext,1810,786,-,136,95,74,27,0.10303901205913236,0.15338625916774004,0.04394465255832847,0.10722927014159633,0.7528748813867254,0.051132937552175683,class=55:n01729977.pkl:0;n01729977.pkl:1;n01729977.pkl:2|class=923:n07579787.pkl:2;n07579787.pkl:5;n07579787.pkl:8|class=203:n02098286.pkl:0;n02098286.pkl:3;n02098286.pkl:4
convnext,1811,787,-,1,1,1,0,0.09794628751974724,0.0,0.011058451816745656,0.0,0.0,1.0,class=930:n07684084.pkl:30;n07684084.pkl:146;n07684084.pkl:156
convnext,1812,788,-,87,39,22,5,0.05269620202953122,0.10952555775149235,0.01679876193207827,0.05069628850069061,0.6714926485666132,0.11617782356114695,class=804:n04254120.pkl:0;n04254120.pkl:1;n04254120.pkl:2|class=879:n04507155.pkl:17;n04507155.pkl:19;n04507155.pkl:23|class=156:n02086646.pkl:13;n02086646.pkl:22;n02086646.pkl:30
convnext,1813,789,-,103,60,39,19,0.11192475024622105,0.198936270476698,0.04878626788401457,0.11586792341273257,0.6951382391132394,0.06447259517111274,class=963:n07873807.pkl:0;n07873807.pkl:1;n07873807.pkl:2|class=347:n02410509.pkl:2;n02410509.pkl:5;n02410509.pkl:6|class=389:n02514041.pkl:0;n02514041.pkl:1;n02514041.pkl:2
convnext,1814,790,-,6,1,0,0,0.011782347880962593,0.01766509050874952,0.0027006187127854206,0.002326295698257724,0.8341544267102994,0.2903331581347637,class=820:n04310018.pkl:144;n04310018.pkl:206;n04310018.pkl:246|class=381:n02493793.pkl:335;n02493793.pkl:576;n02493793.pkl:913|class=905:n04590129.pkl:36;n04590129.pkl:1068
convnext,1815,791,-,58,39,20,9,0.10592921225375995,0.17607788407162525,0.04184597991742369,0.10314167182641437,0.6424864296671109,0.1219862717410432,class=726:n03954731.pkl:1;n03954731.pkl:2;n03954731.pkl:3|class=503:n03062245.pkl:0;n03062245.pkl:1;n03062245.pkl:2|class=437:n02814860.pkl:1;n02814860.pkl:2;n02814860.pkl:7
convnext,1816,792,-,112,88,61,31,0.16121216257843343,0.21436063637059707,0.06123574733772785,0.12805698438865676,0.749299669083321,0.04797474434661758,class=768:n04118538.pkl:0;n04118538.pkl:1;n04118538.pkl:2|class=222:n02104029.pkl:0;n02104029.pkl:1;n02104029.pkl:2|class=66:n01753488.pkl:0;n01753488.pkl:4;n01753488.pkl:6
convnext,1818,794,-,22,8,7,3,0.10463098526399847,0.16555060522941636,0.01844022456524906,0.03320967824711576,0.6355597475402827,0.19288060030291107,class=510:n03095699.pkl:0;n03095699.pkl:10;n03095699.pkl:14|class=180:n02093428.pkl:16;n02093428.pkl:34;n02093428.pkl:39|class=980:n09472597.pkl:4;n09472597.pkl:5;n09472597.pkl:10
convnext,1819,795,-,1,1,0,0,0.012367491166077738,0.0,0.0017667844522968198,0.0,0.0,1.0,class=998:n13133613.pkl:658;n13133613.pkl:1147
convnext,1821,797,-,1,1,1,1,0.48489542989930284,0.0,0.13400464756003097,0.0,0.0,1.0,class=661:n03777568.pkl:9;n03777568.pkl:23;n03777568.pkl:25
convnext,1822,798,-,60,36,24,8,0.09510174817839336,0.1596744762319054,0.03485923113663089,0.09292793887889592,0.6371821364107326,0.13510867180158193,class=729:n03961711.pkl:0;n03961711.pkl:1;n03961711.pkl:2|class=741:n03998194.pkl:4;n03998194.pkl:8;n03998194.pkl:10|class=95:n01843065.pkl:6;n01843065.pkl:12;n01843065.pkl:17
convnext,1823,799,-,5,2,0,0,0.011610703701555447,0.00781022319769064,0.0017190977348611291,0.0009187310842586342,0.9110046696205932,0.25712229930854735,class=70:n01770081.pkl:20;n01770081.pkl:91;n01770081.pkl:460|class=102:n01872401.pkl:830;n01872401.pkl:851;n01872401.pkl:1059|class=787:n04192698.pkl:417;n04192698.pkl:892
convnext,1824,800,-,38,19,10,4,0.0837377918649098,0.19327736549392277,0.03323270648177105,0.10547429689539826,0.4720091255926904,0.2913965804413984,class=49:n01697457.pkl:1;n01697457.pkl:8;n01697457.pkl:9|class=183:n02093859.pkl:0;n02093859.pkl:1;n02093859.pkl:4|class=570:n03424325.pkl:0;n03424325.pkl:68;n03424325.pkl:89
convnext,1825,801,-,86,50,35,17,0.10686608853708876,0.1885929184658624,0.04486409697495486,0.09806885855671478,0.7045665670684573,0.06718837921091336,class=90:n01820546.pkl:2;n01820546.pkl:3;n01820546.pkl:4|class=630:n03680355.pkl:7;n03680355.pkl:8;n03680355.pkl:9|class=255:n02111129.pkl:0;n02111129.pkl:1;n02111129.pkl:3
convnext,1826,802,-,170,59,41,12,0.044951535037488444,0.1231131545974522,0.01727400924535986,0.059716078392560414,0.6753704500544624,0.07618106075867244,class=351:n02422106.pkl:2;n02422106.pkl:6;n02422106.pkl:7|class=8:n01514859.pkl:0;n01514859.pkl:2;n01514859.pkl:3|class=370:n02484975.pkl:3;n02484975.pkl:5;n02484975.pkl:15
convnext,1827,803,-,4,1,0,0,0.004120915496424219,0.0038720919266612562,0.0008524464363879351,3.364331393020479e-05,0.9994305098703311,0.2503894066337489,class=26:n01630670.pkl:382|class=582:n03461385.pkl:1002|class=198:n02097209.pkl:355
convnext,1828,804,-,27,14,8,5,0.13921878814723238,0.25918753822594837,0.07878632223942833,0.21155239863438136,0.4637435849213437,0.30407345117231926,class=137:n02018207.pkl:0;n02018207.pkl:1;n02018207.pkl:2|class=713:n03924679.pkl:0;n03924679.pkl:1;n03924679.pkl:2|class=684:n03840681.pkl:0;n03840681.pkl:14;n03840681.pkl:15
convnext,1829,805,-,15,10,4,2,0.08920984370445588,0.15234347299130815,0.01787177532479531,0.034911333111729496,0.5448770207471139,0.3210602862934527,class=247:n02109525.pkl:19;n02109525.pkl:34;n02109525.pkl:35|class=584:n03476684.pkl:16;n03476684.pkl:30;n03476684.pkl:38|class=689:n03866082.pkl:37;n03866082.pkl:134;n03866082.pkl:174
convnext,1830,806,-,84,54,32,19,0.11311617721476853,0.18868868369501335,0.04324298385741312,0.09125539788481472,0.7088560008629704,0.06492071005760025,class=490:n03000247.pkl:0;n03000247.pkl:5;n03000247.pkl:8|class=974:n09288635.pkl:0;n09288635.pkl:5;n09288635.pkl:6|class=63:n01748264.pkl:1;n01748264.pkl:4;n01748264.pkl:5
convnext,1831,807,-,82,48,28,13,0.09895099486094242,0.18190938079795668,0.04146283042350026,0.12101823379282296,0.6261222188891129,0.11608419642210281,class=146:n02058221.pkl:0;n02058221.pkl:2;n02058221.pkl:4|class=423:n02791124.pkl:0;n02791124.pkl:1;n02791124.pkl:4|class=444:n02835271.pkl:1;n02835271.pkl:8;n02835271.pkl:10
convnext,1832,808,-,1,1,0,0,0.01078582434514638,0.0,0.0030816640986132513,0.0,0.0,1.0,class=105:n01882714.pkl:40;n01882714.pkl:207;n01882714.pkl:1179
convnext,1833,809,-,47,30,15,4,0.06918678614150209,0.12918517383521894,0.021007479248174952,0.04940413129099538,0.6679248244013986,0.13895066989826205,class=670:n03791053.pkl:0;n03791053.pkl:1;n03791053.pkl:5|class=359:n02443484.pkl:2;n02443484.pkl:15;n02443484.pkl:25|class=220:n02102480.pkl:11;n02102480.pkl:13;n02102480.pkl:20
convnext,1834,810,-,143,91,66,30,0.11887612638597647,0.1917379803271075,0.05153311554020167,0.11843988319611193,0.7338814616059345,0.043932174581904335,class=25:n01629819.pkl:1;n01629819.pkl:2;n01629819.pkl:3|class=226:n02105251.pkl:1;n02105251.pkl:3;n02105251.pkl:6|class=850:n04399382.pkl:1;n04399382.pkl:4;n04399382.pkl:6
convnext,1835,811,-,65,44,25,13,0.13397816053848383,0.23101535496675643,0.06525201733835059,0.16522480638013418,0.6277851132650764,0.1140237516625387,class=993:n13037406.pkl:0;n13037406.pkl:1;n13037406.pkl:2|class=355:n02437616.pkl:0;n02437616.pkl:1;n02437616.pkl:2|class=122:n01983481.pkl:1;n01983481.pkl:3;n01983481.pkl:4
convnext,1836,812,-,27,11,7,4,0.07991303668262581,0.17868439963537305,0.03888550555274481,0.1239693623660767,0.42921121391138306,0.4134715821498382,class=715:n03929855.pkl:0;n03929855.pkl:1;n03929855.pkl:4|class=321:n02276258.pkl:4;n02276258.pkl:6;n02276258.pkl:9|class=990:n12768682.pkl:6;n12768682.pkl:18;n12768682.pkl:25
convnext,1839,815,-,41,22,13,7,0.10749403683927598,0.19819482306723424,0.0346175557443219,0.09212345552680451,0.5844584502752276,0.1971186568122901,class=92:n01828970.pkl:0;n01828970.pkl:1;n01828970.pkl:2|class=403:n02687172.pkl:0;n02687172.pkl:3;n02687172.pkl:12|class=63:n01748264.pkl:3;n01748264.pkl:15;n01748264.pkl:19
convnext,1840,816,-,26,14,6,3,0.09222228919575598,0.1469841313707786,0.016826099956997707,0.03094880828423209,0.6459766909482068,0.16858259602403747,class=602:n03535780.pkl:1;n03535780.pkl:9;n03535780.pkl:14|class=811:n04265275.pkl:12;n04265275.pkl:16;n04265275.pkl:19|class=222:n02104029.pkl:1;n02104029.pkl:35;n02104029.pkl:45
convnext,1841,817,-,311,270,242,147,0.15229774838514848,0.17414265535344167,0.09555764003562041,0.1233378762126246,0.8844747459626285,0.008572188196522505,class=585:n03476991.pkl:0;n03476991.pkl:1;n03476991.pkl:4|class=681:n03832673.pkl:0;n03832673.pkl:2;n03832673.pkl:4|class=526:n03179701.pkl:0;n03179701.pkl:1;n03179701.pkl:2
convnext,1842,818,-,56,37,21,13,0.15469093905203643,0.2368935699672667,0.06262265916541536,0.1601436435758331,0.6212837282861472,0.1346371165610352,class=993:n13037406.pkl:0;n13037406.pkl:1;n13037406.pkl:2|class=957:n07768694.pkl:0;n07768694.pkl:1;n07768694.pkl:2|class=292:n02129604.pkl:1;n02129604.pkl:2;n02129604.pkl:5
convnext,1843,819,-,23,9,2,1,0.04430483953170978,0.14553817729960916,0.016833457252690472,0.06844954137476544,0.22668564441470823,0.7623751566114266,class=987:n12144580.pkl:3;n12144580.pkl:9;n12144580.pkl:10|class=992:n12998815.pkl:46;n12998815.pkl:52;n12998815.pkl:72|class=189:n02095570.pkl:50;n02095570.pkl:122;n02095570.pkl:387
convnext,1844,820,-,5,3,2,1,0.10770616374813699,0.1799488004699217,0.03981294771278504,0.06869046510211545,0.280022619849611,0.7953525835352917,class=297:n02134418.pkl:1;n02134418.pkl:6;n02134418.pkl:9|class=687:n03854065.pkl:5;n03854065.pkl:16;n03854065.pkl:133|class=842:n04371430.pkl:33;n04371430.pkl:86;n04371430.pkl:167
convnext,1845,821,-,57,33,16,6,0.08243443376901906,0.18519540967785958,0.03510773890954142,0.11204466212131954,0.5348086166551836,0.19623448433406726,class=237:n02107312.pkl:1;n02107312.pkl:3;n02107312.pkl:4|class=88:n01818515.pkl:2;n01818515.pkl:3;n01818515.pkl:4|class=307:n02177972.pkl:7;n02177972.pkl:14;n02177972.pkl:15
convnext,1846,822,-,8,4,0,0,0.010525140599648104,0.010540206239710886,0.0015955714520646414,0.0007824367863444629,0.9446762231363363,0.15505910321572014,class=70:n01770081.pkl:49;n01770081.pkl:349;n01770081.pkl:430|class=174:n02091467.pkl:212;n02091467.pkl:241;n02091467.pkl:1139|class=454:n02871525.pkl:295;n02871525.pkl:1035
convnext,1847,823,-,86,52,28,9,0.05567830351679215,0.0889270803064569,0.017088477969385344,0.03458827473166785,0.7554399209419584,0.05926580416709978,class=57:n01735189.pkl:0;n01735189.pkl:2;n01735189.pkl:3|class=80:n01795545.pkl:5;n01795545.pkl:7;n01795545.pkl:8|class=901:n04579145.pkl:2;n04579145.pkl:6;n04579145.pkl:25
convnext,1848,824,-,59,43,32,12,0.1332835235994373,0.19554737710126732,0.061213477420514306,0.12065847400865681,0.7060103360224911,0.08280123933261496,class=540:n03240683.pkl:1;n03240683.pkl:3;n03240683.pkl:4|class=263:n02113023.pkl:6;n02113023.pkl:8;n02113023.pkl:10|class=963:n07873807.pkl:0;n07873807.pkl:2;n07873807.pkl:3
convnext,1849,825,-,78,48,35,14,0.11109450374049122,0.17684005755246074,0.04197499967084626,0.10661323397594598,0.6850381261992665,0.09552826716110244,class=93:n01829413.pkl:2;n01829413.pkl:3;n01829413.pkl:4|class=997:n13054560.pkl:4;n13054560.pkl:5;n13054560.pkl:9|class=926:n07590611.pkl:6;n07590611.pkl:9;n07590611.pkl:12
convnext,1850,826,-,1,1,0,0,0.11395348837209303,0.0,0.0015503875968992248,0.0,0.0,1.0,class=611:n03598930.pkl:693;n03598930.pkl:737
convnext,1851,827,-,53,32,21,10,0.12063193035931014,0.19345346297654364,0.03957261040858726,0.08301539444891225,0.6739818202501008,0.10190116805187603,class=921:n07248320.pkl:0;n07248320.pkl:4;n07248320.pkl:5|class=832:n04346328.pkl:2;n04346328.pkl:3;n04346328.pkl:4|class=455:n02877765.pkl:5;n02877765.pkl:29;n02877765.pkl:30
convnext,1852,828,-,30,15,9,2,0.07153409863742619,0.1504903069236735,0.01698864730203137,0.05320438197329339,0.5171596994320353,0.36026421864212427,class=921:n07248320.pkl:1;n07248320.pkl:2;n07248320.pkl:3|class=190:n02095889.pkl:3;n02095889.pkl:18;n02095889.pkl:52|class=234:n02106550.pkl:84;n02106550.pkl:134;n02106550.pkl:189
convnext,1853,829,-,76,53,35,21,0.18453817630726577,0.25887561961264444,0.07462656653594558,0.15390142630433457,0.7066242331315349,0.0691188057044174,class=319:n02268443.pkl:1;n02268443.pkl:2;n02268443.pkl:4|class=336:n02361337.pkl:0;n02361337.pkl:1;n02361337.pkl:2|class=588:n03482405.pkl:0;n03482405.pkl:2;n03482405.pkl:3
convnext,1854,830,-,48,44,27,17,0.3836589868809372,0.3264936828403469,0.12217355321183794,0.18912043213637517,0.7565231979035192,0.07075410111418927,class=436:n02814533.pkl:0;n02814533.pkl:1;n02814533.pkl:2|class=663:n03781244.pkl:0;n03781244.pkl:1;n03781244.pkl:3|class=625:n03662601.pkl:0;n03662601.pkl:2;n03662601.pkl:4
convnext,1855,831,-,18,8,4,3,0.07213222534989715,0.12035193867010094,0.016034727872648594,0.030597881081325946,0.5838890292079763,0.25785142347590356,class=713:n03924679.pkl:18;n03924679.pkl:24;n03924679.pkl:26|class=697:n03877472.pkl:23;n03877472.pkl:60;n03877472.pkl:61|class=566:n03394916.pkl:13;n03394916.pkl:24;n03394916.pkl:31
convnext,1856,832,-,5,1,1,1,0.046108795019291576,0.08775753415090774,0.012878587433599917,0.023379848948907617,0.22376471109626758,0.8591388896467395,class=402:n02676566.pkl:9;n02676566.pkl:15;n02676566.pkl:22|class=885:n04525038.pkl:400;n04525038.pkl:580|class=166:n02089867.pkl:860
convnext,1857,833,-,18,5,1,0,0.014791178460231612,0.02841921998639689,0.0030074938140324517,0.005833256114723793,0.6865031183683298,0.2645525782634523,class=624:n03661043.pkl:133;n03661043.pkl:159;n03661043.pkl:197|class=960:n07836838.pkl:420;n07836838.pkl:455;n07836838.pkl:629|class=479:n02974003.pkl:294;n02974003.pkl:567;n02974003.pkl:613
convnext,1858,834,-,55,32,23,12,0.185821575148039,0.2858531797063579,0.08353945045794503,0.18017991640325473,0.6455670937740862,0.10276165532433555,class=791:n04204347.pkl:0;n04204347.pkl:2;n04204347.pkl:3|class=305:n02172182.pkl:1;n02172182.pkl:2;n02172182.pkl:3|class=27:n01631663.pkl:0;n01631663.pkl:2;n01631663.pkl:3
convnext,1859,835,-,18,11,6,3,0.10014870705333098,0.16782085114479836,0.03423644752688245,0.06489620035619456,0.5960270409680053,0.2551684743712287,class=798:n04238763.pkl:0;n04238763.pkl:1;n04238763.pkl:2|class=965:n07880968.pkl:8;n07880968.pkl:18;n07880968.pkl:20|class=29:n01632777.pkl:36;n01632777.pkl:37;n01632777.pkl:38
convnext,1860,836,-,37,22,11,8,0.13459918850815986,0.2114099093215307,0.04083970240627023,0.09319770808187411,0.6043749984945077,0.16777547124202674,class=7:n01514668.pkl:6;n01514668.pkl:7;n01514668.pkl:11|class=296:n02134084.pkl:6;n02134084.pkl:9;n02134084.pkl:10|class=274:n02115913.pkl:1;n02115913.pkl:2;n02115913.pkl:6
convnext,1862,838,-,56,33,19,7,0.08006716914488177,0.12032704778812703,0.017045235154549542,0.027578195160837624,0.764729106955684,0.06460241150478349,class=198:n02097209.pkl:6;n02097209.pkl:27;n02097209.pkl:40|class=930:n07684084.pkl:6;n07684084.pkl:38;n07684084.pkl:39|class=761:n04074963.pkl:3;n04074963.pkl:10;n04074963.pkl:12
convnext,1863,839,-,2,0,0,0,0.004907866358417983,0.00013839100070733206,0.0016359554528059947,4.6130333569110505e-05,0.9994263693439023,0.5003975577711313,class=601:n03534580.pkl:853;n03534580.pkl:1075|class=511:n03100240.pkl:656;n03100240.pkl:783
convnext,1865,841,-,8,5,2,1,0.05333274983522103,0.07508830586409,0.009733684505222407,0.015998617084751893,0.5456268951799804,0.4626916872775803,class=601:n03534580.pkl:60;n03534580.pkl:71;n03534580.pkl:82|class=439:n02817516.pkl:59;n02817516.pkl:83;n02817516.pkl:113|class=311:n02226429.pkl:111;n02226429.pkl:338;n02226429.pkl:566
convnext,1866,842,-,1,1,0,0,0.013942680092951201,0.0,0.000774593338497289,0.0,0.0,1.0,class=12:n01532829.pkl:280
convnext,1867,843,-,6,0,0,0,0.003707973508875452,0.0013394159913516135,0.0011823375058599513,0.0007393492436641693,0.9133213589769216,0.23183927200542281,class=906:n04591157.pkl:6;n04591157.pkl:114;n04591157.pkl:1021|class=252:n02110627.pkl:114|class=118:n01978287.pkl:744
convnext,1868,844,-,70,58,45,39,0.505784659468138,0.3839128298963409,0.24218484207069677,0.3063167365904769,0.8177206777914459,0.03713904461887921,class=3:n01491361.pkl:0;n01491361.pkl:1;n01491361.pkl:2|class=933:n07697313.pkl:0;n07697313.pkl:1;n07697313.pkl:2|class=612:n03599486.pkl:0;n03599486.pkl:1;n03599486.pkl:2
convnext,1870,846,-,3,3,2,0,0.07059077754553685,0.04644865570366311,0.011313619812956454,0.00806821527389488,0.7272454354043124,0.5028570788280975,class=508:n03085013.pkl:7;n03085013.pkl:129;n03085013.pkl:167|class=937:n07714990.pkl:0;n07714990.pkl:89;n07714990.pkl:263|class=282:n02123159.pkl:1017
convnext,1871,847,-,131,89,63,26,0.1293618949672117,0.21103864796492544,0.057965812018933915,0.13820130151571103,0.7181292619776002,0.05102553327214529,class=351:n02422106.pkl:0;n02422106.pkl:1;n02422106.pkl:2|class=959:n07831146.pkl:1;n07831146.pkl:2;n07831146.pkl:3|class=533:n03207743.pkl:2;n03207743.pkl:3;n03207743.pkl:4
convnext,1872,848,-,2,1,1,0,0.036842608467374714,0.03219504843639098,0.007186459849164963,0.0064118665106676735,0.3027075847642707,0.8980237083030307,class=501:n03045698.pkl:4;n03045698.pkl:24;n03045698.pkl:143|class=661:n03777568.pkl:713
convnext,1873,849,-,84,58,27,14,0.11356336880388819,0.20959636947829585,0.051004718901688555,0.1329419204618976,0.6424208543526784,0.0927815496373012,class=559:n03376595.pkl:0;n03376595.pkl:2;n03376595.pkl:3|class=88:n01818515.pkl:0;n01818515.pkl:2;n01818515.pkl:3|class=665:n03785016.pkl:3;n03785016.pkl:4;n03785016.pkl:5
convnext,1874,850,-,40,19,9,7,0.12344758667691647,0.24102789379885758,0.0665671044829171,0.17775621092405802,0.51316064837296,0.20326670777254222,class=832:n04346328.pkl:0;n04346328.pkl:2;n04346328.pkl:3|class=404:n02690373.pkl:3;n02690373.pkl:4;n02690373.pkl:5|class=61:n01742172.pkl:0;n01742172.pkl:3;n01742172.pkl:5
convnext,1875,851,-,65,38,25,9,0.07981448517740325,0.1098641012858142,0.022323194610086035,0.03967852661407597,0.7620001883266527,0.06399007193050583,class=758:n04067472.pkl:9;n04067472.pkl:20;n04067472.pkl:30|class=620:n03642806.pkl:2;n03642806.pkl:20;n03642806.pkl:24|class=534:n03207941.pkl:1;n03207941.pkl:2;n03207941.pkl:22
convnext,1876,852,-,128,93,58,28,0.14725698184029748,0.2225942133081604,0.0592092186914191,0.1436322239809553,0.7105934899281792,0.0537868015349108,class=748:n04026417.pkl:0;n04026417.pkl:3;n04026417.pkl:7|class=118:n01978287.pkl:1;n01978287.pkl:2;n01978287.pkl:3|class=848:n04392985.pkl:0;n04392985.pkl:2;n04392985.pkl:9
convnext,1877,853,-,62,37,17,12,0.11776620304470686,0.22061215217910032,0.04895989831360928,0.11730895144362546,0.6202706915312829,0.10872447274791665,class=740:n03995372.pkl:1;n03995372.pkl:2;n03995372.pkl:5|class=17:n01580077.pkl:0;n01580077.pkl:1;n01580077.pkl:3|class=699:n03884397.pkl:0;n03884397.pkl:2;n03884397.pkl:7
convnext,1878,854,-,134,87,56,25,0.12321272816881619,0.21271497550081603,0.05312039164531661,0.1266757913392488,0.7080721988075074,0.04990117598530504,class=25:n01629819.pkl:0;n01629819.pkl:1;n01629819.pkl:4|class=668:n03788195.pkl:0;n03788195.pkl:2;n03788195.pkl:3|class=127:n02002556.pkl:1;n02002556.pkl:2;n02002556.pkl:4
convnext,1879,855,-,10,7,5,4,0.3182488556050845,0.38132531062008773,0.16470193436951558,0.2774408996794507,0.5046203862038973,0.38375502982658155,class=685:n03841143.pkl:0;n03841143.pkl:1;n03841143.pkl:2|class=1:n01443537.pkl:1;n01443537.pkl:2;n01443537.pkl:3|class=573:n03444034.pkl:0;n03444034.pkl:2;n03444034.pkl:3
convnext,1880,856,-,94,64,45,26,0.1791988799297918,0.2526436537024932,0.08322451958480656,0.17322007899475905,0.7174867230893195,0.056723979715590886,class=367:n02481823.pkl:0;n02481823.pkl:2;n02481823.pkl:3|class=40:n01682714.pkl:0;n01682714.pkl:1;n01682714.pkl:2|class=87:n01817953.pkl:1;n01817953.pkl:2;n01817953.pkl:3
convnext,1881,857,-,1,0,0,0,0.007710100231303007,0.0,0.0007710100231303007,0.0,0.0,1.0,class=843:n04371774.pkl:215
convnext,1882,858,-,82,48,25,7,0.06073113427632362,0.12855088034955608,0.02331730095007131,0.07958213737032956,0.6078728905134032,0.1542515170164716,class=262:n02112706.pkl:0;n02112706.pkl:2;n02112706.pkl:3|class=217:n02102040.pkl:6;n02102040.pkl:9;n02102040.pkl:13|class=627:n03670208.pkl:0;n03670208.pkl:6;n03670208.pkl:10
convnext,1883,859,-,12,6,1,1,0.035712118714850576,0.07348415095496273,0.009147206102887287,0.0226086370976018,0.42942956120000914,0.5924186726439095,class=943:n07718472.pkl:21;n07718472.pkl:33;n07718472.pkl:55|class=614:n03617480.pkl:253;n03617480.pkl:277;n03617480.pkl:320|class=781:n04149813.pkl:246;n04149813.pkl:355;n04149813.pkl:630
convnext,1884,860,-,57,32,15,9,0.10628969737766246,0.19953707424999717,0.04240586520977029,0.11565349394990411,0.5915722749781558,0.14803793736365056,class=989:n12620546.pkl:0;n12620546.pkl:1;n12620546.pkl:2|class=255:n02111129.pkl:0;n02111129.pkl:2;n02111129.pkl:5|class=922:n07565083.pkl:1;n07565083.pkl:2;n07565083.pkl:6
convnext,1885,861,-,4,1,0,0,0.0066042391392082105,0.006577431922606453,0.001243396475266223,0.0004470473989596724,0.9525239691576806,0.28231676570300146,class=998:n13133613.pkl:182;n13133613.pkl:1089|class=493:n03016953.pkl:270;n03016953.pkl:1282|class=748:n04026417.pkl:698
convnext,1886,862,-,42,26,15,7,0.10795427624420485,0.18461418215924258,0.045837048394442546,0.10970123414093917,0.6204370037440832,0.16018630886182572,class=82:n01797886.pkl:0;n01797886.pkl:4;n01797886.pkl:6|class=608:n03594734.pkl:3;n03594734.pkl:13;n03594734.pkl:14|class=399:n02667093.pkl:1;n02667093.pkl:6;n02667093.pkl:12
convnext,1888,864,-,8,0,0,0,0.002850243350003145,0.0028758264169950185,0.0016247620918071722,0.001262937533465772,0.8864860826576456,0.20052560243255335,class=531:n03197337.pkl:344;n03197337.pkl:477;n03197337.pkl:563|class=908:n04592741.pkl:883;n04592741.pkl:1006|class=907:n04591713.pkl:624;n04591713.pkl:1037
convnext,1889,865,-,21,7,3,1,0.06044922818976354,0.20279998793342796,0.04583392517503585,0.19134871542693402,0.12553626219724712,0.8775800843603341,class=19:n01592084.pkl:0;n01592084.pkl:1;n01592084.pkl:5|class=670:n03791053.pkl:10;n03791053.pkl:75;n03791053.pkl:91|class=197:n02097130.pkl:177;n02097130.pkl:200;n02097130.pkl:256
convnext,1890,866,-,3,2,1,1,0.11117338021578312,0.14726747915205546,0.018451325612795413,0.024402912544661946,0.18747066164686527,0.9163848458793551,class=644:n03729826.pkl:45;n03729826.pkl:61;n03729826.pkl:64|class=191:n02096051.pkl:131;n02096051.pkl:700|class=772:n04127249.pkl:695
convnext,1891,867,-,70,47,30,9,0.07187752668808148,0.13049730622968778,0.033571256007692285,0.08486232626351774,0.6754779943618946,0.10557013109687076,class=367:n02481823.pkl:0;n02481823.pkl:2;n02481823.pkl:3|class=751:n04037443.pkl:6;n04037443.pkl:14;n04037443.pkl:16|class=935:n07711569.pkl:0;n07711569.pkl:2;n07711569.pkl:14
convnext,1892,868,-,23,11,7,3,0.08524184195505471,0.1673155354771312,0.022707703230060473,0.040361110949778886,0.6515265219068195,0.18083563129840421,class=77:n01775062.pkl:6;n01775062.pkl:8;n01775062.pkl:16|class=550:n03297495.pkl:2;n03297495.pkl:4;n03297495.pkl:22|class=901:n04579145.pkl:7;n04579145.pkl:15;n04579145.pkl:18
convnext,1893,869,-,66,35,24,10,0.09188596635080498,0.16415442780721265,0.03230386715166781,0.08993906475191996,0.6442329803663361,0.13259901267486035,class=331:n02326432.pkl:2;n02326432.pkl:3;n02326432.pkl:4|class=72:n01773157.pkl:1;n01773157.pkl:2;n01773157.pkl:4|class=367:n02481823.pkl:0;n02481823.pkl:15;n02481823.pkl:22
convnext,1894,870,-,64,42,30,16,0.10269866550671945,0.1445229716411277,0.03796524325639153,0.06580473224373769,0.7602538930108763,0.06256703413383619,class=810:n04264628.pkl:3;n04264628.pkl:8;n04264628.pkl:12|class=914:n04612504.pkl:1;n04612504.pkl:3;n04612504.pkl:4|class=923:n07579787.pkl:2;n07579787.pkl:3;n07579787.pkl:14
convnext,1896,872,-,107,59,35,7,0.0576402446993946,0.12200073615605073,0.021274955622270265,0.07626532740477814,0.6481729278188407,0.12944307526345095,class=557:n03355925.pkl:0;n03355925.pkl:1;n03355925.pkl:2|class=900:n04562935.pkl:3;n04562935.pkl:5;n04562935.pkl:10|class=796:n04229816.pkl:0;n04229816.pkl:2;n04229816.pkl:4
convnext,1897,873,-,30,15,10,5,0.10360121533291114,0.18375613993592543,0.03938346438456602,0.10333037743090531,0.5438602117827568,0.2627933093909119,class=735:n03980874.pkl:0;n03980874.pkl:1;n03980874.pkl:2|class=161:n02088238.pkl:3;n02088238.pkl:4;n02088238.pkl:6|class=284:n02123597.pkl:0;n02123597.pkl:4;n02123597.pkl:18
convnext,1899,875,-,17,9,4,2,0.0925756202815928,0.22288139041659233,0.056181540986409303,0.19241959144610288,0.2312182469879077,0.7488446128351083,class=964:n07875152.pkl:0;n07875152.pkl:1;n07875152.pkl:2|class=639:n03710721.pkl:5;n03710721.pkl:12;n03710721.pkl:30|class=533:n03207743.pkl:22;n03207743.pkl:40;n03207743.pkl:95
convnext,1900,876,-,72,40,23,14,0.11597227725744919,0.22069049952947445,0.053705309311586916,0.15754350404462877,0.5910853725688523,0.13340709349270707,class=667:n03787032.pkl:0;n03787032.pkl:1;n03787032.pkl:2|class=29:n01632777.pkl:2;n01632777.pkl:3;n01632777.pkl:5|class=181:n02093647.pkl:1;n02093647.pkl:4;n02093647.pkl:5
convnext,1901,877,-,27,14,10,5,0.10625767705338492,0.19171435542169765,0.04599216366488025,0.136557342291983,0.47210869777999065,0.3635486748328225,class=262:n02112706.pkl:0;n02112706.pkl:1;n02112706.pkl:2|class=411:n02730930.pkl:1;n02730930.pkl:8;n02730930.pkl:12|class=982:n10148035.pkl:3;n10148035.pkl:4;n10148035.pkl:7
convnext,1902,878,-,75,43,20,8,0.07745542433338962,0.1726627743075522,0.03358360083938247,0.11065067071648389,0.5767502890800105,0.1580745834636103,class=610:n03595614.pkl:0;n03595614.pkl:1;n03595614.pkl:2|class=946:n07730033.pkl:0;n07730033.pkl:5;n07730033.pkl:7|class=955:n07754684.pkl:0;n07754684.pkl:3;n07754684.pkl:4
convnext,1903,879,-,62,28,15,3,0.05304594712943896,0.1323361260139708,0.016683736791806368,0.059349697522091974,0.5618407253419799,0.22023639487664043,class=376:n02489166.pkl:2;n02489166.pkl:3;n02489166.pkl:4|class=932:n07695742.pkl:2;n07695742.pkl:3;n07695742.pkl:5|class=321:n02276258.pkl:25;n02276258.pkl:37;n02276258.pkl:86
convnext,1904,880,-,42,26,10,2,0.07111473571093911,0.1474529067074863,0.02302530254961367,0.07605292232386324,0.5178599875722778,0.28356925816089806,class=443:n02834397.pkl:1;n02834397.pkl:3;n02834397.pkl:4|class=997:n13054560.pkl:5;n13054560.pkl:8;n13054560.pkl:12|class=437:n02814860.pkl:17;n02814860.pkl:26;n02814860.pkl:56
convnext,1905,881,-,24,11,4,0,0.029307108815976524,0.056900436910004584,0.005053826497403157,0.006720121076176416,0.7986666197223329,0.1153386391354054,class=532:n03201208.pkl:4;n03201208.pkl:27;n03201208.pkl:96|class=657:n04008634.pkl:3;n04008634.pkl:92;n04008634.pkl:244|class=636:n03709823.pkl:106;n03709823.pkl:132;n03709823.pkl:224
convnext,1907,883,-,3,1,0,0,0.0075457541732695576,0.005764970330664409,0.0007969763449902856,2.175393203885117e-05,0.9996622522623617,0.3335816829062586,class=700:n03887697.pkl:1137|class=209:n02099849.pkl:1274|class=614:n03617480.pkl:1132
convnext,1909,885,-,9,5,2,0,0.03891596670523561,0.05370242492779375,0.00587920369816872,0.0065426572330686186,0.7549326117889151,0.24871439938184095,class=984:n11879895.pkl:133;n11879895.pkl:169;n11879895.pkl:308|class=109:n01917289.pkl:0;n01917289.pkl:21;n01917289.pkl:122|class=671:n03792782.pkl:50;n03792782.pkl:203;n03792782.pkl:271
convnext,1912,888,-,58,38,23,13,0.12615448312347904,0.20759357921781632,0.04536069679581707,0.1020053874651244,0.6617616750356958,0.10442979611329102,class=315:n02236044.pkl:0;n02236044.pkl:2;n02236044.pkl:3|class=423:n02791124.pkl:0;n02791124.pkl:3;n02791124.pkl:7|class=473:n02951585.pkl:14;n02951585.pkl:15;n02951585.pkl:17
convnext,1913,889,-,21,9,5,2,0.04608318927682028,0.10463830645008095,0.020207890820416633,0.0548541281209665,0.4459110552032987,0.3984980380582018,class=560:n03379051.pkl:1;n03379051.pkl:2;n03379051.pkl:4|class=278:n02119789.pkl:10;n02119789.pkl:54;n02119789.pkl:61|class=670:n03791053.pkl:168;n03791053.pkl:217;n03791053.pkl:278
convnext,1914,890,-,21,11,6,1,0.09512410633094374,0.15071520949132622,0.011290214246776975,0.01943890104770975,0.69949582147348,0.18878168268464388,class=688:n03857828.pkl:4;n03857828.pkl:20;n03857828.pkl:22|class=321:n02276258.pkl:2;n02276258.pkl:7;n02276258.pkl:76|class=219:n02102318.pkl:9;n02102318.pkl:10;n02102318.pkl:106
convnext,1916,892,-,34,25,13,6,0.08852473362528548,0.11345817583859993,0.02046619928152286,0.028984501088285496,0.776918638586521,0.08840175765623834,class=439:n02817516.pkl:26;n02817516.pkl:28;n02817516.pkl:38|class=890:n04540053.pkl:1;n04540053.pkl:13;n04540053.pkl:30|class=647:n03733805.pkl:9;n03733805.pkl:47;n03733805.pkl:57
convnext,1917,893,-,28,19,10,7,0.2503387421111378,0.33833199974676065,0.10664708395029757,0.24226371430128707,0.5460476076393568,0.2200123362402919,class=299:n02138441.pkl:0;n02138441.pkl:1;n02138441.pkl:2|class=100:n01860187.pkl:1;n01860187.pkl:2;n01860187.pkl:3|class=404:n02690373.pkl:5;n02690373.pkl:7;n02690373.pkl:9
convnext,1918,894,-,58,29,19,7,0.09189527640280373,0.186645586205587,0.032246562285470265,0.09812822285815952,0.5728832709476497,0.17690024104267832,class=859:n04442312.pkl:3;n04442312.pkl:5;n04442312.pkl:8|class=476:n02966193.pkl:5;n02966193.pkl:6;n02966193.pkl:9|class=201:n02097658.pkl:4;n02097658.pkl:6;n02097658.pkl:16
convnext,1919,895,-,78,42,27,9,0.06955075766722417,0.13312580837315638,0.02540467878516463,0.07075054506512114,0.6619141282819747,0.11225511972660107,class=796:n04229816.pkl:0;n04229816.pkl:3;n04229816.pkl:6|class=666:n03786901.pkl:3;n03786901.pkl:6;n03786901.pkl:9|class=482:n02979186.pkl:5;n02979186.pkl:15;n02979186.pkl:27
convnext,1920,896,-,61,47,21,9,0.10009950399095442,0.16885002211857578,0.03370296423724682,0.10059535793963072,0.631256893963552,0.16243950306349117,class=675:n03796401.pkl:2;n03796401.pkl:3;n03796401.pkl:4|class=779:n04146614.pkl:0;n04146614.pkl:2;n04146614.pkl:3|class=215:n02101388.pkl:1;n02101388.pkl:12;n02101388.pkl:23
convnext,1922,898,-,7,3,2,0,0.06125060426985988,0.11795753127411442,0.010552753579033073,0.015457248351248802,0.5615142005110715,0.4493601471434787,class=808:n04259630.pkl:1;n04259630.pkl:5;n04259630.pkl:9|class=718:n03933933.pkl:73;n03933933.pkl:116;n03933933.pkl:124|class=900:n04562935.pkl:143;n04562935.pkl:597;n04562935.pkl:606
convnext,1923,899,-,51,26,16,3,0.0610550573534144,0.12199007428531741,0.014566326391149386,0.0306766593242204,0.7072536129275454,0.10657311851178368,class=127:n02002556.pkl:2;n02002556.pkl:4;n02002556.pkl:16|class=547:n03272562.pkl:1;n03272562.pkl:13;n03272562.pkl:15|class=886:n04525305.pkl:4;n04525305.pkl:8;n04525305.pkl:9
convnext,1924,900,-,1,0,0,0,0.0028011204481792717,0.0,0.0009337068160597573,0.0,0.0,1.0,class=536:n03216828.pkl:672
convnext,1925,901,-,95,46,27,11,0.063400880286353,0.1125232378717361,0.017188812175476104,0.033997676173923,0.7476848225892014,0.0517060110650148,class=74:n01773797.pkl:2;n01773797.pkl:44;n01773797.pkl:56|class=861:n04447861.pkl:6;n04447861.pkl:40;n04447861.pkl:41|class=77:n01775062.pkl:2;n01775062.pkl:19;n01775062.pkl:21
convnext,1926,902,-,67,33,18,4,0.059558490225937996,0.11423107060716384,0.0164090979163588,0.05176264329267538,0.6392579754138921,0.1634466504922396,class=278:n02119789.pkl:0;n02119789.pkl:1;n02119789.pkl:8|class=17:n01580077.pkl:0;n01580077.pkl:2;n01580077.pkl:10|class=987:n12144580.pkl:11;n12144580.pkl:20;n12144580.pkl:35
convnext,1927,903,-,48,34,21,6,0.09010371690028916,0.15397065400308568,0.034449710780709956,0.10343811384947496,0.6111124237432315,0.20865633972063116,class=627:n03670208.pkl:1;n03670208.pkl:2;n03670208.pkl:4|class=156:n02086646.pkl:8;n02086646.pkl:11;n02086646.pkl:15|class=266:n02113712.pkl:5;n02113712.pkl:16;n02113712.pkl:27
convnext,1928,904,-,35,21,13,7,0.10390397817062491,0.17904560451239857,0.0502051593997851,0.10504735035597304,0.6220322638831131,0.1536564940201411,class=393:n02607072.pkl:0;n02607072.pkl:1;n02607072.pkl:2|class=281:n02123045.pkl:1;n02123045.pkl:2;n02123045.pkl:5|class=249:n02110063.pkl:1;n02110063.pkl:2;n02110063.pkl:5
convnext,1930,906,-,26,11,7,4,0.08321965534226074,0.15282490345871255,0.027510490985413645,0.05987215227563128,0.5688747693915944,0.2206327346294495,class=603:n03538406.pkl:0;n03538406.pkl:3;n03538406.pkl:6|class=145:n02056570.pkl:9;n02056570.pkl:23;n02056570.pkl:27|class=361:n02445715.pkl:16;n02445715.pkl:17;n02445715.pkl:18
convnext,1931,907,-,71,39,21,9,0.0763279971227694,0.14208354810159804,0.023372332151751676,0.057427872464779324,0.6746065649502541,0.09911662697442188,class=763:n04086273.pkl:1;n04086273.pkl:2;n04086273.pkl:4|class=368:n02483362.pkl:5;n02483362.pkl:12;n02483362.pkl:27|class=435:n02808440.pkl:13;n02808440.pkl:17;n02808440.pkl:18
convnext,1932,908,-,32,9,4,3,0.029019773899946085,0.06233813321939794,0.011733890465257225,0.025373953767574193,0.6232169153722493,0.17738096442677098,class=185:n02094114.pkl:22;n02094114.pkl:24;n02094114.pkl:51|class=853:n04417672.pkl:0;n04417672.pkl:3;n04417672.pkl:4|class=685:n03841143.pkl:10;n03841143.pkl:22;n03841143.pkl:31
convnext,1933,909,-,39,22,10,4,0.08334601192130064,0.1875409180544664,0.03809506935514243,0.12461227928781701,0.46100862412677635,0.30000023041663665,class=109:n01917289.pkl:0;n01917289.pkl:1;n01917289.pkl:3|class=161:n02088238.pkl:0;n02088238.pkl:2;n02088238.pkl:3|class=528:n03187595.pkl:9;n03187595.pkl:18;n03187595.pkl:33
convnext,1934,910,-,86,50,25,9,0.07001538682566623,0.12836774487846966,0.023077923284622184,0.05503269859058507,0.6903533257462332,0.07775047574939971,class=303:n02168699.pkl:3;n02168699.pkl:5;n02168699.pkl:8|class=453:n02870880.pkl:6;n02870880.pkl:7;n02870880.pkl:8|class=501:n03045698.pkl:6;n03045698.pkl:15;n03045698.pkl:16
convnext,1935,911,-,3,1,0,0,0.016208218576495747,0.018012223232101367,0.0011370607209575873,0.0004995212127782613,0.9178876920488186,0.3976641851706215,class=409:n02708093.pkl:949;n02708093.pkl:1181|class=849:n04398044.pkl:139|class=933:n07697313.pkl:485
convnext,1936,912,-,3,3,1,1,0.31911525529344587,0.4012448992333191,0.2505485771602043,0.3509836244370398,0.038416754832632016,0.9874701189913498,class=57:n01735189.pkl:0;n01735189.pkl:2;n01735189.pkl:3|class=346:n02408429.pkl:20;n02408429.pkl:165;n02408429.pkl:223|class=903:n04584207.pkl:298;n04584207.pkl:745
convnext,1937,913,-,51,35,19,11,0.11434209272058996,0.19467273157300236,0.04958964211274349,0.12444476038270234,0.6291569748821202,0.1430891188157498,class=110:n01924916.pkl:0;n01924916.pkl:1;n01924916.pkl:2|class=335:n02356798.pkl:4;n02356798.pkl:8;n02356798.pkl:11|class=882:n04517823.pkl:0;n04517823.pkl:1;n04517823.pkl:3
convnext,1938,914,-,58,33,19,11,0.10441796365455484,0.17602095454222405,0.03764463263624253,0.08700071696355945,0.6641154705680717,0.10933118211111394,class=658:n03775071.pkl:5;n03775071.pkl:9;n03775071.pkl:10|class=145:n02056570.pkl:2;n02056570.pkl:3;n02056570.pkl:6|class=712:n03920288.pkl:3;n03920288.pkl:4;n03920288.pkl:7
convnext,1939,915,-,55,35,18,9,0.10458827732147528,0.19236245114065798,0.0349116242847404,0.077861422768473,0.6570973232545043,0.10861792768001816,class=84:n01806143.pkl:1;n01806143.pkl:4;n01806143.pkl:7|class=387:n02509815.pkl:3;n02509815.pkl:4;n02509815.pkl:5|class=925:n07584110.pkl:0;n07584110.pkl:4;n07584110.pkl:14
convnext,1941,917,-,13,8,2,0,0.045512174134247456,0.046756577756357776,0.006501331169898881,0.005625934452620864,0.8584929059184356,0.13452558658787045,class=394:n02640242.pkl:12;n02640242.pkl:41;n02640242.pkl:202|class=920:n06874185.pkl:213;n06874185.pkl:340;n06874185.pkl:445|class=919:n06794110.pkl:5;n06794110.pkl:8;n06794110.pkl:13
convnext,1945,921,-,1,0,0,0,0.009345794392523364,0.0,0.002336448598130841,0.0,0.0,1.0,class=458:n02892201.pkl:95;n02892201.pkl:962;n02892201.pkl:1033
convnext,1946,922,-,91,65,49,29,0.19654180674416197,0.2661460071834444,0.10214989935003939,0.18953060583500073,0.7375751525635377,0.048819453663725546,class=466:n02917067.pkl:0;n02917067.pkl:2;n02917067.pkl:3|class=3:n01491361.pkl:4;n01491361.pkl:5;n01491361.pkl:7|class=878:n04505470.pkl:0;n04505470.pkl:1;n04505470.pkl:4
convnext,1947,923,-,3,1,0,0,0.017985474593871804,0.022609245151525275,0.002845889436742261,0.002349578724653291,0.7033636282226654,0.5605408526196842,class=977:n09421951.pkl:91;n09421951.pkl:487;n09421951.pkl:649|class=181:n02093647.pkl:297;n02093647.pkl:436|class=437:n02814860.pkl:717
convnext,1948,924,-,36,16,6,3,0.07418936778633126,0.1921521365424268,0.03050620614674539,0.11868901392167083,0.3902535135289803,0.44825467735330615,class=858:n04435653.pkl:0;n04435653.pkl:1;n04435653.pkl:4|class=382:n02494079.pkl:13;n02494079.pkl:19;n02494079.pkl:22|class=226:n02105251.pkl:0;n02105251.pkl:2;n02105251.pkl:8
convnext,1949,925,-,6,5,2,1,0.1248685165560078,0.14044651486988702,0.016360000710999162,0.02596700154733296,0.4717765637507334,0.5865471813089824,class=181:n02093647.pkl:2;n02093647.pkl:20;n02093647.pkl:21|class=459:n02892767.pkl:1;n02892767.pkl:50;n02892767.pkl:102|class=801:n04251144.pkl:21;n04251144.pkl:403;n04251144.pkl:794
convnext,1951,927,-,123,96,67,27,0.1818089343183389,0.26355612028330555,0.07843039925745214,0.16652916543467902,0.7282065975518809,0.04478283833930201,class=376:n02489166.pkl:0;n02489166.pkl:1;n02489166.pkl:2|class=320:n02268853.pkl:0;n02268853.pkl:1;n02268853.pkl:2|class=472:n02951358.pkl:2;n02951358.pkl:3;n02951358.pkl:4
convnext,1952,928,-,7,4,0,0,0.011726964705996252,0.010090253010526868,0.0020730998299444007,0.00158837874635536,0.8683930192769089,0.2267200015613454,class=441:n02823750.pkl:36;n02823750.pkl:342;n02823750.pkl:415|class=673:n03793489.pkl:155;n03793489.pkl:289;n03793489.pkl:772|class=745:n04009552.pkl:663;n04009552.pkl:1241;n04009552.pkl:1267
convnext,1953,929,-,35,17,9,3,0.0833701957800064,0.16226714970719472,0.027728908453455325,0.08209944705385375,0.5091148248625784,0.27903632817276425,class=24:n01622779.pkl:7;n01622779.pkl:8;n01622779.pkl:11|class=230:n02105855.pkl:0;n02105855.pkl:1;n02105855.pkl:2|class=117:n01968897.pkl:59;n01968897.pkl:60;n01968897.pkl:73
convnext,1954,930,-,9,4,1,0,0.017008527517716126,0.025636752231270477,0.0044588616147917684,0.007256317344827749,0.6371123976635831,0.405378434108556,class=296:n02134084.pkl:2;n02134084.pkl:24;n02134084.pkl:36|class=717:n03930630.pkl:170;n03930630.pkl:389;n03930630.pkl:1205|class=815:n04275548.pkl:328;n04275548.pkl:446;n04275548.pkl:593
convnext,1955,931,-,8,3,3,1,0.13004134276052906,0.19340288537581402,0.034434055301807896,0.06768352505290649,0.37300652618761554,0.6079471486898216,class=12:n01532829.pkl:3;n01532829.pkl:10;n01532829.pkl:14|class=109:n01917289.pkl:21;n01917289.pkl:36;n01917289.pkl:55|class=608:n03594734.pkl:80;n03594734.pkl:108;n03594734.pkl:120
convnext,1956,932,-,5,2,1,0,0.054143736304349696,0.09899767646451696,0.009065098537427492,0.015724078786542098,0.2979714938609258,0.8017489756256468,class=925:n07584110.pkl:26;n07584110.pkl:27;n07584110.pkl:61|class=553:n03337140.pkl:378;n03337140.pkl:1199|class=65:n01751748.pkl:540;n01751748.pkl:645
convnext,1957,933,-,9,4,1,0,0.014246610238041107,0.018780130108301988,0.0040929706915855514,0.0053959123382754165,0.7099573915703167,0.30422343582894773,class=949:n07745940.pkl:62;n07745940.pkl:118;n07745940.pkl:159|class=403:n02687172.pkl:181;n02687172.pkl:270;n02687172.pkl:686|class=79:n01784675.pkl:375;n01784675.pkl:569;n01784675.pkl:616
convnext,1958,934,-,1,0,0,0,0.0015420200462606013,0.0,0.0007710100231303007,0.0,0.0,1.0,class=9:n01518878.pkl:1039
convnext,1959,935,-,30,15,6,0,0.032835748467854926,0.046719013050147584,0.006541926102624275,0.008994024156407078,0.8006053636395151,0.09633841466855717,class=800:n04243546.pkl:0;n04243546.pkl:26;n04243546.pkl:66|class=662:n03777754.pkl:19;n03777754.pkl:118;n03777754.pkl:165|class=975:n09332890.pkl:42;n09332890.pkl:103;n09332890.pkl:114
convnext,1960,936,-,2,0,0,0,0.0026955692082712866,0.0019233684360705145,0.0011559233268240196,0.0003837225546232474,0.9189800030461261,0.555099366113692,class=607:n03590841.pkl:710;n03590841.pkl:952|class=466:n02917067.pkl:870
convnext,1961,937,-,50,31,16,6,0.06740191677147514,0.11013057826230215,0.022293409399018128,0.054424288506824896,0.6869886084650136,0.1391962336841886,class=202:n02098105.pkl:2;n02098105.pkl:4;n02098105.pkl:5|class=275:n02116738.pkl:10;n02116738.pkl:28;n02116738.pkl:34|class=601:n03534580.pkl:0;n03534580.pkl:1;n03534580.pkl:9
convnext,1962,938,-,41,28,11,6,0.12336377859188834,0.22407755660306633,0.045530347229576926,0.12710104090017055,0.5331583871283883,0.21445974421923092,class=8:n01514859.pkl:1;n01514859.pkl:2;n01514859.pkl:4|class=102:n01872401.pkl:1;n01872401.pkl:3;n01872401.pkl:6|class=669:n03788365.pkl:1;n03788365.pkl:4;n03788365.pkl:8
convnext,1963,939,-,39,29,12,9,0.20086020265372365,0.27834255210989745,0.05987946909684552,0.13356684374296118,0.6085325338231155,0.15321933352059,class=206:n02099429.pkl:0;n02099429.pkl:1;n02099429.pkl:2|class=16:n01560419.pkl:0;n01560419.pkl:1;n01560419.pkl:2|class=320:n02268853.pkl:4;n02268853.pkl:9;n02268853.pkl:18
convnext,1964,940,-,22,13,10,4,0.0948088156947656,0.16006668537005259,0.036682071212303685,0.09027652143348369,0.559456194791893,0.32076281240297083,class=43:n01688243.pkl:0;n01688243.pkl:1;n01688243.pkl:3|class=555:n03345487.pkl:6;n03345487.pkl:24;n03345487.pkl:30|class=712:n03920288.pkl:0;n03920288.pkl:39;n03920288.pkl:61
convnext,1965,941,-,74,49,26,7,0.08415508524046361,0.14520537954098106,0.024651763140857912,0.0525389187835962,0.7212322983176735,0.0748945997621109,class=71:n01770393.pkl:4;n01770393.pkl:5;n01770393.pkl:10|class=755:n04044716.pkl:14;n04044716.pkl:19;n04044716.pkl:20|class=459:n02892767.pkl:2;n02892767.pkl:10;n02892767.pkl:11
convnext,1966,942,-,41,27,16,6,0.10082739673607616,0.18130570788417458,0.034445629670862385,0.09251951535030917,0.593114347786321,0.20035049995063192,class=686:n03843555.pkl:1;n03843555.pkl:2;n03843555.pkl:6|class=243:n02108422.pkl:1;n02108422.pkl:5;n02108422.pkl:7|class=770:n04120489.pkl:1;n04120489.pkl:4;n04120489.pkl:28
convnext,1967,943,-,16,10,5,3,0.07940995198817151,0.11970276751214046,0.02956657859860357,0.058286418476325826,0.5501890722043643,0.3053916664034838,class=453:n02870880.pkl:1;n02870880.pkl:3;n02870880.pkl:24|class=768:n04118538.pkl:1;n04118538.pkl:15;n04118538.pkl:18|class=328:n02319095.pkl:55;n02319095.pkl:82;n02319095.pkl:107
convnext,1968,944,-,20,7,1,1,0.043360330027602714,0.13463859181672885,0.016261898736642917,0.06199729222325711,0.2257889338290233,0.776729756652059,class=259:n02112018.pkl:4;n02112018.pkl:12;n02112018.pkl:13|class=957:n07768694.pkl:149;n07768694.pkl:175;n07768694.pkl:373|class=281:n02123045.pkl:198;n02123045.pkl:242;n02123045.pkl:436
convnext,1969,945,-,73,51,28,11,0.09144342404629952,0.13721819933875581,0.02887240675250835,0.06172329403341764,0.7282942610713043,0.07630367855008717,class=361:n02445715.pkl:3;n02445715.pkl:5;n02445715.pkl:9|class=192:n02096177.pkl:1;n02096177.pkl:10;n02096177.pkl:11|class=257:n02111500.pkl:0;n02111500.pkl:4;n02111500.pkl:6
convnext,1970,946,-,17,9,7,3,0.06638605848587686,0.0868995288974062,0.02025312206312498,0.029403696597225887,0.6990806072618306,0.18280905401939224,class=346:n02408429.pkl:8;n02408429.pkl:16;n02408429.pkl:21|class=75:n01774384.pkl:11;n01774384.pkl:18;n01774384.pkl:67|class=671:n03792782.pkl:5;n03792782.pkl:20;n03792782.pkl:22
convnext,1971,947,-,48,35,20,10,0.14144304769726904,0.24083025003773684,0.05804305368251849,0.1594345920390542,0.5681857751509793,0.17802277326018498,class=157:n02086910.pkl:0;n02086910.pkl:1;n02086910.pkl:2|class=299:n02138441.pkl:0;n02138441.pkl:1;n02138441.pkl:4|class=556:n03347037.pkl:0;n03347037.pkl:1;n03347037.pkl:2
convnext,1972,948,-,31,19,8,4,0.0940593941160506,0.15484662117076362,0.02525460325924049,0.06963880745469635,0.5547780173096752,0.27753677611668426,class=240:n02107908.pkl:0;n02107908.pkl:2;n02107908.pkl:4|class=950:n07747607.pkl:27;n07747607.pkl:42;n07747607.pkl:55|class=241:n02108000.pkl:5;n02108000.pkl:27;n02108000.pkl:39
convnext,1973,949,-,1,0,0,0,0.007194244604316547,0.0,0.0010277492291880781,0.0,0.0,1.0,class=62:n01744401.pkl:824
convnext,1974,950,-,27,15,5,1,0.05964550285221835,0.12310684240105534,0.007183609355397348,0.012745125055036395,0.7244041382297225,0.15362105621520483,class=588:n03482405.pkl:7;n03482405.pkl:49;n03482405.pkl:108|class=976:n09399592.pkl:27;n09399592.pkl:42;n09399592.pkl:117|class=322:n02277742.pkl:1;n02277742.pkl:62;n02277742.pkl:101
convnext,1975,951,-,11,5,4,2,0.1395549160289801,0.2523345645714233,0.07322295647525329,0.17197530997406255,0.33332126007949475,0.5923791365940907,class=45:n01692333.pkl:0;n01692333.pkl:1;n01692333.pkl:4|class=940:n07716906.pkl:7;n07716906.pkl:16;n07716906.pkl:27|class=60:n01740131.pkl:129;n01740131.pkl:171;n01740131.pkl:203
convnext,1976,952,-,1,1,1,1,0.4959546925566343,0.0,0.09142394822006472,0.0,0.0,1.0,class=28:n01632458.pkl:8;n01632458.pkl:12;n01632458.pkl:16
convnext,1978,954,-,55,34,17,4,0.0663163191386031,0.09401974192856834,0.01672313214978209,0.03212696084790285,0.7387401311166726,0.08528472832638583,class=916:n06359193.pkl:3;n06359193.pkl:8;n06359193.pkl:9|class=869:n04479046.pkl:22;n04479046.pkl:53;n04479046.pkl:67|class=608:n03594734.pkl:74;n03594734.pkl:81;n03594734.pkl:87
convnext,1979,955,-,46,29,12,6,0.0881400427555243,0.14918738368004933,0.02378816168932617,0.05902940099967632,0.6265884958660625,0.15560108354827162,class=935:n07711569.pkl:6;n07711569.pkl:10;n07711569.pkl:11|class=812:n04266014.pkl:0;n04266014.pkl:2;n04266014.pkl:13|class=797:n04235860.pkl:1;n04235860.pkl:2;n04235860.pkl:6
convnext,1980,956,-,1,0,0,0,0.007718696397941681,0.0,0.0008576329331046312,0.0,0.0,1.0,class=856:n04428191.pkl:81
convnext,1981,957,-,4,2,2,1,0.192468822562741,0.26327012802817407,0.033665191188750936,0.04061945893536786,0.46158433150513656,0.6139536729459102,class=345:n02403003.pkl:22;n02403003.pkl:24;n02403003.pkl:50|class=802:n04252077.pkl:38;n04252077.pkl:62;n04252077.pkl:94|class=765:n04099969.pkl:525;n04099969.pkl:1074
convnext,1982,958,-,108,68,46,19,0.09761225346674907,0.17410596858844504,0.04530039624996042,0.12302451285205966,0.6767151255041047,0.07754901365453186,class=102:n01872401.pkl:0;n01872401.pkl:1;n01872401.pkl:2|class=740:n03995372.pkl:1;n03995372.pkl:2;n03995372.pkl:7|class=891:n04542943.pkl:3;n04542943.pkl:5;n04542943.pkl:6
convnext,1983,959,-,16,10,9,3,0.13111626452846353,0.18934725337841174,0.053921604567145606,0.13295977670886372,0.4915723077297626,0.44250994038041513,class=886:n04525305.pkl:2;n04525305.pkl:3;n04525305.pkl:6|class=278:n02119789.pkl:15;n02119789.pkl:47;n02119789.pkl:63|class=654:n03769881.pkl:14;n03769881.pkl:52;n03769881.pkl:61
convnext,1984,960,-,63,36,19,6,0.07274008440022005,0.14745258183099694,0.02893477510636785,0.08825864814300115,0.5952857892266644,0.1635571259422607,class=869:n04479046.pkl:0;n04479046.pkl:3;n04479046.pkl:7|class=919:n06794110.pkl:2;n06794110.pkl:3;n06794110.pkl:6|class=448:n02843684.pkl:0;n02843684.pkl:2;n02843684.pkl:7
convnext,1987,963,-,93,59,30,14,0.09320214327223274,0.18670308632391983,0.041438926510172086,0.10885041160612549,0.6476811982419616,0.08494522313266793,class=441:n02823750.pkl:0;n02823750.pkl:1;n02823750.pkl:3|class=951:n07749582.pkl:0;n07749582.pkl:2;n07749582.pkl:5|class=201:n02097658.pkl:1;n02097658.pkl:8;n02097658.pkl:11
convnext,1988,964,-,46,33,20,8,0.11360054957110657,0.17520260627757794,0.03343512824709498,0.07059951845018682,0.6929248489694677,0.11866498956484153,class=801:n04251144.pkl:0;n04251144.pkl:3;n04251144.pkl:5|class=906:n04591157.pkl:9;n04591157.pkl:15;n04591157.pkl:21|class=489:n03000134.pkl:4;n03000134.pkl:7;n03000134.pkl:18
convnext,1989,965,-,71,42,20,5,0.06741601444339802,0.15214540178077654,0.027464095480037084,0.1016978969037771,0.5422280252994836,0.2072079496387291,class=739:n03992509.pkl:1;n03992509.pkl:2;n03992509.pkl:3|class=835:n04355338.pkl:0;n04355338.pkl:3;n04355338.pkl:4|class=694:n03874293.pkl:4;n03874293.pkl:8;n03874293.pkl:22
convnext,1990,966,-,14,8,3,0,0.04102338208813889,0.06010643212140408,0.005729008402295521,0.00791054034104635,0.7121587521494288,0.20761233908640864,class=724:n03947888.pkl:5;n03947888.pkl:18;n03947888.pkl:28|class=315:n02236044.pkl:37;n02236044.pkl:107;n02236044.pkl:116|class=627:n03670208.pkl:76;n03670208.pkl:236;n03670208.pkl:253
convnext,1991,967,-,77,51,34,22,0.16697572219206822,0.23990172348486588,0.07815427851809457,0.1515193555224739,0.7178308281761481,0.06180051735320562,class=27:n01631663.pkl:0;n01631663.pkl:2;n01631663.pkl:3|class=302:n02167151.pkl:2;n02167151.pkl:3;n02167151.pkl:5|class=26:n01630670.pkl:0;n01630670.pkl:3;n01630670.pkl:4
convnext,1992,968,-,54,33,20,8,0.10854602882943691,0.18896329366857084,0.04370212579933916,0.11725495211226292,0.6237198523912023,0.15182875590850606,class=89:n01819313.pkl:1;n01819313.pkl:4;n01819313.pkl:5|class=298:n02137549.pkl:1;n02137549.pkl:4;n02137549.pkl:5|class=187:n02094433.pkl:4;n02094433.pkl:5;n02094433.pkl:7
convnext,1993,969,-,32,21,11,7,0.13149192196681958,0.20460914431002458,0.04946442752380001,0.09944198218052917,0.6388513157467711,0.1575500703491222,class=240:n02107908.pkl:5;n02107908.pkl:7;n02107908.pkl:9|class=63:n01748264.pkl:3;n01748264.pkl:10;n01748264.pkl:15|class=284:n02123597.pkl:1;n02123597.pkl:2;n02123597.pkl:7
convnext,1994,970,-,217,161,121,61,0.15533531400103814,0.23346008169367002,0.07776784858221628,0.1569013320866594,0.7779886464323478,0.023366589806869557,class=342:n02396427.pkl:0;n02396427.pkl:1;n02396427.pkl:2|class=277:n02119022.pkl:0;n02119022.pkl:1;n02119022.pkl:2|class=216:n02101556.pkl:0;n02101556.pkl:1;n02101556.pkl:2
convnext,1995,971,-,21,11,5,2,0.09337748083527807,0.20714158501683314,0.04979456604830794,0.16499567680504698,0.32711570171061616,0.5704507716138173,class=466:n02917067.pkl:2;n02917067.pkl:3;n02917067.pkl:5|class=259:n02112018.pkl:2;n02112018.pkl:23;n02112018.pkl:24|class=703:n03891251.pkl:39;n03891251.pkl:40;n03891251.pkl:52
convnext,1996,972,-,10,6,3,1,0.132196074121762,0.25501736138147435,0.06304930781592094,0.167381928926895,0.20732385359319108,0.8047847376426852,class=378:n02492035.pkl:0;n02492035.pkl:2;n02492035.pkl:4|class=42:n01687978.pkl:35;n01687978.pkl:59;n01687978.pkl:68|class=894:n04550184.pkl:182;n04550184.pkl:294;n04550184.pkl:343
convnext,1998,974,-,77,48,36,22,0.1537314369464255,0.20115508790474737,0.05312493912938165,0.12049284670859832,0.7196533431051022,0.07979600415106879,class=933:n07697313.pkl:0;n07697313.pkl:1;n07697313.pkl:2|class=901:n04579145.pkl:0;n04579145.pkl:4;n04579145.pkl:5|class=128:n02002724.pkl:4;n02002724.pkl:8;n02002724.pkl:13
convnext,1999,975,-,22,8,2,0,0.01671171799158618,0.02250210698506945,0.004166477295511375,0.0066728785784434036,0.7678369857906951,0.16204573272404252,class=403:n02687172.pkl:11;n02687172.pkl:74;n02687172.pkl:81|class=301:n02165456.pkl:79;n02165456.pkl:89;n02165456.pkl:133|class=156:n02086646.pkl:90;n02086646.pkl:289;n02086646.pkl:332
convnext,2000,976,-,2,1,0,0,0.014690722588306433,0.009962590200599577,0.0011732300769444657,0.00040281405229115294,0.9132122509079049,0.5589403694214006,class=628:n03673027.pkl:136;n03673027.pkl:878|class=105:n01882714.pkl:505
convnext,2001,977,-,59,33,15,8,0.09241117706054408,0.1828289383557365,0.04071908208976408,0.11469435847758289,0.5831078946725368,0.15142247736291162,class=87:n01817953.pkl:0;n01817953.pkl:2;n01817953.pkl:3|class=633:n03692522.pkl:2;n03692522.pkl:3;n03692522.pkl:4|class=578:n03450230.pkl:4;n03450230.pkl:9;n03450230.pkl:11
convnext,2002,978,-,6,4,0,0,0.014015779553553036,0.010041056901049124,0.0024940776109218373,0.0024498730633019266,0.7814731880458794,0.3274777535636403,class=95:n01843065.pkl:146;n01843065.pkl:367;n01843065.pkl:383|class=683:n03838899.pkl:325;n03838899.pkl:760;n03838899.pkl:953|class=835:n04355338.pkl:701;n04355338.pkl:748;n04355338.pkl:843
convnext,2003,979,-,5,4,2,1,0.18573402900437067,0.3052009984437485,0.12805621555945634,0.23844420798315008,0.1623997809093757,0.8934293581439625,class=252:n02110627.pkl:0;n02110627.pkl:3;n02110627.pkl:4|class=520:n03131574.pkl:6;n03131574.pkl:23;n03131574.pkl:24|class=339:n02389026.pkl:199;n02389026.pkl:233;n02389026.pkl:521
convnext,2004,980,-,4,3,1,0,0.10306631896727958,0.11516280102024473,0.01053193478887877,0.011578544155971768,0.6082835342500719,0.5521562614055241,class=706:n03899768.pkl:22;n03899768.pkl:47;n03899768.pkl:60|class=760:n04070727.pkl:65;n04070727.pkl:172;n04070727.pkl:572|class=985:n11939491.pkl:70;n11939491.pkl:207;n11939491.pkl:227
convnext,2005,981,-,5,2,2,1,0.08587957518609482,0.11432004396088781,0.01863158149518811,0.025647338070171315,0.4671730442743329,0.578979001941762,class=614:n03617480.pkl:2;n03617480.pkl:5;n03617480.pkl:6|class=480:n02977058.pkl:39;n02977058.pkl:117;n02977058.pkl:149|class=301:n02165456.pkl:353;n02165456.pkl:1078
convnext,2006,982,-,83,57,36,25,0.1456143567806327,0.20859532593046265,0.056504697773130275,0.11606849972626433,0.728599073258055,0.06288538271978475,class=820:n04310018.pkl:0;n04310018.pkl:1;n04310018.pkl:3|class=332:n02328150.pkl:0;n02328150.pkl:1;n02328150.pkl:2|class=553:n03337140.pkl:1;n03337140.pkl:4;n03337140.pkl:8
convnext,2007,983,-,33,16,8,5,0.12332965447855367,0.23347753263254237,0.0411618196410932,0.11274567617788989,0.5073607109317131,0.2576539526906682,class=581:n03459775.pkl:0;n03459775.pkl:1;n03459775.pkl:4|class=878:n04505470.pkl:0;n04505470.pkl:4;n04505470.pkl:10|class=114:n01945685.pkl:3;n01945685.pkl:6;n01945685.pkl:8
convnext,2008,984,-,20,11,4,1,0.053874968560640654,0.10589473279190297,0.016747162692826008,0.04179938209109335,0.5192021554506743,0.36147790799630564,class=439:n02817516.pkl:2;n02817516.pkl:3;n02817516.pkl:5|class=179:n02093256.pkl:74;n02093256.pkl:89;n02093256.pkl:100|class=985:n11939491.pkl:179;n11939491.pkl:201;n11939491.pkl:235
convnext,2009,985,-,151,94,60,24,0.09746557303837566,0.16373769201861824,0.03798699246745241,0.08781824649723641,0.7355524389980133,0.0420159548045159,class=150:n02077923.pkl:2;n02077923.pkl:3;n02077923.pkl:5|class=180:n02093428.pkl:0;n02093428.pkl:1;n02093428.pkl:8|class=829:n04335435.pkl:3;n04335435.pkl:8;n04335435.pkl:12
convnext,2010,986,-,12,5,2,1,0.04947256421602378,0.08956046563474332,0.010432807545653691,0.024965169573328207,0.4279729684255698,0.560516816042089,class=550:n03297495.pkl:17;n03297495.pkl:28;n03297495.pkl:30|class=313:n02231487.pkl:21;n02231487.pkl:58;n02231487.pkl:168|class=832:n04346328.pkl:188;n04346328.pkl:568;n04346328.pkl:578
convnext,2011,987,-,2,0,0,0,0.0014972714198467265,0.00022984429690629576,0.001065492490658471,0.00020193463228195983,0.9739327410817944,0.5179593590708474,class=158:n02087046.pkl:258|class=206:n02099429.pkl:492
convnext,2012,988,-,189,137,100,61,0.19680058296042643,0.27068248921698357,0.10695922376361715,0.19759496951818362,0.7767710289841908,0.02334833295346268,class=574:n03445777.pkl:0;n03445777.pkl:1;n03445777.pkl:2|class=522:n03134739.pkl:0;n03134739.pkl:1;n03134739.pkl:2|class=602:n03535780.pkl:0;n03535780.pkl:1;n03535780.pkl:2
convnext,2013,989,-,4,2,0,0,0.006939394457713493,0.005793566380759302,0.0015826869048929553,0.0008044600840863469,0.9023829426601327,0.31458906395632974,class=454:n02871525.pkl:133;n02871525.pkl:216;n02871525.pkl:537|class=444:n02835271.pkl:824;n02835271.pkl:911;n02835271.pkl:1031|class=452:n02869837.pkl:136
convnext,2014,990,-,45,30,11,4,0.0817388019396994,0.1621512259102356,0.02352542211718744,0.07764055762773858,0.539653879330987,0.264263773979933,class=694:n03874293.pkl:0;n03874293.pkl:1;n03874293.pkl:2|class=639:n03710721.pkl:11;n03710721.pkl:26;n03710721.pkl:36|class=221:n02102973.pkl:31;n02102973.pkl:37;n02102973.pkl:38
convnext,2015,991,-,25,12,6,4,0.09527322122040591,0.18384334773460115,0.02869200613914765,0.07274259596749638,0.5012892293422562,0.2971080961649804,class=786:n04179913.pkl:2;n04179913.pkl:3;n04179913.pkl:4|class=291:n02129165.pkl:0;n02129165.pkl:12;n02129165.pkl:22|class=955:n07754684.pkl:1;n07754684.pkl:13;n07754684.pkl:21
convnext,2016,992,-,88,53,28,12,0.10141810269364804,0.20698995536904297,0.04699139629188804,0.12517499188178463,0.6285027095718547,0.09199718479563089,class=270:n02114548.pkl:0;n02114548.pkl:1;n02114548.pkl:3|class=386:n02504458.pkl:0;n02504458.pkl:3;n02504458.pkl:5|class=992:n12998815.pkl:0;n12998815.pkl:3;n12998815.pkl:5
convnext,2017,993,-,54,29,19,8,0.10262141300381965,0.2064025978436267,0.05365451765003274,0.15629071116721582,0.5482318006709447,0.1756488349032925,class=49:n01697457.pkl:0;n01697457.pkl:1;n01697457.pkl:2|class=7:n01514668.pkl:1;n01514668.pkl:5;n01514668.pkl:6|class=414:n02769748.pkl:0;n02769748.pkl:2;n02769748.pkl:3
convnext,2018,994,-,99,66,36,18,0.11575687156944006,0.1868802159111065,0.04374942231712013,0.11373517890446848,0.6887256392984165,0.07836784847704156,class=843:n04371774.pkl:0;n04371774.pkl:2;n04371774.pkl:3|class=704:n03891332.pkl:2;n03891332.pkl:3;n03891332.pkl:4|class=707:n03902125.pkl:23;n03902125.pkl:27;n03902125.pkl:28
convnext,2019,995,-,16,14,6,0,0.06696022144019088,0.045779100627962324,0.013042790973850159,0.011932333138378104,0.8556721105769302,0.11481059846666028,class=396:n02643566.pkl:8;n02643566.pkl:24;n02643566.pkl:28|class=643:n03724870.pkl:46;n03724870.pkl:59;n03724870.pkl:86|class=8:n01514859.pkl:24;n01514859.pkl:43;n01514859.pkl:84
convnext,2020,996,-,46,32,13,7,0.13026431419748774,0.22438049887865041,0.032813771724167336,0.07522225794073138,0.6229440075349452,0.13598028779647256,class=832:n04346328.pkl:0;n04346328.pkl:4;n04346328.pkl:5|class=289:n02128757.pkl:2;n02128757.pkl:5;n02128757.pkl:6|class=729:n03961711.pkl:13;n03961711.pkl:26;n03961711.pkl:28
convnext,2021,997,-,59,31,17,6,0.06758249958299122,0.13077382587899747,0.02188658484039033,0.05148769635850881,0.6611368871533867,0.11074830426342694,class=406:n02699494.pkl:3;n02699494.pkl:4;n02699494.pkl:6|class=526:n03179701.pkl:5;n03179701.pkl:8;n03179701.pkl:9|class=56:n01734418.pkl:4;n01734418.pkl:12;n01734418.pkl:14
convnext,2022,998,-,29,17,10,2,0.07080074393712509,0.1246865385351927,0.016303147228381568,0.03185337397909256,0.6815006505047266,0.16611733558740846,class=439:n02817516.pkl:0;n02817516.pkl:10;n02817516.pkl:16|class=831:n04344873.pkl:3;n04344873.pkl:9;n04344873.pkl:20|class=534:n03207941.pkl:7;n03207941.pkl:18;n03207941.pkl:25
convnext,2023,999,-,20,7,2,1,0.03188350385109192,0.06735031076032258,0.0060076060237829075,0.013845710809036885,0.5682691951231824,0.3155813835065468,class=195:n02096585.pkl:13;n02096585.pkl:31;n02096585.pkl:65|class=874:n04487081.pkl:2;n04487081.pkl:14;n04487081.pkl:35|class=90:n01820546.pkl:577;n01820546.pkl:664;n01820546.pkl:957
convnext,2024,1000,-,7,5,0,0,0.02539700404984918,0.025796234019677237,0.002800218873361483,0.002315253061042789,0.8425652137308492,0.24051674199338524,class=960:n07836838.pkl:117;n07836838.pkl:662;n07836838.pkl:668|class=839:n04366367.pkl:5;n04366367.pkl:129;n04366367.pkl:134|class=998:n13133613.pkl:741;n13133613.pkl:981
convnext,2025,1001,-,7,2,1,0,0.03616405525542376,0.07704812828685967,0.0028203232936908668,0.003283749521408508,0.7295765555747743,0.33651905530251314,class=557:n03355925.pkl:92;n03355925.pkl:104;n03355925.pkl:289|class=503:n03062245.pkl:332;n03062245.pkl:505;n03062245.pkl:570|class=377:n02490219.pkl:196;n02490219.pkl:904
convnext,2026,1002,-,70,46,33,14,0.13610588840059254,0.20899186198938519,0.05306646335846565,0.1210016760976432,0.6854651782384488,0.08856101907964797,class=591:n03485794.pkl:0;n03485794.pkl:1;n03485794.pkl:2|class=550:n03297495.pkl:2;n03297495.pkl:3;n03297495.pkl:5|class=777:n04141327.pkl:1;n04141327.pkl:3;n04141327.pkl:5
convnext,2027,1003,-,29,14,6,4,0.09299538320683548,0.1677003120274226,0.0230541765403492,0.047045721987371926,0.6092359320211784,0.17807899216660378,class=504:n03063599.pkl:2;n03063599.pkl:8;n03063599.pkl:11|class=674:n03794056.pkl:1;n03794056.pkl:17;n03794056.pkl:19|class=639:n03710721.pkl:30;n03710721.pkl:45;n03710721.pkl:50
convnext,2028,1004,-,81,42,24,15,0.08723764844443214,0.16680619168286737,0.034873028424718545,0.09432590921953236,0.6495892728025741,0.10266853341155018,class=153:n02085936.pkl:1;n02085936.pkl:2;n02085936.pkl:3|class=532:n03201208.pkl:3;n03201208.pkl:5;n03201208.pkl:7|class=696:n03876231.pkl:3;n03876231.pkl:4;n03876231.pkl:6
convnext,2029,1005,-,1,0,0,0,0.0009000900090009,0.0,0.0009000900090009,0.0,0.0,1.0,class=925:n07584110.pkl:554
convnext,2030,1006,-,167,111,74,42,0.1250729799896121,0.20499166923300496,0.06023621108934892,0.13850566468655007,0.733115316304162,0.03764746968664289,class=108:n01914609.pkl:0;n01914609.pkl:1;n01914609.pkl:2|class=926:n07590611.pkl:0;n07590611.pkl:1;n07590611.pkl:3|class=856:n04428191.pkl:1;n04428191.pkl:2;n04428191.pkl:5
convnext,2032,1008,-,55,32,14,7,0.07138533232167067,0.1264400943002245,0.01672055520539264,0.03364974092513396,0.7209076825270191,0.09181937521233746,class=616:n03627232.pkl:4;n03627232.pkl:17;n03627232.pkl:21|class=311:n02226429.pkl:13;n02226429.pkl:53;n02226429.pkl:58|class=257:n02111500.pkl:9;n02111500.pkl:15;n02111500.pkl:23
convnext,2033,1009,-,85,51,34,12,0.1010268066405115,0.18836842153852382,0.038278707153111116,0.11443549753551815,0.642935919234308,0.11690957290939022,class=723:n03944341.pkl:0;n03944341.pkl:1;n03944341.pkl:3|class=54:n01729322.pkl:5;n01729322.pkl:7;n01729322.pkl:10|class=465:n02916936.pkl:1;n02916936.pkl:2;n02916936.pkl:4
convnext,2034,1010,-,73,40,24,8,0.06677759785043702,0.1590717990405391,0.028097624399971665,0.09455404659476524,0.5953429535558185,0.1688294809317128,class=877:n04501370.pkl:0;n04501370.pkl:2;n04501370.pkl:3|class=349:n02415577.pkl:2;n02415577.pkl:16;n02415577.pkl:19|class=341:n02395406.pkl:6;n02395406.pkl:7;n02395406.pkl:11
convnext,2035,1011,-,12,6,4,1,0.06562134140277372,0.09923970351748028,0.014047794548210243,0.0247714237106931,0.6008071715378812,0.3424553982338065,class=895:n04552348.pkl:8;n04552348.pkl:17;n04552348.pkl:22|class=403:n02687172.pkl:69;n02687172.pkl:97;n02687172.pkl:144|class=328:n02319095.pkl:17;n02319095.pkl:57;n02319095.pkl:68
convnext,2036,1012,-,18,9,6,2,0.09632360539649637,0.17698163334557618,0.03215421679652939,0.08320573697151286,0.4604531795671189,0.4275685986096195,class=554:n03344393.pkl:0;n03344393.pkl:1;n03344393.pkl:2|class=581:n03459775.pkl:62;n03459775.pkl:63;n03459775.pkl:91|class=942:n07717556.pkl:17;n07717556.pkl:24;n07717556.pkl:29
convnext,2037,1013,-,52,36,16,4,0.08672779281578159,0.16630850549549894,0.026095927708396898,0.07289379360746186,0.5968383023342714,0.16927948429521214,class=95:n01843065.pkl:0;n01843065.pkl:1;n01843065.pkl:2|class=307:n02177972.pkl:2;n02177972.pkl:5;n02177972.pkl:7|class=607:n03590841.pkl:4;n03590841.pkl:13;n03590841.pkl:23
convnext,2038,1014,-,94,52,27,5,0.05973319593744957,0.09649247539092333,0.011190048634200707,0.020568189422240726,0.7994478784208991,0.0465801393863372,class=937:n07714990.pkl:0;n07714990.pkl:11;n07714990.pkl:33|class=923:n07579787.pkl:18;n07579787.pkl:21;n07579787.pkl:25|class=119:n01978455.pkl:13;n01978455.pkl:40;n01978455.pkl:50
convnext,2039,1015,-,69,46,17,9,0.08818442610102453,0.16268916620064164,0.02729068632616392,0.07475079156514519,0.6452468799861021,0.12322380453282494,class=439:n02817516.pkl:2;n02817516.pkl:3;n02817516.pkl:4|class=346:n02408429.pkl:0;n02408429.pkl:11;n02408429.pkl:12|class=404:n02690373.pkl:0;n02690373.pkl:6;n02690373.pkl:11
convnext,2040,1016,-,58,46,25,11,0.11679574800061264,0.17199795173040286,0.038292491134853425,0.07671398541772652,0.7206860539199816,0.08643942939619238,class=24:n01622779.pkl:0;n01622779.pkl:1;n01622779.pkl:2|class=568:n03404251.pkl:7;n03404251.pkl:9;n03404251.pkl:11|class=644:n03729826.pkl:2;n03729826.pkl:3;n03729826.pkl:17
convnext,2041,1017,-,1,0,0,0,0.005537974683544304,0.0,0.0007911392405063291,0.0,0.0,1.0,class=489:n03000134.pkl:498
convnext,2042,1018,-,104,67,39,21,0.12900242444503757,0.22129409859694546,0.06027846590245018,0.13899774641315796,0.6833610597595312,0.060743265996952504,class=148:n02071294.pkl:0;n02071294.pkl:1;n02071294.pkl:2|class=360:n02444819.pkl:0;n02444819.pkl:3;n02444819.pkl:4|class=268:n02113978.pkl:0;n02113978.pkl:1;n02113978.pkl:2
convnext,2043,1019,-,15,9,5,4,0.12326070864545795,0.1683391155677239,0.028148001786668608,0.04369434435111247,0.6205361993128341,0.22731049860381441,class=690:n03868242.pkl:0;n03868242.pkl:12;n03868242.pkl:19|class=525:n03160309.pkl:17;n03160309.pkl:24;n03160309.pkl:27|class=798:n04238763.pkl:0;n04238763.pkl:13;n04238763.pkl:15
convnext,2044,1020,-,80,34,16,2,0.03318937634229914,0.06899239651152612,0.009897685738278528,0.023612789777245836,0.7284443422236573,0.08364383851059704,class=838:n04357314.pkl:10;n04357314.pkl:14;n04357314.pkl:29|class=686:n03843555.pkl:4;n03843555.pkl:11;n03843555.pkl:25|class=960:n07836838.pkl:14;n07836838.pkl:45;n07836838.pkl:46
convnext,2045,1021,-,16,11,5,4,0.13067031127577816,0.2128364591169307,0.04852828997769333,0.093188213864918,0.537530095671097,0.29296873422892167,class=547:n03272562.pkl:2;n03272562.pkl:4;n03272562.pkl:5|class=321:n02276258.pkl:1;n02276258.pkl:10;n02276258.pkl:11|class=896:n04553703.pkl:9;n04553703.pkl:23;n04553703.pkl:54
convnext,2046,1022,-,9,5,2,0,0.06725387808597633,0.09736860679783026,0.009688550402915193,0.010693474245013757,0.7632808613168406,0.24646711999212084,class=500:n03042490.pkl:32;n03042490.pkl:54;n03042490.pkl:115|class=3:n01491361.pkl:83;n01491361.pkl:91;n01491361.pkl:104|class=951:n07749582.pkl:113;n07749582.pkl:237;n07749582.pkl:261
convnext,2047,1023,-,65,32,16,7,0.06845026978874755,0.12200662833760202,0.01738948317310788,0.03798003453428994,0.6924370071739044,0.08877243834290433,class=685:n03841143.pkl:2;n03841143.pkl:8;n03841143.pkl:13|class=546:n03272010.pkl:3;n03272010.pkl:6;n03272010.pkl:8|class=670:n03791053.pkl:11;n03791053.pkl:13;n03791053.pkl:25
